country,venue_fbref_name,canonical_name,city,lat,lon,coordinate_source,reported_elevation_m,elevation_source,dem_elevation_m,dem_window_min_max,agreement_note,notes,confidence,agent,source_kind
BOL,Estadio Bicentenario de Villa Tunari,Estadio Bicentenario de Villa Tunari,"Villa Tunari (Chapare, Cochabamba dept.)",-16.9722,-65.4222,"model recall, town centroid proxy for Villa Tunari (stadium point not verified; no web access)",300.0,"Villa Tunari town altitude commonly cited ~300 msnm (recall, unverified)",310.0,308-316,DEM 310 m vs ~300 m cited: agree. Town sits on flat Chapare lowland so the stadium (on the town outskirts) will be within a few metres of this.,"Atlético Palmaflor's 2023 home (12 matches) after moving from Cochabamba/Quillacollo. Stadium built for the 2010 Bicentenario in Villa Tunari, Chapare tropics. Coordinates are the town centre, not the stadium footprint.",low,venues:BOL,batch
BOL,Estadio Defensores del Chaco,"UNRESOLVED / probable FBref data error - best resolution: Petrolero del Chaco 2017 home ground, Estadio Federico Ibarra Olarte, Villa Montes",Villa Montes (Tarija dept.) - best guess,-21.2622,-63.4708,"model recall, Villa Montes town centroid proxy (best-guess resolution, not verified)",400.0,"Villa Montes town altitude commonly cited ~400 msnm (recall, unverified)",385.0,384-393,DEM 385 m vs ~400 m: agree for the town proxy. Not meaningful as a stadium check because the venue itself is unresolved.,"Single match: Petrolero 2-0 San José, 2017-02-19 (Torneo Apertura 2017). 'Estadio Defensores del Chaco' is the national stadium of Paraguay (Asunción) and cannot be a Bolivian league home ground; FBref almost certainly mis-mapped a Chaco-region venue. Petrolero's other 2017 home matches are listed at Estadio Federico Ibarra Olarte (Villa Montes), so the same ground is the most likely real venue; alternatives would be Estadio Provincial de Yacuiba (~630 m) or a Camiri ground. All candidates are lowland (385-635 m); Asunción would be ~80 m. Treat coordinates as a placeholder.",low,venues:BOL,batch
BOL,Estadio Dr. Carlos Villegas,Estadio Dr. Carlos Villegas (Bulo Bulo / Entre Ríos municipality),"Bulo Bulo, Entre Ríos municipality (Carrasco province, Cochabamba dept.)",-17.2333,-64.3667,"model recall, Bulo Bulo town centroid proxy (stadium point not verified; no web access)",,no verified figure available offline; Bulo Bulo/Entre Ríos area lies at ~240-270 m (Chapare lowland),245.0,229-251,"No cited figure to compare. DEM 245 m at Bulo Bulo; nearby Entre Ríos town checked at 260 m (256-265) - whichever of the two hosts the stadium, altitude is ~250 m.","San Antonio Bulo Bulo's 2025 home ground (7 matches). Named after Dr. Carlos Villegas Quiroga (YPFB president, d. 2015; the Bulo Bulo urea plant was his project), consistent with a YPFB-funded municipal stadium in Bulo Bulo. I could not verify offline whether it is in Bulo Bulo itself or in the municipal seat Entre Ríos (~5 km west, 260 m); both are flat lowland so the altitude conclusion is unaffected.",low,venues:BOL,batch
BOL,Estadio Edgar Peña Gutierrez,Estadio Edgar Peña Gutiérrez,Santa Cruz de la Sierra,-17.7833,-63.1821,"model recall, Santa Cruz de la Sierra city centroid proxy (stadium point not verified; no web access)",,no stadium-specific figure verified offline; Santa Cruz de la Sierra is cited at ~416 msnm,424.0,422-433,"City proxy DEM 424 m; the whole urban area is flat at ~410-435 m, so the stadium altitude is ~420 m regardless of the exact site.","Secondary Santa Cruz stadium used by Sport Boys Warnes (2017 principal venue, 21 matches), Royal Parí (2) and Destroyers (1). I could not verify offline which barrio it is in, so coordinates are the city centre. Altitude is robust; the point is not.",low,venues:BOL,batch
BOL,Estadio Federico Ibarra Olarte,Estadio Federico Ibarra Olarte,"Villa Montes (Gran Chaco province, Tarija dept.)",-21.2622,-63.4708,"model recall, Villa Montes town centroid proxy (stadium point not verified; no web access)",400.0,"Villa Montes town altitude commonly cited ~400 msnm (recall, unverified)",385.0,384-393,DEM 385 m vs ~400 m: agree. Villa Montes is flat Chaco plain so the stadium will be within ~10 m of this.,"Petrolero del Chaco's 2017 principal venue (27 matches) while the Yacuiba stadium was unavailable; my recall places this stadium in Villa Montes, ~90 km north of Yacuiba. If it were instead in Yacuiba the altitude would be ~630 m (see Estadio Provincial de Yacuiba) - still lowland either way.",low,venues:BOL,batch
BOL,Estadio Félix Capriles,Estadio Félix Capriles,Cochabamba,-17.3776,-66.1616,"model recall of stadium location (north of city centre), DEM-validated; no web access",2558.0,"commonly cited stadium altitude 2,558 msnm (Wikipedia/press; recalled, not re-verified)",2575.0,2571-2595,"DEM 2575 m vs 2558 m cited: +17 m, agree. City centre check gave 2576 m.","Main Cochabamba stadium; home of Wilstermann (161), Aurora (111), Atlético Palmaflor (45), FC Universitario (39). 362 matches.",medium,venues:BOL,batch
BOL,Estadio Gilberto Parada,Estadio Gilberto Parada,Montero (Santa Cruz dept.),-17.34,-63.2545,"model recall, approximate stadium position in Montero (within ~500 m of town centre), DEM-validated; no web access",300.0,"Montero town altitude commonly cited ~300 msnm (recall, unverified)",300.0,297-304,"DEM 300 m vs 300 m: agree; town centre check 297 m. Flat terrain, point uncertainty irrelevant for altitude.","Home of Guabirá (152 matches); also used by Blooming (7, 2025 principal venue), Royal Parí (6), Oriente Petrolero (6). 175 matches.",medium,venues:BOL,batch
BOL,Estadio Gran Mamoré,Estadio Gran Mamoré,Trinidad (Beni dept.),-14.8432,-64.9067,"model recall, approximate stadium position in Trinidad, DEM-validated; no web access",155.0,"commonly cited altitude 155 msnm for Trinidad / the stadium (recall, unverified)",159.0,154-160,DEM 159 m vs 155 m: agree; town centre check 159 m. Flat Beni plain.,"Home of Libertad Gran Mamoré FC (16 matches, 2023) and one Universitario (B) match in 2016. 17 matches.",medium,venues:BOL,batch
BOL,Estadio Hernando Siles,Estadio Hernando Siles,La Paz (Miraflores),-16.4992,-68.1227,"model recall of stadium location (Miraflores, La Paz), DEM-validated; no web access",3637.0,"commonly cited stadium altitude 3,637 msnm (Wikipedia/FIFA; recalled, not re-verified)",3597.0,3589-3610,"DEM 3597 m vs 3637 m cited: -40 m, within tolerance; small flat window confirms the point is on the stadium terrace, not a canyon slope.","Bolivia's national stadium; home of Bolívar (178), The Strongest (172), Always Ready (8), Oriente Petrolero (1). 360 matches.",high,venues:BOL,batch
BOL,Estadio Huancayo,"FBref DATA ERROR - best resolution: Estadio IV Centenario, Tarija (Ciclón's home ground)",Tarija (best-guess),-21.53,-64.733,"best-guess resolution to Ciclón's home ground (Estadio IV Centenario, Tarija); coordinates from model recall, DEM-validated; no web access",1854.0,"Tarija / Estadio IV Centenario commonly cited ~1,854 msnm (recall, unverified)",1882.0,1874-1891,"DEM 1882 m vs 1854 m: +28 m, agree for the resolved venue. Meaningless as a check on 'Estadio Huancayo' itself, which is in Peru (~3,250 m).","Two Ciclón home matches (vs Bolívar 2016-02-28, att. 8,000; vs Oriente Petrolero 2016-03-12). Estadio Huancayo is in Huancayo, Peru and cannot be a Bolivian league home venue; FBref mis-mapped the venue. Ciclón (Tarija) played its other 2015-16 home matches at 'La Bombonera'/IV Centenario, so IV Centenario is the most probable real venue. If the club actually played these two matches elsewhere (e.g. Bermejo ~400 m or Yacuiba ~630 m), the altitude would differ; flag for the parent.",low,venues:BOL,batch
BOL,Estadio IV Centenario,Estadio IV Centenario,Tarija,-21.53,-64.733,"model recall, approximate stadium position NW of Tarija centre (~500 m uncertainty), chosen among nearby DEM test points on the flat terrace; no web access",1854.0,"commonly cited altitude 1,854 msnm (Tarija city figure also used for the stadium; some sources 1,866); recall, unverified",1882.0,1874-1891,"DEM 1882 m vs 1854 m: +28 m, agree. Tarija centre check 1870 m; the hillside NW rises to 1910 m within 500 m, so the exact point matters by ~30 m only.","Home of Real Tomayapo (61), Ciclón (5), Avilés Industrial (1). 67 matches. Also the resolved venue for FBref's 'Estadio La Bombonera' and 'Estadio Huancayo' Ciclón records.",medium,venues:BOL,batch
BOL,Estadio Jesús Bermúdez,Estadio Jesús Bermúdez,Oruro,-17.9605,-67.1128,model recall of stadium location (west edge of Oruro centre at the foot of the San Felipe hills); among recalled candidates the DEM-flat one was chosen; no web access,3735.0,"commonly cited stadium altitude 3,735 msnm (Wikipedia; recalled, not re-verified)",3733.0,3721-3783,DEM 3733 m vs 3735 m: agree. An alternate recalled point 600 m further west gave 3788 m (hillside) and was rejected; Oruro centre is 3718 m.,"Home of San José (130), GV San José (10), Real Oruro (10). 150 matches.",medium,venues:BOL,batch
BOL,Estadio Juan Carlos Durán,Estadio Juan Carlos Durán (Real Santa Cruz ground; same venue FBref later labels 'Estadio Real Santa Cruz'),Santa Cruz de la Sierra,-17.7833,-63.1821,"model recall, Santa Cruz de la Sierra city centroid proxy (stadium point not verified; no web access)",,no stadium-specific figure verified offline; Santa Cruz de la Sierra is cited at ~416 msnm,424.0,422-433,"City proxy DEM 424 m; entire urban area is flat 410-435 m, so the stadium altitude is ~420 m whatever the exact site.","Real Santa Cruz's home 2018-2020 (9 matches) plus Royal Parí (1) and Blooming (1, 31 Dec 2020). From 2021 FBref lists Real Santa Cruz's home as 'Estadio Real Santa Cruz' - almost certainly the same club ground renamed/relabelled; treat the two records as one venue.",low,venues:BOL,batch
BOL,Estadio La Bombonera,"Estadio IV Centenario, Tarija (FBref label 'La Bombonera' for Ciclón's 2015 Apertura home matches)",Tarija,-21.53,-64.733,"resolved to Estadio IV Centenario (see that record); coordinates from model recall, DEM-validated; no web access",1854.0,"commonly cited altitude of Tarija / Estadio IV Centenario ~1,854 msnm (recall, unverified)",1882.0,1874-1891,"DEM 1882 m vs 1854 m: +28 m, agree for the resolved venue.","14 Ciclón home matches, 2015 Apertura to 2016 Clausura, with attendances up to 15,000 (vs Petrolero) and 10,000 (vs San José) - only Tarija's IV Centenario has that capacity, and Ciclón is a Tarija club with no ground of its own. 'La Bombonera' is not a distinct stadium; FBref used a nickname/alternate label. If the parent prefers, keep the label but map it to IV Centenario.",medium,venues:BOL,batch
BOL,Estadio Libertador Simón Bolívar,Estadio Libertador Simón Bolívar (Tembladerani),La Paz (Tembladerani),-16.5072,-68.1483,"model recall of stadium location on the Tembladerani hillside, west La Paz (uncertainty ~300 m on a steep slope); no web access",,"no reliable figure verified offline; press/Wikipedia figures I recall range ~3,650-3,700 msnm but I cannot confirm them",3856.0,3805-3915,"DEM 3856 m at the recalled point (7x7 grid scan shows the hillside rising ~40 m per 250 m westward: 3663 m at lon -68.140 up to 4080 m at -68.155). If the commonly cited ~3,650 m figure is right the stadium would sit ~400 m further east/downhill than my point; the true value is therefore somewhere in 3,700-3,860 m. Flagged as a >80 m disagreement that needs a web-verified coordinate.","Bolívar's own stadium (3 matches 2017-2018: vs Real Potosí, Universitario, Oriente Petrolero). Higher than Hernando Siles in any case (west slope of the La Paz bowl).",low,venues:BOL,batch
BOL,Estadio Municipal El Alto,Estadio Municipal de El Alto (Estadio de Villa Ingenio),"El Alto (Villa Ingenio, north-east El Alto)",-16.47,-68.17,"model recall (Villa Ingenio zone, east of Av. Juan Pablo II beyond the Río Seco tranca), placed on the flat altiplano cell of a 7x8 DEM grid scan; exact stadium footprint not verified; no web access",4083.0,"widely cited stadium altitude 4,083 msnm (some sources 4,090); recalled, not re-verified",4175.0,4164-4188,"DEM 4175 m vs 4083 m cited: +92 m, slightly over the 80 m tolerance. Grid scan: the flat altiplano east of Av. Juan Pablo II reads 4100-4190 m (rising northwards), the canyon rim 500 m east drops to 3850-4030 m. El Alto airport sanity check reads 4047 m. So either the stadium sits ~1 km further south/west than my point (where SRTM reads ~4,100-4,130 m) or the quoted 4,083 m is a rounded city figure. Altitude band >=4,050 m is certain; exact point is not.","Home of Always Ready (91) and ABB (11); 102 matches 2019-2025. Highest professional stadium in the dataset. Needs a web-verified coordinate to settle the 4,083 vs 4,175 m question.",low,venues:BOL,batch
BOL,Estadio Municipal de Colcapirhua,Estadio Municipal de Colcapirhua,Colcapirhua (Cochabamba metro),-17.4056,-66.2447,"model recall, Colcapirhua town centroid proxy (stadium point not verified; no web access)",,"no verified figure offline; Cochabamba valley floor at Colcapirhua is ~2,545-2,550 msnm",2547.0,2544-2551,"No cited figure. DEM 2547 m on flat valley floor (window 7 m), so the stadium anywhere in Colcapirhua is ~2,545-2,555 m.","3 matches: Aurora vs Guabirá (2018-09-16), Atlético Palmaflor vs Guabirá and vs FC Universitario (March 2022). Colcapirhua lies between Cochabamba and Quillacollo on Av. Blanco Galindo.",low,venues:BOL,batch
BOL,Estadio Municipal de Quillacollo,Estadio Municipal de Quillacollo,Quillacollo (Cochabamba dept.),-17.3939,-66.2803,"model recall, Quillacollo town centroid proxy (stadium point not verified; no web access)",2536.0,"Quillacollo town altitude commonly cited 2,536 msnm (recall, unverified)",2557.0,2554-2561,"DEM 2557 m vs 2536 m: +21 m, agree. Flat valley floor; stadium anywhere in town is ~2,550 m.",11 matches 2022-2023: Atlético Palmaflor (7) and FC Universitario (4).,low,venues:BOL,batch
BOL,Estadio Municipal de Sacaba,Estadio Municipal de Sacaba,Sacaba (Cochabamba dept.),-17.404,-66.04,"model recall, Sacaba town centroid proxy (stadium point not verified; no web access); a second test point 800 m NE read 2723 m",2700.0,"Sacaba town altitude commonly cited ~2,700 msnm (2,712 in some sources); recall, unverified",2721.0,2713-2724,"DEM 2721 m vs ~2,700 m: agree. Gently sloping valley floor, so stadium altitude is ~2,715-2,730 m.","31 matches 2017-2022: Wilstermann (18), Aurora (8), FC Universitario (3), Universitario (2) - used when Félix Capriles was unavailable. ~150 m higher than Félix Capriles.",low,venues:BOL,batch
BOL,Estadio Olímpico Pascual Guerrero,"FBref DATA ERROR - best resolution: Estadio Olímpico Patria, Sucre (Universitario de Sucre's home ground)",Sucre (best-guess),-19.0447,-65.2569,"best-guess resolution to Universitario de Sucre's home ground (Estadio Olímpico Patria); coordinates from model recall, DEM-validated; no web access",2800.0,"commonly cited altitude of Estadio Olímpico Patria ~2,800 msnm (recall, unverified)",2806.0,2795-2816,"DEM 2806 m vs 2,800 m: agree for the resolved venue. Meaningless as a check on the Pascual Guerrero stadium itself (Cali, Colombia, ~1,000 m).","Single match: Universitario (de Sucre) 1-1 Destroyers, 2018-04-01, 2018 group stage. Estadio Olímpico Pascual Guerrero is in Cali, Colombia and cannot be the real venue; FBref probably mis-matched 'Estadio Olímpico ...'. Universitario's other 2018 home matches were at Estadio Olímpico Patria.",low,venues:BOL,batch
BOL,Estadio Olímpico Patria,Estadio Olímpico Patria,Sucre,-19.0447,-65.2569,"model recall of stadium location (south-east of Sucre centre, by Parque Bolívar), DEM-validated; no web access",2800.0,"commonly cited stadium altitude 2,800 msnm (2,790 in some sources); recalled, not re-verified",2806.0,2795-2816,"DEM 2806 m vs 2,800 m: agree. An alternate recalled point 600 m NE gave 2835 m; Sucre centre 2794 m.","Home of Universitario de Sucre (74), Independiente Petrolero (60), Univ de Sucre (21), Sport Boys (1). 159 matches.",medium,venues:BOL,batch
BOL,Estadio Provincial de Yacuiba,Estadio Provincial de Yacuiba (Estadio Provincial Gran Chaco),Yacuiba (Tarija dept.),-22.0143,-63.6809,"model recall, approximate stadium position in Yacuiba (within ~500 m of town centre), DEM-validated; no web access",620.0,"Yacuiba town altitude commonly cited ~620 msnm (recall, unverified)",633.0,627-637,DEM 633 m vs ~620 m: agree; town centre check 628 m. Flat.,Petrolero del Chaco's 2016 principal venue (29 matches).,medium,venues:BOL,batch
BOL,Estadio Rafael Mendoza Castellón,Estadio Rafael Mendoza Castellón,"La Paz (Achumani, Zona Sur)",-16.5405,-68.0725,"model recall of stadium location in Achumani, Zona Sur of La Paz, DEM-validated; no web access",3300.0,"commonly cited altitude ~3,300 msnm for the Achumani stadium (recall, unverified; some sources 3,340)",3382.0,3365-3406,"DEM 3382 m vs ~3,300 m: +82 m, borderline. Achumani valley floor reads 3,365-3,385 m at two recalled points, so the stadium is very likely 3,350-3,390 m and the 3,300 figure is probably rounded low. Zona Sur is ~250 m lower than Hernando Siles either way.",The Strongest's own stadium; 8 matches 2017-2022.,medium,venues:BOL,batch
BOL,Estadio Ramón Aguilera Costas,Estadio Ramón 'Tahuichi' Aguilera Costas,Santa Cruz de la Sierra,-17.8036,-63.1874,"model recall of stadium location (south-west of centre, by the 2nd ring), DEM-validated; no web access",416.0,"commonly cited stadium/city altitude 416 msnm (recall, unverified)",430.0,427-435,"DEM 430 m vs 416 m: +14 m, agree. City centre check 424 m; flat.","Main Santa Cruz stadium; home of Oriente Petrolero (169), Blooming (167), Royal Parí (103), Destroyers (46). 499 matches. Also the resolved venue for the 'Merkur Arena' data-error record.",medium,venues:BOL,batch
BOL,Estadio Real Santa Cruz,Estadio Real Santa Cruz (Real Santa Cruz club ground; same venue as FBref's 'Estadio Juan Carlos Durán'),Santa Cruz de la Sierra,-17.7833,-63.1821,"model recall, Santa Cruz de la Sierra city centroid proxy (stadium point not verified; no web access)",,no stadium-specific figure verified offline; Santa Cruz de la Sierra is cited at ~416 msnm,424.0,422-433,City proxy DEM 424 m; the urban area is flat 410-435 m so the stadium altitude is ~420 m regardless of exact site.,Real Santa Cruz's home 2021-2025 (41 matches) plus Blooming (1) and Oriente Petrolero (1). Same club ground FBref labelled 'Estadio Juan Carlos Durán' in 2018-2020; treat as one venue.,low,venues:BOL,batch
BOL,Estadio Roberto Jordan Cuellár,Estadio Roberto Jordán Cuéllar,Cobija (Pando dept.),-11.0267,-68.7692,"model recall, Cobija city centroid proxy (stadium point not verified; no web access)",235.0,"Cobija city altitude commonly cited ~235 msnm (some sources 280); recall, unverified",200.0,194-224,"DEM 200 m at the city-centre proxy (which lies near the Río Acre floodplain) vs ~235 m cited; a second point 800 m SE reads 237 m (227-241). The stadium is on the higher town terrace, so ~230-240 m is the better estimate; disagreement is due to the proxy point, not a wrong city.",Club Vaca Díez's 2023 home ground (16 matches). Cobija is the Pando capital on the Brazilian border.,low,venues:BOL,batch
BOL,Estadio Samuel Vaca Jimenez,Estadio Samuel Vaca Jiménez,Warnes (Santa Cruz dept.),-17.5143,-63.1618,"model recall, approximate stadium position in Warnes (within ~500 m of town centre), DEM-validated; no web access",,no verified stadium figure offline; Warnes town is cited at ~300-340 msnm,337.0,333-339,"No firm cited figure; DEM 337 m at recalled point, 339 m at town centre. Flat.","Sport Boys Warnes' home 2016, 2018, 2019 (79 matches); also Guabirá (1), Destroyers (1). 81 matches.",medium,venues:BOL,batch
BOL,Estadio Victor Agustín Ugarte,Estadio Víctor Agustín Ugarte,Potosí,-19.5745,-65.7486,"model recall of stadium location (north of Potosí centre, Av. Universitaria area), DEM-validated; no web access",3960.0,"commonly cited stadium altitude 3,960 msnm (some sources 3,900); recalled, not re-verified",3926.0,3907-3952,"DEM 3926 m vs 3,960 m: -34 m, agree. Alternate recalled point near the city centre reads 3979 m (3962-3998); Potosí centre 3970 m. Stadium is 3,900-3,980 m whichever point is right.","Home of Nacional Potosí (176) and Real Potosí (132); also Blooming (1), Sport Boys (1). 310 matches. Second-highest venue in the dataset after Villa Ingenio.",medium,venues:BOL,batch
BOL,Merkur Arena,"FBref DATA ERROR - best resolution: Estadio Ramón 'Tahuichi' Aguilera Costas, Santa Cruz de la Sierra (Destroyers' home ground)",Santa Cruz de la Sierra (best-guess),-17.8036,-63.1874,"best-guess resolution to Destroyers' home ground (Tahuichi Aguilera); coordinates from model recall, DEM-validated; no web access",416.0,"commonly cited altitude of Estadio Tahuichi Aguilera / Santa Cruz 416 msnm (recall, unverified)",430.0,427-435,"DEM 430 m vs 416 m: agree for the resolved venue. Meaningless as a check on Merkur Arena itself (Graz, Austria, ~350 m).","Single match: Destroyers 1-0 Universitario (de Sucre), 2018-02-10, 2018 group stage. Merkur Arena is in Graz, Austria and cannot be the real venue; FBref mis-mapped it. Destroyers' 2017-2019 principal venue was Estadio Ramón Aguilera Costas (Tahuichi), the most probable real venue. Any Santa Cruz ground would be ~420 m anyway.",low,venues:BOL,batch
COL,Estadio Alberto Grisales,Estadio Alberto Grisales,Rionegro (Antioquia),6.1466776,-75.3727535,"Wikidata P625 via miguelgfierro/ai_projects stadiums_wikidata.csv (Leones F.C. -> Estadio Alberto Grisales, Point(-75.3727535 6.1466776)); cross-check cjabradshaw/sportdiv data/dat.csv 6.14687,-75.37197 (DEM 2096 m)",2125.0,"Rionegro (Antioquia) municipality, pt.wikipedia infobox '|altitude={{formatnum:2125}}' (CarwilB/wiki-graph dump); en.wikipedia text: territory 2,100-2,600 m",2082.0,2078-2118,"DEM 2082 vs reported 2125 (city figure): -43 m, within tolerance; coordinates accepted.",Home of Rionegro Aguilas / Aguilas Doradas. Stadium on the Rionegro plateau (Altiplano del Oriente Antioqueno).,high,venues:COL-a,batch
COL,Estadio Alfonso Lastras Ramírez,Estadio Alfonso López (Bucaramanga) [FBref data error],Bucaramanga,7.13658889,-73.11658889,"Resolved to Estadio Alfonso Lopez: Wikidata P625 via miguelgfierro/ai_projects stadiums_wikidata.csv (Atletico Bucaramanga -> Estadio Alfonso Lopez, Point(-73.11658889 7.13658889))",959.0,Bucaramanga en.wikipedia infobox elevation_m = 959 and pt.wikipedia altitude = 959 (CarwilB/wiki-graph dump),1017.0,993-1029,"DEM 1017 vs reported 959 (city): +58 m, within tolerance (stadium is on the edge of the Bucaramanga meseta).","DATA ERROR in FBref: 'Estadio Alfonso Lastras (Ramirez)' is Atletico San Luis's stadium in San Luis Potosi, Mexico (Wikidata Point(-100.950864 22.138706); DEM there 1853 m, window 1853-1868). The single row (2016-01-31, CA Bucaramanga home vs Independiente Medellin) is a Bucaramanga home league match, actually played at Estadio Alfonso Lopez, Bucaramanga; FBref most likely mis-matched the 'Alfonso' name. Coordinates/elevation given here are for Alfonso Lopez. If the literal Mexican stadium is wanted instead: lat 22.138706, lon -100.950864, DEM 1853 m.",medium,venues:COL-a,batch
COL,Estadio Alfonso López,Estadio Alfonso López (since 2022 Estadio Américo Montanini),Bucaramanga,7.13658889,-73.11658889,"Wikidata P625 via miguelgfierro/ai_projects stadiums_wikidata.csv (Atletico Bucaramanga / Real Santander -> Estadio Alfonso Lopez, Point(-73.11658889 7.13658889))",959.0,Bucaramanga en.wikipedia infobox elevation_m = 959; pt.wikipedia altitude = 959 (CarwilB/wiki-graph dump),1017.0,993-1029,"DEM 1017 vs reported 959 (city): +58 m, within tolerance; coordinates accepted.",Same physical stadium as 'Estadio Americo Montanini' (renamed 2022). Home of Atletico Bucaramanga; AD Cali 1 match as neutral/alternate venue.,high,venues:COL-a,batch
COL,Estadio Américo Montanini,Estadio Américo Montanini (ex Estadio Alfonso López),Bucaramanga,7.13658889,-73.11658889,"Same stadium as Estadio Alfonso Lopez: Wikidata P625 via miguelgfierro/ai_projects stadiums_wikidata.csv Point(-73.11658889 7.13658889); rename confirmed by zarkobeats venues.csv ('Estadio Americo Montanini, Bucaramanga') and dsrojo10 FPC match CSVs",959.0,Bucaramanga en.wikipedia infobox elevation_m = 959 (CarwilB/wiki-graph dump),1017.0,993-1029,"DEM 1017 vs reported 959 (city): +58 m, within tolerance.",FBref switched the venue name from 'Estadio Alfonso Lopez' to 'Estadio Americo Montanini' from 2022; identical location. Both entries should map to one venue.,high,venues:COL-a,batch
COL,Estadio Armando Maestre Pavajeau,Estadio Armando Maestre Pavajeau,Valledupar,10.465744,-73.249336,"Wikidata P625 via miguelgfierro/ai_projects stadiums_wikidata.csv (Valledupar F.C. -> Point(-73.249336 10.465744)); cross-check kentang2017/kinastro 10.4636,-73.2536 (DEM 166 m)",168.0,Valledupar en.wikipedia infobox elevation_m = 168 (CarwilB/wiki-graph dump),170.0,160-176,"DEM 170 vs reported 168: +2 m, excellent agreement.",Home of Alianza FC since its 2024 move from Barrancabermeja to Valledupar; Union Magdalena 1 match.,high,venues:COL-a,batch
COL,Estadio Armando Tuirán Paternina,Estadio Armando Tuirán Paternina,Sahagún (Córdoba),8.943048,-75.445834,"NOT stadium-specific: Sahagun municipal-seat coordinates from DANE-style municipality list corpofuturo/siagrd-meta database/gen_016.mjs (23660 SAHAGUN, -75.445834, 8.943048); cross-check jhonhoga/dashboard-licitaciones 8.95,-75.45. No GitHub-indexed dataset gives the stadium point.",71.0,Sahagun (Colombia) es.wikipedia infobox '| altitud = 71' (CarwilB/wiki-graph dump),80.0,72-83,"DEM 80 vs reported 71: +9 m. Town is on flat Caribbean lowland, so the elevation is robust even though the point is the town centre rather than the stadium (a rejected alternative, facturascripts ciudades.csv 8.79717,-75.44242, is 16 km south and gives 120 m).",Used once (2018-02-11) by Jaguares de Cordoba vs La Equidad while Estadio Jaraguay (Monteria) was unavailable. Position accurate to roughly +/-2 km (within the small town); elevation reliable.,medium,venues:COL-a,batch
COL,Estadio Arturo Cumplido Sierra,Estadio Arturo Cumplido Sierra,Sincelejo,9.3082,-75.3986,"ILuuI/sucre-governorate js/data.js ('Estadio Arturo Cumplido Sierra', estadioCoords lat 9.3082, lng -75.3986); city confirmed by zarkobeats venues.csv and dsrojo10 FPC CSVs",213.0,Sincelejo es.wikipedia infobox '| altitud = 213' (CarwilB/wiki-graph dump),220.0,203-221,"DEM 220 vs reported 213: +7 m, good agreement; coordinates accepted.",Temporary home of Aguilas Doradas (FBref 'Rionegro') in 2024-2025 while away from Rionegro. Coordinate source is a community repo (not Wikidata) but DEM-consistent.,medium,venues:COL-a,batch
COL,Estadio Atanasio Girardot,Estadio Atanasio Girardot,Medellín,6.2568,-75.590172,"Wikidata P625 via miguelgfierro/ai_projects stadiums_wikidata.csv (Atletico Nacional -> Atanasio Girardot Sports Complex, Point(-75.590172 6.2568)); cross-check AriadneMK dataset 6.2568,-75.5902",1495.0,Medellin en.wikipedia infobox elevation_m = 1495 (CarwilB/wiki-graph dump),1475.0,1469-1509,"DEM 1475 vs reported 1495: -20 m, good agreement.",Shared home of Atletico Nacional and Independiente Medellin; Santa Fe and Huila used it for isolated matches.,high,venues:COL-a,batch
COL,Estadio Bello Horizonte,"Estadio Bello Horizonte ""Rey Pelé"" (ex Estadio Manuel Calle Lombana)",Villavicencio,4.142,-73.6266,"guigalhano/jogos-chile-scraper estadios_colombia.js ('Estadio Bello Horizonte - Rey Pele', Villavicencio, Meta, lat 4.1420, lng -73.6266)",467.0,Villavicencio en.wikipedia infobox elevation_m = 467 (CarwilB/wiki-graph dump),441.0,431-445,"DEM 441 vs reported 467 (city): -26 m, within tolerance; coordinates accepted.","Stadium in Villavicencio's Villa Olimpica; renamed from Manuel Calle Lombana to Bello Horizonte (Rey Pele) in 2020 (es.wikipedia Villavicencio). Home of Llaneros FC 2025; America, Millonarios, Boyaca Chico used it as alternate venue in 2024. Coordinate source is a community list, DEM-consistent.",medium,venues:COL-a,batch
COL,Estadio Centenario,Estadio Centenario de Armenia,Armenia (Quindío),4.515307,-75.698447,"Wikidata P625 via miguelgfierro/ai_projects stadiums_wikidata.csv (Deportes Quindio -> Estadio Centenario, Point(-75.698447 4.515307))",1483.0,"Armenia, Colombia en.wikipedia text: 'located ... at a height of 1,483 m' (CarwilB/wiki-graph dump)",1401.0,1384-1414,"DEM 1401 vs reported 1483 (city centre): -82 m, at the tolerance threshold. The stadium lies in the lower southern part of Armenia (the city drops from ~1,500 m in the centre toward the south), and the 150 m DEM window is flat (1384-1414), consistent with a stadium platform; Wikidata coordinate retained.","Not the Montevideo stadium. FBref rows: Deportes Quindio 2014 and 2021 (home), Atletico Huila 2015 (8) + 2016 (1), Cucuta Deportivo 2020 (4) and America de Cali 2020 (1) all used Armenia as a temporary home venue.",medium,venues:COL-a,batch
COL,Estadio Daniel Villa Zapata,Estadio Daniel Villa Zapata,Barrancabermeja,7.06528,-73.85472,"NOT stadium-specific: Barrancabermeja urban-centre coordinates from es.wikipedia infobox mapframe latitude=7.06528 longitude=-73.85472 (CarwilB/wiki-graph dump); cross-check EngJuanSER/bga-broadband municipios_coords.py 7.0675,-73.8547 (DEM 83 m). No GitHub-indexed dataset gives the stadium point (Wikidata club->stadium dump maps Alianza Petrolera to Atanasio Girardot, evidently wrong).",75.0,"Barrancabermeja en.wikipedia infobox elevation_m = 75; es.wikipedia (Yondo, across the river) altitud 75 (CarwilB/wiki-graph dump)",82.0,79-88,"DEM 82 vs reported 75: +7 m. Barrancabermeja is flat Magdalena-valley terrain, so the elevation is robust even though the point is the city centre; the stadium is in the Villa Olimpica inside the urban area (es.wikipedia: 'Parque de las Banderas ... en la Villa Olimpica, frente al Estadio Daniel Villa Zapata').",Home of Alianza Petrolera 2015-2023 (174 matches); Bucaramanga 2 matches. Position approximate (+/-2 km); elevation reliable.,medium,venues:COL-a,batch
COL,Estadio Departamental Libertad,Estadio Departamental Libertad,Pasto,1.198011,-77.277608,"Wikidata P625 via miguelgfierro/ai_projects stadiums_wikidata.csv (Deportivo Pasto -> Point(-77.277608 1.198011)); cross-check Sofascore-style dump tabaresjuan524-ui/betappserver venueCoordinates 1.198085,-77.277895",2527.0,"Pasto, Colombia en.wikipedia infobox elevation_m = 2527 (CarwilB/wiki-graph dump)",2544.0,2541-2557,"DEM 2544 vs reported 2527: +17 m, good agreement.",Home of Deportivo Pasto; Envigado 1 match. Highest venue in this batch.,high,venues:COL-a,batch
COL,Estadio Deportivo Cali,Estadio Deportivo Cali (Estadio de Palmaseca),"Palmaseca, Palmira (Valle del Cauca)",3.521642,-76.417036,"Wikidata P625 via miguelgfierro/ai_projects stadiums_wikidata.csv (Deportivo Cali -> Estadio Palmaseca, Point(-76.417036 3.521642)). kentang2017/kinastro value 3.4299,-76.5411 rejected (that is Cali city centre, ~15 km away).",1001.0,"Palmira, Valle del Cauca en.wikipedia infobox elevation_m = 1001 (CarwilB/wiki-graph dump)",949.0,946-958,"DEM 949 vs reported 1001 (Palmira town): -52 m, within tolerance; the stadium sits on the flat Cauca valley floor near the Cali airport, slightly lower than Palmira town.","Home of Deportivo Cali (FBref 'AD Cali'), located in the Palmaseca sector of Palmira municipality, not in Cali proper.",high,venues:COL-a,batch
COL,Estadio Doce de Octubre,Estadio Doce de Octubre,Tuluá,4.074891,-76.20158,"Wikidata P625 via miguelgfierro/ai_projects stadiums_wikidata.csv (Cortulua -> Estadio Doce de Octubre, Point(-76.20158 4.074891))",960.0,Tulua en.wikipedia infobox elevation_m = 960 (CarwilB/wiki-graph dump),988.0,978-993,"DEM 988 vs reported 960: +28 m, good agreement.",Home of Cortulua; America de Cali 1 match.,high,venues:COL-a,batch
COL,Estadio Francisco Rivera Escobar,Estadio Francisco Rivera Escobar,Palmira (Valle del Cauca),3.5322,-76.3033,"guigalhano/jogos-chile-scraper estadios_colombia.js ('Estadio Francisco Rivera Escobar', Palmira, Valle del Cauca, lat 3.5322, lng -76.3033); consistent with es.wikipedia Palmira mapframe centre 3.53944,-76.30361 and with the stadium being 'in the centre of Palmira' (en.wikipedia Palmira text)",1001.0,"Palmira, Valle del Cauca en.wikipedia infobox elevation_m = 1001 (CarwilB/wiki-graph dump)",1004.0,1000-1009,"DEM 1004 vs reported 1001: +3 m, excellent agreement.","Alternate venue: Cortulua 2017-03-11 and America de Cali 2024-07-25. Coordinate source is a community list, but it matches the town centre location described by Wikipedia and the DEM.",medium,venues:COL-a,batch
COL,Estadio General Santander,Estadio General Santander,Cúcuta,7.894478,-72.501717,"Wikidata P625 via miguelgfierro/ai_projects stadiums_wikidata.csv (Cucuta Deportivo -> General Santander, Point(-72.501717 7.894478))",320.0,Cucuta en.wikipedia infobox elevation_m = 320 (CarwilB/wiki-graph dump),303.0,298-313,"DEM 303 vs reported 320: -17 m, good agreement.",Home of Cucuta Deportivo 2015-2020 (49 matches); in late 2020 Cucuta played some home games in Armenia (see Estadio Centenario).,high,venues:COL-a,batch
COL,Estadio Guillermo Plazas Alcid,Estadio Guillermo Plazas Alcid,Neiva,2.936698,-75.274286,"Wikidata P625 via miguelgfierro/ai_projects stadiums_wikidata.csv (Atletico Huila -> Estadio Guillermo Plazas Alcid, Point(-75.274286 2.936698))",442.0,"Neiva, Huila en.wikipedia infobox elevation_m = 442 (CarwilB/wiki-graph dump)",489.0,465-505,"DEM 489 vs reported 442 (city): +47 m, within tolerance; coordinates accepted.",Home of Atletico Huila (FBref 'Huila' and 'Atletico Huila' are the same club); Boyaca Patriotas and Tolima 1 match each.,high,venues:COL-a,batch
COL,Estadio Hernán Ramírez Villegas,Estadio Hernán Ramírez Villegas,Pereira,4.804804,-75.75219,"Wikidata P625 via miguelgfierro/ai_projects stadiums_wikidata.csv (Deportivo Pereira -> Estadio Hernan Ramirez Villegas, Point(-75.75219 4.804804)); API-Football dumps give address 'Villa Olimpica Pereira'. kentang2017/kinastro value 4.8133,-75.6944 rejected (Pereira city centre, not the stadium).",,No sourced figure retrieved for Pereira or the stadium (Pereira Wikipedia page not surfaced by GitHub code search before rate limits); DEM value used,1280.0,1266-1294,"No reported figure to compare. DEM 1280 m with a flat 150 m window (1266-1294) is consistent with a sports complex on the Villa Olimpica terrace west of Pereira (road to Cerritos, beyond Matecana airport), which is lower than the city centre; commonly cited Pereira city elevation (~1,400 m) could not be verified in this environment.",Home of Deportivo Pereira; Rionegro Aguilas 4 matches as alternate venue. Coordinates are Wikidata-sourced and DEM-plausible; the missing 'reported' elevation is the only gap.,high,venues:COL-a,batch
COL,Estadio Héctor El Zipa González,"Estadio Municipal Héctor ""El Zipa"" González",Zipaquirá (Cundinamarca),5.025477,-73.994444,"NOT stadium-specific: Zipaquira municipal-seat coordinates from DANE-style municipality list corpofuturo/siagrd-meta database/gen_016.mjs (25899 ZIPAQUIRA, -73.994444, 5.025477); cross-checks Appsilon/NLPShiny withNeigh_coords.csv 5.0234,-74.0021 (DEM 2609 m) and EngJuanSER/bga-broadband 5.0250,-74.0058. No GitHub-indexed dataset gives the stadium point.",2650.0,Zipaquira es.wikipedia infobox '| altitud = 2650' (CarwilB/wiki-graph dump),2590.0,2580-2596,"DEM 2590 vs reported 2650: -60 m, within tolerance. Zipaquira sits on the flat Sabana de Bogota floor (~2,580-2,610 m across all cross-check points), so the elevation is robust even though the point is the town centre rather than the stadium.","Stadium confirmed by es.wikipedia Zipaquira page ('Estadio Municipal Hector El Zipa Gonzalez', 5,000 capacity, athletics track 2014). Used for two Copa/league matches in Feb 2021 (Millonarios vs Once Caldas 2021-02-01, La Equidad vs Junior 2021-02-03). Position approximate (+/-2 km); elevation reliable.",medium,venues:COL-a,batch
ECU,Estadio 7 de Octubre,Estadio 7 de Octubre,Quevedo (Los Ríos),-1.027,-79.466,"Analyst prior knowledge (Quevedo urban area; exact stadium position approximate, +/-1 km). No web lookup possible this session (WebSearch budget exhausted, page fetch blocked). DEM-validated.",74.0,"Quevedo city altitude as commonly cited (es.wikipedia, recalled; stadium-specific figure not verified this session)",54.0,48-61,"Reported 74 m vs DEM 54 m (diff 20 m). DEM grid over Quevedo shows 48-83 m across the town (river terrace ~50 m, western plateau ~80 m), so the difference is just intra-town relief; no action needed.","Home ground of Deportivo Quevedo; appears in the dataset only as an alternate/neutral venue (Emelec in Feb 2016 while the Capwell was being rebuilt, Amarilla SC and Delfín SC in 2016 - Delfín after the April 2016 Manabí earthquake - and Barcelona SC once in 2017). Low-altitude coastal-plain venue; exact position immaterial for altitude purposes.",medium,venues:ECU-a,batch
ECU,Estadio 9 de Mayo,Estadio 9 de Mayo,Machala (El Oro),-3.2635,-79.9565,"Analyst prior knowledge (Machala, south-central part of the city; approximate +/-1 km). No web lookup possible this session. DEM-validated.",6.0,"Machala city altitude as commonly cited (es.wikipedia, recalled; stadium-specific figure not verified this session)",6.0,3-13,Reported 6 m vs DEM 6 m; agreement. Whole Machala area is 1-14 m in the DEM.,Home of Orense SC and Fuerza Amarilla SC (FBref 'Amarilla SC'). Same physical stadium as 'Estadio 9 de Mayo Banco de Machala' (sponsor name from 2024).,medium,venues:ECU-a,batch
ECU,Estadio 9 de Mayo Banco de Machala,Estadio 9 de Mayo (sponsor name: Estadio 9 de Mayo Banco de Machala),Machala (El Oro),-3.2635,-79.9565,"Same stadium as 'Estadio 9 de Mayo' - analyst prior knowledge, DEM-validated; no web lookup possible this session.",6.0,"Machala city altitude as commonly cited (es.wikipedia, recalled; unverified this session)",6.0,3-13,Reported 6 m vs DEM 6 m; agreement.,Sponsor-name variant used by FBref for Orense home games in 2024-2025; identical venue to 'Estadio 9 de Mayo'.,medium,venues:ECU-a,batch
ECU,Estadio Alejandro Ponce Noboa,Estadio Alejandro Ponce Noboa (Fertisa),Guayaquil (Guayas),-2.25,-79.895,"Analyst prior knowledge (Fertisa sector, far south of Guayaquil near the maritime port; position approximate +/-1.5 km). No web lookup possible this session. DEM-validated.",4.0,"Guayaquil city altitude as commonly cited (es.wikipedia, recalled; stadium-specific figure not verified this session)",6.0,1-11,Reported 4 m vs DEM 6 m; agreement. Southern Guayaquil is 0-12 m throughout in the DEM.,"Small stadium in the Fertisa neighbourhood (home of Guayaquil Sport / Rocafuerte FC); Barcelona SC played one 2020 home match there (vs LDU de Quito, 2020-11-01) during the pandemic season. Sea-level venue; exact position immaterial for altitude purposes.",medium,venues:ECU-a,batch
ECU,Estadio Alejandro Serrano Aguilar,Estadio Alejandro Serrano Aguilar,Cuenca (Azuay),-2.906,-79.006,"Analyst prior knowledge (Av. del Estadio / Av. Fray Vicente Solano, south of the Tomebamba river, Cuenca; approximate +/-300 m). No web lookup possible this session. DEM-validated.",2550.0,"Commonly cited stadium/city figure (Cuenca 2,550-2,560 m; es.wikipedia, recalled; unverified this session)",2525.0,2517-2531,"Reported ~2,550 m vs DEM 2,525 m (diff ~25 m); consistent. The earlier provisional registry point (-2.9046,-79.0069) gives 2,528 m, same terrace.",Home of Deportivo Cuenca (FBref 'CD Cuenca' 2014-2023). Same physical stadium as the truncated 'Estadio Alejandro Serrano Aguilar Banco ...' entry.,medium,venues:ECU-a,batch
ECU,Estadio Alejandro Serrano Aguilar Banco ...,Estadio Alejandro Serrano Aguilar (sponsor name: Estadio Alejandro Serrano Aguilar Banco del Austro),Cuenca (Azuay),-2.906,-79.006,"Same stadium as 'Estadio Alejandro Serrano Aguilar' - analyst prior knowledge, DEM-validated; no web lookup possible this session.",2550.0,"Commonly cited stadium/city figure (Cuenca 2,550-2,560 m; recalled, unverified this session)",2525.0,2517-2531,"Reported ~2,550 m vs DEM 2,525 m (diff ~25 m); consistent.",FBref name truncated with '...'; full sponsor name 'Estadio Alejandro Serrano Aguilar Banco del Austro' used for Deportivo Cuenca (and one Libertad FC game) in 2024-2025. Identical venue to 'Estadio Alejandro Serrano Aguilar'.,medium,venues:ECU-a,batch
ECU,Estadio Banco del Pacífico,Estadio George Capwell (sponsor name: Estadio Banco del Pacífico Capwell),Guayaquil (Guayas),-2.2005,-79.893,"Analyst prior knowledge (Barrio del Astillero, Calle Pío Montúfar / General Gómez / Av. Quito, Guayaquil; approximate +/-1 km). No web lookup possible this session. DEM-validated.",4.0,"Guayaquil city altitude as commonly cited (es.wikipedia, recalled; stadium-specific figure not verified this session)",6.0,0-14,"Reported 4 m vs DEM 6 m; agreement. Alternative candidate -2.2094,-79.8969 gives DEM 4 m (2-19), so the value is robust to the positional uncertainty.",Emelec's home; FBref used the sponsor name 'Estadio Banco del Pacífico' for 2014-2023 and 'Estadio George Capwell Banco del Austro' for 2024-2025 - same physical stadium. Sea-level venue.,medium,venues:ECU-a,batch
ECU,Estadio Bellavista Universidad Indoaméri...,Estadio Bellavista (sponsor name: Estadio Bellavista Universidad Indoamérica),Ambato (Tungurahua),-1.2555,-78.615,Analyst prior knowledge (Bellavista sector on the city plateau east/south-east of Ambato centre; position approximate +/-700 m). DEM terrain grid used to keep the point on the urban plateau rather than in the adjacent Río Ambato canyon. No web lookup possible this session.,2580.0,"Ambato city altitude as commonly cited (2,577-2,580 m; es.wikipedia, recalled; stadium-specific figure not verified this session)",2636.0,2531-2657,"Reported ~2,580 m vs DEM 2,636 m (diff ~55 m, within tolerance). A 2x2.5 km DEM grid shows the Ambato urban plateau at 2,580-2,690 m and the Río Ambato canyon at 2,400-2,500 m just east of this point; the stadium is in the built-up plateau, so its true DEM value should lie in the 2,580-2,680 m band. The provisional registry point (-1.2565,-78.6183) gives 2,671 m, same band.","FBref name truncated with '...'; full sponsor name 'Estadio Bellavista Universidad Indoamérica' used in 2024-2025 by Técnico Universitario, Macará and Mushuc Runa. Identical venue to 'Estadio Bellavista de Ambato'. Exact coordinates should be re-checked when web search is available; the altitude band is well constrained by the DEM regardless.",medium,venues:ECU-a,batch
ECU,Estadio Bellavista de Ambato,Estadio Bellavista,Ambato (Tungurahua),-1.2555,-78.615,"Same stadium as 'Estadio Bellavista Universidad Indoaméri...' - analyst prior knowledge, DEM-validated with a terrain grid; no web lookup possible this session.",2580.0,"Ambato city altitude as commonly cited (2,577-2,580 m; recalled, unverified this session)",2636.0,2531-2657,"Reported ~2,580 m vs DEM 2,636 m (diff ~55 m); consistent. Plateau band 2,580-2,690 m per DEM grid; canyon east of the stadium is 2,400-2,500 m and is excluded by the built-up-area constraint.","Main stadium of Ambato, shared by Macará, Técnico Universitario and (2014-2020) Mushuc Runa; Cumbayá FC used it once. Same venue as the sponsor-name entry.",medium,venues:ECU-a,batch
ECU,Estadio Centenario de Guaranda,Estadio Centenario (Guaranda),Guaranda (Bolívar),-1.5945,-79.0005,Analyst prior knowledge of Guaranda town only - the exact stadium position within the town could not be verified this session (no web access); coordinates given are the central urban area (+/-1 km). DEM-validated against the town's altitude.,2668.0,"Guaranda city altitude as commonly cited (es.wikipedia, recalled; stadium-specific figure not verified this session)",2658.0,2640-2675,"Reported 2,668 m vs DEM 2,658 m; agreement. DEM grid over Guaranda's built-up area spans ~2,570-2,710 m, so the stadium's true value is within roughly +/-60 m of this figure wherever it sits in town.",Used as an alternate home by Mushuc Runa (2015-2016) and once by El Nacional (2015). Stadium name/position should be confirmed with a web lookup when available; treat coordinates as town-level.,low,venues:ECU-a,batch
ECU,Estadio Christian Benítez Betancourt,Estadio Christian Benítez Betancourt,Guayaquil (Guayas),-2.109,-79.9075,"Analyst prior knowledge (Parque Samanes sports complex, north Guayaquil; approximate +/-1 km). No web lookup possible this session. DEM-validated.",5.0,"Guayaquil city altitude as commonly cited (es.wikipedia, recalled; stadium-specific figure not verified this session)",18.0,1-31,"Reported ~5 m vs DEM 18 m (diff 13 m); consistent - the Samanes area is 1-34 m in the DEM (nearby candidates give 6-15 m). Low, flat, near sea level.","Opened 2015 in Parque Samanes; home of Guayaquil City FC (formerly River Ecuador, which is the same club renamed). Sea-level venue; exact position immaterial for altitude purposes.",medium,venues:ECU-a,batch
ECU,Estadio Cooperativa de Ahorro y Crédito ...,Estadio Cooperativa de Ahorro y Crédito Mushuc Runa (Estadio de Echaleche),"Echaleche, parroquia Pilahuín, cantón Ambato (Tungurahua)",-1.305,-78.71,"Analyst prior knowledge that the ground lies in the Echaleche community on the Ambato-Guaranda road between Santa Rosa and Pilahuín; the point is a DEM-consistent location on that corridor, NOT a verified stadium position (+/-2 km). No web lookup possible this session.",3200.0,"Press/club figure recalled (reports range 3,100-3,250 m; commonly '3.200 msnm'); unverified this session",3232.0,3211-3256,"Reported ~3,200 m vs DEM 3,232 m; consistent. A DEM grid along the Echaleche corridor (-1.28 to -1.32, -78.69 to -78.76) spans 3,100-3,450 m; alternative point -1.300,-78.720 gives 3,180 m (3,111-3,278). Whatever the exact spot, the venue is a >3,100 m ground.","FBref name truncated with '...'; full name 'Estadio Cooperativa de Ahorro y Crédito Mushuc Runa'. Mushuc Runa's own stadium, used from 2021 (data seasons 2021-2025), highest venue in Ecuador's Serie A. Coordinates must be confirmed by web lookup; the provisional registry entry for 'Estadio del Mushuc Runa Sporting Club' (-1.1717,-78.5343, DEM 2,864 m) is inconsistent with the Echaleche location and should be reviewed.",low,venues:ECU-a,batch
ECU,Estadio Dr. Lisandro de la Torre,DATA ERROR - resolved to Estadio Olímpico Atahualpa (El Nacional's regular home),Quito (Pichincha),-0.177,-78.4763,"Analyst prior knowledge of the Estadio Olímpico Atahualpa (Av. 6 de Diciembre / Naciones Unidas, Quito); DEM-validated. No web lookup possible this session.",2782.0,"Estadio Olímpico Atahualpa altitude as commonly cited (es.wikipedia, recalled; unverified this session)",2783.0,2764-2807,"Reported 2,782 m vs DEM 2,783 m; agreement (for the Atahualpa).","'Estadio Dr. Lisandro de la Torre' is the official name of Rosario Central's Gigante de Arroyito in Rosario, Argentina - it cannot be the venue of El Nacional 0-0 Universidad Católica (Serie A, 2018-04-06, att. 3,494). This is an FBref venue-mapping error. El Nacional played its 2018 home fixtures at the Estadio Olímpico Atahualpa in Quito, so that is the best resolution; any plausible Quito-area alternative (Casa Blanca, Rumiñahui) is also 2,500-2,800 m, so the altitude classification is robust even though the exact ground is inferred. Single match only.",low,venues:ECU-a,batch
ECU,Estadio Federativo Reina del Cisne,Estadio Federativo Reina del Cisne,Loja (Loja),-3.985,-79.2035,"Analyst prior knowledge (north-central Loja, just north of the city centre; approximate +/-700 m). No web lookup possible this session. DEM-validated.",2100.0,"Stadium figure recalled from es.wikipedia infobox (2,100 m); Loja city commonly cited at 2,060 m; unverified this session",2043.0,2043-2053,"Reported 2,100 m vs DEM 2,043 m (diff ~57 m, within tolerance); the Loja valley floor is 2,040-2,090 m in the DEM, so the commonly rounded 2,100 m figure slightly overstates. DEM value preferred.",Home of LDU de Loja and later Libertad FC (FBref 'Libertad FC' / 'Libertad'); LDU de Quito played there once. Truncation-free name.,medium,venues:ECU-a,batch
ECU,Estadio Folke Anderson,Estadio Folke Anderson,Esmeraldas (Esmeraldas),0.962,-79.654,"Analyst prior knowledge (Esmeraldas city, south-central area; approximate +/-1 km). No web lookup possible this session. DEM-validated. Note the positive latitude (north of the equator).",15.0,"Esmeraldas city altitude as commonly cited (es.wikipedia, recalled; stadium-specific figure not verified this session)",15.0,10-20,Reported 15 m vs DEM 15 m; agreement.,Municipal stadium of Esmeraldas; Independiente del Valle used it for two home matches (2017-04-22 vs Clan Juvenil; 2018-09-23 vs CD Cuenca). Sea-level coastal venue; exact position immaterial for altitude purposes.,medium,venues:ECU-a,batch
ECU,Estadio General Rumiñahui del Valle de L...,Estadio General Rumiñahui (del Valle de los Chillos),"Sangolquí, cantón Rumiñahui (Pichincha)",-0.325,-78.4485,"Analyst prior knowledge (Sangolquí, Av. General Enríquez area; approximate +/-700 m). No web lookup possible this session. DEM-validated.",2500.0,"Commonly cited stadium/town figure (Sangolquí ~2,500-2,519 m; es.wikipedia, recalled; unverified this session)",2494.0,2484-2504,"Reported 2,500 m vs DEM 2,494 m; agreement. Provisional registry point (-0.3323,-78.4488) gives 2,498 m - same plateau.","FBref name truncated with '...'; full name 'Estadio General Rumiñahui del Valle de los Chillos'. Home of Independiente del Valle until their own Estadio Banco Guayaquil opened (2021), also Clan Juvenil and occasionally El Nacional.",medium,venues:ECU-a,batch
ECU,Estadio George Capwell Banco del Austro,Estadio George Capwell (sponsor name: Estadio George Capwell Banco del Austro),Guayaquil (Guayas),-2.2005,-79.893,"Same stadium as 'Estadio Banco del Pacífico' - analyst prior knowledge, DEM-validated; no web lookup possible this session.",4.0,"Guayaquil city altitude as commonly cited (es.wikipedia, recalled; unverified this session)",6.0,0-14,Reported 4 m vs DEM 6 m; agreement.,Sponsor-name variant used by FBref for Emelec home games in 2024-2025; identical venue to 'Estadio Banco del Pacífico' (George Capwell).,medium,venues:ECU-a,batch
ECU,Estadio Gerardo León Pozo,Estadio Gerardo León Pozo,Gualaceo (Azuay),-2.885,-78.78,"Analyst prior knowledge (Gualaceo town, south-west of the central park; approximate +/-700 m). No web lookup possible this session. DEM-validated.",2230.0,"Gualaceo town altitude as commonly cited (es.wikipedia, recalled; stadium-specific figure not verified this session)",2265.0,2239-2289,"Reported ~2,230 m vs DEM 2,265 m (diff ~35 m); consistent. Alternative town-centre point (-2.8825,-78.7778) gives 2,274 m (2,236-2,322).",Home of Gualaceo SC for 8 games in 2022 (they otherwise used the Jorge Andrade Cantos stadium in Azogues); Cumbayá FC once. Small-town venue; exact position should be re-checked with web access but altitude band is well constrained.,medium,venues:ECU-a,batch
ECU,Estadio Gonzalo Pozo Ripalda,Estadio Gonzalo Pozo Ripalda,"Quito - Chillogallo, south Quito (Pichincha)",-0.2847,-78.5544,"Analyst prior knowledge (Chillogallo sector, south Quito; approximate +/-500 m). No web lookup possible this session. DEM-validated.",2900.0,Commonly cited figure for the Aucas stadium / south Quito (recalled from es.wikipedia and press; unverified this session),2903.0,2892-2932,"Reported ~2,900 m vs DEM 2,903 m; agreement. Provisional registry point (-0.275,-78.551) gives 2,878 m - same area, within 25 m.","Home of SD Aucas; also used by El Nacional, Vinotinto and once by Independiente del Valle. Higher than the Atahualpa (2,783 m) because it sits in the southern part of the Quito basin.",medium,venues:ECU-a,batch
COL,Estadio Luis Antonio Duque Peña,Estadio Luis Antonio Duque Peña,"Girardot, Cundinamarca, Colombia",4.303611,-74.803889,"TOWN-LEVEL ONLY: es.wikipedia 'Girardot' article mapframe coordinate (latitude=4.303611 longitude=-74.803889), read from the GitHub copy CarwilB/wiki-graph (wikipedia-pages/sa_admin/es/Girardot.txt). No stadium-level coordinate found in any reachable source.",290.0,"es.wikipedia 'Girardot' (same wiki-graph copy): 'La cabecera municipal está a una altitud de 290 m s. n. m.' (municipal seat, not stadium-specific)",283.0,280-290 (±1 km grid over the town: min 266 / median 287 / max 310),"Reported 290 vs DEM 283 at the town centre: agree within 7 m. Town-wide DEM range 266-310 m, so a stadium anywhere in Girardot is ~270-310 m; DEM value adopted with ±20 m coordinate-driven uncertainty.","Resolution correction: the stadium is in GIRARDOT (Cundinamarca), not Garzón (Huila) as one might assume from Huila's use of it. The Girardot Wikipedia article lists 'Estadio Municipal: Estadio Luis Antonio Duque Peña' and says it was remodelled for the 2004 Juegos Nacionales; RanuK12/GambetaGame clubs.json also maps Girardot FC and a Soacha-founded club to this stadium. Used here as an alternate venue by Atlético Huila (1 match) and 'Independiente' (1 match). Stadium-level coordinates could not be obtained (web search budget exhausted; Wikipedia/OSM blocked).",medium,venues:COL-b,batch
COL,Estadio Manuel Murillo Toro,Estadio Manuel Murillo Toro,"Ibagué, Tolima, Colombia",4.429509,-75.218325,"Wikidata-derived stadium CSV (miguelgfierro/ai_projects, Visualization_of_Football_Matches/stadiums_wikidata.csv, Deportes Tolima row, Point(-75.218325 4.429509)); independently the kentang2017/kinastro stadium list gives 4.4295,-75.2183 (lat sign typo there).",1285.0,"es.wikipedia 'Ibagué' (wiki-graph copy): 'Su cabecera está a una altitud de 1.285 metros sobre el nivel del mar' (city figure, not stadium-specific)",1162.0,1158-1175,"Reported (city) 1285 vs DEM 1162: -123 m, above the 80 m threshold, but explained by Ibagué's strong east-west slope: DEM at the Plaza-de-Bolívar area (4.4389,-75.2322) is 1225 m and at the Wikipedia city coordinate (4.4378,-75.2006) is 1115 m; the stadium (Calle 42 sector, lower eastern part of the city) sits between. Coordinates kept; DEM (1162 m) preferred over the city figure.",Two independent coordinate sources agree. Home of Deportes Tolima (209 matches) and Atlético Huila alternate venue (10).,high,venues:COL-b,batch
COL,Estadio Metropolitano Roberto Meléndez,Estadio Metropolitano Roberto Meléndez,"Barranquilla, Atlántico, Colombia",10.926861,-74.800722,"Wikidata-derived stadium CSV (miguelgfierro/ai_projects stadiums_wikidata.csv, Junior F.C. row, Point(-74.80072222 10.92686111)); kentang2017/kinastro gives 10.9272,-74.7997 (agrees within ~100 m).",36.0,es.wikipedia 'Barranquilla' infobox '| altitud = 36' (wiki-graph copy); the same article cites IGAC extremes of 4 m (east) to 98 m (west) for the city,51.0,44-61,"Reported (city) 36 vs DEM 51: +15 m, within the city's stated 4-98 m range; agree.","Junior (237), Uniautónoma (20), Nacional (1). Stadium is in the south-west of the city (Ciudadela 20 de Julio), on slightly higher ground than the river-side centre.",high,venues:COL-b,batch
COL,Estadio Metropolitano de Fútbol de Lara,Estadio Metropolitano de Cabudare (Estadio Metropolitano de Fútbol de Lara),"Cabudare (Municipio Palavecino), Lara, VENEZUELA",9.993544,-69.219858,"Wikidata-derived CSV (miguelgfierro/ai_projects stadiums_wikidata.csv, Deportivo Lara row: label mislabelled 'Estadio Santiago Bernabeu' but Point(-69.219858 9.993544) is Cabudare); corroborated by Spontecorp-CA/futboldata 2014 SQL dump ('Estadio Metropolitano de Cabudare', lon -69.2196816 lat 9.9936043) and guigalhano/jogos-chile-scraper estadios_conmebol.js (9.9935,-69.2199).",,No source captured this session (Cabudare/Palavecino Wikipedia copy had no altitude figure). Cabudare is generally ~480-500 m; unverified.,468.0,452-471,"No reported figure to compare; DEM 468 m is consistent with the ~480-500 m general figure for Cabudare. Three coordinate sources agree, so DEM adopted.",DATA-ATTRIBUTION NOTE: this is a Venezuelan stadium (near Barquisimeto) listed as a La Equidad 'home' match in 2017 (1 match) - almost certainly a continental fixture (away leg) or an FBref home/away mislabel rather than a Colombian home venue. Resolved anyway.,high,venues:COL-b,batch
COL,Estadio Metropolitano de Itagüí,Estadio Metropolitano Ciudad de Itagüí (Estadio Metropolitano Ditaires),"Itagüí, Antioquia, Colombia",6.1719,-75.6119,"APPROXIMATE (town-level): guigalhano/jogos-chile-scraper estadios_colombia.js entry for 'Estadio Metropolitano Ciudad de Itagüí' (6.1719,-75.6119, explicitly flagged 'manual/aproximado (cidade de Itagüí)'). The stadium is in the Ditaires sports sector just west of the centre; the Hacienda Ditaires is at 6.1760,-75.6180 (vcardona/prototipo-itagui). No stadium-level coordinate found.",,"No stadium/municipal altitude figure captured (es.wikipedia 'Itagüí' copy only gives the Aburrá Valley average of 1569 m). Itagüí is commonly cited at ~1,550 m (unverified).",1575.0,"1570-1583 (DEM sampled across the Ditaires flat sector 6.170-6.175,-75.614 to -75.6165: 1576-1588 m; hill above the hacienda rises to ~1,690+)",No reported figure; DEM 1575 m at the town point and 1576-1588 m across the flat Ditaires sports area where the stadium stands. Elevation robust to ±15 m despite ~0.5-1 km coordinate uncertainty.,"Leones FC (19), Nacional (2), Envigado (2), Independiente (2). es.wikipedia 'Itagüí' confirms the stadium (inaugurated 1993/94, 12,000 capacity, known as Metropolitano Ditaires). Coordinates are town-level; elevation should be treated as ~1,580 m.",medium,venues:COL-b,batch
COL,Estadio Metropolitano de Techo,Estadio Metropolitano de Techo,"Bogotá (Kennedy), Colombia",4.623545,-74.135611,"Wikidata-derived CSV (miguelgfierro/ai_projects stadiums_wikidata.csv, La Equidad/Bogotá F.C. rows, Point(-74.135611 4.623545)); corroborated by Bogotá tourist-attraction POI CSV (andrescuco/team-126-dash-app scattermap_points.csv: 'Estadio Metropolitano de Techo, KENNEDY, 4.623412,-74.135273') and kentang2017/kinastro (4.6235,-74.1356).",2625.0,"es.wikipedia 'Bogotá' infobox '| altitud = 2625' (altitud_med 2630) - city figure, not stadium-specific",2560.0,2553-2562,"Reported (city) 2625 vs DEM 2560: -65 m, within threshold; western Bogotá savanna is ~2,550-2,560 m (El Dorado airport 2,547 m). DEM adopted.","Three independent coordinate sources agree. La Equidad (195), Tolima (32), Fortaleza (45).",high,venues:COL-b,batch
COL,Estadio Municipal de Ipiales,Estadio Municipal de Ipiales,"Ipiales, Nariño, Colombia",0.8306,-77.6444,"TOWN-CENTRE ONLY, from memory of the es.wikipedia Ipiales coordinates (0°49'50""N 77°38'40""W) - NOT verified this session and NOT stadium-level. DEM confirms the point is the Ipiales urban area (2,903 m, matching Wikipedia's 2,900 m). No stadium coordinate found in any reachable dataset (only a coordinate-less 'Estadio Municipal de Ipiales' entry in Daeun271/UrlaubsPlaner co.json).",2900.0,es.wikipedia 'Ipiales' (wiki-graph copy): 'La altitud promedio del casco urbano es de 2900 m s. n. m.',2903.0,2895-2908 (±1 km grid over the town: min 2801 / median 2893 / max 2920),"Reported 2900 vs DEM 2903 at the town centre: agree. Town-wide DEM mostly 2,880-2,920 m (one low corner 2,801 m), so the stadium elevation is ~2,900 ±20 m regardless of its exact position.",Deportivo Pasto used it as its home in 2019 (23 matches) while the Estadio Libertad in Pasto was being renovated. Coordinates are a town-centre proxy and should be replaced with a stadium-level fix when web access is available; elevation is robust.,low,venues:COL-b,batch
COL,Estadio Nemesio Camacho El Campín,Estadio Nemesio Camacho El Campín,"Bogotá (Teusaquillo), Colombia",4.645889,-74.0775,"Wikidata-derived CSV (miguelgfierro/ai_projects stadiums_wikidata.csv, Millonarios/Santa Fe rows, Point(-74.0775 4.645888888)); corroborated by Bogotá POI CSV (andrescuco/team-126-dash-app: 4.645909,-74.077539) and kentang2017/kinastro (4.6461,-74.0775).",2625.0,"es.wikipedia 'Bogotá' infobox '| altitud = 2625' - city figure, not stadium-specific",2550.0,2547-2563,"Reported (city) 2625 vs DEM 2550: -75 m, within threshold; central-western Bogotá plain is ~2,550 m. DEM adopted.","Millonarios (237), Santa Fe (219), La Equidad (10), Fortaleza FC (3). Three coordinate sources agree.",high,venues:COL-b,batch
COL,Estadio Olímpico Jaime Morón León,Estadio Olímpico Jaime Morón León,"Cartagena de Indias, Bolívar, Colombia",10.405534,-75.498237,"Wikidata-derived CSV (miguelgfierro/ai_projects stadiums_wikidata.csv, Real Cartagena row, Point(-75.498237 10.405534)). guigalhano gives only a city-level approximation (10.4067,-75.5144).",,"No altitude figure captured from the es.wikipedia 'Cartagena de Indias' copy (city is at sea level, ~2 m; unverified)",9.0,2-14,"No reported figure; DEM 9 m, consistent with a coastal city at sea level.",Junior (2) and Jaguares (1) used it as an alternate venue 2015-2017. Located in the Villa Olímpica / Olaya Herrera sector SE of the historic centre.,high,venues:COL-b,batch
COL,Estadio Olímpico Pascual Guerrero,Estadio Olímpico Pascual Guerrero,"Cali, Valle del Cauca, Colombia",3.429889,-76.541083,"Wikidata-derived CSV (miguelgfierro/ai_projects stadiums_wikidata.csv, América de Cali row, Point(-76.541083 3.429889)); kentang2017/kinastro gives 3.4299,-76.5411 (agrees).",1000.0,"es.wikipedia 'Cali' (wiki-graph copy): 'La ciudad es plana con una elevación promedia de 1000 m s. n. m.' - city figure, not stadium-specific",963.0,960-981,"Reported (city) 1000 vs DEM 963: -37 m, agree within threshold.","CD América (185), Cortuluá (18), AD Cali (14). Stadium is in the San Fernando sector, on the flat valley floor.",high,venues:COL-b,batch
COL,Estadio Palogrande,Estadio Palogrande,"Manizales, Caldas, Colombia",5.056233,-75.489807,"Wikidata-derived CSV (miguelgfierro/ai_projects stadiums_wikidata.csv, Once Caldas row, Point(-75.489807 5.056233)); corroborated by kentang2017/kinastro (5.0562,-75.4898) and a Sofascore event JSON venueCoordinates for Estadio Palogrande (5.057005,-75.490689; tabaresjuan524-ui/betappserver).",2153.0,"es.wikipedia 'Manizales' infobox '| altitud = 2153' - city figure, not stadium-specific",2135.0,2104-2149,"Reported 2153 vs DEM 2135: -18 m, agree. (DEM at the Sofascore point: 2130 m.)","Once Caldas (213), Millonarios (1). Three independent coordinate sources within ~150 m of each other.",high,venues:COL-b,batch
COL,Estadio Polideportivo Sur,Estadio Polideportivo Sur,"Envigado, Antioquia, Colombia",6.1758,-75.5917,"kentang2017/kinastro stadium list (astro/sports/stadiums.py: 'Envigado F.C. - Estadio Polideportivo Sur', 6.1758,-75.5917). Alternative: guigalhano/jogos-chile-scraper city-level approximation 6.1683,-75.5906 (DEM 1558 m). Not in the Wikidata CSV; no Sofascore coordinate found.",1575.0,es.wikipedia 'Envigado' (wiki-graph copy): 'La altitud promedio de la cabecera es 1575 m s. n. m.' - municipal seat figure,1540.0,1528-1543 (alternative candidate 0.8 km south: 1552-1577),"Reported 1575 vs DEM 1540: -35 m, within threshold. The stadium lies near the Medellín River/Av. Las Vegas side of Envigado (lower than the cabecera average); both candidate points give 1,540-1,560 m.","Envigado (201), Nacional (2). Coordinate from a secondary dataset with one bad entry elsewhere (its Tunja value is wrong), so confidence is medium; elevation robust (1,540-1,560 m).",medium,venues:COL-b,batch
COL,Estadio Romelio Martínez,Estadio Romelio Martínez,"Barranquilla, Atlántico, Colombia",10.993889,-74.806944,"Wikidata-derived CSV (miguelgfierro/ai_projects stadiums_wikidata.csv, Barranquilla F.C. row, Point(-74.806944 10.993889)). Caveat: other indications place the stadium ~1-1.5 km further east on the Cra 46 (Av. Olaya Herrera)/Calle 72 corridor (Transmetro 'Romelio Martínez' station seed 10.9988,-74.7918 in davideliaspalacio/vialink-backend; recalled Wikipedia coordinate ~10.991,-74.796).",36.0,es.wikipedia 'Barranquilla' infobox '| altitud = 36' (city; IGAC range 4-98 m),59.0,"59-80 (alternative eastern points: 23 m at 10.9988,-74.7918; 46 m at 10.9908,-74.7964)","Reported (city) 36 vs DEM 59 at the Wikidata point: +23 m, within threshold. Because the exact position is uncertain by ~1.5 km along a slope, the stadium elevation is best stated as 25-60 m; the Wikidata point is reported but flagged.","Junior (4), CD América (1), 2018-2024 alternate venue. Coordinate discrepancy between sources not resolvable without map access; elevation uncertainty ±20 m.",medium,venues:COL-b,batch
COL,Estadio Sierra Nevada,Estadio Sierra Nevada,"Santa Marta, Magdalena, Colombia",11.190605,-74.199212,"Sofascore venueCoordinates for Unión Magdalena's home venue 'Estadio Sierra Nevada' (slug estadio-sierra-nevada, capacity 16,162) in an event JSON dump on GitHub (tabaresjuan524-ui/betappserver, sofascore/api_v1_event_14115403.json). Sofascore's Palogrande coordinates in the same file matched Wikidata within ~120 m, supporting stadium-level accuracy. Other datasets give only city-level approximations (guigalhano 11.2181,-74.1791 -> DEM 24 m; kinastro 11.2404,-74.2110 is the old town, wrong).",,"No source captured (es.wikipedia 'Santa Marta' page not present in the reachable wiki copy); city is at sea level (~6 m), unverified",16.0,13-18,"No reported figure; DEM 16 m. All candidate locations (south-eastern Santa Marta) give 16-24 m, so elevation is robust.","Unión Magdalena (51), ADU Magdalena (23), 2019-2025. The Sofascore point (south of the city near the Vía Alterna/Bureche sector) is plausible for this 2017-Bolivarian-Games stadium. Not in the 2017-era Wikidata CSV (which still listed Eduardo Santos for Unión Magdalena).",medium,venues:COL-b,batch
COL,Estadio de Fútbol Jaraguay de Montería,Estadio Jaraguay (Estadio Municipal de Montería),"Montería, Córdoba, Colombia",8.711778,-75.827639,"Wikidata-derived CSV (miguelgfierro/ai_projects stadiums_wikidata.csv, Jaguares de Córdoba row, Point(-75.827638888 8.711777777)). guigalhano gives only the city centre (8.7479,-75.8814).",18.0,es.wikipedia 'Montería' infobox '| altitud = 18' - city figure,21.0,12-22,Reported 18 vs DEM 21: agree.,"Jaguares (188), La Equidad (1). es.wikipedia 'Montería' lists 'Estadio de Fútbol Jaraguay de Montería' (Estadio Municipal). The coordinate is ~6 km SE of the city centre, consistent with the stadium's location on the road toward Planeta Rica (Jaraguay sector); terrain is flat so elevation is insensitive to position.",high,venues:COL-b,batch
COL,Estadio de la Independencia,Estadio La Independencia,"Tunja, Boyacá, Colombia",5.542233,-73.353131,"Wikidata-derived CSV (miguelgfierro/ai_projects stadiums_wikidata.csv, Boyacá Chicó and Patriotas rows, Point(-73.353131 5.542233)). (kentang2017/kinastro's value 5.0689,-73.6167 is wrong - not Tunja; guigalhano gives only the city centre 5.5353,-73.3678.)",2782.0,"es.wikipedia 'Tunja' infobox '| altitud = 2782' (ref Alcaldía) - city figure, not stadium-specific",2693.0,2683-2703,"Reported (city) 2782 vs DEM 2693: -89 m, just above the 80 m threshold. Explained by Tunja's topography rather than a wrong point: the historic centre sits on high ground (DEM 2807 m at 5.5353,-73.3678; 2733 m at the Wikipedia map centre 5.5403,-73.3614) while the stadium/UPTC zone in the north lies on the valley floor (DEM 2690 m at the UPTC 5.5528,-73.3583). Coordinates retained; DEM (≈2,690-2,700 m) preferred.","Boyacá Patriotas (168), Boyacá Chicó (130), Huila (1). Single coordinate source, but position is consistent with the stadium's known Av. Universitaria/northern location.",medium,venues:COL-b,batch
COL,Estadio Álvaro Gómez Hurtado,Estadio Álvaro Gómez Hurtado (Villa Concha),"Floridablanca, Santander, Colombia",7.052,-73.0809,"kentang2017/kinastro stadium list ('Atlético Bucaramanga - Estadio Álvaro Gómez Hurtado (Floridablanca)', 7.0520,-73.0809). Alternatives are town-level: guigalhano 'Estadio Villa Concha' 7.0631,-73.0864 (approx.) and es.wikipedia Floridablanca mapframe 7.06222,-73.08644. No Wikidata/Sofascore coordinate found.",,No altitude figure captured from the es.wikipedia 'Floridablanca (Colombia)' copy (only the 1100-2600 m Riofrío basin range); Floridablanca is commonly cited at ~925 m (unverified),920.0,"917-973 (town-centre point: 929, window 918-936; ±1 km grid over the town: min 869 / median 929 / max 1055)","No verified reported figure; DEM 920 m at the dataset point and 929 m at the town centre agree with the commonly cited ~925 m. Terrain is hilly (grid 869-1055), so the ~1 km coordinate uncertainty implies roughly ±40 m.","CA Bucaramanga (26) alternate venue, Alianza (6). es.wikipedia 'Floridablanca' confirms the 'Unidad Deportiva Álvaro Gómez Hurtado' as home of Real Santander and alternate home of Atlético Bucaramanga.",medium,venues:COL-b,batch
COL,Parque Estadio Olaya Herrera,Estadio Enrique Olaya Herrera (Parque Estadio Olaya Herrera),"Bogotá (Rafael Uribe Uribe), Colombia",4.5837,-74.1074,"guigalhano/jogos-chile-scraper estadios_colombia.js ('Estadio Enrique Olaya Herrera', 4.5837,-74.1074, source noted as 'OpenStreetMap/Wikipedia (localidad Rafael Uribe Uribe, Bogotá)'); corroborated by the adjacent Transmilenio 'Olaya' station at 4.578909,-74.107361 in the Bogotá POI CSV (andrescuco/team-126-dash-app).",2625.0,es.wikipedia 'Bogotá' infobox '| altitud = 2625' - city figure,2561.0,2560-2573,"Reported (city) 2625 vs DEM 2561: -64 m, within threshold; southern Bogotá plain ~2,560 m. DEM adopted.","Fortaleza FC (3), La Equidad (3), 2024 only. Small municipal park stadium (Cra 21 / Calle 22 Sur area).",medium,venues:COL-b,batch
COL,Stadio Zosimades,Zosimades Stadium (Ethniko Stadio Ioanninon 'Oi Zosimades'),"Ioannina, Epirus, GREECE",39.667647,20.848669,"Wikidata-derived CSV (miguelgfierro/ai_projects stadiums_wikidata.csv, PAS Giannina F.C. row, Point(20.848669 39.667647)).",,No source captured this session; Ioannina is generally ~480 m (unverified),491.0,483-503,No reported figure; DEM 491 m is consistent with Ioannina's ~480 m general figure.,"CLEAR DATA ERROR: a Greek stadium (home of PAS Giannina) is listed as the venue of one Atlético Nacional home match in 2016; there is no plausible way a Colombian league match was played there. Resolved to the real Zosimades Stadium for completeness, but the match's true venue is unknown (most likely Nacional's usual home, Estadio Atanasio Girardot, Medellín, ~1,490 m) and should be treated as unresolved/excluded for altitude purposes.",high,venues:COL-b,batch
ECU,Estadio Jocay,Estadio Jocay,"Manta, Manabí",-0.9539,-80.7186,analyst prior knowledge (Wikipedia/OSM-style coordinates recalled offline); not web-verified this session (search budget exhausted); DEM-validated,6.0,"Manta city elevation (Wikipedia figure, prior knowledge; not web-verified this session)",9.0,4-13,Reported 6 m vs DEM 9 m: agree within 3 m; no action needed.,Home of Delfín SC and Manta FC. Coastal stadium at sea level.,medium,venues:ECU-b,batch
ECU,Estadio La Fortaleza,UNRESOLVED (FBref label 'Estadio La Fortaleza'),unknown (River Ecuador was Guayaquil-based in 2015),,,none - could not resolve offline,,none,,n/a,No coordinates; DEM not run.,"Single match: River Ecuador 2-3 CD Cuenca, 2015-05-09, attendance 1402. All other River Ecuador 2015 home games were at Estadio Christian Benítez Betancourt or Estadio Modelo (Guayaquil). No Ecuadorian Serie A stadium of this name is known to the analyst; possibly a small ground / club complex in Guayas province or a data-source error (Argentina's Lanús stadium is nicknamed 'La Fortaleza'). If genuine and in Guayas, it would be coastal lowland (<50 m), but this is inference only. Needs web verification.",low,venues:ECU-b,batch
ECU,Estadio Los Chirijos,Estadio Los Chirijos,"Milagro, Guayas",-2.1328,-79.5931,analyst prior knowledge; not web-verified this session; DEM-validated,13.0,"Milagro city elevation (Wikipedia figure, prior knowledge; not web-verified this session)",12.0,8-17,Reported 13 m vs DEM 12 m: agree; no action needed.,"Used as neutral/alternate venue by Emelec, Barcelona SC, 9 de Octubre, El Nacional. Flat coastal plain.",medium,venues:ECU-b,batch
ECU,Estadio Modelo Alberto Spencer Herrera,Estadio Modelo Alberto Spencer Herrera,"Guayaquil, Guayas",-2.1772,-79.9064,analyst prior knowledge; not web-verified this session; DEM grid scan used to confirm the flat stadium site (hills of 40-60 m lie 300-500 m to the NW),4.0,"Guayaquil city elevation (Wikipedia figure, prior knowledge; not web-verified this session)",7.0,0-17,Reported 4 m vs DEM 7 m: agree; no action needed.,"Municipal stadium on Av. de las Américas; home of 9 de Octubre, occasional Emelec/River Ecuador/Delfín home games.",medium,venues:ECU-b,batch
ECU,Estadio Monumental Banco Pichincha,Estadio Monumental Isidro Romero Carbo (sponsor name: Estadio Monumental Banco Pichincha),"Guayaquil, Guayas",-2.1856,-79.925,analyst prior knowledge; not web-verified this session; DEM-validated,4.0,"Guayaquil city elevation (Wikipedia figure, prior knowledge; not web-verified this session)",18.0,14-57,"Reported 4 m vs DEM 18 m: minor difference (stadium sits at the foot of Cerro San Eduardo, hence window max 57 m); no action needed.",Same stadium as 'Estadio Monumental Isidro Romero Carbo' - FBref uses the 2024-25 sponsor name for Barcelona SC.,medium,venues:ECU-b,batch
ECU,Estadio Monumental Isidro Romero Carbo,Estadio Monumental Isidro Romero Carbo,"Guayaquil, Guayas",-2.1856,-79.925,analyst prior knowledge; not web-verified this session; DEM-validated,4.0,"Guayaquil city elevation (Wikipedia figure, prior knowledge; not web-verified this session)",18.0,14-57,Reported 4 m vs DEM 18 m: minor difference (foot of Cerro San Eduardo); no action needed.,Barcelona SC home 2014-2023 (also Guayaquil City). Identical to 'Estadio Monumental Banco Pichincha'.,medium,venues:ECU-b,batch
ECU,Estadio Municipal Jorge Andrade Cantos,Estadio Municipal de Gualaceo (Gerardo León Pozo / Jorge Andrade Cantos),"Gualaceo, Azuay",-2.8935,-78.776,Gualaceo town position from analyst prior knowledge (stadium within the compact town); not web-verified this session; DEM-validated,2230.0,"Gualaceo town elevation (Wikipedia figure, prior knowledge; not web-verified this session)",2228.0,2223-2232,Reported 2230 m vs DEM 2228 m: agree; no action needed.,"In the raw FBref data this label replaces 'Estadio Gerardo León Pozo' (Gualaceo SC's home in 2022 first stage) for all Gualaceo SC home games from July 2022 through 2023, so it is treated as the same Gualaceo municipal stadium under an alternate/renamed label. Exact ground position not verified, but the whole town lies at 2225-2250 m so the altitude is robust. Verify name/renaming online when possible.",medium,venues:ECU-b,batch
ECU,Estadio Municipal La Cocha,Estadio Municipal La Cocha,"Latacunga, Cotopaxi",-0.9425,-78.6175,analyst prior knowledge; not web-verified this session; DEM-validated,2760.0,"Latacunga city elevation (Wikipedia figure, prior knowledge; not web-verified this session)",2753.0,2742-2762,Reported 2760 m vs DEM 2753 m: agree; no action needed.,"Alternate venue for El Nacional, Universidad Católica, Cumbayá FC, Aucas.",medium,venues:ECU-b,batch
ECU,Estadio Olímpico Atahualpa,Estadio Olímpico Atahualpa,"Quito, Pichincha",-0.1772,-78.4772,analyst prior knowledge; not web-verified this session; DEM-validated,2782.0,"Widely cited stadium altitude (Wikipedia infobox figure, prior knowledge; not web-verified this session)",2783.0,2764-2802,Reported 2782 m vs DEM 2783 m: excellent agreement; no action needed.,"Main Quito stadium; home of Universidad Católica, El Nacional, Deportivo Quito, Cumbayá FC, América de Quito.",medium,venues:ECU-b,batch
ECU,Estadio Olímpico Etho Vega Baquero,Estadio Olímpico Etho Vega Baquero,"Santo Domingo, Santo Domingo de los Tsáchilas",-0.2592,-79.1636,"analyst prior knowledge, approximate (within ~1 km); not web-verified this session; DEM-validated",550.0,"Santo Domingo city elevation (Wikipedia figure, prior knowledge; not web-verified this session)",555.0,549-563,"Reported 550 m vs DEM 555 m: agree; no action needed. Alternative city-centre point -0.2525,-79.1719 also gives 555 m, so the ~1 km placement uncertainty does not affect altitude.","Single match: Clan Juvenil 2-2 Emelec, 2017-06-14 (Clan Juvenil moved this home game from Sangolquí).",medium,venues:ECU-b,batch
ECU,Estadio Olímpico de Ibarra,Estadio Olímpico Ciudad de Ibarra,"Ibarra, Imbabura",0.356,-78.119,"analyst prior knowledge, approximate (north sector of Ibarra, within ~1 km); not web-verified this session; DEM grid over the city checked (2200-2222 m everywhere except the Tahuando gorge). NOTE: the existing provisional registry row has the latitude sign flipped (-0.344), yielding a wrong DEM of 3833 m; Ibarra is NORTH of the equator.",2225.0,"Ibarra city elevation (Wikipedia figure, prior knowledge; not web-verified this session)",2207.0,2204-2212,"Reported 2225 m vs DEM 2207 m: agree within 20 m; no action needed. Corrects the provisional registry value (3833 m, flipped sign).",Imbabura SC home 2024.,medium,venues:ECU-b,batch
ECU,Estadio Olímpico de Riobamba,Estadio Olímpico de Riobamba,"Riobamba, Chimborazo",-1.6611,-78.6561,analyst prior knowledge; not web-verified this session; DEM-validated,2754.0,"Stadium/city altitude (Wikipedia figure, prior knowledge; not web-verified this session)",2776.0,2773-2793,Reported 2754 m vs DEM 2776 m: agree within 25 m; no action needed.,Home of CD Olmedo; occasional Mushuc Runa and Deportivo Cuenca home games.,medium,venues:ECU-b,batch
ECU,Estadio Prof. Javier Cruz,UNRESOLVED (FBref label 'Estadio Prof. Javier Cruz'),unknown (Cumbayá FC is Quito-based),,,none - could not resolve offline,,none,,n/a,No coordinates; DEM not run.,"Single match: Cumbayá FC 2-0 Técnico Universitario, 2022-03-19. Cumbayá's other 2022 home games were at Estadio Gerardo León Pozo (Gualaceo), Estadio Olímpico Atahualpa (Quito) and Estadio Bellavista (Ambato). The name matches no Ecuadorian Serie A venue known to the analyst; likely a substitute ground in the Quito area (which would be ~2400-2900 m) or a data-source mislabel, but this is unverified. Needs web verification.",low,venues:ECU-b,batch
ECU,Estadio Reales Tamarindos,Estadio Reales Tamarindos,"Portoviejo, Manabí",-1.0494,-80.4594,analyst prior knowledge; not web-verified this session; DEM-validated,53.0,"Portoviejo city elevation (Wikipedia figure, prior knowledge; not web-verified this session)",34.0,32-42,Reported 53 m vs DEM 34 m: agree within 20 m; no action needed.,"Home of LDU Portoviejo; used by Delfín SC, Emelec, LDU Loja as alternate venue.",medium,venues:ECU-b,batch
ECU,Estadio Rodrigo Paz Delgado,Estadio Rodrigo Paz Delgado (Casa Blanca),"Quito (Ponceano), Pichincha",-0.1081,-78.4881,"analyst prior knowledge; not web-verified this session; DEM grid scan checked (site 2725-2760 m, terrain rises eastward)",2850.0,"Quito city elevation (Wikipedia figure, prior knowledge); a stadium-specific figure (~2800 m is commonly quoted in press) could not be verified this session",2739.0,2723-2753,"City figure 2850 m vs DEM 2739 m: ~110 m difference because Ponceano in north Quito lies well below the historic centre; DEM retained as authoritative, no coordinate change (location is unambiguous).",LDU de Quito home 2020-2025 under this name; identical to 'Estadio de Liga Deportiva Universitaria'.,medium,venues:ECU-b,batch
ECU,Estadio Universitario Dr. Xavier Fernánd...,UNRESOLVED (truncated FBref label 'Estadio Universitario Dr. Xavier Fernánd...'),unknown (Cumbayá FC is Quito-based),,,none - could not resolve offline,,none,,n/a,No coordinates; DEM not run.,Two matches: Cumbayá FC 0-2 LDU de Quito (2022-04-09) and Cumbayá FC 1-1 Emelec (2022-04-21). Raw file confirms the label is truncated exactly as shown. The name (a university stadium named for a 'Dr. Xavier Fernández') matches no venue known to the analyst; probably a Quito-area university ground or a data-source mislabel. Needs web verification.,low,venues:ECU-b,batch
ECU,Estadio banco Guayaquil,Estadio Banco Guayaquil (Independiente del Valle),"Chillo Jijón, Sangolquí (Rumiñahui canton), Pichincha",-0.3247,-78.4417,analyst prior knowledge; not web-verified this session; DEM-validated,2500.0,"Sangolquí / Valle de los Chillos city elevation (approximate Wikipedia figure, prior knowledge; not web-verified this session)",2511.0,2500-2516,Reported ~2500 m vs DEM 2511 m: agree; no action needed.,Independiente del Valle home since 2021; also one Vinotinto and one Universidad Católica home game.,medium,venues:ECU-b,batch
ECU,Estadio de Liga Deportiva Universitaria,Estadio Rodrigo Paz Delgado (Casa Blanca),"Quito (Ponceano), Pichincha",-0.1081,-78.4881,analyst prior knowledge; not web-verified this session; DEM grid scan checked,2850.0,"Quito city elevation (Wikipedia figure, prior knowledge); stadium-specific figure not verified this session",2739.0,2723-2753,City figure 2850 m vs DEM 2739 m: ~110 m difference explained by Ponceano lying below central Quito; DEM retained.,LDU de Quito home 2014-2019 under this FBref name; same stadium as 'Estadio Rodrigo Paz Delgado'.,medium,venues:ECU-b,batch
ECU,Estadio del Mushuc Runa Sporting Club,Estadio COAC Mushuc Runa (Echaleche),"Echaleche, Pilahuín parish, Ambato canton, Tungurahua",-1.3175,-78.7114,"APPROXIMATE - analyst prior knowledge of the Echaleche sector on the Ambato-Guaranda road; exact stadium position not verified (no web access this session). DEM grid over the sector spans ~3150-3300 m. NOTE: the provisional registry point (-1.1717,-78.5343, 2864 m) is in the wrong place (NE of Ambato).",3250.0,"Press/Wikipedia figure for the Echaleche stadium (~3250 m, one of Ecuador's highest grounds), prior knowledge; not web-verified this session",3228.0,3192-3248,"Reported ~3250 m vs DEM 3228 m at the approximate point: consistent, but because the point is approximate the DEM uncertainty is about +/-100 m; needs online coordinate confirmation.","Same stadium as batch ECU-a's 'Estadio Cooperativa de Ahorro y Crédito ...' (Mushuc Runa, 44 matches); FBref uses two labels for it. Mushuc Runa SC home 2015-2021 under this label.",low,venues:ECU-b,batch
"ar,br",Estadio Mario Alberto Kempes,Estadio Mario Alberto Kempes (ex Chateau Carreras),"Córdoba, Argentina",-31.368956,-64.246244,"Wikidata Q1062157 point (-31.368956, -64.246244) via OSM/Wikidata export in github.com/Felipebarv25/app-vuelos web/public/lugares/cordoba-argentina.json; identical value (-31.36895556, -64.24624444) attributed to en.wikipedia.org/wiki/Estadio_Mario_Alberto_Kempes in github.com/thatbritguy/world-cup-ics data/1978/worldcup.stadiums.json",,none retrievable this session (web search budget exhausted; Wikipedia/Wikidata/GeoNames hosts blocked by proxy; GitHub-mirrored datasets carry no elevation field),419.0,409-437,"DEM 419 m is consistent with Córdoba city (commonly cited ~390 m, unverified recall) and with the stadium sitting on the Chateau Carreras rise west of the centre; two independent coordinate sources agree to <1 m.",Home of Talleres (Córdoba). Country of venue: Argentina.,high,venues:cont-2,batch
"ar,br",Estadio Norberto Tito Tomaghello,"Estadio Norberto ""Tito"" Tomaghello","Florencio Varela, Buenos Aires Province, Argentina",-34.821753,-58.286511,Wikidata stadium coordinate Point(-58.286511 -34.821753) from Wikidata SPARQL dump stadiums_wikidata.csv in github.com/miguelgfierro/ai_projects (Visualization_of_Football_Matches),,none retrievable this session (see search_log),24.0,16-28,DEM 24 m matches the flat Buenos Aires conurbation lowland (~20-25 m); no contradiction.,"Home of Defensa y Justicia. A club-level point in kentang2017/kinastro (-34.7922, -58.2917) was ~3.3 km off and was discarded in favour of the Wikidata stadium item. Venue country: Argentina.",high,venues:cont-2,batch
"ar,co",Estadio Brigadier General Estanislao Lóp...,Estadio Brigadier General Estanislao López (Cementerio de los Elefantes),"Santa Fe, Argentina",-31.663217,-60.725394,Wikidata stadium coordinate Point(-60.725394 -31.663217) from stadiums_wikidata.csv (github.com/miguelgfierro/ai_projects),,none retrievable this session (see search_log),16.0,12-21,DEM 16 m is consistent with Santa Fe's riverside lowland (~15-25 m).,FBref name truncated; resolved via home teams Colón (owner) and Patronato (used it for Sudamericana 2023). Venue country: Argentina.,high,venues:cont-2,batch
"ar,ec",Estadio Julio Humberto Grondona,Estadio Julio Humberto Grondona (El Viaducto),"Sarandí, Avellaneda, Buenos Aires Province, Argentina",-34.678333,-58.340278,Wikidata stadium coordinate Point(-58.340278 -34.678333) from stadiums_wikidata.csv (github.com/miguelgfierro/ai_projects),,none retrievable this session (see search_log),4.0,-3-15,DEM 4 m (window -3 to 15 m) is consistent with the low Riachuelo/Río de la Plata floodplain in Sarandí; the negative minimum is SRTM noise near the highway viaduct/waterways.,Home of Arsenal de Sarandí. Venue country: Argentina.,high,venues:cont-2,batch
"ar,pe,py",Estadio Monumental Antonio Vespucio Libe...,Estadio Monumental Antonio Vespucio Liberti (Estadio Mâs Monumental),"Buenos Aires (Núñez/Belgrano), Argentina",-34.545278,-58.449444,"Wikidata stadium coordinate Point(-58.449444 -34.545278) from stadiums_wikidata.csv (github.com/miguelgfierro/ai_projects); corroborated by kentang2017/kinastro astro/sports/stadiums.py (-34.5453, -58.4497)",,none retrievable this session (see search_log),7.0,1-22,DEM 7 m is consistent with the Río de la Plata shoreline location (~5-25 m).,FBref name truncated. River Plate home; also used as neutral venue by Universitario and Guaraní per input. Same physical stadium as 'Estadio Mâs Monumental (Neutral Site)' below. Venue country: Argentina.,high,venues:cont-2,batch
"ar,uy",Estadio José Dellagiovanna,Estadio José Dellagiovanna (La Candela),"Victoria, Tigre Partido, Buenos Aires Province, Argentina",-34.449333,-58.542219,Wikidata stadium coordinate Point(-58.542219 -34.449333) from stadiums_wikidata.csv (github.com/miguelgfierro/ai_projects),,none retrievable this session (see search_log),16.0,14-21,DEM 16 m consistent with the northern Buenos Aires suburbs lowland.,"Home of Tigre. A club-level point in kentang2017/kinastro (-34.4489, -58.5922) was ~4.6 km off and discarded. Venue country: Argentina.",high,venues:cont-2,batch
"ar,uy",Estadio Tomás Adolfo Ducó,Estadio Tomás Adolfo Ducó (Palacio Ducó),"Buenos Aires (Parque Patricios), Argentina",-34.643494,-58.396511,"Wikidata stadium coordinate Point(-58.396511 -34.643494) from stadiums_wikidata.csv (github.com/miguelgfierro/ai_projects); corroborated by kentang2017/kinastro (-34.6436, -58.3967)",,none retrievable this session (see search_log),9.0,6-20,DEM 9 m consistent with southern Buenos Aires city (~10-20 m).,Home of Huracán. Venue country: Argentina.,high,venues:cont-2,batch
br,Allianz Parque,Allianz Parque (site of former Estádio Palestra Itália),"São Paulo (Perdizes/Barra Funda), SP, Brazil",-23.527482,-46.678553,"github.com/edulongodevgeo/camadas_geojson estadios_v3.geojson (Allianz Parque -23.527482, -46.678553); corroborated by Wikidata dump entry for predecessor Estádio Palestra Itália Point(-46.678417 -23.527556) and davialmeida135/analise-visual-brasileirao estadios_historico.csv (-23.5274971, -46.6785281)",,none retrievable this session (see search_log),733.0,733-749,"DEM 733 m consistent with São Paulo plateau (~760 m average, unverified recall).",Palmeiras home. Venue country: Brazil.,high,venues:cont-2,batch
br,Arena Barueri,Arena Barueri (Estádio Municipal Prefeito Manoel Ferreira de Oliveira),"Barueri, SP, Brazil",-23.513056,-46.899444,"Wikidata stadium coordinate Point(-46.899444 -23.513056) from stadiums_wikidata.csv (github.com/miguelgfierro/ai_projects); corroborated by estadios_historico.csv (-23.5129134, -46.8995163) and EIC-BCC pipeline/estadios.csv (-23.512, -46.899)",,none retrievable this session (see search_log),728.0,723-758,DEM 728 m consistent with the São Paulo metropolitan plateau.,Used by Internacional for one 2024 match (neutral/alternate venue). Venue country: Brazil.,high,venues:cont-2,batch
br,Arena Condá,Arena Condá,"Chapecó, SC, Brazil",-27.104061,-52.606987,"github.com/edulongodevgeo/camadas_geojson estadios_v3.geojson (-27.104061, -52.606987); corroborated by same repo estadios_geocoder.geojson (-27.10409, -52.60698) and estadios_historico.csv (-27.1040925, -52.6069818)",,none retrievable this session (see search_log),687.0,672-697,"DEM 687 m consistent with Chapecó (commonly cited ~674 m, unverified recall).",Chapecoense home. Venue country: Brazil.,high,venues:cont-2,batch
br,Arena Corinthians,Neo Química Arena (Arena Corinthians),"São Paulo (Itaquera), SP, Brazil",-23.545318,-46.47424,"github.com/edulongodevgeo/camadas_geojson estadios_v3.geojson (-23.545318, -46.47424); corroborated by estadios_historico.csv (-23.5453328, -46.4743055) and kentang2017/kinastro (-23.5453, -46.4744)",,none retrievable this session (see search_log),790.0,771-806,DEM 790 m consistent with eastern São Paulo plateau.,Corinthians home. Venue country: Brazil.,high,venues:cont-2,batch
br,Arena Joinville,Arena Joinville (Estádio Municipal Wilson Lima),"Joinville, SC, Brazil",-26.316667,-48.833611,"Wikidata stadium coordinate Point(-48.833611 -26.316667) from stadiums_wikidata.csv (github.com/miguelgfierro/ai_projects); corroborated by estadios_historico.csv (-26.3168552, -48.8334996)",,none retrievable this session (see search_log),3.0,-1-8,DEM 3 m consistent with Joinville's coastal lowland (~4 m).,"Joinville home, one 2015 match. Venue country: Brazil.",high,venues:cont-2,batch
br,Arena MRV,Arena MRV,"Belo Horizonte (Califórnia), MG, Brazil",-19.930073,-44.014614,"github.com/edulongodevgeo/camadas_geojson estadios_v3.geojson (-19.930073, -44.014614); corroborated by estadios_geocoder.geojson (-19.9300116, -44.0138813) and EIC-BCC pipeline/estadios.csv (-19.9299, -44.0145)",,none retrievable this session (see search_log),934.0,917-953,"DEM 934 m; Belo Horizonte average is commonly cited ~852 m (unverified recall) but the arena sits on higher ground in the western Califórnia district, so the 80 m difference is plausible and three sources agree on location to <100 m.","Atlético Mineiro home since 2023; a club-level point in kentang2017/kinastro (-19.9039, -43.9178) is the city centre and was discarded. Venue country: Brazil.",high,venues:cont-2,batch
br,Arena Pantanal,Arena Pantanal,"Cuiabá, MT, Brazil",-15.604055,-56.121628,"github.com/edulongodevgeo/camadas_geojson estadios_v3.geojson (-15.604055, -56.121628); corroborated by estadios_historico.csv (-15.6040649, -56.1222989) and EIC-BCC estadios.csv (-15.6034, -56.1223)",,none retrievable this session (see search_log),176.0,166-180,DEM 176 m consistent with Cuiabá (~165-180 m).,Cuiabá home. Venue country: Brazil.,high,venues:cont-2,batch
br,Arena do Grêmio,Arena do Grêmio,"Porto Alegre (Humaitá), RS, Brazil",-29.973981,-51.194841,"github.com/edulongodevgeo/camadas_geojson estadios_v3.geojson (-29.973981, -51.194841); corroborated by Wikidata dump Point(-51.194403 -29.973444) and estadios_historico.csv (-29.9740429, -51.1951073)",,none retrievable this session (see search_log),5.0,1-9,DEM 5 m consistent with the Guaíba/Gravataí floodplain site in Humaitá.,Grêmio home. Venue country: Brazil.,high,venues:cont-2,batch
br,Casa de Apostas Arena Fonte Nova,Arena Fonte Nova (Estádio Octávio Mangabeira; sponsor names Itaipava / Casa de Apostas),"Salvador, BA, Brazil",-12.978817,-38.504274,"github.com/edulongodevgeo/camadas_geojson estadios_v3.geojson (-12.978817, -38.504274); corroborated by Wikidata dump Point(-38.504252777 -12.978819444) and kentang2017/kinastro (-12.9789, -38.5044)",,none retrievable this session (see search_log),37.0,25-64,DEM 37 m consistent with the stadium's position beside the Dique do Tororó below Salvador's upper city; window spread reflects the hillside.,Bahia home. Venue country: Brazil.,high,venues:cont-2,batch
br,Estadio Domingo Burgueño Miguel (Neutral Site),Estadio Domingo Burgueño Miguel (Estadio Campus de Maldonado),"Maldonado, Uruguay",-34.914444,-54.955278,"Wikidata stadium coordinate Point(-54.955278 -34.914444) from stadiums_wikidata.csv (github.com/miguelgfierro/ai_projects); roughly corroborated by club-level point in kentang2017/kinastro (-34.9111, -54.9500)",,none retrievable this session (see search_log),34.0,27-41,DEM 34 m consistent with a low coastal site in Maldonado.,"Neutral venue of the 2023 Copa Sudamericana final (Fortaleza 1-1 LDU Quito, 2023-10-28, confirmed in local SUD_fbref_completed.csv). Venue country: Uruguay (input country 'br' is the home team's country).",high,venues:cont-2,batch
br,Estadio Monumental (Neutral Site),"Estadio Monumental ""U"" (Estadio Monumental de Lima)","Lima (Ate district), Peru",-12.055694,-76.935972,Wikidata stadium coordinate Point(-76.935972 -12.055694) for Club Universitario de Deportes' home from stadiums_wikidata.csv (github.com/miguelgfierro/ai_projects),,none retrievable this session (see search_log),271.0,262-313,"DEM 271 m is plausible for the Ate district on Lima's eastern foothills (well above the ~160 m city centre); a nearby candidate 1.5 km SW returned 460 m, so the Wikidata point is the lower valley-floor site.","Identified from local LIB_fbref_completed.csv: 2019 Copa Libertadores final Flamengo 2-1 River Plate on 2019-11-23, played in Lima. Venue country: Peru (input country 'br' is the home team's country).",high,venues:cont-2,batch
br,Estadio Monumental Isidro Romero Carbo (Neutral Site),Estadio Monumental Isidro Romero Carbo (Estadio Monumental Banco Pichincha),"Guayaquil, Ecuador",-2.185869,-79.924931,"Wikidata stadium coordinate Point(-79.924931 -2.185869) from stadiums_wikidata.csv (github.com/miguelgfierro/ai_projects); corroborated by imadori-PE/LearningPython Databases/opengeo/where.js (-2.18582, -79.92497)",,none retrievable this session (see search_log),19.0,14-43,DEM 19 m consistent with Guayaquil's coastal plain (~4-20 m).,"Neutral venue of the 2022 Copa Libertadores final (Flamengo 1-0 Athletico Paranaense, 2022-10-29, confirmed in local CSV). Venue country: Ecuador.",high,venues:cont-2,batch
br,Estadio Mâs Monumental (Neutral Site),Estadio Monumental Antonio Vespucio Liberti (Estadio Mâs Monumental),"Buenos Aires (Núñez/Belgrano), Argentina",-34.545278,-58.449444,"Wikidata stadium coordinate Point(-58.449444 -34.545278) from stadiums_wikidata.csv (github.com/miguelgfierro/ai_projects); corroborated by kentang2017/kinastro (-34.5453, -58.4497)",,none retrievable this session (see search_log),7.0,1-22,DEM 7 m consistent with the Río de la Plata shoreline site.,"Same stadium as 'Estadio Monumental Antonio Vespucio Libe...' (sponsor name since 2022). Neutral venue of the 2024 Copa Libertadores final (Atlético Mineiro 1-3 Botafogo, 2024-11-30, confirmed in local CSV). Venue country: Argentina.",high,venues:cont-2,batch
br,Estádio Adelmar da Costa Carvalho,Estádio Adelmar da Costa Carvalho (Ilha do Retiro),"Recife, PE, Brazil",-8.062918,-34.902922,"github.com/edulongodevgeo/camadas_geojson estadios_v3.geojson (Ilha do Retiro -8.062918, -34.902922); corroborated by Wikidata dump Point(-34.902980555 -8.062952777) and estadios_historico.csv (-8.0630099, -34.9036005)",,none retrievable this session (see search_log),8.0,2-17,DEM 8 m consistent with Recife's estuarine lowland.,Sport Recife home. Venue country: Brazil.,high,venues:cont-2,batch
br,Estádio Alfredo Jaconi,Estádio Alfredo Jaconi,"Caxias do Sul, RS, Brazil",-29.162317,-51.176232,"github.com/edulongodevgeo/camadas_geojson estadios_v3.geojson (-29.162317, -51.176232); corroborated by Wikidata dump Point(-51.176 -29.162) and estadios_historico.csv (-29.162264, -51.1764503)",,none retrievable this session (see search_log),748.0,747-784,"DEM 748 m; Caxias do Sul is commonly cited ~817 m (unverified recall) for the municipal seat, the stadium lies in a slightly lower part of the city; within tolerance and three sources agree on location.",Used by Internacional for one 2024 match (Beira-Rio flooded). Venue country: Brazil.,high,venues:cont-2,batch
br,Estádio Antônio Accioly,Estádio Antônio Accioly,"Goiânia (Campinas district), GO, Brazil",-16.670151,-49.284245,"github.com/edulongodevgeo/camadas_geojson estadios_v3.geojson (-16.670151, -49.284245); corroborated by estadios_geocoder.geojson (-16.66953, -49.28414) and estadios_historico.csv (-16.6695309, -49.2841376)",,none retrievable this session (see search_log),732.0,731-742,"DEM 732 m consistent with Goiânia (~749 m, unverified recall).",Atlético Goianiense home. Venue country: Brazil.,high,venues:cont-2,batch
br,Estádio Castelão,Arena Castelão (Estádio Governador Plácido Aderaldo Castelo),"Fortaleza, CE, Brazil",-3.807274,-38.522454,"github.com/edulongodevgeo/camadas_geojson estadios_v3.geojson (-3.807274, -38.522454); corroborated by Wikidata dump Point(-38.522481 -3.807267) and kentang2017/kinastro (-3.8072, -38.5225)",,none retrievable this session (see search_log),24.0,20-42,DEM 24 m consistent with Fortaleza's coastal plain (~16-30 m).,Fortaleza (and Ceará) home. Not to be confused with the Castelão in São Luís (MA). Venue country: Brazil.,high,venues:cont-2,batch
ar,El Gigante de Arroyito,Estadio Gigante de Arroyito (Estadio Dr. Lisandro de la Torre),"Rosario, Santa Fe",-32.913997,-60.674567,"Wikidata P625 via SPARQL export (miguelgfierro/ai_projects stadiums_wikidata.csv); corroborated by thatbritguy/world-cup-ics 1978 venues (en.wikipedia-verified, -32.91399722/-60.67456667) and Udacity world_cup_geo.tsv (-32.914102/-60.674602)",38.0,"GeoNames city elevation for Rosario (blackadderkate/weather-widget-2 db/AR.csv; same value in hrgdavor/jsx6 cities.txt) - city-level, not stadium-specific",24.0,15-26,DEM 24 m vs city figure 38 m: stadium sits on the lower Paraná riverbank terrace north of the centre; difference (14 m) within expected intra-city relief. Consistent.,"Rosario Central home ground, Av. Génova / Paraná riverfront. Same venue as FBref 'Estadio Gigante de Arroyito'. Memory-based first guess (-32.9089) was 560 m north; replaced by Wikidata coords.",high,venues:cont-1,batch
ar,Estadio 15 de Abril,Estadio 15 de Abril,"Santa Fe, Santa Fe",-31.631853,-60.715867,"Wikidata P625 via SPARQL export (miguelgfierro/ai_projects stadiums_wikidata.csv, club Unión de Santa Fe); kinastro stadiums.py gives -31.6333/-60.7167 (rounded, consistent)",21.0,GeoNames city elevation for Santa Fe (blackadderkate/weather-widget-2 db/AR.csv; 20 in hrgdavor/jsx6 cities.txt) - city-level,18.0,13-26,DEM 18 m vs city 21 m: consistent (flat Paraná floodplain city).,"Club Atlético Unión (Santa Fe) home ground, Barrio Candioti / López y Planes.",high,venues:cont-1,batch
ar,Estadio Alberto José Armando,Estadio Alberto J. Armando (La Bombonera),"Buenos Aires (La Boca), CABA",-34.63565,-58.36465,"Wikidata P625 via SPARQL export (miguelgfierro/ai_projects stadiums_wikidata.csv); corroborated by Buenos Aires city open-data estadios.csv (-34.635736/-58.364758, JuanPabloAnselmo mirror) and several map datasets (-34.6356/-58.3647)",31.0,GeoNames city elevation for Buenos Aires (blackadderkate/weather-widget-2 db/AR.csv; same in hrgdavor/jsx6) - city-level,13.0,3-18,"DEM 13 m vs city 31 m: La Boca is the low riverside barrio well below the city's average terrace; 18 m difference is expected local relief, not a coordinate error.","Boca Juniors home ground, Brandsen 805. Coastal/riverside site next to the Riachuelo.",high,venues:cont-1,batch
ar,Estadio Ciudad de La Plata,Estadio Ciudad de La Plata (Estadio Único; since 2020 Estadio Único Diego Armando Maradona),"La Plata, Buenos Aires",-34.91375,-57.989028,Wikidata P625 via SPARQL export (miguelgfierro/ai_projects stadiums_wikidata.csv); corroborated by Wikipedia-scraped stadium list (airscholar/FootballDataEngineering -34.91384/-57.98905) and MatiArea/zippin-map (-34.9128/-57.9889),27.0,GeoNames city elevation for La Plata (blackadderkate/weather-widget-2 db/AR.csv; same in hrgdavor/jsx6) - city-level,10.0,5-22,DEM bilinear 10 m (nearest cell 8 m) vs city 27 m: stadium is on the low ground at Av. 25 y 32 on the NW edge of the grid; consistent with flat pampa terrain.,Used by Estudiantes de La Plata 2015-2018 (and Gimnasia) while their own grounds were unavailable. Wikidata club label in the export is garbled ('Club Estudiante del grado de urgencia') but the venue label and coordinates are correct.,high,venues:cont-1,batch
ar,Estadio Ciudad de Lanús,Estadio Ciudad de Lanús – Néstor Díaz Pérez (La Fortaleza),"Lanús, Buenos Aires",-34.717667,-58.383806,Wikidata P625 via SPARQL export (miguelgfierro/ai_projects stadiums_wikidata.csv); kinastro stadiums.py -34.7178/-58.3839 agrees,10.0,GeoNames city elevation for Lanús (blackadderkate/weather-widget-2 db/AR.csv; same in hrgdavor/jsx6) - city-level,14.0,4-19,DEM bilinear 14 m (nearest 13 m) vs city 10 m: consistent.,Club Atlético Lanús home ground; also used as an alternate/neutral venue by several other clubs (only 13 of 39 matches were Lanús home games).,high,venues:cont-1,batch
ar,Estadio Diego Armando Maradona,Estadio Diego Armando Maradona (La Paternal),"Buenos Aires (La Paternal / Villa General Mitre), CABA",-34.606028,-58.472583,Wikidata P625 via SPARQL export (miguelgfierro/ai_projects stadiums_wikidata.csv); corroborated by Buenos Aires city open-data estadios.csv (-34.606276/-58.473028) and GCBA clubes.csv (Gavilán 2151: -34.606146/-58.473316),31.0,GeoNames city elevation for Buenos Aires (blackadderkate/weather-widget-2 db/AR.csv) - city-level,20.0,16-26,DEM 20 m vs city 31 m: consistent (gently rolling city terrace).,"Resolved to Argentinos Juniors' ground (8 of 15 matches). CAUTION: La Plata's Estadio Ciudad de La Plata was also renamed 'Estadio Único Diego Armando Maradona' in 2020, and the 7 non-Argentinos matches (2021-2023) may have been played there (DEM ~10 m at -34.91375/-57.989028); both sites are near sea level so the altitude conclusion is unaffected.",high,venues:cont-1,batch
ar,Estadio Florencio Solá,Estadio Florencio Sola,"Banfield (Lomas de Zamora), Buenos Aires",-34.750847,-58.387544,Wikidata P625 via SPARQL export (miguelgfierro/ai_projects stadiums_wikidata.csv); kinastro stadiums.py -34.7506/-58.3878 agrees. Two other datasets place it ~0.8 km NW (guigalhano estadios_argentina.js -34.7439/-58.3947; DarioDiGulio estadios.sql -34.7464/-58.3972),,No Banfield entry in the reachable GeoNames-derived city lists; neighbouring Lanús is 10 m and Buenos Aires 31 m (city-level). No stadium-specific altitude reachable.,15.0,12-20,"DEM 15 m at Wikidata site; 17 m at the alternative site (-34.7439/-58.3947). Flat suburban terrain, so the ~0.8 km site discrepancy does not affect elevation.","Club Atlético Banfield home ground (Peña y Arenales, Banfield Este); Defensa y Justicia used it once. Exact site not independently confirmed beyond Wikidata+kinastro, hence medium.",medium,venues:cont-1,batch
ar,Estadio Gigante de Arroyito,Estadio Gigante de Arroyito (Estadio Dr. Lisandro de la Torre),"Rosario, Santa Fe",-32.913997,-60.674567,Wikidata P625 via SPARQL export (miguelgfierro/ai_projects stadiums_wikidata.csv); corroborated by thatbritguy/world-cup-ics (en.wikipedia-verified) and Udacity world_cup_geo.tsv,38.0,GeoNames city elevation for Rosario (blackadderkate/weather-widget-2 db/AR.csv) - city-level,24.0,15-26,"DEM 24 m vs city 38 m: riverbank terrace, consistent.",Same venue as FBref 'El Gigante de Arroyito' (2019 entry); Rosario Central home ground.,high,venues:cont-1,batch
ar,Estadio Jorge Luis Hirschi,Estadio Jorge Luis Hirschi (Estadio UNO),"La Plata, Buenos Aires",-34.9116,-57.9386,"Two independent GitHub datasets: cjabradshaw/sportdiv data/dat.csv (-34.91161/-57.93857) and charlie9578/maps clubs.json (-34.912/-57.9389); consistent with the known address (calles 1 y 57, beside Paseo del Bosque, ~550 m W of Estadio Zerillo at -57.9326). Not present in the Wikidata export.",27.0,GeoNames city elevation for La Plata (blackadderkate/weather-widget-2 db/AR.csv) - city-level,24.0,12-33,DEM bilinear 24 m (nearest 25 m) vs city 27 m: consistent.,"Estudiantes de La Plata home ground, rebuilt and reopened Nov 2019. kinastro's -34.9117/-57.9322 and DarioDiGulio's -34.9196/-57.9596 were rejected as inconsistent with the address (DEM there 25 m and ~20 m respectively, so elevation is unaffected either way).",medium,venues:cont-1,batch
ar,Estadio José Amalfitani,Estadio José Amalfitani,"Buenos Aires (Liniers), CABA",-34.635375,-58.520711,"Wikidata P625 via SPARQL export (miguelgfierro/ai_projects stadiums_wikidata.csv); corroborated by thatbritguy/world-cup-ics (en.wikipedia-verified, -34.635278/-58.520556) and Buenos Aires open-data estadios.csv (-34.635330/-58.520663)",31.0,GeoNames city elevation for Buenos Aires (blackadderkate/weather-widget-2 db/AR.csv) - city-level,27.0,10-37,DEM bilinear 27 m (nearest 28 m) vs city 31 m: consistent.,"Vélez Sarsfield home ground, Av. Juan B. Justo 9200.",high,venues:cont-1,batch
ar,Estadio Juan Carmelo Zerillo,Estadio Juan Carmelo Zerillo (El Bosque),"La Plata, Buenos Aires",-34.910975,-57.932592,"Wikidata P625 via SPARQL export (miguelgfierro/ai_projects stadiums_wikidata.csv, club Gimnasia y Esgrima La Plata)",27.0,GeoNames city elevation for La Plata (blackadderkate/weather-widget-2 db/AR.csv) - city-level,37.0,23-65,"DEM bilinear 37 m (nearest 38 m) vs city 27 m: consistent; the wide 150 m window (up to 65 m) reflects SRTM picking up tree canopy of the adjacent Paseo del Bosque, not terrain.","Gimnasia y Esgrima La Plata home ground (calles 60 y 118, inside the Bosque); Defensa y Justicia used it once.",high,venues:cont-1,batch
ar,Estadio Juan Domingo Perón,Estadio Presidente Juan Domingo Perón (El Cilindro de Avellaneda),"Avellaneda, Buenos Aires",-34.6674,-58.3686,"Not in the Wikidata export (Racing Club row there is mislabelled with Independiente's ground). Taken from kentang2017/kinastro stadiums.py (-34.6675/-58.3686), corroborated by LiquidGalaxyLAB Football.dart (-34.6674016/-58.3685984) and deantmcg/football-vault (-34.6672/-58.3697)",13.0,"GeoNames city elevation for Avellaneda, Buenos Aires (blackadderkate/weather-widget-2 db/AR.csv) - city-level",2.0,-6-23,"DEM bilinear 2 m (nearest cell -4 m, an SRTM artefact next to the large concrete bowl) vs city 13 m; window max 23 m is the stadium structure itself. Low-lying Riachuelo floodplain site, essentially sea level. Consistent.","Racing Club home ground. Same venue as FBref 'Estadio Presidente Juan Domingo Perón'. Coordinates from secondary datasets only (three agree within ~100 m), hence medium.",medium,venues:cont-1,batch
ar,Estadio Julio César Villagra,Estadio Julio César Villagra (Gigante de Alberdi),"Córdoba, Córdoba",-31.4035,-64.206272,"Wikidata P625 via SPARQL export (miguelgfierro/ai_projects stadiums_wikidata.csv, club Belgrano); corroborated by a Google Maps embed centred on the stadium in fabcito/BelgranoAC_FrontEnd (-31.40356/-64.20658)",395.0,GeoNames city elevation for Córdoba (blackadderkate/weather-widget-2 db/AR.csv; same in hrgdavor/jsx6) - city-level,398.0,394-403,DEM 398 m vs city 395 m: excellent agreement.,"Belgrano de Córdoba home ground, Barrio Alberdi.",high,venues:cont-1,batch
ar,Estadio Malvinas Argentinas,Estadio Malvinas Argentinas (Estadio Ciudad de Mendoza),"Mendoza, Mendoza",-32.889564,-68.879994,Wikidata Q1072265 coordinates via a Wikidata-tagged POI extract (Felipebarv25/app-vuelos mendoza-argentina.json); corroborated by Wikipedia-scraped list (kareemNagah/E2E_FootBall_Stadiums_Pipeline -32.8896213/-68.8799005) and kinastro (-32.8897/-68.8803),746.0,GeoNames city elevation for Mendoza (blackadderkate/weather-widget-2 db/AR.csv; same in hrgdavor/jsx6) - city-level; no stadium-specific altitude reachable,839.0,836-861,"DEM 839 m vs city-centre 746 m: the stadium is 5 km west of the centre in Parque General San Martín on the Andean piedmont, ~90 m higher; difference is real relief, not a coordinate error (window is tight, 836-861).",Godoy Cruz home ground for continental matches 2017-2019. The Udacity world_cup_geo.tsv value (-32.88497/-68.80185) is wrong (east of the city) and was discarded.,high,venues:cont-1,batch
ar,Estadio Marcelo Alberto Bielsa,Estadio Marcelo Bielsa (El Coloso del Parque),"Rosario, Santa Fe",-32.956056,-60.661444,"Wikidata P625 via SPARQL export (miguelgfierro/ai_projects stadiums_wikidata.csv, club Newell's Old Boys); kinastro -32.9558/-60.6614 agrees",38.0,GeoNames city elevation for Rosario (blackadderkate/weather-widget-2 db/AR.csv) - city-level,34.0,26-40,DEM bilinear 34 m (nearest 35 m) vs city 38 m: consistent.,"Newell's Old Boys home ground, Parque de la Independencia.",high,venues:cont-1,batch
ar,Estadio Monumental Presidente José Fierr...,Estadio Monumental Presidente José Fierro,"San Miguel de Tucumán, Tucumán",-26.812778,-65.199167,Wikidata P625 via SPARQL export (miguelgfierro/ai_projects stadiums_wikidata.csv; the row's labels are vandalised as 'Estadio Mudomental José Hielo' but club = Atlético Tucumán and coordinates match the 25 de Mayo 1351 address). Secondary datasets scatter ~1-2 km (diegomtnfranco seed -26.80332/-65.19503; kinastro -26.8172/-65.2167),452.0,GeoNames city elevation for San Miguel de Tucumán (blackadderkate/weather-widget-2 db/AR.csv; same in hrgdavor/jsx6) - city-level,449.0,444-451,"DEM 449 m vs city 452 m: excellent agreement; alternative candidate sites give 446-457 m, so elevation is robust.",FBref name truncated; resolved via home team Atlético Tucumán. Medium only because the Wikidata row label was vandalised and secondary sources disagree on the exact site.,medium,venues:cont-1,batch
ar,Estadio Mâs Monumental,Estadio Mâs Monumental (Estadio Monumental Antonio Vespucio Liberti),"Buenos Aires (Núñez/Belgrano), CABA",-34.545278,-58.449444,Wikidata P625 via SPARQL export (miguelgfierro/ai_projects stadiums_wikidata.csv); corroborated by Buenos Aires open-data estadios.csv (-34.545306/-58.449766) and world_cup_geo.tsv (-34.545306/-58.449775),31.0,GeoNames city elevation for Buenos Aires (blackadderkate/weather-widget-2 db/AR.csv) - city-level,7.0,1-22,DEM 7 m vs city 31 m: the Monumental sits on the low riverside plain of Núñez next to the Río de la Plata; consistent with a coastal site.,"River Plate home ground, Av. Figueroa Alcorta 7597. Also the FBref 2018-era name 'Estadio Monumental' refers to the same venue.",high,venues:cont-1,batch
ar,Estadio Pedro Bidegaín,Estadio Pedro Bidegain (Nuevo Gasómetro),"Buenos Aires (Bajo Flores), CABA",-34.652064,-58.440119,"Wikidata P625 via SPARQL export (miguelgfierro/ai_projects stadiums_wikidata.csv, 'El Nuevo Gasómetro'); corroborated by Buenos Aires open-data estadios.csv (-34.652038/-58.440221) and kinastro (-34.6522/-58.4400)",31.0,GeoNames city elevation for Buenos Aires (blackadderkate/weather-widget-2 db/AR.csv) - city-level,14.0,-1-23,DEM bilinear 14 m (nearest 18 m) vs city 31 m: Bajo Flores is the low Cildáñez basin; consistent.,"San Lorenzo de Almagro home ground, Av. Perito Moreno y Varela.",high,venues:cont-1,batch
ar,Estadio Presbítero Bartolomé Grella,Estadio Presbítero Bartolomé Grella,"Paraná, Entre Ríos",-31.743031,-60.507597,"Wikidata P625 via SPARQL export (miguelgfierro/ai_projects stadiums_wikidata.csv, club Patronato de Paraná); DarioDiGulio estadios.sql gives a rounded -31.749/-60.513 nearby",78.0,GeoNames city elevation for Paraná (blackadderkate/weather-widget-2 db/AR.csv; hrgdavor/jsx6 cities.txt lists 68) - city-level,68.0,62-71,DEM 68 m vs city 68-78 m: consistent.,Patronato home ground. Memory-based first guess (-31.7286/-60.5117) was 1.6 km off and gave DEM 57 m; replaced by Wikidata coords.,high,venues:cont-1,batch
ar,Estadio Presidente Juan Domingo Perón,Estadio Presidente Juan Domingo Perón (El Cilindro de Avellaneda),"Avellaneda, Buenos Aires",-34.6674,-58.3686,"kentang2017/kinastro stadiums.py (-34.6675/-58.3686), LiquidGalaxyLAB Football.dart (-34.6674016/-58.3685984), deantmcg/football-vault (-34.6672/-58.3697); not in the Wikidata export",13.0,"GeoNames city elevation for Avellaneda, Buenos Aires (blackadderkate/weather-widget-2 db/AR.csv) - city-level",2.0,-6-23,DEM bilinear 2 m (nearest -4 m SRTM artefact beside the bowl) vs city 13 m: near-sea-level floodplain site; consistent.,Racing Club home ground. Same venue as FBref 'Estadio Juan Domingo Perón' (2018 entry).,medium,venues:cont-1,batch
es,Estadio Santiago Bernabéu (Neutral Site),Estadio Santiago Bernabéu,"Madrid, Spain",40.45306,-3.68835,"Wikidata P625 via SPARQL export (miguelgfierro/ai_projects stadiums_wikidata.csv, Real Madrid); deantmcg/football-vault 40.453/-3.6883 agrees",665.0,GeoNames city elevation for Madrid (blackadderkate/weather-widget-2 db/ES.csv) - city-level; no stadium-specific altitude reachable,715.0,702-729,DEM 715 m vs city 665 m: Chamartín (Paseo de la Castellana north) lies ~50 m above the city-centre reference; consistent with Madrid's 600-750 m relief.,"Neutral venue for the 2018 Copa Libertadores final second leg (River Plate as nominal home team, input country code 'ar'). Venue country is Spain.",high,venues:cont-1,batch
ar,Estadio Único Madre de Ciudades,Estadio Único Madre de Ciudades,"Santiago del Estero, Santiago del Estero",-27.765815,-64.270596,"Google-Maps-derived coordinates from a local Santiago del Estero tourism project (Koro013/Proyecto-Turismo-SDE schema.sql: -27.765815/-64.270596 with maps.google.com place cid, and -27.765857/-64.270419) plus a Google Maps embed centred on the stadium at -27.76605/-64.27341 (CastilloAlbertoEzequiel/Sonidos-de-la-ciudad). Not in the Wikidata export. Other datasets give city-centre-like values (-27.7829/-64.2594 alexandrehebert; -27.797/-64.262 Und3fin3d; -27.7833/-64.2667 kinastro)",188.0,GeoNames city elevation for Santiago del Estero (blackadderkate/weather-widget-2 db/AR.csv; same in hrgdavor/jsx6) - city-level,190.0,184-193,DEM 190 m at the chosen site and 191 m at the alternative (-27.7829/-64.2594) vs city 188 m: agreement is excellent and the flat terrain makes the elevation robust to the ~2 km site uncertainty.,"Central Córdoba (SdE) home ground for continental matches in 2025; stadium opened 2021 on the site of the former Estadio Único. Exact site could not be confirmed from Wikidata/Wikipedia, hence medium.",medium,venues:cont-1,batch
br,Estadio Jornalista Mário Filho,Estádio Jornalista Mário Filho (Maracanã),"Rio de Janeiro, RJ, Brazil",-22.912167,-43.230164,"Wikidata P625 via SPARQL export (miguelgfierro/ai_projects stadiums_wikidata.csv, Flamengo); identical value in a Wikidata-derived page (SpocWiki/America-Brazil Maracanã_Stadium.md) and widely repeated (-22.912/-43.230)",12.0,GeoNames city elevation for Rio de Janeiro (blackadderkate/weather-widget-2 db/BR.csv) - city-level,10.0,8-33,DEM 10 m vs city 12 m: consistent (window max 33 m is the stadium roof/structure).,"Home of Flamengo, Fluminense and occasionally Botafogo in continental play; input country codes 'ar,br' (Argentine sides listed as home for finals held here, e.g. 2023/2024 Libertadores finals at neutral venue). Venue country is Brazil.",high,venues:cont-1,batch
ar,Estadio Libertadores de América,Estadio Libertadores de América – Ricardo Enrique Bochini,"Avellaneda, Buenos Aires",-34.670267,-58.370969,Wikidata P625 via SPARQL export (miguelgfierro/ai_projects stadiums_wikidata.csv; row club label mis-assigned to Racing but venue = Independiente's ground); corroborated by Wikipedia-scraped list (kareemNagah -34.6702227/-58.3710378) and kinastro (-34.6703/-58.3711),13.0,"GeoNames city elevation for Avellaneda, Buenos Aires (blackadderkate/weather-widget-2 db/AR.csv) - city-level",6.0,0-17,"DEM 6 m vs city 13 m: consistent, low Riachuelo floodplain site ~350 m from El Cilindro.","Independiente home ground; input country codes 'ar,br' because Brazilian sides were listed as nominal home teams for some matches here (e.g. neutral 2018-2020 fixtures). River Plate also used it as an alternate home in 2018-2020 (3 matches).",high,venues:cont-1,batch
br,Estádio do Morumbi,Estádio Cícero Pompeu de Toledo (Morumbi),São Paulo,-23.600125,-46.720156,"Wikidata P625 via GitHub mirror miguelgfierro/ai_projects stadiums_wikidata.csv (Point(-46.720155555 -23.600125)); corroborated by kentang2017/kinastro (-23.6000,-46.7200)",799.0,CITY-LEVEL: en.wikipedia 'São Paulo' (mirror hiyuantang/AC215_3H2B): 'average elevation of around 799 meters'; no venue-specific published elevation found,750.0,743-769,DEM 750 m vs city average 799 m: within ~50 m; the Morumbi district sits slightly below the city mean. Consistent.,Home of São Paulo FC. Coordinates confirmed by two independent sources.,high,venues:cont-4,batch
br,Estádio do Pacaembú,Estádio Municipal Paulo Machado de Carvalho (Pacaembu),São Paulo,-23.548639,-46.665111,Wikidata P625 via GitHub mirror miguelgfierro/ai_projects stadiums_wikidata.csv (Point(-46.665111 -23.548639)),799.0,CITY-LEVEL: en.wikipedia 'São Paulo' (mirror hiyuantang/AC215_3H2B): 'average elevation of around 799 meters'; no venue-specific published elevation found,754.0,754-795,DEM 754 m vs city average 799 m: within ~45 m; stadium lies in a valley bowl (window rises to 795 m at the surrounding slopes). Consistent.,Used by São Paulo and Santos as neutral/alternate venue 2016-2018.,high,venues:cont-4,batch
br,Itaipava Arena Fonte Nova,Arena Fonte Nova (Estádio Octávio Mangabeira),Salvador,-12.978819,-38.504253,"Wikidata P625 via GitHub mirror miguelgfierro/ai_projects stadiums_wikidata.csv (Point(-38.504252777 -12.978819444)); corroborated by thatbritguy/world-cup-ics 2014 stadium file (-12.978611,-38.504167) and trsneed/FootballTournament2014 (-12.978611,-38.504167)",8.3,"CITY-LEVEL: pt.wikipedia 'Salvador' infobox altitude = 8,3 m (mirror CarwilB/wiki-graph); no venue-specific published elevation found",37.0,25-64,"DEM 37 m vs city infobox 8 m: city figure refers to the lower city; the arena sits on the escarpment above Dique do Tororó, so a few tens of metres is expected. Coastal-scale, consistent.",Home of Bahia (12) and Vitória (1). Three independent coordinate sources agree within 30 m.,high,venues:cont-4,batch
br,Itaipava Arena Pernambuco,Arena Pernambuco (Arena de Pernambuco),São Lourenço da Mata (Recife metro),-8.040556,-35.008333,"thatbritguy/world-cup-ics data/2014/worldcup.stadiums.json (Wikipedia-derived, -8.040556,-35.008333); corroborated by Oncedev/WorldCupMap (-8.0406496,-35.0082049) and LiquidGalaxyLAB/GCI2018 POI file (-8.040640,-35.008205). Not present in the Wikidata CSV mirror.",58.0,CITY-LEVEL: pt.wikipedia 'São Lourenço da Mata' infobox altitude = 58 m (mirror CarwilB/wiki-graph); no venue-specific published elevation found,33.0,26-47,"DEM 33 m vs municipality 58 m: within 25 m, consistent for a lowland coastal-plain site.",Hosted Santa Cruz (1) and Sport Recife (1) in 2016. Three sources agree within ~20 m.,high,venues:cont-4,batch
br,Ligga Arena,Estádio Joaquim Américo Guimarães (Arena da Baixada / Ligga Arena),Curitiba,-25.448333,-49.276944,Wikidata P625 via GitHub mirror miguelgfierro/ai_projects stadiums_wikidata.csv (Point(-49.276944 -25.448333)); identical value in thatbritguy/world-cup-ics 2014 stadium file,934.0,"CITY-LEVEL: pt.wikipedia 'Curitiba' (mirror CarwilB/wiki-graph): 'a 934 metros de altitude' / 'altitude média ... 934,6 m'; no venue-specific published elevation found",908.0,904-931,DEM 908 m vs city mean 934 m: within 30 m (the Água Verde district lies slightly below the city mean). Consistent.,Athletico Paranaense home; 'Ligga Arena' is the 2021+ naming-rights name of the Arena da Baixada.,high,venues:cont-4,batch
br,Neo Química Arena,Arena Corinthians (Neo Química Arena),São Paulo (Itaquera),-23.54525,-46.474278,"thatbritguy/world-cup-ics data/2014/worldcup.stadiums.json 'Arena de São Paulo' (-23.54525,-46.474278); corroborated by kentang2017/kinastro (-23.5453,-46.4744). Not present in the Wikidata CSV mirror.",799.0,CITY-LEVEL: en.wikipedia 'São Paulo' (mirror hiyuantang/AC215_3H2B): 'average elevation of around 799 meters'; no venue-specific published elevation found,785.0,771-806,DEM 785 m vs city average 799 m: within 15 m. Consistent.,"Corinthians home, Itaquera district in eastern São Paulo.",high,venues:cont-4,batch
br,Parque Maracaná,Estádio Jornalista Mário Filho (Maracanã),Rio de Janeiro,-22.912167,-43.230164,"Wikidata P625 via GitHub mirror miguelgfierro/ai_projects stadiums_wikidata.csv (Point(-43.230163888 -22.912166666)); corroborated by thatbritguy/world-cup-ics (-22.912222,-43.230278) and davialmeida135 geocoded CSV (-22.9121619,-43.2311861)",,No published venue or usable city altitude found in the accessible mirrors (pt.wikipedia Rio de Janeiro mirror carries no altitude parameter),10.0,8-33,No reported figure; DEM 10 m is consistent with a near-sea-level site in the Maracanã district.,Fluminense home match 2019. FBref name 'Parque Maracaná' = Maracanã.,high,venues:cont-4,batch
"br,cl",Estadio Regional Calvo y Bascuñán,Estadio Regional Calvo y Bascuñán (Estadio Regional de Antofagasta),Antofagasta,-23.670139,-70.404583,"Wikidata P625 via GitHub mirror miguelgfierro/ai_projects stadiums_wikidata.csv 'Estadio Regional de Antofagasta' (Point(-70.40458333 -23.67013889)); corroborated by guigalhano/jogos-chile-scraper (-23.6701,-70.4046)",,No published venue elevation found; es.wikipedia Antofagasta page not available in accessible mirrors,24.0,18-38,No reported figure; DEM 24 m matches a coastal-plain stadium a few hundred metres from the Pacific.,Deportes Antofagasta home (6). The single 'Santos' home match in the input is almost certainly an FBref attribution artefact; the venue is in Chile.,high,venues:cont-4,batch
cl,Estadio Bicentenario Francisco Sánchez R...,Estadio Municipal Francisco Sánchez Rumoroso,Coquimbo,-29.965278,-71.338333,"Wikidata P625 via GitHub mirror miguelgfierro/ai_projects stadiums_wikidata.csv (Point(-71.338333 -29.965278)); corroborated by guigalhano/jogos-chile-scraper (-29.9647,-71.3387)",,No published venue elevation found,42.0,33-44,No reported figure; DEM 42 m is consistent with a coastal site near La Herradura bay.,Truncated FBref name resolved via Coquimbo Unido / neutral-site use by Palestino (2024). Also called Estadio Bicentenario Francisco Sánchez Rumoroso.,high,venues:cont-4,batch
cl,Estadio Bicentenario Municipal Nelson Oy...,Estadio Bicentenario Municipal Nelson Oyarzún Arenas,Chillán,-36.618056,-72.1075,"Wikidata P625 via GitHub mirror miguelgfierro/ai_projects stadiums_wikidata.csv (Point(-72.1075 -36.618056)); corroborated by guigalhano/jogos-chile-scraper (-36.6183,-72.1078)",,No published venue elevation found; es.wikipedia Chillán page not available in accessible mirrors,126.0,122-133,No reported figure; DEM 126 m is consistent with Chillán's central-valley setting (~120-130 m).,Ñublense home (2022). Truncated FBref name resolved via home team.,high,venues:cont-4,batch
cl,Estadio Bicentenario Municipal de La Flo...,Estadio Bicentenario Municipal de La Florida,"La Florida, Santiago",-33.540833,-70.578333,"Wikidata P625 via GitHub mirror miguelgfierro/ai_projects stadiums_wikidata.csv (Point(-70.578333 -33.540833)); corroborated by guigalhano/jogos-chile-scraper (-33.5408,-70.5783)",,No published venue elevation found; es.wikipedia La Florida (Chile) mirror has no altitude parameter,634.0,629-639,No reported figure; DEM 634 m is consistent with south-eastern Santiago (city 400-700 m per en.wikipedia Santiago).,Audax Italiano home (2018). Truncated FBref name resolved via home team.,high,venues:cont-4,batch
cl,Estadio CAP,Estadio CAP (Estadio Huachipato-CAP Acero),Talcahuano,-36.755556,-73.107222,"Wikidata P625 via GitHub mirror miguelgfierro/ai_projects stadiums_wikidata.csv (Point(-73.107222 -36.755556)); corroborated by julioz/workspace-projects-2013 clubs.xml (-36.755020,-73.107513) and guigalhano/jogos-chile-scraper (-36.7542,-73.1079)",1.0,CITY-LEVEL: es.wikipedia 'Talcahuano' infobox altitud = 1 m (centre; article notes sectors between 5 and 220 m) (mirror CarwilB/wiki-graph); no venue-specific published elevation found,24.0,14-72,"DEM 24 m vs city centre 1 m: stadium is at the foot of the Las Higueras hills (window up to 72 m). Coastal-scale, consistent.",Huachipato home (2024). Three coordinate sources agree within ~150 m.,high,venues:cont-4,batch
cl,Estadio CODELCO-El Teniente,Estadio El Teniente (Estadio Codelco El Teniente),Rancagua,-34.177764,-70.737719,"Wikidata P625 via GitHub mirror miguelgfierro/ai_projects stadiums_wikidata.csv (Point(-70.737719 -34.177764)); corroborated by guigalhano/jogos-chile-scraper (-34.1778,-70.7380) and kentang2017/kinastro (-34.1789,-70.7269)",,No published venue elevation found; es.wikipedia Rancagua page not available in accessible mirrors,517.0,511-519,No reported figure; DEM 517 m is consistent with Rancagua's central-valley elevation (~500 m).,O'Higgins home; also neutral-site venue for Palestino and others.,high,venues:cont-4,batch
cl,Estadio El Cobre,Estadio El Cobre,"El Salvador (Diego de Almagro), Atacama",-26.251944,-69.628611,"Wikidata P625 via GitHub mirror miguelgfierro/ai_projects stadiums_wikidata.csv (Point(-69.628611 -26.251944)); kentang2017/kinastro gives -26.2389,-69.6261 (~1.5 km N, town centre). guigalhano value (-26.3403,-70.6247) is wrong (100 km west) and was discarded.",2400.0,"TOWN-LEVEL: en.wikipedia 'El Salvador, Chile' lead (mirror wenhuchen/WikiTables-WithLinks): 'Located at an elevation of more than 2,400 meters'; no venue-specific published elevation found",2215.0,2201-2226,"DEM 2215 m at the stadium (town centre DEM 2240-2290 m) vs published 'more than 2,400 m': ~190 m gap. The published town figure appears rounded/overstated; coordinates are corroborated and the DEM confirms a high-altitude site, so the DEM value should be preferred.",Cobresal home (2016). Highest-altitude venue in this batch; flag the reported-vs-DEM gap for the analyst.,high,venues:cont-4,batch
cl,Estadio Elías Figueroa Brander,Estadio Elías Figueroa Brander (ex Estadio Regional Chiledeportes / Playa Ancha),Valparaíso,-33.022278,-71.64,"Wikidata P625 via GitHub mirror miguelgfierro/ai_projects stadiums_wikidata.csv (Point(-71.64 -33.02227778)); corroborated by Wikidata node Q1369589 in Felipebarv25/app-vuelos (-33.02227778,-71.64) and Valparaíso GTFS stops 'Estadio Elías Figueroa Brander' (-33.0220,-71.6407)",,No published venue elevation found,44.0,24-57,No reported figure; DEM 44 m fits the stadium's location on the Playa Ancha hill above the coast.,Santiago Wanderers home; also used by Unión La Calera (2024).,high,venues:cont-4,batch
cl,Estadio Monumental David Arellano,Estadio Monumental David Arellano,"Macul, Santiago",-33.506611,-70.605944,"Wikidata P625 via GitHub mirror miguelgfierro/ai_projects stadiums_wikidata.csv (Point(-70.605944 -33.506611)); corroborated by Google-Places POI dump salgode/salgode-poi-scrapper (-33.5066621,-70.6060094) and guigalhano (-33.5065,-70.6055)",574.0,COMMUNE-LEVEL: es.wikipedia 'Macul' infobox elevación_media = 574 m (mirror CarwilB/wiki-graph); no venue-specific published elevation found,578.0,576-593,DEM 578 m vs commune mean 574 m: within 5 m. Consistent.,Colo-Colo home (28); O'Higgins used it as neutral site (2). Three sources agree within 20 m.,high,venues:cont-4,batch
cl,Estadio Municipal Alcaldesa Ester Roa Re...,Estadio Municipal de Concepción Alcaldesa Ester Roa Rebolledo (Estadio Collao),Concepción,-36.815278,-73.023333,"Wikidata P625 via GitHub mirror miguelgfierro/ai_projects stadiums_wikidata.csv 'Estadio Municipal de Concepción' (Point(-73.023333 -36.815278)); corroborated by guigalhano/jogos-chile-scraper (-36.8149,-73.0238)",12.0,CITY-LEVEL: es.wikipedia 'Concepción (Chile)' (mirror CarwilB/wiki-graph): 'elevación promedio de 12 m s. n. m.'; no venue-specific published elevation found,22.0,17-29,DEM 22 m vs city mean 12 m: within 10 m. Consistent.,Universidad de Concepción and Ñublense home matches (2019-2023). Truncated FBref name resolved via home teams.,high,venues:cont-4,batch
cl,Estadio Municipal Bicentenario Germán Be...,Estadio Municipal Bicentenario Germán Becker,Temuco,-38.742778,-72.619722,"Wikidata P625 via GitHub mirror miguelgfierro/ai_projects stadiums_wikidata.csv (Point(-72.619722 -38.742778)); corroborated by guigalhano/jogos-chile-scraper (-38.7427,-72.6197)",,No published venue elevation found; es.wikipedia Temuco page not available in accessible mirrors,112.0,108-119,No reported figure; DEM 112 m is consistent with Temuco's valley setting (~110-120 m).,Deportes Temuco home (2018). Truncated FBref name resolved via home team.,high,venues:cont-4,batch
cl,Estadio Municipal Nicolás Chahuán Nazar,Estadio Municipal Nicolás Chahuán Nazar,La Calera,-32.784167,-71.199444,"Wikidata P625 via GitHub mirror miguelgfierro/ai_projects stadiums_wikidata.csv 'Estadio Municipal Nicolás Chahuán' (Point(-71.199444 -32.784167)). Alternative from guigalhano/jogos-chile-scraper: -32.7931,-71.2087 (~1.3 km SW, DEM 208 m).",,No published venue elevation found; es.wikipedia La Calera mirror has no altitude parameter,215.0,212-219,No reported figure; DEM 215 m (alternative point 208 m) is consistent with La Calera's Aconcagua-valley elevation (~200 m). Either candidate gives the same elevation within 10 m.,Unión La Calera home (2021). The two coordinate sources differ by ~1.3 km; Wikidata value used. Elevation is insensitive to the choice.,medium,venues:cont-4,batch
cl,Estadio Municipal de La Cisterna,Estadio Municipal de La Cisterna,"La Cisterna, Santiago",-33.520833,-70.672778,"Wikidata P625 via GitHub mirror miguelgfierro/ai_projects stadiums_wikidata.csv (Point(-70.67277778 -33.52083333)); corroborated by Google-Places POI dump salgode/salgode-poi-scrapper (-33.5206471,-70.6730536) and guigalhano (-33.5210,-70.6730)",568.0,COMMUNE-LEVEL (historic): es.wikipedia 'La Cisterna' quoting the 1899 Diccionario Jeográfico: 'a 568 m de altitud' (mirror CarwilB/wiki-graph); no venue-specific published elevation found,549.0,547-559,DEM 549 m vs historic commune figure 568 m: within 20 m. Consistent.,Palestino home (2019). Three sources agree within 40 m.,high,venues:cont-4,batch
cl,Estadio Nacional Julio Martínez Prádanos,Estadio Nacional Julio Martínez Prádanos,"Ñuñoa, Santiago",-33.464628,-70.610676,"Google-Places POI dump salgode/salgode-poi-scrapper 'Estadio Nacional Julio Martínez Prádanos, Av. Grecia 2001' (-33.4646281,-70.6106762); corroborated by Xhinhoy/TAi database (-33.4644994,-70.6106319) and guigalhano (-33.4649,-70.6107). Not present in the Wikidata CSV mirror.",570.0,"CITY-LEVEL: en.wikipedia 'Santiago' (mirror cabosanlucas/document_similarity_using_tfidf): 'Plaza Baquedano, near the center, lies at 570 m'; es.wikipedia 'Ñuñoa' quotes an 1899 figure of 600 m for Ñuñoa. No venue-specific published elevation found",567.0,567-583,"DEM 567 m vs nearby published reference 570 m (Plaza Baquedano, ~3 km NW): within 5 m. Consistent.","Universidad de Chile home (13), Universidad Católica (1). Three independent coordinate sources agree within 50 m.",high,venues:cont-4,batch
cl,Estadio San Carlos de Apoquindo,Estadio San Carlos de Apoquindo (now Claro Arena),"Las Condes, Santiago",-33.396034,-70.50054,"Google-Places POI dump salgode/salgode-poi-scrapper 'Estadio San Carlos de Apoquindo, Circunvalación Las Flores 13000' (-33.3960344,-70.5005397); corroborated by guigalhano/jogos-chile-scraper (-33.3960,-70.5018). The Wikidata CSV mirror row for this stadium is vandalised (points to Peru) and was discarded.",960.0,"VENUE-SPECIFIC: en.wikipedia 'Santiago' (mirror cabosanlucas/document_similarity_using_tfidf): 'Estadio San Carlos de Apoquindo, at the eastern edge of the city, has an elevation of 960 m (3,150 ft)'",970.0,956-985,DEM 970 m vs published 960 m: within 10 m. Consistent.,"Universidad Católica home (15), Palestino neutral (2). Highest Santiago venue; rebuilt as Claro Arena (2025).",high,venues:cont-4,batch
cl,Estadio Santa Laura-Universidad SEK,Estadio Santa Laura-Universidad SEK,"Independencia, Santiago",-33.404553,-70.659017,"Wikidata P625 via GitHub mirror miguelgfierro/ai_projects stadiums_wikidata.csv (Point(-70.659017 -33.404553)); corroborated by Google-Places POI dump salgode/salgode-poi-scrapper (-33.4045244,-70.6586966) and guigalhano (-33.4046,-70.6590)",,No published venue elevation found; es.wikipedia Independencia (Chile) mirror has no altitude parameter,532.0,528-537,No reported figure; DEM 532 m is consistent with north-central Santiago (city 400-700 m; Plaza Baquedano 570 m).,"Unión Española home (4), Palestino (4), U de Chile (1). Three sources agree within 40 m.",high,venues:cont-4,batch
cl,Estadio Tierra de Campeones,Estadio Tierra de Campeones Ramón Estay Saavedra,Iquique,-20.242413,-70.132937,"Wikidata P625 via GitHub mirror miguelgfierro/ai_projects stadiums_wikidata.csv (Point(-70.132937 -20.242413)); corroborated by guigalhano/jogos-chile-scraper (-20.2441,-70.1350) and kentang2017/kinastro (-20.2489,-70.1300)",,No published venue elevation found; es.wikipedia Iquique page not available in accessible mirrors,50.0,40-60,No reported figure; DEM 50 m fits a coastal-terrace site in southern Iquique.,Deportes Iquique home (2017).,high,venues:cont-4,batch
br,Estádio Club de Regatas Vasco da Gama,Estádio São Januário (Estádio Vasco da Gama),"Rio de Janeiro, RJ",-22.890917,-43.228253,"Wikidata stadium coordinate dump mirrored on GitHub (miguelgfierro/ai_projects, stadiums_wikidata.csv: 'CR Vasco da Gama, Estádio São Januário, Point(-43.228252777 -22.890916666)'); corroborated by edulongodevgeo/camadas_geojson estadios_v3 (-22.890887,-43.228285) and Brasileirão-2012 stadiums.xml (-22.890833,-43.228056)",,none retrievable (pt.wikipedia Rio de Janeiro city article uses a sub-template infobox; no altitude text in the mirrored page),16.0,5-24,Coastal Rio stadium; DEM 16 m is consistent with sea-level city.,"FBref name is the official club name of São Januário. Vasco home (7 matches, 2018 Libertadores/Sudamericana). Three independent coordinate datasets agree within 30 m.",high,venues:cont-3,batch
br,Estádio Coronel José Bezerra,"Estádio Walmir Campelo Bezerra (Bezerrão) — probable actual venue; FBref label literally names Estádio Municipal Coronel José Bezerra (Bezerrão), Currais Novos RN","Gama, Distrito Federal",-16.0125,-48.062222,"Wikidata dump mirrored on GitHub (miguelgfierro/ai_projects stadiums_wikidata.csv: 'Sociedade Esportiva do Gama, Bezerrão, Point(-48.062222 -16.0125)')",,"none stadium-specific; pt.wikipedia 'Brasília' article (CarwilB/wiki-graph mirror): city lies at 1,000-1,200 m",1159.0,1151-1166,"DEM 1,159 m sits inside the published 1,000-1,200 m range for the Federal District.","NAME-MAPPING ISSUE. The only match is Copa Sudamericana 2015 R16 leg 2, Brasília FC 0-0 Athletico-PR, 30 Sep 2015 (fbref match ec68861f). 'Estádio Municipal Coronel José Bezerra' is a real stadium nicknamed 'Bezerrão' in Currais Novos, Rio Grande do Norte (~2,000 km from Brasília; GeoFootballGraph-BR city coords -6.2575,-36.5136, DEM 335 m; Currais Novos altitude 445 m per pt.wikipedia) - it has never hosted Brasília FC. Brasília FC's other 2015 home leg (v Goiás, 18 Aug) is listed at Estádio Walmir Campelo Bezerra, the Gama 'Bezerrão'; FBref evidently resolved the nickname 'Bezerrão' to the wrong stadium. The true venue is therefore almost certainly the Gama Bezerrão (coordinates given). Could not confirm with a match report because the session's web-search budget was exhausted; if the game was instead at Estádio Mané Garrincha (Brasília, -15.78361,-47.89917 per pt.wikipedia infobox mirror), DEM there is 1,116 m, so the altitude class is unchanged either way.",medium,venues:cont-3,batch
br,Estádio Durival de Brito e Silva,Estádio Durival Britto e Silva (Vila Capanema),"Curitiba, PR",-25.439444,-49.255833,"Wikidata dump mirrored on GitHub (miguelgfierro/ai_projects: 'Estádio Vila Capanema, Point(-49.255833 -25.439444)'); Brasileirão-2012 stadiums.xml gives -25.439540,-49.255679",934.0,City-level: pt.wikipedia 'Curitiba' (Embrapa ref) - 934 m mean altitude (CarwilB/wiki-graph mirror),888.0,885-897,"DEM 888 m vs city mean 934 m: 46 m lower, within normal intra-city relief; consistent.",Used by Athletico Paranaense for 4 matches in 2014 while Arena da Baixada was being rebuilt for the World Cup. Owned by Paraná Clube.,high,venues:cont-3,batch
br,Estádio Governador Magalhães Pinto,Mineirão (Estádio Governador Magalhães Pinto),"Belo Horizonte, MG",-19.865833,-43.970833,"pt.wikipedia infobox coordinates from mirrored page (daltonexx/Data-Scraping-Analysis, _wiki_Estádio_Governador_Magalhães_Pinto.html: data-lat=-19.86583 data-lon=-43.97083); identical in Wikidata mirror and Brasileirão-2012 XML; EIC-BCC estadios.csv -19.8658,-43.9709",,"none stadium-specific; pt.wikipedia 'Belo Horizonte' mirror gives municipal range 673-1,506 m only (infobox mean not present in mirrored text)",846.0,839-861,DEM 846 m is within the published municipal range and close to the commonly cited ~850 m city mean (not verifiable this session).,"Cruzeiro (19) and Atlético Mineiro (19) home, 45 matches 2014-2023.",high,venues:cont-3,batch
br,Estádio Governador Roberto Santos,Estádio de Pituaçu (Estádio Metropolitano Governador Roberto Santos),"Salvador, BA",-12.946636,-38.417019,"Wikipedia-derived Brasileirão-2012 stadiums.xml on GitHub (julioz/workspace-projects-2013: 'Estádio Roberto Santos, Salvador BA, -12.946636 -38.417019'); corroborated by Nominatim geocode in davialmeida135/analise-visual-brasileirao (-12.9460572,-38.4186122) and a geotagged tweet '@ Estádio de Pituaçu' (-12.945997,-38.417164)",8.3,"City-level: pt.wikipedia 'Salvador' infobox altitude 8,3 m (CarwilB/wiki-graph mirror)",32.0,12-35,DEM 32 m vs city figure 8 m: stadium sits on low ground beside the Pituaçu lagoon; difference is small and expected for a hilly coastal city.,"Bahia home for 2 matches in 2021 (Copa Sudamericana). Analyst's memory coordinate (-12.9539,-38.4117) was ~1 km off; superseded by three agreeing sources.",high,venues:cont-3,batch
br,Estádio Heriberto Hülse,Estádio Heriberto Hülse,"Criciúma, SC",-28.684167,-49.3675,"Wikidata dump mirrored on GitHub (miguelgfierro/ai_projects: 'Criciúma Esporte Clube, Estádio Heriberto Hülse, Point(-49.3675 -28.684167)'); geojson v3 -28.684343,-49.36767; Brasileirão-2012 XML -28.683999,-49.367838",47.0,City-level: pt.wikipedia 'Criciúma' infobox altitude 47 m (CarwilB/wiki-graph mirror),56.0,51-70,DEM 56 m vs city 47 m: agree within 10 m.,"Criciúma home, 1 match (2014 Copa Sudamericana).",high,venues:cont-3,batch
br,Estádio Joaquim Américo Guimarães,Arena da Baixada (Ligga Arena; Estádio Joaquim Américo Guimarães),"Curitiba, PR",-25.448333,-49.276944,"Wikidata dump mirrored on GitHub (miguelgfierro/ai_projects: 'Clube Atlético Paranaense, Arena da Baixada, Point(-49.276944 -25.448333)'); geojson v3 -25.448229,-49.276945; EIC-BCC csv -25.4482,-49.2769",934.0,City-level: pt.wikipedia 'Curitiba' (Embrapa) 934 m mean altitude (CarwilB/wiki-graph mirror),908.0,904-931,DEM 908 m vs city mean 934 m: consistent (26 m).,Athletico Paranaense home (22) plus 1 Atlético Mineiro neutral-site use; 38 matches 2017-2023.,high,venues:cont-3,batch
br,Estádio José Pinheiro Borba,Estádio Beira-Rio (Estádio José Pinheiro Borda),"Porto Alegre, RS",-30.065614,-51.236086,"Wikidata dump mirrored on GitHub (miguelgfierro/ai_projects: 'S.C. Internacional, Estádio Beira-Rio, Point(-51.236086 -30.065614)'); geojson v3 -30.065512,-51.235807; EIC-BCC csv -30.0656,-51.2361",10.0,City-level: pt.wikipedia 'Porto Alegre' - 'altitude média da cidade é de 10 m' (CarwilB/wiki-graph mirror),7.0,3-13,DEM 7 m vs city mean 10 m: agree; stadium is on the Guaíba shoreline.,"FBref spelling 'Borba' is a typo for Borda; same stadium as the 'Estádio José Pinheiro Borda' entry. Internacional home, 33 matches 2015-2023.",high,venues:cont-3,batch
br,Estádio José Pinheiro Borda,Estádio Beira-Rio (Estádio José Pinheiro Borda),"Porto Alegre, RS",-30.065614,-51.236086,"Wikidata dump mirrored on GitHub (miguelgfierro/ai_projects: 'S.C. Internacional, Estádio Beira-Rio, Point(-51.236086 -30.065614)'); geojson v3 -30.065512,-51.235807; EIC-BCC csv -30.0656,-51.2361",10.0,City-level: pt.wikipedia 'Porto Alegre' - 'altitude média da cidade é de 10 m' (CarwilB/wiki-graph mirror),7.0,3-13,DEM 7 m vs city mean 10 m: agree.,"Correctly spelled duplicate of the 'Borba' entry (Internacional, 3 matches 2025). Merge with 'Estádio José Pinheiro Borba'.",high,venues:cont-3,batch
br,Estádio Jóse do Rego Maciel,Estádio José do Rego Maciel (Estádio do Arruda),"Recife, PE",-8.026711,-34.891175,"Wikidata dump mirrored on GitHub (miguelgfierro/ai_projects: 'Santa Cruz Futebol Clube, Estádio do Arruda, Point(-34.891175 -8.026711)')",4.0,City-level: pt.wikipedia 'Recife' - 'altitude média em relação ao nível do mar é de quatro metros' (CarwilB/wiki-graph mirror),13.0,4-20,DEM 13 m vs city mean 4 m: consistent for a lowland coastal city.,"Santa Cruz home, 1 match (2016 Copa Sudamericana). FBref accent typo 'Jóse'.",high,venues:cont-3,batch
br,Estádio Kleber José de Andrade,Estádio Estadual Kléber José de Andrade (Estádio Kleber Andrade),"Cariacica, ES",-20.3372,-40.3788,"EIC-BCC pipeline/estadios.csv on GitHub ('Kléber Andrade,-20.3372,-40.3788'); no Wikidata/OSM value retrievable this session. Analyst memory value -20.3389,-40.3856 lies ~0.75 km WSW (DEM 40 m, window 20-58)",46.0,City-level: pt.wikipedia 'Cariacica' - 'A sede do município está a 46 metros acima do nível do mar' (CarwilB/wiki-graph mirror),31.0,25-45,DEM 31 m vs municipal seat 46 m: consistent; both candidate coordinates are low-lying (31-40 m).,Flamengo used it as home for 2 matches in 2016 (Copa Sudamericana). Single-source coordinate; site-level uncertainty <1 km does not affect altitude classification (Vitória metro lowlands).,medium,venues:cont-3,batch
br,Estádio Luso-Brasileiro,"Estádio Luso-Brasileiro (Estádio da Portuguesa, Ilha do Governador)","Rio de Janeiro, RJ",-22.801636,-43.207775,"Wikidata dump mirrored on GitHub (miguelgfierro/ai_projects: 'Associação Atlética Portuguesa, Estádio Luso-Brasileiro, Point(-43.207775 -22.801636)'); geojson v3 -22.801615,-43.207791; EIC-BCC csv -22.801,-43.207",,none retrievable (Rio de Janeiro city article mirror has no altitude text),9.0,4-32,Island/bayside site; DEM 9 m consistent with sea level.,"Flamengo home for 2 matches in 2018 (temporary ground). Analyst memory value (-22.8125,-43.2028) was 1.2 km off; superseded.",high,venues:cont-3,batch
br,Estádio Major Antônio Couto Pereira,Estádio Major Antônio Couto Pereira,"Curitiba, PR",-25.421111,-49.2595,"Wikidata dump mirrored on GitHub (miguelgfierro/ai_projects: 'Coritiba F.C., Estádio Couto Pereira, Point(-49.2595 -25.421111)'); geojson v3 -25.421098,-49.259558; EIC-BCC csv -25.4211,-49.2595; Brasileirão-2012 XML -25.421389,-49.259444",934.0,City-level: pt.wikipedia 'Curitiba' (Embrapa) 934 m mean altitude (CarwilB/wiki-graph mirror),920.0,910-935,DEM 920 m vs city mean 934 m: agree.,Grêmio used it as home for 3 of 6 matches in 2024 (displaced by the Rio Grande do Sul floods).,high,venues:cont-3,batch
br,Estádio Manoel Barradas,Estádio Manoel Barradas (Barradão),"Salvador, BA",-12.919,-38.427,"Wikidata dump mirrored on GitHub (miguelgfierro/ai_projects: 'E.C. Vitória, Barradão, Point(-38.427 -12.919)'); geojson v3 -12.919185,-38.427161; Brasileirão-2012 XML -12.918671,-38.428116; EIC-BCC csv -12.919,-38.427",8.3,"City-level: pt.wikipedia 'Salvador' infobox altitude 8,3 m (CarwilB/wiki-graph mirror)",50.0,45-84,"DEM 50 m vs city figure 8 m: stadium is on a hill in Canabrava; the city-level figure understates the site, but altitude class (lowland) is unchanged.","Vitória home, 2 matches (2014 Copa Sudamericana). Analyst memory coordinate (-12.9161,-38.3939) was 3.6 km off; superseded by four agreeing sources.",high,venues:cont-3,batch
br,Estádio Moisés Lucarelli,Estádio Moisés Lucarelli (Majestoso),"Campinas, SP",-22.913611,-47.051389,"Wikidata dump mirrored on GitHub (miguelgfierro/ai_projects: 'Associação Atlética Ponte Preta, Estádio Moisés Lucarelli, Point(-47.051389 -22.913611)'); geojson v3 -22.913536,-47.051212; Brasileirão-2012 XML identical",685.0,City-level: pt.wikipedia 'Campinas' infobox altitude 685 m (CarwilB/wiki-graph mirror),691.0,688-711,DEM 691 m vs city 685 m: agree within 6 m.,"Ponte Preta home, 4 matches 2015-2017 (Copa Sudamericana). Analyst memory value (-22.9147,-47.0692) was 1.8 km off; superseded.",high,venues:cont-3,batch
br,Estádio Nabi Abi Chedid,Estádio Nabi Abi Chedid,"Bragança Paulista, SP",-22.965414,-46.536936,"Wikidata dump mirrored on GitHub (miguelgfierro/ai_projects: 'Clube Atlético Bragantino, Estádio Nabi Abi Chedid, Point(-46.536936 -22.965414)'); geojson v3 -22.965391,-46.536817; Brasileirão-2012 XML -22.965536,-46.536970; cjabradshaw/sportdiv -22.965188,-46.536807",852.0,City-level: pt.wikipedia 'Bragança Paulista' infobox altitude 852 m (CarwilB/wiki-graph mirror),881.0,851-886,DEM 881 m vs city 852 m: within 30 m; consistent.,"RB Bragantino home, 16 matches in 2022 (Copa Sudamericana run to the semi-finals). Analyst memory value (-22.9478,-46.5519) was 2.5 km off; superseded by four agreeing sources.",high,venues:cont-3,batch
br,Estádio Nilton Santos,Estádio Olímpico Nilton Santos (Engenhão),"Rio de Janeiro, RJ",-22.893172,-43.292269,"Wikidata dump mirrored on GitHub (miguelgfierro/ai_projects: 'Botafogo F.R., Estádio Olímpico João Havelange, Point(-43.292269 -22.893172)'); geojson v3 -22.893275,-43.292311; EIC-BCC csv -22.8931,-43.2918",,none retrievable (Rio de Janeiro city article mirror has no altitude text),29.0,26-35,Lowland Rio suburb (Engenho de Dentro); DEM 29 m plausible.,"Botafogo home (14 of 26 matches) 2017-2025; also used by other Rio clubs. Not to be confused with the Estádio Nilton Santos in Palmas, TO.",high,venues:cont-3,batch
br,Estádio Orlando Scarpelli,Estádio Orlando Scarpelli,"Florianópolis, SC",-27.585556,-48.586667,"Wikidata dump mirrored on GitHub (miguelgfierro/ai_projects: 'Figueirense Futebol Clube, Estádio Orlando Scarpelli, Point(-48.586667 -27.585556)'); geojson v3 -27.585689,-48.5865; Brasileirão-2012 XML identical",3.0,City-level: pt.wikipedia 'Florianópolis' infobox altitude 3 m (Embrapa ref; CarwilB/wiki-graph mirror),11.0,9-27,DEM 11 m vs city 3 m: consistent (bayside Estreito district).,"Figueirense home, 1 match (2016 Copa Sudamericana). Analyst memory value (-27.5894,-48.5781) was ~0.9 km off; superseded.",high,venues:cont-3,batch
br,Estádio Raimundo Sampaio,Estádio Raimundo Sampaio (Independência),"Belo Horizonte, MG",-19.908333,-43.917778,"Wikidata dump mirrored on GitHub (miguelgfierro/ai_projects: 'Clube Atlético Mineiro / América FC, Estádio Independência, Point(-43.917778 -19.908333)'); geojson v3 -19.908576,-43.917879; Brasileirão-2012 XML identical; EIC-BCC csv -19.9033,-43.9183",,"none stadium-specific; pt.wikipedia 'Belo Horizonte' mirror gives municipal range 673-1,506 m only",838.0,818-856,DEM 838 m within published municipal range and near the ~850 m commonly cited mean.,"Atlético Mineiro (15) and América-MG (3) home, 28 matches 2014-2022.",high,venues:cont-3,batch
br,Estádio Santa Cruz,Estádio Santa Cruz (Botafogo-SP),"Ribeirão Preto, SP",-21.2025,-47.789167,"Wikidata dump mirrored on GitHub (miguelgfierro/ai_projects: 'Botafogo Futebol Clube, Estádio Santa Cruz, Point(-47.789167 -21.2025)'); geojson v3 -21.202336,-47.790125",546.0,City-level: pt.wikipedia 'Ribeirão Preto' infobox altitude 546 m (CarwilB/wiki-graph mirror),575.0,560-598,DEM 575 m vs city 546 m: within 30 m; consistent.,"Red Bull Bragantino used it for 1 match in 2024 (Nabi Abi Chedid unavailable). Analyst memory value (-21.1989,-47.8103) was 2.2 km off; superseded.",high,venues:cont-3,batch
br,Estádio Urbano Caldeira,Estádio Urbano Caldeira (Vila Belmiro),"Santos, SP",-23.951111,-46.338889,"pt.wikipedia infobox coordinates from mirrored page (daltonexx/Data-Scraping-Analysis, _wiki_Estádio_Urbano_Caldeira.html: data-lat=-23.95111 data-lon=-46.3389); identical in Wikidata mirror; geojson v3 -23.951086,-46.3389; cjabradshaw/sportdiv -23.950832,-46.338137",2.0,City-level: pt.wikipedia 'Santos' infobox altitude 2 m (CarwilB/wiki-graph mirror),9.0,5-14,DEM 9 m vs city 2 m: consistent (coastal plain).,"Santos home, 25 matches 2017-2021 (17 as Santos home). Analyst memory latitude (-23.9419) was ~1 km off; superseded.",high,venues:cont-3,batch
br,Estádio Walmir Campelo Bezerra,Estádio Walmir Campelo Bezerra (Bezerrão),"Gama, Distrito Federal",-16.0125,-48.062222,"Wikidata dump mirrored on GitHub (miguelgfierro/ai_projects: 'Sociedade Esportiva do Gama, Bezerrão, Point(-48.062222 -16.0125)'); GeoFootballGraph-BR gives Gama centroid -16.0153,-48.0653 (~0.5 km)",,"none stadium-specific; pt.wikipedia 'Brasília' article (CarwilB/wiki-graph mirror): Federal District lies at 1,000-1,200 m",1159.0,1151-1166,"DEM 1,159 m inside the published 1,000-1,200 m range; highest venue in this batch.",Brasília FC home for the 2015 Copa Sudamericana leg v Goiás (18 Aug 2015). Also the probable true venue of the 'Estádio Coronel José Bezerra' entry (see that record).,high,venues:cont-3,batch
br,Estádio de Hailé Pinheiro,Estádio Hailé Pinheiro (Estádio da Serrinha),"Goiânia, GO",-16.711179,-49.261236,"edulongodevgeo/camadas_geojson estadios_v3.geojson on GitHub ('Hailé Pinheiro, Goiânia: -16.711179, -49.261236'); corroborated by EIC-BCC csv (-16.7111,-49.2614) and Nominatim geocode in davialmeida135/analise-visual-brasileirao (-16.7112422,-49.2611903). Not present in the Wikidata mirror (Goiás EC linked to Serra Dourada there)",749.0,City-level: pt.wikipedia 'Goiânia' infobox altitude 749 m (Embrapa ref; CarwilB/wiki-graph mirror),831.0,819-857,DEM 831 m is ~80 m above the city-level figure: the ground sits on the 'Serrinha' rise in Setor Bela Vista (SRTM window 819-857 m). Altitude class (700-900 m plateau) unchanged.,"Goiás home, 4 matches 2014-2023. Three independent geocodes agree within 30 m; analyst memory value (-16.6958,-49.2681) was 1.8 km off and is discarded.",high,venues:cont-3,batch
br,Estádio do Governo do Estado de Goiás,Estádio Serra Dourada (Estádio do Governo do Estado de Goiás),"Goiânia, GO",-16.698889,-49.233889,"Wikidata dump mirrored on GitHub (miguelgfierro/ai_projects: 'Goiás Esporte Clube / Atlético Goianiense / Vila Nova, Estádio Serra Dourada, Point(-49.233889 -16.698889)'); Brasileirão-2012 XML identical; EIC-BCC csv -16.6928,-49.2398 (~0.9 km)",749.0,City-level: pt.wikipedia 'Goiânia' infobox altitude 749 m (Embrapa ref; CarwilB/wiki-graph mirror),808.0,804-828,DEM 808 m vs city 749 m: 59 m higher (Jardim Goiás sector); consistent with local relief.,"Goiás (4) and Atlético Goianiense (2) home, 6 matches 2014-2023. Analyst memory value (-16.7100,-49.2306) was 1.3 km off; superseded.",high,venues:cont-3,batch
PER,Estadio Municipal de Barranca,Estadio Municipal de Barranca,Barranca (Lima Region),-10.753,-77.762,"model recall (no web access); Barranca town-centre area, stadium position within town approximate; validated with DEM",49.0,"commonly cited Barranca city altitude (~49 m), model recall; no stadium-specific published figure known",55.0,47-62,"reported 49 vs DEM 55: 6 m difference, agree; DEM adopted","Cantolao used it as an alternate home 2017-2019 (5 matches). Coastal town north of Lima; low-lying coastal plain, no altitude issue.",medium,venues:PER-c,batch
PER,Estadio Municipal de Guadalupe Carlos A....,Estadio Municipal Carlos A. Olivares,"Guadalupe (Pacasmayo Province, La Libertad)",-7.2436,-79.47,"model recall (no web access); Guadalupe town-centre area, stadium position within town approximate; validated with DEM",98.0,"commonly cited Guadalupe (La Libertad) town altitude (~98 m), model recall; no stadium-specific published figure known",97.0,92-100,reported 98 vs DEM 97: agree; DEM adopted,"FBref name truncated: 'Estadio Municipal de Guadalupe Carlos A. Olivares'. Used as alternate home by Comerciantes Unidos (Cutervo), Juan Aurich (Chiclayo), UTC (Cajamarca) and Carlos Stein 2017-2020. Low coastal-valley elevation.",medium,venues:PER-c,batch
PER,Estadio Municipal de Nueva Cajamarca,Estadio Municipal de Nueva Cajamarca,"Nueva Cajamarca (Rioja Province, San Martín)",-5.941,-77.308,"model recall (no web access); Nueva Cajamarca town-centre area, stadium position within town approximate; validated with DEM",860.0,"commonly cited Nueva Cajamarca town altitude (~860 m), model recall; no stadium-specific published figure known",868.0,864-871,"reported 860 vs DEM 868: 8 m difference, agree; DEM adopted","Unión Comercio's home-town stadium (Alto Mayo valley), used 2016-2019 for 42 matches; the club otherwise plays in Moyobamba (Estadio IPD).",medium,venues:PER-c,batch
PER,Estadio Municipal de Urcos,Estadio Municipal de Urcos,"Urcos (Quispicanchi Province, Cusco)",-13.687,-71.623,"model recall (no web access); Urcos town-centre area, stadium position within town approximate; validated with DEM",3150.0,"commonly cited Urcos town altitude (~3,150 m), model recall; no stadium-specific published figure known",3160.0,3117-3178,"reported 3150 vs DEM 3160: 10 m difference, agree; DEM adopted","Real Garcilaso alternate home (2 matches, 2014-2016) in the Vilcanota valley south-east of Cusco. High-altitude venue (~3,150 m).",medium,venues:PER-c,batch
PER,Estadio Nacional,Estadio Nacional del Perú,Lima,-12.0674,-77.0334,model recall (no web access); well-known landmark in Cercado de Lima (Paseo de la República); validated with DEM,154.0,"commonly cited Lima city altitude (154 m), model recall; stadium pages rarely give a stadium-specific figure",139.0,131-142,"reported 154 (city figure) vs DEM 139: 15 m difference, within tolerance; DEM adopted as stadium value","National stadium used as neutral/alternate home by Sporting Cristal, Universitario, Deportivo Municipal, Alianza Lima and others. Same venue as 'Estadio Nacional del Perú' entry.",high,venues:PER-c,batch
PER,Estadio Nacional del Perú,Estadio Nacional del Perú,Lima,-12.0674,-77.0334,model recall (no web access); same landmark as 'Estadio Nacional'; validated with DEM,154.0,"commonly cited Lima city altitude (154 m), model recall; no stadium-specific published figure",139.0,131-142,"reported 154 (city figure) vs DEM 139: 15 m difference, within tolerance; DEM adopted",Duplicate FBref naming of the Estadio Nacional (1 Universitario home match in 2018). Should be merged with the 'Estadio Nacional' entry.,high,venues:PER-c,batch
PER,Estadio Rosas Pampa,Estadio Rosas Pampa,Huaraz (Ancash),-9.5355,-77.528,"model recall (no web access); Huaraz city, stadium position approximate within the city; validated with DEM",3050.0,"commonly cited Huaraz altitude (~3,050 m; stadium often quoted at ~3,050 m), model recall",3078.0,3061-3095,"reported 3050 vs DEM 3078: 28 m difference, agree; DEM adopted",Sport Rosario's home ground for all 44 matches (2017-2018). High-altitude Andean venue.,medium,venues:PER-c,batch
PER,Estadio Sesquicentenario,Estadio Sesquicentenario (Sechura) - identification uncertain,Sechura (Piura) - probable,-5.5575,-80.8225,model recall (no web access); Sechura town-centre coordinates used as proxy because exact stadium site could not be verified; validated with DEM for terrain plausibility only,,no confident published figure; Sechura sits on the low coastal plain (~10-20 m),15.0,12-33,"no reported figure; DEM 15 m at the proxy point. Elevation is robust regardless: every candidate city in the Piura lowlands (Sechura ~15 m, Sullana ~60 m, Piura ~30 m) is below 80 m","Used by Defensor La Bocana (Sechura club; their other venue was Estadio Municipal de Bernal, also Sechura Province) and Alianza Atlético (Sullana) in 2016-2017. Best resolution from memory is the Sechura stadium; an alternative is a venue in Sullana/Piura. Coordinates are a town-centre proxy, not a verified stadium point. Whichever it is, altitude is near sea level, so the altitude classification is unaffected.",low,venues:PER-c,batch
PER,Estadio Túpac Amaru,Estadio Túpac Amaru de Sicuani,"Sicuani (Canchis Province, Cusco)",-14.272,-71.226,"model recall (no web access); Sicuani town, stadium position approximate within town; validated with DEM",3552.0,"commonly cited Sicuani altitude (3,552 m), model recall; no stadium-specific published figure known",3563.0,3548-3608,"reported 3552 vs DEM 3563: 11 m difference, agree; DEM adopted",Alternate home for Real Garcilaso / Cusco FC (2017-2020) when the Estadio Inca Garcilaso de la Vega was unavailable. One of the highest venues in the dataset.,medium,venues:PER-c,batch
PER,Estadio Víctor Montoya Segura,Estadio Víctor Montoya Segura,Jaén (Cajamarca),-5.706,-78.805,"model recall (no web access); Jaén city, stadium position approximate within city; validated with DEM",729.0,"commonly cited Jaén city altitude (729 m), model recall; no stadium-specific published figure known",717.0,709-724,"reported 729 vs DEM 717: 12 m difference, agree; DEM adopted",Carlos Stein's home in 2022 (13 matches); also 1 match each for Cantolao and Cienciano. Mid-elevation venue in the Marañón basin.,medium,venues:PER-c,batch
PER,Estadio de la Juventud,Estadio de la Juventud (Chongoyape) - identification uncertain,"Chongoyape (Chiclayo Province, Lambayeque) - probable",-6.64,-79.388,model recall (no web access); Chongoyape town-centre coordinates used as proxy because exact stadium site could not be verified; validated with DEM for terrain plausibility only,,no confident published figure; Chongoyape lies at roughly 200-250 m,224.0,210-290,no reported figure; DEM 224 m at the proxy point (window 210-290 m reflects nearby hills). Elevation is low regardless of exact site,"Home venue of Juan Pablo II College (Chongoyape) in Liga 1 2025 (9 matches); club also used Mansiche (Trujillo) and Estadio Nacional. Resolution to Chongoyape is by home-town inference, not a verified source. Coordinates are a town-centre proxy. Any plausible Lambayeque location is well below 500 m, so altitude classification is unaffected.",low,venues:PER-c,batch
PER,Estadio de la Universidad Nacional Mayor...,Estadio de la Universidad Nacional Mayor de San Marcos (Estadio San Marcos),Lima (Cercado de Lima),-12.057,-77.0838,model recall (no web access); well-known stadium on the UNMSM campus (Av. Venezuela / Av. Universitaria); validated with DEM,,no confident stadium-specific published figure; Lima city commonly cited at 154 m,71.0,62-79,no reported figure; DEM 71 m adopted (consistent with the lower-lying western Cercado near Callao),"FBref name truncated. Used 2020-2025 by USMP, Alianza Lima, Deportivo Municipal, Carlos A. Mannucci and others, largely during the pandemic-era Lima bubble. Home teams listed are all Lima/coastal clubs, confirming Lima (not UNSAAC Cusco).",high,venues:PER-c,batch
PER,Estadio de la Universidad Nacional San A...,Estadio Monumental de la Universidad Nacional de San Agustín (Estadio UNSA / Monumental Virgen de Chapi),Arequipa,-16.4225,-71.529,"model recall (no web access); well-known stadium in Arequipa (Cercado, Av. Independencia); validated with DEM",2335.0,"commonly cited Arequipa/Estadio UNSA altitude (2,335 m), model recall",2335.0,2327-2341,reported 2335 vs DEM 2335: exact agreement; DEM adopted,"Home teams are Melgar (191) and Binacional (11), so this truncated name resolves to UNSA Arequipa, NOT UNSAAC Cusco (the Cusco resolution applies only when the home teams are Cusco clubs). Significant-altitude venue (~2,335 m).",high,venues:PER-c,batch
PER,Estadio de la Universidad Nacional San A... (Neutral Site),Estadio Monumental de la Universidad Nacional de San Agustín (Estadio UNSA),Arequipa,-16.4225,-71.529,model recall (no web access); same venue as the Melgar entry; validated with DEM,2335.0,"commonly cited Arequipa/Estadio UNSA altitude (2,335 m), model recall",2335.0,2327-2341,reported 2335 vs DEM 2335: exact agreement; DEM adopted,"Neutral-site match listed for Sporting Cristal in 2014: this matches the third/deciding match of the 2014 Torneo Descentralizado final (Sporting Cristal v Juan Aurich, played in Arequipa at the UNSA stadium). Merge with the main UNSA entry.",high,venues:PER-c,batch
PER,Estadio del IPD,Estadio IPD de Moyobamba (Estadio del Instituto Peruano del Deporte),Moyobamba (San Martín),-6.037,-76.975,"model recall (no web access); Moyobamba city, stadium position approximate within city; validated with DEM",860.0,"commonly cited Moyobamba city altitude (860 m), model recall; no stadium-specific published figure known",866.0,859-878,"reported 860 vs DEM 866: 6 m difference, agree; DEM adopted","Unión Comercio's principal home (77 matches, 2014-2024); the club is from Nueva Cajamarca but plays in the regional capital Moyobamba. Mid-elevation high-jungle venue.",medium,venues:PER-c,batch
PER,Villa Deportiva Nacional,Estadio Atlético de la Villa Deportiva Nacional (VIDENA),Lima (San Luis district),-12.0778,-77.0039,"model recall (no web access); VIDENA complex on Av. del Aire, San Luis; validated with DEM",,no confident stadium-specific published figure; Lima city commonly cited at 154 m,170.0,168-181,no reported figure; DEM 170 m adopted (consistent with San Luis being slightly higher than central Lima),"Athletics stadium used as a neutral/bubble venue in 2020-2022 by U. César Vallejo, Cantolao, Alianza Universidad, Deportivo Llacuabamba and others. Low-elevation Lima venue.",medium,venues:PER-c,batch
MEX,Estadio Nemesio Díez,Estadio Nemesio Díez,,19.2856,-99.6636,analyst provisional coordinates,,,2678.0,,,,provisional,,provisional
MEX,Estadio Caliente,Estadio Caliente,,32.4926,-116.9963,analyst provisional coordinates,,,167.0,,,,provisional,,provisional
MEX,Estadio Luis de la Fuente,Estadio Luis de la Fuente,,19.165,-96.133,analyst provisional coordinates,,,16.0,,,,provisional,,provisional
MEX,Estadio de Mazatlán,Estadio de Mazatlán,,23.242,-106.375,analyst provisional coordinates,,,38.0,,,,provisional,,provisional
MEX,Estadio El Encanto,Estadio El Encanto,,23.242,-106.375,analyst provisional coordinates,,,38.0,,,,provisional,,provisional
MEX,Estadio Banorte,Estadio Banorte,,24.801,-107.425,analyst provisional coordinates,,,39.0,,,,provisional,,provisional
MEX,Estadio Azteca,Estadio Azteca,,19.3029,-99.1505,analyst provisional coordinates,,,2281.0,,,,provisional,,provisional
MEX,Estadio Azul,Estadio Azul,,19.3789,-99.1856,analyst provisional coordinates,,,2270.0,,,,provisional,,provisional
MEX,Estadio Olímpico de Universitario,Estadio Olímpico de Universitario,,19.3325,-99.1922,analyst provisional coordinates,,,2295.0,,,,provisional,,provisional
MEX,Estadio de la Ciudad de los Deportes,Estadio de la Ciudad de los Deportes,,19.3878,-99.185,analyst provisional coordinates,,,2269.0,,,,provisional,,provisional
MEX,Estadio Hidalgo,Estadio Hidalgo,,20.109,-98.758,analyst provisional coordinates,,,2376.0,,,,provisional,,provisional
MEX,Estadio BBVA Bancomer,Estadio BBVA Bancomer,,25.669,-100.2445,analyst provisional coordinates,,,496.0,,,,provisional,,provisional
MEX,Estadio Universitario de Nuevo León,Estadio Universitario de Nuevo León,,25.724,-100.312,analyst provisional coordinates,,,524.0,,,,provisional,,provisional
MEX,Estadio Tecnológico,Estadio Tecnológico,,25.652,-100.289,analyst provisional coordinates,,,541.0,,,,provisional,,provisional
MEX,Estadio Akron,Estadio Akron,,20.682,-103.4625,analyst provisional coordinates,,,1668.0,,,,provisional,,provisional
MEX,Estadio Jalisco,Estadio Jalisco,,20.701,-103.333,analyst provisional coordinates,,,1520.0,,,,provisional,,provisional
MEX,Estadio León,Estadio León,,21.13,-101.675,analyst provisional coordinates,,,1808.0,,,,provisional,,provisional
MEX,Estadio Cuauhtémoc,Estadio Cuauhtémoc,,19.0765,-98.1735,analyst provisional coordinates,,,2211.0,,,,provisional,,provisional
MEX,Estadio La Corregidora,Estadio La Corregidora,,20.552,-100.427,analyst provisional coordinates,,,1810.0,,,,provisional,,provisional
MEX,Estadio Nuevo Corona,Estadio Nuevo Corona,,25.576,-103.373,analyst provisional coordinates,,,1124.0,,,,provisional,,provisional
MEX,Estadio Victoria de Aguascalientes,Estadio Victoria de Aguascalientes,,21.836,-102.257,analyst provisional coordinates,,,1951.0,,,,provisional,,provisional
MEX,Estadio Generalísimo José María Morelos ...,Estadio Generalísimo José María Morelos ...,,19.73,-101.156,analyst provisional coordinates,,,1887.0,,,,provisional,,provisional
MEX,Estadio Alfonso Lastras Ramírez,Estadio Alfonso Lastras Ramírez,,22.165,-100.916,analyst provisional coordinates,,,1848.0,,,,provisional,,provisional
MEX,Estadio Olímpico Benito Juárez,Estadio Olímpico Benito Juárez,,31.665,-106.423,analyst provisional coordinates,,,1154.0,,,,provisional,,provisional
MEX,Estadio Zoque VMR,Estadio Zoque VMR,,16.783,-93.155,analyst provisional coordinates,,,937.0,,,,provisional,,provisional
MEX,Estadio Universitario BUAP,Estadio Universitario BUAP,,19.0,-98.203,analyst provisional coordinates,,,2132.0,,,,provisional,,provisional
MEX,Estadio Universitario Alberto Chivo Córd...,Estadio Universitario Alberto Chivo Córd...,,19.267,-99.669,analyst provisional coordinates,,,2710.0,,,,provisional,,provisional
PER,Estadio Alejandro Villanueva,Estadio Alejandro Villanueva,,-12.068,-77.023,analyst provisional coordinates,,,147.0,,,,provisional,,provisional
PER,Estadio Monumental,Estadio Monumental,,-11.9868,-76.9748,analyst provisional coordinates,,,418.0,,,,provisional,,provisional
PER,Estadio Nacional,Estadio Nacional,,-12.0672,-77.0336,analyst provisional coordinates,,,136.0,,,,provisional,,provisional
PER,Estadio Alberto Gallardo,Estadio Alberto Gallardo,,-12.035,-77.045,analyst provisional coordinates,,,128.0,,,,provisional,,provisional
PER,Estadio Miguel Grau del Callao,Estadio Miguel Grau del Callao,,-12.058,-77.133,analyst provisional coordinates,,,12.0,,,,provisional,,provisional
PER,Estadio Iván Elías Moreno,Estadio Iván Elías Moreno,,-12.21,-76.935,analyst provisional coordinates,,,193.0,,,,provisional,,provisional
PER,Estadio Inca Garcilaso de la Vega,Estadio Inca Garcilaso de la Vega,,-13.522,-71.96,analyst provisional coordinates,,,3356.0,,,,provisional,,provisional
PER,Estadio de la Universidad Nacional San A...,Estadio de la Universidad Nacional San A...,,-13.528,-71.964,analyst provisional coordinates,,,3336.0,,,,provisional,,provisional
PER,Estadio Huancayo,Estadio Huancayo,,-12.072,-75.2094,analyst provisional coordinates,,,3252.0,,,,provisional,,provisional
PER,Estadio Ciudad de Cumaná,Estadio Ciudad de Cumaná,,-13.143,-74.22,analyst provisional coordinates,,,2787.0,,,,provisional,,provisional
PER,Estadio Guillermo Briceño Rosamedina,Estadio Guillermo Briceño Rosamedina,,-15.49,-70.132,analyst provisional coordinates,,,3833.0,,,,provisional,,provisional
PER,Estadio Héroes de San Ramón,Estadio Héroes de San Ramón,,-7.162,-78.518,analyst provisional coordinates,,,2764.0,,,,provisional,,provisional
PER,Estadio Municipal Unión de Tarma,Estadio Municipal Unión de Tarma,,-11.42,-75.689,analyst provisional coordinates,,,3061.0,,,,provisional,,provisional
PER,Estadio Los Chankas,Estadio Los Chankas,,-13.657,-73.381,analyst provisional coordinates,,,2905.0,,,,provisional,,provisional
PER,Estadio Mansiche,Estadio Mansiche,,-8.108,-79.033,analyst provisional coordinates,,,38.0,,,,provisional,,provisional
PER,Estadio Elías Aguirre,Estadio Elías Aguirre,,-6.77,-79.84,analyst provisional coordinates,,,34.0,,,,provisional,,provisional
PER,Estadio Campeones del 36,Estadio Campeones del 36,,-4.89,-80.685,analyst provisional coordinates,,,63.0,,,,provisional,,provisional
PER,Estadio Municipal Bernales,Estadio Municipal Bernales,,-5.19,-80.63,analyst provisional coordinates,,,32.0,,,,provisional,,provisional
PER,Estadio Miguel Grau,Estadio Miguel Grau,,-5.193,-80.625,analyst provisional coordinates,,,35.0,,,,provisional,,provisional
PER,Estadio Heraclio Tapia León,Estadio Heraclio Tapia León,,-9.933,-76.243,analyst provisional coordinates,,,1901.0,,,,provisional,,provisional
PER,Estadio Mariano Melgar,Estadio Mariano Melgar,,-16.404,-71.535,analyst provisional coordinates,,,2342.0,,,,provisional,,provisional
PER,Estadio 25 de Noviembre,Estadio 25 de Noviembre,,-17.197,-70.933,analyst provisional coordinates,,,1465.0,,,,provisional,,provisional
PER,Estadio Municipal de Urcos,Estadio Municipal de Urcos,,-13.687,-71.628,analyst provisional coordinates,,,3166.0,,,,provisional,,provisional
PER,Villa Deportiva Nacional,Villa Deportiva Nacional,,-12.033,-77.013,analyst provisional coordinates,,,191.0,,,,provisional,,provisional
ECU,Estadio Rodrigo Paz Delgado,Estadio Rodrigo Paz Delgado,,-0.1116,-78.4884,analyst provisional coordinates,,,2757.0,,,,provisional,,provisional
ECU,Estadio de Liga Deportiva Universitaria,Estadio de Liga Deportiva Universitaria,,-0.1116,-78.4884,analyst provisional coordinates,,,2757.0,,,,provisional,,provisional
ECU,Estadio Olímpico Atahualpa,Estadio Olímpico Atahualpa,,-0.177,-78.476,analyst provisional coordinates,,,2787.0,,,,provisional,,provisional
ECU,Estadio Gonzalo Pozo Ripalda,Estadio Gonzalo Pozo Ripalda,,-0.275,-78.551,analyst provisional coordinates,,,2878.0,,,,provisional,,provisional
ECU,Estadio General Rumiñahui del Valle de L...,Estadio General Rumiñahui del Valle de L...,,-0.3323,-78.4488,analyst provisional coordinates,,,2498.0,,,,provisional,,provisional
ECU,Estadio banco Guayaquil,Estadio banco Guayaquil,,-0.329,-78.445,analyst provisional coordinates,,,2500.0,,,,provisional,,provisional
ECU,Estadio Monumental Isidro Romero Carbo,Estadio Monumental Isidro Romero Carbo,,-2.1858,-79.9247,analyst provisional coordinates,,,23.0,,,,provisional,,provisional
ECU,Estadio Banco del Pacífico,Estadio Banco del Pacífico,,-2.2003,-79.893,analyst provisional coordinates,,,6.0,,,,provisional,,provisional
ECU,Estadio George Capwell Banco del Austro,Estadio George Capwell Banco del Austro,,-2.2003,-79.893,analyst provisional coordinates,,,6.0,,,,provisional,,provisional
ECU,Estadio Christian Benítez Betancourt,Estadio Christian Benítez Betancourt,,-2.112,-79.92,analyst provisional coordinates,,,15.0,,,,provisional,,provisional
ECU,Estadio Modelo Alberto Spencer Herrera,Estadio Modelo Alberto Spencer Herrera,,-2.178,-79.907,analyst provisional coordinates,,,0.0,,,,provisional,,provisional
ECU,Estadio Jocay,Estadio Jocay,,-0.956,-80.718,analyst provisional coordinates,,,11.0,,,,provisional,,provisional
ECU,Estadio Reales Tamarindos,Estadio Reales Tamarindos,,-1.051,-80.456,analyst provisional coordinates,,,37.0,,,,provisional,,provisional
ECU,Estadio 9 de Mayo,Estadio 9 de Mayo,,-3.259,-79.953,analyst provisional coordinates,,,10.0,,,,provisional,,provisional
ECU,Estadio Alejandro Serrano Aguilar,Estadio Alejandro Serrano Aguilar,,-2.9046,-79.0069,analyst provisional coordinates,,,2528.0,,,,provisional,,provisional
ECU,Estadio Alejandro Serrano Aguilar Banco ...,Estadio Alejandro Serrano Aguilar Banco ...,,-2.9046,-79.0069,analyst provisional coordinates,,,2528.0,,,,provisional,,provisional
ECU,Estadio Bellavista de Ambato,Estadio Bellavista de Ambato,,-1.2565,-78.6183,analyst provisional coordinates,,,2671.0,,,,provisional,,provisional
ECU,Estadio Olímpico de Riobamba,Estadio Olímpico de Riobamba,,-1.66,-78.656,analyst provisional coordinates,,,2777.0,,,,provisional,,provisional
ECU,Estadio Federativo Reina del Cisne,Estadio Federativo Reina del Cisne,,-3.983,-79.203,analyst provisional coordinates,,,2048.0,,,,provisional,,provisional
ECU,Estadio Municipal La Cocha,Estadio Municipal La Cocha,,-0.937,-78.618,analyst provisional coordinates,,,2747.0,,,,provisional,,provisional
ECU,Estadio del Mushuc Runa Sporting Club,Estadio del Mushuc Runa Sporting Club,,-1.1717,-78.5343,analyst provisional coordinates,,,2864.0,,,,provisional,,provisional
ECU,Estadio Los Chirijos,Estadio Los Chirijos,,-2.13,-79.599,analyst provisional coordinates,,,11.0,,,,provisional,,provisional
ECU,Estadio 7 de Octubre,Estadio 7 de Octubre,,-1.033,-79.47,analyst provisional coordinates,,,52.0,,,,provisional,,provisional
ECU,Estadio Olímpico de Ibarra,Estadio Olímpico de Ibarra,,-0.344,-78.13,analyst provisional coordinates,,,3833.0,,,,provisional,,provisional
COL,Estadio Nemesio Camacho El Campín,Estadio Nemesio Camacho El Campín,,4.6458,-74.0778,analyst provisional coordinates,,,2553.0,,,,provisional,,provisional
COL,Estadio Metropolitano de Techo,Estadio Metropolitano de Techo,,4.6326,-74.1372,analyst provisional coordinates,,,2553.0,,,,provisional,,provisional
COL,Estadio de la Independencia,Estadio de la Independencia,,5.5516,-73.3527,analyst provisional coordinates,,,2684.0,,,,provisional,,provisional
COL,Estadio Departamental Libertad,Estadio Departamental Libertad,,1.2128,-77.2825,analyst provisional coordinates,,,2552.0,,,,provisional,,provisional
COL,Estadio Municipal de Ipiales,Estadio Municipal de Ipiales,,0.832,-77.642,analyst provisional coordinates,,,2886.0,,,,provisional,,provisional
COL,Estadio Metropolitano Roberto Meléndez,Estadio Metropolitano Roberto Meléndez,,10.924,-74.786,analyst provisional coordinates,,,29.0,,,,provisional,,provisional
COL,Estadio Romelio Martínez,Estadio Romelio Martínez,,10.995,-74.793,analyst provisional coordinates,,,36.0,,,,provisional,,provisional
COL,Estadio Sierra Nevada,Estadio Sierra Nevada,,11.2325,-74.195,analyst provisional coordinates,,,17.0,,,,provisional,,provisional
COL,Estadio Olímpico Jaime Morón León,Estadio Olímpico Jaime Morón León,,10.399,-75.484,analyst provisional coordinates,,,9.0,,,,provisional,,provisional
COL,Estadio de Fútbol Jaraguay de Montería,Estadio de Fútbol Jaraguay de Montería,,8.7386,-75.872,analyst provisional coordinates,,,19.0,,,,provisional,,provisional
COL,Estadio Atanasio Girardot,Estadio Atanasio Girardot,,6.2568,-75.5904,analyst provisional coordinates,,,1475.0,,,,provisional,,provisional
COL,Estadio Metropolitano de Itagüí,Estadio Metropolitano de Itagüí,,6.17,-75.605,analyst provisional coordinates,,,1549.0,,,,provisional,,provisional
COL,Estadio Polideportivo Sur,Estadio Polideportivo Sur,,6.172,-75.592,analyst provisional coordinates,,,1532.0,,,,provisional,,provisional
COL,Estadio Olímpico Pascual Guerrero,Estadio Olímpico Pascual Guerrero,,3.43,-76.543,analyst provisional coordinates,,,967.0,,,,provisional,,provisional
COL,Estadio Deportivo Cali,Estadio Deportivo Cali,,3.5507,-76.4144,analyst provisional coordinates,,,954.0,,,,provisional,,provisional
COL,Estadio Palogrande,Estadio Palogrande,,5.056,-75.495,analyst provisional coordinates,,,2103.0,,,,provisional,,provisional
COL,Estadio Hernán Ramírez Villegas,Estadio Hernán Ramírez Villegas,,4.81,-75.744,analyst provisional coordinates,,,1313.0,,,,provisional,,provisional
COL,Estadio Centenario,Estadio Centenario,,4.5297,-75.696,analyst provisional coordinates,,,1412.0,,,,provisional,,provisional
COL,Estadio Manuel Murillo Toro,Estadio Manuel Murillo Toro,,4.44,-75.244,analyst provisional coordinates,,,1199.0,,,,provisional,,provisional
COL,Estadio Alfonso López,Estadio Alfonso López,,7.1226,-73.1198,analyst provisional coordinates,,,986.0,,,,provisional,,provisional
COL,Estadio Américo Montanini,Estadio Américo Montanini,,7.116,-73.105,analyst provisional coordinates,,,1014.0,,,,provisional,,provisional
COL,Estadio Daniel Villa Zapata,Estadio Daniel Villa Zapata,,7.0633,-73.8514,analyst provisional coordinates,,,82.0,,,,provisional,,provisional
COL,Estadio General Santander,Estadio General Santander,,7.8946,-72.5045,analyst provisional coordinates,,,303.0,,,,provisional,,provisional
COL,Estadio Guillermo Plazas Alcid,Estadio Guillermo Plazas Alcid,,2.9398,-75.2879,analyst provisional coordinates,,,447.0,,,,provisional,,provisional
COL,Estadio Bello Horizonte,Estadio Bello Horizonte,,4.1355,-73.6222,analyst provisional coordinates,,,429.0,,,,provisional,,provisional
COL,Estadio Doce de Octubre,Estadio Doce de Octubre,,4.087,-76.2,analyst provisional coordinates,,,975.0,,,,provisional,,provisional
COL,Estadio Alberto Grisales,Estadio Alberto Grisales,,6.154,-75.3808,analyst provisional coordinates,,,2108.0,,,,provisional,,provisional
COL,Estadio Armando Maestre Pavajeau,Estadio Armando Maestre Pavajeau,,10.4735,-73.2434,analyst provisional coordinates,,,167.0,,,,provisional,,provisional
COL,Estadio Álvaro Gómez Hurtado,Estadio Álvaro Gómez Hurtado,,7.07,-73.088,analyst provisional coordinates,,,915.0,,,,provisional,,provisional
COL,Estadio Héctor El Zipa González,Estadio Héctor El Zipa González,,5.027,-74.005,analyst provisional coordinates,,,2627.0,,,,provisional,,provisional
COL,Parque Estadio Olaya Herrera,Parque Estadio Olaya Herrera,,4.587,-74.105,analyst provisional coordinates,,,2571.0,,,,provisional,,provisional
COL,Estadio Luis Antonio Duque Peña,Estadio Luis Antonio Duque Peña,,4.307,-74.8,analyst provisional coordinates,,,283.0,,,,provisional,,provisional
COL,Estadio Arturo Cumplido Sierra,Estadio Arturo Cumplido Sierra,,9.296,-75.39,analyst provisional coordinates,,,214.0,,,,provisional,,provisional
COL,Estadio Francisco Rivera Escobar,Estadio Francisco Rivera Escobar,,3.53,-76.3,analyst provisional coordinates,,,1008.0,,,,provisional,,provisional
BOL,Estadio Hernando Siles,Estadio Hernando Siles,,-16.4989,-68.1219,analyst provisional coordinates,,,3596.0,,,,provisional,,provisional
BOL,Estadio Municipal El Alto,Estadio Municipal El Alto,,-16.4903,-68.1861,analyst provisional coordinates,,,4079.0,,,,provisional,,provisional
BOL,Estadio Rafael Mendoza Castellón,Estadio Rafael Mendoza Castellón,,-16.535,-68.078,analyst provisional coordinates,,,3330.0,,,,provisional,,provisional
BOL,Estadio Libertador Simón Bolívar,Estadio Libertador Simón Bolívar,,-16.51,-68.15,analyst provisional coordinates,,,3902.0,,,,provisional,,provisional
BOL,Estadio Jesús Bermúdez,Estadio Jesús Bermúdez,,-17.9668,-67.1085,analyst provisional coordinates,,,3718.0,,,,provisional,,provisional
BOL,Estadio Victor Agustín Ugarte,Estadio Victor Agustín Ugarte,,-19.5847,-65.747,analyst provisional coordinates,,,4021.0,,,,provisional,,provisional
BOL,Estadio Olímpico Patria,Estadio Olímpico Patria,,-19.0367,-65.252,analyst provisional coordinates,,,2824.0,,,,provisional,,provisional
BOL,Estadio Félix Capriles,Estadio Félix Capriles,,-17.3904,-66.1612,analyst provisional coordinates,,,2574.0,,,,provisional,,provisional
BOL,Estadio Municipal de Sacaba,Estadio Municipal de Sacaba,,-17.403,-66.04,analyst provisional coordinates,,,2715.0,,,,provisional,,provisional
BOL,Estadio Municipal de Quillacollo,Estadio Municipal de Quillacollo,,-17.4,-66.28,analyst provisional coordinates,,,2551.0,,,,provisional,,provisional
BOL,Estadio Municipal de Colcapirhua,Estadio Municipal de Colcapirhua,,-17.41,-66.23,analyst provisional coordinates,,,2548.0,,,,provisional,,provisional
BOL,Estadio Bicentenario de Villa Tunari,Estadio Bicentenario de Villa Tunari,,-16.972,-65.42,analyst provisional coordinates,,,309.0,,,,provisional,,provisional
BOL,Estadio Ramón Aguilera Costas,Estadio Ramón Aguilera Costas,,-17.797,-63.1876,analyst provisional coordinates,,,423.0,,,,provisional,,provisional
BOL,Estadio Real Santa Cruz,Estadio Real Santa Cruz,,-17.75,-63.15,analyst provisional coordinates,,,405.0,,,,provisional,,provisional
BOL,Estadio Juan Carlos Durán,Estadio Juan Carlos Durán,,-17.79,-63.16,analyst provisional coordinates,,,418.0,,,,provisional,,provisional
BOL,Estadio Edgar Peña Gutierrez,Estadio Edgar Peña Gutierrez,,-17.77,-63.21,analyst provisional coordinates,,,418.0,,,,provisional,,provisional
BOL,Estadio Samuel Vaca Jimenez,Estadio Samuel Vaca Jimenez,,-17.51,-63.166,analyst provisional coordinates,,,339.0,,,,provisional,,provisional
BOL,Estadio Gilberto Parada,Estadio Gilberto Parada,,-17.34,-63.256,analyst provisional coordinates,,,298.0,,,,provisional,,provisional
BOL,Estadio IV Centenario,Estadio IV Centenario,,-21.5347,-64.7297,analyst provisional coordinates,,,1869.0,,,,provisional,,provisional
BOL,Estadio La Bombonera,Estadio La Bombonera,,-21.533,-64.723,analyst provisional coordinates,,,1868.0,,,,provisional,,provisional
BOL,Estadio Provincial de Yacuiba,Estadio Provincial de Yacuiba,,-22.017,-63.68,analyst provisional coordinates,,,631.0,,,,provisional,,provisional
BOL,Estadio Federico Ibarra Olarte,Estadio Federico Ibarra Olarte,,-21.26,-63.47,analyst provisional coordinates,,,389.0,,,,provisional,,provisional
BOL,Estadio Gran Mamoré,Estadio Gran Mamoré,,-14.825,-64.9,analyst provisional coordinates,,,157.0,,,,provisional,,provisional
BOL,Estadio Roberto Jordan Cuellár,Estadio Roberto Jordan Cuellár,,-10.99,-66.07,analyst provisional coordinates,,,122.0,,,,provisional,,provisional
BOL,Estadio Dr. Carlos Villegas,Estadio Dr. Carlos Villegas,,-17.27,-64.4,analyst provisional coordinates,,,357.0,,,,provisional,,provisional
NT,NT:La Paz,NT:La Paz,,-16.4989,-68.1219,analyst provisional coordinates,,,3596.0,,,,provisional,,provisional
NT,NT:El Alto,NT:El Alto,,-16.4903,-68.1861,analyst provisional coordinates,,,4079.0,,,,provisional,,provisional
NT,NT:Santa Cruz,NT:Santa Cruz,,-17.797,-63.1876,analyst provisional coordinates,,,423.0,,,,provisional,,provisional
NT,NT:Cochabamba,NT:Cochabamba,,-17.3904,-66.1612,analyst provisional coordinates,,,2574.0,,,,provisional,,provisional
NT,NT:Sucre,NT:Sucre,,-19.0367,-65.252,analyst provisional coordinates,,,2824.0,,,,provisional,,provisional
NT,NT:Oruro,NT:Oruro,,-17.9668,-67.1085,analyst provisional coordinates,,,3718.0,,,,provisional,,provisional
NT,NT:Potosí,NT:Potosí,,-19.5847,-65.747,analyst provisional coordinates,,,4021.0,,,,provisional,,provisional
NT,NT:Barranquilla,NT:Barranquilla,,10.924,-74.786,analyst provisional coordinates,,,29.0,,,,provisional,,provisional
NT,NT:Bogotá,NT:Bogotá,,4.6458,-74.0778,analyst provisional coordinates,,,2553.0,,,,provisional,,provisional
NT,NT:Medellín,NT:Medellín,,6.2568,-75.5904,analyst provisional coordinates,,,1475.0,,,,provisional,,provisional
NT,NT:Cali,NT:Cali,,3.43,-76.543,analyst provisional coordinates,,,967.0,,,,provisional,,provisional
NT,NT:Pereira,NT:Pereira,,4.81,-75.744,analyst provisional coordinates,,,1313.0,,,,provisional,,provisional
NT,NT:Armenia,NT:Armenia,,4.5297,-75.696,analyst provisional coordinates,,,1412.0,,,,provisional,,provisional
NT,NT:Manizales,NT:Manizales,,5.056,-75.495,analyst provisional coordinates,,,2103.0,,,,provisional,,provisional
NT,NT:Quito,NT:Quito,,-0.177,-78.476,analyst provisional coordinates,,,2787.0,,,,provisional,,provisional
NT,NT:Guayaquil,NT:Guayaquil,,-2.1858,-79.9247,analyst provisional coordinates,,,23.0,,,,provisional,,provisional
NT,NT:Cuenca,NT:Cuenca,,-2.9046,-79.0069,analyst provisional coordinates,,,2528.0,,,,provisional,,provisional
NT,NT:Ambato,NT:Ambato,,-1.2565,-78.6183,analyst provisional coordinates,,,2671.0,,,,provisional,,provisional
NT,NT:Portoviejo,NT:Portoviejo,,-1.051,-80.456,analyst provisional coordinates,,,37.0,,,,provisional,,provisional
NT,NT:Machala,NT:Machala,,-3.259,-79.953,analyst provisional coordinates,,,10.0,,,,provisional,,provisional
NT,NT:Mexico City,NT:Mexico City,,19.3029,-99.1505,analyst provisional coordinates,,,2281.0,,,,provisional,,provisional
NT,NT:Guadalajara,NT:Guadalajara,,20.701,-103.333,analyst provisional coordinates,,,1520.0,,,,provisional,,provisional
NT,NT:Zapopan,NT:Zapopan,,20.682,-103.4625,analyst provisional coordinates,,,1668.0,,,,provisional,,provisional
NT,NT:Monterrey,NT:Monterrey,,25.669,-100.2445,analyst provisional coordinates,,,496.0,,,,provisional,,provisional
NT,NT:Guadalupe,NT:Guadalupe,,25.669,-100.2445,analyst provisional coordinates,,,496.0,,,,provisional,,provisional
NT,NT:Puebla,NT:Puebla,,19.0765,-98.1735,analyst provisional coordinates,,,2211.0,,,,provisional,,provisional
NT,NT:Torreón,NT:Torreón,,25.576,-103.373,analyst provisional coordinates,,,1124.0,,,,provisional,,provisional
NT,NT:Querétaro,NT:Querétaro,,20.552,-100.427,analyst provisional coordinates,,,1810.0,,,,provisional,,provisional
NT,NT:San Luis Potosí,NT:San Luis Potosí,,22.165,-100.916,analyst provisional coordinates,,,1848.0,,,,provisional,,provisional
NT,NT:Toluca,NT:Toluca,,19.2856,-99.6636,analyst provisional coordinates,,,2678.0,,,,provisional,,provisional
NT,NT:Tuxtla Gutiérrez,NT:Tuxtla Gutiérrez,,16.783,-93.155,analyst provisional coordinates,,,937.0,,,,provisional,,provisional
NT,NT:Veracruz,NT:Veracruz,,19.165,-96.133,analyst provisional coordinates,,,16.0,,,,provisional,,provisional
NT,NT:Lima,NT:Lima,,-12.0672,-77.0336,analyst provisional coordinates,,,136.0,,,,provisional,,provisional
NT,NT:Arequipa,NT:Arequipa,,-16.382,-71.524,analyst provisional coordinates,,,2451.0,,,,provisional,,provisional
NT,NT:Tacna,NT:Tacna,,-18.01,-70.25,analyst provisional coordinates,,,581.0,,,,provisional,,provisional
NT,NT:Chiclayo,NT:Chiclayo,,-6.77,-79.84,analyst provisional coordinates,,,34.0,,,,provisional,,provisional
NT,NT:Trujillo,NT:Trujillo,,-8.108,-79.033,analyst provisional coordinates,,,38.0,,,,provisional,,provisional
NT,NT:Piura,NT:Piura,,-5.193,-80.625,analyst provisional coordinates,,,35.0,,,,provisional,,provisional
NT,NT:Cusco,NT:Cusco,,-13.522,-71.96,analyst provisional coordinates,,,3356.0,,,,provisional,,provisional
NTV,NTV:Argentina:Buenos Aires,NTV:Argentina:Buenos Aires,,-34.5453,-58.4494,analyst provisional coordinates,,,7.0,,,,provisional,,provisional
NTV,NTV:Argentina:Córdoba,NTV:Argentina:Córdoba,,-31.369,-64.246,analyst provisional coordinates,,,419.0,,,,provisional,,provisional
NTV,NTV:Argentina:Mendoza,NTV:Argentina:Mendoza,,-32.8896,-68.88,analyst provisional coordinates,,,839.0,,,,provisional,,provisional
NTV,NTV:Brazil:Rio de Janeiro,NTV:Brazil:Rio de Janeiro,,-22.9122,-43.2302,analyst provisional coordinates,,,10.0,,,,provisional,,provisional
NTV,NTV:Brazil:São Paulo,NTV:Brazil:São Paulo,,-23.6,-46.72,analyst provisional coordinates,,,748.0,,,,provisional,,provisional
NTV,NTV:Brazil:Porto Alegre,NTV:Brazil:Porto Alegre,,-30.065,-51.236,analyst provisional coordinates,,,10.0,,,,provisional,,provisional
NTV,NTV:Chile:Santiago,NTV:Chile:Santiago,,-33.4647,-70.6106,analyst provisional coordinates,,,567.0,,,,provisional,,provisional
NTV,NTV:Uruguay:Montevideo,NTV:Uruguay:Montevideo,,-34.8944,-56.1528,analyst provisional coordinates,,,24.0,,,,provisional,,provisional
NTV,NTV:Paraguay:Asunción,NTV:Paraguay:Asunción,,-25.29,-57.63,analyst provisional coordinates,,,112.0,,,,provisional,,provisional
NTV,NTV:Venezuela:San Cristóbal,NTV:Venezuela:San Cristóbal,,7.79,-72.23,analyst provisional coordinates,,,869.0,,,,provisional,,provisional
NTV,NTV:Venezuela:Maracaibo,NTV:Venezuela:Maracaibo,,10.66,-71.63,analyst provisional coordinates,,,42.0,,,,provisional,,provisional
NTV,NTV:Venezuela:Caracas,NTV:Venezuela:Caracas,,10.49,-66.887,analyst provisional coordinates,,,870.0,,,,provisional,,provisional
NTV,NTV:Peru:Lima,NTV:Peru:Lima,,-12.0672,-77.0336,analyst provisional coordinates,,,136.0,,,,provisional,,provisional
NTV,NTV:Colombia:Barranquilla,NTV:Colombia:Barranquilla,,10.924,-74.786,analyst provisional coordinates,,,29.0,,,,provisional,,provisional
NTV,NTV:Colombia:Bogotá,NTV:Colombia:Bogotá,,4.6458,-74.0778,analyst provisional coordinates,,,2553.0,,,,provisional,,provisional
NTV,NTV:Ecuador:Quito,NTV:Ecuador:Quito,,-0.177,-78.476,analyst provisional coordinates,,,2787.0,,,,provisional,,provisional
NTV,NTV:Ecuador:Guayaquil,NTV:Ecuador:Guayaquil,,-2.1858,-79.9247,analyst provisional coordinates,,,23.0,,,,provisional,,provisional
NTV,NTV:Bolivia:La Paz,NTV:Bolivia:La Paz,,-16.4989,-68.1219,analyst provisional coordinates,,,3596.0,,,,provisional,,provisional
NTV,NTV:Mexico:Mexico City,NTV:Mexico:Mexico City,,19.3029,-99.1505,analyst provisional coordinates,,,2281.0,,,,provisional,,provisional
NTV,NTV:United States:Foxborough,NTV:United States:Foxborough,,42.0909,-71.2643,analyst provisional coordinates,,,79.0,,,,provisional,,provisional
NTV,"NTV:United States:Washington, D.C.","NTV:United States:Washington, D.C.",,38.89,-76.97,analyst provisional coordinates,,,5.0,,,,provisional,,provisional
NTV,NTV:United States:Chicago,NTV:United States:Chicago,,41.8623,-87.6167,analyst provisional coordinates,,,180.0,,,,provisional,,provisional
NTV,NTV:Canada:Toronto,NTV:Canada:Toronto,,43.6332,-79.4186,analyst provisional coordinates,,,86.0,,,,provisional,,provisional
NTV,NTV:Costa Rica:San José,NTV:Costa Rica:San José,,9.94,-84.1,analyst provisional coordinates,,,1130.0,,,,provisional,,provisional
NTV,NTV:Honduras:San Pedro Sula,NTV:Honduras:San Pedro Sula,,15.5,-88.03,analyst provisional coordinates,,,97.0,,,,provisional,,provisional
NTV,NTV:Honduras:Tegucigalpa,NTV:Honduras:Tegucigalpa,,14.09,-87.2,analyst provisional coordinates,,,980.0,,,,provisional,,provisional
NTV,NTV:Panama:Panama City,NTV:Panama:Panama City,,9.04,-79.51,analyst provisional coordinates,,,50.0,,,,provisional,,provisional
NTV,NTV:Jamaica:Kingston,NTV:Jamaica:Kingston,,17.99,-76.78,analyst provisional coordinates,,,61.0,,,,provisional,,provisional
NTV,NTV:El Salvador:San Salvador,NTV:El Salvador:San Salvador,,13.69,-89.22,analyst provisional coordinates,,,723.0,,,,provisional,,provisional
NTV,NTV:Guatemala:Guatemala City,NTV:Guatemala:Guatemala City,,14.6,-90.53,analyst provisional coordinates,,,1520.0,,,,provisional,,provisional
NTV,NTV:Trinidad and Tobago:Port of Spain,NTV:Trinidad and Tobago:Port of Spain,,10.66,-61.53,analyst provisional coordinates,,,3.0,,,,provisional,,provisional
NTV,NTV:Haiti:Port-au-Prince,NTV:Haiti:Port-au-Prince,,18.54,-72.33,analyst provisional coordinates,,,58.0,,,,provisional,,provisional
NTV,NTV:Cuba:Havana,NTV:Cuba:Havana,,23.1,-82.4,analyst provisional coordinates,,,32.0,,,,provisional,,provisional
NTV,NTV:Nicaragua:Managua,NTV:Nicaragua:Managua,,12.14,-86.26,analyst provisional coordinates,,,82.0,,,,provisional,,provisional
NTV,NTV:Curaçao:Willemstad,NTV:Curaçao:Willemstad,,12.1,-68.93,analyst provisional coordinates,,,5.0,,,,provisional,,provisional
NTV,NTV:Suriname:Paramaribo,NTV:Suriname:Paramaribo,,5.83,-55.17,analyst provisional coordinates,,,6.0,,,,provisional,,provisional
