country,venue_fbref_name,canonical_name,city,lat,lon,dem_elevation_m,reported_elevation_m,elevation_source,coordinate_source,confidence,basis,n_candidates,dem_minus_reported,notes
br,Allianz Parque,Allianz Parque (site of former Estádio Palestra Itália),"São Paulo (Perdizes/Barra Funda), SP, Brazil",-23.527482,-46.678553,733.0,,none retrievable this session (see search_log),"github.com/edulongodevgeo/camadas_geojson estadios_v3.geojson (Allianz Parque -23.527482, -46.678553); corroborated by Wikidata dump entry for predecessor Estádio Palestra Itália Point(-46.678417 -23.527556) and davialmeida135/analise-visual-brasileirao estadios_historico.csv (-23.5274971, -46.6785281)",high,batch agent (DEM-consistent),1,,Palmeiras home. Venue country: Brazil.
br,Arena Barueri,Arena Barueri (Estádio Municipal Prefeito Manoel Ferreira de Oliveira),"Barueri, SP, Brazil",-23.513056,-46.899444,728.0,,none retrievable this session (see search_log),"Wikidata stadium coordinate Point(-46.899444 -23.513056) from stadiums_wikidata.csv (github.com/miguelgfierro/ai_projects); corroborated by estadios_historico.csv (-23.5129134, -46.8995163) and EIC-BCC pipeline/estadios.csv (-23.512, -46.899)",high,batch agent (DEM-consistent),1,,Used by Internacional for one 2024 match (neutral/alternate venue). Venue country: Brazil.
br,Arena Condá,Arena Condá,"Chapecó, SC, Brazil",-27.104061,-52.606987,687.0,,none retrievable this session (see search_log),"github.com/edulongodevgeo/camadas_geojson estadios_v3.geojson (-27.104061, -52.606987); corroborated by same repo estadios_geocoder.geojson (-27.10409, -52.60698) and estadios_historico.csv (-27.1040925, -52.6069818)",high,batch agent (DEM-consistent),1,,Chapecoense home. Venue country: Brazil.
br,Arena Corinthians,Neo Química Arena (Arena Corinthians),"São Paulo (Itaquera), SP, Brazil",-23.545318,-46.47424,790.0,,none retrievable this session (see search_log),"github.com/edulongodevgeo/camadas_geojson estadios_v3.geojson (-23.545318, -46.47424); corroborated by estadios_historico.csv (-23.5453328, -46.4743055) and kentang2017/kinastro (-23.5453, -46.4744)",high,batch agent (DEM-consistent),1,,Corinthians home. Venue country: Brazil.
br,Arena Joinville,Arena Joinville (Estádio Municipal Wilson Lima),"Joinville, SC, Brazil",-26.316667,-48.833611,3.0,,none retrievable this session (see search_log),"Wikidata stadium coordinate Point(-48.833611 -26.316667) from stadiums_wikidata.csv (github.com/miguelgfierro/ai_projects); corroborated by estadios_historico.csv (-26.3168552, -48.8334996)",high,batch agent (DEM-consistent),1,,"Joinville home, one 2015 match. Venue country: Brazil."
br,Arena MRV,Arena MRV,"Belo Horizonte (Califórnia), MG, Brazil",-19.930073,-44.014614,934.0,,none retrievable this session (see search_log),"github.com/edulongodevgeo/camadas_geojson estadios_v3.geojson (-19.930073, -44.014614); corroborated by estadios_geocoder.geojson (-19.9300116, -44.0138813) and EIC-BCC pipeline/estadios.csv (-19.9299, -44.0145)",high,batch agent (DEM-consistent),1,,"Atlético Mineiro home since 2023; a club-level point in kentang2017/kinastro (-19.9039, -43.9178) is the city centre and was discarded. Venue country: Brazil."
br,Arena Pantanal,Arena Pantanal,"Cuiabá, MT, Brazil",-15.604055,-56.121628,176.0,,none retrievable this session (see search_log),"github.com/edulongodevgeo/camadas_geojson estadios_v3.geojson (-15.604055, -56.121628); corroborated by estadios_historico.csv (-15.6040649, -56.1222989) and EIC-BCC estadios.csv (-15.6034, -56.1223)",high,batch agent (DEM-consistent),1,,Cuiabá home. Venue country: Brazil.
br,Arena do Grêmio,Arena do Grêmio,"Porto Alegre (Humaitá), RS, Brazil",-29.973981,-51.194841,5.0,,none retrievable this session (see search_log),"github.com/edulongodevgeo/camadas_geojson estadios_v3.geojson (-29.973981, -51.194841); corroborated by Wikidata dump Point(-51.194403 -29.973444) and estadios_historico.csv (-29.9740429, -51.1951073)",high,batch agent (DEM-consistent),1,,Grêmio home. Venue country: Brazil.
br,Casa de Apostas Arena Fonte Nova,Arena Fonte Nova (Estádio Octávio Mangabeira; sponsor names Itaipava / Casa de Apostas),"Salvador, BA, Brazil",-12.978817,-38.504274,37.0,,none retrievable this session (see search_log),"github.com/edulongodevgeo/camadas_geojson estadios_v3.geojson (-12.978817, -38.504274); corroborated by Wikidata dump Point(-38.504252777 -12.978819444) and kentang2017/kinastro (-12.9789, -38.5044)",high,batch agent (DEM-consistent),1,,Bahia home. Venue country: Brazil.
ar,El Gigante de Arroyito,Estadio Gigante de Arroyito (Estadio Dr. Lisandro de la Torre),"Rosario, Santa Fe",-32.913997,-60.674567,24.0,38.0,"GeoNames city elevation for Rosario (blackadderkate/weather-widget-2 db/AR.csv; same value in hrgdavor/jsx6 cities.txt) - city-level, not stadium-specific","Wikidata P625 via SPARQL export (miguelgfierro/ai_projects stadiums_wikidata.csv); corroborated by thatbritguy/world-cup-ics 1978 venues (en.wikipedia-verified, -32.91399722/-60.67456667) and Udacity world_cup_geo.tsv (-32.914102/-60.674602)",high,batch agent (DEM-consistent),1,-14.0,"Rosario Central home ground, Av. Génova / Paraná riverfront. Same venue as FBref 'Estadio Gigante de Arroyito'. Memory-based first guess (-32.9089) was 560 m north; replaced by Wikidata coords."
ar,Estadio 15 de Abril,Estadio 15 de Abril,"Santa Fe, Santa Fe",-31.631853,-60.715867,18.0,21.0,GeoNames city elevation for Santa Fe (blackadderkate/weather-widget-2 db/AR.csv; 20 in hrgdavor/jsx6 cities.txt) - city-level,"Wikidata P625 via SPARQL export (miguelgfierro/ai_projects stadiums_wikidata.csv, club Unión de Santa Fe); kinastro stadiums.py gives -31.6333/-60.7167 (rounded, consistent)",high,batch agent (DEM-consistent),1,-3.0,"Club Atlético Unión (Santa Fe) home ground, Barrio Candioti / López y Planes."
PER,Estadio 25 de Noviembre,Estadio 25 de Noviembre,,-17.197,-70.933,1465.0,,,analyst provisional coordinates,provisional,best available (NOT DEM-consistent or low confidence) - flagged,1,,nan
ECU,Estadio 7 de Octubre,Estadio 7 de Octubre,Quevedo (Los Ríos),-1.027,-79.466,54.0,74.0,"Quevedo city altitude as commonly cited (es.wikipedia, recalled; stadium-specific figure not verified this session)","Analyst prior knowledge (Quevedo urban area; exact stadium position approximate, +/-1 km). No web lookup possible this session (WebSearch budget exhausted, page fetch blocked). DEM-validated.",medium,batch agent (DEM-consistent),2,-20.0,"Home ground of Deportivo Quevedo; appears in the dataset only as an alternate/neutral venue (Emelec in Feb 2016 while the Capwell was being rebuilt, Amarilla SC and Delfín SC in 2016 - Delfín after the April 2016 Manabí earthquake - and Barcelona SC once in 2017). Low-altitude coastal-plain venue; e"
ECU,Estadio 9 de Mayo,Estadio 9 de Mayo,Machala (El Oro),-3.2635,-79.9565,6.0,6.0,"Machala city altitude as commonly cited (es.wikipedia, recalled; stadium-specific figure not verified this session)","Analyst prior knowledge (Machala, south-central part of the city; approximate +/-1 km). No web lookup possible this session. DEM-validated.",medium,batch agent (DEM-consistent),2,0.0,Home of Orense SC and Fuerza Amarilla SC (FBref 'Amarilla SC'). Same physical stadium as 'Estadio 9 de Mayo Banco de Machala' (sponsor name from 2024).
ECU,Estadio 9 de Mayo Banco de Machala,Estadio 9 de Mayo (sponsor name: Estadio 9 de Mayo Banco de Machala),Machala (El Oro),-3.2635,-79.9565,6.0,6.0,"Machala city altitude as commonly cited (es.wikipedia, recalled; unverified this session)","Same stadium as 'Estadio 9 de Mayo' - analyst prior knowledge, DEM-validated; no web lookup possible this session.",medium,batch agent (DEM-consistent),1,0.0,Sponsor-name variant used by FBref for Orense home games in 2024-2025; identical venue to 'Estadio 9 de Mayo'.
MEX,Estadio Akron,Estadio Akron,,20.682,-103.4625,1668.0,,,analyst provisional coordinates,provisional,best available (NOT DEM-consistent or low confidence) - flagged,1,,nan
PER,Estadio Alberto Gallardo,Estadio Alberto Gallardo,,-12.035,-77.045,128.0,,,analyst provisional coordinates,provisional,best available (NOT DEM-consistent or low confidence) - flagged,1,,nan
COL,Estadio Alberto Grisales,Estadio Alberto Grisales,Rionegro (Antioquia),6.1466776,-75.3727535,2082.0,2125.0,"Rionegro (Antioquia) municipality, pt.wikipedia infobox '|altitude={{formatnum:2125}}' (CarwilB/wiki-graph dump); en.wikipedia text: territory 2,100-2,600 m","Wikidata P625 via miguelgfierro/ai_projects stadiums_wikidata.csv (Leones F.C. -> Estadio Alberto Grisales, Point(-75.3727535 6.1466776)); cross-check cjabradshaw/sportdiv data/dat.csv 6.14687,-75.37197 (DEM 2096 m)",high,batch agent (DEM-consistent),2,-43.0,Home of Rionegro Aguilas / Aguilas Doradas. Stadium on the Rionegro plateau (Altiplano del Oriente Antioqueno).
ar,Estadio Alberto José Armando,Estadio Alberto J. Armando (La Bombonera),"Buenos Aires (La Boca), CABA",-34.63565,-58.36465,13.0,31.0,GeoNames city elevation for Buenos Aires (blackadderkate/weather-widget-2 db/AR.csv; same in hrgdavor/jsx6) - city-level,"Wikidata P625 via SPARQL export (miguelgfierro/ai_projects stadiums_wikidata.csv); corroborated by Buenos Aires city open-data estadios.csv (-34.635736/-58.364758, JuanPabloAnselmo mirror) and several map datasets (-34.6356/-58.3647)",high,batch agent (DEM-consistent),1,-18.0,"Boca Juniors home ground, Brandsen 805. Coastal/riverside site next to the Riachuelo."
ECU,Estadio Alejandro Ponce Noboa,Estadio Alejandro Ponce Noboa (Fertisa),Guayaquil (Guayas),-2.25,-79.895,6.0,4.0,"Guayaquil city altitude as commonly cited (es.wikipedia, recalled; stadium-specific figure not verified this session)","Analyst prior knowledge (Fertisa sector, far south of Guayaquil near the maritime port; position approximate +/-1.5 km). No web lookup possible this session. DEM-validated.",medium,batch agent (DEM-consistent),1,2.0,"Small stadium in the Fertisa neighbourhood (home of Guayaquil Sport / Rocafuerte FC); Barcelona SC played one 2020 home match there (vs LDU de Quito, 2020-11-01) during the pandemic season. Sea-level venue; exact position immaterial for altitude purposes."
ECU,Estadio Alejandro Serrano Aguilar,Estadio Alejandro Serrano Aguilar,Cuenca (Azuay),-2.906,-79.006,2525.0,2550.0,"Commonly cited stadium/city figure (Cuenca 2,550-2,560 m; es.wikipedia, recalled; unverified this session)","Analyst prior knowledge (Av. del Estadio / Av. Fray Vicente Solano, south of the Tomebamba river, Cuenca; approximate +/-300 m). No web lookup possible this session. DEM-validated.",medium,batch agent (DEM-consistent),2,-25.0,Home of Deportivo Cuenca (FBref 'CD Cuenca' 2014-2023). Same physical stadium as the truncated 'Estadio Alejandro Serrano Aguilar Banco ...' entry.
ECU,Estadio Alejandro Serrano Aguilar Banco ...,Estadio Alejandro Serrano Aguilar (sponsor name: Estadio Alejandro Serrano Aguilar Banco del Austro),Cuenca (Azuay),-2.906,-79.006,2525.0,2550.0,"Commonly cited stadium/city figure (Cuenca 2,550-2,560 m; recalled, unverified this session)","Same stadium as 'Estadio Alejandro Serrano Aguilar' - analyst prior knowledge, DEM-validated; no web lookup possible this session.",medium,batch agent (DEM-consistent),2,-25.0,FBref name truncated with '...'; full sponsor name 'Estadio Alejandro Serrano Aguilar Banco del Austro' used for Deportivo Cuenca (and one Libertad FC game) in 2024-2025. Identical venue to 'Estadio Alejandro Serrano Aguilar'.
PER,Estadio Alejandro Villanueva,Estadio Alejandro Villanueva,,-12.068,-77.023,147.0,,,analyst provisional coordinates,provisional,best available (NOT DEM-consistent or low confidence) - flagged,1,,nan
COL,Estadio Alfonso Lastras Ramírez,Estadio Alfonso López (Bucaramanga) [FBref data error],Bucaramanga,7.13658889,-73.11658889,1017.0,959.0,Bucaramanga en.wikipedia infobox elevation_m = 959 and pt.wikipedia altitude = 959 (CarwilB/wiki-graph dump),"Resolved to Estadio Alfonso Lopez: Wikidata P625 via miguelgfierro/ai_projects stadiums_wikidata.csv (Atletico Bucaramanga -> Estadio Alfonso Lopez, Point(-73.11658889 7.13658889))",medium,batch agent (DEM-consistent),2,58.0,"DATA ERROR in FBref: 'Estadio Alfonso Lastras (Ramirez)' is Atletico San Luis's stadium in San Luis Potosi, Mexico (Wikidata Point(-100.950864 22.138706); DEM there 1853 m, window 1853-1868). The single row (2016-01-31, CA Bucaramanga home vs Independiente Medellin) is a Bucaramanga home league matc"
COL,Estadio Alfonso López,Estadio Alfonso López (since 2022 Estadio Américo Montanini),Bucaramanga,7.13658889,-73.11658889,1017.0,959.0,Bucaramanga en.wikipedia infobox elevation_m = 959; pt.wikipedia altitude = 959 (CarwilB/wiki-graph dump),"Wikidata P625 via miguelgfierro/ai_projects stadiums_wikidata.csv (Atletico Bucaramanga / Real Santander -> Estadio Alfonso Lopez, Point(-73.11658889 7.13658889))",high,batch agent (DEM-consistent),2,58.0,Same physical stadium as 'Estadio Americo Montanini' (renamed 2022). Home of Atletico Bucaramanga; AD Cali 1 match as neutral/alternate venue.
COL,Estadio Américo Montanini,Estadio Américo Montanini (ex Estadio Alfonso López),Bucaramanga,7.13658889,-73.11658889,1017.0,959.0,Bucaramanga en.wikipedia infobox elevation_m = 959 (CarwilB/wiki-graph dump),"Same stadium as Estadio Alfonso Lopez: Wikidata P625 via miguelgfierro/ai_projects stadiums_wikidata.csv Point(-73.11658889 7.13658889); rename confirmed by zarkobeats venues.csv ('Estadio Americo Montanini, Bucaramanga') and dsrojo10 FPC match CSVs",high,batch agent (DEM-consistent),2,58.0,FBref switched the venue name from 'Estadio Alfonso Lopez' to 'Estadio Americo Montanini' from 2022; identical location. Both entries should map to one venue.
COL,Estadio Armando Maestre Pavajeau,Estadio Armando Maestre Pavajeau,Valledupar,10.465744,-73.249336,170.0,168.0,Valledupar en.wikipedia infobox elevation_m = 168 (CarwilB/wiki-graph dump),"Wikidata P625 via miguelgfierro/ai_projects stadiums_wikidata.csv (Valledupar F.C. -> Point(-73.249336 10.465744)); cross-check kentang2017/kinastro 10.4636,-73.2536 (DEM 166 m)",high,batch agent (DEM-consistent),2,2.0,Home of Alianza FC since its 2024 move from Barrancabermeja to Valledupar; Union Magdalena 1 match.
COL,Estadio Armando Tuirán Paternina,Estadio Armando Tuirán Paternina,Sahagún (Córdoba),8.943048,-75.445834,80.0,71.0,Sahagun (Colombia) es.wikipedia infobox '| altitud = 71' (CarwilB/wiki-graph dump),"NOT stadium-specific: Sahagun municipal-seat coordinates from DANE-style municipality list corpofuturo/siagrd-meta database/gen_016.mjs (23660 SAHAGUN, -75.445834, 8.943048); cross-check jhonhoga/dashboard-licitaciones 8.95,-75.45. No GitHub-indexed dataset gives the stadium point.",medium,batch agent (DEM-consistent),1,9.0,Used once (2018-02-11) by Jaguares de Cordoba vs La Equidad while Estadio Jaraguay (Monteria) was unavailable. Position accurate to roughly +/-2 km (within the small town); elevation reliable.
COL,Estadio Arturo Cumplido Sierra,Estadio Arturo Cumplido Sierra,Sincelejo,9.3082,-75.3986,220.0,213.0,Sincelejo es.wikipedia infobox '| altitud = 213' (CarwilB/wiki-graph dump),"ILuuI/sucre-governorate js/data.js ('Estadio Arturo Cumplido Sierra', estadioCoords lat 9.3082, lng -75.3986); city confirmed by zarkobeats venues.csv and dsrojo10 FPC CSVs",medium,batch agent (DEM-consistent),2,7.0,Temporary home of Aguilas Doradas (FBref 'Rionegro') in 2024-2025 while away from Rionegro. Coordinate source is a community repo (not Wikidata) but DEM-consistent.
COL,Estadio Atanasio Girardot,Estadio Atanasio Girardot,Medellín,6.2568,-75.590172,1475.0,1495.0,Medellin en.wikipedia infobox elevation_m = 1495 (CarwilB/wiki-graph dump),"Wikidata P625 via miguelgfierro/ai_projects stadiums_wikidata.csv (Atletico Nacional -> Atanasio Girardot Sports Complex, Point(-75.590172 6.2568)); cross-check AriadneMK dataset 6.2568,-75.5902",high,batch agent (DEM-consistent),2,-20.0,Shared home of Atletico Nacional and Independiente Medellin; Santa Fe and Huila used it for isolated matches.
MEX,Estadio Azteca,Estadio Azteca,,19.3029,-99.1505,2281.0,,,analyst provisional coordinates,provisional,best available (NOT DEM-consistent or low confidence) - flagged,1,,nan
MEX,Estadio Azul,Estadio Azul,,19.3789,-99.1856,2270.0,,,analyst provisional coordinates,provisional,best available (NOT DEM-consistent or low confidence) - flagged,1,,nan
MEX,Estadio BBVA Bancomer,Estadio BBVA Bancomer,,25.669,-100.2445,496.0,,,analyst provisional coordinates,provisional,best available (NOT DEM-consistent or low confidence) - flagged,1,,nan
ECU,Estadio Banco del Pacífico,Estadio George Capwell (sponsor name: Estadio Banco del Pacífico Capwell),Guayaquil (Guayas),-2.2005,-79.893,6.0,4.0,"Guayaquil city altitude as commonly cited (es.wikipedia, recalled; stadium-specific figure not verified this session)","Analyst prior knowledge (Barrio del Astillero, Calle Pío Montúfar / General Gómez / Av. Quito, Guayaquil; approximate +/-1 km). No web lookup possible this session. DEM-validated.",medium,batch agent (DEM-consistent),2,2.0,Emelec's home; FBref used the sponsor name 'Estadio Banco del Pacífico' for 2014-2023 and 'Estadio George Capwell Banco del Austro' for 2024-2025 - same physical stadium. Sea-level venue.
MEX,Estadio Banorte,Estadio Banorte,,24.801,-107.425,39.0,,,analyst provisional coordinates,provisional,best available (NOT DEM-consistent or low confidence) - flagged,1,,nan
ECU,Estadio Bellavista Universidad Indoaméri...,Estadio Bellavista (sponsor name: Estadio Bellavista Universidad Indoamérica),Ambato (Tungurahua),-1.2555,-78.615,2636.0,2580.0,"Ambato city altitude as commonly cited (2,577-2,580 m; es.wikipedia, recalled; stadium-specific figure not verified this session)",Analyst prior knowledge (Bellavista sector on the city plateau east/south-east of Ambato centre; position approximate +/-700 m). DEM terrain grid used to keep the point on the urban plateau rather than in the adjacent Río Ambato canyon. No web lookup possible this session.,medium,batch agent (DEM-consistent),1,56.0,"FBref name truncated with '...'; full sponsor name 'Estadio Bellavista Universidad Indoamérica' used in 2024-2025 by Técnico Universitario, Macará and Mushuc Runa. Identical venue to 'Estadio Bellavista de Ambato'. Exact coordinates should be re-checked when web search is available; the altitude ban"
ECU,Estadio Bellavista de Ambato,Estadio Bellavista,Ambato (Tungurahua),-1.2555,-78.615,2636.0,2580.0,"Ambato city altitude as commonly cited (2,577-2,580 m; recalled, unverified this session)","Same stadium as 'Estadio Bellavista Universidad Indoaméri...' - analyst prior knowledge, DEM-validated with a terrain grid; no web lookup possible this session.",medium,batch agent (DEM-consistent),2,56.0,"Main stadium of Ambato, shared by Macará, Técnico Universitario and (2014-2020) Mushuc Runa; Cumbayá FC used it once. Same venue as the sponsor-name entry."
COL,Estadio Bello Horizonte,"Estadio Bello Horizonte ""Rey Pelé"" (ex Estadio Manuel Calle Lombana)",Villavicencio,4.142,-73.6266,441.0,467.0,Villavicencio en.wikipedia infobox elevation_m = 467 (CarwilB/wiki-graph dump),"guigalhano/jogos-chile-scraper estadios_colombia.js ('Estadio Bello Horizonte - Rey Pele', Villavicencio, Meta, lat 4.1420, lng -73.6266)",medium,batch agent (DEM-consistent),2,-26.0,"Stadium in Villavicencio's Villa Olimpica; renamed from Manuel Calle Lombana to Bello Horizonte (Rey Pele) in 2020 (es.wikipedia Villavicencio). Home of Llaneros FC 2025; America, Millonarios, Boyaca Chico used it as alternate venue in 2024. Coordinate source is a community list, DEM-consistent."
cl,Estadio Bicentenario Francisco Sánchez R...,Estadio Municipal Francisco Sánchez Rumoroso,Coquimbo,-29.965278,-71.338333,42.0,,No published venue elevation found,"Wikidata P625 via GitHub mirror miguelgfierro/ai_projects stadiums_wikidata.csv (Point(-71.338333 -29.965278)); corroborated by guigalhano/jogos-chile-scraper (-29.9647,-71.3387)",high,batch agent (DEM-consistent),1,,Truncated FBref name resolved via Coquimbo Unido / neutral-site use by Palestino (2024). Also called Estadio Bicentenario Francisco Sánchez Rumoroso.
cl,Estadio Bicentenario Municipal Nelson Oy...,Estadio Bicentenario Municipal Nelson Oyarzún Arenas,Chillán,-36.618056,-72.1075,126.0,,No published venue elevation found; es.wikipedia Chillán page not available in accessible mirrors,"Wikidata P625 via GitHub mirror miguelgfierro/ai_projects stadiums_wikidata.csv (Point(-72.1075 -36.618056)); corroborated by guigalhano/jogos-chile-scraper (-36.6183,-72.1078)",high,batch agent (DEM-consistent),1,,Ñublense home (2022). Truncated FBref name resolved via home team.
cl,Estadio Bicentenario Municipal de La Flo...,Estadio Bicentenario Municipal de La Florida,"La Florida, Santiago",-33.540833,-70.578333,634.0,,No published venue elevation found; es.wikipedia La Florida (Chile) mirror has no altitude parameter,"Wikidata P625 via GitHub mirror miguelgfierro/ai_projects stadiums_wikidata.csv (Point(-70.578333 -33.540833)); corroborated by guigalhano/jogos-chile-scraper (-33.5408,-70.5783)",high,batch agent (DEM-consistent),1,,Audax Italiano home (2018). Truncated FBref name resolved via home team.
BOL,Estadio Bicentenario de Villa Tunari,Estadio Bicentenario de Villa Tunari,"Villa Tunari (Chapare, Cochabamba dept.)",-16.9722,-65.4222,310.0,300.0,"Villa Tunari town altitude commonly cited ~300 msnm (recall, unverified)","model recall, town centroid proxy for Villa Tunari (stadium point not verified; no web access)",low,batch agent (DEM-consistent),2,10.0,"Atlético Palmaflor's 2023 home (12 matches) after moving from Cochabamba/Quillacollo. Stadium built for the 2010 Bicentenario in Villa Tunari, Chapare tropics. Coordinates are the town centre, not the stadium footprint."
"ar,co",Estadio Brigadier General Estanislao Lóp...,Estadio Brigadier General Estanislao López (Cementerio de los Elefantes),"Santa Fe, Argentina",-31.663217,-60.725394,16.0,,none retrievable this session (see search_log),Wikidata stadium coordinate Point(-60.725394 -31.663217) from stadiums_wikidata.csv (github.com/miguelgfierro/ai_projects),high,batch agent (DEM-consistent),1,,FBref name truncated; resolved via home teams Colón (owner) and Patronato (used it for Sudamericana 2023). Venue country: Argentina.
cl,Estadio CAP,Estadio CAP (Estadio Huachipato-CAP Acero),Talcahuano,-36.755556,-73.107222,24.0,1.0,CITY-LEVEL: es.wikipedia 'Talcahuano' infobox altitud = 1 m (centre; article notes sectors between 5 and 220 m) (mirror CarwilB/wiki-graph); no venue-specific published elevation found,"Wikidata P625 via GitHub mirror miguelgfierro/ai_projects stadiums_wikidata.csv (Point(-73.107222 -36.755556)); corroborated by julioz/workspace-projects-2013 clubs.xml (-36.755020,-73.107513) and guigalhano/jogos-chile-scraper (-36.7542,-73.1079)",high,batch agent (DEM-consistent),1,23.0,Huachipato home (2024). Three coordinate sources agree within ~150 m.
cl,Estadio CODELCO-El Teniente,Estadio El Teniente (Estadio Codelco El Teniente),Rancagua,-34.177764,-70.737719,517.0,,No published venue elevation found; es.wikipedia Rancagua page not available in accessible mirrors,"Wikidata P625 via GitHub mirror miguelgfierro/ai_projects stadiums_wikidata.csv (Point(-70.737719 -34.177764)); corroborated by guigalhano/jogos-chile-scraper (-34.1778,-70.7380) and kentang2017/kinastro (-34.1789,-70.7269)",high,batch agent (DEM-consistent),1,,O'Higgins home; also neutral-site venue for Palestino and others.
MEX,Estadio Caliente,Estadio Caliente,,32.4926,-116.9963,167.0,,,analyst provisional coordinates,provisional,best available (NOT DEM-consistent or low confidence) - flagged,1,,nan
PER,Estadio Campeones del 36,Estadio Campeones del 36,,-4.89,-80.685,63.0,,,analyst provisional coordinates,provisional,best available (NOT DEM-consistent or low confidence) - flagged,1,,nan
COL,Estadio Centenario,Estadio Centenario de Armenia,Armenia (Quindío),4.5297,-75.696,1412.0,1483.0,"Armenia, Colombia en.wikipedia text: 'located ... at a height of 1,483 m' (CarwilB/wiki-graph dump)",analyst provisional coordinates (agent coordinates were DEM-inconsistent),medium,"provisional coordinates, agent published figure (DEM-consistent)",2,-71.0,"Not the Montevideo stadium. FBref rows: Deportes Quindio 2014 and 2021 (home), Atletico Huila 2015 (8) + 2016 (1), Cucuta Deportivo 2020 (4) and America de Cali 2020 (1) all used Armenia as a temporary home venue."
ECU,Estadio Centenario de Guaranda,Estadio Centenario (Guaranda),Guaranda (Bolívar),-1.5945,-79.0005,2658.0,2668.0,"Guaranda city altitude as commonly cited (es.wikipedia, recalled; stadium-specific figure not verified this session)",Analyst prior knowledge of Guaranda town only - the exact stadium position within the town could not be verified this session (no web access); coordinates given are the central urban area (+/-1 km). DEM-validated against the town's altitude.,low,batch agent (DEM-consistent),1,-10.0,Used as an alternate home by Mushuc Runa (2015-2016) and once by El Nacional (2015). Stadium name/position should be confirmed with a web lookup when available; treat coordinates as town-level.
ECU,Estadio Christian Benítez Betancourt,Estadio Christian Benítez Betancourt,Guayaquil (Guayas),-2.109,-79.9075,18.0,5.0,"Guayaquil city altitude as commonly cited (es.wikipedia, recalled; stadium-specific figure not verified this session)","Analyst prior knowledge (Parque Samanes sports complex, north Guayaquil; approximate +/-1 km). No web lookup possible this session. DEM-validated.",medium,batch agent (DEM-consistent),2,13.0,"Opened 2015 in Parque Samanes; home of Guayaquil City FC (formerly River Ecuador, which is the same club renamed). Sea-level venue; exact position immaterial for altitude purposes."
PER,Estadio Ciudad de Cumaná,Estadio Ciudad de Cumaná,,-13.143,-74.22,2787.0,,,analyst provisional coordinates,provisional,best available (NOT DEM-consistent or low confidence) - flagged,1,,nan
ar,Estadio Ciudad de La Plata,Estadio Ciudad de La Plata (Estadio Único; since 2020 Estadio Único Diego Armando Maradona),"La Plata, Buenos Aires",-34.91375,-57.989028,10.0,27.0,GeoNames city elevation for La Plata (blackadderkate/weather-widget-2 db/AR.csv; same in hrgdavor/jsx6) - city-level,Wikidata P625 via SPARQL export (miguelgfierro/ai_projects stadiums_wikidata.csv); corroborated by Wikipedia-scraped stadium list (airscholar/FootballDataEngineering -34.91384/-57.98905) and MatiArea/zippin-map (-34.9128/-57.9889),high,batch agent (DEM-consistent),1,-17.0,Used by Estudiantes de La Plata 2015-2018 (and Gimnasia) while their own grounds were unavailable. Wikidata club label in the export is garbled ('Club Estudiante del grado de urgencia') but the venue label and coordinates are correct.
ar,Estadio Ciudad de Lanús,Estadio Ciudad de Lanús – Néstor Díaz Pérez (La Fortaleza),"Lanús, Buenos Aires",-34.717667,-58.383806,14.0,10.0,GeoNames city elevation for Lanús (blackadderkate/weather-widget-2 db/AR.csv; same in hrgdavor/jsx6) - city-level,Wikidata P625 via SPARQL export (miguelgfierro/ai_projects stadiums_wikidata.csv); kinastro stadiums.py -34.7178/-58.3839 agrees,high,batch agent (DEM-consistent),1,4.0,Club Atlético Lanús home ground; also used as an alternate/neutral venue by several other clubs (only 13 of 39 matches were Lanús home games).
ECU,Estadio Cooperativa de Ahorro y Crédito ...,Estadio Cooperativa de Ahorro y Crédito Mushuc Runa (Estadio de Echaleche),"Echaleche, parroquia Pilahuín, cantón Ambato (Tungurahua)",-1.305,-78.71,3232.0,3200.0,"Press/club figure recalled (reports range 3,100-3,250 m; commonly '3.200 msnm'); unverified this session","Analyst prior knowledge that the ground lies in the Echaleche community on the Ambato-Guaranda road between Santa Rosa and Pilahuín; the point is a DEM-consistent location on that corridor, NOT a verified stadium position (+/-2 km). No web lookup possible this session.",low,batch agent (DEM-consistent),1,32.0,"FBref name truncated with '...'; full name 'Estadio Cooperativa de Ahorro y Crédito Mushuc Runa'. Mushuc Runa's own stadium, used from 2021 (data seasons 2021-2025), highest venue in Ecuador's Serie A. Coordinates must be confirmed by web lookup; the provisional registry entry for 'Estadio del Mushu"
MEX,Estadio Cuauhtémoc,Estadio Cuauhtémoc,,19.0765,-98.1735,2211.0,,,analyst provisional coordinates,provisional,best available (NOT DEM-consistent or low confidence) - flagged,1,,nan
COL,Estadio Daniel Villa Zapata,Estadio Daniel Villa Zapata,Barrancabermeja,7.06528,-73.85472,82.0,75.0,"Barrancabermeja en.wikipedia infobox elevation_m = 75; es.wikipedia (Yondo, across the river) altitud 75 (CarwilB/wiki-graph dump)","NOT stadium-specific: Barrancabermeja urban-centre coordinates from es.wikipedia infobox mapframe latitude=7.06528 longitude=-73.85472 (CarwilB/wiki-graph dump); cross-check EngJuanSER/bga-broadband municipios_coords.py 7.0675,-73.8547 (DEM 83 m). No GitHub-indexed dataset gives the stadium point (Wikidata club->stadium dump maps Alianza Petrolera to Atanasio Girardot, evidently wrong).",medium,batch agent (DEM-consistent),2,7.0,Home of Alianza Petrolera 2015-2023 (174 matches); Bucaramanga 2 matches. Position approximate (+/-2 km); elevation reliable.
BOL,Estadio Defensores del Chaco,"UNRESOLVED / probable FBref data error - best resolution: Petrolero del Chaco 2017 home ground, Estadio Federico Ibarra Olarte, Villa Montes",Villa Montes (Tarija dept.) - best guess,-21.2622,-63.4708,385.0,400.0,"Villa Montes town altitude commonly cited ~400 msnm (recall, unverified)","model recall, Villa Montes town centroid proxy (best-guess resolution, not verified)",low,batch agent (DEM-consistent),1,-15.0,"Single match: Petrolero 2-0 San José, 2017-02-19 (Torneo Apertura 2017). 'Estadio Defensores del Chaco' is the national stadium of Paraguay (Asunción) and cannot be a Bolivian league home ground; FBref almost certainly mis-mapped a Chaco-region venue. Petrolero's other 2017 home matches are listed a"
COL,Estadio Departamental Libertad,Estadio Departamental Libertad,Pasto,1.198011,-77.277608,2544.0,2527.0,"Pasto, Colombia en.wikipedia infobox elevation_m = 2527 (CarwilB/wiki-graph dump)","Wikidata P625 via miguelgfierro/ai_projects stadiums_wikidata.csv (Deportivo Pasto -> Point(-77.277608 1.198011)); cross-check Sofascore-style dump tabaresjuan524-ui/betappserver venueCoordinates 1.198085,-77.277895",high,batch agent (DEM-consistent),2,17.0,Home of Deportivo Pasto; Envigado 1 match. Highest venue in this batch.
COL,Estadio Deportivo Cali,Estadio Deportivo Cali (Estadio de Palmaseca),"Palmaseca, Palmira (Valle del Cauca)",3.521642,-76.417036,949.0,1001.0,"Palmira, Valle del Cauca en.wikipedia infobox elevation_m = 1001 (CarwilB/wiki-graph dump)","Wikidata P625 via miguelgfierro/ai_projects stadiums_wikidata.csv (Deportivo Cali -> Estadio Palmaseca, Point(-76.417036 3.521642)). kentang2017/kinastro value 3.4299,-76.5411 rejected (that is Cali city centre, ~15 km away).",high,batch agent (DEM-consistent),2,-52.0,"Home of Deportivo Cali (FBref 'AD Cali'), located in the Palmaseca sector of Palmira municipality, not in Cali proper."
ar,Estadio Diego Armando Maradona,Estadio Diego Armando Maradona (La Paternal),"Buenos Aires (La Paternal / Villa General Mitre), CABA",-34.606028,-58.472583,20.0,31.0,GeoNames city elevation for Buenos Aires (blackadderkate/weather-widget-2 db/AR.csv) - city-level,Wikidata P625 via SPARQL export (miguelgfierro/ai_projects stadiums_wikidata.csv); corroborated by Buenos Aires city open-data estadios.csv (-34.606276/-58.473028) and GCBA clubes.csv (Gavilán 2151: -34.606146/-58.473316),high,batch agent (DEM-consistent),1,-11.0,"Resolved to Argentinos Juniors' ground (8 of 15 matches). CAUTION: La Plata's Estadio Ciudad de La Plata was also renamed 'Estadio Único Diego Armando Maradona' in 2020, and the 7 non-Argentinos matches (2021-2023) may have been played there (DEM ~10 m at -34.91375/-57.989028); both sites are near s"
COL,Estadio Doce de Octubre,Estadio Doce de Octubre,Tuluá,4.074891,-76.20158,988.0,960.0,Tulua en.wikipedia infobox elevation_m = 960 (CarwilB/wiki-graph dump),"Wikidata P625 via miguelgfierro/ai_projects stadiums_wikidata.csv (Cortulua -> Estadio Doce de Octubre, Point(-76.20158 4.074891))",high,batch agent (DEM-consistent),2,28.0,Home of Cortulua; America de Cali 1 match.
br,Estadio Domingo Burgueño Miguel (Neutral Site),Estadio Domingo Burgueño Miguel (Estadio Campus de Maldonado),"Maldonado, Uruguay",-34.914444,-54.955278,34.0,,none retrievable this session (see search_log),"Wikidata stadium coordinate Point(-54.955278 -34.914444) from stadiums_wikidata.csv (github.com/miguelgfierro/ai_projects); roughly corroborated by club-level point in kentang2017/kinastro (-34.9111, -54.9500)",high,batch agent (DEM-consistent),1,,"Neutral venue of the 2023 Copa Sudamericana final (Fortaleza 1-1 LDU Quito, 2023-10-28, confirmed in local SUD_fbref_completed.csv). Venue country: Uruguay (input country 'br' is the home team's country)."
BOL,Estadio Dr. Carlos Villegas,Estadio Dr. Carlos Villegas (Bulo Bulo / Entre Ríos municipality),"Bulo Bulo, Entre Ríos municipality (Carrasco province, Cochabamba dept.)",-17.2333,-64.3667,245.0,,no verified figure available offline; Bulo Bulo/Entre Ríos area lies at ~240-270 m (Chapare lowland),"model recall, Bulo Bulo town centroid proxy (stadium point not verified; no web access)",low,best available (NOT DEM-consistent or low confidence) - flagged,2,,"San Antonio Bulo Bulo's 2025 home ground (7 matches). Named after Dr. Carlos Villegas Quiroga (YPFB president, d. 2015; the Bulo Bulo urea plant was his project), consistent with a YPFB-funded municipal stadium in Bulo Bulo. I could not verify offline whether it is in Bulo Bulo itself or in the muni"
ECU,Estadio Dr. Lisandro de la Torre,DATA ERROR - resolved to Estadio Olímpico Atahualpa (El Nacional's regular home),Quito (Pichincha),-0.177,-78.4763,2783.0,2782.0,"Estadio Olímpico Atahualpa altitude as commonly cited (es.wikipedia, recalled; unverified this session)","Analyst prior knowledge of the Estadio Olímpico Atahualpa (Av. 6 de Diciembre / Naciones Unidas, Quito); DEM-validated. No web lookup possible this session.",low,batch agent (DEM-consistent),1,1.0,"'Estadio Dr. Lisandro de la Torre' is the official name of Rosario Central's Gigante de Arroyito in Rosario, Argentina - it cannot be the venue of El Nacional 0-0 Universidad Católica (Serie A, 2018-04-06, att. 3,494). This is an FBref venue-mapping error. El Nacional played its 2018 home fixtures a"
BOL,Estadio Edgar Peña Gutierrez,Estadio Edgar Peña Gutiérrez,Santa Cruz de la Sierra,-17.7833,-63.1821,424.0,,no stadium-specific figure verified offline; Santa Cruz de la Sierra is cited at ~416 msnm,"model recall, Santa Cruz de la Sierra city centroid proxy (stadium point not verified; no web access)",low,best available (NOT DEM-consistent or low confidence) - flagged,2,,"Secondary Santa Cruz stadium used by Sport Boys Warnes (2017 principal venue, 21 matches), Royal Parí (2) and Destroyers (1). I could not verify offline which barrio it is in, so coordinates are the city centre. Altitude is robust; the point is not."
cl,Estadio El Cobre,Estadio El Cobre,"El Salvador (Diego de Almagro), Atacama",-26.251944,-69.628611,2215.0,2400.0,"TOWN-LEVEL: en.wikipedia 'El Salvador, Chile' lead (mirror wenhuchen/WikiTables-WithLinks): 'Located at an elevation of more than 2,400 meters'; no venue-specific published elevation found","Wikidata P625 via GitHub mirror miguelgfierro/ai_projects stadiums_wikidata.csv (Point(-69.628611 -26.251944)); kentang2017/kinastro gives -26.2389,-69.6261 (~1.5 km N, town centre). guigalhano value (-26.3403,-70.6247) is wrong (100 km west) and was discarded.",high,best available (NOT DEM-consistent or low confidence) - flagged,1,-185.0,Cobresal home (2016). Highest-altitude venue in this batch; flag the reported-vs-DEM gap for the analyst.
MEX,Estadio El Encanto,Estadio El Encanto,,23.242,-106.375,38.0,,,analyst provisional coordinates,provisional,best available (NOT DEM-consistent or low confidence) - flagged,1,,nan
PER,Estadio Elías Aguirre,Estadio Elías Aguirre,,-6.77,-79.84,34.0,,,analyst provisional coordinates,provisional,best available (NOT DEM-consistent or low confidence) - flagged,1,,nan
cl,Estadio Elías Figueroa Brander,Estadio Elías Figueroa Brander (ex Estadio Regional Chiledeportes / Playa Ancha),Valparaíso,-33.022278,-71.64,44.0,,No published venue elevation found,"Wikidata P625 via GitHub mirror miguelgfierro/ai_projects stadiums_wikidata.csv (Point(-71.64 -33.02227778)); corroborated by Wikidata node Q1369589 in Felipebarv25/app-vuelos (-33.02227778,-71.64) and Valparaíso GTFS stops 'Estadio Elías Figueroa Brander' (-33.0220,-71.6407)",high,batch agent (DEM-consistent),1,,Santiago Wanderers home; also used by Unión La Calera (2024).
ECU,Estadio Federativo Reina del Cisne,Estadio Federativo Reina del Cisne,Loja (Loja),-3.985,-79.2035,2043.0,2100.0,"Stadium figure recalled from es.wikipedia infobox (2,100 m); Loja city commonly cited at 2,060 m; unverified this session","Analyst prior knowledge (north-central Loja, just north of the city centre; approximate +/-700 m). No web lookup possible this session. DEM-validated.",medium,batch agent (DEM-consistent),2,-57.0,Home of LDU de Loja and later Libertad FC (FBref 'Libertad FC' / 'Libertad'); LDU de Quito played there once. Truncation-free name.
BOL,Estadio Federico Ibarra Olarte,Estadio Federico Ibarra Olarte,"Villa Montes (Gran Chaco province, Tarija dept.)",-21.2622,-63.4708,385.0,400.0,"Villa Montes town altitude commonly cited ~400 msnm (recall, unverified)","model recall, Villa Montes town centroid proxy (stadium point not verified; no web access)",low,batch agent (DEM-consistent),2,-15.0,"Petrolero del Chaco's 2017 principal venue (27 matches) while the Yacuiba stadium was unavailable; my recall places this stadium in Villa Montes, ~90 km north of Yacuiba. If it were instead in Yacuiba the altitude would be ~630 m (see Estadio Provincial de Yacuiba) - still lowland either way."
ar,Estadio Florencio Solá,Estadio Florencio Sola,"Banfield (Lomas de Zamora), Buenos Aires",-34.750847,-58.387544,15.0,,No Banfield entry in the reachable GeoNames-derived city lists; neighbouring Lanús is 10 m and Buenos Aires 31 m (city-level). No stadium-specific altitude reachable.,Wikidata P625 via SPARQL export (miguelgfierro/ai_projects stadiums_wikidata.csv); kinastro stadiums.py -34.7506/-58.3878 agrees. Two other datasets place it ~0.8 km NW (guigalhano estadios_argentina.js -34.7439/-58.3947; DarioDiGulio estadios.sql -34.7464/-58.3972),medium,batch agent (DEM-consistent),1,,"Club Atlético Banfield home ground (Peña y Arenales, Banfield Este); Defensa y Justicia used it once. Exact site not independently confirmed beyond Wikidata+kinastro, hence medium."
ECU,Estadio Folke Anderson,Estadio Folke Anderson,Esmeraldas (Esmeraldas),0.962,-79.654,15.0,15.0,"Esmeraldas city altitude as commonly cited (es.wikipedia, recalled; stadium-specific figure not verified this session)","Analyst prior knowledge (Esmeraldas city, south-central area; approximate +/-1 km). No web lookup possible this session. DEM-validated. Note the positive latitude (north of the equator).",medium,batch agent (DEM-consistent),1,0.0,Municipal stadium of Esmeraldas; Independiente del Valle used it for two home matches (2017-04-22 vs Clan Juvenil; 2018-09-23 vs CD Cuenca). Sea-level coastal venue; exact position immaterial for altitude purposes.
COL,Estadio Francisco Rivera Escobar,Estadio Francisco Rivera Escobar,Palmira (Valle del Cauca),3.5322,-76.3033,1004.0,1001.0,"Palmira, Valle del Cauca en.wikipedia infobox elevation_m = 1001 (CarwilB/wiki-graph dump)","guigalhano/jogos-chile-scraper estadios_colombia.js ('Estadio Francisco Rivera Escobar', Palmira, Valle del Cauca, lat 3.5322, lng -76.3033); consistent with es.wikipedia Palmira mapframe centre 3.53944,-76.30361 and with the stadium being 'in the centre of Palmira' (en.wikipedia Palmira text)",medium,batch agent (DEM-consistent),2,3.0,"Alternate venue: Cortulua 2017-03-11 and America de Cali 2024-07-25. Coordinate source is a community list, but it matches the town centre location described by Wikipedia and the DEM."
BOL,Estadio Félix Capriles,Estadio Félix Capriles,Cochabamba,-17.3776,-66.1616,2575.0,2558.0,"commonly cited stadium altitude 2,558 msnm (Wikipedia/press; recalled, not re-verified)","model recall of stadium location (north of city centre), DEM-validated; no web access",medium,batch agent (DEM-consistent),2,17.0,"Main Cochabamba stadium; home of Wilstermann (161), Aurora (111), Atlético Palmaflor (45), FC Universitario (39). 362 matches."
ECU,Estadio General Rumiñahui del Valle de L...,Estadio General Rumiñahui (del Valle de los Chillos),"Sangolquí, cantón Rumiñahui (Pichincha)",-0.325,-78.4485,2494.0,2500.0,"Commonly cited stadium/town figure (Sangolquí ~2,500-2,519 m; es.wikipedia, recalled; unverified this session)","Analyst prior knowledge (Sangolquí, Av. General Enríquez area; approximate +/-700 m). No web lookup possible this session. DEM-validated.",medium,batch agent (DEM-consistent),2,-6.0,"FBref name truncated with '...'; full name 'Estadio General Rumiñahui del Valle de los Chillos'. Home of Independiente del Valle until their own Estadio Banco Guayaquil opened (2021), also Clan Juvenil and occasionally El Nacional."
COL,Estadio General Santander,Estadio General Santander,Cúcuta,7.894478,-72.501717,303.0,320.0,Cucuta en.wikipedia infobox elevation_m = 320 (CarwilB/wiki-graph dump),"Wikidata P625 via miguelgfierro/ai_projects stadiums_wikidata.csv (Cucuta Deportivo -> General Santander, Point(-72.501717 7.894478))",high,batch agent (DEM-consistent),2,-17.0,Home of Cucuta Deportivo 2015-2020 (49 matches); in late 2020 Cucuta played some home games in Armenia (see Estadio Centenario).
MEX,Estadio Generalísimo José María Morelos ...,Estadio Generalísimo José María Morelos ...,,19.73,-101.156,1887.0,,,analyst provisional coordinates,provisional,best available (NOT DEM-consistent or low confidence) - flagged,1,,nan
ECU,Estadio George Capwell Banco del Austro,Estadio George Capwell (sponsor name: Estadio George Capwell Banco del Austro),Guayaquil (Guayas),-2.2005,-79.893,6.0,4.0,"Guayaquil city altitude as commonly cited (es.wikipedia, recalled; unverified this session)","Same stadium as 'Estadio Banco del Pacífico' - analyst prior knowledge, DEM-validated; no web lookup possible this session.",medium,batch agent (DEM-consistent),2,2.0,Sponsor-name variant used by FBref for Emelec home games in 2024-2025; identical venue to 'Estadio Banco del Pacífico' (George Capwell).
ECU,Estadio Gerardo León Pozo,Estadio Gerardo León Pozo,Gualaceo (Azuay),-2.885,-78.78,2265.0,2230.0,"Gualaceo town altitude as commonly cited (es.wikipedia, recalled; stadium-specific figure not verified this session)","Analyst prior knowledge (Gualaceo town, south-west of the central park; approximate +/-700 m). No web lookup possible this session. DEM-validated.",medium,batch agent (DEM-consistent),1,35.0,Home of Gualaceo SC for 8 games in 2022 (they otherwise used the Jorge Andrade Cantos stadium in Azogues); Cumbayá FC once. Small-town venue; exact position should be re-checked with web access but altitude band is well constrained.
ar,Estadio Gigante de Arroyito,Estadio Gigante de Arroyito (Estadio Dr. Lisandro de la Torre),"Rosario, Santa Fe",-32.913997,-60.674567,24.0,38.0,GeoNames city elevation for Rosario (blackadderkate/weather-widget-2 db/AR.csv) - city-level,Wikidata P625 via SPARQL export (miguelgfierro/ai_projects stadiums_wikidata.csv); corroborated by thatbritguy/world-cup-ics (en.wikipedia-verified) and Udacity world_cup_geo.tsv,high,batch agent (DEM-consistent),1,-14.0,Same venue as FBref 'El Gigante de Arroyito' (2019 entry); Rosario Central home ground.
BOL,Estadio Gilberto Parada,Estadio Gilberto Parada,Montero (Santa Cruz dept.),-17.34,-63.2545,300.0,300.0,"Montero town altitude commonly cited ~300 msnm (recall, unverified)","model recall, approximate stadium position in Montero (within ~500 m of town centre), DEM-validated; no web access",medium,batch agent (DEM-consistent),2,0.0,"Home of Guabirá (152 matches); also used by Blooming (7, 2025 principal venue), Royal Parí (6), Oriente Petrolero (6). 175 matches."
ECU,Estadio Gonzalo Pozo Ripalda,Estadio Gonzalo Pozo Ripalda,"Quito - Chillogallo, south Quito (Pichincha)",-0.2847,-78.5544,2903.0,2900.0,Commonly cited figure for the Aucas stadium / south Quito (recalled from es.wikipedia and press; unverified this session),"Analyst prior knowledge (Chillogallo sector, south Quito; approximate +/-500 m). No web lookup possible this session. DEM-validated.",medium,batch agent (DEM-consistent),2,3.0,"Home of SD Aucas; also used by El Nacional, Vinotinto and once by Independiente del Valle. Higher than the Atahualpa (2,783 m) because it sits in the southern part of the Quito basin."
BOL,Estadio Gran Mamoré,Estadio Gran Mamoré,Trinidad (Beni dept.),-14.8432,-64.9067,159.0,155.0,"commonly cited altitude 155 msnm for Trinidad / the stadium (recall, unverified)","model recall, approximate stadium position in Trinidad, DEM-validated; no web access",medium,batch agent (DEM-consistent),2,4.0,"Home of Libertad Gran Mamoré FC (16 matches, 2023) and one Universitario (B) match in 2016. 17 matches."
PER,Estadio Guillermo Briceño Rosamedina,Estadio Guillermo Briceño Rosamedina,,-15.49,-70.132,3833.0,,,analyst provisional coordinates,provisional,best available (NOT DEM-consistent or low confidence) - flagged,1,,nan
COL,Estadio Guillermo Plazas Alcid,Estadio Guillermo Plazas Alcid,Neiva,2.936698,-75.274286,489.0,442.0,"Neiva, Huila en.wikipedia infobox elevation_m = 442 (CarwilB/wiki-graph dump)","Wikidata P625 via miguelgfierro/ai_projects stadiums_wikidata.csv (Atletico Huila -> Estadio Guillermo Plazas Alcid, Point(-75.274286 2.936698))",high,batch agent (DEM-consistent),2,47.0,Home of Atletico Huila (FBref 'Huila' and 'Atletico Huila' are the same club); Boyaca Patriotas and Tolima 1 match each.
PER,Estadio Heraclio Tapia León,Estadio Heraclio Tapia León,,-9.933,-76.243,1901.0,,,analyst provisional coordinates,provisional,best available (NOT DEM-consistent or low confidence) - flagged,1,,nan
BOL,Estadio Hernando Siles,Estadio Hernando Siles,La Paz (Miraflores),-16.4992,-68.1227,3597.0,3637.0,"commonly cited stadium altitude 3,637 msnm (Wikipedia/FIFA; recalled, not re-verified)","model recall of stadium location (Miraflores, La Paz), DEM-validated; no web access",high,batch agent (DEM-consistent),2,-40.0,"Bolivia's national stadium; home of Bolívar (178), The Strongest (172), Always Ready (8), Oriente Petrolero (1). 360 matches."
COL,Estadio Hernán Ramírez Villegas,Estadio Hernán Ramírez Villegas,Pereira,4.804804,-75.75219,1280.0,,No sourced figure retrieved for Pereira or the stadium (Pereira Wikipedia page not surfaced by GitHub code search before rate limits); DEM value used,"Wikidata P625 via miguelgfierro/ai_projects stadiums_wikidata.csv (Deportivo Pereira -> Estadio Hernan Ramirez Villegas, Point(-75.75219 4.804804)); API-Football dumps give address 'Villa Olimpica Pereira'. kentang2017/kinastro value 4.8133,-75.6944 rejected (Pereira city centre, not the stadium).",high,batch agent (DEM-consistent),2,,Home of Deportivo Pereira; Rionegro Aguilas 4 matches as alternate venue. Coordinates are Wikidata-sourced and DEM-plausible; the missing 'reported' elevation is the only gap.
MEX,Estadio Hidalgo,Estadio Hidalgo,,20.109,-98.758,2376.0,,,analyst provisional coordinates,provisional,best available (NOT DEM-consistent or low confidence) - flagged,1,,nan
BOL,Estadio Huancayo,"FBref DATA ERROR - best resolution: Estadio IV Centenario, Tarija (Ciclón's home ground)",Tarija (best-guess),-21.53,-64.733,1882.0,1854.0,"Tarija / Estadio IV Centenario commonly cited ~1,854 msnm (recall, unverified)","best-guess resolution to Ciclón's home ground (Estadio IV Centenario, Tarija); coordinates from model recall, DEM-validated; no web access",low,batch agent (DEM-consistent),2,28.0,"Two Ciclón home matches (vs Bolívar 2016-02-28, att. 8,000; vs Oriente Petrolero 2016-03-12). Estadio Huancayo is in Huancayo, Peru and cannot be a Bolivian league home venue; FBref mis-mapped the venue. Ciclón (Tarija) played its other 2015-16 home matches at 'La Bombonera'/IV Centenario, so IV Cen"
COL,Estadio Héctor El Zipa González,"Estadio Municipal Héctor ""El Zipa"" González",Zipaquirá (Cundinamarca),5.025477,-73.994444,2590.0,2650.0,Zipaquira es.wikipedia infobox '| altitud = 2650' (CarwilB/wiki-graph dump),"NOT stadium-specific: Zipaquira municipal-seat coordinates from DANE-style municipality list corpofuturo/siagrd-meta database/gen_016.mjs (25899 ZIPAQUIRA, -73.994444, 5.025477); cross-checks Appsilon/NLPShiny withNeigh_coords.csv 5.0234,-74.0021 (DEM 2609 m) and EngJuanSER/bga-broadband 5.0250,-74.0058. No GitHub-indexed dataset gives the stadium point.",medium,batch agent (DEM-consistent),2,-60.0,"Stadium confirmed by es.wikipedia Zipaquira page ('Estadio Municipal Hector El Zipa Gonzalez', 5,000 capacity, athletics track 2014). Used for two Copa/league matches in Feb 2021 (Millonarios vs Once Caldas 2021-02-01, La Equidad vs Junior 2021-02-03). Position approximate (+/-2 km); elevation relia"
PER,Estadio Héroes de San Ramón,Estadio Héroes de San Ramón,,-7.162,-78.518,2764.0,,,analyst provisional coordinates,provisional,best available (NOT DEM-consistent or low confidence) - flagged,1,,nan
BOL,Estadio IV Centenario,Estadio IV Centenario,Tarija,-21.53,-64.733,1882.0,1854.0,"commonly cited altitude 1,854 msnm (Tarija city figure also used for the stadium; some sources 1,866); recall, unverified","model recall, approximate stadium position NW of Tarija centre (~500 m uncertainty), chosen among nearby DEM test points on the flat terrace; no web access",medium,batch agent (DEM-consistent),2,28.0,"Home of Real Tomayapo (61), Ciclón (5), Avilés Industrial (1). 67 matches. Also the resolved venue for FBref's 'Estadio La Bombonera' and 'Estadio Huancayo' Ciclón records."
PER,Estadio Inca Garcilaso de la Vega,Estadio Inca Garcilaso de la Vega,,-13.522,-71.96,3356.0,,,analyst provisional coordinates,provisional,best available (NOT DEM-consistent or low confidence) - flagged,1,,nan
PER,Estadio Iván Elías Moreno,Estadio Iván Elías Moreno,,-12.21,-76.935,193.0,,,analyst provisional coordinates,provisional,best available (NOT DEM-consistent or low confidence) - flagged,1,,nan
MEX,Estadio Jalisco,Estadio Jalisco,,20.701,-103.333,1520.0,,,analyst provisional coordinates,provisional,best available (NOT DEM-consistent or low confidence) - flagged,1,,nan
BOL,Estadio Jesús Bermúdez,Estadio Jesús Bermúdez,Oruro,-17.9605,-67.1128,3733.0,3735.0,"commonly cited stadium altitude 3,735 msnm (Wikipedia; recalled, not re-verified)",model recall of stadium location (west edge of Oruro centre at the foot of the San Felipe hills); among recalled candidates the DEM-flat one was chosen; no web access,medium,batch agent (DEM-consistent),2,-2.0,"Home of San José (130), GV San José (10), Real Oruro (10). 150 matches."
ECU,Estadio Jocay,Estadio Jocay,"Manta, Manabí",-0.9539,-80.7186,9.0,6.0,"Manta city elevation (Wikipedia figure, prior knowledge; not web-verified this session)",analyst prior knowledge (Wikipedia/OSM-style coordinates recalled offline); not web-verified this session (search budget exhausted); DEM-validated,medium,batch agent (DEM-consistent),2,3.0,Home of Delfín SC and Manta FC. Coastal stadium at sea level.
ar,Estadio Jorge Luis Hirschi,Estadio Jorge Luis Hirschi (Estadio UNO),"La Plata, Buenos Aires",-34.9116,-57.9386,24.0,27.0,GeoNames city elevation for La Plata (blackadderkate/weather-widget-2 db/AR.csv) - city-level,"Two independent GitHub datasets: cjabradshaw/sportdiv data/dat.csv (-34.91161/-57.93857) and charlie9578/maps clubs.json (-34.912/-57.9389); consistent with the known address (calles 1 y 57, beside Paseo del Bosque, ~550 m W of Estadio Zerillo at -57.9326). Not present in the Wikidata export.",medium,batch agent (DEM-consistent),1,-3.0,"Estudiantes de La Plata home ground, rebuilt and reopened Nov 2019. kinastro's -34.9117/-57.9322 and DarioDiGulio's -34.9196/-57.9596 were rejected as inconsistent with the address (DEM there 25 m and ~20 m respectively, so elevation is unaffected either way)."
br,Estadio Jornalista Mário Filho,Estádio Jornalista Mário Filho (Maracanã),"Rio de Janeiro, RJ, Brazil",-22.912167,-43.230164,10.0,12.0,GeoNames city elevation for Rio de Janeiro (blackadderkate/weather-widget-2 db/BR.csv) - city-level,"Wikidata P625 via SPARQL export (miguelgfierro/ai_projects stadiums_wikidata.csv, Flamengo); identical value in a Wikidata-derived page (SpocWiki/America-Brazil Maracanã_Stadium.md) and widely repeated (-22.912/-43.230)",high,batch agent (DEM-consistent),1,-2.0,"Home of Flamengo, Fluminense and occasionally Botafogo in continental play; input country codes 'ar,br' (Argentine sides listed as home for finals held here, e.g. 2023/2024 Libertadores finals at neutral venue). Venue country is Brazil."
ar,Estadio José Amalfitani,Estadio José Amalfitani,"Buenos Aires (Liniers), CABA",-34.635375,-58.520711,27.0,31.0,GeoNames city elevation for Buenos Aires (blackadderkate/weather-widget-2 db/AR.csv) - city-level,"Wikidata P625 via SPARQL export (miguelgfierro/ai_projects stadiums_wikidata.csv); corroborated by thatbritguy/world-cup-ics (en.wikipedia-verified, -34.635278/-58.520556) and Buenos Aires open-data estadios.csv (-34.635330/-58.520663)",high,batch agent (DEM-consistent),1,-4.0,"Vélez Sarsfield home ground, Av. Juan B. Justo 9200."
"ar,uy",Estadio José Dellagiovanna,Estadio José Dellagiovanna (La Candela),"Victoria, Tigre Partido, Buenos Aires Province, Argentina",-34.449333,-58.542219,16.0,,none retrievable this session (see search_log),Wikidata stadium coordinate Point(-58.542219 -34.449333) from stadiums_wikidata.csv (github.com/miguelgfierro/ai_projects),high,batch agent (DEM-consistent),1,,"Home of Tigre. A club-level point in kentang2017/kinastro (-34.4489, -58.5922) was ~4.6 km off and discarded. Venue country: Argentina."
BOL,Estadio Juan Carlos Durán,Estadio Juan Carlos Durán (Real Santa Cruz ground; same venue FBref later labels 'Estadio Real Santa Cruz'),Santa Cruz de la Sierra,-17.7833,-63.1821,424.0,,no stadium-specific figure verified offline; Santa Cruz de la Sierra is cited at ~416 msnm,"model recall, Santa Cruz de la Sierra city centroid proxy (stadium point not verified; no web access)",low,best available (NOT DEM-consistent or low confidence) - flagged,2,,"Real Santa Cruz's home 2018-2020 (9 matches) plus Royal Parí (1) and Blooming (1, 31 Dec 2020). From 2021 FBref lists Real Santa Cruz's home as 'Estadio Real Santa Cruz' - almost certainly the same club ground renamed/relabelled; treat the two records as one venue."
ar,Estadio Juan Carmelo Zerillo,Estadio Juan Carmelo Zerillo (El Bosque),"La Plata, Buenos Aires",-34.910975,-57.932592,37.0,27.0,GeoNames city elevation for La Plata (blackadderkate/weather-widget-2 db/AR.csv) - city-level,"Wikidata P625 via SPARQL export (miguelgfierro/ai_projects stadiums_wikidata.csv, club Gimnasia y Esgrima La Plata)",high,batch agent (DEM-consistent),1,10.0,"Gimnasia y Esgrima La Plata home ground (calles 60 y 118, inside the Bosque); Defensa y Justicia used it once."
ar,Estadio Juan Domingo Perón,Estadio Presidente Juan Domingo Perón (El Cilindro de Avellaneda),"Avellaneda, Buenos Aires",-34.6674,-58.3686,2.0,13.0,"GeoNames city elevation for Avellaneda, Buenos Aires (blackadderkate/weather-widget-2 db/AR.csv) - city-level","Not in the Wikidata export (Racing Club row there is mislabelled with Independiente's ground). Taken from kentang2017/kinastro stadiums.py (-34.6675/-58.3686), corroborated by LiquidGalaxyLAB Football.dart (-34.6674016/-58.3685984) and deantmcg/football-vault (-34.6672/-58.3697)",medium,batch agent (DEM-consistent),1,-11.0,"Racing Club home ground. Same venue as FBref 'Estadio Presidente Juan Domingo Perón'. Coordinates from secondary datasets only (three agree within ~100 m), hence medium."
ar,Estadio Julio César Villagra,Estadio Julio César Villagra (Gigante de Alberdi),"Córdoba, Córdoba",-31.4035,-64.206272,398.0,395.0,GeoNames city elevation for Córdoba (blackadderkate/weather-widget-2 db/AR.csv; same in hrgdavor/jsx6) - city-level,"Wikidata P625 via SPARQL export (miguelgfierro/ai_projects stadiums_wikidata.csv, club Belgrano); corroborated by a Google Maps embed centred on the stadium in fabcito/BelgranoAC_FrontEnd (-31.40356/-64.20658)",high,batch agent (DEM-consistent),1,3.0,"Belgrano de Córdoba home ground, Barrio Alberdi."
"ar,ec",Estadio Julio Humberto Grondona,Estadio Julio Humberto Grondona (El Viaducto),"Sarandí, Avellaneda, Buenos Aires Province, Argentina",-34.678333,-58.340278,4.0,,none retrievable this session (see search_log),Wikidata stadium coordinate Point(-58.340278 -34.678333) from stadiums_wikidata.csv (github.com/miguelgfierro/ai_projects),high,batch agent (DEM-consistent),1,,Home of Arsenal de Sarandí. Venue country: Argentina.
BOL,Estadio La Bombonera,"Estadio IV Centenario, Tarija (FBref label 'La Bombonera' for Ciclón's 2015 Apertura home matches)",Tarija,-21.53,-64.733,1882.0,1854.0,"commonly cited altitude of Tarija / Estadio IV Centenario ~1,854 msnm (recall, unverified)","resolved to Estadio IV Centenario (see that record); coordinates from model recall, DEM-validated; no web access",medium,batch agent (DEM-consistent),2,28.0,"14 Ciclón home matches, 2015 Apertura to 2016 Clausura, with attendances up to 15,000 (vs Petrolero) and 10,000 (vs San José) - only Tarija's IV Centenario has that capacity, and Ciclón is a Tarija club with no ground of its own. 'La Bombonera' is not a distinct stadium; FBref used a nickname/altern"
MEX,Estadio La Corregidora,Estadio La Corregidora,,20.552,-100.427,1810.0,,,analyst provisional coordinates,provisional,best available (NOT DEM-consistent or low confidence) - flagged,1,,nan
MEX,Estadio León,Estadio León,,21.13,-101.675,1808.0,,,analyst provisional coordinates,provisional,best available (NOT DEM-consistent or low confidence) - flagged,1,,nan
BOL,Estadio Libertador Simón Bolívar,Estadio Libertador Simón Bolívar (Tembladerani),La Paz (Tembladerani),-16.5072,-68.1483,3856.0,,"no reliable figure verified offline; press/Wikipedia figures I recall range ~3,650-3,700 msnm but I cannot confirm them","model recall of stadium location on the Tembladerani hillside, west La Paz (uncertainty ~300 m on a steep slope); no web access",low,best available (NOT DEM-consistent or low confidence) - flagged,2,,"Bolívar's own stadium (3 matches 2017-2018: vs Real Potosí, Universitario, Oriente Petrolero). Higher than Hernando Siles in any case (west slope of the La Paz bowl)."
ar,Estadio Libertadores de América,Estadio Libertadores de América – Ricardo Enrique Bochini,"Avellaneda, Buenos Aires",-34.670267,-58.370969,6.0,13.0,"GeoNames city elevation for Avellaneda, Buenos Aires (blackadderkate/weather-widget-2 db/AR.csv) - city-level",Wikidata P625 via SPARQL export (miguelgfierro/ai_projects stadiums_wikidata.csv; row club label mis-assigned to Racing but venue = Independiente's ground); corroborated by Wikipedia-scraped list (kareemNagah -34.6702227/-58.3710378) and kinastro (-34.6703/-58.3711),high,batch agent (DEM-consistent),1,-7.0,"Independiente home ground; input country codes 'ar,br' because Brazilian sides were listed as nominal home teams for some matches here (e.g. neutral 2018-2020 fixtures). River Plate also used it as an alternate home in 2018-2020 (3 matches)."
PER,Estadio Los Chankas,Estadio Los Chankas,,-13.657,-73.381,2905.0,,,analyst provisional coordinates,provisional,best available (NOT DEM-consistent or low confidence) - flagged,1,,nan
ECU,Estadio Los Chirijos,Estadio Los Chirijos,"Milagro, Guayas",-2.1328,-79.5931,12.0,13.0,"Milagro city elevation (Wikipedia figure, prior knowledge; not web-verified this session)",analyst prior knowledge; not web-verified this session; DEM-validated,medium,batch agent (DEM-consistent),2,-1.0,"Used as neutral/alternate venue by Emelec, Barcelona SC, 9 de Octubre, El Nacional. Flat coastal plain."
COL,Estadio Luis Antonio Duque Peña,Estadio Luis Antonio Duque Peña,"Girardot, Cundinamarca, Colombia",4.303611,-74.803889,283.0,290.0,"es.wikipedia 'Girardot' (same wiki-graph copy): 'La cabecera municipal está a una altitud de 290 m s. n. m.' (municipal seat, not stadium-specific)","TOWN-LEVEL ONLY: es.wikipedia 'Girardot' article mapframe coordinate (latitude=4.303611 longitude=-74.803889), read from the GitHub copy CarwilB/wiki-graph (wikipedia-pages/sa_admin/es/Girardot.txt). No stadium-level coordinate found in any reachable source.",medium,batch agent (DEM-consistent),2,-7.0,"Resolution correction: the stadium is in GIRARDOT (Cundinamarca), not Garzón (Huila) as one might assume from Huila's use of it. The Girardot Wikipedia article lists 'Estadio Municipal: Estadio Luis Antonio Duque Peña' and says it was remodelled for the 2004 Juegos Nacionales; RanuK12/GambetaGame cl"
MEX,Estadio Luis de la Fuente,Estadio Luis de la Fuente,,19.165,-96.133,16.0,,,analyst provisional coordinates,provisional,best available (NOT DEM-consistent or low confidence) - flagged,1,,nan
ar,Estadio Malvinas Argentinas,Estadio Malvinas Argentinas (Estadio Ciudad de Mendoza),"Mendoza, Mendoza",-32.889564,-68.879994,839.0,746.0,GeoNames city elevation for Mendoza (blackadderkate/weather-widget-2 db/AR.csv; same in hrgdavor/jsx6) - city-level; no stadium-specific altitude reachable,Wikidata Q1072265 coordinates via a Wikidata-tagged POI extract (Felipebarv25/app-vuelos mendoza-argentina.json); corroborated by Wikipedia-scraped list (kareemNagah/E2E_FootBall_Stadiums_Pipeline -32.8896213/-68.8799005) and kinastro (-32.8897/-68.8803),high,best available (NOT DEM-consistent or low confidence) - flagged,1,93.0,Godoy Cruz home ground for continental matches 2017-2019. The Udacity world_cup_geo.tsv value (-32.88497/-68.80185) is wrong (east of the city) and was discarded.
PER,Estadio Mansiche,Estadio Mansiche,,-8.108,-79.033,38.0,,,analyst provisional coordinates,provisional,best available (NOT DEM-consistent or low confidence) - flagged,1,,nan
COL,Estadio Manuel Murillo Toro,Estadio Manuel Murillo Toro,"Ibagué, Tolima, Colombia",4.429509,-75.218325,1162.0,1285.0,"es.wikipedia 'Ibagué' (wiki-graph copy): 'Su cabecera está a una altitud de 1.285 metros sobre el nivel del mar' (city figure, not stadium-specific)","Wikidata-derived stadium CSV (miguelgfierro/ai_projects, Visualization_of_Football_Matches/stadiums_wikidata.csv, Deportes Tolima row, Point(-75.218325 4.429509)); independently the kentang2017/kinastro stadium list gives 4.4295,-75.2183 (lat sign typo there).",high,best available (NOT DEM-consistent or low confidence) - flagged,2,-123.0,Two independent coordinate sources agree. Home of Deportes Tolima (209 matches) and Atlético Huila alternate venue (10).
ar,Estadio Marcelo Alberto Bielsa,Estadio Marcelo Bielsa (El Coloso del Parque),"Rosario, Santa Fe",-32.956056,-60.661444,34.0,38.0,GeoNames city elevation for Rosario (blackadderkate/weather-widget-2 db/AR.csv) - city-level,"Wikidata P625 via SPARQL export (miguelgfierro/ai_projects stadiums_wikidata.csv, club Newell's Old Boys); kinastro -32.9558/-60.6614 agrees",high,batch agent (DEM-consistent),1,-4.0,"Newell's Old Boys home ground, Parque de la Independencia."
PER,Estadio Mariano Melgar,Estadio Mariano Melgar,,-16.404,-71.535,2342.0,,,analyst provisional coordinates,provisional,best available (NOT DEM-consistent or low confidence) - flagged,1,,nan
"ar,br",Estadio Mario Alberto Kempes,Estadio Mario Alberto Kempes (ex Chateau Carreras),"Córdoba, Argentina",-31.368956,-64.246244,419.0,,none retrievable this session (web search budget exhausted; Wikipedia/Wikidata/GeoNames hosts blocked by proxy; GitHub-mirrored datasets carry no elevation field),"Wikidata Q1062157 point (-31.368956, -64.246244) via OSM/Wikidata export in github.com/Felipebarv25/app-vuelos web/public/lugares/cordoba-argentina.json; identical value (-31.36895556, -64.24624444) attributed to en.wikipedia.org/wiki/Estadio_Mario_Alberto_Kempes in github.com/thatbritguy/world-cup-ics data/1978/worldcup.stadiums.json",high,batch agent (DEM-consistent),1,,Home of Talleres (Córdoba). Country of venue: Argentina.
COL,Estadio Metropolitano Roberto Meléndez,Estadio Metropolitano Roberto Meléndez,"Barranquilla, Atlántico, Colombia",10.926861,-74.800722,51.0,36.0,es.wikipedia 'Barranquilla' infobox '| altitud = 36' (wiki-graph copy); the same article cites IGAC extremes of 4 m (east) to 98 m (west) for the city,"Wikidata-derived stadium CSV (miguelgfierro/ai_projects stadiums_wikidata.csv, Junior F.C. row, Point(-74.80072222 10.92686111)); kentang2017/kinastro gives 10.9272,-74.7997 (agrees within ~100 m).",high,batch agent (DEM-consistent),2,15.0,"Junior (237), Uniautónoma (20), Nacional (1). Stadium is in the south-west of the city (Ciudadela 20 de Julio), on slightly higher ground than the river-side centre."
COL,Estadio Metropolitano de Fútbol de Lara,Estadio Metropolitano de Cabudare (Estadio Metropolitano de Fútbol de Lara),"Cabudare (Municipio Palavecino), Lara, VENEZUELA",9.993544,-69.219858,468.0,,No source captured this session (Cabudare/Palavecino Wikipedia copy had no altitude figure). Cabudare is generally ~480-500 m; unverified.,"Wikidata-derived CSV (miguelgfierro/ai_projects stadiums_wikidata.csv, Deportivo Lara row: label mislabelled 'Estadio Santiago Bernabeu' but Point(-69.219858 9.993544) is Cabudare); corroborated by Spontecorp-CA/futboldata 2014 SQL dump ('Estadio Metropolitano de Cabudare', lon -69.2196816 lat 9.9936043) and guigalhano/jogos-chile-scraper estadios_conmebol.js (9.9935,-69.2199).",high,batch agent (DEM-consistent),1,,DATA-ATTRIBUTION NOTE: this is a Venezuelan stadium (near Barquisimeto) listed as a La Equidad 'home' match in 2017 (1 match) - almost certainly a continental fixture (away leg) or an FBref home/away mislabel rather than a Colombian home venue. Resolved anyway.
COL,Estadio Metropolitano de Itagüí,Estadio Metropolitano Ciudad de Itagüí (Estadio Metropolitano Ditaires),"Itagüí, Antioquia, Colombia",6.1719,-75.6119,1575.0,,"No stadium/municipal altitude figure captured (es.wikipedia 'Itagüí' copy only gives the Aburrá Valley average of 1569 m). Itagüí is commonly cited at ~1,550 m (unverified).","APPROXIMATE (town-level): guigalhano/jogos-chile-scraper estadios_colombia.js entry for 'Estadio Metropolitano Ciudad de Itagüí' (6.1719,-75.6119, explicitly flagged 'manual/aproximado (cidade de Itagüí)'). The stadium is in the Ditaires sports sector just west of the centre; the Hacienda Ditaires is at 6.1760,-75.6180 (vcardona/prototipo-itagui). No stadium-level coordinate found.",medium,batch agent (DEM-consistent),2,,"Leones FC (19), Nacional (2), Envigado (2), Independiente (2). es.wikipedia 'Itagüí' confirms the stadium (inaugurated 1993/94, 12,000 capacity, known as Metropolitano Ditaires). Coordinates are town-level; elevation should be treated as ~1,580 m."
COL,Estadio Metropolitano de Techo,Estadio Metropolitano de Techo,"Bogotá (Kennedy), Colombia",4.623545,-74.135611,2560.0,2625.0,"es.wikipedia 'Bogotá' infobox '| altitud = 2625' (altitud_med 2630) - city figure, not stadium-specific","Wikidata-derived CSV (miguelgfierro/ai_projects stadiums_wikidata.csv, La Equidad/Bogotá F.C. rows, Point(-74.135611 4.623545)); corroborated by Bogotá tourist-attraction POI CSV (andrescuco/team-126-dash-app scattermap_points.csv: 'Estadio Metropolitano de Techo, KENNEDY, 4.623412,-74.135273') and kentang2017/kinastro (4.6235,-74.1356).",high,batch agent (DEM-consistent),2,-65.0,"Three independent coordinate sources agree. La Equidad (195), Tolima (32), Fortaleza (45)."
PER,Estadio Miguel Grau,Estadio Miguel Grau,,-5.193,-80.625,35.0,,,analyst provisional coordinates,provisional,best available (NOT DEM-consistent or low confidence) - flagged,1,,nan
PER,Estadio Miguel Grau del Callao,Estadio Miguel Grau del Callao,,-12.058,-77.133,12.0,,,analyst provisional coordinates,provisional,best available (NOT DEM-consistent or low confidence) - flagged,1,,nan
ECU,Estadio Modelo Alberto Spencer Herrera,Estadio Modelo Alberto Spencer Herrera,"Guayaquil, Guayas",-2.1772,-79.9064,7.0,4.0,"Guayaquil city elevation (Wikipedia figure, prior knowledge; not web-verified this session)",analyst prior knowledge; not web-verified this session; DEM grid scan used to confirm the flat stadium site (hills of 40-60 m lie 300-500 m to the NW),medium,batch agent (DEM-consistent),2,3.0,"Municipal stadium on Av. de las Américas; home of 9 de Octubre, occasional Emelec/River Ecuador/Delfín home games."
PER,Estadio Monumental,Estadio Monumental,,-11.9868,-76.9748,418.0,,,analyst provisional coordinates,provisional,best available (NOT DEM-consistent or low confidence) - flagged,1,,nan
br,Estadio Monumental (Neutral Site),"Estadio Monumental ""U"" (Estadio Monumental de Lima)","Lima (Ate district), Peru",-12.055694,-76.935972,271.0,,none retrievable this session (see search_log),Wikidata stadium coordinate Point(-76.935972 -12.055694) for Club Universitario de Deportes' home from stadiums_wikidata.csv (github.com/miguelgfierro/ai_projects),high,batch agent (DEM-consistent),1,,"Identified from local LIB_fbref_completed.csv: 2019 Copa Libertadores final Flamengo 2-1 River Plate on 2019-11-23, played in Lima. Venue country: Peru (input country 'br' is the home team's country)."
"ar,pe,py",Estadio Monumental Antonio Vespucio Libe...,Estadio Monumental Antonio Vespucio Liberti (Estadio Mâs Monumental),"Buenos Aires (Núñez/Belgrano), Argentina",-34.545278,-58.449444,7.0,,none retrievable this session (see search_log),"Wikidata stadium coordinate Point(-58.449444 -34.545278) from stadiums_wikidata.csv (github.com/miguelgfierro/ai_projects); corroborated by kentang2017/kinastro astro/sports/stadiums.py (-34.5453, -58.4497)",high,batch agent (DEM-consistent),1,,FBref name truncated. River Plate home; also used as neutral venue by Universitario and Guaraní per input. Same physical stadium as 'Estadio Mâs Monumental (Neutral Site)' below. Venue country: Argentina.
ECU,Estadio Monumental Banco Pichincha,Estadio Monumental Isidro Romero Carbo (sponsor name: Estadio Monumental Banco Pichincha),"Guayaquil, Guayas",-2.1856,-79.925,18.0,4.0,"Guayaquil city elevation (Wikipedia figure, prior knowledge; not web-verified this session)",analyst prior knowledge; not web-verified this session; DEM-validated,medium,batch agent (DEM-consistent),1,14.0,Same stadium as 'Estadio Monumental Isidro Romero Carbo' - FBref uses the 2024-25 sponsor name for Barcelona SC.
cl,Estadio Monumental David Arellano,Estadio Monumental David Arellano,"Macul, Santiago",-33.506611,-70.605944,578.0,574.0,COMMUNE-LEVEL: es.wikipedia 'Macul' infobox elevación_media = 574 m (mirror CarwilB/wiki-graph); no venue-specific published elevation found,"Wikidata P625 via GitHub mirror miguelgfierro/ai_projects stadiums_wikidata.csv (Point(-70.605944 -33.506611)); corroborated by Google-Places POI dump salgode/salgode-poi-scrapper (-33.5066621,-70.6060094) and guigalhano (-33.5065,-70.6055)",high,batch agent (DEM-consistent),1,4.0,Colo-Colo home (28); O'Higgins used it as neutral site (2). Three sources agree within 20 m.
ECU,Estadio Monumental Isidro Romero Carbo,Estadio Monumental Isidro Romero Carbo,"Guayaquil, Guayas",-2.1856,-79.925,18.0,4.0,"Guayaquil city elevation (Wikipedia figure, prior knowledge; not web-verified this session)",analyst prior knowledge; not web-verified this session; DEM-validated,medium,batch agent (DEM-consistent),2,14.0,Barcelona SC home 2014-2023 (also Guayaquil City). Identical to 'Estadio Monumental Banco Pichincha'.
br,Estadio Monumental Isidro Romero Carbo (Neutral Site),Estadio Monumental Isidro Romero Carbo (Estadio Monumental Banco Pichincha),"Guayaquil, Ecuador",-2.185869,-79.924931,19.0,,none retrievable this session (see search_log),"Wikidata stadium coordinate Point(-79.924931 -2.185869) from stadiums_wikidata.csv (github.com/miguelgfierro/ai_projects); corroborated by imadori-PE/LearningPython Databases/opengeo/where.js (-2.18582, -79.92497)",high,batch agent (DEM-consistent),1,,"Neutral venue of the 2022 Copa Libertadores final (Flamengo 1-0 Athletico Paranaense, 2022-10-29, confirmed in local CSV). Venue country: Ecuador."
ar,Estadio Monumental Presidente José Fierr...,Estadio Monumental Presidente José Fierro,"San Miguel de Tucumán, Tucumán",-26.812778,-65.199167,449.0,452.0,GeoNames city elevation for San Miguel de Tucumán (blackadderkate/weather-widget-2 db/AR.csv; same in hrgdavor/jsx6) - city-level,Wikidata P625 via SPARQL export (miguelgfierro/ai_projects stadiums_wikidata.csv; the row's labels are vandalised as 'Estadio Mudomental José Hielo' but club = Atlético Tucumán and coordinates match the 25 de Mayo 1351 address). Secondary datasets scatter ~1-2 km (diegomtnfranco seed -26.80332/-65.19503; kinastro -26.8172/-65.2167),medium,batch agent (DEM-consistent),1,-3.0,FBref name truncated; resolved via home team Atlético Tucumán. Medium only because the Wikidata row label was vandalised and secondary sources disagree on the exact site.
cl,Estadio Municipal Alcaldesa Ester Roa Re...,Estadio Municipal de Concepción Alcaldesa Ester Roa Rebolledo (Estadio Collao),Concepción,-36.815278,-73.023333,22.0,12.0,CITY-LEVEL: es.wikipedia 'Concepción (Chile)' (mirror CarwilB/wiki-graph): 'elevación promedio de 12 m s. n. m.'; no venue-specific published elevation found,"Wikidata P625 via GitHub mirror miguelgfierro/ai_projects stadiums_wikidata.csv 'Estadio Municipal de Concepción' (Point(-73.023333 -36.815278)); corroborated by guigalhano/jogos-chile-scraper (-36.8149,-73.0238)",high,batch agent (DEM-consistent),1,10.0,Universidad de Concepción and Ñublense home matches (2019-2023). Truncated FBref name resolved via home teams.
PER,Estadio Municipal Bernales,Estadio Municipal Bernales,,-5.19,-80.63,32.0,,,analyst provisional coordinates,provisional,best available (NOT DEM-consistent or low confidence) - flagged,1,,nan
cl,Estadio Municipal Bicentenario Germán Be...,Estadio Municipal Bicentenario Germán Becker,Temuco,-38.742778,-72.619722,112.0,,No published venue elevation found; es.wikipedia Temuco page not available in accessible mirrors,"Wikidata P625 via GitHub mirror miguelgfierro/ai_projects stadiums_wikidata.csv (Point(-72.619722 -38.742778)); corroborated by guigalhano/jogos-chile-scraper (-38.7427,-72.6197)",high,batch agent (DEM-consistent),1,,Deportes Temuco home (2018). Truncated FBref name resolved via home team.
BOL,Estadio Municipal El Alto,Estadio Municipal de El Alto (Estadio de Villa Ingenio),"El Alto (Villa Ingenio, north-east El Alto)",-16.4903,-68.1861,4079.0,4083.0,"widely cited stadium altitude 4,083 msnm (some sources 4,090); recalled, not re-verified",analyst provisional coordinates (agent coordinates were DEM-inconsistent),low,"provisional coordinates, agent published figure (DEM-consistent)",2,-4.0,"Home of Always Ready (91) and ABB (11); 102 matches 2019-2025. Highest professional stadium in the dataset. Needs a web-verified coordinate to settle the 4,083 vs 4,175 m question."
ECU,Estadio Municipal Jorge Andrade Cantos,Estadio Municipal de Gualaceo (Gerardo León Pozo / Jorge Andrade Cantos),"Gualaceo, Azuay",-2.8935,-78.776,2228.0,2230.0,"Gualaceo town elevation (Wikipedia figure, prior knowledge; not web-verified this session)",Gualaceo town position from analyst prior knowledge (stadium within the compact town); not web-verified this session; DEM-validated,medium,batch agent (DEM-consistent),1,-2.0,"In the raw FBref data this label replaces 'Estadio Gerardo León Pozo' (Gualaceo SC's home in 2022 first stage) for all Gualaceo SC home games from July 2022 through 2023, so it is treated as the same Gualaceo municipal stadium under an alternate/renamed label. Exact ground position not verified, but"
ECU,Estadio Municipal La Cocha,Estadio Municipal La Cocha,"Latacunga, Cotopaxi",-0.9425,-78.6175,2753.0,2760.0,"Latacunga city elevation (Wikipedia figure, prior knowledge; not web-verified this session)",analyst prior knowledge; not web-verified this session; DEM-validated,medium,batch agent (DEM-consistent),2,-7.0,"Alternate venue for El Nacional, Universidad Católica, Cumbayá FC, Aucas."
cl,Estadio Municipal Nicolás Chahuán Nazar,Estadio Municipal Nicolás Chahuán Nazar,La Calera,-32.784167,-71.199444,215.0,,No published venue elevation found; es.wikipedia La Calera mirror has no altitude parameter,"Wikidata P625 via GitHub mirror miguelgfierro/ai_projects stadiums_wikidata.csv 'Estadio Municipal Nicolás Chahuán' (Point(-71.199444 -32.784167)). Alternative from guigalhano/jogos-chile-scraper: -32.7931,-71.2087 (~1.3 km SW, DEM 208 m).",medium,batch agent (DEM-consistent),1,,Unión La Calera home (2021). The two coordinate sources differ by ~1.3 km; Wikidata value used. Elevation is insensitive to the choice.
PER,Estadio Municipal Unión de Tarma,Estadio Municipal Unión de Tarma,,-11.42,-75.689,3061.0,,,analyst provisional coordinates,provisional,best available (NOT DEM-consistent or low confidence) - flagged,1,,nan
PER,Estadio Municipal de Barranca,Estadio Municipal de Barranca,Barranca (Lima Region),-10.753,-77.762,55.0,49.0,"commonly cited Barranca city altitude (~49 m), model recall; no stadium-specific published figure known","model recall (no web access); Barranca town-centre area, stadium position within town approximate; validated with DEM",medium,batch agent (DEM-consistent),1,6.0,"Cantolao used it as an alternate home 2017-2019 (5 matches). Coastal town north of Lima; low-lying coastal plain, no altitude issue."
BOL,Estadio Municipal de Colcapirhua,Estadio Municipal de Colcapirhua,Colcapirhua (Cochabamba metro),-17.4056,-66.2447,2547.0,,"no verified figure offline; Cochabamba valley floor at Colcapirhua is ~2,545-2,550 msnm","model recall, Colcapirhua town centroid proxy (stadium point not verified; no web access)",low,best available (NOT DEM-consistent or low confidence) - flagged,2,,"3 matches: Aurora vs Guabirá (2018-09-16), Atlético Palmaflor vs Guabirá and vs FC Universitario (March 2022). Colcapirhua lies between Cochabamba and Quillacollo on Av. Blanco Galindo."
PER,Estadio Municipal de Guadalupe Carlos A....,Estadio Municipal Carlos A. Olivares,"Guadalupe (Pacasmayo Province, La Libertad)",-7.2436,-79.47,97.0,98.0,"commonly cited Guadalupe (La Libertad) town altitude (~98 m), model recall; no stadium-specific published figure known","model recall (no web access); Guadalupe town-centre area, stadium position within town approximate; validated with DEM",medium,batch agent (DEM-consistent),1,-1.0,"FBref name truncated: 'Estadio Municipal de Guadalupe Carlos A. Olivares'. Used as alternate home by Comerciantes Unidos (Cutervo), Juan Aurich (Chiclayo), UTC (Cajamarca) and Carlos Stein 2017-2020. Low coastal-valley elevation."
COL,Estadio Municipal de Ipiales,Estadio Municipal de Ipiales,"Ipiales, Nariño, Colombia",0.8306,-77.6444,2903.0,2900.0,es.wikipedia 'Ipiales' (wiki-graph copy): 'La altitud promedio del casco urbano es de 2900 m s. n. m.',"TOWN-CENTRE ONLY, from memory of the es.wikipedia Ipiales coordinates (0°49'50""N 77°38'40""W) - NOT verified this session and NOT stadium-level. DEM confirms the point is the Ipiales urban area (2,903 m, matching Wikipedia's 2,900 m). No stadium coordinate found in any reachable dataset (only a coordinate-less 'Estadio Municipal de Ipiales' entry in Daeun271/UrlaubsPlaner co.json).",low,batch agent (DEM-consistent),2,3.0,Deportivo Pasto used it as its home in 2019 (23 matches) while the Estadio Libertad in Pasto was being renovated. Coordinates are a town-centre proxy and should be replaced with a stadium-level fix when web access is available; elevation is robust.
cl,Estadio Municipal de La Cisterna,Estadio Municipal de La Cisterna,"La Cisterna, Santiago",-33.520833,-70.672778,549.0,568.0,COMMUNE-LEVEL (historic): es.wikipedia 'La Cisterna' quoting the 1899 Diccionario Jeográfico: 'a 568 m de altitud' (mirror CarwilB/wiki-graph); no venue-specific published elevation found,"Wikidata P625 via GitHub mirror miguelgfierro/ai_projects stadiums_wikidata.csv (Point(-70.67277778 -33.52083333)); corroborated by Google-Places POI dump salgode/salgode-poi-scrapper (-33.5206471,-70.6730536) and guigalhano (-33.5210,-70.6730)",high,batch agent (DEM-consistent),1,-19.0,Palestino home (2019). Three sources agree within 40 m.
PER,Estadio Municipal de Nueva Cajamarca,Estadio Municipal de Nueva Cajamarca,"Nueva Cajamarca (Rioja Province, San Martín)",-5.941,-77.308,868.0,860.0,"commonly cited Nueva Cajamarca town altitude (~860 m), model recall; no stadium-specific published figure known","model recall (no web access); Nueva Cajamarca town-centre area, stadium position within town approximate; validated with DEM",medium,batch agent (DEM-consistent),1,8.0,"Unión Comercio's home-town stadium (Alto Mayo valley), used 2016-2019 for 42 matches; the club otherwise plays in Moyobamba (Estadio IPD)."
BOL,Estadio Municipal de Quillacollo,Estadio Municipal de Quillacollo,Quillacollo (Cochabamba dept.),-17.3939,-66.2803,2557.0,2536.0,"Quillacollo town altitude commonly cited 2,536 msnm (recall, unverified)","model recall, Quillacollo town centroid proxy (stadium point not verified; no web access)",low,batch agent (DEM-consistent),2,21.0,11 matches 2022-2023: Atlético Palmaflor (7) and FC Universitario (4).
BOL,Estadio Municipal de Sacaba,Estadio Municipal de Sacaba,Sacaba (Cochabamba dept.),-17.404,-66.04,2721.0,2700.0,"Sacaba town altitude commonly cited ~2,700 msnm (2,712 in some sources); recall, unverified","model recall, Sacaba town centroid proxy (stadium point not verified; no web access); a second test point 800 m NE read 2723 m",low,batch agent (DEM-consistent),2,21.0,"31 matches 2017-2022: Wilstermann (18), Aurora (8), FC Universitario (3), Universitario (2) - used when Félix Capriles was unavailable. ~150 m higher than Félix Capriles."
PER,Estadio Municipal de Urcos,Estadio Municipal de Urcos,"Urcos (Quispicanchi Province, Cusco)",-13.687,-71.623,3160.0,3150.0,"commonly cited Urcos town altitude (~3,150 m), model recall; no stadium-specific published figure known","model recall (no web access); Urcos town-centre area, stadium position within town approximate; validated with DEM",medium,batch agent (DEM-consistent),2,10.0,"Real Garcilaso alternate home (2 matches, 2014-2016) in the Vilcanota valley south-east of Cusco. High-altitude venue (~3,150 m)."
ar,Estadio Mâs Monumental,Estadio Mâs Monumental (Estadio Monumental Antonio Vespucio Liberti),"Buenos Aires (Núñez/Belgrano), CABA",-34.545278,-58.449444,7.0,31.0,GeoNames city elevation for Buenos Aires (blackadderkate/weather-widget-2 db/AR.csv) - city-level,Wikidata P625 via SPARQL export (miguelgfierro/ai_projects stadiums_wikidata.csv); corroborated by Buenos Aires open-data estadios.csv (-34.545306/-58.449766) and world_cup_geo.tsv (-34.545306/-58.449775),high,batch agent (DEM-consistent),1,-24.0,"River Plate home ground, Av. Figueroa Alcorta 7597. Also the FBref 2018-era name 'Estadio Monumental' refers to the same venue."
br,Estadio Mâs Monumental (Neutral Site),Estadio Monumental Antonio Vespucio Liberti (Estadio Mâs Monumental),"Buenos Aires (Núñez/Belgrano), Argentina",-34.545278,-58.449444,7.0,,none retrievable this session (see search_log),"Wikidata stadium coordinate Point(-58.449444 -34.545278) from stadiums_wikidata.csv (github.com/miguelgfierro/ai_projects); corroborated by kentang2017/kinastro (-34.5453, -58.4497)",high,batch agent (DEM-consistent),1,,"Same stadium as 'Estadio Monumental Antonio Vespucio Libe...' (sponsor name since 2022). Neutral venue of the 2024 Copa Libertadores final (Atlético Mineiro 1-3 Botafogo, 2024-11-30, confirmed in local CSV). Venue country: Argentina."
PER,Estadio Nacional,Estadio Nacional del Perú,Lima,-12.0674,-77.0334,139.0,154.0,"commonly cited Lima city altitude (154 m), model recall; stadium pages rarely give a stadium-specific figure",model recall (no web access); well-known landmark in Cercado de Lima (Paseo de la República); validated with DEM,high,batch agent (DEM-consistent),2,-15.0,"National stadium used as neutral/alternate home by Sporting Cristal, Universitario, Deportivo Municipal, Alianza Lima and others. Same venue as 'Estadio Nacional del Perú' entry."
cl,Estadio Nacional Julio Martínez Prádanos,Estadio Nacional Julio Martínez Prádanos,"Ñuñoa, Santiago",-33.464628,-70.610676,567.0,570.0,"CITY-LEVEL: en.wikipedia 'Santiago' (mirror cabosanlucas/document_similarity_using_tfidf): 'Plaza Baquedano, near the center, lies at 570 m'; es.wikipedia 'Ñuñoa' quotes an 1899 figure of 600 m for Ñuñoa. No venue-specific published elevation found","Google-Places POI dump salgode/salgode-poi-scrapper 'Estadio Nacional Julio Martínez Prádanos, Av. Grecia 2001' (-33.4646281,-70.6106762); corroborated by Xhinhoy/TAi database (-33.4644994,-70.6106319) and guigalhano (-33.4649,-70.6107). Not present in the Wikidata CSV mirror.",high,batch agent (DEM-consistent),1,-3.0,"Universidad de Chile home (13), Universidad Católica (1). Three independent coordinate sources agree within 50 m."
PER,Estadio Nacional del Perú,Estadio Nacional del Perú,Lima,-12.0674,-77.0334,139.0,154.0,"commonly cited Lima city altitude (154 m), model recall; no stadium-specific published figure",model recall (no web access); same landmark as 'Estadio Nacional'; validated with DEM,high,batch agent (DEM-consistent),1,-15.0,Duplicate FBref naming of the Estadio Nacional (1 Universitario home match in 2018). Should be merged with the 'Estadio Nacional' entry.
COL,Estadio Nemesio Camacho El Campín,Estadio Nemesio Camacho El Campín,"Bogotá (Teusaquillo), Colombia",4.645889,-74.0775,2550.0,2625.0,"es.wikipedia 'Bogotá' infobox '| altitud = 2625' - city figure, not stadium-specific","Wikidata-derived CSV (miguelgfierro/ai_projects stadiums_wikidata.csv, Millonarios/Santa Fe rows, Point(-74.0775 4.645888888)); corroborated by Bogotá POI CSV (andrescuco/team-126-dash-app: 4.645909,-74.077539) and kentang2017/kinastro (4.6461,-74.0775).",high,batch agent (DEM-consistent),2,-75.0,"Millonarios (237), Santa Fe (219), La Equidad (10), Fortaleza FC (3). Three coordinate sources agree."
MEX,Estadio Nemesio Díez,Estadio Nemesio Díez,,19.2856,-99.6636,2678.0,,,analyst provisional coordinates,provisional,best available (NOT DEM-consistent or low confidence) - flagged,1,,nan
"ar,br",Estadio Norberto Tito Tomaghello,"Estadio Norberto ""Tito"" Tomaghello","Florencio Varela, Buenos Aires Province, Argentina",-34.821753,-58.286511,24.0,,none retrievable this session (see search_log),Wikidata stadium coordinate Point(-58.286511 -34.821753) from Wikidata SPARQL dump stadiums_wikidata.csv in github.com/miguelgfierro/ai_projects (Visualization_of_Football_Matches),high,batch agent (DEM-consistent),1,,"Home of Defensa y Justicia. A club-level point in kentang2017/kinastro (-34.7922, -58.2917) was ~3.3 km off and was discarded in favour of the Wikidata stadium item. Venue country: Argentina."
MEX,Estadio Nuevo Corona,Estadio Nuevo Corona,,25.576,-103.373,1124.0,,,analyst provisional coordinates,provisional,best available (NOT DEM-consistent or low confidence) - flagged,1,,nan
ECU,Estadio Olímpico Atahualpa,Estadio Olímpico Atahualpa,"Quito, Pichincha",-0.1772,-78.4772,2783.0,2782.0,"Widely cited stadium altitude (Wikipedia infobox figure, prior knowledge; not web-verified this session)",analyst prior knowledge; not web-verified this session; DEM-validated,medium,batch agent (DEM-consistent),2,1.0,"Main Quito stadium; home of Universidad Católica, El Nacional, Deportivo Quito, Cumbayá FC, América de Quito."
MEX,Estadio Olímpico Benito Juárez,Estadio Olímpico Benito Juárez,,31.665,-106.423,1154.0,,,analyst provisional coordinates,provisional,best available (NOT DEM-consistent or low confidence) - flagged,1,,nan
ECU,Estadio Olímpico Etho Vega Baquero,Estadio Olímpico Etho Vega Baquero,"Santo Domingo, Santo Domingo de los Tsáchilas",-0.2592,-79.1636,555.0,550.0,"Santo Domingo city elevation (Wikipedia figure, prior knowledge; not web-verified this session)","analyst prior knowledge, approximate (within ~1 km); not web-verified this session; DEM-validated",medium,batch agent (DEM-consistent),1,5.0,"Single match: Clan Juvenil 2-2 Emelec, 2017-06-14 (Clan Juvenil moved this home game from Sangolquí)."
COL,Estadio Olímpico Jaime Morón León,Estadio Olímpico Jaime Morón León,"Cartagena de Indias, Bolívar, Colombia",10.405534,-75.498237,9.0,,"No altitude figure captured from the es.wikipedia 'Cartagena de Indias' copy (city is at sea level, ~2 m; unverified)","Wikidata-derived CSV (miguelgfierro/ai_projects stadiums_wikidata.csv, Real Cartagena row, Point(-75.498237 10.405534)). guigalhano gives only a city-level approximation (10.4067,-75.5144).",high,batch agent (DEM-consistent),2,,Junior (2) and Jaguares (1) used it as an alternate venue 2015-2017. Located in the Villa Olímpica / Olaya Herrera sector SE of the historic centre.
BOL,Estadio Olímpico Pascual Guerrero,"FBref DATA ERROR - best resolution: Estadio Olímpico Patria, Sucre (Universitario de Sucre's home ground)",Sucre (best-guess),-19.0447,-65.2569,2806.0,2800.0,"commonly cited altitude of Estadio Olímpico Patria ~2,800 msnm (recall, unverified)","best-guess resolution to Universitario de Sucre's home ground (Estadio Olímpico Patria); coordinates from model recall, DEM-validated; no web access",low,batch agent (DEM-consistent),3,6.0,"Single match: Universitario (de Sucre) 1-1 Destroyers, 2018-04-01, 2018 group stage. Estadio Olímpico Pascual Guerrero is in Cali, Colombia and cannot be the real venue; FBref probably mis-matched 'Estadio Olímpico ...'. Universitario's other 2018 home matches were at Estadio Olímpico Patria."
BOL,Estadio Olímpico Patria,Estadio Olímpico Patria,Sucre,-19.0447,-65.2569,2806.0,2800.0,"commonly cited stadium altitude 2,800 msnm (2,790 in some sources); recalled, not re-verified","model recall of stadium location (south-east of Sucre centre, by Parque Bolívar), DEM-validated; no web access",medium,batch agent (DEM-consistent),2,6.0,"Home of Universitario de Sucre (74), Independiente Petrolero (60), Univ de Sucre (21), Sport Boys (1). 159 matches."
ECU,Estadio Olímpico de Ibarra,Estadio Olímpico Ciudad de Ibarra,"Ibarra, Imbabura",0.356,-78.119,2207.0,2225.0,"Ibarra city elevation (Wikipedia figure, prior knowledge; not web-verified this session)","analyst prior knowledge, approximate (north sector of Ibarra, within ~1 km); not web-verified this session; DEM grid over the city checked (2200-2222 m everywhere except the Tahuando gorge). NOTE: the existing provisional registry row has the latitude sign flipped (-0.344), yielding a wrong DEM of 3833 m; Ibarra is NORTH of the equator.",medium,batch agent (DEM-consistent),2,-18.0,Imbabura SC home 2024.
ECU,Estadio Olímpico de Riobamba,Estadio Olímpico de Riobamba,"Riobamba, Chimborazo",-1.6611,-78.6561,2776.0,2754.0,"Stadium/city altitude (Wikipedia figure, prior knowledge; not web-verified this session)",analyst prior knowledge; not web-verified this session; DEM-validated,medium,batch agent (DEM-consistent),2,22.0,Home of CD Olmedo; occasional Mushuc Runa and Deportivo Cuenca home games.
MEX,Estadio Olímpico de Universitario,Estadio Olímpico de Universitario,,19.3325,-99.1922,2295.0,,,analyst provisional coordinates,provisional,best available (NOT DEM-consistent or low confidence) - flagged,1,,nan
COL,Estadio Palogrande,Estadio Palogrande,"Manizales, Caldas, Colombia",5.056233,-75.489807,2135.0,2153.0,"es.wikipedia 'Manizales' infobox '| altitud = 2153' - city figure, not stadium-specific","Wikidata-derived CSV (miguelgfierro/ai_projects stadiums_wikidata.csv, Once Caldas row, Point(-75.489807 5.056233)); corroborated by kentang2017/kinastro (5.0562,-75.4898) and a Sofascore event JSON venueCoordinates for Estadio Palogrande (5.057005,-75.490689; tabaresjuan524-ui/betappserver).",high,batch agent (DEM-consistent),2,-18.0,"Once Caldas (213), Millonarios (1). Three independent coordinate sources within ~150 m of each other."
ar,Estadio Pedro Bidegaín,Estadio Pedro Bidegain (Nuevo Gasómetro),"Buenos Aires (Bajo Flores), CABA",-34.652064,-58.440119,14.0,31.0,GeoNames city elevation for Buenos Aires (blackadderkate/weather-widget-2 db/AR.csv) - city-level,"Wikidata P625 via SPARQL export (miguelgfierro/ai_projects stadiums_wikidata.csv, 'El Nuevo Gasómetro'); corroborated by Buenos Aires open-data estadios.csv (-34.652038/-58.440221) and kinastro (-34.6522/-58.4400)",high,batch agent (DEM-consistent),1,-17.0,"San Lorenzo de Almagro home ground, Av. Perito Moreno y Varela."
COL,Estadio Polideportivo Sur,Estadio Polideportivo Sur,"Envigado, Antioquia, Colombia",6.1758,-75.5917,1540.0,1575.0,es.wikipedia 'Envigado' (wiki-graph copy): 'La altitud promedio de la cabecera es 1575 m s. n. m.' - municipal seat figure,"kentang2017/kinastro stadium list (astro/sports/stadiums.py: 'Envigado F.C. - Estadio Polideportivo Sur', 6.1758,-75.5917). Alternative: guigalhano/jogos-chile-scraper city-level approximation 6.1683,-75.5906 (DEM 1558 m). Not in the Wikidata CSV; no Sofascore coordinate found.",medium,batch agent (DEM-consistent),2,-35.0,"Envigado (201), Nacional (2). Coordinate from a secondary dataset with one bad entry elsewhere (its Tunja value is wrong), so confidence is medium; elevation robust (1,540-1,560 m)."
ar,Estadio Presbítero Bartolomé Grella,Estadio Presbítero Bartolomé Grella,"Paraná, Entre Ríos",-31.743031,-60.507597,68.0,78.0,GeoNames city elevation for Paraná (blackadderkate/weather-widget-2 db/AR.csv; hrgdavor/jsx6 cities.txt lists 68) - city-level,"Wikidata P625 via SPARQL export (miguelgfierro/ai_projects stadiums_wikidata.csv, club Patronato de Paraná); DarioDiGulio estadios.sql gives a rounded -31.749/-60.513 nearby",high,batch agent (DEM-consistent),1,-10.0,Patronato home ground. Memory-based first guess (-31.7286/-60.5117) was 1.6 km off and gave DEM 57 m; replaced by Wikidata coords.
ar,Estadio Presidente Juan Domingo Perón,Estadio Presidente Juan Domingo Perón (El Cilindro de Avellaneda),"Avellaneda, Buenos Aires",-34.6674,-58.3686,2.0,13.0,"GeoNames city elevation for Avellaneda, Buenos Aires (blackadderkate/weather-widget-2 db/AR.csv) - city-level","kentang2017/kinastro stadiums.py (-34.6675/-58.3686), LiquidGalaxyLAB Football.dart (-34.6674016/-58.3685984), deantmcg/football-vault (-34.6672/-58.3697); not in the Wikidata export",medium,batch agent (DEM-consistent),1,-11.0,Racing Club home ground. Same venue as FBref 'Estadio Juan Domingo Perón' (2018 entry).
BOL,Estadio Provincial de Yacuiba,Estadio Provincial de Yacuiba (Estadio Provincial Gran Chaco),Yacuiba (Tarija dept.),-22.0143,-63.6809,633.0,620.0,"Yacuiba town altitude commonly cited ~620 msnm (recall, unverified)","model recall, approximate stadium position in Yacuiba (within ~500 m of town centre), DEM-validated; no web access",medium,batch agent (DEM-consistent),2,13.0,Petrolero del Chaco's 2016 principal venue (29 matches).
BOL,Estadio Rafael Mendoza Castellón,Estadio Rafael Mendoza Castellón,"La Paz (Achumani, Zona Sur)",-16.535,-68.078,3330.0,3300.0,"commonly cited altitude ~3,300 msnm for the Achumani stadium (recall, unverified; some sources 3,340)",analyst provisional coordinates (agent coordinates were DEM-inconsistent),medium,"provisional coordinates, agent published figure (DEM-consistent)",2,30.0,The Strongest's own stadium; 8 matches 2017-2022.
BOL,Estadio Ramón Aguilera Costas,Estadio Ramón 'Tahuichi' Aguilera Costas,Santa Cruz de la Sierra,-17.8036,-63.1874,430.0,416.0,"commonly cited stadium/city altitude 416 msnm (recall, unverified)","model recall of stadium location (south-west of centre, by the 2nd ring), DEM-validated; no web access",medium,batch agent (DEM-consistent),2,14.0,"Main Santa Cruz stadium; home of Oriente Petrolero (169), Blooming (167), Royal Parí (103), Destroyers (46). 499 matches. Also the resolved venue for the 'Merkur Arena' data-error record."
BOL,Estadio Real Santa Cruz,Estadio Real Santa Cruz (Real Santa Cruz club ground; same venue as FBref's 'Estadio Juan Carlos Durán'),Santa Cruz de la Sierra,-17.7833,-63.1821,424.0,,no stadium-specific figure verified offline; Santa Cruz de la Sierra is cited at ~416 msnm,"model recall, Santa Cruz de la Sierra city centroid proxy (stadium point not verified; no web access)",low,best available (NOT DEM-consistent or low confidence) - flagged,2,,Real Santa Cruz's home 2021-2025 (41 matches) plus Blooming (1) and Oriente Petrolero (1). Same club ground FBref labelled 'Estadio Juan Carlos Durán' in 2018-2020; treat as one venue.
ECU,Estadio Reales Tamarindos,Estadio Reales Tamarindos,"Portoviejo, Manabí",-1.0494,-80.4594,34.0,53.0,"Portoviejo city elevation (Wikipedia figure, prior knowledge; not web-verified this session)",analyst prior knowledge; not web-verified this session; DEM-validated,medium,batch agent (DEM-consistent),2,-19.0,"Home of LDU Portoviejo; used by Delfín SC, Emelec, LDU Loja as alternate venue."
"br,cl",Estadio Regional Calvo y Bascuñán,Estadio Regional Calvo y Bascuñán (Estadio Regional de Antofagasta),Antofagasta,-23.670139,-70.404583,24.0,,No published venue elevation found; es.wikipedia Antofagasta page not available in accessible mirrors,"Wikidata P625 via GitHub mirror miguelgfierro/ai_projects stadiums_wikidata.csv 'Estadio Regional de Antofagasta' (Point(-70.40458333 -23.67013889)); corroborated by guigalhano/jogos-chile-scraper (-23.6701,-70.4046)",high,batch agent (DEM-consistent),1,,Deportes Antofagasta home (6). The single 'Santos' home match in the input is almost certainly an FBref attribution artefact; the venue is in Chile.
BOL,Estadio Roberto Jordan Cuellár,Estadio Roberto Jordán Cuéllar,Cobija (Pando dept.),-11.0267,-68.7692,200.0,235.0,"Cobija city altitude commonly cited ~235 msnm (some sources 280); recall, unverified","model recall, Cobija city centroid proxy (stadium point not verified; no web access)",low,batch agent (DEM-consistent),2,-35.0,Club Vaca Díez's 2023 home ground (16 matches). Cobija is the Pando capital on the Brazilian border.
ECU,Estadio Rodrigo Paz Delgado,Estadio Rodrigo Paz Delgado (Casa Blanca),"Quito (Ponceano), Pichincha",-0.1081,-78.4881,2739.0,2850.0,"Quito city elevation (Wikipedia figure, prior knowledge); a stadium-specific figure (~2800 m is commonly quoted in press) could not be verified this session","analyst prior knowledge; not web-verified this session; DEM grid scan checked (site 2725-2760 m, terrain rises eastward)",medium,best available (NOT DEM-consistent or low confidence) - flagged,2,-111.0,LDU de Quito home 2020-2025 under this name; identical to 'Estadio de Liga Deportiva Universitaria'.
COL,Estadio Romelio Martínez,Estadio Romelio Martínez,"Barranquilla, Atlántico, Colombia",10.993889,-74.806944,59.0,36.0,es.wikipedia 'Barranquilla' infobox '| altitud = 36' (city; IGAC range 4-98 m),"Wikidata-derived CSV (miguelgfierro/ai_projects stadiums_wikidata.csv, Barranquilla F.C. row, Point(-74.806944 10.993889)). Caveat: other indications place the stadium ~1-1.5 km further east on the Cra 46 (Av. Olaya Herrera)/Calle 72 corridor (Transmetro 'Romelio Martínez' station seed 10.9988,-74.7918 in davideliaspalacio/vialink-backend; recalled Wikipedia coordinate ~10.991,-74.796).",medium,batch agent (DEM-consistent),2,23.0,"Junior (4), CD América (1), 2018-2024 alternate venue. Coordinate discrepancy between sources not resolvable without map access; elevation uncertainty ±20 m."
PER,Estadio Rosas Pampa,Estadio Rosas Pampa,Huaraz (Ancash),-9.5355,-77.528,3078.0,3050.0,"commonly cited Huaraz altitude (~3,050 m; stadium often quoted at ~3,050 m), model recall","model recall (no web access); Huaraz city, stadium position approximate within the city; validated with DEM",medium,batch agent (DEM-consistent),1,28.0,Sport Rosario's home ground for all 44 matches (2017-2018). High-altitude Andean venue.
BOL,Estadio Samuel Vaca Jimenez,Estadio Samuel Vaca Jiménez,Warnes (Santa Cruz dept.),-17.5143,-63.1618,337.0,,no verified stadium figure offline; Warnes town is cited at ~300-340 msnm,"model recall, approximate stadium position in Warnes (within ~500 m of town centre), DEM-validated; no web access",medium,batch agent (DEM-consistent),2,,"Sport Boys Warnes' home 2016, 2018, 2019 (79 matches); also Guabirá (1), Destroyers (1). 81 matches."
cl,Estadio San Carlos de Apoquindo,Estadio San Carlos de Apoquindo (now Claro Arena),"Las Condes, Santiago",-33.396034,-70.50054,970.0,960.0,"VENUE-SPECIFIC: en.wikipedia 'Santiago' (mirror cabosanlucas/document_similarity_using_tfidf): 'Estadio San Carlos de Apoquindo, at the eastern edge of the city, has an elevation of 960 m (3,150 ft)'","Google-Places POI dump salgode/salgode-poi-scrapper 'Estadio San Carlos de Apoquindo, Circunvalación Las Flores 13000' (-33.3960344,-70.5005397); corroborated by guigalhano/jogos-chile-scraper (-33.3960,-70.5018). The Wikidata CSV mirror row for this stadium is vandalised (points to Peru) and was discarded.",high,batch agent (DEM-consistent),1,10.0,"Universidad Católica home (15), Palestino neutral (2). Highest Santiago venue; rebuilt as Claro Arena (2025)."
cl,Estadio Santa Laura-Universidad SEK,Estadio Santa Laura-Universidad SEK,"Independencia, Santiago",-33.404553,-70.659017,532.0,,No published venue elevation found; es.wikipedia Independencia (Chile) mirror has no altitude parameter,"Wikidata P625 via GitHub mirror miguelgfierro/ai_projects stadiums_wikidata.csv (Point(-70.659017 -33.404553)); corroborated by Google-Places POI dump salgode/salgode-poi-scrapper (-33.4045244,-70.6586966) and guigalhano (-33.4046,-70.6590)",high,batch agent (DEM-consistent),1,,"Unión Española home (4), Palestino (4), U de Chile (1). Three sources agree within 40 m."
es,Estadio Santiago Bernabéu (Neutral Site),Estadio Santiago Bernabéu,"Madrid, Spain",40.45306,-3.68835,715.0,665.0,GeoNames city elevation for Madrid (blackadderkate/weather-widget-2 db/ES.csv) - city-level; no stadium-specific altitude reachable,"Wikidata P625 via SPARQL export (miguelgfierro/ai_projects stadiums_wikidata.csv, Real Madrid); deantmcg/football-vault 40.453/-3.6883 agrees",high,batch agent (DEM-consistent),1,50.0,"Neutral venue for the 2018 Copa Libertadores final second leg (River Plate as nominal home team, input country code 'ar'). Venue country is Spain."
PER,Estadio Sesquicentenario,Estadio Sesquicentenario (Sechura) - identification uncertain,Sechura (Piura) - probable,-5.5575,-80.8225,15.0,,no confident published figure; Sechura sits on the low coastal plain (~10-20 m),model recall (no web access); Sechura town-centre coordinates used as proxy because exact stadium site could not be verified; validated with DEM for terrain plausibility only,low,best available (NOT DEM-consistent or low confidence) - flagged,1,,"Used by Defensor La Bocana (Sechura club; their other venue was Estadio Municipal de Bernal, also Sechura Province) and Alianza Atlético (Sullana) in 2016-2017. Best resolution from memory is the Sechura stadium; an alternative is a venue in Sullana/Piura. Coordinates are a town-centre proxy, not a "
COL,Estadio Sierra Nevada,Estadio Sierra Nevada,"Santa Marta, Magdalena, Colombia",11.190605,-74.199212,16.0,,"No source captured (es.wikipedia 'Santa Marta' page not present in the reachable wiki copy); city is at sea level (~6 m), unverified","Sofascore venueCoordinates for Unión Magdalena's home venue 'Estadio Sierra Nevada' (slug estadio-sierra-nevada, capacity 16,162) in an event JSON dump on GitHub (tabaresjuan524-ui/betappserver, sofascore/api_v1_event_14115403.json). Sofascore's Palogrande coordinates in the same file matched Wikidata within ~120 m, supporting stadium-level accuracy. Other datasets give only city-level approximations (guigalhano 11.2181,-74.1791 -> DEM 24 m; kinastro 11.2404,-74.2110 is the old town, wrong).",medium,batch agent (DEM-consistent),2,,"Unión Magdalena (51), ADU Magdalena (23), 2019-2025. The Sofascore point (south of the city near the Vía Alterna/Bureche sector) is plausible for this 2017-Bolivarian-Games stadium. Not in the 2017-era Wikidata CSV (which still listed Eduardo Santos for Unión Magdalena)."
MEX,Estadio Tecnológico,Estadio Tecnológico,,25.652,-100.289,541.0,,,analyst provisional coordinates,provisional,best available (NOT DEM-consistent or low confidence) - flagged,1,,nan
cl,Estadio Tierra de Campeones,Estadio Tierra de Campeones Ramón Estay Saavedra,Iquique,-20.242413,-70.132937,50.0,,No published venue elevation found; es.wikipedia Iquique page not available in accessible mirrors,"Wikidata P625 via GitHub mirror miguelgfierro/ai_projects stadiums_wikidata.csv (Point(-70.132937 -20.242413)); corroborated by guigalhano/jogos-chile-scraper (-20.2441,-70.1350) and kentang2017/kinastro (-20.2489,-70.1300)",high,batch agent (DEM-consistent),1,,Deportes Iquique home (2017).
"ar,uy",Estadio Tomás Adolfo Ducó,Estadio Tomás Adolfo Ducó (Palacio Ducó),"Buenos Aires (Parque Patricios), Argentina",-34.643494,-58.396511,9.0,,none retrievable this session (see search_log),"Wikidata stadium coordinate Point(-58.396511 -34.643494) from stadiums_wikidata.csv (github.com/miguelgfierro/ai_projects); corroborated by kentang2017/kinastro (-34.6436, -58.3967)",high,batch agent (DEM-consistent),1,,Home of Huracán. Venue country: Argentina.
PER,Estadio Túpac Amaru,Estadio Túpac Amaru de Sicuani,"Sicuani (Canchis Province, Cusco)",-14.272,-71.226,3563.0,3552.0,"commonly cited Sicuani altitude (3,552 m), model recall; no stadium-specific published figure known","model recall (no web access); Sicuani town, stadium position approximate within town; validated with DEM",medium,batch agent (DEM-consistent),1,11.0,Alternate home for Real Garcilaso / Cusco FC (2017-2020) when the Estadio Inca Garcilaso de la Vega was unavailable. One of the highest venues in the dataset.
MEX,Estadio Universitario Alberto Chivo Córd...,Estadio Universitario Alberto Chivo Córd...,,19.267,-99.669,2710.0,,,analyst provisional coordinates,provisional,best available (NOT DEM-consistent or low confidence) - flagged,1,,nan
MEX,Estadio Universitario BUAP,Estadio Universitario BUAP,,19.0,-98.203,2132.0,,,analyst provisional coordinates,provisional,best available (NOT DEM-consistent or low confidence) - flagged,1,,nan
MEX,Estadio Universitario de Nuevo León,Estadio Universitario de Nuevo León,,25.724,-100.312,524.0,,,analyst provisional coordinates,provisional,best available (NOT DEM-consistent or low confidence) - flagged,1,,nan
BOL,Estadio Victor Agustín Ugarte,Estadio Víctor Agustín Ugarte,Potosí,-19.5745,-65.7486,3926.0,3960.0,"commonly cited stadium altitude 3,960 msnm (some sources 3,900); recalled, not re-verified","model recall of stadium location (north of Potosí centre, Av. Universitaria area), DEM-validated; no web access",medium,batch agent (DEM-consistent),2,-34.0,"Home of Nacional Potosí (176) and Real Potosí (132); also Blooming (1), Sport Boys (1). 310 matches. Second-highest venue in the dataset after Villa Ingenio."
MEX,Estadio Victoria de Aguascalientes,Estadio Victoria de Aguascalientes,,21.836,-102.257,1951.0,,,analyst provisional coordinates,provisional,best available (NOT DEM-consistent or low confidence) - flagged,1,,nan
PER,Estadio Víctor Montoya Segura,Estadio Víctor Montoya Segura,Jaén (Cajamarca),-5.706,-78.805,717.0,729.0,"commonly cited Jaén city altitude (729 m), model recall; no stadium-specific published figure known","model recall (no web access); Jaén city, stadium position approximate within city; validated with DEM",medium,batch agent (DEM-consistent),1,-12.0,Carlos Stein's home in 2022 (13 matches); also 1 match each for Cantolao and Cienciano. Mid-elevation venue in the Marañón basin.
MEX,Estadio Zoque VMR,Estadio Zoque VMR,,16.783,-93.155,937.0,,,analyst provisional coordinates,provisional,best available (NOT DEM-consistent or low confidence) - flagged,1,,nan
ECU,Estadio banco Guayaquil,Estadio Banco Guayaquil (Independiente del Valle),"Chillo Jijón, Sangolquí (Rumiñahui canton), Pichincha",-0.3247,-78.4417,2511.0,2500.0,"Sangolquí / Valle de los Chillos city elevation (approximate Wikipedia figure, prior knowledge; not web-verified this session)",analyst prior knowledge; not web-verified this session; DEM-validated,medium,batch agent (DEM-consistent),2,11.0,Independiente del Valle home since 2021; also one Vinotinto and one Universidad Católica home game.
COL,Estadio de Fútbol Jaraguay de Montería,Estadio Jaraguay (Estadio Municipal de Montería),"Montería, Córdoba, Colombia",8.711778,-75.827639,21.0,18.0,es.wikipedia 'Montería' infobox '| altitud = 18' - city figure,"Wikidata-derived CSV (miguelgfierro/ai_projects stadiums_wikidata.csv, Jaguares de Córdoba row, Point(-75.827638888 8.711777777)). guigalhano gives only the city centre (8.7479,-75.8814).",high,batch agent (DEM-consistent),2,3.0,"Jaguares (188), La Equidad (1). es.wikipedia 'Montería' lists 'Estadio de Fútbol Jaraguay de Montería' (Estadio Municipal). The coordinate is ~6 km SE of the city centre, consistent with the stadium's location on the road toward Planeta Rica (Jaraguay sector); terrain is flat so elevation is insensi"
ECU,Estadio de Liga Deportiva Universitaria,Estadio Rodrigo Paz Delgado (Casa Blanca),"Quito (Ponceano), Pichincha",-0.1081,-78.4881,2739.0,2850.0,"Quito city elevation (Wikipedia figure, prior knowledge); stadium-specific figure not verified this session",analyst prior knowledge; not web-verified this session; DEM grid scan checked,medium,best available (NOT DEM-consistent or low confidence) - flagged,2,-111.0,LDU de Quito home 2014-2019 under this FBref name; same stadium as 'Estadio Rodrigo Paz Delgado'.
MEX,Estadio de Mazatlán,Estadio de Mazatlán,,23.242,-106.375,38.0,,,analyst provisional coordinates,provisional,best available (NOT DEM-consistent or low confidence) - flagged,1,,nan
MEX,Estadio de la Ciudad de los Deportes,Estadio de la Ciudad de los Deportes,,19.3878,-99.185,2269.0,,,analyst provisional coordinates,provisional,best available (NOT DEM-consistent or low confidence) - flagged,1,,nan
COL,Estadio de la Independencia,Estadio La Independencia,"Tunja, Boyacá, Colombia",5.542233,-73.353131,2693.0,2782.0,"es.wikipedia 'Tunja' infobox '| altitud = 2782' (ref Alcaldía) - city figure, not stadium-specific","Wikidata-derived CSV (miguelgfierro/ai_projects stadiums_wikidata.csv, Boyacá Chicó and Patriotas rows, Point(-73.353131 5.542233)). (kentang2017/kinastro's value 5.0689,-73.6167 is wrong - not Tunja; guigalhano gives only the city centre 5.5353,-73.3678.)",medium,best available (NOT DEM-consistent or low confidence) - flagged,2,-89.0,"Boyacá Patriotas (168), Boyacá Chicó (130), Huila (1). Single coordinate source, but position is consistent with the stadium's known Av. Universitaria/northern location."
PER,Estadio de la Juventud,Estadio de la Juventud (Chongoyape) - identification uncertain,"Chongoyape (Chiclayo Province, Lambayeque) - probable",-6.64,-79.388,224.0,,no confident published figure; Chongoyape lies at roughly 200-250 m,model recall (no web access); Chongoyape town-centre coordinates used as proxy because exact stadium site could not be verified; validated with DEM for terrain plausibility only,low,best available (NOT DEM-consistent or low confidence) - flagged,1,,"Home venue of Juan Pablo II College (Chongoyape) in Liga 1 2025 (9 matches); club also used Mansiche (Trujillo) and Estadio Nacional. Resolution to Chongoyape is by home-town inference, not a verified source. Coordinates are a town-centre proxy. Any plausible Lambayeque location is well below 500 m,"
PER,Estadio de la Universidad Nacional Mayor...,Estadio de la Universidad Nacional Mayor de San Marcos (Estadio San Marcos),Lima (Cercado de Lima),-12.057,-77.0838,71.0,,no confident stadium-specific published figure; Lima city commonly cited at 154 m,model recall (no web access); well-known stadium on the UNMSM campus (Av. Venezuela / Av. Universitaria); validated with DEM,high,batch agent (DEM-consistent),1,,"FBref name truncated. Used 2020-2025 by USMP, Alianza Lima, Deportivo Municipal, Carlos A. Mannucci and others, largely during the pandemic-era Lima bubble. Home teams listed are all Lima/coastal clubs, confirming Lima (not UNSAAC Cusco)."
PER,Estadio de la Universidad Nacional San A...,Estadio Monumental de la Universidad Nacional de San Agustín (Estadio UNSA / Monumental Virgen de Chapi),Arequipa,-16.4225,-71.529,2335.0,2335.0,"commonly cited Arequipa/Estadio UNSA altitude (2,335 m), model recall","model recall (no web access); well-known stadium in Arequipa (Cercado, Av. Independencia); validated with DEM",high,batch agent (DEM-consistent),2,0.0,"Home teams are Melgar (191) and Binacional (11), so this truncated name resolves to UNSA Arequipa, NOT UNSAAC Cusco (the Cusco resolution applies only when the home teams are Cusco clubs). Significant-altitude venue (~2,335 m)."
PER,Estadio de la Universidad Nacional San A... (Neutral Site),Estadio Monumental de la Universidad Nacional de San Agustín (Estadio UNSA),Arequipa,-16.4225,-71.529,2335.0,2335.0,"commonly cited Arequipa/Estadio UNSA altitude (2,335 m), model recall",model recall (no web access); same venue as the Melgar entry; validated with DEM,high,batch agent (DEM-consistent),1,0.0,"Neutral-site match listed for Sporting Cristal in 2014: this matches the third/deciding match of the 2014 Torneo Descentralizado final (Sporting Cristal v Juan Aurich, played in Arequipa at the UNSA stadium). Merge with the main UNSA entry."
PER,Estadio del IPD,Estadio IPD de Moyobamba (Estadio del Instituto Peruano del Deporte),Moyobamba (San Martín),-6.037,-76.975,866.0,860.0,"commonly cited Moyobamba city altitude (860 m), model recall; no stadium-specific published figure known","model recall (no web access); Moyobamba city, stadium position approximate within city; validated with DEM",medium,batch agent (DEM-consistent),1,6.0,"Unión Comercio's principal home (77 matches, 2014-2024); the club is from Nueva Cajamarca but plays in the regional capital Moyobamba. Mid-elevation high-jungle venue."
ECU,Estadio del Mushuc Runa Sporting Club,Estadio COAC Mushuc Runa (Echaleche),"Echaleche, Pilahuín parish, Ambato canton, Tungurahua",-1.3175,-78.7114,3228.0,3250.0,"Press/Wikipedia figure for the Echaleche stadium (~3250 m, one of Ecuador's highest grounds), prior knowledge; not web-verified this session","APPROXIMATE - analyst prior knowledge of the Echaleche sector on the Ambato-Guaranda road; exact stadium position not verified (no web access this session). DEM grid over the sector spans ~3150-3300 m. NOTE: the provisional registry point (-1.1717,-78.5343, 2864 m) is in the wrong place (NE of Ambato).",low,batch agent (DEM-consistent),2,-22.0,"Same stadium as batch ECU-a's 'Estadio Cooperativa de Ahorro y Crédito ...' (Mushuc Runa, 44 matches); FBref uses two labels for it. Mushuc Runa SC home 2015-2021 under this label."
COL,Estadio Álvaro Gómez Hurtado,Estadio Álvaro Gómez Hurtado (Villa Concha),"Floridablanca, Santander, Colombia",7.052,-73.0809,920.0,,No altitude figure captured from the es.wikipedia 'Floridablanca (Colombia)' copy (only the 1100-2600 m Riofrío basin range); Floridablanca is commonly cited at ~925 m (unverified),"kentang2017/kinastro stadium list ('Atlético Bucaramanga - Estadio Álvaro Gómez Hurtado (Floridablanca)', 7.0520,-73.0809). Alternatives are town-level: guigalhano 'Estadio Villa Concha' 7.0631,-73.0864 (approx.) and es.wikipedia Floridablanca mapframe 7.06222,-73.08644. No Wikidata/Sofascore coordinate found.",medium,batch agent (DEM-consistent),2,,"CA Bucaramanga (26) alternate venue, Alianza (6). es.wikipedia 'Floridablanca' confirms the 'Unidad Deportiva Álvaro Gómez Hurtado' as home of Real Santander and alternate home of Atlético Bucaramanga."
ar,Estadio Único Madre de Ciudades,Estadio Único Madre de Ciudades,"Santiago del Estero, Santiago del Estero",-27.765815,-64.270596,190.0,188.0,GeoNames city elevation for Santiago del Estero (blackadderkate/weather-widget-2 db/AR.csv; same in hrgdavor/jsx6) - city-level,"Google-Maps-derived coordinates from a local Santiago del Estero tourism project (Koro013/Proyecto-Turismo-SDE schema.sql: -27.765815/-64.270596 with maps.google.com place cid, and -27.765857/-64.270419) plus a Google Maps embed centred on the stadium at -27.76605/-64.27341 (CastilloAlbertoEzequiel/Sonidos-de-la-ciudad). Not in the Wikidata export. Other datasets give city-centre-like values (-27.7829/-64.2594 alexandrehebert; -27.797/-64.262 Und3fin3d; -27.7833/-64.2667 kinastro)",medium,batch agent (DEM-consistent),1,2.0,"Central Córdoba (SdE) home ground for continental matches in 2025; stadium opened 2021 on the site of the former Estadio Único. Exact site could not be confirmed from Wikidata/Wikipedia, hence medium."
br,Estádio Adelmar da Costa Carvalho,Estádio Adelmar da Costa Carvalho (Ilha do Retiro),"Recife, PE, Brazil",-8.062918,-34.902922,8.0,,none retrievable this session (see search_log),"github.com/edulongodevgeo/camadas_geojson estadios_v3.geojson (Ilha do Retiro -8.062918, -34.902922); corroborated by Wikidata dump Point(-34.902980555 -8.062952777) and estadios_historico.csv (-8.0630099, -34.9036005)",high,batch agent (DEM-consistent),1,,Sport Recife home. Venue country: Brazil.
br,Estádio Alfredo Jaconi,Estádio Alfredo Jaconi,"Caxias do Sul, RS, Brazil",-29.162317,-51.176232,748.0,,none retrievable this session (see search_log),"github.com/edulongodevgeo/camadas_geojson estadios_v3.geojson (-29.162317, -51.176232); corroborated by Wikidata dump Point(-51.176 -29.162) and estadios_historico.csv (-29.162264, -51.1764503)",high,batch agent (DEM-consistent),1,,Used by Internacional for one 2024 match (Beira-Rio flooded). Venue country: Brazil.
br,Estádio Antônio Accioly,Estádio Antônio Accioly,"Goiânia (Campinas district), GO, Brazil",-16.670151,-49.284245,732.0,,none retrievable this session (see search_log),"github.com/edulongodevgeo/camadas_geojson estadios_v3.geojson (-16.670151, -49.284245); corroborated by estadios_geocoder.geojson (-16.66953, -49.28414) and estadios_historico.csv (-16.6695309, -49.2841376)",high,batch agent (DEM-consistent),1,,Atlético Goianiense home. Venue country: Brazil.
br,Estádio Castelão,Arena Castelão (Estádio Governador Plácido Aderaldo Castelo),"Fortaleza, CE, Brazil",-3.807274,-38.522454,24.0,,none retrievable this session (see search_log),"github.com/edulongodevgeo/camadas_geojson estadios_v3.geojson (-3.807274, -38.522454); corroborated by Wikidata dump Point(-38.522481 -3.807267) and kentang2017/kinastro (-3.8072, -38.5225)",high,batch agent (DEM-consistent),1,,Fortaleza (and Ceará) home. Not to be confused with the Castelão in São Luís (MA). Venue country: Brazil.
br,Estádio Club de Regatas Vasco da Gama,Estádio São Januário (Estádio Vasco da Gama),"Rio de Janeiro, RJ",-22.890917,-43.228253,16.0,,none retrievable (pt.wikipedia Rio de Janeiro city article uses a sub-template infobox; no altitude text in the mirrored page),"Wikidata stadium coordinate dump mirrored on GitHub (miguelgfierro/ai_projects, stadiums_wikidata.csv: 'CR Vasco da Gama, Estádio São Januário, Point(-43.228252777 -22.890916666)'); corroborated by edulongodevgeo/camadas_geojson estadios_v3 (-22.890887,-43.228285) and Brasileirão-2012 stadiums.xml (-22.890833,-43.228056)",high,batch agent (DEM-consistent),1,,"FBref name is the official club name of São Januário. Vasco home (7 matches, 2018 Libertadores/Sudamericana). Three independent coordinate datasets agree within 30 m."
br,Estádio Coronel José Bezerra,"Estádio Walmir Campelo Bezerra (Bezerrão) — probable actual venue; FBref label literally names Estádio Municipal Coronel José Bezerra (Bezerrão), Currais Novos RN","Gama, Distrito Federal",-16.0125,-48.062222,1159.0,,"none stadium-specific; pt.wikipedia 'Brasília' article (CarwilB/wiki-graph mirror): city lies at 1,000-1,200 m","Wikidata dump mirrored on GitHub (miguelgfierro/ai_projects stadiums_wikidata.csv: 'Sociedade Esportiva do Gama, Bezerrão, Point(-48.062222 -16.0125)')",medium,batch agent (DEM-consistent),1,,"NAME-MAPPING ISSUE. The only match is Copa Sudamericana 2015 R16 leg 2, Brasília FC 0-0 Athletico-PR, 30 Sep 2015 (fbref match ec68861f). 'Estádio Municipal Coronel José Bezerra' is a real stadium nicknamed 'Bezerrão' in Currais Novos, Rio Grande do Norte (~2,000 km from Brasília; GeoFootballGraph-B"
br,Estádio Durival de Brito e Silva,Estádio Durival Britto e Silva (Vila Capanema),"Curitiba, PR",-25.439444,-49.255833,888.0,934.0,City-level: pt.wikipedia 'Curitiba' (Embrapa ref) - 934 m mean altitude (CarwilB/wiki-graph mirror),"Wikidata dump mirrored on GitHub (miguelgfierro/ai_projects: 'Estádio Vila Capanema, Point(-49.255833 -25.439444)'); Brasileirão-2012 stadiums.xml gives -25.439540,-49.255679",high,batch agent (DEM-consistent),1,-46.0,Used by Athletico Paranaense for 4 matches in 2014 while Arena da Baixada was being rebuilt for the World Cup. Owned by Paraná Clube.
br,Estádio Governador Magalhães Pinto,Mineirão (Estádio Governador Magalhães Pinto),"Belo Horizonte, MG",-19.865833,-43.970833,846.0,,"none stadium-specific; pt.wikipedia 'Belo Horizonte' mirror gives municipal range 673-1,506 m only (infobox mean not present in mirrored text)","pt.wikipedia infobox coordinates from mirrored page (daltonexx/Data-Scraping-Analysis, _wiki_Estádio_Governador_Magalhães_Pinto.html: data-lat=-19.86583 data-lon=-43.97083); identical in Wikidata mirror and Brasileirão-2012 XML; EIC-BCC estadios.csv -19.8658,-43.9709",high,batch agent (DEM-consistent),1,,"Cruzeiro (19) and Atlético Mineiro (19) home, 45 matches 2014-2023."
br,Estádio Governador Roberto Santos,Estádio de Pituaçu (Estádio Metropolitano Governador Roberto Santos),"Salvador, BA",-12.946636,-38.417019,32.0,8.3,"City-level: pt.wikipedia 'Salvador' infobox altitude 8,3 m (CarwilB/wiki-graph mirror)","Wikipedia-derived Brasileirão-2012 stadiums.xml on GitHub (julioz/workspace-projects-2013: 'Estádio Roberto Santos, Salvador BA, -12.946636 -38.417019'); corroborated by Nominatim geocode in davialmeida135/analise-visual-brasileirao (-12.9460572,-38.4186122) and a geotagged tweet '@ Estádio de Pituaçu' (-12.945997,-38.417164)",high,batch agent (DEM-consistent),1,24.0,"Bahia home for 2 matches in 2021 (Copa Sudamericana). Analyst's memory coordinate (-12.9539,-38.4117) was ~1 km off; superseded by three agreeing sources."
br,Estádio Heriberto Hülse,Estádio Heriberto Hülse,"Criciúma, SC",-28.684167,-49.3675,56.0,47.0,City-level: pt.wikipedia 'Criciúma' infobox altitude 47 m (CarwilB/wiki-graph mirror),"Wikidata dump mirrored on GitHub (miguelgfierro/ai_projects: 'Criciúma Esporte Clube, Estádio Heriberto Hülse, Point(-49.3675 -28.684167)'); geojson v3 -28.684343,-49.36767; Brasileirão-2012 XML -28.683999,-49.367838",high,batch agent (DEM-consistent),1,9.0,"Criciúma home, 1 match (2014 Copa Sudamericana)."
br,Estádio Joaquim Américo Guimarães,Arena da Baixada (Ligga Arena; Estádio Joaquim Américo Guimarães),"Curitiba, PR",-25.448333,-49.276944,908.0,934.0,City-level: pt.wikipedia 'Curitiba' (Embrapa) 934 m mean altitude (CarwilB/wiki-graph mirror),"Wikidata dump mirrored on GitHub (miguelgfierro/ai_projects: 'Clube Atlético Paranaense, Arena da Baixada, Point(-49.276944 -25.448333)'); geojson v3 -25.448229,-49.276945; EIC-BCC csv -25.4482,-49.2769",high,batch agent (DEM-consistent),1,-26.0,Athletico Paranaense home (22) plus 1 Atlético Mineiro neutral-site use; 38 matches 2017-2023.
br,Estádio José Pinheiro Borba,Estádio Beira-Rio (Estádio José Pinheiro Borda),"Porto Alegre, RS",-30.065614,-51.236086,7.0,10.0,City-level: pt.wikipedia 'Porto Alegre' - 'altitude média da cidade é de 10 m' (CarwilB/wiki-graph mirror),"Wikidata dump mirrored on GitHub (miguelgfierro/ai_projects: 'S.C. Internacional, Estádio Beira-Rio, Point(-51.236086 -30.065614)'); geojson v3 -30.065512,-51.235807; EIC-BCC csv -30.0656,-51.2361",high,batch agent (DEM-consistent),1,-3.0,"FBref spelling 'Borba' is a typo for Borda; same stadium as the 'Estádio José Pinheiro Borda' entry. Internacional home, 33 matches 2015-2023."
br,Estádio José Pinheiro Borda,Estádio Beira-Rio (Estádio José Pinheiro Borda),"Porto Alegre, RS",-30.065614,-51.236086,7.0,10.0,City-level: pt.wikipedia 'Porto Alegre' - 'altitude média da cidade é de 10 m' (CarwilB/wiki-graph mirror),"Wikidata dump mirrored on GitHub (miguelgfierro/ai_projects: 'S.C. Internacional, Estádio Beira-Rio, Point(-51.236086 -30.065614)'); geojson v3 -30.065512,-51.235807; EIC-BCC csv -30.0656,-51.2361",high,batch agent (DEM-consistent),1,-3.0,"Correctly spelled duplicate of the 'Borba' entry (Internacional, 3 matches 2025). Merge with 'Estádio José Pinheiro Borba'."
br,Estádio Jóse do Rego Maciel,Estádio José do Rego Maciel (Estádio do Arruda),"Recife, PE",-8.026711,-34.891175,13.0,4.0,City-level: pt.wikipedia 'Recife' - 'altitude média em relação ao nível do mar é de quatro metros' (CarwilB/wiki-graph mirror),"Wikidata dump mirrored on GitHub (miguelgfierro/ai_projects: 'Santa Cruz Futebol Clube, Estádio do Arruda, Point(-34.891175 -8.026711)')",high,batch agent (DEM-consistent),1,9.0,"Santa Cruz home, 1 match (2016 Copa Sudamericana). FBref accent typo 'Jóse'."
br,Estádio Kleber José de Andrade,Estádio Estadual Kléber José de Andrade (Estádio Kleber Andrade),"Cariacica, ES",-20.3372,-40.3788,31.0,46.0,City-level: pt.wikipedia 'Cariacica' - 'A sede do município está a 46 metros acima do nível do mar' (CarwilB/wiki-graph mirror),"EIC-BCC pipeline/estadios.csv on GitHub ('Kléber Andrade,-20.3372,-40.3788'); no Wikidata/OSM value retrievable this session. Analyst memory value -20.3389,-40.3856 lies ~0.75 km WSW (DEM 40 m, window 20-58)",medium,batch agent (DEM-consistent),1,-15.0,Flamengo used it as home for 2 matches in 2016 (Copa Sudamericana). Single-source coordinate; site-level uncertainty <1 km does not affect altitude classification (Vitória metro lowlands).
br,Estádio Luso-Brasileiro,"Estádio Luso-Brasileiro (Estádio da Portuguesa, Ilha do Governador)","Rio de Janeiro, RJ",-22.801636,-43.207775,9.0,,none retrievable (Rio de Janeiro city article mirror has no altitude text),"Wikidata dump mirrored on GitHub (miguelgfierro/ai_projects: 'Associação Atlética Portuguesa, Estádio Luso-Brasileiro, Point(-43.207775 -22.801636)'); geojson v3 -22.801615,-43.207791; EIC-BCC csv -22.801,-43.207",high,batch agent (DEM-consistent),1,,"Flamengo home for 2 matches in 2018 (temporary ground). Analyst memory value (-22.8125,-43.2028) was 1.2 km off; superseded."
br,Estádio Major Antônio Couto Pereira,Estádio Major Antônio Couto Pereira,"Curitiba, PR",-25.421111,-49.2595,920.0,934.0,City-level: pt.wikipedia 'Curitiba' (Embrapa) 934 m mean altitude (CarwilB/wiki-graph mirror),"Wikidata dump mirrored on GitHub (miguelgfierro/ai_projects: 'Coritiba F.C., Estádio Couto Pereira, Point(-49.2595 -25.421111)'); geojson v3 -25.421098,-49.259558; EIC-BCC csv -25.4211,-49.2595; Brasileirão-2012 XML -25.421389,-49.259444",high,batch agent (DEM-consistent),1,-14.0,Grêmio used it as home for 3 of 6 matches in 2024 (displaced by the Rio Grande do Sul floods).
br,Estádio Manoel Barradas,Estádio Manoel Barradas (Barradão),"Salvador, BA",-12.919,-38.427,50.0,8.3,"City-level: pt.wikipedia 'Salvador' infobox altitude 8,3 m (CarwilB/wiki-graph mirror)","Wikidata dump mirrored on GitHub (miguelgfierro/ai_projects: 'E.C. Vitória, Barradão, Point(-38.427 -12.919)'); geojson v3 -12.919185,-38.427161; Brasileirão-2012 XML -12.918671,-38.428116; EIC-BCC csv -12.919,-38.427",high,batch agent (DEM-consistent),1,42.0,"Vitória home, 2 matches (2014 Copa Sudamericana). Analyst memory coordinate (-12.9161,-38.3939) was 3.6 km off; superseded by four agreeing sources."
br,Estádio Moisés Lucarelli,Estádio Moisés Lucarelli (Majestoso),"Campinas, SP",-22.913611,-47.051389,691.0,685.0,City-level: pt.wikipedia 'Campinas' infobox altitude 685 m (CarwilB/wiki-graph mirror),"Wikidata dump mirrored on GitHub (miguelgfierro/ai_projects: 'Associação Atlética Ponte Preta, Estádio Moisés Lucarelli, Point(-47.051389 -22.913611)'); geojson v3 -22.913536,-47.051212; Brasileirão-2012 XML identical",high,batch agent (DEM-consistent),1,6.0,"Ponte Preta home, 4 matches 2015-2017 (Copa Sudamericana). Analyst memory value (-22.9147,-47.0692) was 1.8 km off; superseded."
br,Estádio Nabi Abi Chedid,Estádio Nabi Abi Chedid,"Bragança Paulista, SP",-22.965414,-46.536936,881.0,852.0,City-level: pt.wikipedia 'Bragança Paulista' infobox altitude 852 m (CarwilB/wiki-graph mirror),"Wikidata dump mirrored on GitHub (miguelgfierro/ai_projects: 'Clube Atlético Bragantino, Estádio Nabi Abi Chedid, Point(-46.536936 -22.965414)'); geojson v3 -22.965391,-46.536817; Brasileirão-2012 XML -22.965536,-46.536970; cjabradshaw/sportdiv -22.965188,-46.536807",high,batch agent (DEM-consistent),1,29.0,"RB Bragantino home, 16 matches in 2022 (Copa Sudamericana run to the semi-finals). Analyst memory value (-22.9478,-46.5519) was 2.5 km off; superseded by four agreeing sources."
br,Estádio Nilton Santos,Estádio Olímpico Nilton Santos (Engenhão),"Rio de Janeiro, RJ",-22.893172,-43.292269,29.0,,none retrievable (Rio de Janeiro city article mirror has no altitude text),"Wikidata dump mirrored on GitHub (miguelgfierro/ai_projects: 'Botafogo F.R., Estádio Olímpico João Havelange, Point(-43.292269 -22.893172)'); geojson v3 -22.893275,-43.292311; EIC-BCC csv -22.8931,-43.2918",high,batch agent (DEM-consistent),1,,"Botafogo home (14 of 26 matches) 2017-2025; also used by other Rio clubs. Not to be confused with the Estádio Nilton Santos in Palmas, TO."
br,Estádio Orlando Scarpelli,Estádio Orlando Scarpelli,"Florianópolis, SC",-27.585556,-48.586667,11.0,3.0,City-level: pt.wikipedia 'Florianópolis' infobox altitude 3 m (Embrapa ref; CarwilB/wiki-graph mirror),"Wikidata dump mirrored on GitHub (miguelgfierro/ai_projects: 'Figueirense Futebol Clube, Estádio Orlando Scarpelli, Point(-48.586667 -27.585556)'); geojson v3 -27.585689,-48.5865; Brasileirão-2012 XML identical",high,batch agent (DEM-consistent),1,8.0,"Figueirense home, 1 match (2016 Copa Sudamericana). Analyst memory value (-27.5894,-48.5781) was ~0.9 km off; superseded."
br,Estádio Raimundo Sampaio,Estádio Raimundo Sampaio (Independência),"Belo Horizonte, MG",-19.908333,-43.917778,838.0,,"none stadium-specific; pt.wikipedia 'Belo Horizonte' mirror gives municipal range 673-1,506 m only","Wikidata dump mirrored on GitHub (miguelgfierro/ai_projects: 'Clube Atlético Mineiro / América FC, Estádio Independência, Point(-43.917778 -19.908333)'); geojson v3 -19.908576,-43.917879; Brasileirão-2012 XML identical; EIC-BCC csv -19.9033,-43.9183",high,batch agent (DEM-consistent),1,,"Atlético Mineiro (15) and América-MG (3) home, 28 matches 2014-2022."
br,Estádio Santa Cruz,Estádio Santa Cruz (Botafogo-SP),"Ribeirão Preto, SP",-21.2025,-47.789167,575.0,546.0,City-level: pt.wikipedia 'Ribeirão Preto' infobox altitude 546 m (CarwilB/wiki-graph mirror),"Wikidata dump mirrored on GitHub (miguelgfierro/ai_projects: 'Botafogo Futebol Clube, Estádio Santa Cruz, Point(-47.789167 -21.2025)'); geojson v3 -21.202336,-47.790125",high,batch agent (DEM-consistent),1,29.0,"Red Bull Bragantino used it for 1 match in 2024 (Nabi Abi Chedid unavailable). Analyst memory value (-21.1989,-47.8103) was 2.2 km off; superseded."
br,Estádio Urbano Caldeira,Estádio Urbano Caldeira (Vila Belmiro),"Santos, SP",-23.951111,-46.338889,9.0,2.0,City-level: pt.wikipedia 'Santos' infobox altitude 2 m (CarwilB/wiki-graph mirror),"pt.wikipedia infobox coordinates from mirrored page (daltonexx/Data-Scraping-Analysis, _wiki_Estádio_Urbano_Caldeira.html: data-lat=-23.95111 data-lon=-46.3389); identical in Wikidata mirror; geojson v3 -23.951086,-46.3389; cjabradshaw/sportdiv -23.950832,-46.338137",high,batch agent (DEM-consistent),1,7.0,"Santos home, 25 matches 2017-2021 (17 as Santos home). Analyst memory latitude (-23.9419) was ~1 km off; superseded."
br,Estádio Walmir Campelo Bezerra,Estádio Walmir Campelo Bezerra (Bezerrão),"Gama, Distrito Federal",-16.0125,-48.062222,1159.0,,"none stadium-specific; pt.wikipedia 'Brasília' article (CarwilB/wiki-graph mirror): Federal District lies at 1,000-1,200 m","Wikidata dump mirrored on GitHub (miguelgfierro/ai_projects: 'Sociedade Esportiva do Gama, Bezerrão, Point(-48.062222 -16.0125)'); GeoFootballGraph-BR gives Gama centroid -16.0153,-48.0653 (~0.5 km)",high,batch agent (DEM-consistent),1,,Brasília FC home for the 2015 Copa Sudamericana leg v Goiás (18 Aug 2015). Also the probable true venue of the 'Estádio Coronel José Bezerra' entry (see that record).
br,Estádio de Hailé Pinheiro,Estádio Hailé Pinheiro (Estádio da Serrinha),"Goiânia, GO",-16.711179,-49.261236,831.0,749.0,City-level: pt.wikipedia 'Goiânia' infobox altitude 749 m (Embrapa ref; CarwilB/wiki-graph mirror),"edulongodevgeo/camadas_geojson estadios_v3.geojson on GitHub ('Hailé Pinheiro, Goiânia: -16.711179, -49.261236'); corroborated by EIC-BCC csv (-16.7111,-49.2614) and Nominatim geocode in davialmeida135/analise-visual-brasileirao (-16.7112422,-49.2611903). Not present in the Wikidata mirror (Goiás EC linked to Serra Dourada there)",high,best available (NOT DEM-consistent or low confidence) - flagged,1,82.0,"Goiás home, 4 matches 2014-2023. Three independent geocodes agree within 30 m; analyst memory value (-16.6958,-49.2681) was 1.8 km off and is discarded."
br,Estádio do Governo do Estado de Goiás,Estádio Serra Dourada (Estádio do Governo do Estado de Goiás),"Goiânia, GO",-16.698889,-49.233889,808.0,749.0,City-level: pt.wikipedia 'Goiânia' infobox altitude 749 m (Embrapa ref; CarwilB/wiki-graph mirror),"Wikidata dump mirrored on GitHub (miguelgfierro/ai_projects: 'Goiás Esporte Clube / Atlético Goianiense / Vila Nova, Estádio Serra Dourada, Point(-49.233889 -16.698889)'); Brasileirão-2012 XML identical; EIC-BCC csv -16.6928,-49.2398 (~0.9 km)",high,batch agent (DEM-consistent),1,59.0,"Goiás (4) and Atlético Goianiense (2) home, 6 matches 2014-2023. Analyst memory value (-16.7100,-49.2306) was 1.3 km off; superseded."
br,Estádio do Morumbi,Estádio Cícero Pompeu de Toledo (Morumbi),São Paulo,-23.600125,-46.720156,750.0,799.0,CITY-LEVEL: en.wikipedia 'São Paulo' (mirror hiyuantang/AC215_3H2B): 'average elevation of around 799 meters'; no venue-specific published elevation found,"Wikidata P625 via GitHub mirror miguelgfierro/ai_projects stadiums_wikidata.csv (Point(-46.720155555 -23.600125)); corroborated by kentang2017/kinastro (-23.6000,-46.7200)",high,batch agent (DEM-consistent),1,-49.0,Home of São Paulo FC. Coordinates confirmed by two independent sources.
br,Estádio do Pacaembú,Estádio Municipal Paulo Machado de Carvalho (Pacaembu),São Paulo,-23.548639,-46.665111,754.0,799.0,CITY-LEVEL: en.wikipedia 'São Paulo' (mirror hiyuantang/AC215_3H2B): 'average elevation of around 799 meters'; no venue-specific published elevation found,Wikidata P625 via GitHub mirror miguelgfierro/ai_projects stadiums_wikidata.csv (Point(-46.665111 -23.548639)),high,batch agent (DEM-consistent),1,-45.0,Used by São Paulo and Santos as neutral/alternate venue 2016-2018.
br,Itaipava Arena Fonte Nova,Arena Fonte Nova (Estádio Octávio Mangabeira),Salvador,-12.978819,-38.504253,37.0,8.3,"CITY-LEVEL: pt.wikipedia 'Salvador' infobox altitude = 8,3 m (mirror CarwilB/wiki-graph); no venue-specific published elevation found","Wikidata P625 via GitHub mirror miguelgfierro/ai_projects stadiums_wikidata.csv (Point(-38.504252777 -12.978819444)); corroborated by thatbritguy/world-cup-ics 2014 stadium file (-12.978611,-38.504167) and trsneed/FootballTournament2014 (-12.978611,-38.504167)",high,batch agent (DEM-consistent),1,29.0,Home of Bahia (12) and Vitória (1). Three independent coordinate sources agree within 30 m.
br,Itaipava Arena Pernambuco,Arena Pernambuco (Arena de Pernambuco),São Lourenço da Mata (Recife metro),-8.040556,-35.008333,33.0,58.0,CITY-LEVEL: pt.wikipedia 'São Lourenço da Mata' infobox altitude = 58 m (mirror CarwilB/wiki-graph); no venue-specific published elevation found,"thatbritguy/world-cup-ics data/2014/worldcup.stadiums.json (Wikipedia-derived, -8.040556,-35.008333); corroborated by Oncedev/WorldCupMap (-8.0406496,-35.0082049) and LiquidGalaxyLAB/GCI2018 POI file (-8.040640,-35.008205). Not present in the Wikidata CSV mirror.",high,batch agent (DEM-consistent),1,-25.0,Hosted Santa Cruz (1) and Sport Recife (1) in 2016. Three sources agree within ~20 m.
br,Ligga Arena,Estádio Joaquim Américo Guimarães (Arena da Baixada / Ligga Arena),Curitiba,-25.448333,-49.276944,908.0,934.0,"CITY-LEVEL: pt.wikipedia 'Curitiba' (mirror CarwilB/wiki-graph): 'a 934 metros de altitude' / 'altitude média ... 934,6 m'; no venue-specific published elevation found",Wikidata P625 via GitHub mirror miguelgfierro/ai_projects stadiums_wikidata.csv (Point(-49.276944 -25.448333)); identical value in thatbritguy/world-cup-ics 2014 stadium file,high,batch agent (DEM-consistent),1,-26.0,Athletico Paranaense home; 'Ligga Arena' is the 2021+ naming-rights name of the Arena da Baixada.
BOL,Merkur Arena,"FBref DATA ERROR - best resolution: Estadio Ramón 'Tahuichi' Aguilera Costas, Santa Cruz de la Sierra (Destroyers' home ground)",Santa Cruz de la Sierra (best-guess),-17.8036,-63.1874,430.0,416.0,"commonly cited altitude of Estadio Tahuichi Aguilera / Santa Cruz 416 msnm (recall, unverified)","best-guess resolution to Destroyers' home ground (Tahuichi Aguilera); coordinates from model recall, DEM-validated; no web access",low,batch agent (DEM-consistent),1,14.0,"Single match: Destroyers 1-0 Universitario (de Sucre), 2018-02-10, 2018 group stage. Merkur Arena is in Graz, Austria and cannot be the real venue; FBref mis-mapped it. Destroyers' 2017-2019 principal venue was Estadio Ramón Aguilera Costas (Tahuichi), the most probable real venue. Any Santa Cruz gr"
NT,NT:Ambato,NT:Ambato,,-1.2565,-78.6183,2671.0,,,analyst provisional coordinates,provisional,best available (NOT DEM-consistent or low confidence) - flagged,1,,nan
NT,NT:Arequipa,NT:Arequipa,,-16.382,-71.524,2451.0,,,analyst provisional coordinates,provisional,best available (NOT DEM-consistent or low confidence) - flagged,1,,nan
NT,NT:Armenia,NT:Armenia,,4.5297,-75.696,1412.0,,,analyst provisional coordinates,provisional,best available (NOT DEM-consistent or low confidence) - flagged,1,,nan
NT,NT:Barranquilla,NT:Barranquilla,,10.924,-74.786,29.0,,,analyst provisional coordinates,provisional,best available (NOT DEM-consistent or low confidence) - flagged,1,,nan
NT,NT:Bogotá,NT:Bogotá,,4.6458,-74.0778,2553.0,,,analyst provisional coordinates,provisional,best available (NOT DEM-consistent or low confidence) - flagged,1,,nan
NT,NT:Cali,NT:Cali,,3.43,-76.543,967.0,,,analyst provisional coordinates,provisional,best available (NOT DEM-consistent or low confidence) - flagged,1,,nan
NT,NT:Chiclayo,NT:Chiclayo,,-6.77,-79.84,34.0,,,analyst provisional coordinates,provisional,best available (NOT DEM-consistent or low confidence) - flagged,1,,nan
NT,NT:Cochabamba,NT:Cochabamba,,-17.3904,-66.1612,2574.0,,,analyst provisional coordinates,provisional,best available (NOT DEM-consistent or low confidence) - flagged,1,,nan
NT,NT:Cuenca,NT:Cuenca,,-2.9046,-79.0069,2528.0,,,analyst provisional coordinates,provisional,best available (NOT DEM-consistent or low confidence) - flagged,1,,nan
NT,NT:Cusco,NT:Cusco,,-13.522,-71.96,3356.0,,,analyst provisional coordinates,provisional,best available (NOT DEM-consistent or low confidence) - flagged,1,,nan
NT,NT:El Alto,NT:El Alto,,-16.4903,-68.1861,4079.0,,,analyst provisional coordinates,provisional,best available (NOT DEM-consistent or low confidence) - flagged,1,,nan
NT,NT:Guadalajara,NT:Guadalajara,,20.701,-103.333,1520.0,,,analyst provisional coordinates,provisional,best available (NOT DEM-consistent or low confidence) - flagged,1,,nan
NT,NT:Guadalupe,NT:Guadalupe,,25.669,-100.2445,496.0,,,analyst provisional coordinates,provisional,best available (NOT DEM-consistent or low confidence) - flagged,1,,nan
NT,NT:Guayaquil,NT:Guayaquil,,-2.1858,-79.9247,23.0,,,analyst provisional coordinates,provisional,best available (NOT DEM-consistent or low confidence) - flagged,1,,nan
NT,NT:La Paz,NT:La Paz,,-16.4989,-68.1219,3596.0,,,analyst provisional coordinates,provisional,best available (NOT DEM-consistent or low confidence) - flagged,1,,nan
NT,NT:Lima,NT:Lima,,-12.0672,-77.0336,136.0,,,analyst provisional coordinates,provisional,best available (NOT DEM-consistent or low confidence) - flagged,1,,nan
NT,NT:Machala,NT:Machala,,-3.259,-79.953,10.0,,,analyst provisional coordinates,provisional,best available (NOT DEM-consistent or low confidence) - flagged,1,,nan
NT,NT:Manizales,NT:Manizales,,5.056,-75.495,2103.0,,,analyst provisional coordinates,provisional,best available (NOT DEM-consistent or low confidence) - flagged,1,,nan
NT,NT:Medellín,NT:Medellín,,6.2568,-75.5904,1475.0,,,analyst provisional coordinates,provisional,best available (NOT DEM-consistent or low confidence) - flagged,1,,nan
NT,NT:Mexico City,NT:Mexico City,,19.3029,-99.1505,2281.0,,,analyst provisional coordinates,provisional,best available (NOT DEM-consistent or low confidence) - flagged,1,,nan
NT,NT:Monterrey,NT:Monterrey,,25.669,-100.2445,496.0,,,analyst provisional coordinates,provisional,best available (NOT DEM-consistent or low confidence) - flagged,1,,nan
NT,NT:Oruro,NT:Oruro,,-17.9668,-67.1085,3718.0,,,analyst provisional coordinates,provisional,best available (NOT DEM-consistent or low confidence) - flagged,1,,nan
NT,NT:Pereira,NT:Pereira,,4.81,-75.744,1313.0,,,analyst provisional coordinates,provisional,best available (NOT DEM-consistent or low confidence) - flagged,1,,nan
NT,NT:Piura,NT:Piura,,-5.193,-80.625,35.0,,,analyst provisional coordinates,provisional,best available (NOT DEM-consistent or low confidence) - flagged,1,,nan
NT,NT:Portoviejo,NT:Portoviejo,,-1.051,-80.456,37.0,,,analyst provisional coordinates,provisional,best available (NOT DEM-consistent or low confidence) - flagged,1,,nan
NT,NT:Potosí,NT:Potosí,,-19.5847,-65.747,4021.0,,,analyst provisional coordinates,provisional,best available (NOT DEM-consistent or low confidence) - flagged,1,,nan
NT,NT:Puebla,NT:Puebla,,19.0765,-98.1735,2211.0,,,analyst provisional coordinates,provisional,best available (NOT DEM-consistent or low confidence) - flagged,1,,nan
NT,NT:Querétaro,NT:Querétaro,,20.552,-100.427,1810.0,,,analyst provisional coordinates,provisional,best available (NOT DEM-consistent or low confidence) - flagged,1,,nan
NT,NT:Quito,NT:Quito,,-0.177,-78.476,2787.0,,,analyst provisional coordinates,provisional,best available (NOT DEM-consistent or low confidence) - flagged,1,,nan
NT,NT:San Luis Potosí,NT:San Luis Potosí,,22.165,-100.916,1848.0,,,analyst provisional coordinates,provisional,best available (NOT DEM-consistent or low confidence) - flagged,1,,nan
NT,NT:Santa Cruz,NT:Santa Cruz,,-17.797,-63.1876,423.0,,,analyst provisional coordinates,provisional,best available (NOT DEM-consistent or low confidence) - flagged,1,,nan
NT,NT:Sucre,NT:Sucre,,-19.0367,-65.252,2824.0,,,analyst provisional coordinates,provisional,best available (NOT DEM-consistent or low confidence) - flagged,1,,nan
NT,NT:Tacna,NT:Tacna,,-18.01,-70.25,581.0,,,analyst provisional coordinates,provisional,best available (NOT DEM-consistent or low confidence) - flagged,1,,nan
NT,NT:Toluca,NT:Toluca,,19.2856,-99.6636,2678.0,,,analyst provisional coordinates,provisional,best available (NOT DEM-consistent or low confidence) - flagged,1,,nan
NT,NT:Torreón,NT:Torreón,,25.576,-103.373,1124.0,,,analyst provisional coordinates,provisional,best available (NOT DEM-consistent or low confidence) - flagged,1,,nan
NT,NT:Trujillo,NT:Trujillo,,-8.108,-79.033,38.0,,,analyst provisional coordinates,provisional,best available (NOT DEM-consistent or low confidence) - flagged,1,,nan
NT,NT:Tuxtla Gutiérrez,NT:Tuxtla Gutiérrez,,16.783,-93.155,937.0,,,analyst provisional coordinates,provisional,best available (NOT DEM-consistent or low confidence) - flagged,1,,nan
NT,NT:Veracruz,NT:Veracruz,,19.165,-96.133,16.0,,,analyst provisional coordinates,provisional,best available (NOT DEM-consistent or low confidence) - flagged,1,,nan
NT,NT:Zapopan,NT:Zapopan,,20.682,-103.4625,1668.0,,,analyst provisional coordinates,provisional,best available (NOT DEM-consistent or low confidence) - flagged,1,,nan
NTV,NTV:Argentina:Buenos Aires,NTV:Argentina:Buenos Aires,,-34.5453,-58.4494,7.0,,,analyst provisional coordinates,provisional,best available (NOT DEM-consistent or low confidence) - flagged,1,,nan
NTV,NTV:Argentina:Córdoba,NTV:Argentina:Córdoba,,-31.369,-64.246,419.0,,,analyst provisional coordinates,provisional,best available (NOT DEM-consistent or low confidence) - flagged,1,,nan
NTV,NTV:Argentina:Mendoza,NTV:Argentina:Mendoza,,-32.8896,-68.88,839.0,,,analyst provisional coordinates,provisional,best available (NOT DEM-consistent or low confidence) - flagged,1,,nan
NTV,NTV:Bolivia:La Paz,NTV:Bolivia:La Paz,,-16.4989,-68.1219,3596.0,,,analyst provisional coordinates,provisional,best available (NOT DEM-consistent or low confidence) - flagged,1,,nan
NTV,NTV:Brazil:Porto Alegre,NTV:Brazil:Porto Alegre,,-30.065,-51.236,10.0,,,analyst provisional coordinates,provisional,best available (NOT DEM-consistent or low confidence) - flagged,1,,nan
NTV,NTV:Brazil:Rio de Janeiro,NTV:Brazil:Rio de Janeiro,,-22.9122,-43.2302,10.0,,,analyst provisional coordinates,provisional,best available (NOT DEM-consistent or low confidence) - flagged,1,,nan
NTV,NTV:Brazil:São Paulo,NTV:Brazil:São Paulo,,-23.6,-46.72,748.0,,,analyst provisional coordinates,provisional,best available (NOT DEM-consistent or low confidence) - flagged,1,,nan
NTV,NTV:Canada:Toronto,NTV:Canada:Toronto,,43.6332,-79.4186,86.0,,,analyst provisional coordinates,provisional,best available (NOT DEM-consistent or low confidence) - flagged,1,,nan
NTV,NTV:Chile:Santiago,NTV:Chile:Santiago,,-33.4647,-70.6106,567.0,,,analyst provisional coordinates,provisional,best available (NOT DEM-consistent or low confidence) - flagged,1,,nan
NTV,NTV:Colombia:Barranquilla,NTV:Colombia:Barranquilla,,10.924,-74.786,29.0,,,analyst provisional coordinates,provisional,best available (NOT DEM-consistent or low confidence) - flagged,1,,nan
NTV,NTV:Colombia:Bogotá,NTV:Colombia:Bogotá,,4.6458,-74.0778,2553.0,,,analyst provisional coordinates,provisional,best available (NOT DEM-consistent or low confidence) - flagged,1,,nan
NTV,NTV:Costa Rica:San José,NTV:Costa Rica:San José,,9.94,-84.1,1130.0,,,analyst provisional coordinates,provisional,best available (NOT DEM-consistent or low confidence) - flagged,1,,nan
NTV,NTV:Cuba:Havana,NTV:Cuba:Havana,,23.1,-82.4,32.0,,,analyst provisional coordinates,provisional,best available (NOT DEM-consistent or low confidence) - flagged,1,,nan
NTV,NTV:Curaçao:Willemstad,NTV:Curaçao:Willemstad,,12.1,-68.93,5.0,,,analyst provisional coordinates,provisional,best available (NOT DEM-consistent or low confidence) - flagged,1,,nan
NTV,NTV:Ecuador:Guayaquil,NTV:Ecuador:Guayaquil,,-2.1858,-79.9247,23.0,,,analyst provisional coordinates,provisional,best available (NOT DEM-consistent or low confidence) - flagged,1,,nan
NTV,NTV:Ecuador:Quito,NTV:Ecuador:Quito,,-0.177,-78.476,2787.0,,,analyst provisional coordinates,provisional,best available (NOT DEM-consistent or low confidence) - flagged,1,,nan
NTV,NTV:El Salvador:San Salvador,NTV:El Salvador:San Salvador,,13.69,-89.22,723.0,,,analyst provisional coordinates,provisional,best available (NOT DEM-consistent or low confidence) - flagged,1,,nan
NTV,NTV:Guatemala:Guatemala City,NTV:Guatemala:Guatemala City,,14.6,-90.53,1520.0,,,analyst provisional coordinates,provisional,best available (NOT DEM-consistent or low confidence) - flagged,1,,nan
NTV,NTV:Haiti:Port-au-Prince,NTV:Haiti:Port-au-Prince,,18.54,-72.33,58.0,,,analyst provisional coordinates,provisional,best available (NOT DEM-consistent or low confidence) - flagged,1,,nan
NTV,NTV:Honduras:San Pedro Sula,NTV:Honduras:San Pedro Sula,,15.5,-88.03,97.0,,,analyst provisional coordinates,provisional,best available (NOT DEM-consistent or low confidence) - flagged,1,,nan
NTV,NTV:Honduras:Tegucigalpa,NTV:Honduras:Tegucigalpa,,14.09,-87.2,980.0,,,analyst provisional coordinates,provisional,best available (NOT DEM-consistent or low confidence) - flagged,1,,nan
NTV,NTV:Jamaica:Kingston,NTV:Jamaica:Kingston,,17.99,-76.78,61.0,,,analyst provisional coordinates,provisional,best available (NOT DEM-consistent or low confidence) - flagged,1,,nan
NTV,NTV:Mexico:Mexico City,NTV:Mexico:Mexico City,,19.3029,-99.1505,2281.0,,,analyst provisional coordinates,provisional,best available (NOT DEM-consistent or low confidence) - flagged,1,,nan
NTV,NTV:Nicaragua:Managua,NTV:Nicaragua:Managua,,12.14,-86.26,82.0,,,analyst provisional coordinates,provisional,best available (NOT DEM-consistent or low confidence) - flagged,1,,nan
NTV,NTV:Panama:Panama City,NTV:Panama:Panama City,,9.04,-79.51,50.0,,,analyst provisional coordinates,provisional,best available (NOT DEM-consistent or low confidence) - flagged,1,,nan
NTV,NTV:Paraguay:Asunción,NTV:Paraguay:Asunción,,-25.29,-57.63,112.0,,,analyst provisional coordinates,provisional,best available (NOT DEM-consistent or low confidence) - flagged,1,,nan
NTV,NTV:Peru:Lima,NTV:Peru:Lima,,-12.0672,-77.0336,136.0,,,analyst provisional coordinates,provisional,best available (NOT DEM-consistent or low confidence) - flagged,1,,nan
NTV,NTV:Suriname:Paramaribo,NTV:Suriname:Paramaribo,,5.83,-55.17,6.0,,,analyst provisional coordinates,provisional,best available (NOT DEM-consistent or low confidence) - flagged,1,,nan
NTV,NTV:Trinidad and Tobago:Port of Spain,NTV:Trinidad and Tobago:Port of Spain,,10.66,-61.53,3.0,,,analyst provisional coordinates,provisional,best available (NOT DEM-consistent or low confidence) - flagged,1,,nan
NTV,NTV:United States:Chicago,NTV:United States:Chicago,,41.8623,-87.6167,180.0,,,analyst provisional coordinates,provisional,best available (NOT DEM-consistent or low confidence) - flagged,1,,nan
NTV,NTV:United States:Foxborough,NTV:United States:Foxborough,,42.0909,-71.2643,79.0,,,analyst provisional coordinates,provisional,best available (NOT DEM-consistent or low confidence) - flagged,1,,nan
NTV,"NTV:United States:Washington, D.C.","NTV:United States:Washington, D.C.",,38.89,-76.97,5.0,,,analyst provisional coordinates,provisional,best available (NOT DEM-consistent or low confidence) - flagged,1,,nan
NTV,NTV:Uruguay:Montevideo,NTV:Uruguay:Montevideo,,-34.8944,-56.1528,24.0,,,analyst provisional coordinates,provisional,best available (NOT DEM-consistent or low confidence) - flagged,1,,nan
NTV,NTV:Venezuela:Caracas,NTV:Venezuela:Caracas,,10.49,-66.887,870.0,,,analyst provisional coordinates,provisional,best available (NOT DEM-consistent or low confidence) - flagged,1,,nan
NTV,NTV:Venezuela:Maracaibo,NTV:Venezuela:Maracaibo,,10.66,-71.63,42.0,,,analyst provisional coordinates,provisional,best available (NOT DEM-consistent or low confidence) - flagged,1,,nan
NTV,NTV:Venezuela:San Cristóbal,NTV:Venezuela:San Cristóbal,,7.79,-72.23,869.0,,,analyst provisional coordinates,provisional,best available (NOT DEM-consistent or low confidence) - flagged,1,,nan
br,Neo Química Arena,Arena Corinthians (Neo Química Arena),São Paulo (Itaquera),-23.54525,-46.474278,785.0,799.0,CITY-LEVEL: en.wikipedia 'São Paulo' (mirror hiyuantang/AC215_3H2B): 'average elevation of around 799 meters'; no venue-specific published elevation found,"thatbritguy/world-cup-ics data/2014/worldcup.stadiums.json 'Arena de São Paulo' (-23.54525,-46.474278); corroborated by kentang2017/kinastro (-23.5453,-46.4744). Not present in the Wikidata CSV mirror.",high,batch agent (DEM-consistent),1,-14.0,"Corinthians home, Itaquera district in eastern São Paulo."
COL,Parque Estadio Olaya Herrera,Estadio Enrique Olaya Herrera (Parque Estadio Olaya Herrera),"Bogotá (Rafael Uribe Uribe), Colombia",4.5837,-74.1074,2561.0,2625.0,es.wikipedia 'Bogotá' infobox '| altitud = 2625' - city figure,"guigalhano/jogos-chile-scraper estadios_colombia.js ('Estadio Enrique Olaya Herrera', 4.5837,-74.1074, source noted as 'OpenStreetMap/Wikipedia (localidad Rafael Uribe Uribe, Bogotá)'); corroborated by the adjacent Transmilenio 'Olaya' station at 4.578909,-74.107361 in the Bogotá POI CSV (andrescuco/team-126-dash-app).",medium,batch agent (DEM-consistent),2,-64.0,"Fortaleza FC (3), La Equidad (3), 2024 only. Small municipal park stadium (Cra 21 / Calle 22 Sur area)."
br,Parque Maracaná,Estádio Jornalista Mário Filho (Maracanã),Rio de Janeiro,-22.912167,-43.230164,10.0,,No published venue or usable city altitude found in the accessible mirrors (pt.wikipedia Rio de Janeiro mirror carries no altitude parameter),"Wikidata P625 via GitHub mirror miguelgfierro/ai_projects stadiums_wikidata.csv (Point(-43.230163888 -22.912166666)); corroborated by thatbritguy/world-cup-ics (-22.912222,-43.230278) and davialmeida135 geocoded CSV (-22.9121619,-43.2311861)",high,batch agent (DEM-consistent),1,,Fluminense home match 2019. FBref name 'Parque Maracaná' = Maracanã.
COL,Stadio Zosimades,Zosimades Stadium (Ethniko Stadio Ioanninon 'Oi Zosimades'),"Ioannina, Epirus, GREECE",39.667647,20.848669,491.0,,No source captured this session; Ioannina is generally ~480 m (unverified),"Wikidata-derived CSV (miguelgfierro/ai_projects stadiums_wikidata.csv, PAS Giannina F.C. row, Point(20.848669 39.667647)).",high,batch agent (DEM-consistent),1,,"CLEAR DATA ERROR: a Greek stadium (home of PAS Giannina) is listed as the venue of one Atlético Nacional home match in 2016; there is no plausible way a Colombian league match was played there. Resolved to the real Zosimades Stadium for completeness, but the match's true venue is unknown (most likel"
PER,Villa Deportiva Nacional,Estadio Atlético de la Villa Deportiva Nacional (VIDENA),Lima (San Luis district),-12.0778,-77.0039,170.0,,no confident stadium-specific published figure; Lima city commonly cited at 154 m,"model recall (no web access); VIDENA complex on Av. del Aire, San Luis; validated with DEM",medium,batch agent (DEM-consistent),2,,"Athletics stadium used as a neutral/bubble venue in 2020-2022 by U. César Vallejo, Cantolao, Alianza Universidad, Deportivo Llacuabamba and others. Low-elevation Lima venue."
