Competition_Name,Gender,Country,Season_End_Year,Tier,Round,Wk,Day,Date,Time,Home,HomeGoals,Away,AwayGoals,Attendance,Venue,Referee,Notes,MatchURL
División de Fútbol Profesional,M,BOL,2015,1st,Torneo Apertura,1,Sat,2014-08-09,15:00,The Strongest,1.0,Sport Boys,0.0,,,,,https://fbref.com/en/matches/b5b6e7c9/The-Strongest-Sport-Boys-Warnes-August-9-2014-Liga-Profesional-Boliviano
División de Fútbol Profesional,M,BOL,2015,1st,Torneo Apertura,1,Sat,2014-08-09,18:00,Universitario,3.0,Universitario (P),0.0,,,,,https://fbref.com/en/matches/3b1f0af4/Universitario-de-Sucre-Universitario-de-Pando-August-9-2014-Liga-Profesional-Boliviano
División de Fútbol Profesional,M,BOL,2015,1st,Torneo Apertura,1,Sun,2014-08-10,15:00,Real Potosí,0.0,Oriente Petrolero,0.0,,,,,https://fbref.com/en/matches/f26ac85a/Real-Potosi-Oriente-Petrolero-August-10-2014-Liga-Profesional-Boliviano
División de Fútbol Profesional,M,BOL,2015,1st,Torneo Apertura,1,Sun,2014-08-10,15:30,San José,1.0,Bolívar,0.0,,,,,https://fbref.com/en/matches/0ca851f0/San-Jose-Bolivar-August-10-2014-Liga-Profesional-Boliviano
División de Fútbol Profesional,M,BOL,2015,1st,Torneo Apertura,1,Sun,2014-08-10,17:00,Wilstermann,2.0,Petrolero,2.0,,,,,https://fbref.com/en/matches/b5d892c1/Jorge-Wilstermann-Petrolero-August-10-2014-Liga-Profesional-Boliviano
División de Fútbol Profesional,M,BOL,2015,1st,Torneo Apertura,1,Sun,2014-08-10,19:00,Blooming,2.0,Nacional Potosí,0.0,,,,,https://fbref.com/en/matches/1f639aa4/Blooming-Nacional-Potosi-August-10-2014-Liga-Profesional-Boliviano
División de Fútbol Profesional,M,BOL,2015,1st,Torneo Apertura,2,Fri,2014-08-15,19:30,San José,3.0,The Strongest,3.0,,,,,https://fbref.com/en/matches/b7926190/San-Jose-The-Strongest-August-15-2014-Liga-Profesional-Boliviano
División de Fútbol Profesional,M,BOL,2015,1st,Torneo Apertura,2,Fri,2014-08-15,20:00,Universitario,0.0,Wilstermann,2.0,,,,,https://fbref.com/en/matches/9e36c49b/Universitario-de-Sucre-Jorge-Wilstermann-August-15-2014-Liga-Profesional-Boliviano
División de Fútbol Profesional,M,BOL,2015,1st,Torneo Apertura,2,Sat,2014-08-16,15:00,Sport Boys,1.0,Real Potosí,1.0,,,,,https://fbref.com/en/matches/750a53e1/Sport-Boys-Warnes-Real-Potosi-August-16-2014-Liga-Profesional-Boliviano
División de Fútbol Profesional,M,BOL,2015,1st,Torneo Apertura,2,Sun,2014-08-17,15:00,Nacional Potosí,0.0,Bolívar,2.0,,,,,https://fbref.com/en/matches/6525800d/Nacional-Potosi-Bolivar-August-17-2014-Liga-Profesional-Boliviano
División de Fútbol Profesional,M,BOL,2015,1st,Torneo Apertura,2,Sun,2014-08-17,18:00,Oriente Petrolero,2.0,Universitario (P),0.0,,,,,https://fbref.com/en/matches/a8aba49f/Oriente-Petrolero-Universitario-de-Pando-August-17-2014-Liga-Profesional-Boliviano
División de Fútbol Profesional,M,BOL,2015,1st,Torneo Apertura,2,Mon,2014-08-18,20:30,Blooming,1.0,Petrolero,0.0,,,,,https://fbref.com/en/matches/0e07ad5f/Blooming-Petrolero-August-18-2014-Liga-Profesional-Boliviano
División de Fútbol Profesional,M,BOL,2015,1st,Torneo Apertura,3,Sat,2014-08-23,15:30,Petrolero,1.0,Bolívar,1.0,,,,,https://fbref.com/en/matches/99fa3296/Petrolero-Bolivar-August-23-2014-Liga-Profesional-Boliviano
División de Fútbol Profesional,M,BOL,2015,1st,Torneo Apertura,3,Sat,2014-08-23,18:00,Universitario,0.0,Blooming,1.0,,,,,https://fbref.com/en/matches/3c935792/Universitario-de-Sucre-Blooming-August-23-2014-Liga-Profesional-Boliviano
División de Fútbol Profesional,M,BOL,2015,1st,Torneo Apertura,3,Sun,2014-08-24,15:00,Real Potosí,1.0,The Strongest,0.0,,,,,https://fbref.com/en/matches/d3d42680/Real-Potosi-The-Strongest-August-24-2014-Liga-Profesional-Boliviano
División de Fútbol Profesional,M,BOL,2015,1st,Torneo Apertura,3,Sun,2014-08-24,15:00,Sport Boys,1.0,Universitario (P),3.0,,,,,https://fbref.com/en/matches/dc576853/Sport-Boys-Warnes-Universitario-de-Pando-August-24-2014-Liga-Profesional-Boliviano
División de Fútbol Profesional,M,BOL,2015,1st,Torneo Apertura,3,Sun,2014-08-24,17:00,Wilstermann,2.0,Oriente Petrolero,0.0,,,,,https://fbref.com/en/matches/7193e27e/Jorge-Wilstermann-Oriente-Petrolero-August-24-2014-Liga-Profesional-Boliviano
División de Fútbol Profesional,M,BOL,2015,1st,Torneo Apertura,4,Sat,2014-08-30,15:00,The Strongest,3.0,Universitario (P),1.0,,,,,https://fbref.com/en/matches/6f1ccd6a/The-Strongest-Universitario-de-Pando-August-30-2014-Liga-Profesional-Boliviano
División de Fútbol Profesional,M,BOL,2015,1st,Torneo Apertura,4,Sun,2014-08-31,15:00,Sport Boys,1.0,Wilstermann,1.0,,,,,https://fbref.com/en/matches/03235861/Sport-Boys-Warnes-Jorge-Wilstermann-August-31-2014-Liga-Profesional-Boliviano
División de Fútbol Profesional,M,BOL,2015,1st,Torneo Apertura,4,Sun,2014-08-31,15:00,Petrolero,1.0,Nacional Potosí,5.0,,,,,https://fbref.com/en/matches/cfdfa7db/Petrolero-Nacional-Potosi-August-31-2014-Liga-Profesional-Boliviano
División de Fútbol Profesional,M,BOL,2015,1st,Torneo Apertura,4,Sun,2014-08-31,15:30,Real Potosí,3.0,San José,0.0,,,,,https://fbref.com/en/matches/6171a0ca/Real-Potosi-San-Jose-August-31-2014-Liga-Profesional-Boliviano
División de Fútbol Profesional,M,BOL,2015,1st,Torneo Apertura,4,Sun,2014-08-31,17:00,Universitario,1.0,Bolívar,2.0,,,,,https://fbref.com/en/matches/16e0650c/Universitario-de-Sucre-Bolivar-August-31-2014-Liga-Profesional-Boliviano
División de Fútbol Profesional,M,BOL,2015,1st,Torneo Apertura,4,Sun,2014-08-31,19:00,Oriente Petrolero,2.0,Blooming,0.0,,,,,https://fbref.com/en/matches/06231082/Oriente-Petrolero-Blooming-August-31-2014-Liga-Profesional-Boliviano
División de Fútbol Profesional,M,BOL,2015,1st,Torneo Apertura,5,Sat,2014-09-13,15:30,Bolívar,4.0,Oriente Petrolero,0.0,,,,,https://fbref.com/en/matches/d7f6647f/Bolivar-Oriente-Petrolero-September-13-2014-Liga-Profesional-Boliviano
División de Fútbol Profesional,M,BOL,2015,1st,Torneo Apertura,5,Sun,2014-09-14,15:30,Nacional Potosí,3.0,Universitario,0.0,,,,,https://fbref.com/en/matches/0e9462d0/Nacional-Potosi-Universitario-de-Sucre-September-14-2014-Liga-Profesional-Boliviano
División de Fútbol Profesional,M,BOL,2015,1st,Torneo Apertura,5,Sun,2014-09-14,15:30,San José,4.0,Petrolero,1.0,,,,,https://fbref.com/en/matches/3707dfcd/San-Jose-Petrolero-September-14-2014-Liga-Profesional-Boliviano
División de Fútbol Profesional,M,BOL,2015,1st,Torneo Apertura,5,Sun,2014-09-14,15:45,Universitario (P),0.0,Real Potosí,0.0,,,,,https://fbref.com/en/matches/e9a5d1a5/Universitario-de-Pando-Real-Potosi-September-14-2014-Liga-Profesional-Boliviano
División de Fútbol Profesional,M,BOL,2015,1st,Torneo Apertura,5,Sun,2014-09-14,19:00,Blooming,2.0,Sport Boys,2.0,,,,,https://fbref.com/en/matches/76eaef1e/Blooming-Sport-Boys-Warnes-September-14-2014-Liga-Profesional-Boliviano
División de Fútbol Profesional,M,BOL,2015,1st,Torneo Apertura,5,Mon,2014-09-15,16:00,Wilstermann,1.0,The Strongest,1.0,,,,,https://fbref.com/en/matches/e7a19c3f/Jorge-Wilstermann-The-Strongest-September-15-2014-Liga-Profesional-Boliviano
División de Fútbol Profesional,M,BOL,2015,1st,Torneo Apertura,3,Wed,2014-09-17,20:00,San José,1.0,Nacional Potosí,0.0,,,,,https://fbref.com/en/matches/5036a98e/San-Jose-Nacional-Potosi-September-17-2014-Liga-Profesional-Boliviano
División de Fútbol Profesional,M,BOL,2015,1st,Torneo Apertura,6,Sat,2014-09-20,15:00,The Strongest,4.0,Blooming,0.0,,,,,https://fbref.com/en/matches/472deb81/The-Strongest-Blooming-September-20-2014-Liga-Profesional-Boliviano
División de Fútbol Profesional,M,BOL,2015,1st,Torneo Apertura,6,Sat,2014-09-20,17:00,Universitario,4.0,Petrolero,3.0,,,,,https://fbref.com/en/matches/e845a0d6/Universitario-de-Sucre-Petrolero-September-20-2014-Liga-Profesional-Boliviano
División de Fútbol Profesional,M,BOL,2015,1st,Torneo Apertura,6,Sun,2014-09-21,15:00,Universitario (P),1.0,San José,2.0,,,,,https://fbref.com/en/matches/467f45c8/Universitario-de-Pando-San-Jose-September-21-2014-Liga-Profesional-Boliviano
División de Fútbol Profesional,M,BOL,2015,1st,Torneo Apertura,6,Sun,2014-09-21,15:00,Sport Boys,5.0,Bolívar,0.0,,,,,https://fbref.com/en/matches/b681282f/Sport-Boys-Warnes-Bolivar-September-21-2014-Liga-Profesional-Boliviano
División de Fútbol Profesional,M,BOL,2015,1st,Torneo Apertura,6,Sun,2014-09-21,15:30,Real Potosí,1.0,Wilstermann,0.0,,,,,https://fbref.com/en/matches/f0fd8210/Real-Potosi-Jorge-Wilstermann-September-21-2014-Liga-Profesional-Boliviano
División de Fútbol Profesional,M,BOL,2015,1st,Torneo Apertura,6,Sun,2014-09-21,19:00,Oriente Petrolero,2.0,Nacional Potosí,0.0,,,,,https://fbref.com/en/matches/29125386/Oriente-Petrolero-Nacional-Potosi-September-21-2014-Liga-Profesional-Boliviano
División de Fútbol Profesional,M,BOL,2015,1st,Torneo Apertura,7,Wed,2014-09-24,18:00,Blooming,3.0,Real Potosí,1.0,,,,,https://fbref.com/en/matches/977509c9/Blooming-Real-Potosi-September-24-2014-Liga-Profesional-Boliviano
División de Fútbol Profesional,M,BOL,2015,1st,Torneo Apertura,7,Wed,2014-09-24,20:00,Wilstermann,3.0,Universitario (P),0.0,,,,,https://fbref.com/en/matches/3ef08182/Jorge-Wilstermann-Universitario-de-Pando-September-24-2014-Liga-Profesional-Boliviano
División de Fútbol Profesional,M,BOL,2015,1st,Torneo Apertura,7,Wed,2014-09-24,20:00,Nacional Potosí,0.0,Sport Boys,0.0,,,,,https://fbref.com/en/matches/7c82f250/Nacional-Potosi-Sport-Boys-Warnes-September-24-2014-Liga-Profesional-Boliviano
División de Fútbol Profesional,M,BOL,2015,1st,Torneo Apertura,7,Thu,2014-09-25,15:00,Petrolero,1.0,Oriente Petrolero,1.0,,,,,https://fbref.com/en/matches/45b3511c/Petrolero-Oriente-Petrolero-September-25-2014-Liga-Profesional-Boliviano
División de Fútbol Profesional,M,BOL,2015,1st,Torneo Apertura,8,Sun,2014-09-28,11:00,The Strongest,2.0,Nacional Potosí,0.0,,,,,https://fbref.com/en/matches/5315006d/The-Strongest-Nacional-Potosi-September-28-2014-Liga-Profesional-Boliviano
División de Fútbol Profesional,M,BOL,2015,1st,Torneo Apertura,8,Sun,2014-09-28,15:00,Sport Boys,1.0,Petrolero,2.0,,,,,https://fbref.com/en/matches/0bc8bb64/Sport-Boys-Warnes-Petrolero-September-28-2014-Liga-Profesional-Boliviano
División de Fútbol Profesional,M,BOL,2015,1st,Torneo Apertura,8,Sun,2014-09-28,15:00,Real Potosí,1.0,Bolívar,0.0,,,,,https://fbref.com/en/matches/16fc6d71/Real-Potosi-Bolivar-September-28-2014-Liga-Profesional-Boliviano
División de Fútbol Profesional,M,BOL,2015,1st,Torneo Apertura,8,Sun,2014-09-28,15:00,Universitario (P),2.0,Blooming,2.0,,,,,https://fbref.com/en/matches/b900bdf3/Universitario-de-Pando-Blooming-September-28-2014-Liga-Profesional-Boliviano
División de Fútbol Profesional,M,BOL,2015,1st,Torneo Apertura,8,Sun,2014-09-28,17:00,Wilstermann,2.0,San José,1.0,,,,,https://fbref.com/en/matches/d27fd257/Jorge-Wilstermann-San-Jose-September-28-2014-Liga-Profesional-Boliviano
División de Fútbol Profesional,M,BOL,2015,1st,Torneo Apertura,8,Sun,2014-09-28,19:40,Oriente Petrolero,4.0,Universitario,0.0,,,,,https://fbref.com/en/matches/f28c61fc/Oriente-Petrolero-Universitario-de-Sucre-September-28-2014-Liga-Profesional-Boliviano
División de Fútbol Profesional,M,BOL,2015,1st,Torneo Apertura,9,Wed,2014-10-01,15:00,Petrolero,2.0,The Strongest,1.0,,,,,https://fbref.com/en/matches/797124df/Petrolero-The-Strongest-October-1-2014-Liga-Profesional-Boliviano
División de Fútbol Profesional,M,BOL,2015,1st,Torneo Apertura,9,Wed,2014-10-01,20:00,San José,3.0,Oriente Petrolero,0.0,,,,,https://fbref.com/en/matches/654f68c6/San-Jose-Oriente-Petrolero-October-1-2014-Liga-Profesional-Boliviano
División de Fútbol Profesional,M,BOL,2015,1st,Torneo Apertura,9,Thu,2014-10-02,15:00,Bolívar,4.0,Universitario (P),0.0,,,,,https://fbref.com/en/matches/f9432502/Bolivar-Universitario-de-Pando-October-2-2014-Liga-Profesional-Boliviano
División de Fútbol Profesional,M,BOL,2015,1st,Torneo Apertura,9,Thu,2014-10-02,20:00,Universitario,1.0,Sport Boys,0.0,,,,,https://fbref.com/en/matches/b9e0c466/Universitario-de-Sucre-Sport-Boys-Warnes-October-2-2014-Liga-Profesional-Boliviano
División de Fútbol Profesional,M,BOL,2015,1st,Torneo Apertura,9,Thu,2014-10-02,20:00,Nacional Potosí,1.0,Real Potosí,0.0,,,,,https://fbref.com/en/matches/d712daa3/Nacional-Potosi-Real-Potosi-October-2-2014-Liga-Profesional-Boliviano
División de Fútbol Profesional,M,BOL,2015,1st,Torneo Apertura,9,Thu,2014-10-02,20:30,Blooming,1.0,Wilstermann,1.0,,,,,https://fbref.com/en/matches/ed7af2db/Blooming-Jorge-Wilstermann-October-2-2014-Liga-Profesional-Boliviano
División de Fútbol Profesional,M,BOL,2015,1st,Torneo Apertura,10,Sun,2014-10-05,11:00,The Strongest,0.0,Universitario,1.0,,,,,https://fbref.com/en/matches/1f01fd71/The-Strongest-Universitario-de-Sucre-October-5-2014-Liga-Profesional-Boliviano
División de Fútbol Profesional,M,BOL,2015,1st,Torneo Apertura,10,Sun,2014-10-05,15:00,Sport Boys,1.0,Oriente Petrolero,1.0,,,,,https://fbref.com/en/matches/0608913e/Sport-Boys-Warnes-Oriente-Petrolero-October-5-2014-Liga-Profesional-Boliviano
División de Fútbol Profesional,M,BOL,2015,1st,Torneo Apertura,10,Sun,2014-10-05,15:00,Universitario (P),1.0,Nacional Potosí,0.0,,,,,https://fbref.com/en/matches/7ab0ae81/Universitario-de-Pando-Nacional-Potosi-October-5-2014-Liga-Profesional-Boliviano
División de Fútbol Profesional,M,BOL,2015,1st,Torneo Apertura,10,Sun,2014-10-05,17:00,Wilstermann,0.0,Bolívar,0.0,,,,,https://fbref.com/en/matches/13f92e17/Jorge-Wilstermann-Bolivar-October-5-2014-Liga-Profesional-Boliviano
División de Fútbol Profesional,M,BOL,2015,1st,Torneo Apertura,10,Sun,2014-10-05,19:00,Blooming,3.0,San José,1.0,,,,,https://fbref.com/en/matches/dd328da3/Blooming-San-Jose-October-5-2014-Liga-Profesional-Boliviano
División de Fútbol Profesional,M,BOL,2015,1st,Torneo Apertura,10,Mon,2014-10-06,20:00,Real Potosí,2.0,Petrolero,3.0,,,,,https://fbref.com/en/matches/79856dcf/Real-Potosi-Petrolero-October-6-2014-Liga-Profesional-Boliviano
División de Fútbol Profesional,M,BOL,2015,1st,Torneo Apertura,11,Sat,2014-10-18,15:00,Bolívar,4.0,Blooming,3.0,,,,,https://fbref.com/en/matches/613bcae9/Bolivar-Blooming-October-18-2014-Liga-Profesional-Boliviano
División de Fútbol Profesional,M,BOL,2015,1st,Torneo Apertura,11,Sat,2014-10-18,15:00,Petrolero,2.0,Universitario (P),1.0,,,,,https://fbref.com/en/matches/e96a4f60/Petrolero-Universitario-de-Pando-October-18-2014-Liga-Profesional-Boliviano
División de Fútbol Profesional,M,BOL,2015,1st,Torneo Apertura,11,Sun,2014-10-19,15:00,San José,2.0,Sport Boys,0.0,,,,,https://fbref.com/en/matches/0df207a9/San-Jose-Sport-Boys-Warnes-October-19-2014-Liga-Profesional-Boliviano
División de Fútbol Profesional,M,BOL,2015,1st,Torneo Apertura,11,Sun,2014-10-19,15:00,Nacional Potosí,1.0,Wilstermann,2.0,,,,,https://fbref.com/en/matches/64ee644d/Nacional-Potosi-Jorge-Wilstermann-October-19-2014-Liga-Profesional-Boliviano
División de Fútbol Profesional,M,BOL,2015,1st,Torneo Apertura,11,Sun,2014-10-19,17:00,Universitario,0.0,Real Potosí,0.0,,,,,https://fbref.com/en/matches/a992f950/Universitario-de-Sucre-Real-Potosi-October-19-2014-Liga-Profesional-Boliviano
División de Fútbol Profesional,M,BOL,2015,1st,Torneo Apertura,11,Sun,2014-10-19,19:00,Oriente Petrolero,2.0,The Strongest,0.0,,,,,https://fbref.com/en/matches/82d278b9/Oriente-Petrolero-The-Strongest-October-19-2014-Liga-Profesional-Boliviano
División de Fútbol Profesional,M,BOL,2015,1st,Torneo Apertura,12,Wed,2014-10-22,15:00,Universitario (P),2.0,Universitario,3.0,,,,,https://fbref.com/en/matches/460586f3/Universitario-de-Pando-Universitario-de-Sucre-October-22-2014-Liga-Profesional-Boliviano
División de Fútbol Profesional,M,BOL,2015,1st,Torneo Apertura,12,Wed,2014-10-22,15:00,Petrolero,1.0,Wilstermann,1.0,,,,,https://fbref.com/en/matches/5344c95a/Petrolero-Jorge-Wilstermann-October-22-2014-Liga-Profesional-Boliviano
División de Fútbol Profesional,M,BOL,2015,1st,Torneo Apertura,12,Wed,2014-10-22,20:00,Bolívar,6.0,San José,1.0,,,,,https://fbref.com/en/matches/4b2412a7/Bolivar-San-Jose-October-22-2014-Liga-Profesional-Boliviano
División de Fútbol Profesional,M,BOL,2015,1st,Torneo Apertura,12,Thu,2014-10-23,15:00,Sport Boys,1.0,The Strongest,1.0,,,,,https://fbref.com/en/matches/7eccbc39/Sport-Boys-Warnes-The-Strongest-October-23-2014-Liga-Profesional-Boliviano
División de Fútbol Profesional,M,BOL,2015,1st,Torneo Apertura,12,Thu,2014-10-23,20:00,Nacional Potosí,0.0,Blooming,0.0,,,,,https://fbref.com/en/matches/1cfeed9d/Nacional-Potosi-Blooming-October-23-2014-Liga-Profesional-Boliviano
División de Fútbol Profesional,M,BOL,2015,1st,Torneo Apertura,12,Thu,2014-10-23,20:30,Oriente Petrolero,2.0,Real Potosí,1.0,,,,,https://fbref.com/en/matches/fe403c70/Oriente-Petrolero-Real-Potosi-October-23-2014-Liga-Profesional-Boliviano
División de Fútbol Profesional,M,BOL,2015,1st,Torneo Apertura,13,Sat,2014-10-25,21:30,Bolívar,3.0,Nacional Potosí,3.0,,,,,https://fbref.com/en/matches/81734969/Bolivar-Nacional-Potosi-October-25-2014-Liga-Profesional-Boliviano
División de Fútbol Profesional,M,BOL,2015,1st,Torneo Apertura,13,Sun,2014-10-26,15:00,Real Potosí,1.0,Sport Boys,0.0,,,,,https://fbref.com/en/matches/268a0853/Real-Potosi-Sport-Boys-Warnes-October-26-2014-Liga-Profesional-Boliviano
División de Fútbol Profesional,M,BOL,2015,1st,Torneo Apertura,13,Sun,2014-10-26,15:00,Universitario (P),0.0,Oriente Petrolero,1.0,,,,,https://fbref.com/en/matches/94132c3b/Universitario-de-Pando-Oriente-Petrolero-October-26-2014-Liga-Profesional-Boliviano
División de Fútbol Profesional,M,BOL,2015,1st,Torneo Apertura,13,Sun,2014-10-26,16:00,Wilstermann,2.0,Universitario,1.0,,,,,https://fbref.com/en/matches/01b91293/Jorge-Wilstermann-Universitario-de-Sucre-October-26-2014-Liga-Profesional-Boliviano
División de Fútbol Profesional,M,BOL,2015,1st,Torneo Apertura,13,Sun,2014-10-26,17:00,The Strongest,1.0,San José,0.0,,,,,https://fbref.com/en/matches/e7376799/The-Strongest-San-Jose-October-26-2014-Liga-Profesional-Boliviano
División de Fútbol Profesional,M,BOL,2015,1st,Torneo Apertura,13,Mon,2014-10-27,15:00,Petrolero,0.0,Blooming,1.0,,,,,https://fbref.com/en/matches/af6ad8c8/Petrolero-Blooming-October-27-2014-Liga-Profesional-Boliviano
División de Fútbol Profesional,M,BOL,2015,1st,Torneo Apertura,7,Wed,2014-10-29,20:00,Bolívar,4.0,The Strongest,2.0,,,,,https://fbref.com/en/matches/a3519d4d/Bolivar-The-Strongest-October-29-2014-Liga-Profesional-Boliviano
División de Fútbol Profesional,M,BOL,2015,1st,Torneo Apertura,7,Wed,2014-10-29,20:00,San José,3.0,Universitario,1.0,,,,,https://fbref.com/en/matches/bf0dda6f/San-Jose-Universitario-de-Sucre-October-29-2014-Liga-Profesional-Boliviano
División de Fútbol Profesional,M,BOL,2015,1st,Torneo Apertura,14,Sat,2014-11-01,15:00,Universitario (P),0.0,Sport Boys,0.0,,,,,https://fbref.com/en/matches/40a96a5e/Universitario-de-Pando-Sport-Boys-Warnes-November-1-2014-Liga-Profesional-Boliviano
División de Fútbol Profesional,M,BOL,2015,1st,Torneo Apertura,14,Sat,2014-11-01,15:00,The Strongest,0.0,Real Potosí,2.0,,,,,https://fbref.com/en/matches/e74d31b0/The-Strongest-Real-Potosi-November-1-2014-Liga-Profesional-Boliviano
División de Fútbol Profesional,M,BOL,2015,1st,Torneo Apertura,14,Sat,2014-11-01,17:00,Blooming,1.0,Universitario,2.0,,,,,https://fbref.com/en/matches/bb112d44/Blooming-Universitario-de-Sucre-November-1-2014-Liga-Profesional-Boliviano
División de Fútbol Profesional,M,BOL,2015,1st,Torneo Apertura,14,Sun,2014-11-02,15:00,Nacional Potosí,2.0,San José,0.0,,,,,https://fbref.com/en/matches/7c849cfe/Nacional-Potosi-San-Jose-November-2-2014-Liga-Profesional-Boliviano
División de Fútbol Profesional,M,BOL,2015,1st,Torneo Apertura,14,Sun,2014-11-02,16:00,Bolívar,2.0,Petrolero,0.0,,,,,https://fbref.com/en/matches/0f37c9d8/Bolivar-Petrolero-November-2-2014-Liga-Profesional-Boliviano
División de Fútbol Profesional,M,BOL,2015,1st,Torneo Apertura,14,Sun,2014-11-02,17:00,Oriente Petrolero,2.0,Wilstermann,0.0,,,,,https://fbref.com/en/matches/bdfb03b2/Oriente-Petrolero-Jorge-Wilstermann-November-2-2014-Liga-Profesional-Boliviano
División de Fútbol Profesional,M,BOL,2015,1st,Torneo Apertura,15,Wed,2014-11-05,15:00,Sport Boys,1.0,Nacional Potosí,1.0,,,,,https://fbref.com/en/matches/6c2aa697/Sport-Boys-Warnes-Nacional-Potosi-November-5-2014-Liga-Profesional-Boliviano
División de Fútbol Profesional,M,BOL,2015,1st,Torneo Apertura,15,Wed,2014-11-05,20:00,Universitario,1.0,San José,0.0,,,,,https://fbref.com/en/matches/a98a355c/Universitario-de-Sucre-San-Jose-November-5-2014-Liga-Profesional-Boliviano
División de Fútbol Profesional,M,BOL,2015,1st,Torneo Apertura,15,Wed,2014-11-05,20:00,Real Potosí,1.0,Blooming,1.0,,,,,https://fbref.com/en/matches/e1c25a3b/Real-Potosi-Blooming-November-5-2014-Liga-Profesional-Boliviano
División de Fútbol Profesional,M,BOL,2015,1st,Torneo Apertura,15,Wed,2014-11-05,20:30,Oriente Petrolero,4.0,Petrolero,0.0,,,,,https://fbref.com/en/matches/3fbc493e/Oriente-Petrolero-Petrolero-November-5-2014-Liga-Profesional-Boliviano
División de Fútbol Profesional,M,BOL,2015,1st,Torneo Apertura,15,Thu,2014-11-06,15:00,Universitario (P),1.0,Wilstermann,2.0,,,,,https://fbref.com/en/matches/b647fc82/Universitario-de-Pando-Jorge-Wilstermann-November-6-2014-Liga-Profesional-Boliviano
División de Fútbol Profesional,M,BOL,2015,1st,Torneo Apertura,16,Sat,2014-11-08,15:00,Petrolero,3.0,San José,0.0,,,,,https://fbref.com/en/matches/0c7e1726/Petrolero-San-Jose-November-8-2014-Liga-Profesional-Boliviano
División de Fútbol Profesional,M,BOL,2015,1st,Torneo Apertura,16,Sun,2014-11-09,15:00,Sport Boys,1.0,Blooming,1.0,,,,,https://fbref.com/en/matches/b0300ee9/Sport-Boys-Warnes-Blooming-November-9-2014-Liga-Profesional-Boliviano
División de Fútbol Profesional,M,BOL,2015,1st,Torneo Apertura,16,Sun,2014-11-09,15:00,The Strongest,4.0,Wilstermann,1.0,,,,,https://fbref.com/en/matches/c08a731f/The-Strongest-Jorge-Wilstermann-November-9-2014-Liga-Profesional-Boliviano
División de Fútbol Profesional,M,BOL,2015,1st,Torneo Apertura,16,Sun,2014-11-09,15:30,Real Potosí,1.0,Universitario (P),0.0,,,,,https://fbref.com/en/matches/4d0da3e3/Real-Potosi-Universitario-de-Pando-November-9-2014-Liga-Profesional-Boliviano
División de Fútbol Profesional,M,BOL,2015,1st,Torneo Apertura,16,Sun,2014-11-09,17:00,Universitario,2.0,Nacional Potosí,1.0,,,,,https://fbref.com/en/matches/41bf59b9/Universitario-de-Sucre-Nacional-Potosi-November-9-2014-Liga-Profesional-Boliviano
División de Fútbol Profesional,M,BOL,2015,1st,Torneo Apertura,16,Sun,2014-11-09,19:00,Oriente Petrolero,1.0,Bolívar,0.0,,,,,https://fbref.com/en/matches/cb594c57/Oriente-Petrolero-Bolivar-November-9-2014-Liga-Profesional-Boliviano
División de Fútbol Profesional,M,BOL,2015,1st,Torneo Apertura,17,Wed,2014-11-12,20:00,Bolívar,5.0,Sport Boys,1.0,,,,,https://fbref.com/en/matches/afaf51d5/Bolivar-Sport-Boys-Warnes-November-12-2014-Liga-Profesional-Boliviano
División de Fútbol Profesional,M,BOL,2015,1st,Torneo Apertura,17,Wed,2014-11-12,20:00,Nacional Potosí,1.0,Oriente Petrolero,0.0,,,,,https://fbref.com/en/matches/edd9aff6/Nacional-Potosi-Oriente-Petrolero-November-12-2014-Liga-Profesional-Boliviano
División de Fútbol Profesional,M,BOL,2015,1st,Torneo Apertura,17,Wed,2014-11-12,20:30,Blooming,0.0,The Strongest,1.0,,,,,https://fbref.com/en/matches/8cbbf039/Blooming-The-Strongest-November-12-2014-Liga-Profesional-Boliviano
División de Fútbol Profesional,M,BOL,2015,1st,Torneo Apertura,17,Thu,2014-11-13,20:00,Wilstermann,1.0,Real Potosí,0.0,,,,,https://fbref.com/en/matches/5058a1dc/Jorge-Wilstermann-Real-Potosi-November-13-2014-Liga-Profesional-Boliviano
División de Fútbol Profesional,M,BOL,2015,1st,Torneo Apertura,17,Thu,2014-11-13,20:00,San José,2.0,Universitario (P),1.0,,,,,https://fbref.com/en/matches/f3c104ee/San-Jose-Universitario-de-Pando-November-13-2014-Liga-Profesional-Boliviano
División de Fútbol Profesional,M,BOL,2015,1st,Torneo Apertura,17,Sun,2014-11-16,15:30,Petrolero,2.0,Universitario,1.0,,,,,https://fbref.com/en/matches/d72cae6f/Petrolero-Universitario-de-Sucre-November-16-2014-Liga-Profesional-Boliviano
División de Fútbol Profesional,M,BOL,2015,1st,Torneo Apertura,18,Sat,2014-11-22,15:30,San José,6.0,Real Potosí,2.0,,,,,https://fbref.com/en/matches/99326708/San-Jose-Real-Potosi-November-22-2014-Liga-Profesional-Boliviano
División de Fútbol Profesional,M,BOL,2015,1st,Torneo Apertura,18,Sat,2014-11-22,20:00,Wilstermann,1.0,Sport Boys,2.0,,,,,https://fbref.com/en/matches/bfa76422/Jorge-Wilstermann-Sport-Boys-Warnes-November-22-2014-Liga-Profesional-Boliviano
División de Fútbol Profesional,M,BOL,2015,1st,Torneo Apertura,18,Sun,2014-11-23,15:00,Universitario (P),1.0,The Strongest,3.0,,,,,https://fbref.com/en/matches/4c3cffb8/Universitario-de-Pando-The-Strongest-November-23-2014-Liga-Profesional-Boliviano
División de Fútbol Profesional,M,BOL,2015,1st,Torneo Apertura,18,Sun,2014-11-23,15:00,Nacional Potosí,3.0,Petrolero,1.0,,,,,https://fbref.com/en/matches/b4772c47/Nacional-Potosi-Petrolero-November-23-2014-Liga-Profesional-Boliviano
División de Fútbol Profesional,M,BOL,2015,1st,Torneo Apertura,18,Sun,2014-11-23,16:00,Bolívar,2.0,Universitario,1.0,,,,,https://fbref.com/en/matches/3b944cd8/Bolivar-Universitario-de-Sucre-November-23-2014-Liga-Profesional-Boliviano
División de Fútbol Profesional,M,BOL,2015,1st,Torneo Apertura,18,Sun,2014-11-23,19:00,Blooming,3.0,Oriente Petrolero,2.0,,,,,https://fbref.com/en/matches/acc46d7d/Blooming-Oriente-Petrolero-November-23-2014-Liga-Profesional-Boliviano
División de Fútbol Profesional,M,BOL,2015,1st,Torneo Apertura,15,Wed,2014-11-26,20:00,The Strongest,1.0,Bolívar,1.0,,,,,https://fbref.com/en/matches/9511f3f9/The-Strongest-Bolivar-November-26-2014-Liga-Profesional-Boliviano
División de Fútbol Profesional,M,BOL,2015,1st,Torneo Apertura,19,Sat,2014-11-29,15:30,Petrolero,0.0,Sport Boys,0.0,,,,,https://fbref.com/en/matches/d37e5ca5/Petrolero-Sport-Boys-Warnes-November-29-2014-Liga-Profesional-Boliviano
División de Fútbol Profesional,M,BOL,2015,1st,Torneo Apertura,19,Sun,2014-11-30,15:00,Nacional Potosí,1.0,The Strongest,3.0,,,,,https://fbref.com/en/matches/4d5aced7/Nacional-Potosi-The-Strongest-November-30-2014-Liga-Profesional-Boliviano
División de Fútbol Profesional,M,BOL,2015,1st,Torneo Apertura,19,Sun,2014-11-30,15:00,San José,2.0,Wilstermann,0.0,,,,,https://fbref.com/en/matches/8362700c/San-Jose-Jorge-Wilstermann-November-30-2014-Liga-Profesional-Boliviano
División de Fútbol Profesional,M,BOL,2015,1st,Torneo Apertura,19,Sun,2014-11-30,16:00,Bolívar,6.0,Real Potosí,1.0,,,,,https://fbref.com/en/matches/39ef5a52/Bolivar-Real-Potosi-November-30-2014-Liga-Profesional-Boliviano
División de Fútbol Profesional,M,BOL,2015,1st,Torneo Apertura,19,Sun,2014-11-30,19:00,Blooming,3.0,Universitario (P),0.0,,,,,https://fbref.com/en/matches/1b26d3cc/Blooming-Universitario-de-Pando-November-30-2014-Liga-Profesional-Boliviano
División de Fútbol Profesional,M,BOL,2015,1st,Torneo Apertura,19,Mon,2014-12-01,17:00,Universitario,0.0,Oriente Petrolero,2.0,,,,,https://fbref.com/en/matches/f1f87154/Universitario-de-Sucre-Oriente-Petrolero-December-1-2014-Liga-Profesional-Boliviano
División de Fútbol Profesional,M,BOL,2015,1st,Torneo Apertura,20,Sat,2014-12-06,15:15,Sport Boys,1.0,Universitario,1.0,,,,,https://fbref.com/en/matches/c21ee654/Sport-Boys-Warnes-Universitario-de-Sucre-December-6-2014-Liga-Profesional-Boliviano
División de Fútbol Profesional,M,BOL,2015,1st,Torneo Apertura,20,Sat,2014-12-06,20:00,Wilstermann,1.0,Blooming,1.0,,,,,https://fbref.com/en/matches/0b316b27/Jorge-Wilstermann-Blooming-December-6-2014-Liga-Profesional-Boliviano
División de Fútbol Profesional,M,BOL,2015,1st,Torneo Apertura,20,Sun,2014-12-07,15:00,Universitario (P),0.0,Bolívar,2.0,,,,,https://fbref.com/en/matches/5f82b8a8/Universitario-de-Pando-Bolivar-December-7-2014-Liga-Profesional-Boliviano
División de Fútbol Profesional,M,BOL,2015,1st,Torneo Apertura,20,Sun,2014-12-07,15:00,The Strongest,4.0,Petrolero,0.0,,,,,https://fbref.com/en/matches/ff55a367/The-Strongest-Petrolero-December-7-2014-Liga-Profesional-Boliviano
División de Fútbol Profesional,M,BOL,2015,1st,Torneo Apertura,20,Sun,2014-12-07,15:30,Real Potosí,2.0,Nacional Potosí,2.0,,,,,https://fbref.com/en/matches/7524a3ae/Real-Potosi-Nacional-Potosi-December-7-2014-Liga-Profesional-Boliviano
División de Fútbol Profesional,M,BOL,2015,1st,Torneo Apertura,20,Sun,2014-12-07,19:00,Oriente Petrolero,1.0,San José,0.0,,,,,https://fbref.com/en/matches/76813d78/Oriente-Petrolero-San-Jose-December-7-2014-Liga-Profesional-Boliviano
División de Fútbol Profesional,M,BOL,2015,1st,Torneo Apertura,22,Wed,2014-12-10,20:10,Real Potosí,2.0,Universitario,0.0,,,,,https://fbref.com/en/matches/5c38af1a/Real-Potosi-Universitario-de-Sucre-December-10-2014-Liga-Profesional-Boliviano
División de Fútbol Profesional,M,BOL,2015,1st,Torneo Apertura,21,Sat,2014-12-13,15:30,Nacional Potosí,3.0,Universitario (P),2.0,,,,,https://fbref.com/en/matches/9c778835/Nacional-Potosi-Universitario-de-Pando-December-13-2014-Liga-Profesional-Boliviano
División de Fútbol Profesional,M,BOL,2015,1st,Torneo Apertura,21,Sat,2014-12-13,15:30,Petrolero,2.0,Real Potosí,0.0,,,,,https://fbref.com/en/matches/b68bcf6e/Petrolero-Real-Potosi-December-13-2014-Liga-Profesional-Boliviano
División de Fútbol Profesional,M,BOL,2015,1st,Torneo Apertura,21,Sun,2014-12-14,15:00,Universitario,3.0,The Strongest,2.0,,,,,https://fbref.com/en/matches/6d17bf38/Universitario-de-Sucre-The-Strongest-December-14-2014-Liga-Profesional-Boliviano
División de Fútbol Profesional,M,BOL,2015,1st,Torneo Apertura,21,Sun,2014-12-14,15:00,San José,2.0,Blooming,0.0,,,,,https://fbref.com/en/matches/eecd1396/San-Jose-Blooming-December-14-2014-Liga-Profesional-Boliviano
División de Fútbol Profesional,M,BOL,2015,1st,Torneo Apertura,21,Sun,2014-12-14,17:10,Bolívar,1.0,Wilstermann,0.0,,,,,https://fbref.com/en/matches/b15b4d0b/Bolivar-Jorge-Wilstermann-December-14-2014-Liga-Profesional-Boliviano
División de Fútbol Profesional,M,BOL,2015,1st,Torneo Apertura,21,Sun,2014-12-14,17:10,Oriente Petrolero,3.0,Sport Boys,0.0,,,,,https://fbref.com/en/matches/e4ebe9ba/Oriente-Petrolero-Sport-Boys-Warnes-December-14-2014-Liga-Profesional-Boliviano
División de Fútbol Profesional,M,BOL,2015,1st,Torneo Apertura,22,Wed,2014-12-17,15:00,Sport Boys,2.0,San José,0.0,,,,,https://fbref.com/en/matches/b1370325/Sport-Boys-Warnes-San-Jose-December-17-2014-Liga-Profesional-Boliviano
División de Fútbol Profesional,M,BOL,2015,1st,Torneo Apertura,22,Sun,2014-12-21,15:00,Universitario (P),2.0,Petrolero,0.0,,,,,https://fbref.com/en/matches/97eac313/Universitario-de-Pando-Petrolero-December-21-2014-Liga-Profesional-Boliviano
División de Fútbol Profesional,M,BOL,2015,1st,Torneo Apertura,22,Sun,2014-12-21,15:00,Wilstermann,5.0,Nacional Potosí,2.0,,,,,https://fbref.com/en/matches/ee010a38/Jorge-Wilstermann-Nacional-Potosi-December-21-2014-Liga-Profesional-Boliviano
División de Fútbol Profesional,M,BOL,2015,1st,Torneo Apertura,22,Sun,2014-12-21,17:00,The Strongest,2.0,Oriente Petrolero,1.0,,,,,https://fbref.com/en/matches/6d724de3/The-Strongest-Oriente-Petrolero-December-21-2014-Liga-Profesional-Boliviano
División de Fútbol Profesional,M,BOL,2015,1st,Torneo Apertura,22,Sun,2014-12-21,17:00,Blooming,0.0,Bolívar,3.0,,,,,https://fbref.com/en/matches/d368c9f6/Blooming-Bolivar-December-21-2014-Liga-Profesional-Boliviano
División de Fútbol Profesional,M,BOL,2015,1st,Torneo Clausura,1,Fri,2015-01-16,20:00,The Strongest,2.0,Nacional Potosí,2.0,,,,,https://fbref.com/en/matches/707953cd/The-Strongest-Nacional-Potosi-January-16-2015-Liga-Profesional-Boliviano
División de Fútbol Profesional,M,BOL,2015,1st,Torneo Clausura,1,Sat,2015-01-17,15:00,Petrolero,3.0,Universitario,0.0,,,,,https://fbref.com/en/matches/301ea5bc/Petrolero-Universitario-de-Sucre-January-17-2015-Liga-Profesional-Boliviano
División de Fútbol Profesional,M,BOL,2015,1st,Torneo Clausura,1,Sat,2015-01-17,15:00,Universitario (P),1.0,Oriente Petrolero,6.0,,,,,https://fbref.com/en/matches/50b965fc/Universitario-de-Pando-Oriente-Petrolero-January-17-2015-Liga-Profesional-Boliviano
División de Fútbol Profesional,M,BOL,2015,1st,Torneo Clausura,1,Sun,2015-01-18,15:00,San José,1.0,Wilstermann,1.0,,,,,https://fbref.com/en/matches/0282656c/San-Jose-Jorge-Wilstermann-January-18-2015-Liga-Profesional-Boliviano
División de Fútbol Profesional,M,BOL,2015,1st,Torneo Clausura,1,Sun,2015-01-18,17:15,Real Potosí,0.0,Bolívar,2.0,,,,,https://fbref.com/en/matches/3eab655f/Real-Potosi-Bolivar-January-18-2015-Liga-Profesional-Boliviano
División de Fútbol Profesional,M,BOL,2015,1st,Torneo Clausura,1,Sun,2015-01-18,19:30,Blooming,2.0,Sport Boys,0.0,,,,,https://fbref.com/en/matches/7f518dec/Blooming-Sport-Boys-Warnes-January-18-2015-Liga-Profesional-Boliviano
División de Fútbol Profesional,M,BOL,2015,1st,Torneo Clausura,2,Fri,2015-01-23,20:00,Universitario,1.0,Real Potosí,0.0,,,,,https://fbref.com/en/matches/da9653cc/Universitario-de-Sucre-Real-Potosi-January-23-2015-Liga-Profesional-Boliviano
División de Fútbol Profesional,M,BOL,2015,1st,Torneo Clausura,2,Sat,2015-01-24,15:00,Sport Boys,1.0,The Strongest,2.0,,,,,https://fbref.com/en/matches/7fa4f6e6/Sport-Boys-Warnes-The-Strongest-January-24-2015-Liga-Profesional-Boliviano
División de Fútbol Profesional,M,BOL,2015,1st,Torneo Clausura,2,Sat,2015-01-24,17:00,Blooming,1.0,Universitario (P),1.0,,,,,https://fbref.com/en/matches/c068d4a9/Blooming-Universitario-de-Pando-January-24-2015-Liga-Profesional-Boliviano
División de Fútbol Profesional,M,BOL,2015,1st,Torneo Clausura,2,Sun,2015-01-25,15:00,Nacional Potosí,2.0,San José,3.0,,,,,https://fbref.com/en/matches/5648808b/Nacional-Potosi-San-Jose-January-25-2015-Liga-Profesional-Boliviano
División de Fútbol Profesional,M,BOL,2015,1st,Torneo Clausura,2,Sun,2015-01-25,16:00,Bolívar,2.0,Oriente Petrolero,1.0,,,,,https://fbref.com/en/matches/85dfb17b/Bolivar-Oriente-Petrolero-January-25-2015-Liga-Profesional-Boliviano
División de Fútbol Profesional,M,BOL,2015,1st,Torneo Clausura,2,Sun,2015-01-25,17:15,Wilstermann,0.0,Petrolero,0.0,,,,,https://fbref.com/en/matches/26672acd/Jorge-Wilstermann-Petrolero-January-25-2015-Liga-Profesional-Boliviano
División de Fútbol Profesional,M,BOL,2015,1st,Torneo Clausura,3,Wed,2015-01-28,15:00,Universitario (P),1.0,Bolívar,2.0,,,,,https://fbref.com/en/matches/9f2f3bc3/Universitario-de-Pando-Bolivar-January-28-2015-Liga-Profesional-Boliviano
División de Fútbol Profesional,M,BOL,2015,1st,Torneo Clausura,3,Wed,2015-01-28,19:00,Real Potosí,1.0,Wilstermann,1.0,,,,,https://fbref.com/en/matches/060155da/Real-Potosi-Jorge-Wilstermann-January-28-2015-Liga-Profesional-Boliviano
División de Fútbol Profesional,M,BOL,2015,1st,Torneo Clausura,3,Wed,2015-01-28,20:00,The Strongest,1.0,Blooming,1.0,,,,,https://fbref.com/en/matches/2dd5a6e6/The-Strongest-Blooming-January-28-2015-Liga-Profesional-Boliviano
División de Fútbol Profesional,M,BOL,2015,1st,Torneo Clausura,3,Thu,2015-01-29,15:30,Petrolero,0.0,Nacional Potosí,0.0,,,,,https://fbref.com/en/matches/304a5b18/Petrolero-Nacional-Potosi-January-29-2015-Liga-Profesional-Boliviano
División de Fútbol Profesional,M,BOL,2015,1st,Torneo Clausura,3,Thu,2015-01-29,20:00,San José,2.0,Sport Boys,1.0,,,,,https://fbref.com/en/matches/cab0be8e/San-Jose-Sport-Boys-Warnes-January-29-2015-Liga-Profesional-Boliviano
División de Fútbol Profesional,M,BOL,2015,1st,Torneo Clausura,3,Thu,2015-01-29,20:30,Oriente Petrolero,2.0,Universitario,2.0,,,,,https://fbref.com/en/matches/d58a5c8e/Oriente-Petrolero-Universitario-de-Sucre-January-29-2015-Liga-Profesional-Boliviano
División de Fútbol Profesional,M,BOL,2015,1st,Torneo Clausura,4,Sat,2015-01-31,15:00,The Strongest,5.0,Universitario (P),0.0,,,,,https://fbref.com/en/matches/3541d492/The-Strongest-Universitario-de-Pando-January-31-2015-Liga-Profesional-Boliviano
División de Fútbol Profesional,M,BOL,2015,1st,Torneo Clausura,4,Sun,2015-02-01,15:00,Nacional Potosí,2.0,Real Potosí,2.0,,,,,https://fbref.com/en/matches/40353960/Nacional-Potosi-Real-Potosi-February-1-2015-Liga-Profesional-Boliviano
División de Fútbol Profesional,M,BOL,2015,1st,Torneo Clausura,4,Sun,2015-02-01,16:00,Wilstermann,1.0,Oriente Petrolero,1.0,,,,,https://fbref.com/en/matches/a97d7f57/Jorge-Wilstermann-Oriente-Petrolero-February-1-2015-Liga-Profesional-Boliviano
División de Fútbol Profesional,M,BOL,2015,1st,Torneo Clausura,4,Sun,2015-02-01,17:15,Universitario,2.0,Bolívar,2.0,,,,,https://fbref.com/en/matches/0b5523d4/Universitario-de-Sucre-Bolivar-February-1-2015-Liga-Profesional-Boliviano
División de Fútbol Profesional,M,BOL,2015,1st,Torneo Clausura,4,Sun,2015-02-01,19:30,Blooming,2.0,San José,2.0,,,,,https://fbref.com/en/matches/2d43e9cd/Blooming-San-Jose-February-1-2015-Liga-Profesional-Boliviano
División de Fútbol Profesional,M,BOL,2015,1st,Torneo Clausura,4,Mon,2015-02-02,15:30,Sport Boys,1.0,Petrolero,2.0,,,,,https://fbref.com/en/matches/5f87d656/Sport-Boys-Warnes-Petrolero-February-2-2015-Liga-Profesional-Boliviano
División de Fútbol Profesional,M,BOL,2015,1st,Torneo Clausura,5,Fri,2015-02-06,19:00,Real Potosí,2.0,Sport Boys,0.0,,,,,https://fbref.com/en/matches/584fe5c3/Real-Potosi-Sport-Boys-Warnes-February-6-2015-Liga-Profesional-Boliviano
División de Fútbol Profesional,M,BOL,2015,1st,Torneo Clausura,5,Sat,2015-02-07,15:00,Universitario (P),1.0,Universitario,0.0,,,,,https://fbref.com/en/matches/62deefcb/Universitario-de-Pando-Universitario-de-Sucre-February-7-2015-Liga-Profesional-Boliviano
División de Fútbol Profesional,M,BOL,2015,1st,Torneo Clausura,5,Sat,2015-02-07,19:00,Oriente Petrolero,2.0,Nacional Potosí,2.0,,,,,https://fbref.com/en/matches/8e524513/Oriente-Petrolero-Nacional-Potosi-February-7-2015-Liga-Profesional-Boliviano
División de Fútbol Profesional,M,BOL,2015,1st,Torneo Clausura,5,Sun,2015-02-08,15:30,Petrolero,0.0,Blooming,0.0,,,,,https://fbref.com/en/matches/b4e2e106/Petrolero-Blooming-February-8-2015-Liga-Profesional-Boliviano
División de Fútbol Profesional,M,BOL,2015,1st,Torneo Clausura,5,Sun,2015-02-08,16:00,Bolívar,1.0,Wilstermann,0.0,,,,,https://fbref.com/en/matches/e1b126e0/Bolivar-Jorge-Wilstermann-February-8-2015-Liga-Profesional-Boliviano
División de Fútbol Profesional,M,BOL,2015,1st,Torneo Clausura,6,Tue,2015-02-10,20:00,San José,6.0,Universitario (P),0.0,,,,,https://fbref.com/en/matches/0a5b90a4/San-Jose-Universitario-de-Pando-February-10-2015-Liga-Profesional-Boliviano
División de Fútbol Profesional,M,BOL,2015,1st,Torneo Clausura,6,Wed,2015-02-11,20:30,Blooming,3.0,Real Potosí,0.0,,,,,https://fbref.com/en/matches/dda1ec02/Blooming-Real-Potosi-February-11-2015-Liga-Profesional-Boliviano
División de Fútbol Profesional,M,BOL,2015,1st,Torneo Clausura,6,Thu,2015-02-12,19:30,Sport Boys,0.0,Oriente Petrolero,2.0,,,,,https://fbref.com/en/matches/13632f64/Sport-Boys-Warnes-Oriente-Petrolero-February-12-2015-Liga-Profesional-Boliviano
División de Fútbol Profesional,M,BOL,2015,1st,Torneo Clausura,6,Thu,2015-02-12,20:00,Wilstermann,1.0,Universitario,0.0,,,,,https://fbref.com/en/matches/4aa40f1a/Jorge-Wilstermann-Universitario-de-Sucre-February-12-2015-Liga-Profesional-Boliviano
División de Fútbol Profesional,M,BOL,2015,1st,Torneo Clausura,6,Thu,2015-02-12,20:00,Nacional Potosí,1.0,Bolívar,2.0,,,,,https://fbref.com/en/matches/dcd30662/Nacional-Potosi-Bolivar-February-12-2015-Liga-Profesional-Boliviano
División de Fútbol Profesional,M,BOL,2015,1st,Torneo Clausura,5,Fri,2015-02-13,20:00,The Strongest,1.0,San José,0.0,,,,,https://fbref.com/en/matches/e393528f/The-Strongest-San-Jose-February-13-2015-Liga-Profesional-Boliviano
División de Fútbol Profesional,M,BOL,2015,1st,Torneo Clausura,7,Thu,2015-02-19,15:00,Universitario (P),1.0,Wilstermann,1.0,,,,,https://fbref.com/en/matches/eb6f628f/Universitario-de-Pando-Jorge-Wilstermann-February-19-2015-Liga-Profesional-Boliviano
División de Fútbol Profesional,M,BOL,2015,1st,Torneo Clausura,7,Thu,2015-02-19,20:00,Bolívar,5.0,Sport Boys,0.0,,,,,https://fbref.com/en/matches/271c48bc/Bolivar-Sport-Boys-Warnes-February-19-2015-Liga-Profesional-Boliviano
División de Fútbol Profesional,M,BOL,2015,1st,Torneo Clausura,7,Thu,2015-02-19,20:00,Universitario,2.0,Nacional Potosí,1.0,,,,,https://fbref.com/en/matches/9daba50f/Universitario-de-Sucre-Nacional-Potosi-February-19-2015-Liga-Profesional-Boliviano
División de Fútbol Profesional,M,BOL,2015,1st,Torneo Clausura,8,Sat,2015-02-21,15:30,Petrolero,2.0,Universitario (P),2.0,,,,,https://fbref.com/en/matches/d628582d/Petrolero-Universitario-de-Pando-February-21-2015-Liga-Profesional-Boliviano
División de Fútbol Profesional,M,BOL,2015,1st,Torneo Clausura,8,Sat,2015-02-21,16:00,San José,0.0,Real Potosí,2.0,,,,,https://fbref.com/en/matches/835c42ce/San-Jose-Real-Potosi-February-21-2015-Liga-Profesional-Boliviano
División de Fútbol Profesional,M,BOL,2015,1st,Torneo Clausura,6,Sat,2015-02-21,20:00,The Strongest,4.0,Petrolero,2.0,,,,,https://fbref.com/en/matches/29d4dbac/The-Strongest-Petrolero-February-21-2015-Liga-Profesional-Boliviano
División de Fútbol Profesional,M,BOL,2015,1st,Torneo Clausura,8,Sat,2015-02-21,20:00,The Strongest,4.0,Oriente Petrolero,3.0,,,,,https://fbref.com/en/matches/f5fcfadf/The-Strongest-Oriente-Petrolero-February-21-2015-Liga-Profesional-Boliviano
División de Fútbol Profesional,M,BOL,2015,1st,Torneo Clausura,8,Sun,2015-02-22,15:00,Sport Boys,2.0,Universitario,1.0,,,,,https://fbref.com/en/matches/1ab3af9a/Sport-Boys-Warnes-Universitario-de-Sucre-February-22-2015-Liga-Profesional-Boliviano
División de Fútbol Profesional,M,BOL,2015,1st,Torneo Clausura,8,Sun,2015-02-22,15:00,Nacional Potosí,0.0,Wilstermann,1.0,,,,,https://fbref.com/en/matches/60d88e6f/Nacional-Potosi-Jorge-Wilstermann-February-22-2015-Liga-Profesional-Boliviano
División de Fútbol Profesional,M,BOL,2015,1st,Torneo Clausura,8,Sun,2015-02-22,19:15,Blooming,1.0,Bolívar,0.0,,,,,https://fbref.com/en/matches/531c5887/Blooming-Bolivar-February-22-2015-Liga-Profesional-Boliviano
División de Fútbol Profesional,M,BOL,2015,1st,Torneo Clausura,7,Wed,2015-02-25,20:30,Oriente Petrolero,1.0,Blooming,0.0,,,,,https://fbref.com/en/matches/90183f9d/Oriente-Petrolero-Blooming-February-25-2015-Liga-Profesional-Boliviano
División de Fútbol Profesional,M,BOL,2015,1st,Torneo Clausura,9,Fri,2015-02-27,20:00,Wilstermann,1.0,Sport Boys,0.0,,,,,https://fbref.com/en/matches/07e306bd/Jorge-Wilstermann-Sport-Boys-Warnes-February-27-2015-Liga-Profesional-Boliviano
División de Fútbol Profesional,M,BOL,2015,1st,Torneo Clausura,9,Sat,2015-02-28,15:00,Universitario,1.0,Blooming,3.0,,,,,https://fbref.com/en/matches/18c99245/Universitario-de-Sucre-Blooming-February-28-2015-Liga-Profesional-Boliviano
División de Fútbol Profesional,M,BOL,2015,1st,Torneo Clausura,9,Sat,2015-02-28,15:30,Real Potosí,1.0,Petrolero,0.0,,,,,https://fbref.com/en/matches/6034901a/Real-Potosi-Petrolero-February-28-2015-Liga-Profesional-Boliviano
División de Fútbol Profesional,M,BOL,2015,1st,Torneo Clausura,9,Sun,2015-03-01,15:00,Universitario (P),2.0,Nacional Potosí,0.0,,,,,https://fbref.com/en/matches/e960abf9/Universitario-de-Pando-Nacional-Potosi-March-1-2015-Liga-Profesional-Boliviano
División de Fútbol Profesional,M,BOL,2015,1st,Torneo Clausura,9,Sun,2015-03-01,16:00,Bolívar,1.0,The Strongest,1.0,,,,,https://fbref.com/en/matches/e7f387db/Bolivar-The-Strongest-March-1-2015-Liga-Profesional-Boliviano
División de Fútbol Profesional,M,BOL,2015,1st,Torneo Clausura,9,Sun,2015-03-01,19:00,Oriente Petrolero,4.0,San José,0.0,,,,,https://fbref.com/en/matches/94dd3c64/Oriente-Petrolero-San-Jose-March-1-2015-Liga-Profesional-Boliviano
División de Fútbol Profesional,M,BOL,2015,1st,Torneo Clausura,10,Fri,2015-03-06,15:00,Sport Boys,0.0,Nacional Potosí,0.0,,,,,https://fbref.com/en/matches/fdc3ecb9/Sport-Boys-Warnes-Nacional-Potosi-March-6-2015-Liga-Profesional-Boliviano
División de Fútbol Profesional,M,BOL,2015,1st,Torneo Clausura,10,Sat,2015-03-07,15:30,Petrolero,1.0,Oriente Petrolero,1.0,,,,,https://fbref.com/en/matches/12883b03/Petrolero-Oriente-Petrolero-March-7-2015-Liga-Profesional-Boliviano
División de Fútbol Profesional,M,BOL,2015,1st,Torneo Clausura,10,Sun,2015-03-08,15:00,Real Potosí,6.0,Universitario (P),0.0,,,,,https://fbref.com/en/matches/f752ae47/Real-Potosi-Universitario-de-Pando-March-8-2015-Liga-Profesional-Boliviano
División de Fútbol Profesional,M,BOL,2015,1st,Torneo Clausura,10,Sun,2015-03-08,16:00,San José,0.0,Bolívar,2.0,,,,,https://fbref.com/en/matches/b33661de/San-Jose-Bolivar-March-8-2015-Liga-Profesional-Boliviano
División de Fútbol Profesional,M,BOL,2015,1st,Torneo Clausura,10,Sun,2015-03-08,19:00,Blooming,0.0,Wilstermann,0.0,,,,,https://fbref.com/en/matches/adf4339c/Blooming-Jorge-Wilstermann-March-8-2015-Liga-Profesional-Boliviano
División de Fútbol Profesional,M,BOL,2015,1st,Torneo Clausura,7,Wed,2015-03-11,19:30,Real Potosí,1.0,The Strongest,2.0,,,,,https://fbref.com/en/matches/fde0ab33/Real-Potosi-The-Strongest-March-11-2015-Liga-Profesional-Boliviano
División de Fútbol Profesional,M,BOL,2015,1st,Torneo Clausura,11,Fri,2015-03-13,15:00,Universitario (P),1.0,Sport Boys,3.0,,,,,https://fbref.com/en/matches/9896d05b/Universitario-de-Pando-Sport-Boys-Warnes-March-13-2015-Liga-Profesional-Boliviano
División de Fútbol Profesional,M,BOL,2015,1st,Torneo Clausura,11,Sat,2015-03-14,15:00,Nacional Potosí,1.0,Blooming,0.0,,,,,https://fbref.com/en/matches/9a96dd87/Nacional-Potosi-Blooming-March-14-2015-Liga-Profesional-Boliviano
División de Fútbol Profesional,M,BOL,2015,1st,Torneo Clausura,11,Sat,2015-03-14,16:00,Bolívar,4.0,Petrolero,1.0,,,,,https://fbref.com/en/matches/bd5b7a67/Bolivar-Petrolero-March-14-2015-Liga-Profesional-Boliviano
División de Fútbol Profesional,M,BOL,2015,1st,Torneo Clausura,11,Sun,2015-03-15,15:30,Universitario,0.0,San José,0.0,,,,,https://fbref.com/en/matches/378a900c/Universitario-de-Sucre-San-Jose-March-15-2015-Liga-Profesional-Boliviano
División de Fútbol Profesional,M,BOL,2015,1st,Torneo Clausura,11,Sun,2015-03-15,17:15,Wilstermann,1.0,The Strongest,0.0,,,,,https://fbref.com/en/matches/22be5b59/Jorge-Wilstermann-The-Strongest-March-15-2015-Liga-Profesional-Boliviano
División de Fútbol Profesional,M,BOL,2015,1st,Torneo Clausura,11,Sun,2015-03-15,19:15,Oriente Petrolero,1.0,Real Potosí,1.0,,,,,https://fbref.com/en/matches/65a92d93/Oriente-Petrolero-Real-Potosi-March-15-2015-Liga-Profesional-Boliviano
División de Fútbol Profesional,M,BOL,2015,1st,Torneo Clausura,12,Wed,2015-03-18,15:00,Universitario,1.0,Petrolero,2.0,,,,,https://fbref.com/en/matches/554c95c8/Universitario-de-Sucre-Petrolero-March-18-2015-Liga-Profesional-Boliviano
División de Fútbol Profesional,M,BOL,2015,1st,Torneo Clausura,12,Wed,2015-03-18,15:15,Sport Boys,1.0,Blooming,1.0,,,,,https://fbref.com/en/matches/8ba706b2/Sport-Boys-Warnes-Blooming-March-18-2015-Liga-Profesional-Boliviano
División de Fútbol Profesional,M,BOL,2015,1st,Torneo Clausura,12,Wed,2015-03-18,20:00,Bolívar,2.0,Real Potosí,1.0,,,,,https://fbref.com/en/matches/93ba406d/Bolivar-Real-Potosi-March-18-2015-Liga-Profesional-Boliviano
División de Fútbol Profesional,M,BOL,2015,1st,Torneo Clausura,12,Wed,2015-03-18,20:30,Oriente Petrolero,3.0,Universitario (P),0.0,,,,,https://fbref.com/en/matches/3e0ad20d/Oriente-Petrolero-Universitario-de-Pando-March-18-2015-Liga-Profesional-Boliviano
División de Fútbol Profesional,M,BOL,2015,1st,Torneo Clausura,13,Sat,2015-03-21,15:00,Universitario (P),2.0,Blooming,2.0,,,,,https://fbref.com/en/matches/01906650/Universitario-de-Pando-Blooming-March-21-2015-Liga-Profesional-Boliviano
División de Fútbol Profesional,M,BOL,2015,1st,Torneo Clausura,13,Sat,2015-03-21,15:00,Petrolero,1.0,Wilstermann,2.0,,,,,https://fbref.com/en/matches/49bed4e5/Petrolero-Jorge-Wilstermann-March-21-2015-Liga-Profesional-Boliviano
División de Fútbol Profesional,M,BOL,2015,1st,Torneo Clausura,13,Sat,2015-03-21,19:30,The Strongest,6.0,Sport Boys,2.0,,,,,https://fbref.com/en/matches/a139795f/The-Strongest-Sport-Boys-Warnes-March-21-2015-Liga-Profesional-Boliviano
División de Fútbol Profesional,M,BOL,2015,1st,Torneo Clausura,13,Sun,2015-03-22,15:30,San José,1.0,Nacional Potosí,0.0,,,,,https://fbref.com/en/matches/bb21afc6/San-Jose-Nacional-Potosi-March-22-2015-Liga-Profesional-Boliviano
División de Fútbol Profesional,M,BOL,2015,1st,Torneo Clausura,13,Sun,2015-03-22,15:30,Real Potosí,0.0,Universitario,2.0,,,,,https://fbref.com/en/matches/e82c3f38/Real-Potosi-Universitario-de-Sucre-March-22-2015-Liga-Profesional-Boliviano
División de Fútbol Profesional,M,BOL,2015,1st,Torneo Clausura,13,Sun,2015-03-22,18:30,Oriente Petrolero,3.0,Bolívar,0.0,,,,,https://fbref.com/en/matches/cddf0dac/Oriente-Petrolero-Bolivar-March-22-2015-Liga-Profesional-Boliviano
División de Fútbol Profesional,M,BOL,2015,1st,Torneo Clausura,7,Tue,2015-03-31,18:00,Petrolero,0.0,San José,0.0,,,,,https://fbref.com/en/matches/9ec57c96/Petrolero-San-Jose-March-31-2015-Liga-Profesional-Boliviano
División de Fútbol Profesional,M,BOL,2015,1st,Torneo Clausura,10,Wed,2015-04-01,19:00,The Strongest,3.0,Universitario,0.0,,,,,https://fbref.com/en/matches/85eb02bb/The-Strongest-Universitario-de-Sucre-April-1-2015-Liga-Profesional-Boliviano
División de Fútbol Profesional,M,BOL,2015,1st,Torneo Clausura,14,Fri,2015-04-03,20:00,Nacional Potosí,0.0,Petrolero,0.0,,,,,https://fbref.com/en/matches/c9f83763/Nacional-Potosi-Petrolero-April-3-2015-Liga-Profesional-Boliviano
División de Fútbol Profesional,M,BOL,2015,1st,Torneo Clausura,14,Sat,2015-04-04,16:00,Universitario,1.0,Oriente Petrolero,2.0,,,,,https://fbref.com/en/matches/b32075fa/Universitario-de-Sucre-Oriente-Petrolero-April-4-2015-Liga-Profesional-Boliviano
División de Fútbol Profesional,M,BOL,2015,1st,Torneo Clausura,14,Sat,2015-04-04,18:15,Wilstermann,2.0,Real Potosí,0.0,,,,,https://fbref.com/en/matches/e0751463/Jorge-Wilstermann-Real-Potosi-April-4-2015-Liga-Profesional-Boliviano
División de Fútbol Profesional,M,BOL,2015,1st,Torneo Clausura,14,Sun,2015-04-05,16:00,Bolívar,4.0,Universitario (P),0.0,,,,,https://fbref.com/en/matches/07d89403/Bolivar-Universitario-de-Pando-April-5-2015-Liga-Profesional-Boliviano
División de Fútbol Profesional,M,BOL,2015,1st,Torneo Clausura,14,Sun,2015-04-05,18:15,Blooming,2.0,The Strongest,1.0,,,,,https://fbref.com/en/matches/d452acae/Blooming-The-Strongest-April-5-2015-Liga-Profesional-Boliviano
División de Fútbol Profesional,M,BOL,2015,1st,Torneo Clausura,17,Wed,2015-04-08,18:30,Petrolero,3.0,The Strongest,2.0,,,,,https://fbref.com/en/matches/04a9ef12/Petrolero-The-Strongest-April-8-2015-Liga-Profesional-Boliviano
División de Fútbol Profesional,M,BOL,2015,1st,Torneo Clausura,15,Sat,2015-04-11,15:00,San José,2.0,Blooming,2.0,,,,,https://fbref.com/en/matches/626480b1/San-Jose-Blooming-April-11-2015-Liga-Profesional-Boliviano
División de Fútbol Profesional,M,BOL,2015,1st,Torneo Clausura,15,Sat,2015-04-11,16:00,Bolívar,3.0,Universitario,0.0,,,,Match awarded to Bolívar,https://fbref.com/en/matches/fa30c6e6/Bolivar-Universitario-de-Sucre-April-11-2015-Liga-Profesional-Boliviano
División de Fútbol Profesional,M,BOL,2015,1st,Torneo Clausura,15,Sun,2015-04-12,15:00,Petrolero,2.0,Sport Boys,1.0,,,,,https://fbref.com/en/matches/92037b12/Petrolero-Sport-Boys-Warnes-April-12-2015-Liga-Profesional-Boliviano
División de Fútbol Profesional,M,BOL,2015,1st,Torneo Clausura,15,Sun,2015-04-12,15:00,Universitario (P),2.0,The Strongest,2.0,,,,,https://fbref.com/en/matches/c98ffdf4/Universitario-de-Pando-The-Strongest-April-12-2015-Liga-Profesional-Boliviano
División de Fútbol Profesional,M,BOL,2015,1st,Torneo Clausura,15,Sun,2015-04-12,17:15,Real Potosí,0.0,Nacional Potosí,1.0,,,,,https://fbref.com/en/matches/5f3140f8/Real-Potosi-Nacional-Potosi-April-12-2015-Liga-Profesional-Boliviano
División de Fútbol Profesional,M,BOL,2015,1st,Torneo Clausura,15,Sun,2015-04-12,19:30,Oriente Petrolero,2.0,Wilstermann,0.0,,,,,https://fbref.com/en/matches/8fb7225c/Oriente-Petrolero-Jorge-Wilstermann-April-12-2015-Liga-Profesional-Boliviano
División de Fútbol Profesional,M,BOL,2015,1st,Torneo Clausura,16,Fri,2015-04-17,20:30,Blooming,3.0,Petrolero,0.0,,,,,https://fbref.com/en/matches/1eaff4f3/Blooming-Petrolero-April-17-2015-Liga-Profesional-Boliviano
División de Fútbol Profesional,M,BOL,2015,1st,Torneo Clausura,16,Sat,2015-04-18,15:00,Sport Boys,1.0,Real Potosí,2.0,,,,,https://fbref.com/en/matches/7c845a82/Sport-Boys-Warnes-Real-Potosi-April-18-2015-Liga-Profesional-Boliviano
División de Fútbol Profesional,M,BOL,2015,1st,Torneo Clausura,16,Sun,2015-04-19,15:00,San José,1.0,The Strongest,2.0,,,,,https://fbref.com/en/matches/fab7a780/San-Jose-The-Strongest-April-19-2015-Liga-Profesional-Boliviano
División de Fútbol Profesional,M,BOL,2015,1st,Torneo Clausura,16,Sun,2015-04-19,17:15,Wilstermann,1.0,Bolívar,1.0,,,,,https://fbref.com/en/matches/3a59bd56/Jorge-Wilstermann-Bolivar-April-19-2015-Liga-Profesional-Boliviano
División de Fútbol Profesional,M,BOL,2015,1st,Torneo Clausura,16,Sun,2015-04-19,19:30,Nacional Potosí,1.0,Oriente Petrolero,0.0,,,,,https://fbref.com/en/matches/81e3f481/Nacional-Potosi-Oriente-Petrolero-April-19-2015-Liga-Profesional-Boliviano
División de Fútbol Profesional,M,BOL,2015,1st,Torneo Clausura,17,Wed,2015-04-22,15:00,Universitario (P),0.0,San José,2.0,,,,,https://fbref.com/en/matches/c6aa4667/Universitario-de-Pando-San-Jose-April-22-2015-Liga-Profesional-Boliviano
División de Fútbol Profesional,M,BOL,2015,1st,Torneo Clausura,17,Wed,2015-04-22,20:00,Bolívar,3.0,Nacional Potosí,1.0,,,,,https://fbref.com/en/matches/3682a7a4/Bolivar-Nacional-Potosi-April-22-2015-Liga-Profesional-Boliviano
División de Fútbol Profesional,M,BOL,2015,1st,Torneo Clausura,17,Wed,2015-04-22,20:00,Real Potosí,3.0,Blooming,0.0,,,,,https://fbref.com/en/matches/7797c474/Real-Potosi-Blooming-April-22-2015-Liga-Profesional-Boliviano
División de Fútbol Profesional,M,BOL,2015,1st,Torneo Clausura,17,Wed,2015-04-22,22:30,Oriente Petrolero,3.0,Sport Boys,1.0,,,,,https://fbref.com/en/matches/7c1fa1a9/Oriente-Petrolero-Sport-Boys-Warnes-April-22-2015-Liga-Profesional-Boliviano
División de Fútbol Profesional,M,BOL,2015,1st,Torneo Clausura,18,Sat,2015-04-25,15:30,San José,1.0,Petrolero,1.0,,,,,https://fbref.com/en/matches/ce5ed6a2/San-Jose-Petrolero-April-25-2015-Liga-Profesional-Boliviano
División de Fútbol Profesional,M,BOL,2015,1st,Torneo Clausura,18,Sat,2015-04-25,17:00,Nacional Potosí,0.0,Universitario,1.0,,,,,https://fbref.com/en/matches/e67b0ead/Nacional-Potosi-Universitario-de-Sucre-April-25-2015-Liga-Profesional-Boliviano
División de Fútbol Profesional,M,BOL,2015,1st,Torneo Clausura,18,Sat,2015-04-25,19:15,Wilstermann,1.0,Universitario (P),0.0,,,,,https://fbref.com/en/matches/5607f528/Jorge-Wilstermann-Universitario-de-Pando-April-25-2015-Liga-Profesional-Boliviano
División de Fútbol Profesional,M,BOL,2015,1st,Torneo Clausura,18,Sun,2015-04-26,15:30,The Strongest,3.0,Real Potosí,0.0,,,,,https://fbref.com/en/matches/a7acfdb9/The-Strongest-Real-Potosi-April-26-2015-Liga-Profesional-Boliviano
División de Fútbol Profesional,M,BOL,2015,1st,Torneo Clausura,18,Sun,2015-04-26,15:30,Sport Boys,3.0,Bolívar,2.0,,,,,https://fbref.com/en/matches/ab466447/Sport-Boys-Warnes-Bolivar-April-26-2015-Liga-Profesional-Boliviano
División de Fútbol Profesional,M,BOL,2015,1st,Torneo Clausura,18,Mon,2015-04-27,21:00,Blooming,2.0,Oriente Petrolero,1.0,,,,,https://fbref.com/en/matches/c3fda6d3/Blooming-Oriente-Petrolero-April-27-2015-Liga-Profesional-Boliviano
División de Fútbol Profesional,M,BOL,2015,1st,Torneo Clausura,12,Wed,2015-04-29,20:00,Wilstermann,2.0,San José,0.0,,,,,https://fbref.com/en/matches/5a907c79/Jorge-Wilstermann-San-Jose-April-29-2015-Liga-Profesional-Boliviano
División de Fútbol Profesional,M,BOL,2015,1st,Torneo Clausura,12,Wed,2015-04-29,20:00,Nacional Potosí,4.0,The Strongest,3.0,,,,,https://fbref.com/en/matches/87658d52/Nacional-Potosi-The-Strongest-April-29-2015-Liga-Profesional-Boliviano
División de Fútbol Profesional,M,BOL,2015,1st,Torneo Clausura,19,Fri,2015-05-01,16:00,Bolívar,4.0,Blooming,3.0,,,,,https://fbref.com/en/matches/8cd31270/Bolivar-Blooming-May-1-2015-Liga-Profesional-Boliviano
División de Fútbol Profesional,M,BOL,2015,1st,Torneo Clausura,19,Fri,2015-05-01,19:00,Universitario,2.0,Sport Boys,0.0,,,,,https://fbref.com/en/matches/827ad3fb/Universitario-de-Sucre-Sport-Boys-Warnes-May-1-2015-Liga-Profesional-Boliviano
División de Fútbol Profesional,M,BOL,2015,1st,Torneo Clausura,19,Sat,2015-05-02,15:00,Universitario (P),0.0,Petrolero,0.0,,,,,https://fbref.com/en/matches/20e3a703/Universitario-de-Pando-Petrolero-May-2-2015-Liga-Profesional-Boliviano
División de Fútbol Profesional,M,BOL,2015,1st,Torneo Clausura,19,Sun,2015-05-03,15:00,Real Potosí,2.0,San José,0.0,,,,,https://fbref.com/en/matches/04264a97/Real-Potosi-San-Jose-May-3-2015-Liga-Profesional-Boliviano
División de Fútbol Profesional,M,BOL,2015,1st,Torneo Clausura,19,Sun,2015-05-03,17:15,Wilstermann,2.0,Nacional Potosí,2.0,,,,,https://fbref.com/en/matches/9c737b9f/Jorge-Wilstermann-Nacional-Potosi-May-3-2015-Liga-Profesional-Boliviano
División de Fútbol Profesional,M,BOL,2015,1st,Torneo Clausura,19,Mon,2015-05-04,20:30,Oriente Petrolero,0.0,The Strongest,0.0,,,,,https://fbref.com/en/matches/071dd50b/Oriente-Petrolero-The-Strongest-May-4-2015-Liga-Profesional-Boliviano
División de Fútbol Profesional,M,BOL,2015,1st,Torneo Clausura,20,Wed,2015-05-06,15:00,Sport Boys,0.0,Wilstermann,1.0,,,,,https://fbref.com/en/matches/ac6a8440/Sport-Boys-Warnes-Jorge-Wilstermann-May-6-2015-Liga-Profesional-Boliviano
División de Fútbol Profesional,M,BOL,2015,1st,Torneo Clausura,20,Thu,2015-05-07,15:00,Petrolero,0.0,Real Potosí,1.0,,,,,https://fbref.com/en/matches/d1c645c3/Petrolero-Real-Potosi-May-7-2015-Liga-Profesional-Boliviano
División de Fútbol Profesional,M,BOL,2015,1st,Torneo Clausura,20,Thu,2015-05-07,20:00,Nacional Potosí,3.0,Universitario (P),0.0,,,,,https://fbref.com/en/matches/11da3a73/Nacional-Potosi-Universitario-de-Pando-May-7-2015-Liga-Profesional-Boliviano
División de Fútbol Profesional,M,BOL,2015,1st,Torneo Clausura,20,Thu,2015-05-07,20:00,The Strongest,1.0,Bolívar,0.0,,,,,https://fbref.com/en/matches/332a9eb4/The-Strongest-Bolivar-May-7-2015-Liga-Profesional-Boliviano
División de Fútbol Profesional,M,BOL,2015,1st,Torneo Clausura,20,Thu,2015-05-07,20:00,San José,4.0,Oriente Petrolero,1.0,,,,,https://fbref.com/en/matches/54652694/San-Jose-Oriente-Petrolero-May-7-2015-Liga-Profesional-Boliviano
División de Fútbol Profesional,M,BOL,2015,1st,Torneo Clausura,20,Thu,2015-05-07,20:30,Blooming,2.0,Universitario,0.0,,,,,https://fbref.com/en/matches/21910bf2/Blooming-Universitario-de-Sucre-May-7-2015-Liga-Profesional-Boliviano
División de Fútbol Profesional,M,BOL,2015,1st,Torneo Clausura,21,Sun,2015-05-10,16:00,Oriente Petrolero,0.0,Petrolero,0.0,,,,,https://fbref.com/en/matches/0ea2524b/Oriente-Petrolero-Petrolero-May-10-2015-Liga-Profesional-Boliviano
División de Fútbol Profesional,M,BOL,2015,1st,Torneo Clausura,21,Sun,2015-05-10,16:00,Wilstermann,1.0,Blooming,0.0,,,,,https://fbref.com/en/matches/2b908bed/Jorge-Wilstermann-Blooming-May-10-2015-Liga-Profesional-Boliviano
División de Fútbol Profesional,M,BOL,2015,1st,Torneo Clausura,21,Sun,2015-05-10,16:00,Universitario (P),0.0,Real Potosí,3.0,,,,,https://fbref.com/en/matches/35ecdc8b/Universitario-de-Pando-Real-Potosi-May-10-2015-Liga-Profesional-Boliviano
División de Fútbol Profesional,M,BOL,2015,1st,Torneo Clausura,21,Sun,2015-05-10,16:00,Bolívar,1.0,San José,0.0,,,,,https://fbref.com/en/matches/5afe5cfe/Bolivar-San-Jose-May-10-2015-Liga-Profesional-Boliviano
División de Fútbol Profesional,M,BOL,2015,1st,Torneo Clausura,21,Sun,2015-05-10,16:00,Nacional Potosí,1.0,Sport Boys,1.0,,,,,https://fbref.com/en/matches/99b48b4a/Nacional-Potosi-Sport-Boys-Warnes-May-10-2015-Liga-Profesional-Boliviano
División de Fútbol Profesional,M,BOL,2015,1st,Torneo Clausura,21,Sun,2015-05-10,16:00,Universitario,0.0,The Strongest,1.0,,,,,https://fbref.com/en/matches/e9febaaa/Universitario-de-Sucre-The-Strongest-May-10-2015-Liga-Profesional-Boliviano
División de Fútbol Profesional,M,BOL,2015,1st,Torneo Clausura,14,Wed,2015-05-13,15:00,Sport Boys,3.0,San José,2.0,,,,,https://fbref.com/en/matches/c298dbc7/Sport-Boys-Warnes-San-Jose-May-13-2015-Liga-Profesional-Boliviano
División de Fútbol Profesional,M,BOL,2015,1st,Torneo Clausura,17,Wed,2015-05-13,20:00,Universitario,2.0,Wilstermann,1.0,,,,,https://fbref.com/en/matches/a88b1300/Universitario-de-Sucre-Jorge-Wilstermann-May-13-2015-Liga-Profesional-Boliviano
División de Fútbol Profesional,M,BOL,2015,1st,Torneo Clausura,22,Sun,2015-05-17,15:00,Sport Boys,3.0,Universitario (P),0.0,,,,,https://fbref.com/en/matches/66901dac/Sport-Boys-Warnes-Universitario-de-Pando-May-17-2015-Liga-Profesional-Boliviano
División de Fútbol Profesional,M,BOL,2015,1st,Torneo Clausura,22,Sun,2015-05-17,15:00,Petrolero,1.0,Bolívar,1.0,,,,,https://fbref.com/en/matches/70a30922/Petrolero-Bolivar-May-17-2015-Liga-Profesional-Boliviano
División de Fútbol Profesional,M,BOL,2015,1st,Torneo Clausura,22,Sun,2015-05-17,16:00,Real Potosí,2.0,Oriente Petrolero,0.0,,,,,https://fbref.com/en/matches/704b502a/Real-Potosi-Oriente-Petrolero-May-17-2015-Liga-Profesional-Boliviano
División de Fútbol Profesional,M,BOL,2015,1st,Torneo Clausura,22,Sun,2015-05-17,16:00,The Strongest,2.0,Wilstermann,2.0,,,,,https://fbref.com/en/matches/8a3a103e/The-Strongest-Jorge-Wilstermann-May-17-2015-Liga-Profesional-Boliviano
División de Fútbol Profesional,M,BOL,2015,1st,Torneo Clausura,22,Sun,2015-05-17,16:00,San José,6.0,Universitario,0.0,,,,,https://fbref.com/en/matches/aadfda5c/San-Jose-Universitario-de-Sucre-May-17-2015-Liga-Profesional-Boliviano
División de Fútbol Profesional,M,BOL,2015,1st,Torneo Clausura,22,Sun,2015-05-17,18:30,Blooming,2.0,Nacional Potosí,0.0,,,,,https://fbref.com/en/matches/222a50f4/Blooming-Nacional-Potosi-May-17-2015-Liga-Profesional-Boliviano
División de Fútbol Profesional,M,BOL,2015,1st,Torneo Clausura,16,Wed,2015-05-20,20:00,Universitario,9.0,Universitario (P),1.0,,,,,https://fbref.com/en/matches/d73b10a6/Universitario-de-Sucre-Universitario-de-Pando-May-20-2015-Liga-Profesional-Boliviano
División de Fútbol Profesional,M,BOL,2015,1st,Bolivian 1/2 Relegation/Promotion Play-off,,Sun,2015-05-31,15:00,Bermejo,3.0,Sport Boys,1.0,,,,Leg 1 of 2,https://fbref.com/en/matches/bd5fcf2f/Bermejo-Sport-Boys-Warnes-May-31-2015-Bolivian-12-RelegationPromotion-Play-offs
División de Fútbol Profesional,M,BOL,2015,1st,Bolivian 1/2 Relegation/Promotion Play-off,,Thu,2015-06-04,15:00,Sport Boys,4.0,Bermejo,1.0,,,,Leg 2 of 2; Sport Boys won,https://fbref.com/en/matches/a44a9c86/Sport-Boys-Warnes-Bermejo-June-4-2015-Bolivian-12-RelegationPromotion-Play-offs
División de Fútbol Profesional,M,BOL,2016,1st,Torneo Apertura,1,Fri,2015-08-07,20:30,Oriente Petrolero,1.0,Bolívar,0.0,9000.0,Estadio Ramón Aguilera Costas,Óscar Maldonado,,https://fbref.com/en/matches/ad8f2029/Oriente-Petrolero-Bolivar-August-7-2015-Liga-Profesional-Boliviano
División de Fútbol Profesional,M,BOL,2016,1st,Torneo Apertura,1,Sat,2015-08-08,15:00,Sport Boys,2.0,Petrolero,0.0,2000.0,Estadio Samuel Vaca Jimenez,José Jordán,,https://fbref.com/en/matches/87f55a6c/Sport-Boys-Warnes-Petrolero-August-8-2015-Liga-Profesional-Boliviano
División de Fútbol Profesional,M,BOL,2016,1st,Torneo Apertura,1,Sun,2015-08-09,15:00,Universitario,1.0,Ciclón,0.0,4000.0,Estadio Olímpico Patria,Gery Vargas,,https://fbref.com/en/matches/2c8e43d2/Universitario-de-Sucre-Ciclon-August-9-2015-Liga-Profesional-Boliviano
División de Fútbol Profesional,M,BOL,2016,1st,Torneo Apertura,1,Sun,2015-08-09,15:00,The Strongest,1.0,Blooming,1.0,8000.0,Estadio Hernando Siles,Jorge Mancilla,,https://fbref.com/en/matches/8aa5abd6/The-Strongest-Blooming-August-9-2015-Liga-Profesional-Boliviano
División de Fútbol Profesional,M,BOL,2016,1st,Torneo Apertura,1,Sun,2015-08-09,15:00,Nacional Potosí,1.0,San José,0.0,2000.0,Estadio Victor Agustín Ugarte,Luis Irusta,,https://fbref.com/en/matches/a61c374d/Nacional-Potosi-San-Jose-August-9-2015-Liga-Profesional-Boliviano
División de Fútbol Profesional,M,BOL,2016,1st,Torneo Apertura,1,Sun,2015-08-09,17:15,Wilstermann,1.0,Real Potosí,0.0,5000.0,Estadio Félix Capriles,Juan Garcia,,https://fbref.com/en/matches/190925e4/Jorge-Wilstermann-Real-Potosi-August-9-2015-Liga-Profesional-Boliviano
División de Fútbol Profesional,M,BOL,2016,1st,Torneo Apertura,2,Sat,2015-08-15,20:00,Bolívar,2.0,Sport Boys,3.0,7000.0,Estadio Hernando Siles,Raúl Orozco,,https://fbref.com/en/matches/5ef6ed2c/Bolivar-Sport-Boys-Warnes-August-15-2015-Liga-Profesional-Boliviano
División de Fútbol Profesional,M,BOL,2016,1st,Torneo Apertura,2,Sun,2015-08-16,15:00,Ciclón,1.0,The Strongest,3.0,4000.0,Estadio La Bombonera,Jorge Antequera,,https://fbref.com/en/matches/460f1919/Ciclon-The-Strongest-August-16-2015-Liga-Profesional-Boliviano
División de Fútbol Profesional,M,BOL,2016,1st,Torneo Apertura,2,Sun,2015-08-16,15:00,San José,2.0,Oriente Petrolero,1.0,4000.0,Estadio Jesús Bermúdez,Jorge Mancilla,,https://fbref.com/en/matches/7fb02725/San-Jose-Oriente-Petrolero-August-16-2015-Liga-Profesional-Boliviano
División de Fútbol Profesional,M,BOL,2016,1st,Torneo Apertura,2,Sun,2015-08-16,15:00,Petrolero,2.0,Universitario,0.0,2500.0,Estadio Provincial de Yacuiba,Edson Rios,,https://fbref.com/en/matches/803f3310/Petrolero-Universitario-de-Sucre-August-16-2015-Liga-Profesional-Boliviano
División de Fútbol Profesional,M,BOL,2016,1st,Torneo Apertura,2,Sun,2015-08-16,17:15,Nacional Potosí,2.0,Wilstermann,2.0,2000.0,Estadio Victor Agustín Ugarte,Alvaro Campos,,https://fbref.com/en/matches/72969490/Nacional-Potosi-Jorge-Wilstermann-August-16-2015-Liga-Profesional-Boliviano
División de Fútbol Profesional,M,BOL,2016,1st,Torneo Apertura,2,Sun,2015-08-16,19:30,Blooming,2.0,Real Potosí,1.0,6000.0,Estadio Ramón Aguilera Costas,Paolo Jemio,,https://fbref.com/en/matches/85a9fd90/Blooming-Real-Potosi-August-16-2015-Liga-Profesional-Boliviano
División de Fútbol Profesional,M,BOL,2016,1st,Torneo Apertura,3,Fri,2015-08-21,20:00,The Strongest,3.0,Petrolero,1.0,6000.0,Estadio Hernando Siles,Victor Hurtado,,https://fbref.com/en/matches/a91fc347/The-Strongest-Petrolero-August-21-2015-Liga-Profesional-Boliviano
División de Fútbol Profesional,M,BOL,2016,1st,Torneo Apertura,3,Sun,2015-08-23,15:00,San José,0.0,Sport Boys,1.0,5000.0,Estadio Jesús Bermúdez,Hostin Prado,,https://fbref.com/en/matches/19b5ec10/San-Jose-Sport-Boys-Warnes-August-23-2015-Liga-Profesional-Boliviano
División de Fútbol Profesional,M,BOL,2016,1st,Torneo Apertura,3,Sun,2015-08-23,15:00,Universitario,2.0,Bolívar,3.0,7000.0,Estadio Olímpico Patria,Gery Vargas,,https://fbref.com/en/matches/421d5761/Universitario-de-Sucre-Bolivar-August-23-2015-Liga-Profesional-Boliviano
División de Fútbol Profesional,M,BOL,2016,1st,Torneo Apertura,3,Sun,2015-08-23,15:00,Real Potosí,1.0,Ciclón,2.0,2000.0,Estadio Victor Agustín Ugarte,Jorge Luis Justiniano,,https://fbref.com/en/matches/67fc4544/Real-Potosi-Ciclon-August-23-2015-Liga-Profesional-Boliviano
División de Fútbol Profesional,M,BOL,2016,1st,Torneo Apertura,3,Sun,2015-08-23,17:15,Wilstermann,3.0,Blooming,2.0,6000.0,Estadio Félix Capriles,José Jordán,,https://fbref.com/en/matches/beb79b16/Jorge-Wilstermann-Blooming-August-23-2015-Liga-Profesional-Boliviano
División de Fútbol Profesional,M,BOL,2016,1st,Torneo Apertura,3,Sun,2015-08-23,19:30,Oriente Petrolero,3.0,Nacional Potosí,0.0,5000.0,Estadio Ramón Aguilera Costas,Luis Mancilla,,https://fbref.com/en/matches/49260b44/Oriente-Petrolero-Nacional-Potosi-August-23-2015-Liga-Profesional-Boliviano
División de Fútbol Profesional,M,BOL,2016,1st,Torneo Apertura,4,Wed,2015-08-26,15:00,Petrolero,2.0,Real Potosí,1.0,2500.0,Estadio Provincial de Yacuiba,Ivo Mendez,,https://fbref.com/en/matches/40aa098c/Petrolero-Real-Potosi-August-26-2015-Liga-Profesional-Boliviano
División de Fútbol Profesional,M,BOL,2016,1st,Torneo Apertura,4,Wed,2015-08-26,20:00,Bolívar,0.0,The Strongest,2.0,20000.0,Estadio Hernando Siles,Óscar Maldonado,,https://fbref.com/en/matches/2688b975/Bolivar-The-Strongest-August-26-2015-Liga-Profesional-Boliviano
División de Fútbol Profesional,M,BOL,2016,1st,Torneo Apertura,4,Wed,2015-08-26,20:00,Nacional Potosí,1.0,Sport Boys,3.0,2000.0,Estadio Victor Agustín Ugarte,José Jordán,,https://fbref.com/en/matches/7431afe4/Nacional-Potosi-Sport-Boys-Warnes-August-26-2015-Liga-Profesional-Boliviano
División de Fútbol Profesional,M,BOL,2016,1st,Torneo Apertura,4,Thu,2015-08-27,15:00,Ciclón,4.0,Blooming,2.0,3000.0,Estadio La Bombonera,Luis Irusta,,https://fbref.com/en/matches/e1a32d2c/Ciclon-Blooming-August-27-2015-Liga-Profesional-Boliviano
División de Fútbol Profesional,M,BOL,2016,1st,Torneo Apertura,4,Thu,2015-08-27,20:00,Wilstermann,0.0,Oriente Petrolero,0.0,7000.0,Estadio Félix Capriles,Jorge Mancilla,,https://fbref.com/en/matches/15a36677/Jorge-Wilstermann-Oriente-Petrolero-August-27-2015-Liga-Profesional-Boliviano
División de Fútbol Profesional,M,BOL,2016,1st,Torneo Apertura,4,Thu,2015-08-27,20:00,San José,2.0,Universitario,4.0,5000.0,Estadio Jesús Bermúdez,Jordy Aleman,,https://fbref.com/en/matches/6d03ec99/San-Jose-Universitario-de-Sucre-August-27-2015-Liga-Profesional-Boliviano
División de Fútbol Profesional,M,BOL,2016,1st,Torneo Apertura,5,Sun,2015-08-30,15:00,Bolívar,3.0,Real Potosí,2.0,5000.0,Estadio Hernando Siles,Raúl Orozco,,https://fbref.com/en/matches/294c7b3f/Bolivar-Real-Potosi-August-30-2015-Liga-Profesional-Boliviano
División de Fútbol Profesional,M,BOL,2016,1st,Torneo Apertura,5,Sun,2015-08-30,15:00,Universitario,3.0,Nacional Potosí,2.0,4000.0,Estadio Olímpico Patria,Paolo Jemio,,https://fbref.com/en/matches/383c6cb0/Universitario-de-Sucre-Nacional-Potosi-August-30-2015-Liga-Profesional-Boliviano
División de Fútbol Profesional,M,BOL,2016,1st,Torneo Apertura,5,Sun,2015-08-30,15:00,Sport Boys,2.0,Oriente Petrolero,0.0,4000.0,Estadio Samuel Vaca Jimenez,Gery Vargas,,https://fbref.com/en/matches/f7bf5057/Sport-Boys-Warnes-Oriente-Petrolero-August-30-2015-Liga-Profesional-Boliviano
División de Fútbol Profesional,M,BOL,2016,1st,Torneo Apertura,5,Sun,2015-08-30,17:15,The Strongest,1.0,San José,1.0,7000.0,Estadio Hernando Siles,Jorge Antequera,,https://fbref.com/en/matches/27708fc0/The-Strongest-San-Jose-August-30-2015-Liga-Profesional-Boliviano
División de Fútbol Profesional,M,BOL,2016,1st,Torneo Apertura,5,Sun,2015-08-30,17:15,Wilstermann,2.0,Ciclón,0.0,6000.0,Estadio Félix Capriles,Orlando Quintana,,https://fbref.com/en/matches/96107515/Jorge-Wilstermann-Ciclon-August-30-2015-Liga-Profesional-Boliviano
División de Fútbol Profesional,M,BOL,2016,1st,Torneo Apertura,5,Sun,2015-08-30,19:30,Blooming,0.0,Petrolero,1.0,5000.0,Estadio Ramón Aguilera Costas,David Miranda,,https://fbref.com/en/matches/dee3387b/Blooming-Petrolero-August-30-2015-Liga-Profesional-Boliviano
División de Fútbol Profesional,M,BOL,2016,1st,Torneo Apertura,6,Sun,2015-09-06,15:00,Petrolero,2.0,Ciclón,3.0,4000.0,Estadio Provincial de Yacuiba,Juan Garcia,,https://fbref.com/en/matches/e5336784/Petrolero-Ciclon-September-6-2015-Liga-Profesional-Boliviano
División de Fútbol Profesional,M,BOL,2016,1st,Torneo Apertura,6,Tue,2015-09-08,15:00,Sport Boys,1.0,Wilstermann,1.0,3000.0,Estadio Samuel Vaca Jimenez,Jorge Mancilla,,https://fbref.com/en/matches/7faf99e4/Sport-Boys-Warnes-Jorge-Wilstermann-September-8-2015-Liga-Profesional-Boliviano
División de Fútbol Profesional,M,BOL,2016,1st,Torneo Apertura,6,Tue,2015-09-08,20:00,San José,3.0,Real Potosí,3.0,2000.0,Estadio Jesús Bermúdez,Jorge Luis Justiniano,,https://fbref.com/en/matches/01b40d67/San-Jose-Real-Potosi-September-8-2015-Liga-Profesional-Boliviano
División de Fútbol Profesional,M,BOL,2016,1st,Torneo Apertura,6,Wed,2015-09-09,20:00,Bolívar,1.0,Blooming,0.0,6000.0,Estadio Hernando Siles,José Jordán,,https://fbref.com/en/matches/052b4497/Bolivar-Blooming-September-9-2015-Liga-Profesional-Boliviano
División de Fútbol Profesional,M,BOL,2016,1st,Torneo Apertura,6,Wed,2015-09-09,20:00,Nacional Potosí,2.0,The Strongest,3.0,4000.0,Estadio Victor Agustín Ugarte,Óscar Maldonado,,https://fbref.com/en/matches/b7f848ad/Nacional-Potosi-The-Strongest-September-9-2015-Liga-Profesional-Boliviano
División de Fútbol Profesional,M,BOL,2016,1st,Torneo Apertura,6,Wed,2015-09-09,20:30,Oriente Petrolero,0.0,Universitario,0.0,5000.0,Estadio Ramón Aguilera Costas,Luis Irusta,,https://fbref.com/en/matches/707bde5e/Oriente-Petrolero-Universitario-de-Sucre-September-9-2015-Liga-Profesional-Boliviano
División de Fútbol Profesional,M,BOL,2016,1st,Torneo Apertura,7,Fri,2015-09-11,20:00,Wilstermann,1.0,Petrolero,1.0,3000.0,Estadio Félix Capriles,Edson Rios,,https://fbref.com/en/matches/187c0fbb/Jorge-Wilstermann-Petrolero-September-11-2015-Liga-Profesional-Boliviano
División de Fútbol Profesional,M,BOL,2016,1st,Torneo Apertura,7,Sat,2015-09-12,15:00,Sport Boys,5.0,Universitario,0.0,3000.0,Estadio Olímpico Patria,Raúl Orozco,,https://fbref.com/en/matches/22c4c85a/Sport-Boys-Warnes-Universitario-de-Sucre-September-12-2015-Liga-Profesional-Boliviano
División de Fútbol Profesional,M,BOL,2016,1st,Torneo Apertura,7,Sat,2015-09-12,18:30,Blooming,2.0,San José,1.0,4000.0,Estadio Ramón Aguilera Costas,Luis Mancilla,,https://fbref.com/en/matches/3aca415a/Blooming-San-Jose-September-12-2015-Liga-Profesional-Boliviano
División de Fútbol Profesional,M,BOL,2016,1st,Torneo Apertura,7,Sun,2015-09-13,15:00,The Strongest,6.0,Oriente Petrolero,1.0,6000.0,Estadio Hernando Siles,Gery Vargas,,https://fbref.com/en/matches/79e75399/The-Strongest-Oriente-Petrolero-September-13-2015-Liga-Profesional-Boliviano
División de Fútbol Profesional,M,BOL,2016,1st,Torneo Apertura,7,Sun,2015-09-13,15:00,Ciclón,1.0,Bolívar,4.0,4500.0,Estadio La Bombonera,Óscar Maldonado,,https://fbref.com/en/matches/b3fbec69/Ciclon-Bolivar-September-13-2015-Liga-Profesional-Boliviano
División de Fútbol Profesional,M,BOL,2016,1st,Torneo Apertura,7,Sun,2015-09-13,17:15,Real Potosí,1.0,Nacional Potosí,2.0,5000.0,Estadio Victor Agustín Ugarte,Juan Garcia,,https://fbref.com/en/matches/4a715892/Real-Potosi-Nacional-Potosi-September-13-2015-Liga-Profesional-Boliviano
División de Fútbol Profesional,M,BOL,2016,1st,Torneo Apertura,8,Thu,2015-09-17,16:00,Bolívar,4.0,Petrolero,0.0,7000.0,Estadio Hernando Siles,Jorge Becerra,,https://fbref.com/en/matches/bfa1009d/Bolivar-Petrolero-September-17-2015-Liga-Profesional-Boliviano
División de Fútbol Profesional,M,BOL,2016,1st,Torneo Apertura,8,Fri,2015-09-18,20:00,San José,1.0,Ciclón,1.0,3000.0,Estadio Jesús Bermúdez,Johnny Cuéllar,,https://fbref.com/en/matches/6a6aff89/San-Jose-Ciclon-September-18-2015-Liga-Profesional-Boliviano
División de Fútbol Profesional,M,BOL,2016,1st,Torneo Apertura,8,Sat,2015-09-19,17:15,Blooming,3.0,Nacional Potosí,2.0,2000.0,Estadio Victor Agustín Ugarte,Alvaro Campos,,https://fbref.com/en/matches/ca76b545/Blooming-Nacional-Potosi-September-19-2015-Liga-Profesional-Boliviano
División de Fútbol Profesional,M,BOL,2016,1st,Torneo Apertura,8,Sun,2015-09-20,15:00,Universitario,2.0,Wilstermann,2.0,4000.0,Estadio Olímpico Patria,Nelson Barro,,https://fbref.com/en/matches/5ae7946a/Universitario-de-Sucre-Jorge-Wilstermann-September-20-2015-Liga-Profesional-Boliviano
División de Fútbol Profesional,M,BOL,2016,1st,Torneo Apertura,8,Sun,2015-09-20,15:00,Sport Boys,1.0,The Strongest,2.0,5000.0,Estadio Samuel Vaca Jimenez,Óscar Maldonado,,https://fbref.com/en/matches/e4ff7619/Sport-Boys-Warnes-The-Strongest-September-20-2015-Liga-Profesional-Boliviano
División de Fútbol Profesional,M,BOL,2016,1st,Torneo Apertura,8,Sun,2015-09-20,19:30,Oriente Petrolero,6.0,Real Potosí,1.0,3500.0,Estadio Ramón Aguilera Costas,Jorge Mancilla,,https://fbref.com/en/matches/981abcba/Oriente-Petrolero-Real-Potosi-September-20-2015-Liga-Profesional-Boliviano
División de Fútbol Profesional,M,BOL,2016,1st,Torneo Apertura,9,Fri,2015-09-25,20:00,Real Potosí,1.0,Sport Boys,0.0,4000.0,Estadio Victor Agustín Ugarte,José Jordán,,https://fbref.com/en/matches/0ef6484e/Real-Potosi-Sport-Boys-Warnes-September-25-2015-Liga-Profesional-Boliviano
División de Fútbol Profesional,M,BOL,2016,1st,Torneo Apertura,9,Sat,2015-09-26,15:00,Petrolero,5.0,San José,2.0,2000.0,Estadio Provincial de Yacuiba,Jorge Mancilla,,https://fbref.com/en/matches/7ce17119/Petrolero-San-Jose-September-26-2015-Liga-Profesional-Boliviano
División de Fútbol Profesional,M,BOL,2016,1st,Torneo Apertura,9,Sat,2015-09-26,15:00,Ciclón,2.0,Nacional Potosí,2.0,5000.0,Estadio La Bombonera,Luis Irusta,,https://fbref.com/en/matches/fadf5c41/Ciclon-Nacional-Potosi-September-26-2015-Liga-Profesional-Boliviano
División de Fútbol Profesional,M,BOL,2016,1st,Torneo Apertura,9,Sun,2015-09-27,15:00,The Strongest,5.0,Universitario,0.0,10000.0,Estadio Hernando Siles,Jorge Luis Justiniano,,https://fbref.com/en/matches/c0d2275f/The-Strongest-Universitario-de-Sucre-September-27-2015-Liga-Profesional-Boliviano
División de Fútbol Profesional,M,BOL,2016,1st,Torneo Apertura,9,Sun,2015-09-27,17:15,Wilstermann,3.0,Bolívar,0.0,25000.0,Estadio Félix Capriles,Juan Garcia,,https://fbref.com/en/matches/48a15a87/Jorge-Wilstermann-Bolivar-September-27-2015-Liga-Profesional-Boliviano
División de Fútbol Profesional,M,BOL,2016,1st,Torneo Apertura,9,Sun,2015-09-27,19:30,Blooming,1.0,Oriente Petrolero,1.0,25000.0,Estadio Ramón Aguilera Costas,Óscar Maldonado,,https://fbref.com/en/matches/3e3db382/Blooming-Oriente-Petrolero-September-27-2015-Liga-Profesional-Boliviano
División de Fútbol Profesional,M,BOL,2016,1st,Torneo Apertura,11,Sun,2015-10-11,15:00,Petrolero,0.0,Oriente Petrolero,1.0,3000.0,Estadio Provincial de Yacuiba,Orlando Quintana,,https://fbref.com/en/matches/22548878/Petrolero-Oriente-Petrolero-October-11-2015-Liga-Profesional-Boliviano
División de Fútbol Profesional,M,BOL,2016,1st,Torneo Apertura,10,Fri,2015-10-16,20:00,Nacional Potosí,4.0,Petrolero,0.0,2000.0,Estadio Victor Agustín Ugarte,Alvaro Campos,,https://fbref.com/en/matches/c960c776/Nacional-Potosi-Petrolero-October-16-2015-Liga-Profesional-Boliviano
División de Fútbol Profesional,M,BOL,2016,1st,Torneo Apertura,10,Sat,2015-10-17,15:00,Sport Boys,1.0,Blooming,1.0,4000.0,Estadio Samuel Vaca Jimenez,Raúl Orozco,,https://fbref.com/en/matches/bc139f8a/Sport-Boys-Warnes-Blooming-October-17-2015-Liga-Profesional-Boliviano
División de Fútbol Profesional,M,BOL,2016,1st,Torneo Apertura,10,Sun,2015-10-18,15:00,Universitario,5.0,Real Potosí,0.0,5000.0,Estadio Olímpico Patria,Johnny Cuéllar,,https://fbref.com/en/matches/01b442b0/Universitario-de-Sucre-Real-Potosi-October-18-2015-Liga-Profesional-Boliviano
División de Fútbol Profesional,M,BOL,2016,1st,Torneo Apertura,10,Sun,2015-10-18,15:00,San José,1.0,Bolívar,3.0,12000.0,Estadio Jesús Bermúdez,Jorge Antequera,,https://fbref.com/en/matches/32dfdb74/San-Jose-Bolivar-October-18-2015-Liga-Profesional-Boliviano
División de Fútbol Profesional,M,BOL,2016,1st,Torneo Apertura,10,Sun,2015-10-18,17:15,The Strongest,1.0,Wilstermann,2.0,20000.0,Estadio Hernando Siles,Jorge Mancilla,,https://fbref.com/en/matches/7de5d259/The-Strongest-Jorge-Wilstermann-October-18-2015-Liga-Profesional-Boliviano
División de Fútbol Profesional,M,BOL,2016,1st,Torneo Apertura,10,Sun,2015-10-18,19:30,Oriente Petrolero,1.0,Ciclón,1.0,6000.0,Estadio Ramón Aguilera Costas,Hostin Prado,,https://fbref.com/en/matches/26954190/Oriente-Petrolero-Ciclon-October-18-2015-Liga-Profesional-Boliviano
División de Fútbol Profesional,M,BOL,2016,1st,Torneo Apertura,11,Wed,2015-10-21,20:00,Bolívar,6.0,Nacional Potosí,3.0,9000.0,Estadio Hernando Siles,Jorge Luis Justiniano,,https://fbref.com/en/matches/09a36eab/Bolivar-Nacional-Potosi-October-21-2015-Liga-Profesional-Boliviano
División de Fútbol Profesional,M,BOL,2016,1st,Torneo Apertura,11,Wed,2015-10-21,20:00,Real Potosí,1.0,The Strongest,2.0,4000.0,Estadio Victor Agustín Ugarte,Óscar Maldonado,,https://fbref.com/en/matches/7b0456f2/Real-Potosi-The-Strongest-October-21-2015-Liga-Profesional-Boliviano
División de Fútbol Profesional,M,BOL,2016,1st,Torneo Apertura,11,Thu,2015-10-22,15:00,Ciclón,1.0,Sport Boys,2.0,3000.0,Estadio La Bombonera,Edson Rios,,https://fbref.com/en/matches/616487ea/Ciclon-Sport-Boys-Warnes-October-22-2015-Liga-Profesional-Boliviano
División de Fútbol Profesional,M,BOL,2016,1st,Torneo Apertura,11,Thu,2015-10-22,20:00,Wilstermann,1.0,San José,1.0,15000.0,Estadio Félix Capriles,José Jordán,,https://fbref.com/en/matches/b1a0f5fd/Jorge-Wilstermann-San-Jose-October-22-2015-Liga-Profesional-Boliviano
División de Fútbol Profesional,M,BOL,2016,1st,Torneo Apertura,11,Thu,2015-10-22,20:30,Blooming,2.0,Universitario,2.0,5000.0,Estadio Ramón Aguilera Costas,Luis Irusta,,https://fbref.com/en/matches/68f58be0/Blooming-Universitario-de-Sucre-October-22-2015-Liga-Profesional-Boliviano
División de Fútbol Profesional,M,BOL,2016,1st,Torneo Apertura,12,Sat,2015-10-24,15:00,San José,3.0,Nacional Potosí,2.0,4000.0,Estadio Jesús Bermúdez,Paolo Jemio,,https://fbref.com/en/matches/a7fa0289/San-Jose-Nacional-Potosi-October-24-2015-Liga-Profesional-Boliviano
División de Fútbol Profesional,M,BOL,2016,1st,Torneo Apertura,12,Sun,2015-10-25,15:00,Blooming,1.0,The Strongest,0.0,5000.0,Estadio Ramón Aguilera Costas,Raúl Orozco,,https://fbref.com/en/matches/6f472ae7/Blooming-The-Strongest-October-25-2015-Liga-Profesional-Boliviano
División de Fútbol Profesional,M,BOL,2016,1st,Torneo Apertura,12,Sun,2015-10-25,15:00,Ciclón,0.0,Universitario,2.0,3000.0,Estadio La Bombonera,Juan Garcia,,https://fbref.com/en/matches/9385b00c/Ciclon-Universitario-de-Sucre-October-25-2015-Liga-Profesional-Boliviano
División de Fútbol Profesional,M,BOL,2016,1st,Torneo Apertura,12,Sun,2015-10-25,15:00,Petrolero,0.0,Sport Boys,1.0,2000.0,Estadio Provincial de Yacuiba,Luis Mancilla,,https://fbref.com/en/matches/eb272863/Petrolero-Sport-Boys-Warnes-October-25-2015-Liga-Profesional-Boliviano
División de Fútbol Profesional,M,BOL,2016,1st,Torneo Apertura,12,Sun,2015-10-25,19:30,Real Potosí,2.0,Wilstermann,0.0,2000.0,Estadio Victor Agustín Ugarte,Jorge Antequera,,https://fbref.com/en/matches/e897512d/Real-Potosi-Jorge-Wilstermann-October-25-2015-Liga-Profesional-Boliviano
División de Fútbol Profesional,M,BOL,2016,1st,Torneo Apertura,12,Sun,2015-10-25,20:00,Bolívar,2.0,Oriente Petrolero,0.0,10000.0,Estadio Hernando Siles,Jorge Mancilla,,https://fbref.com/en/matches/43c62cbf/Bolivar-Oriente-Petrolero-October-25-2015-Liga-Profesional-Boliviano
División de Fútbol Profesional,M,BOL,2016,1st,Torneo Apertura,13,Wed,2015-10-28,20:00,Real Potosí,2.0,Blooming,1.0,3000.0,Estadio Victor Agustín Ugarte,Johnny Cuéllar,,https://fbref.com/en/matches/14b72753/Real-Potosi-Blooming-October-28-2015-Liga-Profesional-Boliviano
División de Fútbol Profesional,M,BOL,2016,1st,Torneo Apertura,13,Wed,2015-10-28,20:00,Wilstermann,4.0,Nacional Potosí,3.0,8000.0,Estadio Félix Capriles,Alvaro Campos,,https://fbref.com/en/matches/4fce97c5/Jorge-Wilstermann-Nacional-Potosi-October-28-2015-Liga-Profesional-Boliviano
División de Fútbol Profesional,M,BOL,2016,1st,Torneo Apertura,13,Wed,2015-10-28,20:00,The Strongest,2.0,Ciclón,1.0,10000.0,Estadio Hernando Siles,Victor Hurtado,,https://fbref.com/en/matches/a54f3e09/The-Strongest-Ciclon-October-28-2015-Liga-Profesional-Boliviano
División de Fútbol Profesional,M,BOL,2016,1st,Torneo Apertura,13,Wed,2015-10-28,20:00,Universitario,3.0,Petrolero,0.0,7000.0,Estadio Olímpico Patria,Ivo Mendez,,https://fbref.com/en/matches/e1b76839/Universitario-de-Sucre-Petrolero-October-28-2015-Liga-Profesional-Boliviano
División de Fútbol Profesional,M,BOL,2016,1st,Torneo Apertura,13,Thu,2015-10-29,15:00,Sport Boys,4.0,Bolívar,1.0,2000.0,Estadio Samuel Vaca Jimenez,Óscar Maldonado,,https://fbref.com/en/matches/ea39a01e/Sport-Boys-Warnes-Bolivar-October-29-2015-Liga-Profesional-Boliviano
División de Fútbol Profesional,M,BOL,2016,1st,Torneo Apertura,14,Sat,2015-10-31,15:00,Petrolero,2.0,The Strongest,1.0,3000.0,Estadio Provincial de Yacuiba,Juan Garcia,,https://fbref.com/en/matches/66bfa085/Petrolero-The-Strongest-October-31-2015-Liga-Profesional-Boliviano
División de Fútbol Profesional,M,BOL,2016,1st,Torneo Apertura,14,Sat,2015-10-31,17:15,Nacional Potosí,1.0,Oriente Petrolero,1.0,2000.0,Estadio Victor Agustín Ugarte,Luis Irusta,,https://fbref.com/en/matches/d6c761e6/Nacional-Potosi-Oriente-Petrolero-October-31-2015-Liga-Profesional-Boliviano
División de Fútbol Profesional,M,BOL,2016,1st,Torneo Apertura,14,Sun,2015-11-01,15:00,Ciclón,2.0,Real Potosí,0.0,2000.0,Estadio La Bombonera,David Miranda,,https://fbref.com/en/matches/6b5dd27e/Ciclon-Real-Potosi-November-1-2015-Liga-Profesional-Boliviano
División de Fútbol Profesional,M,BOL,2016,1st,Torneo Apertura,14,Sun,2015-11-01,15:00,Sport Boys,2.0,San José,1.0,3000.0,Estadio Samuel Vaca Jimenez,Jorge Mancilla,,https://fbref.com/en/matches/c913558d/Sport-Boys-Warnes-San-Jose-November-1-2015-Liga-Profesional-Boliviano
División de Fútbol Profesional,M,BOL,2016,1st,Torneo Apertura,14,Sun,2015-11-01,16:00,Bolívar,5.0,Universitario,2.0,7000.0,Estadio Hernando Siles,Raúl Orozco,,https://fbref.com/en/matches/97347e86/Bolivar-Universitario-de-Sucre-November-1-2015-Liga-Profesional-Boliviano
División de Fútbol Profesional,M,BOL,2016,1st,Torneo Apertura,14,Sun,2015-11-01,16:00,Blooming,3.0,Wilstermann,1.0,5000.0,Estadio Ramón Aguilera Costas,Gery Vargas,,https://fbref.com/en/matches/ddae3804/Blooming-Jorge-Wilstermann-November-1-2015-Liga-Profesional-Boliviano
División de Fútbol Profesional,M,BOL,2016,1st,Torneo Apertura,16,Sun,2015-11-15,16:00,Nacional Potosí,2.0,Universitario,2.0,2000.0,Estadio Victor Agustín Ugarte,Luis Mancilla,,https://fbref.com/en/matches/bdb452ca/Nacional-Potosi-Universitario-de-Sucre-November-15-2015-Liga-Profesional-Boliviano
División de Fútbol Profesional,M,BOL,2016,1st,Torneo Apertura,15,Fri,2015-11-20,15:00,Sport Boys,1.0,Nacional Potosí,0.0,2000.0,Estadio Samuel Vaca Jimenez,José Jordán,,https://fbref.com/en/matches/46b4a525/Sport-Boys-Warnes-Nacional-Potosi-November-20-2015-Liga-Profesional-Boliviano
División de Fútbol Profesional,M,BOL,2016,1st,Torneo Apertura,15,Sat,2015-11-21,15:00,Universitario,1.0,San José,0.0,5000.0,Estadio Olímpico Patria,Jorge Luis Justiniano,,https://fbref.com/en/matches/3bca1919/Universitario-de-Sucre-San-Jose-November-21-2015-Liga-Profesional-Boliviano
División de Fútbol Profesional,M,BOL,2016,1st,Torneo Apertura,15,Sat,2015-11-21,19:00,Oriente Petrolero,2.0,Wilstermann,1.0,7000.0,Estadio Ramón Aguilera Costas,Jorge Mancilla,,https://fbref.com/en/matches/8b42492f/Oriente-Petrolero-Jorge-Wilstermann-November-21-2015-Liga-Profesional-Boliviano
División de Fútbol Profesional,M,BOL,2016,1st,Torneo Apertura,15,Sun,2015-11-22,15:00,Real Potosí,2.0,Petrolero,1.0,2000.0,Estadio Victor Agustín Ugarte,Johnny Cuéllar,,https://fbref.com/en/matches/3da26966/Real-Potosi-Petrolero-November-22-2015-Liga-Profesional-Boliviano
División de Fútbol Profesional,M,BOL,2016,1st,Torneo Apertura,15,Sun,2015-11-22,17:15,The Strongest,2.0,Bolívar,3.0,25000.0,Estadio Hernando Siles,Gery Vargas,,https://fbref.com/en/matches/1b1ba215/The-Strongest-Bolivar-November-22-2015-Liga-Profesional-Boliviano
División de Fútbol Profesional,M,BOL,2016,1st,Torneo Apertura,15,Sun,2015-11-22,19:30,Blooming,2.0,Ciclón,3.0,7000.0,Estadio Ramón Aguilera Costas,Orlando Quintana,,https://fbref.com/en/matches/acf146c6/Blooming-Ciclon-November-22-2015-Liga-Profesional-Boliviano
División de Fútbol Profesional,M,BOL,2016,1st,Torneo Apertura,16,Tue,2015-11-24,20:00,Oriente Petrolero,1.0,Sport Boys,0.0,9000.0,Estadio Ramón Aguilera Costas,Raúl Orozco,,https://fbref.com/en/matches/49368138/Oriente-Petrolero-Sport-Boys-Warnes-November-24-2015-Liga-Profesional-Boliviano
División de Fútbol Profesional,M,BOL,2016,1st,Torneo Apertura,16,Wed,2015-11-25,15:00,Ciclón,2.0,Wilstermann,0.0,2000.0,Estadio La Bombonera,Jorge Antequera,,https://fbref.com/en/matches/fc91b9e1/Ciclon-Jorge-Wilstermann-November-25-2015-Liga-Profesional-Boliviano
División de Fútbol Profesional,M,BOL,2016,1st,Torneo Apertura,16,Thu,2015-11-26,15:00,San José,1.0,The Strongest,1.0,5000.0,Estadio Jesús Bermúdez,Jorge Mancilla,,https://fbref.com/en/matches/e3050bc3/San-Jose-The-Strongest-November-26-2015-Liga-Profesional-Boliviano
División de Fútbol Profesional,M,BOL,2016,1st,Torneo Apertura,16,Thu,2015-11-26,15:00,Petrolero,1.0,Blooming,1.0,2000.0,Estadio Provincial de Yacuiba,Paolo Jemio,,https://fbref.com/en/matches/fd3b43a4/Petrolero-Blooming-November-26-2015-Liga-Profesional-Boliviano
División de Fútbol Profesional,M,BOL,2016,1st,Torneo Apertura,16,Thu,2015-11-26,20:00,Real Potosí,2.0,Bolívar,5.0,5000.0,Estadio Victor Agustín Ugarte,Óscar Maldonado,,https://fbref.com/en/matches/76380dc1/Real-Potosi-Bolivar-November-26-2015-Liga-Profesional-Boliviano
División de Fútbol Profesional,M,BOL,2016,1st,Torneo Apertura,17,Sat,2015-11-28,20:00,Wilstermann,2.0,Sport Boys,0.0,12000.0,Estadio Félix Capriles,José Jordán,,https://fbref.com/en/matches/e8859f40/Jorge-Wilstermann-Sport-Boys-Warnes-November-28-2015-Liga-Profesional-Boliviano
División de Fútbol Profesional,M,BOL,2016,1st,Torneo Apertura,17,Sun,2015-11-29,15:00,Ciclón,1.0,Petrolero,0.0,15000.0,Estadio La Bombonera,Johnny Cuéllar,,https://fbref.com/en/matches/3079abc0/Ciclon-Petrolero-November-29-2015-Liga-Profesional-Boliviano
División de Fútbol Profesional,M,BOL,2016,1st,Torneo Apertura,17,Sun,2015-11-29,15:00,Universitario,3.0,Oriente Petrolero,2.0,5000.0,Estadio Olímpico Patria,Óscar Maldonado,,https://fbref.com/en/matches/72169198/Universitario-de-Sucre-Oriente-Petrolero-November-29-2015-Liga-Profesional-Boliviano
División de Fútbol Profesional,M,BOL,2016,1st,Torneo Apertura,17,Sun,2015-11-29,15:00,Real Potosí,1.0,San José,3.0,3000.0,Estadio Victor Agustín Ugarte,Jorge Antequera,,https://fbref.com/en/matches/d5ba8047/Real-Potosi-San-Jose-November-29-2015-Liga-Profesional-Boliviano
División de Fútbol Profesional,M,BOL,2016,1st,Torneo Apertura,17,Sun,2015-11-29,17:15,Blooming,2.0,Bolívar,2.0,9500.0,Estadio Ramón Aguilera Costas,Raúl Orozco,,https://fbref.com/en/matches/d375108f/Blooming-Bolivar-November-29-2015-Liga-Profesional-Boliviano
División de Fútbol Profesional,M,BOL,2016,1st,Torneo Apertura,17,Sun,2015-11-29,19:30,The Strongest,4.0,Nacional Potosí,2.0,9000.0,Estadio Hernando Siles,Alvaro Campos,,https://fbref.com/en/matches/f9bb681d/The-Strongest-Nacional-Potosi-November-29-2015-Liga-Profesional-Boliviano
División de Fútbol Profesional,M,BOL,2016,1st,Torneo Apertura,13,Wed,2015-12-02,21:12,Oriente Petrolero,0.0,San José,0.0,7000.0,Estadio Ramón Aguilera Costas,Victor Hurtado,,https://fbref.com/en/matches/34cacf2e/Oriente-Petrolero-San-Jose-December-2-2015-Liga-Profesional-Boliviano
División de Fútbol Profesional,M,BOL,2016,1st,Torneo Apertura,18,Sat,2015-12-05,15:30,San José,2.0,Blooming,0.0,6000.0,Estadio Jesús Bermúdez,Jordy Aleman,,https://fbref.com/en/matches/8626156d/San-Jose-Blooming-December-5-2015-Liga-Profesional-Boliviano
División de Fútbol Profesional,M,BOL,2016,1st,Torneo Apertura,18,Sun,2015-12-06,15:00,Petrolero,1.0,Wilstermann,1.0,2000.0,Estadio Provincial de Yacuiba,Ivo Mendez,,https://fbref.com/en/matches/e1d53169/Petrolero-Jorge-Wilstermann-December-6-2015-Liga-Profesional-Boliviano
División de Fútbol Profesional,M,BOL,2016,1st,Torneo Apertura,18,Sun,2015-12-06,15:30,Nacional Potosí,2.0,Real Potosí,1.0,9000.0,Estadio Victor Agustín Ugarte,David Miranda,,https://fbref.com/en/matches/02b42825/Nacional-Potosi-Real-Potosi-December-6-2015-Liga-Profesional-Boliviano
División de Fútbol Profesional,M,BOL,2016,1st,Torneo Apertura,18,Sun,2015-12-06,16:30,Bolívar,0.0,Ciclón,1.0,10000.0,Estadio Hernando Siles,Óscar Maldonado,,https://fbref.com/en/matches/fc839bf8/Bolivar-Ciclon-December-6-2015-Liga-Profesional-Boliviano
División de Fútbol Profesional,M,BOL,2016,1st,Torneo Apertura,18,Sun,2015-12-06,17:15,Oriente Petrolero,1.0,The Strongest,1.0,8000.0,Estadio Ramón Aguilera Costas,José Jordán,,https://fbref.com/en/matches/b819832f/Oriente-Petrolero-The-Strongest-December-6-2015-Liga-Profesional-Boliviano
División de Fútbol Profesional,M,BOL,2016,1st,Torneo Apertura,18,Sun,2015-12-06,19:30,Universitario,1.0,Sport Boys,1.0,7000.0,Estadio Olímpico Patria,Jorge Mancilla,,https://fbref.com/en/matches/cac00106/Universitario-de-Sucre-Sport-Boys-Warnes-December-6-2015-Liga-Profesional-Boliviano
División de Fútbol Profesional,M,BOL,2016,1st,Torneo Apertura,19,Wed,2015-12-09,15:00,Petrolero,0.0,Bolívar,1.0,3000.0,Estadio Provincial de Yacuiba,Hostin Prado,,https://fbref.com/en/matches/fad4d6ec/Petrolero-Bolivar-December-9-2015-Liga-Profesional-Boliviano
División de Fútbol Profesional,M,BOL,2016,1st,Torneo Apertura,19,Wed,2015-12-09,19:00,Real Potosí,6.0,Oriente Petrolero,1.0,6000.0,Estadio Victor Agustín Ugarte,Alvaro Campos,,https://fbref.com/en/matches/a887f722/Real-Potosi-Oriente-Petrolero-December-9-2015-Liga-Profesional-Boliviano
División de Fútbol Profesional,M,BOL,2016,1st,Torneo Apertura,19,Wed,2015-12-09,20:00,Wilstermann,4.0,Universitario,4.0,10000.0,Estadio Félix Capriles,Jorge Antequera,,https://fbref.com/en/matches/3706039c/Jorge-Wilstermann-Universitario-de-Sucre-December-9-2015-Liga-Profesional-Boliviano
División de Fútbol Profesional,M,BOL,2016,1st,Torneo Apertura,19,Wed,2015-12-09,21:15,Nacional Potosí,1.0,Blooming,1.0,6000.0,Estadio Victor Agustín Ugarte,Johnny Cuéllar,,https://fbref.com/en/matches/4d73ee9b/Nacional-Potosi-Blooming-December-9-2015-Liga-Profesional-Boliviano
División de Fútbol Profesional,M,BOL,2016,1st,Torneo Apertura,19,Thu,2015-12-10,15:00,Ciclón,3.0,San José,1.0,10000.0,Estadio La Bombonera,Paolo Jemio,,https://fbref.com/en/matches/a76a3bb0/Ciclon-San-Jose-December-10-2015-Liga-Profesional-Boliviano
División de Fútbol Profesional,M,BOL,2016,1st,Torneo Apertura,19,Thu,2015-12-10,20:00,The Strongest,1.0,Sport Boys,2.0,20000.0,Estadio Hernando Siles,José Jordán,,https://fbref.com/en/matches/74d026e8/The-Strongest-Sport-Boys-Warnes-December-10-2015-Liga-Profesional-Boliviano
División de Fútbol Profesional,M,BOL,2016,1st,Torneo Apertura,20,Sun,2015-12-13,15:00,Bolívar,2.0,Wilstermann,0.0,12000.0,Estadio Hernando Siles,Jorge Mancilla,,https://fbref.com/en/matches/78be01ab/Bolivar-Jorge-Wilstermann-December-13-2015-Liga-Profesional-Boliviano
División de Fútbol Profesional,M,BOL,2016,1st,Torneo Apertura,20,Sun,2015-12-13,15:00,San José,1.0,Petrolero,0.0,3000.0,Estadio Jesús Bermúdez,Edson Rios,,https://fbref.com/en/matches/e9cd185c/San-Jose-Petrolero-December-13-2015-Liga-Profesional-Boliviano
División de Fútbol Profesional,M,BOL,2016,1st,Torneo Apertura,20,Sun,2015-12-13,15:30,Nacional Potosí,3.0,Ciclón,1.0,4000.0,Estadio Victor Agustín Ugarte,Ivo Mendez,,https://fbref.com/en/matches/52724536/Nacional-Potosi-Ciclon-December-13-2015-Liga-Profesional-Boliviano
División de Fútbol Profesional,M,BOL,2016,1st,Torneo Apertura,20,Sun,2015-12-13,17:15,Universitario,0.0,The Strongest,2.0,7000.0,Estadio Olímpico Patria,Raúl Orozco,,https://fbref.com/en/matches/da365a29/Universitario-de-Sucre-The-Strongest-December-13-2015-Liga-Profesional-Boliviano
División de Fútbol Profesional,M,BOL,2016,1st,Torneo Apertura,20,Sun,2015-12-13,19:30,Oriente Petrolero,4.0,Blooming,2.0,22000.0,Estadio Ramón Aguilera Costas,Luis Irusta,,https://fbref.com/en/matches/19ec75e8/Oriente-Petrolero-Blooming-December-13-2015-Liga-Profesional-Boliviano
División de Fútbol Profesional,M,BOL,2016,1st,Torneo Apertura,20,Mon,2015-12-14,15:00,Sport Boys,1.0,Real Potosí,0.0,3000.0,Estadio Samuel Vaca Jimenez,Hostin Prado,,https://fbref.com/en/matches/21541b47/Sport-Boys-Warnes-Real-Potosi-December-14-2015-Liga-Profesional-Boliviano
División de Fútbol Profesional,M,BOL,2016,1st,Torneo Apertura,21,Wed,2015-12-16,16:00,Petrolero,1.0,Nacional Potosí,1.0,2000.0,Estadio Provincial de Yacuiba,Luis Mancilla,,https://fbref.com/en/matches/47f94e43/Petrolero-Nacional-Potosi-December-16-2015-Liga-Profesional-Boliviano
División de Fútbol Profesional,M,BOL,2016,1st,Torneo Apertura,21,Wed,2015-12-16,16:00,Ciclón,1.0,Oriente Petrolero,4.0,4000.0,Estadio La Bombonera,Orlando Quintana,,https://fbref.com/en/matches/c45a2099/Ciclon-Oriente-Petrolero-December-16-2015-Liga-Profesional-Boliviano
División de Fútbol Profesional,M,BOL,2016,1st,Torneo Apertura,21,Thu,2015-12-17,20:00,Blooming,1.0,Sport Boys,0.0,5000.0,Estadio Ramón Aguilera Costas,Óscar Maldonado,,https://fbref.com/en/matches/10dad850/Blooming-Sport-Boys-Warnes-December-17-2015-Liga-Profesional-Boliviano
División de Fútbol Profesional,M,BOL,2016,1st,Torneo Apertura,21,Thu,2015-12-17,20:00,Real Potosí,2.0,Universitario,3.0,3000.0,Estadio Victor Agustín Ugarte,Jorge Antequera,,https://fbref.com/en/matches/6406abf1/Real-Potosi-Universitario-de-Sucre-December-17-2015-Liga-Profesional-Boliviano
División de Fútbol Profesional,M,BOL,2016,1st,Torneo Apertura,21,Thu,2015-12-17,20:00,Bolívar,2.0,San José,5.0,15000.0,Estadio Hernando Siles,Raúl Orozco,,https://fbref.com/en/matches/660bed80/Bolivar-San-Jose-December-17-2015-Liga-Profesional-Boliviano
División de Fútbol Profesional,M,BOL,2016,1st,Torneo Apertura,21,Thu,2015-12-17,20:00,Wilstermann,1.0,The Strongest,1.0,6000.0,Estadio Félix Capriles,Jorge Mancilla,,https://fbref.com/en/matches/6a19227a/Jorge-Wilstermann-The-Strongest-December-17-2015-Liga-Profesional-Boliviano
División de Fútbol Profesional,M,BOL,2016,1st,Torneo Apertura,22,Sat,2015-12-19,18:00,Oriente Petrolero,1.0,Petrolero,0.0,2000.0,Estadio Ramón Aguilera Costas,David Miranda,,https://fbref.com/en/matches/631285dd/Oriente-Petrolero-Petrolero-December-19-2015-Liga-Profesional-Boliviano
División de Fútbol Profesional,M,BOL,2016,1st,Torneo Apertura,22,Sun,2015-12-20,15:30,Nacional Potosí,0.0,Bolívar,3.0,6134.0,Estadio Victor Agustín Ugarte,José Jordán,,https://fbref.com/en/matches/107409ac/Nacional-Potosi-Bolivar-December-20-2015-Liga-Profesional-Boliviano
División de Fútbol Profesional,M,BOL,2016,1st,Torneo Apertura,22,Sun,2015-12-20,15:30,Sport Boys,3.0,Ciclón,0.0,6000.0,Estadio Samuel Vaca Jimenez,Jorge Mancilla,,https://fbref.com/en/matches/5114b316/Sport-Boys-Warnes-Ciclon-December-20-2015-Liga-Profesional-Boliviano
División de Fútbol Profesional,M,BOL,2016,1st,Torneo Apertura,22,Sun,2015-12-20,15:30,The Strongest,1.0,Real Potosí,1.0,2000.0,Estadio Hernando Siles,Alvaro Campos,,https://fbref.com/en/matches/9e8d4fa9/The-Strongest-Real-Potosi-December-20-2015-Liga-Profesional-Boliviano
División de Fútbol Profesional,M,BOL,2016,1st,Torneo Apertura,22,Sun,2015-12-20,15:30,Universitario,4.0,Blooming,2.0,3000.0,Estadio Olímpico Patria,Nelson Barro,,https://fbref.com/en/matches/b04dea6e/Universitario-de-Sucre-Blooming-December-20-2015-Liga-Profesional-Boliviano
División de Fútbol Profesional,M,BOL,2016,1st,Torneo Apertura,22,Sun,2015-12-20,15:30,San José,0.0,Wilstermann,2.0,7000.0,Estadio Jesús Bermúdez,Ronald Mercado,,https://fbref.com/en/matches/f0347dc4/San-Jose-Jorge-Wilstermann-December-20-2015-Liga-Profesional-Boliviano
División de Fútbol Profesional,M,BOL,2016,1st,Torneo Clausura,1,Fri,2016-01-22,20:00,Universitario,4.0,Real Potosí,2.0,5000.0,Estadio Olímpico Patria,Gery Vargas,,https://fbref.com/en/matches/bf66667d/Universitario-de-Sucre-Real-Potosi-January-22-2016-Liga-Profesional-Boliviano
División de Fútbol Profesional,M,BOL,2016,1st,Torneo Clausura,1,Sat,2016-01-23,15:30,San José,1.0,Sport Boys,1.0,6000.0,Estadio Jesús Bermúdez,Raúl Orozco,,https://fbref.com/en/matches/e3a88cdf/San-Jose-Sport-Boys-Warnes-January-23-2016-Liga-Profesional-Boliviano
División de Fútbol Profesional,M,BOL,2016,1st,Torneo Clausura,1,Sun,2016-01-24,15:00,Ciclón,2.0,Petrolero,2.0,3000.0,Estadio La Bombonera,Jorge Antequera,,https://fbref.com/en/matches/78460d10/Ciclon-Petrolero-January-24-2016-Liga-Profesional-Boliviano
División de Fútbol Profesional,M,BOL,2016,1st,Torneo Clausura,1,Sun,2016-01-24,16:00,Bolívar,1.0,Oriente Petrolero,0.0,11000.0,Estadio Hernando Siles,Jorge Mancilla,,https://fbref.com/en/matches/6f0244f2/Bolivar-Oriente-Petrolero-January-24-2016-Liga-Profesional-Boliviano
División de Fútbol Profesional,M,BOL,2016,1st,Torneo Clausura,1,Sun,2016-01-24,17:15,Nacional Potosí,0.0,Wilstermann,1.0,2000.0,Estadio Victor Agustín Ugarte,Juan Garcia,,https://fbref.com/en/matches/27630d2a/Nacional-Potosi-Jorge-Wilstermann-January-24-2016-Liga-Profesional-Boliviano
División de Fútbol Profesional,M,BOL,2016,1st,Torneo Clausura,1,Sun,2016-01-24,19:30,Blooming,1.0,The Strongest,0.0,6000.0,Estadio Ramón Aguilera Costas,José Jordán,,https://fbref.com/en/matches/8cf89cc4/Blooming-The-Strongest-January-24-2016-Liga-Profesional-Boliviano
División de Fútbol Profesional,M,BOL,2016,1st,Torneo Clausura,2,Wed,2016-01-27,20:00,Real Potosí,4.0,Ciclón,0.0,4000.0,Estadio Victor Agustín Ugarte,Juan Garcia,,https://fbref.com/en/matches/1e380a5b/Real-Potosi-Ciclon-January-27-2016-Liga-Profesional-Boliviano
División de Fútbol Profesional,M,BOL,2016,1st,Torneo Clausura,2,Wed,2016-01-27,20:30,Oriente Petrolero,1.0,Universitario,1.0,8000.0,Estadio Ramón Aguilera Costas,Nelson Barro,,https://fbref.com/en/matches/4aa33eff/Oriente-Petrolero-Universitario-de-Sucre-January-27-2016-Liga-Profesional-Boliviano
División de Fútbol Profesional,M,BOL,2016,1st,Torneo Clausura,2,Thu,2016-01-28,15:00,Sport Boys,3.0,Nacional Potosí,1.0,1500.0,Estadio Samuel Vaca Jimenez,Jorge Antequera,,https://fbref.com/en/matches/6d910fcc/Sport-Boys-Warnes-Nacional-Potosi-January-28-2016-Liga-Profesional-Boliviano
División de Fútbol Profesional,M,BOL,2016,1st,Torneo Clausura,2,Thu,2016-01-28,20:00,San José,2.0,Bolívar,0.0,18000.0,Estadio Jesús Bermúdez,Óscar Maldonado,,https://fbref.com/en/matches/07e9d93d/San-Jose-Bolivar-January-28-2016-Liga-Profesional-Boliviano
División de Fútbol Profesional,M,BOL,2016,1st,Torneo Clausura,2,Thu,2016-01-28,20:00,Wilstermann,1.0,Blooming,0.0,12000.0,Estadio Félix Capriles,Johnny Cuéllar,,https://fbref.com/en/matches/a893d0e0/Jorge-Wilstermann-Blooming-January-28-2016-Liga-Profesional-Boliviano
División de Fútbol Profesional,M,BOL,2016,1st,Torneo Clausura,2,Thu,2016-01-28,20:00,The Strongest,2.0,Petrolero,0.0,6114.0,Estadio Hernando Siles,Gery Vargas,,https://fbref.com/en/matches/c55be486/The-Strongest-Petrolero-January-28-2016-Liga-Profesional-Boliviano
División de Fútbol Profesional,M,BOL,2016,1st,Torneo Clausura,3,Sun,2016-01-31,15:00,Petrolero,2.0,Blooming,0.0,2000.0,Estadio Provincial de Yacuiba,Raúl Orozco,,https://fbref.com/en/matches/5c4678e3/Petrolero-Blooming-January-31-2016-Liga-Profesional-Boliviano
División de Fútbol Profesional,M,BOL,2016,1st,Torneo Clausura,3,Sun,2016-01-31,15:00,Ciclón,1.0,San José,0.0,3000.0,Estadio La Bombonera,David Miranda,,https://fbref.com/en/matches/7eb9f532/Ciclon-San-Jose-January-31-2016-Liga-Profesional-Boliviano
División de Fútbol Profesional,M,BOL,2016,1st,Torneo Clausura,3,Sun,2016-01-31,15:00,Wilstermann,2.0,Bolívar,2.0,20000.0,Estadio Félix Capriles,Gery Vargas,,https://fbref.com/en/matches/d10ae528/Jorge-Wilstermann-Bolivar-January-31-2016-Liga-Profesional-Boliviano
División de Fútbol Profesional,M,BOL,2016,1st,Torneo Clausura,3,Sun,2016-01-31,17:15,Real Potosí,1.0,Nacional Potosí,2.0,4000.0,Estadio Victor Agustín Ugarte,Jorge Mancilla,,https://fbref.com/en/matches/b3bb9e53/Real-Potosi-Nacional-Potosi-January-31-2016-Liga-Profesional-Boliviano
División de Fútbol Profesional,M,BOL,2016,1st,Torneo Clausura,3,Sun,2016-01-31,19:30,Oriente Petrolero,1.0,Sport Boys,1.0,8000.0,Estadio Ramón Aguilera Costas,Jorge Antequera,,https://fbref.com/en/matches/b1721290/Oriente-Petrolero-Sport-Boys-Warnes-January-31-2016-Liga-Profesional-Boliviano
División de Fútbol Profesional,M,BOL,2016,1st,Torneo Clausura,3,Mon,2016-02-01,20:00,The Strongest,1.0,Universitario,0.0,7000.0,Estadio Hernando Siles,Juan Garcia,,https://fbref.com/en/matches/b65831b9/The-Strongest-Universitario-de-Sucre-February-1-2016-Liga-Profesional-Boliviano
División de Fútbol Profesional,M,BOL,2016,1st,Torneo Clausura,4,Wed,2016-02-03,20:00,Sport Boys,1.0,Wilstermann,1.0,5000.0,Estadio Samuel Vaca Jimenez,Wilson Estrada,,https://fbref.com/en/matches/9dca7577/Sport-Boys-Warnes-Jorge-Wilstermann-February-3-2016-Liga-Profesional-Boliviano
División de Fútbol Profesional,M,BOL,2016,1st,Torneo Clausura,4,Wed,2016-02-03,20:00,Bolívar,2.0,Real Potosí,0.0,8000.0,Estadio Hernando Siles,Raúl Orozco,,https://fbref.com/en/matches/ed6a3acc/Bolivar-Real-Potosi-February-3-2016-Liga-Profesional-Boliviano
División de Fútbol Profesional,M,BOL,2016,1st,Torneo Clausura,4,Thu,2016-02-04,20:00,Universitario,1.0,Petrolero,1.0,4000.0,Estadio Olímpico Patria,Juan Garcia,,https://fbref.com/en/matches/5978d3d2/Universitario-de-Sucre-Petrolero-February-4-2016-Liga-Profesional-Boliviano
División de Fútbol Profesional,M,BOL,2016,1st,Torneo Clausura,4,Fri,2016-02-05,20:00,Blooming,2.0,Ciclón,0.0,2000.0,Estadio Ramón Aguilera Costas,Gery Vargas,,https://fbref.com/en/matches/c07e9a9f/Blooming-Ciclon-February-5-2016-Liga-Profesional-Boliviano
División de Fútbol Profesional,M,BOL,2016,1st,Torneo Clausura,4,Sat,2016-02-06,15:00,Nacional Potosí,2.0,The Strongest,1.0,5000.0,Estadio Victor Agustín Ugarte,Jorge Antequera,,https://fbref.com/en/matches/b9c01215/Nacional-Potosi-The-Strongest-February-6-2016-Liga-Profesional-Boliviano
División de Fútbol Profesional,M,BOL,2016,1st,Torneo Clausura,5,Sat,2016-02-13,15:30,Sport Boys,4.0,Real Potosí,0.0,2000.0,Estadio Victor Agustín Ugarte,Gery Vargas,,https://fbref.com/en/matches/af1ebaec/Sport-Boys-Warnes-Real-Potosi-February-13-2016-Liga-Profesional-Boliviano
División de Fútbol Profesional,M,BOL,2016,1st,Torneo Clausura,5,Sun,2016-02-14,15:00,Petrolero,3.0,Nacional Potosí,1.0,3000.0,Estadio Federico Ibarra Olarte,Jorge Antequera,,https://fbref.com/en/matches/a1d1f5f0/Petrolero-Nacional-Potosi-February-14-2016-Liga-Profesional-Boliviano
División de Fútbol Profesional,M,BOL,2016,1st,Torneo Clausura,5,Sun,2016-02-14,15:00,Ciclón,4.0,Universitario,1.0,3000.0,Estadio Olímpico Patria,Juan Garcia,,https://fbref.com/en/matches/d9b851ca/Ciclon-Universitario-de-Sucre-February-14-2016-Liga-Profesional-Boliviano
División de Fútbol Profesional,M,BOL,2016,1st,Torneo Clausura,5,Sun,2016-02-14,17:15,Blooming,2.0,San José,1.0,5000.0,Estadio Ramón Aguilera Costas,Jorge Mancilla,,https://fbref.com/en/matches/63f7133e/Blooming-San-Jose-February-14-2016-Liga-Profesional-Boliviano
División de Fútbol Profesional,M,BOL,2016,1st,Torneo Clausura,5,Sun,2016-02-14,17:15,The Strongest,2.0,Bolívar,2.0,29000.0,Estadio Hernando Siles,Óscar Maldonado,,https://fbref.com/en/matches/93c03756/The-Strongest-Bolivar-February-14-2016-Liga-Profesional-Boliviano
División de Fútbol Profesional,M,BOL,2016,1st,Torneo Clausura,5,Sun,2016-02-14,19:30,Wilstermann,1.0,Oriente Petrolero,1.0,19000.0,Estadio Félix Capriles,José Jordán,,https://fbref.com/en/matches/eb117b84/Jorge-Wilstermann-Oriente-Petrolero-February-14-2016-Liga-Profesional-Boliviano
División de Fútbol Profesional,M,BOL,2016,1st,Torneo Clausura,6,Wed,2016-02-17,20:00,Universitario,2.0,Blooming,0.0,2426.0,Estadio Olímpico Patria,Wilson Estrada,,https://fbref.com/en/matches/d3e39a75/Universitario-de-Sucre-Blooming-February-17-2016-Liga-Profesional-Boliviano
División de Fútbol Profesional,M,BOL,2016,1st,Torneo Clausura,6,Wed,2016-02-17,20:00,San José,1.0,Wilstermann,3.0,9000.0,Estadio Jesús Bermúdez,Juan Garcia,,https://fbref.com/en/matches/de1bcd6c/San-Jose-Jorge-Wilstermann-February-17-2016-Liga-Profesional-Boliviano
División de Fútbol Profesional,M,BOL,2016,1st,Torneo Clausura,6,Thu,2016-02-18,20:00,Nacional Potosí,4.0,Ciclón,2.0,2000.0,Estadio Victor Agustín Ugarte,Raúl Orozco,,https://fbref.com/en/matches/2c520789/Nacional-Potosi-Ciclon-February-18-2016-Liga-Profesional-Boliviano
División de Fútbol Profesional,M,BOL,2016,1st,Torneo Clausura,6,Thu,2016-02-18,20:00,Bolívar,2.0,Petrolero,0.0,6000.0,Estadio Hernando Siles,José Jordán,,https://fbref.com/en/matches/5b0b2f74/Bolivar-Petrolero-February-18-2016-Liga-Profesional-Boliviano
División de Fútbol Profesional,M,BOL,2016,1st,Torneo Clausura,6,Fri,2016-02-19,20:00,Real Potosí,3.0,Oriente Petrolero,1.0,3000.0,Estadio Victor Agustín Ugarte,Óscar Maldonado,,https://fbref.com/en/matches/7103b02a/Real-Potosi-Oriente-Petrolero-February-19-2016-Liga-Profesional-Boliviano
División de Fútbol Profesional,M,BOL,2016,1st,Torneo Clausura,4,Tue,2016-02-23,20:00,San José,0.0,Oriente Petrolero,3.0,6000.0,Estadio Jesús Bermúdez,Luis Irusta,,https://fbref.com/en/matches/c0ebbd9c/San-Jose-Oriente-Petrolero-February-23-2016-Liga-Profesional-Boliviano
División de Fútbol Profesional,M,BOL,2016,1st,Torneo Clausura,13,Tue,2016-02-23,20:00,The Strongest,3.0,Blooming,2.0,8000.0,Estadio Hernando Siles,Orlando Quintana,,https://fbref.com/en/matches/4d266ffe/The-Strongest-Blooming-February-23-2016-Liga-Profesional-Boliviano
División de Fútbol Profesional,M,BOL,2016,1st,Torneo Clausura,7,Fri,2016-02-26,20:00,Blooming,1.0,Nacional Potosí,2.0,1941.0,Estadio Ramón Aguilera Costas,Gery Vargas,,https://fbref.com/en/matches/dd4b1f78/Blooming-Nacional-Potosi-February-26-2016-Liga-Profesional-Boliviano
División de Fútbol Profesional,M,BOL,2016,1st,Torneo Clausura,7,Sat,2016-02-27,15:00,Petrolero,1.0,Sport Boys,0.0,3000.0,Estadio Federico Ibarra Olarte,Óscar Maldonado,,https://fbref.com/en/matches/09263476/Petrolero-Sport-Boys-Warnes-February-27-2016-Liga-Profesional-Boliviano
División de Fútbol Profesional,M,BOL,2016,1st,Torneo Clausura,7,Sat,2016-02-27,20:00,The Strongest,0.0,Oriente Petrolero,0.0,5877.0,Estadio Hernando Siles,Raúl Orozco,,https://fbref.com/en/matches/52bc7834/The-Strongest-Oriente-Petrolero-February-27-2016-Liga-Profesional-Boliviano
División de Fútbol Profesional,M,BOL,2016,1st,Torneo Clausura,7,Sun,2016-02-28,14:00,Ciclón,2.0,Bolívar,1.0,8000.0,Estadio Huancayo,Jorge Mancilla,,https://fbref.com/en/matches/d8e70c32/Ciclon-Bolivar-February-28-2016-Liga-Profesional-Boliviano
División de Fútbol Profesional,M,BOL,2016,1st,Torneo Clausura,7,Sun,2016-02-28,15:10,Universitario,1.0,San José,2.0,3000.0,Estadio Olímpico Patria,Jorge Antequera,,https://fbref.com/en/matches/276ff7b1/Universitario-de-Sucre-San-Jose-February-28-2016-Liga-Profesional-Boliviano
División de Fútbol Profesional,M,BOL,2016,1st,Torneo Clausura,7,Sun,2016-02-28,17:15,Real Potosí,0.0,Wilstermann,2.0,3864.0,Estadio Victor Agustín Ugarte,Wilson Estrada,,https://fbref.com/en/matches/9ebb6c9c/Real-Potosi-Jorge-Wilstermann-February-28-2016-Liga-Profesional-Boliviano
División de Fútbol Profesional,M,BOL,2016,1st,Torneo Clausura,8,Fri,2016-03-04,20:00,Oriente Petrolero,1.0,Petrolero,1.0,2433.0,Estadio Ramón Aguilera Costas,Gado Flores,,https://fbref.com/en/matches/bc86bf88/Oriente-Petrolero-Petrolero-March-4-2016-Liga-Profesional-Boliviano
División de Fútbol Profesional,M,BOL,2016,1st,Torneo Clausura,8,Sat,2016-03-05,15:00,Sport Boys,1.0,Ciclón,0.0,2000.0,Estadio Samuel Vaca Jimenez,Jorge Mancilla,,https://fbref.com/en/matches/efe920d4/Sport-Boys-Warnes-Ciclon-March-5-2016-Liga-Profesional-Boliviano
División de Fútbol Profesional,M,BOL,2016,1st,Torneo Clausura,8,Sun,2016-03-06,15:00,San José,2.0,Real Potosí,3.0,6000.0,Estadio Jesús Bermúdez,Raúl Orozco,,https://fbref.com/en/matches/e1a4bde5/San-Jose-Real-Potosi-March-6-2016-Liga-Profesional-Boliviano
División de Fútbol Profesional,M,BOL,2016,1st,Torneo Clausura,8,Sun,2016-03-06,15:00,Nacional Potosí,0.0,Universitario,1.0,3000.0,Estadio Victor Agustín Ugarte,Bladimir Rueda,,https://fbref.com/en/matches/e3520a1c/Nacional-Potosi-Universitario-de-Sucre-March-6-2016-Liga-Profesional-Boliviano
División de Fútbol Profesional,M,BOL,2016,1st,Torneo Clausura,8,Sun,2016-03-06,16:00,Bolívar,3.0,Blooming,1.0,9000.0,Estadio Hernando Siles,José Jordán,,https://fbref.com/en/matches/f47909cc/Bolivar-Blooming-March-6-2016-Liga-Profesional-Boliviano
División de Fútbol Profesional,M,BOL,2016,1st,Torneo Clausura,8,Sun,2016-03-06,17:15,Wilstermann,1.0,The Strongest,0.0,23364.0,Estadio Félix Capriles,Juan Garcia,,https://fbref.com/en/matches/9cdc63e8/Jorge-Wilstermann-The-Strongest-March-6-2016-Liga-Profesional-Boliviano
División de Fútbol Profesional,M,BOL,2016,1st,Torneo Clausura,6,Wed,2016-03-09,15:00,Sport Boys,1.0,The Strongest,1.0,3000.0,Estadio Samuel Vaca Jimenez,Victor Hurtado,,https://fbref.com/en/matches/6f8486a6/Sport-Boys-Warnes-The-Strongest-March-9-2016-Liga-Profesional-Boliviano
División de Fútbol Profesional,M,BOL,2016,1st,Torneo Clausura,9,Sat,2016-03-12,14:00,Ciclón,1.0,Oriente Petrolero,2.0,2000.0,Estadio Huancayo,Ever Cuellar,,https://fbref.com/en/matches/cefbbedf/Ciclon-Oriente-Petrolero-March-12-2016-Liga-Profesional-Boliviano
División de Fútbol Profesional,M,BOL,2016,1st,Torneo Clausura,9,Sun,2016-03-13,15:00,The Strongest,3.0,Real Potosí,1.0,2564.0,Estadio Hernando Siles,Alvaro Campos,,https://fbref.com/en/matches/8078d8d3/The-Strongest-Real-Potosi-March-13-2016-Liga-Profesional-Boliviano
División de Fútbol Profesional,M,BOL,2016,1st,Torneo Clausura,9,Sun,2016-03-13,15:00,Petrolero,4.0,Wilstermann,1.0,3000.0,Estadio Federico Ibarra Olarte,José Jordán,,https://fbref.com/en/matches/b5e5facd/Petrolero-Jorge-Wilstermann-March-13-2016-Liga-Profesional-Boliviano
División de Fútbol Profesional,M,BOL,2016,1st,Torneo Clausura,9,Sun,2016-03-13,15:00,Nacional Potosí,1.0,San José,1.0,2000.0,Estadio Victor Agustín Ugarte,Ivo Mendez,,https://fbref.com/en/matches/f6a7eb49/Nacional-Potosi-San-Jose-March-13-2016-Liga-Profesional-Boliviano
División de Fútbol Profesional,M,BOL,2016,1st,Torneo Clausura,9,Sun,2016-03-13,17:15,Universitario,1.0,Bolívar,1.0,8000.0,Estadio Olímpico Patria,Jorge Antequera,,https://fbref.com/en/matches/8c758f82/Universitario-de-Sucre-Bolivar-March-13-2016-Liga-Profesional-Boliviano
División de Fútbol Profesional,M,BOL,2016,1st,Torneo Clausura,9,Sun,2016-03-13,19:30,Blooming,2.0,Sport Boys,0.0,3348.0,Estadio Ramón Aguilera Costas,Juan Garcia,,https://fbref.com/en/matches/a1a8b136/Blooming-Sport-Boys-Warnes-March-13-2016-Liga-Profesional-Boliviano
División de Fútbol Profesional,M,BOL,2016,1st,Torneo Clausura,13,Tue,2016-03-15,20:00,Oriente Petrolero,3.0,Bolívar,2.0,5000.0,Estadio Ramón Aguilera Costas,Gery Vargas,,https://fbref.com/en/matches/c4319aa7/Oriente-Petrolero-Bolivar-March-15-2016-Liga-Profesional-Boliviano
División de Fútbol Profesional,M,BOL,2016,1st,Torneo Clausura,10,Fri,2016-04-01,20:00,Wilstermann,4.0,Ciclón,3.0,6000.0,Estadio Félix Capriles,Jorge Mancilla,,https://fbref.com/en/matches/b0f0ca13/Jorge-Wilstermann-Ciclon-April-1-2016-Liga-Profesional-Boliviano
División de Fútbol Profesional,M,BOL,2016,1st,Torneo Clausura,10,Sat,2016-04-02,15:00,Sport Boys,0.0,Universitario,0.0,2000.0,Estadio Samuel Vaca Jimenez,Luis Irusta,,https://fbref.com/en/matches/9f04af4c/Sport-Boys-Warnes-Universitario-de-Sucre-April-2-2016-Liga-Profesional-Boliviano
División de Fútbol Profesional,M,BOL,2016,1st,Torneo Clausura,10,Sat,2016-04-02,20:00,Bolívar,1.0,Nacional Potosí,1.0,5000.0,Estadio Hernando Siles,Jordy Aleman,,https://fbref.com/en/matches/23c5917f/Bolivar-Nacional-Potosi-April-2-2016-Liga-Profesional-Boliviano
División de Fútbol Profesional,M,BOL,2016,1st,Torneo Clausura,10,Sun,2016-04-03,15:00,San José,3.0,The Strongest,2.0,7000.0,Estadio Jesús Bermúdez,Raúl Orozco,,https://fbref.com/en/matches/d2edc99c/San-Jose-The-Strongest-April-3-2016-Liga-Profesional-Boliviano
División de Fútbol Profesional,M,BOL,2016,1st,Torneo Clausura,10,Sun,2016-04-03,17:15,Real Potosí,1.0,Petrolero,2.0,2000.0,Estadio Victor Agustín Ugarte,Gery Vargas,,https://fbref.com/en/matches/ccd41277/Real-Potosi-Petrolero-April-3-2016-Liga-Profesional-Boliviano
División de Fútbol Profesional,M,BOL,2016,1st,Torneo Clausura,10,Sun,2016-04-03,19:30,Oriente Petrolero,0.0,Blooming,2.0,25000.0,Estadio Ramón Aguilera Costas,Juan Garcia,,https://fbref.com/en/matches/c688b3e3/Oriente-Petrolero-Blooming-April-3-2016-Liga-Profesional-Boliviano
División de Fútbol Profesional,M,BOL,2016,1st,Torneo Clausura,11,Sat,2016-04-09,15:00,Petrolero,0.0,The Strongest,1.0,3000.0,Estadio Federico Ibarra Olarte,Gery Vargas,,https://fbref.com/en/matches/6711be9c/Petrolero-The-Strongest-April-9-2016-Liga-Profesional-Boliviano
División de Fútbol Profesional,M,BOL,2016,1st,Torneo Clausura,11,Sat,2016-04-09,17:15,Nacional Potosí,4.0,Sport Boys,1.0,2000.0,Estadio Victor Agustín Ugarte,Wilson Estrada,,https://fbref.com/en/matches/10ef1765/Nacional-Potosi-Sport-Boys-Warnes-April-9-2016-Liga-Profesional-Boliviano
División de Fútbol Profesional,M,BOL,2016,1st,Torneo Clausura,11,Sun,2016-04-10,15:00,Universitario,2.0,Oriente Petrolero,1.0,5000.0,Estadio Olímpico Patria,Jordy Aleman,,https://fbref.com/en/matches/4d332e59/Universitario-de-Sucre-Oriente-Petrolero-April-10-2016-Liga-Profesional-Boliviano
División de Fútbol Profesional,M,BOL,2016,1st,Torneo Clausura,11,Sun,2016-04-10,15:00,Ciclón,2.0,Real Potosí,0.0,3000.0,Estadio IV Centenario,Luis Irusta,,https://fbref.com/en/matches/b942d58f/Ciclon-Real-Potosi-April-10-2016-Liga-Profesional-Boliviano
División de Fútbol Profesional,M,BOL,2016,1st,Torneo Clausura,11,Sun,2016-04-10,16:00,Bolívar,1.0,San José,2.0,8000.0,Estadio Hernando Siles,Jorge Antequera,,https://fbref.com/en/matches/3eae0522/Bolivar-San-Jose-April-10-2016-Liga-Profesional-Boliviano
División de Fútbol Profesional,M,BOL,2016,1st,Torneo Clausura,11,Sun,2016-04-10,17:15,Blooming,1.0,Wilstermann,3.0,9000.0,Estadio Ramón Aguilera Costas,José Jordán,,https://fbref.com/en/matches/7d0b881d/Blooming-Jorge-Wilstermann-April-10-2016-Liga-Profesional-Boliviano
División de Fútbol Profesional,M,BOL,2016,1st,Torneo Clausura,12,Sat,2016-04-16,15:00,Real Potosí,4.0,Blooming,0.0,1000.0,Estadio Victor Agustín Ugarte,Nelson Barro,,https://fbref.com/en/matches/0bbb1b56/Real-Potosi-Blooming-April-16-2016-Liga-Profesional-Boliviano
División de Fútbol Profesional,M,BOL,2016,1st,Torneo Clausura,12,Sat,2016-04-16,18:30,Oriente Petrolero,2.0,Nacional Potosí,1.0,4000.0,Estadio Ramón Aguilera Costas,Alvaro Campos,,https://fbref.com/en/matches/5dcf5d3f/Oriente-Petrolero-Nacional-Potosi-April-16-2016-Liga-Profesional-Boliviano
División de Fútbol Profesional,M,BOL,2016,1st,Torneo Clausura,12,Sun,2016-04-17,15:00,The Strongest,4.0,Ciclón,2.0,4000.0,Estadio Hernando Siles,Jorge Luis Justiniano,,https://fbref.com/en/matches/03353e3b/The-Strongest-Ciclon-April-17-2016-Liga-Profesional-Boliviano
División de Fútbol Profesional,M,BOL,2016,1st,Torneo Clausura,12,Sun,2016-04-17,15:00,San José,3.0,Petrolero,0.0,5000.0,Estadio Jesús Bermúdez,Raúl Orozco,,https://fbref.com/en/matches/08717746/San-Jose-Petrolero-April-17-2016-Liga-Profesional-Boliviano
División de Fútbol Profesional,M,BOL,2016,1st,Torneo Clausura,12,Sun,2016-04-17,17:15,Wilstermann,2.0,Universitario,1.0,10000.0,Estadio Félix Capriles,David Miranda,,https://fbref.com/en/matches/3d24b40f/Jorge-Wilstermann-Universitario-de-Sucre-April-17-2016-Liga-Profesional-Boliviano
División de Fútbol Profesional,M,BOL,2016,1st,Torneo Clausura,12,Sun,2016-04-17,19:30,Sport Boys,1.0,Bolívar,1.0,2000.0,Estadio Samuel Vaca Jimenez,Jorge Mancilla,,https://fbref.com/en/matches/0f4f3e1c/Sport-Boys-Warnes-Bolivar-April-17-2016-Liga-Profesional-Boliviano
División de Fútbol Profesional,M,BOL,2016,1st,Torneo Clausura,13,Wed,2016-04-20,15:00,Petrolero,4.0,Ciclón,1.0,3000.0,Estadio Federico Ibarra Olarte,Ivo Mendez,,https://fbref.com/en/matches/2b9f42df/Petrolero-Ciclon-April-20-2016-Liga-Profesional-Boliviano
División de Fútbol Profesional,M,BOL,2016,1st,Torneo Clausura,13,Wed,2016-04-20,20:00,Wilstermann,2.0,Nacional Potosí,1.0,7000.0,Estadio Félix Capriles,Luis Irusta,,https://fbref.com/en/matches/33b9d18c/Jorge-Wilstermann-Nacional-Potosi-April-20-2016-Liga-Profesional-Boliviano
División de Fútbol Profesional,M,BOL,2016,1st,Torneo Clausura,13,Thu,2016-04-21,15:00,Sport Boys,2.0,San José,2.0,2000.0,Estadio Samuel Vaca Jimenez,José Jordán,,https://fbref.com/en/matches/ba5626c8/Sport-Boys-Warnes-San-Jose-April-21-2016-Liga-Profesional-Boliviano
División de Fútbol Profesional,M,BOL,2016,1st,Torneo Clausura,13,Thu,2016-04-21,20:00,Real Potosí,1.0,Universitario,4.0,2000.0,Estadio Victor Agustín Ugarte,Óscar Maldonado,,https://fbref.com/en/matches/42329d8c/Real-Potosi-Universitario-de-Sucre-April-21-2016-Liga-Profesional-Boliviano
División de Fútbol Profesional,M,BOL,2016,1st,Torneo Clausura,14,Sat,2016-04-23,18:00,Blooming,4.0,Petrolero,0.0,5000.0,Estadio Ramón Aguilera Costas,Gado Flores,,https://fbref.com/en/matches/c98c24ab/Blooming-Petrolero-April-23-2016-Liga-Profesional-Boliviano
División de Fútbol Profesional,M,BOL,2016,1st,Torneo Clausura,14,Sun,2016-04-24,15:00,Nacional Potosí,0.0,Real Potosí,1.0,2000.0,Estadio Victor Agustín Ugarte,Jorge Mancilla,,https://fbref.com/en/matches/84309c96/Nacional-Potosi-Real-Potosi-April-24-2016-Liga-Profesional-Boliviano
División de Fútbol Profesional,M,BOL,2016,1st,Torneo Clausura,14,Sun,2016-04-24,15:00,Sport Boys,1.0,Oriente Petrolero,1.0,12000.0,Estadio Samuel Vaca Jimenez,Jorge Antequera,,https://fbref.com/en/matches/c5a792f7/Sport-Boys-Warnes-Oriente-Petrolero-April-24-2016-Liga-Profesional-Boliviano
División de Fútbol Profesional,M,BOL,2016,1st,Torneo Clausura,14,Sun,2016-04-24,15:00,San José,5.0,Ciclón,2.0,5000.0,Estadio Jesús Bermúdez,Raúl Orozco,,https://fbref.com/en/matches/dccc7b36/San-Jose-Ciclon-April-24-2016-Liga-Profesional-Boliviano
División de Fútbol Profesional,M,BOL,2016,1st,Torneo Clausura,14,Sun,2016-04-24,16:00,Bolívar,0.0,Wilstermann,2.0,8000.0,Estadio Hernando Siles,José Jordán,,https://fbref.com/en/matches/71857421/Bolivar-Jorge-Wilstermann-April-24-2016-Liga-Profesional-Boliviano
División de Fútbol Profesional,M,BOL,2016,1st,Torneo Clausura,14,Sun,2016-04-24,17:15,Universitario,2.0,The Strongest,0.0,12000.0,Estadio Olímpico Patria,Jordy Aleman,,https://fbref.com/en/matches/ce65c82c/Universitario-de-Sucre-The-Strongest-April-24-2016-Liga-Profesional-Boliviano
División de Fútbol Profesional,M,BOL,2016,1st,Torneo Clausura,15,Wed,2016-04-27,15:00,Ciclón,3.0,Blooming,3.0,1000.0,Estadio La Bombonera,Alvaro Campos,,https://fbref.com/en/matches/f9f9e2b7/Ciclon-Blooming-April-27-2016-Liga-Profesional-Boliviano
División de Fútbol Profesional,M,BOL,2016,1st,Torneo Clausura,15,Wed,2016-04-27,20:00,Real Potosí,0.0,Bolívar,0.0,3000.0,Estadio Victor Agustín Ugarte,Raúl Orozco,,https://fbref.com/en/matches/0ff77054/Real-Potosi-Bolivar-April-27-2016-Liga-Profesional-Boliviano
División de Fútbol Profesional,M,BOL,2016,1st,Torneo Clausura,15,Wed,2016-04-27,20:00,Oriente Petrolero,1.0,San José,0.0,1245.0,Estadio Ramón Aguilera Costas,Jorge Mancilla,,https://fbref.com/en/matches/13f01b0e/Oriente-Petrolero-San-Jose-April-27-2016-Liga-Profesional-Boliviano
División de Fútbol Profesional,M,BOL,2016,1st,Torneo Clausura,15,Wed,2016-04-27,20:00,Wilstermann,3.0,Sport Boys,0.0,15000.0,Estadio Félix Capriles,Wilson Estrada,,https://fbref.com/en/matches/a37b47ac/Jorge-Wilstermann-Sport-Boys-Warnes-April-27-2016-Liga-Profesional-Boliviano
División de Fútbol Profesional,M,BOL,2016,1st,Torneo Clausura,15,Thu,2016-04-28,15:00,Petrolero,2.0,Universitario,2.0,1500.0,Estadio Provincial de Yacuiba,Jorge Luis Justiniano,,https://fbref.com/en/matches/934da9a1/Petrolero-Universitario-de-Sucre-April-28-2016-Liga-Profesional-Boliviano
División de Fútbol Profesional,M,BOL,2016,1st,Torneo Clausura,15,Thu,2016-04-28,20:00,The Strongest,2.0,Nacional Potosí,1.0,7000.0,Estadio Hernando Siles,Nelson Barro,,https://fbref.com/en/matches/b103b74d/The-Strongest-Nacional-Potosi-April-28-2016-Liga-Profesional-Boliviano
División de Fútbol Profesional,M,BOL,2016,1st,Torneo Clausura,16,Sat,2016-04-30,15:00,San José,0.0,Blooming,0.0,8000.0,Estadio Jesús Bermúdez,Óscar Maldonado,,https://fbref.com/en/matches/4c240b00/San-Jose-Blooming-April-30-2016-Liga-Profesional-Boliviano
División de Fútbol Profesional,M,BOL,2016,1st,Torneo Clausura,16,Sat,2016-04-30,17:15,Real Potosí,0.0,Sport Boys,0.0,2000.0,Estadio Victor Agustín Ugarte,José Jordán,,https://fbref.com/en/matches/56b66e4d/Real-Potosi-Sport-Boys-Warnes-April-30-2016-Liga-Profesional-Boliviano
División de Fútbol Profesional,M,BOL,2016,1st,Torneo Clausura,16,Sun,2016-05-01,15:00,Universitario,3.0,Ciclón,0.0,9000.0,Estadio Olímpico Patria,Jorge Mancilla,,https://fbref.com/en/matches/1d199e56/Universitario-de-Sucre-Ciclon-May-1-2016-Liga-Profesional-Boliviano
División de Fútbol Profesional,M,BOL,2016,1st,Torneo Clausura,16,Sun,2016-05-01,15:00,Nacional Potosí,4.0,Petrolero,2.0,2000.0,Estadio Victor Agustín Ugarte,Ivo Mendez,,https://fbref.com/en/matches/efec13c6/Nacional-Potosi-Petrolero-May-1-2016-Liga-Profesional-Boliviano
División de Fútbol Profesional,M,BOL,2016,1st,Torneo Clausura,16,Sun,2016-05-01,16:00,Bolívar,1.0,The Strongest,1.0,20000.0,Estadio Hernando Siles,Wilson Estrada,,https://fbref.com/en/matches/db70e565/Bolivar-The-Strongest-May-1-2016-Liga-Profesional-Boliviano
División de Fútbol Profesional,M,BOL,2016,1st,Torneo Clausura,16,Sun,2016-05-01,18:00,Oriente Petrolero,1.0,Wilstermann,0.0,18000.0,Estadio Ramón Aguilera Costas,Luis Irusta,,https://fbref.com/en/matches/9dce482c/Oriente-Petrolero-Jorge-Wilstermann-May-1-2016-Liga-Profesional-Boliviano
División de Fútbol Profesional,M,BOL,2016,1st,Torneo Clausura,17,Wed,2016-05-04,15:00,Ciclón,1.0,Nacional Potosí,2.0,1500.0,Estadio IV Centenario,Raúl Orozco,,https://fbref.com/en/matches/cb5313d0/Ciclon-Nacional-Potosi-May-4-2016-Liga-Profesional-Boliviano
División de Fútbol Profesional,M,BOL,2016,1st,Torneo Clausura,17,Wed,2016-05-04,20:00,Wilstermann,2.0,San José,2.0,25000.0,Estadio Félix Capriles,Jorge Antequera,,https://fbref.com/en/matches/ab17f8fc/Jorge-Wilstermann-San-Jose-May-4-2016-Liga-Profesional-Boliviano
División de Fútbol Profesional,M,BOL,2016,1st,Torneo Clausura,17,Wed,2016-05-04,20:00,Blooming,1.0,Universitario,1.0,3000.0,Estadio Ramón Aguilera Costas,David Miranda,,https://fbref.com/en/matches/fd5b2352/Blooming-Universitario-de-Sucre-May-4-2016-Liga-Profesional-Boliviano
División de Fútbol Profesional,M,BOL,2016,1st,Torneo Clausura,17,Thu,2016-05-05,15:00,Petrolero,4.0,Bolívar,1.0,2500.0,Estadio Federico Ibarra Olarte,José Jordán,,https://fbref.com/en/matches/7c16c54a/Petrolero-Bolivar-May-5-2016-Liga-Profesional-Boliviano
División de Fútbol Profesional,M,BOL,2016,1st,Torneo Clausura,17,Thu,2016-05-05,20:00,The Strongest,4.0,Sport Boys,0.0,9000.0,Estadio Hernando Siles,Bladimir Rueda,,https://fbref.com/en/matches/36c36e8a/The-Strongest-Sport-Boys-Warnes-May-5-2016-Liga-Profesional-Boliviano
División de Fútbol Profesional,M,BOL,2016,1st,Torneo Clausura,17,Thu,2016-05-05,20:02,Oriente Petrolero,2.0,Real Potosí,0.0,7000.0,Estadio Ramón Aguilera Costas,Alvaro Campos,,https://fbref.com/en/matches/129ea8e2/Oriente-Petrolero-Real-Potosi-May-5-2016-Liga-Profesional-Boliviano
División de Fútbol Profesional,M,BOL,2016,1st,Torneo Clausura,18,Sat,2016-05-07,15:00,San José,1.0,Universitario,1.0,5000.0,Estadio Jesús Bermúdez,Raúl Orozco,,https://fbref.com/en/matches/a1a54481/San-Jose-Universitario-de-Sucre-May-7-2016-Liga-Profesional-Boliviano
División de Fútbol Profesional,M,BOL,2016,1st,Torneo Clausura,18,Sat,2016-05-07,19:30,Nacional Potosí,2.0,Blooming,0.0,2000.0,Estadio Victor Agustín Ugarte,Hostin Prado,,https://fbref.com/en/matches/ef309db1/Nacional-Potosi-Blooming-May-7-2016-Liga-Profesional-Boliviano
División de Fútbol Profesional,M,BOL,2016,1st,Torneo Clausura,18,Sun,2016-05-08,15:00,Sport Boys,1.0,Petrolero,0.0,2000.0,Estadio Edgar Peña Gutierrez,Alvaro Campos,,https://fbref.com/en/matches/ce36c72b/Sport-Boys-Warnes-Petrolero-May-8-2016-Liga-Profesional-Boliviano
División de Fútbol Profesional,M,BOL,2016,1st,Torneo Clausura,18,Sun,2016-05-08,15:00,Wilstermann,4.0,Real Potosí,3.0,14000.0,Estadio Félix Capriles,Ever Cuellar,,https://fbref.com/en/matches/dd4d6577/Jorge-Wilstermann-Real-Potosi-May-8-2016-Liga-Profesional-Boliviano
División de Fútbol Profesional,M,BOL,2016,1st,Torneo Clausura,18,Sun,2016-05-08,16:00,Bolívar,2.0,Ciclón,0.0,4000.0,Estadio Hernando Siles,Ivo Mendez,,https://fbref.com/en/matches/01c363d3/Bolivar-Ciclon-May-8-2016-Liga-Profesional-Boliviano
División de Fútbol Profesional,M,BOL,2016,1st,Torneo Clausura,18,Sun,2016-05-08,17:15,Oriente Petrolero,0.0,The Strongest,1.0,8000.0,Estadio Ramón Aguilera Costas,Jorge Mancilla,,https://fbref.com/en/matches/a2a080ce/Oriente-Petrolero-The-Strongest-May-8-2016-Liga-Profesional-Boliviano
División de Fútbol Profesional,M,BOL,2016,1st,Torneo Clausura,19,Wed,2016-05-11,15:00,Petrolero,1.0,Oriente Petrolero,3.0,3063.0,Estadio Federico Ibarra Olarte,Wilson Estrada,,https://fbref.com/en/matches/d741cd06/Petrolero-Oriente-Petrolero-May-11-2016-Liga-Profesional-Boliviano
División de Fútbol Profesional,M,BOL,2016,1st,Torneo Clausura,19,Wed,2016-05-11,20:00,Blooming,1.0,Bolívar,2.0,3314.0,Estadio Ramón Aguilera Costas,Raúl Orozco,,https://fbref.com/en/matches/5188959b/Blooming-Bolivar-May-11-2016-Liga-Profesional-Boliviano
División de Fútbol Profesional,M,BOL,2016,1st,Torneo Clausura,19,Wed,2016-05-11,20:00,Real Potosí,2.0,San José,1.0,2000.0,Estadio Victor Agustín Ugarte,Óscar Maldonado,,https://fbref.com/en/matches/96c38c7e/Real-Potosi-San-Jose-May-11-2016-Liga-Profesional-Boliviano
División de Fútbol Profesional,M,BOL,2016,1st,Torneo Clausura,19,Thu,2016-05-12,15:00,Ciclón,1.0,Sport Boys,0.0,2000.0,Estadio IV Centenario,Jorge Mancilla,,https://fbref.com/en/matches/4fa489da/Ciclon-Sport-Boys-Warnes-May-12-2016-Liga-Profesional-Boliviano
División de Fútbol Profesional,M,BOL,2016,1st,Torneo Clausura,19,Thu,2016-05-12,20:00,The Strongest,2.0,Wilstermann,0.0,20000.0,Estadio Hernando Siles,Juan Garcia,,https://fbref.com/en/matches/58d0ff0a/The-Strongest-Jorge-Wilstermann-May-12-2016-Liga-Profesional-Boliviano
División de Fútbol Profesional,M,BOL,2016,1st,Torneo Clausura,19,Thu,2016-05-12,20:00,Universitario,3.0,Nacional Potosí,3.0,7000.0,Estadio Olímpico Patria,Jorge Antequera,,https://fbref.com/en/matches/cb121093/Universitario-de-Sucre-Nacional-Potosi-May-12-2016-Liga-Profesional-Boliviano
División de Fútbol Profesional,M,BOL,2016,1st,Torneo Clausura,20,Sat,2016-05-14,15:00,Petrolero,2.0,Real Potosí,0.0,2000.0,Estadio Federico Ibarra Olarte,José Jordán,,https://fbref.com/en/matches/18be6859/Petrolero-Real-Potosi-May-14-2016-Liga-Profesional-Boliviano
División de Fútbol Profesional,M,BOL,2016,1st,Torneo Clausura,20,Sun,2016-05-15,15:00,Ciclón,1.0,Wilstermann,2.0,3000.0,Estadio IV Centenario,Ever Cuellar,,https://fbref.com/en/matches/05627b9b/Ciclon-Jorge-Wilstermann-May-15-2016-Liga-Profesional-Boliviano
División de Fútbol Profesional,M,BOL,2016,1st,Torneo Clausura,20,Sun,2016-05-15,15:00,Universitario,2.0,Sport Boys,0.0,3000.0,Estadio Olímpico Patria,Jordy Aleman,,https://fbref.com/en/matches/8de4fbc0/Universitario-de-Sucre-Sport-Boys-Warnes-May-15-2016-Liga-Profesional-Boliviano
División de Fútbol Profesional,M,BOL,2016,1st,Torneo Clausura,20,Sun,2016-05-15,15:00,Nacional Potosí,3.0,Bolívar,2.0,4000.0,Estadio Victor Agustín Ugarte,Jorge Mancilla,,https://fbref.com/en/matches/e33f00ca/Nacional-Potosi-Bolivar-May-15-2016-Liga-Profesional-Boliviano
División de Fútbol Profesional,M,BOL,2016,1st,Torneo Clausura,20,Sun,2016-05-15,17:15,The Strongest,4.0,San José,1.0,9000.0,Estadio Hernando Siles,Óscar Maldonado,,https://fbref.com/en/matches/12449cec/The-Strongest-San-Jose-May-15-2016-Liga-Profesional-Boliviano
División de Fútbol Profesional,M,BOL,2016,1st,Torneo Clausura,20,Sun,2016-05-15,19:30,Blooming,1.0,Oriente Petrolero,1.0,15000.0,Estadio Ramón Aguilera Costas,Jorge Antequera,,https://fbref.com/en/matches/6a2098f4/Blooming-Oriente-Petrolero-May-15-2016-Liga-Profesional-Boliviano
División de Fútbol Profesional,M,BOL,2016,1st,Torneo Clausura,21,Thu,2016-05-19,20:00,Bolívar,1.0,Universitario,1.0,1500.0,Estadio Hernando Siles,Edson Rios,,https://fbref.com/en/matches/1e574e9a/Bolivar-Universitario-de-Sucre-May-19-2016-Liga-Profesional-Boliviano
División de Fútbol Profesional,M,BOL,2016,1st,Torneo Clausura,21,Sun,2016-05-22,16:00,Sport Boys,1.0,Blooming,1.0,22000.0,Estadio Edgar Peña Gutierrez,Juan Garcia,,https://fbref.com/en/matches/a9172aa3/Sport-Boys-Warnes-Blooming-May-22-2016-Liga-Profesional-Boliviano
División de Fútbol Profesional,M,BOL,2016,1st,Torneo Clausura,21,Sun,2016-05-22,16:00,Wilstermann,0.0,Petrolero,0.0,5000.0,Estadio Félix Capriles,Alvaro Campos,,https://fbref.com/en/matches/dfc37db4/Jorge-Wilstermann-Petrolero-May-22-2016-Liga-Profesional-Boliviano
División de Fútbol Profesional,M,BOL,2016,1st,Torneo Clausura,21,Sun,2016-05-22,16:00,Oriente Petrolero,3.0,Ciclón,0.0,8000.0,Estadio Ramón Aguilera Costas,Jorge Mancilla,,https://fbref.com/en/matches/f07e9123/Oriente-Petrolero-Ciclon-May-22-2016-Liga-Profesional-Boliviano
División de Fútbol Profesional,M,BOL,2016,1st,Torneo Clausura,21,Sun,2016-05-22,16:00,San José,0.0,Nacional Potosí,0.0,7000.0,Estadio Jesús Bermúdez,Luis Irusta,,https://fbref.com/en/matches/f4192203/San-Jose-Nacional-Potosi-May-22-2016-Liga-Profesional-Boliviano
División de Fútbol Profesional,M,BOL,2016,1st,Torneo Clausura,21,Mon,2016-05-23,16:00,Real Potosí,2.0,The Strongest,2.0,4000.0,Estadio Victor Agustín Ugarte,Raúl Orosco,,https://fbref.com/en/matches/bedf9c42/Real-Potosi-The-Strongest-May-23-2016-Liga-Profesional-Boliviano
División de Fútbol Profesional,M,BOL,2016,1st,Torneo Clausura,22,Wed,2016-05-25,15:00,Blooming,2.0,Real Potosí,3.0,2000.0,Estadio Ramón Aguilera Costas,Óscar Maldonado,,https://fbref.com/en/matches/4976f5ad/Blooming-Real-Potosi-May-25-2016-Liga-Profesional-Boliviano
División de Fútbol Profesional,M,BOL,2016,1st,Torneo Clausura,22,Wed,2016-05-25,15:00,Nacional Potosí,3.0,Oriente Petrolero,1.0,2000.0,Estadio Victor Agustín Ugarte,José Jordán,,https://fbref.com/en/matches/5c12183a/Nacional-Potosi-Oriente-Petrolero-May-25-2016-Liga-Profesional-Boliviano
División de Fútbol Profesional,M,BOL,2016,1st,Torneo Clausura,22,Wed,2016-05-25,15:00,Ciclón,2.0,The Strongest,0.0,2000.0,Estadio IV Centenario,Jorge Antequera,,https://fbref.com/en/matches/ad031bb7/Ciclon-The-Strongest-May-25-2016-Liga-Profesional-Boliviano
División de Fútbol Profesional,M,BOL,2016,1st,Torneo Clausura,22,Wed,2016-05-25,15:00,Petrolero,2.0,San José,0.0,3000.0,Estadio Federico Ibarra Olarte,Wilson Estrada,,https://fbref.com/en/matches/e73a1238/Petrolero-San-Jose-May-25-2016-Liga-Profesional-Boliviano
División de Fútbol Profesional,M,BOL,2016,1st,Torneo Clausura,22,Wed,2016-05-25,17:00,Universitario,4.0,Wilstermann,2.0,1000.0,Estadio Olímpico Patria,Orlando Quintana,,https://fbref.com/en/matches/56e5d517/Universitario-de-Sucre-Jorge-Wilstermann-May-25-2016-Liga-Profesional-Boliviano
División de Fútbol Profesional,M,BOL,2016,1st,Torneo Clausura,22,Wed,2016-05-25,20:00,Bolívar,0.0,Sport Boys,1.0,2000.0,Estadio Hernando Siles,Nelson Barro,,https://fbref.com/en/matches/c4c9aa60/Bolivar-Sport-Boys-Warnes-May-25-2016-Liga-Profesional-Boliviano
División de Fútbol Profesional,M,BOL,2016,1st,Bolivian 1/2 Relegation/Promotion Play-off,,Wed,2016-06-01,15:00,Petrolero,3.0,Universitario (B),1.0,6000.0,Estadio Provincial de Yacuiba,Juan Garcia,Leg 1 of 2,https://fbref.com/en/matches/5a9b97e6/Petrolero-Universitario-del-Beni-June-1-2016-Bolivian-12-RelegationPromotion-Play-offs
División de Fútbol Profesional,M,BOL,2016,1st,Bolivian 1/2 Relegation/Promotion Play-off,,Sun,2016-06-05,15:00,Universitario (B),0.0,Petrolero,3.0,500.0,Estadio Gran Mamoré,,Leg 2 of 2; Petrolero won,https://fbref.com/en/matches/e786ef41/Universitario-del-Beni-Petrolero-June-5-2016-Bolivian-12-RelegationPromotion-Play-offs
División de Fútbol Profesional,M,BOL,2017,1st,Torneo Apertura 2016,1,Fri,2016-08-12,20:00,The Strongest,2.0,Guabirá,1.0,,Estadio Hernando Siles,Raúl Orozco,,https://fbref.com/en/matches/c950fbff/The-Strongest-Guabira-August-12-2016-Liga-Profesional-Boliviano
División de Fútbol Profesional,M,BOL,2017,1st,Torneo Apertura 2016,1,Sat,2016-08-13,15:00,Sport Boys,1.0,Real Potosí,1.0,,Estadio Edgar Peña Gutierrez,Bladimir Rueda,,https://fbref.com/en/matches/038e3e89/Sport-Boys-Warnes-Real-Potosi-August-13-2016-Liga-Profesional-Boliviano
División de Fútbol Profesional,M,BOL,2017,1st,Torneo Apertura 2016,1,Sat,2016-08-13,20:00,Bolívar,4.0,Universitario,2.0,,Estadio Hernando Siles,Ivo Mendez,,https://fbref.com/en/matches/a1dd3963/Bolivar-Universitario-de-Sucre-August-13-2016-Liga-Profesional-Boliviano
División de Fútbol Profesional,M,BOL,2017,1st,Torneo Apertura 2016,1,Sun,2016-08-14,15:00,Petrolero,0.0,Oriente Petrolero,1.0,,Estadio Federico Ibarra Olarte,Gado Flores,,https://fbref.com/en/matches/79f6551f/Petrolero-Oriente-Petrolero-August-14-2016-Liga-Profesional-Boliviano
División de Fútbol Profesional,M,BOL,2017,1st,Torneo Apertura 2016,1,Sun,2016-08-14,17:15,Nacional Potosí,3.0,San José,2.0,,Estadio Victor Agustín Ugarte,José Jordán,,https://fbref.com/en/matches/8210a708/Nacional-Potosi-San-Jose-August-14-2016-Liga-Profesional-Boliviano
División de Fútbol Profesional,M,BOL,2017,1st,Torneo Apertura 2016,1,Sun,2016-08-14,19:30,Blooming,1.0,Wilstermann,1.0,,Estadio Ramón Aguilera Costas,Alvaro Campos,,https://fbref.com/en/matches/2a6a7729/Blooming-Jorge-Wilstermann-August-14-2016-Liga-Profesional-Boliviano
División de Fútbol Profesional,M,BOL,2017,1st,Torneo Apertura 2016,2,Fri,2016-08-19,20:00,San José,2.0,Oriente Petrolero,0.0,,Estadio Jesús Bermúdez,Orlando Quintana,,https://fbref.com/en/matches/b7f734a0/San-Jose-Oriente-Petrolero-August-19-2016-Liga-Profesional-Boliviano
División de Fútbol Profesional,M,BOL,2017,1st,Torneo Apertura 2016,2,Sat,2016-08-20,15:30,Guabirá,2.0,Nacional Potosí,1.0,,Estadio Gilberto Parada,Victor Hurtado,,https://fbref.com/en/matches/19391581/Guabira-Nacional-Potosi-August-20-2016-Liga-Profesional-Boliviano
División de Fútbol Profesional,M,BOL,2017,1st,Torneo Apertura 2016,2,Sun,2016-08-21,15:00,Real Potosí,1.0,Universitario,2.0,,Estadio Victor Agustín Ugarte,Juan Garcia,,https://fbref.com/en/matches/14c67405/Real-Potosi-Universitario-de-Sucre-August-21-2016-Liga-Profesional-Boliviano
División de Fútbol Profesional,M,BOL,2017,1st,Torneo Apertura 2016,2,Sun,2016-08-21,16:00,Bolívar,2.0,The Strongest,1.0,,Estadio Hernando Siles,Jorge Antequera,,https://fbref.com/en/matches/03539142/Bolivar-The-Strongest-August-21-2016-Liga-Profesional-Boliviano
División de Fútbol Profesional,M,BOL,2017,1st,Torneo Apertura 2016,2,Sun,2016-08-21,17:15,Wilstermann,2.0,Sport Boys,1.0,,Estadio Félix Capriles,Luis Yrusta,,https://fbref.com/en/matches/df9730e6/Jorge-Wilstermann-Sport-Boys-Warnes-August-21-2016-Liga-Profesional-Boliviano
División de Fútbol Profesional,M,BOL,2017,1st,Torneo Apertura 2016,2,Sun,2016-08-21,19:30,Blooming,0.0,Petrolero,1.0,,Estadio Ramón Aguilera Costas,Jorge Mancilla,,https://fbref.com/en/matches/a257f177/Blooming-Petrolero-August-21-2016-Liga-Profesional-Boliviano
División de Fútbol Profesional,M,BOL,2017,1st,Torneo Apertura 2016,3,Wed,2016-08-24,19:00,Universitario,1.0,Wilstermann,4.0,,Estadio Olímpico Patria,Alvaro Campos,,https://fbref.com/en/matches/1504347d/Universitario-de-Sucre-Jorge-Wilstermann-August-24-2016-Liga-Profesional-Boliviano
División de Fútbol Profesional,M,BOL,2017,1st,Torneo Apertura 2016,3,Wed,2016-08-24,20:15,Oriente Petrolero,1.0,Guabirá,0.0,,Estadio Ramón Aguilera Costas,Juan Garcia,,https://fbref.com/en/matches/b6e224a5/Oriente-Petrolero-Guabira-August-24-2016-Liga-Profesional-Boliviano
División de Fútbol Profesional,M,BOL,2017,1st,Torneo Apertura 2016,3,Sun,2016-08-28,15:00,Petrolero,2.0,San José,1.0,,Estadio Federico Ibarra Olarte,Julio Gutiérrez,,https://fbref.com/en/matches/be1af044/Petrolero-San-Jose-August-28-2016-Liga-Profesional-Boliviano
División de Fútbol Profesional,M,BOL,2017,1st,Torneo Apertura 2016,4,Fri,2016-09-09,20:00,Sport Boys,0.0,Petrolero,0.0,,Estadio Edgar Peña Gutierrez,Luis Yrusta,,https://fbref.com/en/matches/bcf5973a/Sport-Boys-Warnes-Petrolero-September-9-2016-Liga-Profesional-Boliviano
División de Fútbol Profesional,M,BOL,2017,1st,Torneo Apertura 2016,4,Sat,2016-09-10,17:15,Blooming,0.0,Universitario,0.0,,Estadio Ramón Aguilera Costas,Jordy Aleman,,https://fbref.com/en/matches/4aea8865/Blooming-Universitario-de-Sucre-September-10-2016-Liga-Profesional-Boliviano
División de Fútbol Profesional,M,BOL,2017,1st,Torneo Apertura 2016,4,Sun,2016-09-11,15:00,Guabirá,5.0,San José,2.0,,Estadio Gilberto Parada,Raúl Orosco,,https://fbref.com/en/matches/8a79ad35/Guabira-San-Jose-September-11-2016-Liga-Profesional-Boliviano
División de Fútbol Profesional,M,BOL,2017,1st,Torneo Apertura 2016,4,Sun,2016-09-11,15:30,Real Potosí,3.0,Nacional Potosí,1.0,,Estadio Victor Agustín Ugarte,José Jordán,,https://fbref.com/en/matches/b9a06800/Real-Potosi-Nacional-Potosi-September-11-2016-Liga-Profesional-Boliviano
División de Fútbol Profesional,M,BOL,2017,1st,Torneo Apertura 2016,4,Sun,2016-09-11,16:00,Bolívar,0.0,Oriente Petrolero,1.0,,Estadio Hernando Siles,Jorge Mancilla,,https://fbref.com/en/matches/7803b3ad/Bolivar-Oriente-Petrolero-September-11-2016-Liga-Profesional-Boliviano
División de Fútbol Profesional,M,BOL,2017,1st,Torneo Apertura 2016,4,Sun,2016-09-11,17:15,Wilstermann,0.0,The Strongest,3.0,,Estadio Félix Capriles,Juan Garcia,,https://fbref.com/en/matches/37cc7caf/Jorge-Wilstermann-The-Strongest-September-11-2016-Liga-Profesional-Boliviano
División de Fútbol Profesional,M,BOL,2017,1st,Torneo Apertura 2016,5,Wed,2016-09-14,18:00,Nacional Potosí,3.0,Wilstermann,1.0,,Estadio Victor Agustín Ugarte,Ivo Mendez,,https://fbref.com/en/matches/839473ed/Nacional-Potosi-Jorge-Wilstermann-September-14-2016-Liga-Profesional-Boliviano
División de Fútbol Profesional,M,BOL,2017,1st,Torneo Apertura 2016,5,Wed,2016-09-14,20:15,Universitario,2.0,Sport Boys,1.0,,Estadio Olímpico Patria,Orlando Quintana,,https://fbref.com/en/matches/72e2bb38/Universitario-de-Sucre-Sport-Boys-Warnes-September-14-2016-Liga-Profesional-Boliviano
División de Fútbol Profesional,M,BOL,2017,1st,Torneo Apertura 2016,5,Thu,2016-09-15,15:00,Petrolero,1.0,Guabirá,0.0,,Estadio Federico Ibarra Olarte,Victor Hurtado,,https://fbref.com/en/matches/3d057717/Petrolero-Guabira-September-15-2016-Liga-Profesional-Boliviano
División de Fútbol Profesional,M,BOL,2017,1st,Torneo Apertura 2016,6,Sat,2016-09-17,15:00,Sport Boys,2.0,The Strongest,2.0,,Estadio Edgar Peña Gutierrez,Jorge Mancilla,,https://fbref.com/en/matches/cfb1a55c/Sport-Boys-Warnes-The-Strongest-September-17-2016-Liga-Profesional-Boliviano
División de Fútbol Profesional,M,BOL,2017,1st,Torneo Apertura 2016,6,Sun,2016-09-18,15:00,Real Potosí,2.0,San José,1.0,,Estadio Victor Agustín Ugarte,Jorge Antequera,,https://fbref.com/en/matches/44420610/Real-Potosi-San-Jose-September-18-2016-Liga-Profesional-Boliviano
División de Fútbol Profesional,M,BOL,2017,1st,Torneo Apertura 2016,6,Sun,2016-09-18,15:00,Universitario,1.0,Petrolero,0.0,,Estadio Olímpico Patria,Raúl Orosco,,https://fbref.com/en/matches/a6147fbb/Universitario-de-Sucre-Petrolero-September-18-2016-Liga-Profesional-Boliviano
División de Fútbol Profesional,M,BOL,2017,1st,Torneo Apertura 2016,6,Sun,2016-09-18,16:00,Bolívar,6.0,Guabirá,0.0,,Estadio Hernando Siles,Nelson Barro,,https://fbref.com/en/matches/4d76edda/Bolivar-Guabira-September-18-2016-Liga-Profesional-Boliviano
División de Fútbol Profesional,M,BOL,2017,1st,Torneo Apertura 2016,6,Sun,2016-09-18,17:15,Wilstermann,2.0,Oriente Petrolero,1.0,,Estadio Félix Capriles,Alvaro Campos,,https://fbref.com/en/matches/4e55df89/Jorge-Wilstermann-Oriente-Petrolero-September-18-2016-Liga-Profesional-Boliviano
División de Fútbol Profesional,M,BOL,2017,1st,Torneo Apertura 2016,6,Mon,2016-09-19,20:00,Blooming,2.0,Nacional Potosí,1.0,,Estadio Ramón Aguilera Costas,Johnny Cuéllar,,https://fbref.com/en/matches/d557d208/Blooming-Nacional-Potosi-September-19-2016-Liga-Profesional-Boliviano
División de Fútbol Profesional,M,BOL,2017,1st,Torneo Apertura 2016,3,Wed,2016-09-21,15:00,Bolívar,4.0,Nacional Potosí,2.0,,Estadio Hernando Siles,Aldo Rodriguez,,https://fbref.com/en/matches/1d0b238d/Bolivar-Nacional-Potosi-September-21-2016-Liga-Profesional-Boliviano
División de Fútbol Profesional,M,BOL,2017,1st,Torneo Apertura 2016,3,Wed,2016-09-21,20:00,The Strongest,0.0,Real Potosí,0.0,,Estadio Hernando Siles,Alvaro Campos,,https://fbref.com/en/matches/a0ad1d4d/The-Strongest-Real-Potosi-September-21-2016-Liga-Profesional-Boliviano
División de Fútbol Profesional,M,BOL,2017,1st,Torneo Apertura 2016,3,Thu,2016-09-22,20:00,Sport Boys,0.0,Blooming,2.0,,Estadio Edgar Peña Gutierrez,Ivo Mendez,,https://fbref.com/en/matches/f19e3241/Sport-Boys-Warnes-Blooming-September-22-2016-Liga-Profesional-Boliviano
División de Fútbol Profesional,M,BOL,2017,1st,Torneo Apertura 2016,7,Sat,2016-09-24,15:00,Petrolero,0.0,Bolívar,1.0,,Estadio Federico Ibarra Olarte,Jorge Antequera,,https://fbref.com/en/matches/5939a94f/Petrolero-Bolivar-September-24-2016-Liga-Profesional-Boliviano
División de Fútbol Profesional,M,BOL,2017,1st,Torneo Apertura 2016,7,Sat,2016-09-24,17:15,The Strongest,2.0,Universitario,0.0,,Estadio Hernando Siles,Victor Hurtado,,https://fbref.com/en/matches/fc48b718/The-Strongest-Universitario-de-Sucre-September-24-2016-Liga-Profesional-Boliviano
División de Fútbol Profesional,M,BOL,2017,1st,Torneo Apertura 2016,7,Sun,2016-09-25,15:00,Guabirá,3.0,Real Potosí,0.0,,Estadio Gilberto Parada,Jordy Aleman,,https://fbref.com/en/matches/1dc260cb/Guabira-Real-Potosi-September-25-2016-Liga-Profesional-Boliviano
División de Fútbol Profesional,M,BOL,2017,1st,Torneo Apertura 2016,7,Sun,2016-09-25,15:00,San José,1.0,Wilstermann,0.0,,Estadio Jesús Bermúdez,Wilson Estrada,,https://fbref.com/en/matches/e7632fdc/San-Jose-Jorge-Wilstermann-September-25-2016-Liga-Profesional-Boliviano
División de Fútbol Profesional,M,BOL,2017,1st,Torneo Apertura 2016,7,Sun,2016-09-25,17:15,Nacional Potosí,3.0,Sport Boys,1.0,,Estadio Victor Agustín Ugarte,José Jordán,,https://fbref.com/en/matches/949bd105/Nacional-Potosi-Sport-Boys-Warnes-September-25-2016-Liga-Profesional-Boliviano
División de Fútbol Profesional,M,BOL,2017,1st,Torneo Apertura 2016,7,Sun,2016-09-25,19:30,Oriente Petrolero,3.0,Blooming,1.0,,Estadio Ramón Aguilera Costas,Juan Garcia,,https://fbref.com/en/matches/e75b259d/Oriente-Petrolero-Blooming-September-25-2016-Liga-Profesional-Boliviano
División de Fútbol Profesional,M,BOL,2017,1st,Torneo Apertura 2016,8,Tue,2016-09-27,20:30,The Strongest,1.0,Petrolero,0.0,,Estadio Hernando Siles,Ivo Mendez,,https://fbref.com/en/matches/b5fa3f9e/The-Strongest-Petrolero-September-27-2016-Liga-Profesional-Boliviano
División de Fútbol Profesional,M,BOL,2017,1st,Torneo Apertura 2016,8,Wed,2016-09-28,20:00,Real Potosí,2.0,Bolívar,1.0,,Estadio Victor Agustín Ugarte,Alvaro Campos,,https://fbref.com/en/matches/68bb48fd/Real-Potosi-Bolivar-September-28-2016-Liga-Profesional-Boliviano
División de Fútbol Profesional,M,BOL,2017,1st,Torneo Apertura 2016,8,Wed,2016-09-28,20:30,Blooming,3.0,San José,0.0,,Estadio Ramón Aguilera Costas,Óscar Maldonado,,https://fbref.com/en/matches/750313f9/Blooming-San-Jose-September-28-2016-Liga-Profesional-Boliviano
División de Fútbol Profesional,M,BOL,2017,1st,Torneo Apertura 2016,8,Thu,2016-09-29,18:00,Wilstermann,1.0,Guabirá,1.0,,Estadio Félix Capriles,Luis Yrusta,,https://fbref.com/en/matches/6e0a9cb1/Jorge-Wilstermann-Guabira-September-29-2016-Liga-Profesional-Boliviano
División de Fútbol Profesional,M,BOL,2017,1st,Torneo Apertura 2016,8,Thu,2016-09-29,20:00,Universitario,1.0,Nacional Potosí,6.0,,Estadio Olímpico Patria,Bladimir Rueda,,https://fbref.com/en/matches/9837f676/Universitario-de-Sucre-Nacional-Potosi-September-29-2016-Liga-Profesional-Boliviano
División de Fútbol Profesional,M,BOL,2017,1st,Torneo Apertura 2016,8,Thu,2016-09-29,20:30,Sport Boys,2.0,Oriente Petrolero,2.0,,Estadio Samuel Vaca Jimenez,Wilson Estrada,,https://fbref.com/en/matches/f894d88f/Sport-Boys-Warnes-Oriente-Petrolero-September-29-2016-Liga-Profesional-Boliviano
División de Fútbol Profesional,M,BOL,2017,1st,Torneo Apertura 2016,9,Sat,2016-10-15,15:00,Petrolero,1.0,Real Potosí,1.0,,Estadio Federico Ibarra Olarte,Gado Flores,,https://fbref.com/en/matches/012da492/Petrolero-Real-Potosi-October-15-2016-Liga-Profesional-Boliviano
División de Fútbol Profesional,M,BOL,2017,1st,Torneo Apertura 2016,9,Sun,2016-10-16,15:00,Nacional Potosí,0.0,The Strongest,0.0,,Estadio Victor Agustín Ugarte,Nelson Barro,,https://fbref.com/en/matches/95c75b1c/Nacional-Potosi-The-Strongest-October-16-2016-Liga-Profesional-Boliviano
División de Fútbol Profesional,M,BOL,2017,1st,Torneo Apertura 2016,9,Sun,2016-10-16,15:00,San José,2.0,Sport Boys,2.0,,Estadio Jesús Bermúdez,Victor Hurtado,,https://fbref.com/en/matches/fb8515b6/San-Jose-Sport-Boys-Warnes-October-16-2016-Liga-Profesional-Boliviano
División de Fútbol Profesional,M,BOL,2017,1st,Torneo Apertura 2016,9,Sun,2016-10-16,16:00,Bolívar,2.0,Wilstermann,1.0,,Estadio Hernando Siles,Juan Garcia,,https://fbref.com/en/matches/87131f42/Bolivar-Jorge-Wilstermann-October-16-2016-Liga-Profesional-Boliviano
División de Fútbol Profesional,M,BOL,2017,1st,Torneo Apertura 2016,9,Sun,2016-10-16,17:15,Guabirá,0.0,Blooming,4.0,,Estadio Gilberto Parada,Jorge Antequera,,https://fbref.com/en/matches/346d73ac/Guabira-Blooming-October-16-2016-Liga-Profesional-Boliviano
División de Fútbol Profesional,M,BOL,2017,1st,Torneo Apertura 2016,9,Sun,2016-10-16,19:30,Oriente Petrolero,1.0,Universitario,1.0,,Estadio Ramón Aguilera Costas,Alvaro Campos,,https://fbref.com/en/matches/5dc5073a/Oriente-Petrolero-Universitario-de-Sucre-October-16-2016-Liga-Profesional-Boliviano
División de Fútbol Profesional,M,BOL,2017,1st,Torneo Apertura 2016,10,Wed,2016-10-19,18:15,Universitario,0.0,San José,2.0,,Estadio Olímpico Patria,Orlando Quintana,,https://fbref.com/en/matches/bb7e51a8/Universitario-de-Sucre-San-Jose-October-19-2016-Liga-Profesional-Boliviano
División de Fútbol Profesional,M,BOL,2017,1st,Torneo Apertura 2016,10,Wed,2016-10-19,20:00,Wilstermann,3.0,Real Potosí,2.0,,Estadio Félix Capriles,Luis Yrusta,,https://fbref.com/en/matches/3163bbd2/Jorge-Wilstermann-Real-Potosi-October-19-2016-Liga-Profesional-Boliviano
División de Fútbol Profesional,M,BOL,2017,1st,Torneo Apertura 2016,10,Wed,2016-10-19,20:30,Blooming,0.0,Bolívar,1.0,,Estadio Ramón Aguilera Costas,Raúl Orozco,,https://fbref.com/en/matches/bd03f739/Blooming-Bolivar-October-19-2016-Liga-Profesional-Boliviano
División de Fútbol Profesional,M,BOL,2017,1st,Torneo Apertura 2016,10,Thu,2016-10-20,18:30,Nacional Potosí,2.0,Petrolero,2.0,,Estadio Victor Agustín Ugarte,Alvaro Campos,,https://fbref.com/en/matches/eb3bcbc0/Nacional-Potosi-Petrolero-October-20-2016-Liga-Profesional-Boliviano
División de Fútbol Profesional,M,BOL,2017,1st,Torneo Apertura 2016,10,Thu,2016-10-20,20:30,The Strongest,2.0,Oriente Petrolero,0.0,,Estadio Hernando Siles,José Jordán,,https://fbref.com/en/matches/85241cd4/The-Strongest-Oriente-Petrolero-October-20-2016-Liga-Profesional-Boliviano
División de Fútbol Profesional,M,BOL,2017,1st,Torneo Apertura 2016,10,Thu,2016-10-20,20:45,Sport Boys,1.0,Guabirá,0.0,,Estadio Edgar Peña Gutierrez,Juan Garcia,,https://fbref.com/en/matches/858a09fa/Sport-Boys-Warnes-Guabira-October-20-2016-Liga-Profesional-Boliviano
División de Fútbol Profesional,M,BOL,2017,1st,Torneo Apertura 2016,11,Sat,2016-10-22,15:00,Real Potosí,5.0,Blooming,1.0,,Estadio Victor Agustín Ugarte,Aldo Rodriguez,,https://fbref.com/en/matches/416b7169/Real-Potosi-Blooming-October-22-2016-Liga-Profesional-Boliviano
División de Fútbol Profesional,M,BOL,2017,1st,Torneo Apertura 2016,11,Sun,2016-10-23,15:00,Petrolero,5.0,Wilstermann,0.0,,Estadio Federico Ibarra Olarte,Ivo Mendez,,https://fbref.com/en/matches/420d7046/Petrolero-Jorge-Wilstermann-October-23-2016-Liga-Profesional-Boliviano
División de Fútbol Profesional,M,BOL,2017,1st,Torneo Apertura 2016,11,Sun,2016-10-23,15:00,Guabirá,3.0,Universitario,0.0,,Estadio Gilberto Parada,Raúl Orozco,,https://fbref.com/en/matches/827c5419/Guabira-Universitario-de-Sucre-October-23-2016-Liga-Profesional-Boliviano
División de Fútbol Profesional,M,BOL,2017,1st,Torneo Apertura 2016,11,Sun,2016-10-23,16:00,Bolívar,2.0,Sport Boys,1.0,,Estadio Hernando Siles,Jordy Aleman,,https://fbref.com/en/matches/25ef946f/Bolivar-Sport-Boys-Warnes-October-23-2016-Liga-Profesional-Boliviano
División de Fútbol Profesional,M,BOL,2017,1st,Torneo Apertura 2016,11,Sun,2016-10-23,17:15,San José,0.0,The Strongest,1.0,,Estadio Jesús Bermúdez,Jorge Antequera,,https://fbref.com/en/matches/28380c2d/San-Jose-The-Strongest-October-23-2016-Liga-Profesional-Boliviano
División de Fútbol Profesional,M,BOL,2017,1st,Torneo Apertura 2016,11,Mon,2016-10-24,20:00,Oriente Petrolero,1.0,Nacional Potosí,0.0,,Estadio Ramón Aguilera Costas,Wilson Estrada,,https://fbref.com/en/matches/478c5c50/Oriente-Petrolero-Nacional-Potosi-October-24-2016-Liga-Profesional-Boliviano
División de Fútbol Profesional,M,BOL,2017,1st,Torneo Apertura 2016,5,Wed,2016-10-26,20:00,The Strongest,3.0,Blooming,0.0,,Estadio Hernando Siles,Alvaro Campos,,https://fbref.com/en/matches/e3cd5379/The-Strongest-Blooming-October-26-2016-Liga-Profesional-Boliviano
División de Fútbol Profesional,M,BOL,2017,1st,Torneo Apertura 2016,5,Thu,2016-10-27,20:00,San José,0.0,Bolívar,2.0,,Estadio Jesús Bermúdez,Raúl Orozco,,https://fbref.com/en/matches/bdd3d6cc/San-Jose-Bolivar-October-27-2016-Liga-Profesional-Boliviano
División de Fútbol Profesional,M,BOL,2017,1st,Torneo Apertura 2016,5,Thu,2016-10-27,20:30,Oriente Petrolero,3.0,Real Potosí,0.0,,Estadio Ramón Aguilera Costas,Gado Flores,,https://fbref.com/en/matches/fc7ac24f/Oriente-Petrolero-Real-Potosi-October-27-2016-Liga-Profesional-Boliviano
División de Fútbol Profesional,M,BOL,2017,1st,Torneo Apertura 2016,13,Sat,2016-10-29,15:00,Sport Boys,1.0,Wilstermann,0.0,,Estadio Edgar Peña Gutierrez,José Jordán,,https://fbref.com/en/matches/00f99652/Sport-Boys-Warnes-Jorge-Wilstermann-October-29-2016-Liga-Profesional-Boliviano
División de Fútbol Profesional,M,BOL,2017,1st,Torneo Apertura 2016,13,Sun,2016-10-30,15:00,Petrolero,0.0,Blooming,0.0,,Estadio Federico Ibarra Olarte,Victor Hurtado,,https://fbref.com/en/matches/2c2423a4/Petrolero-Blooming-October-30-2016-Liga-Profesional-Boliviano
División de Fútbol Profesional,M,BOL,2017,1st,Torneo Apertura 2016,13,Sun,2016-10-30,15:00,Universitario,4.0,Real Potosí,0.0,,Estadio Olímpico Patria,Jorge Luis Justiniano,,https://fbref.com/en/matches/95981e9d/Universitario-de-Sucre-Real-Potosi-October-30-2016-Liga-Profesional-Boliviano
División de Fútbol Profesional,M,BOL,2017,1st,Torneo Apertura 2016,13,Sun,2016-10-30,17:15,The Strongest,1.0,Bolívar,1.0,,Estadio Hernando Siles,Juan Garcia,,https://fbref.com/en/matches/3ac4c7f9/The-Strongest-Bolivar-October-30-2016-Liga-Profesional-Boliviano
División de Fútbol Profesional,M,BOL,2017,1st,Torneo Apertura 2016,13,Sun,2016-10-30,19:30,Oriente Petrolero,3.0,San José,1.0,,Estadio Ramón Aguilera Costas,Luis Yrusta,,https://fbref.com/en/matches/02a17694/Oriente-Petrolero-San-Jose-October-30-2016-Liga-Profesional-Boliviano
División de Fútbol Profesional,M,BOL,2017,1st,Torneo Apertura 2016,13,Mon,2016-10-31,20:00,Nacional Potosí,2.0,Guabirá,1.0,,Estadio Victor Agustín Ugarte,Nelson Barro,,https://fbref.com/en/matches/198b383e/Nacional-Potosi-Guabira-October-31-2016-Liga-Profesional-Boliviano
División de Fútbol Profesional,M,BOL,2017,1st,Torneo Apertura 2016,14,Wed,2016-11-02,15:00,Universitario,1.0,The Strongest,1.0,,Estadio Olímpico Patria,Jorge Antequera,,https://fbref.com/en/matches/425e1cdf/Universitario-de-Sucre-The-Strongest-November-2-2016-Liga-Profesional-Boliviano
División de Fútbol Profesional,M,BOL,2017,1st,Torneo Apertura 2016,14,Wed,2016-11-02,16:00,Bolívar,2.0,Petrolero,1.0,,Estadio Hernando Siles,Alvaro Campos,,https://fbref.com/en/matches/f108f0ca/Bolivar-Petrolero-November-2-2016-Liga-Profesional-Boliviano
División de Fútbol Profesional,M,BOL,2017,1st,Torneo Apertura 2016,14,Wed,2016-11-02,18:15,Blooming,3.0,Oriente Petrolero,0.0,,Estadio Ramón Aguilera Costas,Juan Garcia,,https://fbref.com/en/matches/10a4db38/Blooming-Oriente-Petrolero-November-2-2016-Liga-Profesional-Boliviano
División de Fútbol Profesional,M,BOL,2017,1st,Torneo Apertura 2016,14,Thu,2016-11-03,15:00,Sport Boys,5.0,Nacional Potosí,2.0,,Estadio Samuel Vaca Jimenez,Victor Hurtado,,https://fbref.com/en/matches/15fb9367/Sport-Boys-Warnes-Nacional-Potosi-November-3-2016-Liga-Profesional-Boliviano
División de Fútbol Profesional,M,BOL,2017,1st,Torneo Apertura 2016,14,Thu,2016-11-03,18:00,Real Potosí,3.0,Guabirá,1.0,,Estadio Victor Agustín Ugarte,José Jordán,,https://fbref.com/en/matches/c357d5d2/Real-Potosi-Guabira-November-3-2016-Liga-Profesional-Boliviano
División de Fútbol Profesional,M,BOL,2017,1st,Torneo Apertura 2016,14,Thu,2016-11-03,20:15,Wilstermann,3.0,San José,1.0,,Estadio Félix Capriles,Wilson Estrada,,https://fbref.com/en/matches/c7a2292d/Jorge-Wilstermann-San-Jose-November-3-2016-Liga-Profesional-Boliviano
División de Fútbol Profesional,M,BOL,2017,1st,Torneo Apertura 2016,15,Fri,2016-11-18,20:00,San José,3.0,Guabirá,0.0,,Estadio Jesús Bermúdez,Luis Yrusta,,https://fbref.com/en/matches/de0e7a4b/San-Jose-Guabira-November-18-2016-Liga-Profesional-Boliviano
División de Fútbol Profesional,M,BOL,2017,1st,Torneo Apertura 2016,15,Sat,2016-11-19,15:00,Petrolero,0.0,Sport Boys,0.0,,Estadio Federico Ibarra Olarte,Raúl Orozco,,https://fbref.com/en/matches/fff35630/Petrolero-Sport-Boys-Warnes-November-19-2016-Liga-Profesional-Boliviano
División de Fútbol Profesional,M,BOL,2017,1st,Torneo Apertura 2016,15,Sat,2016-11-19,17:15,Universitario,2.0,Blooming,0.0,,Estadio Olímpico Patria,Wilson Estrada,,https://fbref.com/en/matches/5500cf6b/Universitario-de-Sucre-Blooming-November-19-2016-Liga-Profesional-Boliviano
División de Fútbol Profesional,M,BOL,2017,1st,Torneo Apertura 2016,15,Sun,2016-11-20,15:00,Nacional Potosí,1.0,Real Potosí,1.0,,Estadio Victor Agustín Ugarte,Jorge Antequera,,https://fbref.com/en/matches/c39cc823/Nacional-Potosi-Real-Potosi-November-20-2016-Liga-Profesional-Boliviano
División de Fútbol Profesional,M,BOL,2017,1st,Torneo Apertura 2016,15,Sun,2016-11-20,17:15,The Strongest,1.0,Wilstermann,0.0,,Estadio Hernando Siles,Juan Garcia,,https://fbref.com/en/matches/fdf1e40a/The-Strongest-Jorge-Wilstermann-November-20-2016-Liga-Profesional-Boliviano
División de Fútbol Profesional,M,BOL,2017,1st,Torneo Apertura 2016,15,Sun,2016-11-20,19:30,Oriente Petrolero,1.0,Bolívar,1.0,,Estadio Ramón Aguilera Costas,Jorge Mancilla,,https://fbref.com/en/matches/b77c65d9/Oriente-Petrolero-Bolivar-November-20-2016-Liga-Profesional-Boliviano
División de Fútbol Profesional,M,BOL,2017,1st,Torneo Apertura 2016,16,Wed,2016-11-23,15:30,Guabirá,1.0,Petrolero,0.0,,Estadio Gilberto Parada,Óscar Maldonado,,https://fbref.com/en/matches/d06013ea/Guabira-Petrolero-November-23-2016-Liga-Profesional-Boliviano
División de Fútbol Profesional,M,BOL,2017,1st,Torneo Apertura 2016,16,Wed,2016-11-23,16:15,Sport Boys,0.0,Universitario,0.0,,Estadio Edgar Peña Gutierrez,Jorge Mancilla,,https://fbref.com/en/matches/e9802330/Sport-Boys-Warnes-Universitario-de-Sucre-November-23-2016-Liga-Profesional-Boliviano
División de Fútbol Profesional,M,BOL,2017,1st,Torneo Apertura 2016,16,Wed,2016-11-23,20:45,Blooming,0.0,The Strongest,0.0,,Estadio Ramón Aguilera Costas,José Jordán,,https://fbref.com/en/matches/24819189/Blooming-The-Strongest-November-23-2016-Liga-Profesional-Boliviano
División de Fútbol Profesional,M,BOL,2017,1st,Torneo Apertura 2016,16,Thu,2016-11-24,18:00,Wilstermann,2.0,Nacional Potosí,0.0,,Estadio Félix Capriles,Ivo Mendez,,https://fbref.com/en/matches/e6294937/Jorge-Wilstermann-Nacional-Potosi-November-24-2016-Liga-Profesional-Boliviano
División de Fútbol Profesional,M,BOL,2017,1st,Torneo Apertura 2016,16,Thu,2016-11-24,20:00,Bolívar,2.0,San José,1.0,,Estadio Hernando Siles,Juan Garcia,,https://fbref.com/en/matches/7490579b/Bolivar-San-Jose-November-24-2016-Liga-Profesional-Boliviano
División de Fútbol Profesional,M,BOL,2017,1st,Torneo Apertura 2016,16,Thu,2016-11-24,20:15,Real Potosí,4.0,Oriente Petrolero,1.0,,Estadio Victor Agustín Ugarte,Luis Yrusta,,https://fbref.com/en/matches/a62caa11/Real-Potosi-Oriente-Petrolero-November-24-2016-Liga-Profesional-Boliviano
División de Fútbol Profesional,M,BOL,2017,1st,Torneo Apertura 2016,17,Sat,2016-11-26,15:00,Petrolero,1.0,Universitario,0.0,,Estadio Federico Ibarra Olarte,Jorge Antequera,,https://fbref.com/en/matches/11e03f32/Petrolero-Universitario-de-Sucre-November-26-2016-Liga-Profesional-Boliviano
División de Fútbol Profesional,M,BOL,2017,1st,Torneo Apertura 2016,17,Sat,2016-11-26,17:15,The Strongest,3.0,Sport Boys,0.0,,Estadio Hernando Siles,Óscar Maldonado,,https://fbref.com/en/matches/14fd38c6/The-Strongest-Sport-Boys-Warnes-November-26-2016-Liga-Profesional-Boliviano
División de Fútbol Profesional,M,BOL,2017,1st,Torneo Apertura 2016,17,Sun,2016-11-27,15:00,Guabirá,1.0,Bolívar,2.0,,Estadio Gilberto Parada,José Jordán,,https://fbref.com/en/matches/3405ed8a/Guabira-Bolivar-November-27-2016-Liga-Profesional-Boliviano
División de Fútbol Profesional,M,BOL,2017,1st,Torneo Apertura 2016,17,Sun,2016-11-27,15:00,San José,1.0,Real Potosí,0.0,,Estadio Jesús Bermúdez,Juan Garcia,,https://fbref.com/en/matches/385ff7ee/San-Jose-Real-Potosi-November-27-2016-Liga-Profesional-Boliviano
División de Fútbol Profesional,M,BOL,2017,1st,Torneo Apertura 2016,17,Sun,2016-11-27,17:15,Nacional Potosí,2.0,Blooming,1.0,,Estadio Victor Agustín Ugarte,Hostin Prado,,https://fbref.com/en/matches/4f1ef2e7/Nacional-Potosi-Blooming-November-27-2016-Liga-Profesional-Boliviano
División de Fútbol Profesional,M,BOL,2017,1st,Torneo Apertura 2016,17,Sun,2016-11-27,19:30,Oriente Petrolero,0.0,Wilstermann,1.0,,Estadio Ramón Aguilera Costas,Luis Yrusta,,https://fbref.com/en/matches/9f86f740/Oriente-Petrolero-Jorge-Wilstermann-November-27-2016-Liga-Profesional-Boliviano
División de Fútbol Profesional,M,BOL,2017,1st,Torneo Apertura 2016,12,Wed,2016-11-30,18:30,San José,2.0,Nacional Potosí,2.0,,Estadio Jesús Bermúdez,Victor Hurtado,,https://fbref.com/en/matches/e20991c8/San-Jose-Nacional-Potosi-November-30-2016-Liga-Profesional-Boliviano
División de Fútbol Profesional,M,BOL,2017,1st,Torneo Apertura 2016,12,Wed,2016-11-30,20:00,Universitario,2.0,Bolívar,2.0,,Estadio Olímpico Patria,Jorge Antequera,,https://fbref.com/en/matches/2e96aa2a/Universitario-de-Sucre-Bolivar-November-30-2016-Liga-Profesional-Boliviano
División de Fútbol Profesional,M,BOL,2017,1st,Torneo Apertura 2016,12,Wed,2016-11-30,20:45,Wilstermann,1.0,Blooming,2.0,,Estadio Félix Capriles,Gado Flores,,https://fbref.com/en/matches/2d7f7420/Jorge-Wilstermann-Blooming-November-30-2016-Liga-Profesional-Boliviano
División de Fútbol Profesional,M,BOL,2017,1st,Torneo Apertura 2016,12,Thu,2016-12-01,15:00,Guabirá,0.0,The Strongest,3.0,,Estadio Gilberto Parada,Raúl Orozco,,https://fbref.com/en/matches/17a302aa/Guabira-The-Strongest-December-1-2016-Liga-Profesional-Boliviano
División de Fútbol Profesional,M,BOL,2017,1st,Torneo Apertura 2016,12,Thu,2016-12-01,20:00,Real Potosí,2.0,Sport Boys,0.0,,Estadio Victor Agustín Ugarte,Wilson Estrada,,https://fbref.com/en/matches/4da50178/Real-Potosi-Sport-Boys-Warnes-December-1-2016-Liga-Profesional-Boliviano
División de Fútbol Profesional,M,BOL,2017,1st,Torneo Apertura 2016,12,Thu,2016-12-01,20:45,Oriente Petrolero,1.0,Petrolero,0.0,,Estadio Ramón Aguilera Costas,Alvaro Campos,,https://fbref.com/en/matches/c1a9d1dd/Oriente-Petrolero-Petrolero-December-1-2016-Liga-Profesional-Boliviano
División de Fútbol Profesional,M,BOL,2017,1st,Torneo Apertura 2016,18,Sat,2016-12-03,15:30,Nacional Potosí,1.0,Bolívar,4.0,,Estadio Victor Agustín Ugarte,Óscar Maldonado,,https://fbref.com/en/matches/67a54e29/Nacional-Potosi-Bolivar-December-3-2016-Liga-Profesional-Boliviano
División de Fútbol Profesional,M,BOL,2017,1st,Torneo Apertura 2016,18,Sat,2016-12-03,20:00,Wilstermann,2.0,Universitario,2.0,,Estadio Félix Capriles,Ivo Mendez,,https://fbref.com/en/matches/7e169203/Jorge-Wilstermann-Universitario-de-Sucre-December-3-2016-Liga-Profesional-Boliviano
División de Fútbol Profesional,M,BOL,2017,1st,Torneo Apertura 2016,18,Sun,2016-12-04,15:00,San José,2.0,Petrolero,1.0,,Estadio Jesús Bermúdez,Edson Rios,,https://fbref.com/en/matches/31870b6e/San-Jose-Petrolero-December-4-2016-Liga-Profesional-Boliviano
División de Fútbol Profesional,M,BOL,2017,1st,Torneo Apertura 2016,18,Sun,2016-12-04,15:00,Guabirá,1.0,Oriente Petrolero,2.0,,Estadio Gilberto Parada,Ever Cuellar,,https://fbref.com/en/matches/8f6e9cf1/Guabira-Oriente-Petrolero-December-4-2016-Liga-Profesional-Boliviano
División de Fútbol Profesional,M,BOL,2017,1st,Torneo Apertura 2016,18,Sun,2016-12-04,17:15,Real Potosí,0.0,The Strongest,2.0,,Estadio Victor Agustín Ugarte,Jorge Mancilla,,https://fbref.com/en/matches/3f560d87/Real-Potosi-The-Strongest-December-4-2016-Liga-Profesional-Boliviano
División de Fútbol Profesional,M,BOL,2017,1st,Torneo Apertura 2016,18,Sun,2016-12-04,19:30,Blooming,0.0,Sport Boys,0.0,,Estadio Ramón Aguilera Costas,Juan Garcia,,https://fbref.com/en/matches/73f79876/Blooming-Sport-Boys-Warnes-December-4-2016-Liga-Profesional-Boliviano
División de Fútbol Profesional,M,BOL,2017,1st,Torneo Apertura 2016,19,Wed,2016-12-07,15:30,Guabirá,2.0,Wilstermann,2.0,,Estadio Gilberto Parada,Ever Cuellar,,https://fbref.com/en/matches/25f7766e/Guabira-Jorge-Wilstermann-December-7-2016-Liga-Profesional-Boliviano
División de Fútbol Profesional,M,BOL,2017,1st,Torneo Apertura 2016,19,Wed,2016-12-07,19:00,Bolívar,2.0,Real Potosí,0.0,,Estadio Hernando Siles,Gery Vargas,,https://fbref.com/en/matches/2ddec19f/Bolivar-Real-Potosi-December-7-2016-Liga-Profesional-Boliviano
División de Fútbol Profesional,M,BOL,2017,1st,Torneo Apertura 2016,19,Wed,2016-12-07,20:30,Oriente Petrolero,2.0,Sport Boys,1.0,,Estadio Ramón Aguilera Costas,Alvaro Campos,,https://fbref.com/en/matches/983aa05b/Oriente-Petrolero-Sport-Boys-Warnes-December-7-2016-Liga-Profesional-Boliviano
División de Fútbol Profesional,M,BOL,2017,1st,Torneo Apertura 2016,19,Thu,2016-12-08,15:00,Petrolero,0.0,The Strongest,1.0,,Estadio Federico Ibarra Olarte,Óscar Maldonado,,https://fbref.com/en/matches/58d4c968/Petrolero-The-Strongest-December-8-2016-Liga-Profesional-Boliviano
División de Fútbol Profesional,M,BOL,2017,1st,Torneo Apertura 2016,19,Thu,2016-12-08,18:00,San José,1.0,Blooming,0.0,,Estadio Jesús Bermúdez,Raúl Orozco,,https://fbref.com/en/matches/121b26d3/San-Jose-Blooming-December-8-2016-Liga-Profesional-Boliviano
División de Fútbol Profesional,M,BOL,2017,1st,Torneo Apertura 2016,19,Thu,2016-12-08,20:15,Nacional Potosí,3.0,Universitario,0.0,,Estadio Victor Agustín Ugarte,Luis Yrusta,,https://fbref.com/en/matches/ce87de85/Nacional-Potosi-Universitario-de-Sucre-December-8-2016-Liga-Profesional-Boliviano
División de Fútbol Profesional,M,BOL,2017,1st,Torneo Apertura 2016,20,Sun,2016-12-11,15:00,Sport Boys,3.0,San José,1.0,,Estadio Edgar Peña Gutierrez,Wilson Estrada,,https://fbref.com/en/matches/1717c393/Sport-Boys-Warnes-San-Jose-December-11-2016-Liga-Profesional-Boliviano
División de Fútbol Profesional,M,BOL,2017,1st,Torneo Apertura 2016,20,Sun,2016-12-11,15:00,Universitario,4.0,Oriente Petrolero,0.0,,Estadio Olímpico Patria,Jordy Aleman,,https://fbref.com/en/matches/c747ff87/Universitario-de-Sucre-Oriente-Petrolero-December-11-2016-Liga-Profesional-Boliviano
División de Fútbol Profesional,M,BOL,2017,1st,Torneo Apertura 2016,20,Sun,2016-12-11,17:15,Wilstermann,0.0,Bolívar,0.0,,Estadio Félix Capriles,Jorge Mancilla,,https://fbref.com/en/matches/cc9b4eb9/Jorge-Wilstermann-Bolivar-December-11-2016-Liga-Profesional-Boliviano
División de Fútbol Profesional,M,BOL,2017,1st,Torneo Apertura 2016,20,Sun,2016-12-11,19:30,Blooming,3.0,Guabirá,1.0,,Estadio Ramón Aguilera Costas,Victor Hurtado,,https://fbref.com/en/matches/5d47c1c6/Blooming-Guabira-December-11-2016-Liga-Profesional-Boliviano
División de Fútbol Profesional,M,BOL,2017,1st,Torneo Apertura 2016,20,Mon,2016-12-12,19:00,Real Potosí,2.0,Petrolero,0.0,,Estadio Victor Agustín Ugarte,Jorge Antequera,,https://fbref.com/en/matches/ce5f96fa/Real-Potosi-Petrolero-December-12-2016-Liga-Profesional-Boliviano
División de Fútbol Profesional,M,BOL,2017,1st,Torneo Apertura 2016,20,Mon,2016-12-12,20:00,The Strongest,7.0,Nacional Potosí,2.0,,Estadio Hernando Siles,Óscar Maldonado,,https://fbref.com/en/matches/0ff09ca7/The-Strongest-Nacional-Potosi-December-12-2016-Liga-Profesional-Boliviano
División de Fútbol Profesional,M,BOL,2017,1st,Torneo Apertura 2016,22,Wed,2016-12-14,20:00,Wilstermann,2.0,Petrolero,0.0,,Estadio Félix Capriles,Ever Cuellar,,https://fbref.com/en/matches/fa2f6d2f/Jorge-Wilstermann-Petrolero-December-14-2016-Liga-Profesional-Boliviano
División de Fútbol Profesional,M,BOL,2017,1st,Torneo Apertura 2016,21,Sat,2016-12-17,16:00,San José,1.0,Universitario,1.0,,Estadio Jesús Bermúdez,Orlando Quintana,,https://fbref.com/en/matches/fe90609b/San-Jose-Universitario-de-Sucre-December-17-2016-Liga-Profesional-Boliviano
División de Fútbol Profesional,M,BOL,2017,1st,Torneo Apertura 2016,21,Sun,2016-12-18,15:00,Guabirá,1.0,Sport Boys,2.0,,Estadio Gilberto Parada,Luis Yrusta,,https://fbref.com/en/matches/0090ce1d/Guabira-Sport-Boys-Warnes-December-18-2016-Liga-Profesional-Boliviano
División de Fútbol Profesional,M,BOL,2017,1st,Torneo Apertura 2016,21,Sun,2016-12-18,15:00,Petrolero,5.0,Nacional Potosí,0.0,,Estadio Federico Ibarra Olarte,Raúl Orozco,,https://fbref.com/en/matches/635b3b73/Petrolero-Nacional-Potosi-December-18-2016-Liga-Profesional-Boliviano
División de Fútbol Profesional,M,BOL,2017,1st,Torneo Apertura 2016,21,Sun,2016-12-18,15:30,Bolívar,3.0,Blooming,0.0,,Estadio Hernando Siles,Óscar Maldonado,,https://fbref.com/en/matches/3787ff89/Bolivar-Blooming-December-18-2016-Liga-Profesional-Boliviano
División de Fútbol Profesional,M,BOL,2017,1st,Torneo Apertura 2016,21,Sun,2016-12-18,15:30,Oriente Petrolero,1.0,The Strongest,1.0,,Estadio Ramón Aguilera Costas,Jorge Mancilla,,https://fbref.com/en/matches/4f295773/Oriente-Petrolero-The-Strongest-December-18-2016-Liga-Profesional-Boliviano
División de Fútbol Profesional,M,BOL,2017,1st,Torneo Apertura 2016,21,Sun,2016-12-18,16:00,Real Potosí,4.0,Wilstermann,0.0,,Estadio Victor Agustín Ugarte,Jorge Antequera,,https://fbref.com/en/matches/e8553637/Real-Potosi-Jorge-Wilstermann-December-18-2016-Liga-Profesional-Boliviano
División de Fútbol Profesional,M,BOL,2017,1st,Torneo Apertura 2016,22,Wed,2016-12-21,15:30,Sport Boys,3.0,Bolívar,2.0,,Estadio Edgar Peña Gutierrez,José Jordán,,https://fbref.com/en/matches/7b070092/Sport-Boys-Warnes-Bolivar-December-21-2016-Liga-Profesional-Boliviano
División de Fútbol Profesional,M,BOL,2017,1st,Torneo Apertura 2016,22,Wed,2016-12-21,15:30,The Strongest,7.0,San José,2.0,,Estadio Hernando Siles,Óscar Maldonado,,https://fbref.com/en/matches/910a9e71/The-Strongest-San-Jose-December-21-2016-Liga-Profesional-Boliviano
División de Fútbol Profesional,M,BOL,2017,1st,Torneo Apertura 2016,22,Wed,2016-12-21,20:00,Blooming,1.0,Real Potosí,0.0,,Estadio Ramón Aguilera Costas,Alvaro Campos,,https://fbref.com/en/matches/01ace40c/Blooming-Real-Potosi-December-21-2016-Liga-Profesional-Boliviano
División de Fútbol Profesional,M,BOL,2017,1st,Torneo Apertura 2016,22,Wed,2016-12-21,20:00,Nacional Potosí,4.0,Oriente Petrolero,0.0,,Estadio Victor Agustín Ugarte,Jordy Aleman,,https://fbref.com/en/matches/40248184/Nacional-Potosi-Oriente-Petrolero-December-21-2016-Liga-Profesional-Boliviano
División de Fútbol Profesional,M,BOL,2017,1st,Torneo Apertura 2016,22,Wed,2016-12-21,20:00,Universitario,1.0,Guabirá,3.0,,Estadio Olímpico Patria,Wilson Estrada,,https://fbref.com/en/matches/7290e963/Universitario-de-Sucre-Guabira-December-21-2016-Liga-Profesional-Boliviano
División de Fútbol Profesional,M,BOL,2017,1st,Championship play-off,,Sat,2016-12-24,12:00,Bolívar,1.0,The Strongest,2.0,,Estadio Hernando Siles,Gery Vargas,,https://fbref.com/en/matches/1c9671ff/Bolivar-The-Strongest-December-24-2016-Liga-Profesional-Boliviano
División de Fútbol Profesional,M,BOL,2017,1st,Torneo Apertura 2017,1,Sat,2017-01-28,15:00,Nacional Potosí,4.0,Petrolero,1.0,,Estadio Victor Agustín Ugarte,Ivo Mendez,,https://fbref.com/en/matches/6db5ef65/Nacional-Potosi-Petrolero-January-28-2017-Liga-Profesional-Boliviano
División de Fútbol Profesional,M,BOL,2017,1st,Torneo Apertura 2017,1,Sun,2017-01-29,15:00,San José,1.0,Bolívar,4.0,,Estadio Jesús Bermúdez,Óscar Maldonado,,https://fbref.com/en/matches/5c587641/San-Jose-Bolivar-January-29-2017-Liga-Profesional-Boliviano
División de Fútbol Profesional,M,BOL,2017,1st,Torneo Apertura 2017,1,Sun,2017-01-29,15:00,Guabirá,3.0,The Strongest,0.0,,Estadio Gilberto Parada,José Jordán,,https://fbref.com/en/matches/9ad7598a/Guabira-The-Strongest-January-29-2017-Liga-Profesional-Boliviano
División de Fútbol Profesional,M,BOL,2017,1st,Torneo Apertura 2017,1,Sun,2017-01-29,17:15,Wilstermann,1.0,Real Potosí,0.0,,Estadio Félix Capriles,Luis Yrusta,,https://fbref.com/en/matches/27d77bed/Jorge-Wilstermann-Real-Potosi-January-29-2017-Liga-Profesional-Boliviano
División de Fútbol Profesional,M,BOL,2017,1st,Torneo Apertura 2017,1,Sun,2017-01-29,19:30,Blooming,1.0,Sport Boys,3.0,,Estadio Ramón Aguilera Costas,Juan Garcia,,https://fbref.com/en/matches/4da94c77/Blooming-Sport-Boys-Warnes-January-29-2017-Liga-Profesional-Boliviano
División de Fútbol Profesional,M,BOL,2017,1st,Torneo Apertura 2017,1,Mon,2017-01-30,20:00,Universitario,0.0,Oriente Petrolero,1.0,,Estadio Olímpico Patria,Victor Hurtado,,https://fbref.com/en/matches/b8e1f66a/Universitario-de-Sucre-Oriente-Petrolero-January-30-2017-Liga-Profesional-Boliviano
División de Fútbol Profesional,M,BOL,2017,1st,Torneo Apertura 2017,2,Sat,2017-02-04,15:00,Bolívar,3.0,Petrolero,0.0,,Estadio Hernando Siles,José Jordán,,https://fbref.com/en/matches/2344d8b4/Bolivar-Petrolero-February-4-2017-Liga-Profesional-Boliviano
División de Fútbol Profesional,M,BOL,2017,1st,Torneo Apertura 2017,2,Sat,2017-02-04,17:15,Blooming,4.0,Universitario,2.0,,Estadio Ramón Aguilera Costas,Gado Flores,,https://fbref.com/en/matches/3848b4a6/Blooming-Universitario-de-Sucre-February-4-2017-Liga-Profesional-Boliviano
División de Fútbol Profesional,M,BOL,2017,1st,Torneo Apertura 2017,2,Sun,2017-02-05,12:00,The Strongest,2.0,Wilstermann,1.0,,Estadio Hernando Siles,Juan Garcia,,https://fbref.com/en/matches/4fb7003a/The-Strongest-Jorge-Wilstermann-February-5-2017-Liga-Profesional-Boliviano
División de Fútbol Profesional,M,BOL,2017,1st,Torneo Apertura 2017,2,Sun,2017-02-05,15:00,San José,0.0,Oriente Petrolero,0.0,,Estadio Jesús Bermúdez,Raúl Orozco,,https://fbref.com/en/matches/a8628770/San-Jose-Oriente-Petrolero-February-5-2017-Liga-Profesional-Boliviano
División de Fútbol Profesional,M,BOL,2017,1st,Torneo Apertura 2017,2,Sun,2017-02-05,15:00,Sport Boys,1.0,Guabirá,1.0,,Estadio Edgar Peña Gutierrez,Óscar Maldonado,,https://fbref.com/en/matches/ce91333e/Sport-Boys-Warnes-Guabira-February-5-2017-Liga-Profesional-Boliviano
División de Fútbol Profesional,M,BOL,2017,1st,Torneo Apertura 2017,3,Sat,2017-02-11,15:00,Universitario,1.0,San José,0.0,,Estadio Olímpico Patria,Raúl Orozco,,https://fbref.com/en/matches/48659190/Universitario-de-Sucre-San-Jose-February-11-2017-Liga-Profesional-Boliviano
División de Fútbol Profesional,M,BOL,2017,1st,Torneo Apertura 2017,3,Sat,2017-02-11,19:00,Oriente Petrolero,0.0,Petrolero,2.0,,Estadio Ramón Aguilera Costas,Alvaro Campos,,https://fbref.com/en/matches/d2801abb/Oriente-Petrolero-Petrolero-February-11-2017-Liga-Profesional-Boliviano
División de Fútbol Profesional,M,BOL,2017,1st,Torneo Apertura 2017,3,Sun,2017-02-12,12:00,The Strongest,3.0,Nacional Potosí,2.0,,Estadio Rafael Mendoza Castellón,Juan Garcia,,https://fbref.com/en/matches/815df6f6/The-Strongest-Nacional-Potosi-February-12-2017-Liga-Profesional-Boliviano
División de Fútbol Profesional,M,BOL,2017,1st,Torneo Apertura 2017,3,Sun,2017-02-12,15:00,Bolívar,4.0,Real Potosí,0.0,,Estadio Libertador Simón Bolívar,Óscar Maldonado,,https://fbref.com/en/matches/2da75564/Bolivar-Real-Potosi-February-12-2017-Liga-Profesional-Boliviano
División de Fútbol Profesional,M,BOL,2017,1st,Torneo Apertura 2017,3,Sun,2017-02-12,15:00,Guabirá,2.0,Blooming,0.0,,Estadio Gilberto Parada,Ivo Mendez,,https://fbref.com/en/matches/fd94ecfd/Guabira-Blooming-February-12-2017-Liga-Profesional-Boliviano
División de Fútbol Profesional,M,BOL,2017,1st,Torneo Apertura 2017,3,Sun,2017-02-12,17:15,Wilstermann,3.0,Sport Boys,1.0,,Estadio Félix Capriles,Luis Yrusta,,https://fbref.com/en/matches/427e062a/Jorge-Wilstermann-Sport-Boys-Warnes-February-12-2017-Liga-Profesional-Boliviano
División de Fútbol Profesional,M,BOL,2017,1st,Torneo Apertura 2017,4,Fri,2017-02-17,15:00,Sport Boys,1.0,Nacional Potosí,3.0,,Estadio Edgar Peña Gutierrez,Óscar Maldonado,,https://fbref.com/en/matches/71f3d6f8/Sport-Boys-Warnes-Nacional-Potosi-February-17-2017-Liga-Profesional-Boliviano
División de Fútbol Profesional,M,BOL,2017,1st,Torneo Apertura 2017,4,Sat,2017-02-18,15:00,Guabirá,5.0,Universitario,1.0,,Estadio Gilberto Parada,Gery Vargas,,https://fbref.com/en/matches/0594de4d/Guabira-Universitario-de-Sucre-February-18-2017-Liga-Profesional-Boliviano
División de Fútbol Profesional,M,BOL,2017,1st,Torneo Apertura 2017,4,Sat,2017-02-18,17:15,Oriente Petrolero,3.0,Real Potosí,1.0,,Estadio Ramón Aguilera Costas,Raúl Orozco,,https://fbref.com/en/matches/e9ed3359/Oriente-Petrolero-Real-Potosi-February-18-2017-Liga-Profesional-Boliviano
División de Fútbol Profesional,M,BOL,2017,1st,Torneo Apertura 2017,4,Sun,2017-02-19,16:00,Petrolero,2.0,San José,0.0,,Estadio Defensores del Chaco,Gado Flores,,https://fbref.com/en/matches/1a503d82/Petrolero-San-Jose-February-19-2017-Liga-Profesional-Boliviano
División de Fútbol Profesional,M,BOL,2017,1st,Torneo Apertura 2017,4,Sun,2017-02-19,17:15,Blooming,3.0,Wilstermann,2.0,,Estadio Ramón Aguilera Costas,José Jordán,,https://fbref.com/en/matches/876a94db/Blooming-Jorge-Wilstermann-February-19-2017-Liga-Profesional-Boliviano
División de Fútbol Profesional,M,BOL,2017,1st,Torneo Apertura 2017,5,Wed,2017-02-22,18:15,San José,3.0,Real Potosí,0.0,,Estadio Jesús Bermúdez,Carlos Arteaga,,https://fbref.com/en/matches/8112f6f2/San-Jose-Real-Potosi-February-22-2017-Liga-Profesional-Boliviano
División de Fútbol Profesional,M,BOL,2017,1st,Torneo Apertura 2017,5,Wed,2017-02-22,20:30,Blooming,2.0,Nacional Potosí,0.0,,Estadio Ramón Aguilera Costas,José Jordán,,https://fbref.com/en/matches/0271318c/Blooming-Nacional-Potosi-February-22-2017-Liga-Profesional-Boliviano
División de Fútbol Profesional,M,BOL,2017,1st,Torneo Apertura 2017,5,Thu,2017-02-23,15:00,Sport Boys,3.0,Bolívar,2.0,,Estadio Edgar Peña Gutierrez,Gery Vargas,,https://fbref.com/en/matches/895e662c/Sport-Boys-Warnes-Bolivar-February-23-2017-Liga-Profesional-Boliviano
División de Fútbol Profesional,M,BOL,2017,1st,Torneo Apertura 2017,5,Thu,2017-02-23,18:15,Universitario,3.0,Petrolero,1.0,,Estadio Olímpico Patria,Raúl Orozco,,https://fbref.com/en/matches/5d7434f0/Universitario-de-Sucre-Petrolero-February-23-2017-Liga-Profesional-Boliviano
División de Fútbol Profesional,M,BOL,2017,1st,Torneo Apertura 2017,5,Fri,2017-02-24,20:00,Wilstermann,2.0,Guabirá,3.0,,Estadio Félix Capriles,Luis Yrusta,,https://fbref.com/en/matches/091a51dc/Jorge-Wilstermann-Guabira-February-24-2017-Liga-Profesional-Boliviano
División de Fútbol Profesional,M,BOL,2017,1st,Torneo Apertura 2017,6,Thu,2017-03-02,20:00,Wilstermann,1.0,Universitario,1.0,,Estadio Félix Capriles,Jorge Mancilla,,https://fbref.com/en/matches/e5321926/Jorge-Wilstermann-Universitario-de-Sucre-March-2-2017-Liga-Profesional-Boliviano
División de Fútbol Profesional,M,BOL,2017,1st,Torneo Apertura 2017,6,Fri,2017-03-03,15:00,Sport Boys,3.0,Oriente Petrolero,4.0,,Estadio Edgar Peña Gutierrez,Victor Hurtado,,https://fbref.com/en/matches/89978a20/Sport-Boys-Warnes-Oriente-Petrolero-March-3-2017-Liga-Profesional-Boliviano
División de Fútbol Profesional,M,BOL,2017,1st,Torneo Apertura 2017,6,Sat,2017-03-04,15:00,Guabirá,3.0,Nacional Potosí,1.0,,Estadio Gilberto Parada,Gado Flores,,https://fbref.com/en/matches/1ebe935b/Guabira-Nacional-Potosi-March-4-2017-Liga-Profesional-Boliviano
División de Fútbol Profesional,M,BOL,2017,1st,Torneo Apertura 2017,6,Sun,2017-03-05,15:00,Blooming,0.0,Bolívar,3.0,,Estadio Ramón Aguilera Costas,Gery Vargas,,https://fbref.com/en/matches/28e675ed/Blooming-Bolivar-March-5-2017-Liga-Profesional-Boliviano
División de Fútbol Profesional,M,BOL,2017,1st,Torneo Apertura 2017,6,Sun,2017-03-05,17:15,The Strongest,3.0,San José,1.0,,Estadio Rafael Mendoza Castellón,José Jordán,,https://fbref.com/en/matches/05b8679c/The-Strongest-San-Jose-March-5-2017-Liga-Profesional-Boliviano
División de Fútbol Profesional,M,BOL,2017,1st,Torneo Apertura 2017,6,Sun,2017-03-05,19:30,Real Potosí,4.0,Petrolero,3.0,,Estadio Victor Agustín Ugarte,Jorge Luis Justiniano,,https://fbref.com/en/matches/a472d205/Real-Potosi-Petrolero-March-5-2017-Liga-Profesional-Boliviano
División de Fútbol Profesional,M,BOL,2017,1st,Torneo Apertura 2017,7,Sat,2017-03-11,15:00,San José,3.0,Sport Boys,1.0,,Estadio Jesús Bermúdez,Luis Yrusta,,https://fbref.com/en/matches/f11557ac/San-Jose-Sport-Boys-Warnes-March-11-2017-Liga-Profesional-Boliviano
División de Fútbol Profesional,M,BOL,2017,1st,Torneo Apertura 2017,7,Sat,2017-03-11,17:15,Nacional Potosí,0.0,Wilstermann,0.0,,Estadio Victor Agustín Ugarte,Ivo Mendez,,https://fbref.com/en/matches/74cdabdd/Nacional-Potosi-Jorge-Wilstermann-March-11-2017-Liga-Profesional-Boliviano
División de Fútbol Profesional,M,BOL,2017,1st,Torneo Apertura 2017,7,Sun,2017-03-12,15:00,Petrolero,0.0,The Strongest,1.0,,Estadio Federico Ibarra Olarte,Raúl Orozco,,https://fbref.com/en/matches/a171edef/Petrolero-The-Strongest-March-12-2017-Liga-Profesional-Boliviano
División de Fútbol Profesional,M,BOL,2017,1st,Torneo Apertura 2017,7,Sun,2017-03-12,16:00,Bolívar,2.0,Guabirá,0.0,,Estadio Hernando Siles,Jorge Mancilla,,https://fbref.com/en/matches/424a2246/Bolivar-Guabira-March-12-2017-Liga-Profesional-Boliviano
División de Fútbol Profesional,M,BOL,2017,1st,Torneo Apertura 2017,7,Sun,2017-03-12,17:15,Universitario,0.0,Real Potosí,2.0,,Estadio Olímpico Patria,Carlos Garcia,,https://fbref.com/en/matches/2d6f4520/Universitario-de-Sucre-Real-Potosi-March-12-2017-Liga-Profesional-Boliviano
División de Fútbol Profesional,M,BOL,2017,1st,Torneo Apertura 2017,7,Sun,2017-03-12,19:30,Oriente Petrolero,2.0,Blooming,3.0,,Estadio Ramón Aguilera Costas,Gery Vargas,,https://fbref.com/en/matches/45155f7e/Oriente-Petrolero-Blooming-March-12-2017-Liga-Profesional-Boliviano
División de Fútbol Profesional,M,BOL,2017,1st,Torneo Apertura 2017,8,Wed,2017-03-15,20:00,Blooming,3.0,San José,3.0,,Estadio Ramón Aguilera Costas,Gado Flores,,https://fbref.com/en/matches/1f7e7172/Blooming-San-Jose-March-15-2017-Liga-Profesional-Boliviano
División de Fútbol Profesional,M,BOL,2017,1st,Torneo Apertura 2017,8,Thu,2017-03-16,17:45,Sport Boys,2.0,Petrolero,1.0,,Estadio Ramón Aguilera Costas,Hostin Prado,,https://fbref.com/en/matches/b38d7f08/Sport-Boys-Warnes-Petrolero-March-16-2017-Liga-Profesional-Boliviano
División de Fútbol Profesional,M,BOL,2017,1st,Torneo Apertura 2017,8,Thu,2017-03-16,20:00,Nacional Potosí,1.0,Universitario,0.0,,Estadio Victor Agustín Ugarte,Jorge Luis Justiniano,,https://fbref.com/en/matches/7e1ed335/Nacional-Potosi-Universitario-de-Sucre-March-16-2017-Liga-Profesional-Boliviano
División de Fútbol Profesional,M,BOL,2017,1st,Torneo Apertura 2017,8,Fri,2017-03-17,20:30,Oriente Petrolero,3.0,Guabirá,1.0,,Estadio Ramón Aguilera Costas,Raúl Orozco,,https://fbref.com/en/matches/52423770/Oriente-Petrolero-Guabira-March-17-2017-Liga-Profesional-Boliviano
División de Fútbol Profesional,M,BOL,2017,1st,Torneo Apertura 2017,2,Sun,2017-03-26,15:00,Real Potosí,1.0,Nacional Potosí,2.0,,Estadio Victor Agustín Ugarte,Jorge Mancilla,,https://fbref.com/en/matches/050f1c5f/Real-Potosi-Nacional-Potosi-March-26-2017-Liga-Profesional-Boliviano
División de Fútbol Profesional,M,BOL,2017,1st,Torneo Apertura 2017,9,Fri,2017-03-31,15:00,Petrolero,2.0,Blooming,4.0,,Estadio Federico Ibarra Olarte,Victor Hurtado,,https://fbref.com/en/matches/c2199e45/Petrolero-Blooming-March-31-2017-Liga-Profesional-Boliviano
División de Fútbol Profesional,M,BOL,2017,1st,Torneo Apertura 2017,9,Sat,2017-04-01,15:00,San José,4.0,Guabirá,0.0,,Estadio Jesús Bermúdez,Luis Yrusta,,https://fbref.com/en/matches/9fe90d6b/San-Jose-Guabira-April-1-2017-Liga-Profesional-Boliviano
División de Fútbol Profesional,M,BOL,2017,1st,Torneo Apertura 2017,9,Sat,2017-04-01,16:00,Bolívar,3.0,Nacional Potosí,1.0,,Estadio Hernando Siles,Raúl Orozco,,https://fbref.com/en/matches/d6d39cab/Bolivar-Nacional-Potosi-April-1-2017-Liga-Profesional-Boliviano
División de Fútbol Profesional,M,BOL,2017,1st,Torneo Apertura 2017,9,Sun,2017-04-02,15:00,Oriente Petrolero,2.0,Wilstermann,0.0,,Estadio Ramón Aguilera Costas,José Jordán,,https://fbref.com/en/matches/88c44072/Oriente-Petrolero-Jorge-Wilstermann-April-2-2017-Liga-Profesional-Boliviano
División de Fútbol Profesional,M,BOL,2017,1st,Torneo Apertura 2017,9,Sun,2017-04-02,17:15,Universitario,2.0,The Strongest,1.0,,Estadio Olímpico Patria,Jimmy García,,https://fbref.com/en/matches/7b4b0048/Universitario-de-Sucre-The-Strongest-April-2-2017-Liga-Profesional-Boliviano
División de Fútbol Profesional,M,BOL,2017,1st,Torneo Apertura 2017,9,Sun,2017-04-02,19:30,Real Potosí,2.0,Sport Boys,3.0,,Estadio Victor Agustín Ugarte,Alvaro Campos,,https://fbref.com/en/matches/1cff0deb/Real-Potosi-Sport-Boys-Warnes-April-2-2017-Liga-Profesional-Boliviano
División de Fútbol Profesional,M,BOL,2017,1st,Torneo Apertura 2017,4,Wed,2017-04-05,20:00,The Strongest,1.0,Bolívar,4.0,,Estadio Hernando Siles,Luis Yrusta,,https://fbref.com/en/matches/08247dd9/The-Strongest-Bolivar-April-5-2017-Liga-Profesional-Boliviano
División de Fútbol Profesional,M,BOL,2017,1st,Torneo Apertura 2017,10,Thu,2017-04-06,20:00,Wilstermann,1.0,San José,2.0,,Estadio Félix Capriles,Jorge Antequera,,https://fbref.com/en/matches/7dc51710/Jorge-Wilstermann-San-Jose-April-6-2017-Liga-Profesional-Boliviano
División de Fútbol Profesional,M,BOL,2017,1st,Torneo Apertura 2017,10,Sat,2017-04-08,15:00,Sport Boys,0.0,The Strongest,1.0,,Estadio Edgar Peña Gutierrez,José Jordán,,https://fbref.com/en/matches/138309b8/Sport-Boys-Warnes-The-Strongest-April-8-2017-Liga-Profesional-Boliviano
División de Fútbol Profesional,M,BOL,2017,1st,Torneo Apertura 2017,10,Sat,2017-04-08,17:15,Blooming,3.0,Real Potosí,1.0,,Estadio Ramón Aguilera Costas,Raúl Orozco,,https://fbref.com/en/matches/a7ac8018/Blooming-Real-Potosi-April-8-2017-Liga-Profesional-Boliviano
División de Fútbol Profesional,M,BOL,2017,1st,Torneo Apertura 2017,10,Sun,2017-04-09,15:00,Guabirá,5.0,Petrolero,1.0,,Estadio Gilberto Parada,Jorge Mancilla,,https://fbref.com/en/matches/a9ea7a41/Guabira-Petrolero-April-9-2017-Liga-Profesional-Boliviano
División de Fútbol Profesional,M,BOL,2017,1st,Torneo Apertura 2017,10,Sun,2017-04-09,16:00,Bolívar,5.0,Universitario,0.0,,Estadio Hernando Siles,Ivo Mendez,,https://fbref.com/en/matches/3b66dcca/Bolivar-Universitario-de-Sucre-April-9-2017-Liga-Profesional-Boliviano
División de Fútbol Profesional,M,BOL,2017,1st,Torneo Apertura 2017,10,Sun,2017-04-09,19:30,Nacional Potosí,3.0,Oriente Petrolero,1.0,,Estadio Victor Agustín Ugarte,Carlos Garcia,,https://fbref.com/en/matches/52e29214/Nacional-Potosi-Oriente-Petrolero-April-9-2017-Liga-Profesional-Boliviano
División de Fútbol Profesional,M,BOL,2017,1st,Torneo Apertura 2017,11,Fri,2017-04-14,16:30,The Strongest,6.0,Blooming,0.0,,Estadio Hernando Siles,Jorge Mancilla,,https://fbref.com/en/matches/064f17bf/The-Strongest-Blooming-April-14-2017-Liga-Profesional-Boliviano
División de Fútbol Profesional,M,BOL,2017,1st,Torneo Apertura 2017,11,Sat,2017-04-15,17:15,Real Potosí,2.0,Guabirá,0.0,,Estadio Victor Agustín Ugarte,Luis Yrusta,,https://fbref.com/en/matches/2147cafb/Real-Potosi-Guabira-April-15-2017-Liga-Profesional-Boliviano
División de Fútbol Profesional,M,BOL,2017,1st,Torneo Apertura 2017,11,Sun,2017-04-16,15:00,Petrolero,2.0,Wilstermann,0.0,,Estadio Federico Ibarra Olarte,Juan Garcia,,https://fbref.com/en/matches/047d483e/Petrolero-Jorge-Wilstermann-April-16-2017-Liga-Profesional-Boliviano
División de Fútbol Profesional,M,BOL,2017,1st,Torneo Apertura 2017,11,Sun,2017-04-16,17:15,San José,2.0,Nacional Potosí,1.0,,Estadio Jesús Bermúdez,Jorge Antequera,,https://fbref.com/en/matches/5680d298/San-Jose-Nacional-Potosi-April-16-2017-Liga-Profesional-Boliviano
División de Fútbol Profesional,M,BOL,2017,1st,Torneo Apertura 2017,11,Sun,2017-04-16,19:30,Oriente Petrolero,1.0,Bolívar,1.0,,Estadio Ramón Aguilera Costas,Raúl Orozco,,https://fbref.com/en/matches/57134bd3/Oriente-Petrolero-Bolivar-April-16-2017-Liga-Profesional-Boliviano
División de Fútbol Profesional,M,BOL,2017,1st,Torneo Apertura 2017,8,Wed,2017-04-19,20:00,Wilstermann,1.0,Bolívar,0.0,,Estadio Félix Capriles,Gery Vargas,,https://fbref.com/en/matches/6a45210f/Jorge-Wilstermann-Bolivar-April-19-2017-Liga-Profesional-Boliviano
División de Fútbol Profesional,M,BOL,2017,1st,Torneo Apertura 2017,12,Fri,2017-04-21,15:00,Petrolero,2.0,Nacional Potosí,2.0,,Estadio Federico Ibarra Olarte,Hostin Prado,,https://fbref.com/en/matches/86039572/Petrolero-Nacional-Potosi-April-21-2017-Liga-Profesional-Boliviano
División de Fútbol Profesional,M,BOL,2017,1st,Torneo Apertura 2017,12,Sat,2017-04-22,15:00,Real Potosí,4.0,Wilstermann,0.0,,Estadio Victor Agustín Ugarte,Ivo Mendez,,https://fbref.com/en/matches/e85b2e2f/Real-Potosi-Jorge-Wilstermann-April-22-2017-Liga-Profesional-Boliviano
División de Fútbol Profesional,M,BOL,2017,1st,Torneo Apertura 2017,12,Sat,2017-04-22,17:15,The Strongest,3.0,Guabirá,3.0,,Estadio Hernando Siles,Gery Vargas,,https://fbref.com/en/matches/8196f78d/The-Strongest-Guabira-April-22-2017-Liga-Profesional-Boliviano
División de Fútbol Profesional,M,BOL,2017,1st,Torneo Apertura 2017,12,Sun,2017-04-23,15:00,Sport Boys,3.0,Blooming,4.0,,Estadio Edgar Peña Gutierrez,Luis Yrusta,,https://fbref.com/en/matches/fadc7fb4/Sport-Boys-Warnes-Blooming-April-23-2017-Liga-Profesional-Boliviano
División de Fútbol Profesional,M,BOL,2017,1st,Torneo Apertura 2017,12,Sun,2017-04-23,16:00,Bolívar,3.0,San José,1.0,,Estadio Hernando Siles,José Jordán,,https://fbref.com/en/matches/2cb74045/Bolivar-San-Jose-April-23-2017-Liga-Profesional-Boliviano
División de Fútbol Profesional,M,BOL,2017,1st,Torneo Apertura 2017,12,Sun,2017-04-23,17:15,Oriente Petrolero,1.0,Universitario,0.0,,Estadio Ramón Aguilera Costas,Jorge Mancilla,,https://fbref.com/en/matches/866c96cd/Oriente-Petrolero-Universitario-de-Sucre-April-23-2017-Liga-Profesional-Boliviano
División de Fútbol Profesional,M,BOL,2017,1st,Torneo Apertura 2017,8,Wed,2017-04-26,20:00,The Strongest,6.0,Real Potosí,1.0,,Estadio Hernando Siles,Raúl Orozco,,https://fbref.com/en/matches/8a292b41/The-Strongest-Real-Potosi-April-26-2017-Liga-Profesional-Boliviano
División de Fútbol Profesional,M,BOL,2017,1st,Torneo Apertura 2017,13,Sat,2017-04-29,15:00,Real Potosí,1.0,Universitario,0.0,,Estadio Victor Agustín Ugarte,Victor Hurtado,,https://fbref.com/en/matches/df4f5220/Real-Potosi-Universitario-de-Sucre-April-29-2017-Liga-Profesional-Boliviano
División de Fútbol Profesional,M,BOL,2017,1st,Torneo Apertura 2017,13,Sat,2017-04-29,17:15,Wilstermann,3.0,Nacional Potosí,2.0,,Estadio Félix Capriles,Luis Yrusta,,https://fbref.com/en/matches/138f274e/Jorge-Wilstermann-Nacional-Potosi-April-29-2017-Liga-Profesional-Boliviano
División de Fútbol Profesional,M,BOL,2017,1st,Torneo Apertura 2017,13,Sun,2017-04-30,11:00,Sport Boys,0.0,San José,0.0,,Estadio Edgar Peña Gutierrez,José Jordán,,https://fbref.com/en/matches/9f9365e5/Sport-Boys-Warnes-San-Jose-April-30-2017-Liga-Profesional-Boliviano
División de Fútbol Profesional,M,BOL,2017,1st,Torneo Apertura 2017,13,Sun,2017-04-30,15:00,Guabirá,2.0,Bolívar,1.0,,Estadio Gilberto Parada,Jorge Mancilla,,https://fbref.com/en/matches/8635ed83/Guabira-Bolivar-April-30-2017-Liga-Profesional-Boliviano
División de Fútbol Profesional,M,BOL,2017,1st,Torneo Apertura 2017,13,Sun,2017-04-30,17:15,The Strongest,5.0,Petrolero,1.0,,Estadio Hernando Siles,Jorge Antequera,,https://fbref.com/en/matches/ab0bd67d/The-Strongest-Petrolero-April-30-2017-Liga-Profesional-Boliviano
División de Fútbol Profesional,M,BOL,2017,1st,Torneo Apertura 2017,13,Sun,2017-04-30,19:30,Blooming,0.0,Oriente Petrolero,3.0,,Estadio Ramón Aguilera Costas,Juan Garcia,,https://fbref.com/en/matches/93934522/Blooming-Oriente-Petrolero-April-30-2017-Liga-Profesional-Boliviano
División de Fútbol Profesional,M,BOL,2017,1st,Torneo Apertura 2017,14,Sat,2017-05-06,15:00,Sport Boys,3.0,Wilstermann,1.0,,Estadio Samuel Vaca Jimenez,Jorge Mancilla,,https://fbref.com/en/matches/c5edecbb/Sport-Boys-Warnes-Jorge-Wilstermann-May-6-2017-Liga-Profesional-Boliviano
División de Fútbol Profesional,M,BOL,2017,1st,Torneo Apertura 2017,14,Sun,2017-05-07,15:00,Real Potosí,2.0,Bolívar,1.0,,Estadio Victor Agustín Ugarte,José Jordán,,https://fbref.com/en/matches/1ac815f4/Real-Potosi-Bolivar-May-7-2017-Liga-Profesional-Boliviano
División de Fútbol Profesional,M,BOL,2017,1st,Torneo Apertura 2017,14,Sun,2017-05-07,17:15,San José,3.0,Universitario,3.0,,Estadio Jesús Bermúdez,Ivo Mendez,,https://fbref.com/en/matches/4ae907ae/San-Jose-Universitario-de-Sucre-May-7-2017-Liga-Profesional-Boliviano
División de Fútbol Profesional,M,BOL,2017,1st,Torneo Apertura 2017,14,Sun,2017-05-07,19:30,Blooming,3.0,Guabirá,2.0,,Estadio Ramón Aguilera Costas,Raúl Orozco,,https://fbref.com/en/matches/13098bea/Blooming-Guabira-May-7-2017-Liga-Profesional-Boliviano
División de Fútbol Profesional,M,BOL,2017,1st,Torneo Apertura 2017,5,Wed,2017-05-10,20:00,Oriente Petrolero,3.0,The Strongest,1.0,,Estadio Ramón Aguilera Costas,José Jordán,,https://fbref.com/en/matches/b01cdbcc/Oriente-Petrolero-The-Strongest-May-10-2017-Liga-Profesional-Boliviano
División de Fútbol Profesional,M,BOL,2017,1st,Torneo Apertura 2017,15,Sat,2017-05-13,15:00,Universitario,1.0,Guabirá,0.0,,Estadio Olímpico Patria,Victor Hurtado,,https://fbref.com/en/matches/4059e950/Universitario-de-Sucre-Guabira-May-13-2017-Liga-Profesional-Boliviano
División de Fútbol Profesional,M,BOL,2017,1st,Torneo Apertura 2017,15,Sat,2017-05-13,17:15,Nacional Potosí,5.0,Sport Boys,2.0,,Estadio Victor Agustín Ugarte,Carlos Garcia,,https://fbref.com/en/matches/090eec01/Nacional-Potosi-Sport-Boys-Warnes-May-13-2017-Liga-Profesional-Boliviano
División de Fútbol Profesional,M,BOL,2017,1st,Torneo Apertura 2017,15,Sun,2017-05-14,15:00,San José,4.0,Petrolero,1.0,,Estadio Jesús Bermúdez,Jorge Antequera,,https://fbref.com/en/matches/5636a77d/San-Jose-Petrolero-May-14-2017-Liga-Profesional-Boliviano
División de Fútbol Profesional,M,BOL,2017,1st,Torneo Apertura 2017,15,Sun,2017-05-14,16:00,Bolívar,3.0,The Strongest,1.0,,Estadio Hernando Siles,Luis Yrusta,,https://fbref.com/en/matches/4d72cf0d/Bolivar-The-Strongest-May-14-2017-Liga-Profesional-Boliviano
División de Fútbol Profesional,M,BOL,2017,1st,Torneo Apertura 2017,15,Sun,2017-05-14,17:15,Wilstermann,3.0,Blooming,1.0,,Estadio Félix Capriles,Jorge Mancilla,,https://fbref.com/en/matches/fe356bdf/Jorge-Wilstermann-Blooming-May-14-2017-Liga-Profesional-Boliviano
División de Fútbol Profesional,M,BOL,2017,1st,Torneo Apertura 2017,15,Mon,2017-05-15,20:00,Real Potosí,3.0,Oriente Petrolero,2.0,,Estadio Victor Agustín Ugarte,Alvaro Campos,,https://fbref.com/en/matches/cf9c499b/Real-Potosi-Oriente-Petrolero-May-15-2017-Liga-Profesional-Boliviano
División de Fútbol Profesional,M,BOL,2017,1st,Torneo Apertura 2017,16,Sat,2017-05-20,15:00,Nacional Potosí,1.0,Blooming,0.0,,Estadio Victor Agustín Ugarte,Victor Hurtado,,https://fbref.com/en/matches/9e089375/Nacional-Potosi-Blooming-May-20-2017-Liga-Profesional-Boliviano
División de Fútbol Profesional,M,BOL,2017,1st,Torneo Apertura 2017,16,Sat,2017-05-20,17:15,The Strongest,0.0,Oriente Petrolero,1.0,,Estadio Hernando Siles,José Jordán,,https://fbref.com/en/matches/f62a38a1/The-Strongest-Oriente-Petrolero-May-20-2017-Liga-Profesional-Boliviano
División de Fútbol Profesional,M,BOL,2017,1st,Torneo Apertura 2017,16,Sun,2017-05-21,15:30,Guabirá,0.0,Wilstermann,0.0,,Estadio Gilberto Parada,Wilson Estrada,,https://fbref.com/en/matches/0e7dc479/Guabira-Jorge-Wilstermann-May-21-2017-Liga-Profesional-Boliviano
División de Fútbol Profesional,M,BOL,2017,1st,Torneo Apertura 2017,16,Sun,2017-05-21,16:00,Bolívar,5.0,Sport Boys,0.0,,Estadio Hernando Siles,Jorge Mancilla,,https://fbref.com/en/matches/ee5e8c1f/Bolivar-Sport-Boys-Warnes-May-21-2017-Liga-Profesional-Boliviano
División de Fútbol Profesional,M,BOL,2017,1st,Torneo Apertura 2017,16,Sun,2017-05-21,17:15,Real Potosí,1.0,San José,1.0,,Estadio Victor Agustín Ugarte,Juan Garcia,,https://fbref.com/en/matches/1802a1fd/Real-Potosi-San-Jose-May-21-2017-Liga-Profesional-Boliviano
División de Fútbol Profesional,M,BOL,2017,1st,Torneo Apertura 2017,16,Sun,2017-05-21,19:30,Petrolero,2.0,Universitario,2.0,,Estadio Provincial de Yacuiba,Ivo Mendez,,https://fbref.com/en/matches/7013b1d4/Petrolero-Universitario-de-Sucre-May-21-2017-Liga-Profesional-Boliviano
División de Fútbol Profesional,M,BOL,2017,1st,Torneo Apertura 2017,14,Wed,2017-05-24,19:30,Petrolero,2.0,Oriente Petrolero,2.0,,Estadio Provincial de Yacuiba,Luis Yrusta,,https://fbref.com/en/matches/7f1850b9/Petrolero-Oriente-Petrolero-May-24-2017-Liga-Profesional-Boliviano
División de Fútbol Profesional,M,BOL,2017,1st,Torneo Apertura 2017,17,Fri,2017-05-26,15:00,Petrolero,5.0,Real Potosí,0.0,,Estadio Provincial de Yacuiba,Jorge Antequera,,https://fbref.com/en/matches/b9b3b76a/Petrolero-Real-Potosi-May-26-2017-Liga-Profesional-Boliviano
División de Fútbol Profesional,M,BOL,2017,1st,Torneo Apertura 2017,17,Fri,2017-05-26,20:00,Bolívar,5.0,Blooming,0.0,,Estadio Hernando Siles,Carlos Garcia,,https://fbref.com/en/matches/4398a3f1/Bolivar-Blooming-May-26-2017-Liga-Profesional-Boliviano
División de Fútbol Profesional,M,BOL,2017,1st,Torneo Apertura 2017,17,Sat,2017-05-27,15:00,Nacional Potosí,2.0,Guabirá,1.0,,Estadio Victor Agustín Ugarte,Ever Cuellar,,https://fbref.com/en/matches/c39ba485/Nacional-Potosi-Guabira-May-27-2017-Liga-Profesional-Boliviano
División de Fútbol Profesional,M,BOL,2017,1st,Torneo Apertura 2017,17,Sun,2017-05-28,15:00,Universitario,1.0,Wilstermann,0.0,,Estadio Olímpico Patria,Jordy Aleman,,https://fbref.com/en/matches/7acbbbc6/Universitario-de-Sucre-Jorge-Wilstermann-May-28-2017-Liga-Profesional-Boliviano
División de Fútbol Profesional,M,BOL,2017,1st,Torneo Apertura 2017,17,Sun,2017-05-28,17:15,San José,0.0,The Strongest,1.0,,Estadio Jesús Bermúdez,Jorge Mancilla,,https://fbref.com/en/matches/e0efa1a2/San-Jose-The-Strongest-May-28-2017-Liga-Profesional-Boliviano
División de Fútbol Profesional,M,BOL,2017,1st,Torneo Apertura 2017,17,Sun,2017-05-28,19:30,Oriente Petrolero,1.0,Sport Boys,1.0,,Estadio Ramón Aguilera Costas,Juan Garcia,,https://fbref.com/en/matches/0c95fe8f/Oriente-Petrolero-Sport-Boys-Warnes-May-28-2017-Liga-Profesional-Boliviano
División de Fútbol Profesional,M,BOL,2017,1st,Torneo Apertura 2017,11,Wed,2017-05-31,20:00,Universitario,1.0,Sport Boys,3.0,,Estadio Olímpico Patria,Gado Flores,,https://fbref.com/en/matches/0903aa17/Universitario-de-Sucre-Sport-Boys-Warnes-May-31-2017-Liga-Profesional-Boliviano
División de Fútbol Profesional,M,BOL,2017,1st,Torneo Apertura 2017,18,Sat,2017-06-10,15:00,Universitario,1.0,Nacional Potosí,2.0,,Estadio Olímpico Patria,Wilson Estrada,,https://fbref.com/en/matches/a08b015f/Universitario-de-Sucre-Nacional-Potosi-June-10-2017-Liga-Profesional-Boliviano
División de Fútbol Profesional,M,BOL,2017,1st,Torneo Apertura 2017,18,Sat,2017-06-10,17:15,Petrolero,2.0,Sport Boys,2.0,,Estadio Provincial de Yacuiba,Luis Yrusta,,https://fbref.com/en/matches/36bad77f/Petrolero-Sport-Boys-Warnes-June-10-2017-Liga-Profesional-Boliviano
División de Fútbol Profesional,M,BOL,2017,1st,Torneo Apertura 2017,18,Sun,2017-06-11,15:00,Guabirá,2.0,Oriente Petrolero,1.0,,Estadio Gilberto Parada,Jorge Antequera,,https://fbref.com/en/matches/f0bc6e08/Guabira-Oriente-Petrolero-June-11-2017-Liga-Profesional-Boliviano
División de Fútbol Profesional,M,BOL,2017,1st,Torneo Apertura 2017,18,Sun,2017-06-11,16:00,Bolívar,2.0,Wilstermann,0.0,,Estadio Hernando Siles,José Jordán,,https://fbref.com/en/matches/a81b4b4f/Bolivar-Jorge-Wilstermann-June-11-2017-Liga-Profesional-Boliviano
División de Fútbol Profesional,M,BOL,2017,1st,Torneo Apertura 2017,18,Sun,2017-06-11,17:15,San José,3.0,Blooming,0.0,,Estadio Jesús Bermúdez,Raúl Orozco,,https://fbref.com/en/matches/a92076d5/San-Jose-Blooming-June-11-2017-Liga-Profesional-Boliviano
División de Fútbol Profesional,M,BOL,2017,1st,Torneo Apertura 2017,18,Sun,2017-06-11,19:30,Real Potosí,1.0,The Strongest,3.0,,Estadio Victor Agustín Ugarte,Óscar Maldonado,,https://fbref.com/en/matches/5c08a7e0/Real-Potosi-The-Strongest-June-11-2017-Liga-Profesional-Boliviano
División de Fútbol Profesional,M,BOL,2017,1st,Torneo Apertura 2017,19,Wed,2017-06-14,18:15,Universitario,0.0,Blooming,1.0,,Estadio Olímpico Patria,Alvaro Campos,,https://fbref.com/en/matches/bb4c0b13/Universitario-de-Sucre-Blooming-June-14-2017-Liga-Profesional-Boliviano
División de Fútbol Profesional,M,BOL,2017,1st,Torneo Apertura 2017,19,Wed,2017-06-14,19:30,Petrolero,2.0,Bolívar,2.0,,Estadio Provincial de Yacuiba,Raúl Orozco,,https://fbref.com/en/matches/2c69723b/Petrolero-Bolivar-June-14-2017-Liga-Profesional-Boliviano
División de Fútbol Profesional,M,BOL,2017,1st,Torneo Apertura 2017,19,Wed,2017-06-14,20:30,Oriente Petrolero,4.0,San José,1.0,,Estadio Ramón Aguilera Costas,Óscar Maldonado,,https://fbref.com/en/matches/3888b7fb/Oriente-Petrolero-San-Jose-June-14-2017-Liga-Profesional-Boliviano
División de Fútbol Profesional,M,BOL,2017,1st,Torneo Apertura 2017,19,Thu,2017-06-15,15:00,Guabirá,3.0,Sport Boys,1.0,,Estadio Gilberto Parada,Luis Yrusta,,https://fbref.com/en/matches/dda99553/Guabira-Sport-Boys-Warnes-June-15-2017-Liga-Profesional-Boliviano
División de Fútbol Profesional,M,BOL,2017,1st,Torneo Apertura 2017,19,Thu,2017-06-15,17:15,Wilstermann,1.0,The Strongest,1.0,,Estadio Félix Capriles,Juan Garcia,,https://fbref.com/en/matches/84d9fb43/Jorge-Wilstermann-The-Strongest-June-15-2017-Liga-Profesional-Boliviano
División de Fútbol Profesional,M,BOL,2017,1st,Torneo Apertura 2017,19,Thu,2017-06-15,19:30,Nacional Potosí,3.0,Real Potosí,0.0,,Estadio Victor Agustín Ugarte,José Jordán,,https://fbref.com/en/matches/63bfeb2b/Nacional-Potosi-Real-Potosi-June-15-2017-Liga-Profesional-Boliviano
División de Fútbol Profesional,M,BOL,2017,1st,Torneo Apertura 2017,20,Sun,2017-06-18,15:00,Wilstermann,5.0,Oriente Petrolero,1.0,,Estadio Félix Capriles,José Jordán,,https://fbref.com/en/matches/15b0aca0/Jorge-Wilstermann-Oriente-Petrolero-June-18-2017-Liga-Profesional-Boliviano
División de Fútbol Profesional,M,BOL,2017,1st,Torneo Apertura 2017,20,Sun,2017-06-18,15:00,Guabirá,2.0,San José,0.0,,Estadio Gilberto Parada,Luis Yrusta,,https://fbref.com/en/matches/9d5efdf1/Guabira-San-Jose-June-18-2017-Liga-Profesional-Boliviano
División de Fútbol Profesional,M,BOL,2017,1st,Torneo Apertura 2017,20,Sun,2017-06-18,17:15,The Strongest,1.0,Universitario,0.0,,Estadio Hernando Siles,Raúl Orozco,,https://fbref.com/en/matches/2e135a27/The-Strongest-Universitario-de-Sucre-June-18-2017-Liga-Profesional-Boliviano
División de Fútbol Profesional,M,BOL,2017,1st,Torneo Apertura 2017,20,Sun,2017-06-18,19:30,Nacional Potosí,0.0,Bolívar,3.0,,Estadio Victor Agustín Ugarte,Óscar Maldonado,,https://fbref.com/en/matches/880a7ada/Nacional-Potosi-Bolivar-June-18-2017-Liga-Profesional-Boliviano
División de Fútbol Profesional,M,BOL,2017,1st,Torneo Apertura 2017,20,Mon,2017-06-19,20:00,Sport Boys,3.0,Real Potosí,0.0,,Estadio Samuel Vaca Jimenez,Ever Cuellar,,https://fbref.com/en/matches/2ac80414/Sport-Boys-Warnes-Real-Potosi-June-19-2017-Liga-Profesional-Boliviano
División de Fútbol Profesional,M,BOL,2017,1st,Torneo Apertura 2017,20,Tue,2017-06-20,20:00,Blooming,2.0,Petrolero,0.0,,Estadio Ramón Aguilera Costas,Victor Hurtado,,https://fbref.com/en/matches/5e878441/Blooming-Petrolero-June-20-2017-Liga-Profesional-Boliviano
División de Fútbol Profesional,M,BOL,2017,1st,Torneo Apertura 2017,14,Wed,2017-06-21,20:00,Nacional Potosí,0.0,The Strongest,1.0,,Estadio Victor Agustín Ugarte,Ivo Mendez,,https://fbref.com/en/matches/7ee7544d/Nacional-Potosi-The-Strongest-June-21-2017-Liga-Profesional-Boliviano
División de Fútbol Profesional,M,BOL,2017,1st,Torneo Apertura 2017,21,Fri,2017-06-23,15:00,Petrolero,1.0,Guabirá,3.0,,Estadio Provincial de Yacuiba,Orlando Quintana,,https://fbref.com/en/matches/a6f4b907/Petrolero-Guabira-June-23-2017-Liga-Profesional-Boliviano
División de Fútbol Profesional,M,BOL,2017,1st,Torneo Apertura 2017,21,Sat,2017-06-24,15:00,Real Potosí,3.0,Blooming,1.0,,Estadio Victor Agustín Ugarte,Jordy Aleman,,https://fbref.com/en/matches/487da828/Real-Potosi-Blooming-June-24-2017-Liga-Profesional-Boliviano
División de Fútbol Profesional,M,BOL,2017,1st,Torneo Apertura 2017,21,Sat,2017-06-24,17:15,San José,0.0,Wilstermann,0.0,,Estadio Jesús Bermúdez,Jorge Antequera,,https://fbref.com/en/matches/15b9a779/San-Jose-Jorge-Wilstermann-June-24-2017-Liga-Profesional-Boliviano
División de Fútbol Profesional,M,BOL,2017,1st,Torneo Apertura 2017,21,Sun,2017-06-25,15:00,The Strongest,5.0,Sport Boys,0.0,,Estadio Hernando Siles,Óscar Maldonado,,https://fbref.com/en/matches/205c6b99/The-Strongest-Sport-Boys-Warnes-June-25-2017-Liga-Profesional-Boliviano
División de Fútbol Profesional,M,BOL,2017,1st,Torneo Apertura 2017,21,Sun,2017-06-25,15:00,Universitario,0.0,Bolívar,2.0,,Estadio Olímpico Patria,Gery Vargas,,https://fbref.com/en/matches/c82c3a08/Universitario-de-Sucre-Bolivar-June-25-2017-Liga-Profesional-Boliviano
División de Fútbol Profesional,M,BOL,2017,1st,Torneo Apertura 2017,21,Sun,2017-06-25,17:15,Oriente Petrolero,4.0,Nacional Potosí,1.0,,Estadio Ramón Aguilera Costas,Luis Yrusta,,https://fbref.com/en/matches/05d7d52a/Oriente-Petrolero-Nacional-Potosi-June-25-2017-Liga-Profesional-Boliviano
División de Fútbol Profesional,M,BOL,2017,1st,Torneo Apertura 2017,22,Wed,2017-06-28,15:00,Guabirá,3.0,Real Potosí,1.0,,Estadio Gilberto Parada,Angelo Gutiérrez,,https://fbref.com/en/matches/985cce1c/Guabira-Real-Potosi-June-28-2017-Liga-Profesional-Boliviano
División de Fútbol Profesional,M,BOL,2017,1st,Torneo Apertura 2017,22,Wed,2017-06-28,20:30,Blooming,4.0,The Strongest,1.0,,Estadio Ramón Aguilera Costas,Gery Vargas,,https://fbref.com/en/matches/3f995952/Blooming-The-Strongest-June-28-2017-Liga-Profesional-Boliviano
División de Fútbol Profesional,M,BOL,2017,1st,Torneo Apertura 2017,22,Wed,2017-06-28,20:30,Bolívar,1.0,Oriente Petrolero,0.0,,Estadio Hernando Siles,Óscar Maldonado,,https://fbref.com/en/matches/f460004b/Bolivar-Oriente-Petrolero-June-28-2017-Liga-Profesional-Boliviano
División de Fútbol Profesional,M,BOL,2017,1st,Torneo Apertura 2017,22,Thu,2017-06-29,15:00,Sport Boys,5.0,Universitario,2.0,,Estadio Edgar Peña Gutierrez,Wilson Estrada,,https://fbref.com/en/matches/61a49c7f/Sport-Boys-Warnes-Universitario-de-Sucre-June-29-2017-Liga-Profesional-Boliviano
División de Fútbol Profesional,M,BOL,2017,1st,Torneo Apertura 2017,22,Thu,2017-06-29,19:00,Nacional Potosí,1.0,San José,1.0,,Estadio Victor Agustín Ugarte,Gaad David Flores,,https://fbref.com/en/matches/7b3f8b58/Nacional-Potosi-San-Jose-June-29-2017-Liga-Profesional-Boliviano
División de Fútbol Profesional,M,BOL,2017,1st,Torneo Apertura 2017,22,Thu,2017-06-29,20:00,Wilstermann,1.0,Petrolero,3.0,,Estadio Félix Capriles,Ivo Mendez,,https://fbref.com/en/matches/1beb56e4/Jorge-Wilstermann-Petrolero-June-29-2017-Liga-Profesional-Boliviano
División de Fútbol Profesional,M,BOL,2017,1st,Torneo Clausura 2017,2,Fri,2017-07-28,15:30,Oriente Petrolero,3.0,Real Potosí,1.0,,Estadio Ramón Aguilera Costas,José Jordán,,https://fbref.com/en/matches/be69346a/Oriente-Petrolero-Real-Potosi-July-28-2017-Liga-Profesional-Boliviano
División de Fútbol Profesional,M,BOL,2017,1st,Torneo Clausura 2017,2,Sat,2017-07-29,15:00,Petrolero,0.0,Sport Boys,0.0,,Estadio Provincial de Yacuiba,Luis Yrusta,,https://fbref.com/en/matches/71cf2781/Petrolero-Sport-Boys-Warnes-July-29-2017-Liga-Profesional-Boliviano
División de Fútbol Profesional,M,BOL,2017,1st,Torneo Clausura 2017,2,Sat,2017-07-29,17:15,Universitario,2.0,Wilstermann,4.0,,Estadio Olímpico Patria,Juan Garcia,,https://fbref.com/en/matches/bcae53cb/Universitario-de-Sucre-Jorge-Wilstermann-July-29-2017-Liga-Profesional-Boliviano
División de Fútbol Profesional,M,BOL,2017,1st,Torneo Clausura 2017,2,Sun,2017-07-30,15:00,Guabirá,3.0,Bolívar,0.0,,Estadio Gilberto Parada,Gery Vargas,,https://fbref.com/en/matches/be3049e1/Guabira-Bolivar-July-30-2017-Liga-Profesional-Boliviano
División de Fútbol Profesional,M,BOL,2017,1st,Torneo Clausura 2017,2,Sun,2017-07-30,15:00,Nacional Potosí,0.0,Blooming,0.0,,Estadio Victor Agustín Ugarte,Óscar Maldonado,,https://fbref.com/en/matches/c90ede77/Nacional-Potosi-Blooming-July-30-2017-Liga-Profesional-Boliviano
División de Fútbol Profesional,M,BOL,2017,1st,Torneo Clausura 2017,2,Sun,2017-07-30,17:15,The Strongest,1.0,San José,2.0,,Estadio Rafael Mendoza Castellón,Raúl Orozco,,https://fbref.com/en/matches/db73b487/The-Strongest-San-Jose-July-30-2017-Liga-Profesional-Boliviano
División de Fútbol Profesional,M,BOL,2017,1st,Torneo Clausura 2017,3,Thu,2017-08-03,20:00,The Strongest,5.0,Sport Boys,1.0,,Estadio Rafael Mendoza Castellón,Gery Vargas,,https://fbref.com/en/matches/1f7ec182/The-Strongest-Sport-Boys-Warnes-August-3-2017-Liga-Profesional-Boliviano
División de Fútbol Profesional,M,BOL,2017,1st,Torneo Clausura 2017,3,Fri,2017-08-04,20:00,Wilstermann,3.0,Guabirá,0.0,,Estadio Félix Capriles,José Jordán,,https://fbref.com/en/matches/722483e0/Jorge-Wilstermann-Guabira-August-4-2017-Liga-Profesional-Boliviano
División de Fútbol Profesional,M,BOL,2017,1st,Torneo Clausura 2017,3,Sun,2017-08-06,15:00,Petrolero,2.0,Bolívar,0.0,,Estadio Provincial de Yacuiba,Óscar Maldonado,,https://fbref.com/en/matches/174b224b/Petrolero-Bolivar-August-6-2017-Liga-Profesional-Boliviano
División de Fútbol Profesional,M,BOL,2017,1st,Torneo Clausura 2017,3,Mon,2017-08-07,15:00,Oriente Petrolero,1.0,Universitario,0.0,,Estadio Ramón Aguilera Costas,Victor Hurtado,,https://fbref.com/en/matches/53c97f38/Oriente-Petrolero-Universitario-de-Sucre-August-7-2017-Liga-Profesional-Boliviano
División de Fútbol Profesional,M,BOL,2017,1st,Torneo Clausura 2017,3,Mon,2017-08-07,17:15,San José,1.0,Blooming,1.0,,Estadio Jesús Bermúdez,Ever Cuellar,,https://fbref.com/en/matches/8da19c47/San-Jose-Blooming-August-7-2017-Liga-Profesional-Boliviano
División de Fútbol Profesional,M,BOL,2017,1st,Torneo Clausura 2017,3,Wed,2017-08-09,19:30,Nacional Potosí,0.0,Real Potosí,1.0,,Estadio Victor Agustín Ugarte,Jorge Antequera,,https://fbref.com/en/matches/26bace99/Nacional-Potosi-Real-Potosi-August-9-2017-Liga-Profesional-Boliviano
División de Fútbol Profesional,M,BOL,2017,1st,Torneo Clausura 2017,4,Fri,2017-08-11,15:00,Petrolero,1.0,San José,0.0,,Estadio Provincial de Yacuiba,Gado Flores,,https://fbref.com/en/matches/92b916e8/Petrolero-San-Jose-August-11-2017-Liga-Profesional-Boliviano
División de Fútbol Profesional,M,BOL,2017,1st,Torneo Clausura 2017,4,Sat,2017-08-12,15:00,Guabirá,0.0,Sport Boys,2.0,,Estadio Gilberto Parada,Carlos Garcia,,https://fbref.com/en/matches/4629cbe3/Guabira-Sport-Boys-Warnes-August-12-2017-Liga-Profesional-Boliviano
División de Fútbol Profesional,M,BOL,2017,1st,Torneo Clausura 2017,4,Sun,2017-08-13,15:00,Universitario,2.0,Real Potosí,1.0,,Estadio Olímpico Patria,Wilson Estrada,,https://fbref.com/en/matches/1deb91fc/Universitario-de-Sucre-Real-Potosi-August-13-2017-Liga-Profesional-Boliviano
División de Fútbol Profesional,M,BOL,2017,1st,Torneo Clausura 2017,4,Sun,2017-08-13,16:00,Bolívar,1.0,Wilstermann,1.0,,Estadio Hernando Siles,Gery Vargas,,https://fbref.com/en/matches/8da88258/Bolivar-Jorge-Wilstermann-August-13-2017-Liga-Profesional-Boliviano
División de Fútbol Profesional,M,BOL,2017,1st,Torneo Clausura 2017,4,Sun,2017-08-13,17:15,Nacional Potosí,1.0,The Strongest,2.0,,Estadio Victor Agustín Ugarte,Ivo Mendez,,https://fbref.com/en/matches/9e6865a7/Nacional-Potosi-The-Strongest-August-13-2017-Liga-Profesional-Boliviano
División de Fútbol Profesional,M,BOL,2017,1st,Torneo Clausura 2017,4,Sun,2017-08-13,19:30,Oriente Petrolero,0.0,Blooming,0.0,,Estadio Ramón Aguilera Costas,Juan Garcia,,https://fbref.com/en/matches/4e74ee21/Oriente-Petrolero-Blooming-August-13-2017-Liga-Profesional-Boliviano
División de Fútbol Profesional,M,BOL,2017,1st,Torneo Clausura 2017,5,Sat,2017-08-19,15:00,Wilstermann,2.0,Nacional Potosí,1.0,,Estadio Félix Capriles,Jorge Mancilla,,https://fbref.com/en/matches/2998bf0a/Jorge-Wilstermann-Nacional-Potosi-August-19-2017-Liga-Profesional-Boliviano
División de Fútbol Profesional,M,BOL,2017,1st,Torneo Clausura 2017,5,Sat,2017-08-19,17:15,The Strongest,1.0,Petrolero,1.0,,Estadio Hernando Siles,Raúl Orozco,,https://fbref.com/en/matches/dd828c88/The-Strongest-Petrolero-August-19-2017-Liga-Profesional-Boliviano
División de Fútbol Profesional,M,BOL,2017,1st,Torneo Clausura 2017,5,Sat,2017-08-19,19:30,Sport Boys,1.0,Universitario,1.0,,Estadio Edgar Peña Gutierrez,Luis Yrusta,,https://fbref.com/en/matches/ff2403b6/Sport-Boys-Warnes-Universitario-de-Sucre-August-19-2017-Liga-Profesional-Boliviano
División de Fútbol Profesional,M,BOL,2017,1st,Torneo Clausura 2017,5,Sun,2017-08-20,15:00,Real Potosí,2.0,Bolívar,3.0,,Estadio Victor Agustín Ugarte,Óscar Maldonado,,https://fbref.com/en/matches/50b29aed/Real-Potosi-Bolivar-August-20-2017-Liga-Profesional-Boliviano
División de Fútbol Profesional,M,BOL,2017,1st,Torneo Clausura 2017,5,Sun,2017-08-20,17:15,San José,1.0,Oriente Petrolero,2.0,,Estadio Jesús Bermúdez,José Jordán,,https://fbref.com/en/matches/c1c564b9/San-Jose-Oriente-Petrolero-August-20-2017-Liga-Profesional-Boliviano
División de Fútbol Profesional,M,BOL,2017,1st,Torneo Clausura 2017,5,Sun,2017-08-20,19:30,Blooming,2.0,Guabirá,2.0,,Estadio Ramón Aguilera Costas,Jorge Antequera,,https://fbref.com/en/matches/246aab84/Blooming-Guabira-August-20-2017-Liga-Profesional-Boliviano
División de Fútbol Profesional,M,BOL,2017,1st,Torneo Clausura 2017,6,Wed,2017-08-23,15:00,Guabirá,3.0,San José,1.0,,Estadio Gilberto Parada,Hostin Prado,,https://fbref.com/en/matches/5dccce29/Guabira-San-Jose-August-23-2017-Liga-Profesional-Boliviano
División de Fútbol Profesional,M,BOL,2017,1st,Torneo Clausura 2017,6,Wed,2017-08-23,20:00,Real Potosí,2.0,Wilstermann,5.0,,Estadio Victor Agustín Ugarte,Jorge Antequera,,https://fbref.com/en/matches/80b6e8cc/Real-Potosi-Jorge-Wilstermann-August-23-2017-Liga-Profesional-Boliviano
División de Fútbol Profesional,M,BOL,2017,1st,Torneo Clausura 2017,6,Thu,2017-08-24,15:00,Petrolero,0.0,Nacional Potosí,1.0,,Estadio Provincial de Yacuiba,Ever Cuellar,,https://fbref.com/en/matches/d4c1b213/Petrolero-Nacional-Potosi-August-24-2017-Liga-Profesional-Boliviano
División de Fútbol Profesional,M,BOL,2017,1st,Torneo Clausura 2017,6,Thu,2017-08-24,18:15,Universitario,0.0,Blooming,2.0,,Estadio Olímpico Patria,Orlando Quintana,,https://fbref.com/en/matches/9e081d2b/Universitario-de-Sucre-Blooming-August-24-2017-Liga-Profesional-Boliviano
División de Fútbol Profesional,M,BOL,2017,1st,Torneo Clausura 2017,6,Thu,2017-08-24,20:00,Bolívar,2.0,Sport Boys,0.0,,Estadio Hernando Siles,Óscar Maldonado,,https://fbref.com/en/matches/0a8d11bc/Bolivar-Sport-Boys-Warnes-August-24-2017-Liga-Profesional-Boliviano
División de Fútbol Profesional,M,BOL,2017,1st,Torneo Clausura 2017,6,Thu,2017-08-24,20:30,Oriente Petrolero,1.0,The Strongest,1.0,,Estadio Ramón Aguilera Costas,Jorge Mancilla,,https://fbref.com/en/matches/d6a8f993/Oriente-Petrolero-The-Strongest-August-24-2017-Liga-Profesional-Boliviano
División de Fútbol Profesional,M,BOL,2017,1st,Torneo Clausura 2017,1,Sun,2017-08-27,17:15,Wilstermann,1.0,San José,0.0,,Estadio Félix Capriles,Juan Garcia,,https://fbref.com/en/matches/044d0e43/Jorge-Wilstermann-San-Jose-August-27-2017-Liga-Profesional-Boliviano
División de Fútbol Profesional,M,BOL,2017,1st,Torneo Clausura 2017,1,Sat,2017-09-02,15:00,Universitario,1.0,Guabirá,1.0,,Estadio Olímpico Patria,Jordy Aleman,,https://fbref.com/en/matches/bf25742d/Universitario-de-Sucre-Guabira-September-2-2017-Liga-Profesional-Boliviano
División de Fútbol Profesional,M,BOL,2017,1st,Torneo Clausura 2017,7,Fri,2017-09-08,15:00,Sport Boys,0.0,Real Potosí,1.0,,Estadio Samuel Vaca Jimenez,José Jordán,,https://fbref.com/en/matches/b901e3d4/Sport-Boys-Warnes-Real-Potosi-September-8-2017-Liga-Profesional-Boliviano
División de Fútbol Profesional,M,BOL,2017,1st,Torneo Clausura 2017,7,Sat,2017-09-09,15:00,San José,4.0,Universitario,3.0,,Estadio Jesús Bermúdez,Juan Garcia,,https://fbref.com/en/matches/cb452e54/San-Jose-Universitario-de-Sucre-September-9-2017-Liga-Profesional-Boliviano
División de Fútbol Profesional,M,BOL,2017,1st,Torneo Clausura 2017,7,Sat,2017-09-09,17:15,The Strongest,3.0,Guabirá,0.0,,Estadio Hernando Siles,Raúl Orozco,,https://fbref.com/en/matches/b333c46d/The-Strongest-Guabira-September-9-2017-Liga-Profesional-Boliviano
División de Fútbol Profesional,M,BOL,2017,1st,Torneo Clausura 2017,7,Sun,2017-09-10,15:00,Blooming,1.0,Bolívar,2.0,,Estadio Ramón Aguilera Costas,Óscar Maldonado,,https://fbref.com/en/matches/a3c254d0/Blooming-Bolivar-September-10-2017-Liga-Profesional-Boliviano
División de Fútbol Profesional,M,BOL,2017,1st,Torneo Clausura 2017,7,Sun,2017-09-10,15:00,Wilstermann,1.0,Petrolero,1.0,,Estadio Félix Capriles,Gery Vargas,,https://fbref.com/en/matches/e67c3d39/Jorge-Wilstermann-Petrolero-September-10-2017-Liga-Profesional-Boliviano
División de Fútbol Profesional,M,BOL,2017,1st,Torneo Clausura 2017,7,Sun,2017-09-10,17:15,Nacional Potosí,0.0,Oriente Petrolero,0.0,,Estadio Victor Agustín Ugarte,Luis Yrusta,,https://fbref.com/en/matches/8ecb222d/Nacional-Potosi-Oriente-Petrolero-September-10-2017-Liga-Profesional-Boliviano
División de Fútbol Profesional,M,BOL,2017,1st,Torneo Clausura 2017,1,Wed,2017-09-13,15:00,Sport Boys,3.0,Nacional Potosí,2.0,,Estadio Edgar Peña Gutierrez,Wilson Estrada,,https://fbref.com/en/matches/cacdbf69/Sport-Boys-Warnes-Nacional-Potosi-September-13-2017-Liga-Profesional-Boliviano
División de Fútbol Profesional,M,BOL,2017,1st,Torneo Clausura 2017,1,Wed,2017-09-13,20:00,Bolívar,1.0,Oriente Petrolero,1.0,,Estadio Hernando Siles,Jorge Mancilla,,https://fbref.com/en/matches/874e2692/Bolivar-Oriente-Petrolero-September-13-2017-Liga-Profesional-Boliviano
División de Fútbol Profesional,M,BOL,2017,1st,Torneo Clausura 2017,1,Wed,2017-09-13,20:30,Blooming,0.0,The Strongest,0.0,,Estadio Ramón Aguilera Costas,José Jordán,,https://fbref.com/en/matches/620e786a/Blooming-The-Strongest-September-13-2017-Liga-Profesional-Boliviano
División de Fútbol Profesional,M,BOL,2017,1st,Torneo Clausura 2017,8,Sat,2017-09-16,15:00,Guabirá,4.0,Nacional Potosí,0.0,,Estadio Gilberto Parada,Victor Hurtado,,https://fbref.com/en/matches/5f3c6b6f/Guabira-Nacional-Potosi-September-16-2017-Liga-Profesional-Boliviano
División de Fútbol Profesional,M,BOL,2017,1st,Torneo Clausura 2017,8,Sat,2017-09-16,17:15,Real Potosí,2.0,Blooming,0.0,,Estadio Victor Agustín Ugarte,Jordy Aleman,,https://fbref.com/en/matches/37b12abf/Real-Potosi-Blooming-September-16-2017-Liga-Profesional-Boliviano
División de Fútbol Profesional,M,BOL,2017,1st,Torneo Clausura 2017,8,Sun,2017-09-17,15:00,Sport Boys,1.0,Wilstermann,0.0,,Estadio Samuel Vaca Jimenez,Luis Yrusta,,https://fbref.com/en/matches/c768c681/Sport-Boys-Warnes-Jorge-Wilstermann-September-17-2017-Liga-Profesional-Boliviano
División de Fútbol Profesional,M,BOL,2017,1st,Torneo Clausura 2017,8,Sun,2017-09-17,16:00,Bolívar,2.0,San José,1.0,,Estadio Hernando Siles,Juan Garcia,,https://fbref.com/en/matches/8fb9a051/Bolivar-San-Jose-September-17-2017-Liga-Profesional-Boliviano
División de Fútbol Profesional,M,BOL,2017,1st,Torneo Clausura 2017,8,Sun,2017-09-17,17:15,Universitario,2.0,The Strongest,0.0,,Estadio Olímpico Patria,Ivo Mendez,,https://fbref.com/en/matches/a8717032/Universitario-de-Sucre-The-Strongest-September-17-2017-Liga-Profesional-Boliviano
División de Fútbol Profesional,M,BOL,2017,1st,Torneo Clausura 2017,8,Sun,2017-09-17,19:30,Oriente Petrolero,2.0,Petrolero,2.0,,Estadio Ramón Aguilera Costas,Raúl Orozco,,https://fbref.com/en/matches/c9fb6d65/Oriente-Petrolero-Petrolero-September-17-2017-Liga-Profesional-Boliviano
División de Fútbol Profesional,M,BOL,2017,1st,Torneo Clausura 2017,9,Sat,2017-09-23,15:00,Petrolero,4.0,Guabirá,3.0,,Estadio Provincial de Yacuiba,José Jordán,,https://fbref.com/en/matches/89f1391f/Petrolero-Guabira-September-23-2017-Liga-Profesional-Boliviano
División de Fútbol Profesional,M,BOL,2017,1st,Torneo Clausura 2017,9,Sat,2017-09-23,17:15,Nacional Potosí,2.0,Universitario,3.0,,Estadio Victor Agustín Ugarte,Juan Garcia,,https://fbref.com/en/matches/6866d3cf/Nacional-Potosi-Universitario-de-Sucre-September-23-2017-Liga-Profesional-Boliviano
División de Fútbol Profesional,M,BOL,2017,1st,Torneo Clausura 2017,9,Sun,2017-09-24,15:00,The Strongest,1.0,Bolívar,2.0,,Estadio Hernando Siles,Óscar Maldonado,,https://fbref.com/en/matches/85a6f117/The-Strongest-Bolivar-September-24-2017-Liga-Profesional-Boliviano
División de Fútbol Profesional,M,BOL,2017,1st,Torneo Clausura 2017,9,Sun,2017-09-24,17:15,San José,3.0,Real Potosí,0.0,,Estadio Jesús Bermúdez,Luis Yrusta,,https://fbref.com/en/matches/043c44ed/San-Jose-Real-Potosi-September-24-2017-Liga-Profesional-Boliviano
División de Fútbol Profesional,M,BOL,2017,1st,Torneo Clausura 2017,9,Sun,2017-09-24,19:30,Blooming,2.0,Sport Boys,0.0,,Estadio Ramón Aguilera Costas,Jorge Antequera,,https://fbref.com/en/matches/1b43a877/Blooming-Sport-Boys-Warnes-September-24-2017-Liga-Profesional-Boliviano
División de Fútbol Profesional,M,BOL,2017,1st,Torneo Clausura 2017,9,Sun,2017-09-24,20:00,Wilstermann,2.0,Oriente Petrolero,0.0,,Estadio Félix Capriles,Alvaro Campos,,https://fbref.com/en/matches/59595a22/Jorge-Wilstermann-Oriente-Petrolero-September-24-2017-Liga-Profesional-Boliviano
División de Fútbol Profesional,M,BOL,2017,1st,Torneo Clausura 2017,10,Wed,2017-09-27,20:00,Bolívar,3.0,Nacional Potosí,1.0,,Estadio Hernando Siles,Carlos Garcia,,https://fbref.com/en/matches/798101b1/Bolivar-Nacional-Potosi-September-27-2017-Liga-Profesional-Boliviano
División de Fútbol Profesional,M,BOL,2017,1st,Torneo Clausura 2017,10,Wed,2017-09-27,20:00,Real Potosí,1.0,The Strongest,2.0,,Estadio Félix Capriles,Jorge Mancilla,,https://fbref.com/en/matches/fedc35d8/Real-Potosi-The-Strongest-September-27-2017-Liga-Profesional-Boliviano
División de Fútbol Profesional,M,BOL,2017,1st,Torneo Clausura 2017,10,Wed,2017-09-27,20:30,Oriente Petrolero,3.0,Guabirá,1.0,,Estadio Ramón Aguilera Costas,Juan Garcia,,https://fbref.com/en/matches/e761fef7/Oriente-Petrolero-Guabira-September-27-2017-Liga-Profesional-Boliviano
División de Fútbol Profesional,M,BOL,2017,1st,Torneo Clausura 2017,10,Thu,2017-09-28,15:00,Sport Boys,1.0,San José,0.0,,Estadio Samuel Vaca Jimenez,Óscar Maldonado,,https://fbref.com/en/matches/87c05207/Sport-Boys-Warnes-San-Jose-September-28-2017-Liga-Profesional-Boliviano
División de Fútbol Profesional,M,BOL,2017,1st,Torneo Clausura 2017,10,Thu,2017-09-28,18:15,Universitario,0.0,Petrolero,0.0,,Estadio Olímpico Patria,Jorge Antequera,,https://fbref.com/en/matches/207d8e76/Universitario-de-Sucre-Petrolero-September-28-2017-Liga-Profesional-Boliviano
División de Fútbol Profesional,M,BOL,2017,1st,Torneo Clausura 2017,10,Thu,2017-09-28,20:30,Blooming,1.0,Wilstermann,0.0,,Estadio Ramón Aguilera Costas,Luis Yrusta,,https://fbref.com/en/matches/a6fff1ff/Blooming-Jorge-Wilstermann-September-28-2017-Liga-Profesional-Boliviano
División de Fútbol Profesional,M,BOL,2017,1st,Torneo Clausura 2017,1,Sun,2017-10-08,15:00,Real Potosí,1.0,Petrolero,1.0,,Estadio Victor Agustín Ugarte,Luis Yrusta,,https://fbref.com/en/matches/a8945c32/Real-Potosi-Petrolero-October-8-2017-Liga-Profesional-Boliviano
División de Fútbol Profesional,M,BOL,2017,1st,Torneo Clausura 2017,11,Sat,2017-10-14,15:00,San José,1.0,Nacional Potosí,0.0,,Estadio Jesús Bermúdez,José Jordán,,https://fbref.com/en/matches/ef6d3a13/San-Jose-Nacional-Potosi-October-14-2017-Liga-Profesional-Boliviano
División de Fútbol Profesional,M,BOL,2017,1st,Torneo Clausura 2017,11,Sat,2017-10-14,19:00,Blooming,1.0,Petrolero,0.0,,Estadio Ramón Aguilera Costas,Carlos Garcia,,https://fbref.com/en/matches/40e6281e/Blooming-Petrolero-October-14-2017-Liga-Profesional-Boliviano
División de Fútbol Profesional,M,BOL,2017,1st,Torneo Clausura 2017,11,Sun,2017-10-15,15:00,Universitario,1.0,Bolívar,2.0,,Estadio Olímpico Patria,Raúl Orozco,,https://fbref.com/en/matches/2b4c96cf/Universitario-de-Sucre-Bolivar-October-15-2017-Liga-Profesional-Boliviano
División de Fútbol Profesional,M,BOL,2017,1st,Torneo Clausura 2017,11,Sun,2017-10-15,15:00,Real Potosí,2.0,Guabirá,0.0,,Estadio Victor Agustín Ugarte,Wilson Estrada,,https://fbref.com/en/matches/7ac7b83b/Real-Potosi-Guabira-October-15-2017-Liga-Profesional-Boliviano
División de Fútbol Profesional,M,BOL,2017,1st,Torneo Clausura 2017,11,Sun,2017-10-15,17:15,Wilstermann,1.0,The Strongest,2.0,,Estadio Municipal de Sacaba,Jorge Antequera,,https://fbref.com/en/matches/33fdda66/Jorge-Wilstermann-The-Strongest-October-15-2017-Liga-Profesional-Boliviano
División de Fútbol Profesional,M,BOL,2017,1st,Torneo Clausura 2017,11,Sun,2017-10-15,19:30,Sport Boys,1.0,Oriente Petrolero,1.0,,Estadio Samuel Vaca Jimenez,Ivo Mendez,,https://fbref.com/en/matches/f1498ed1/Sport-Boys-Warnes-Oriente-Petrolero-October-15-2017-Liga-Profesional-Boliviano
División de Fútbol Profesional,M,BOL,2017,1st,Torneo Clausura 2017,12,Wed,2017-10-18,15:00,Guabirá,2.0,Universitario,1.0,,Estadio Gilberto Parada,Hostin Prado,,https://fbref.com/en/matches/e9d1c331/Guabira-Universitario-de-Sucre-October-18-2017-Liga-Profesional-Boliviano
División de Fútbol Profesional,M,BOL,2017,1st,Torneo Clausura 2017,12,Wed,2017-10-18,19:00,Nacional Potosí,3.0,Sport Boys,2.0,,Estadio Victor Agustín Ugarte,Jorge Mancilla,,https://fbref.com/en/matches/edb772fd/Nacional-Potosi-Sport-Boys-Warnes-October-18-2017-Liga-Profesional-Boliviano
División de Fútbol Profesional,M,BOL,2017,1st,Torneo Clausura 2017,12,Wed,2017-10-18,20:30,Oriente Petrolero,5.0,Bolívar,1.0,,Estadio Ramón Aguilera Costas,Raúl Orozco,,https://fbref.com/en/matches/efb6a2f5/Oriente-Petrolero-Bolivar-October-18-2017-Liga-Profesional-Boliviano
División de Fútbol Profesional,M,BOL,2017,1st,Torneo Clausura 2017,12,Thu,2017-10-19,15:00,Petrolero,0.0,Real Potosí,0.0,,Estadio Provincial de Yacuiba,Luis Yrusta,,https://fbref.com/en/matches/4bad4c2c/Petrolero-Real-Potosi-October-19-2017-Liga-Profesional-Boliviano
División de Fútbol Profesional,M,BOL,2017,1st,Torneo Clausura 2017,12,Thu,2017-10-19,18:30,San José,3.0,Wilstermann,1.0,,Estadio Jesús Bermúdez,Juan Garcia,,https://fbref.com/en/matches/bba9a284/San-Jose-Jorge-Wilstermann-October-19-2017-Liga-Profesional-Boliviano
División de Fútbol Profesional,M,BOL,2017,1st,Torneo Clausura 2017,12,Thu,2017-10-19,20:30,The Strongest,1.0,Blooming,0.0,,Estadio Hernando Siles,Alvaro Campos,,https://fbref.com/en/matches/0c7a5c6b/The-Strongest-Blooming-October-19-2017-Liga-Profesional-Boliviano
División de Fútbol Profesional,M,BOL,2017,1st,Torneo Clausura 2017,13,Sat,2017-10-21,20:00,Bolívar,3.0,Guabirá,0.0,,Estadio Hernando Siles,José Jordán,,https://fbref.com/en/matches/92fa0ac5/Bolivar-Guabira-October-21-2017-Liga-Profesional-Boliviano
División de Fútbol Profesional,M,BOL,2017,1st,Torneo Clausura 2017,13,Sun,2017-10-22,15:00,Wilstermann,3.0,Universitario,0.0,,Estadio Municipal de Sacaba,Juan Garcia,,https://fbref.com/en/matches/1c3fde48/Jorge-Wilstermann-Universitario-de-Sucre-October-22-2017-Liga-Profesional-Boliviano
División de Fútbol Profesional,M,BOL,2017,1st,Torneo Clausura 2017,13,Sun,2017-10-22,17:15,San José,4.0,The Strongest,0.0,,Estadio Jesús Bermúdez,Raúl Orozco,,https://fbref.com/en/matches/564efc51/San-Jose-The-Strongest-October-22-2017-Liga-Profesional-Boliviano
División de Fútbol Profesional,M,BOL,2017,1st,Torneo Clausura 2017,13,Sun,2017-10-22,17:15,Real Potosí,1.0,Oriente Petrolero,0.0,,Estadio Victor Agustín Ugarte,Luis Yrusta,,https://fbref.com/en/matches/c4a57d19/Real-Potosi-Oriente-Petrolero-October-22-2017-Liga-Profesional-Boliviano
División de Fútbol Profesional,M,BOL,2017,1st,Torneo Clausura 2017,13,Sun,2017-10-22,19:30,Sport Boys,1.0,Petrolero,4.0,,Estadio Samuel Vaca Jimenez,Jorge Mancilla,,https://fbref.com/en/matches/1124423a/Sport-Boys-Warnes-Petrolero-October-22-2017-Liga-Profesional-Boliviano
División de Fútbol Profesional,M,BOL,2017,1st,Torneo Clausura 2017,13,Mon,2017-10-23,20:30,Blooming,4.0,Nacional Potosí,2.0,,Estadio Ramón Aguilera Costas,Wilson Estrada,,https://fbref.com/en/matches/57e3c8e0/Blooming-Nacional-Potosi-October-23-2017-Liga-Profesional-Boliviano
División de Fútbol Profesional,M,BOL,2017,1st,Torneo Clausura 2017,14,Sat,2017-10-28,17:15,Universitario,1.0,Oriente Petrolero,0.0,,Estadio Olímpico Patria,Raúl Orozco,,https://fbref.com/en/matches/125f119e/Universitario-de-Sucre-Oriente-Petrolero-October-28-2017-Liga-Profesional-Boliviano
División de Fútbol Profesional,M,BOL,2017,1st,Torneo Clausura 2017,14,Sun,2017-10-29,15:00,Guabirá,0.0,Wilstermann,1.0,,Estadio Gilberto Parada,Luis Yrusta,,https://fbref.com/en/matches/2977e557/Guabira-Jorge-Wilstermann-October-29-2017-Liga-Profesional-Boliviano
División de Fútbol Profesional,M,BOL,2017,1st,Torneo Clausura 2017,14,Sun,2017-10-29,15:00,Sport Boys,1.0,The Strongest,5.0,,Estadio Samuel Vaca Jimenez,Óscar Maldonado,,https://fbref.com/en/matches/ebd58fcc/Sport-Boys-Warnes-The-Strongest-October-29-2017-Liga-Profesional-Boliviano
División de Fútbol Profesional,M,BOL,2017,1st,Torneo Clausura 2017,14,Sun,2017-10-29,16:00,Bolívar,2.0,Petrolero,0.0,,Estadio Hernando Siles,Ivo Mendez,,https://fbref.com/en/matches/d89d24c8/Bolivar-Petrolero-October-29-2017-Liga-Profesional-Boliviano
División de Fútbol Profesional,M,BOL,2017,1st,Torneo Clausura 2017,14,Sun,2017-10-29,17:15,Real Potosí,2.0,Nacional Potosí,1.0,,Estadio Victor Agustín Ugarte,Orlando Quintana,,https://fbref.com/en/matches/00359713/Real-Potosi-Nacional-Potosi-October-29-2017-Liga-Profesional-Boliviano
División de Fútbol Profesional,M,BOL,2017,1st,Torneo Clausura 2017,14,Sun,2017-10-29,20:30,Blooming,2.0,San José,0.0,,Estadio Ramón Aguilera Costas,José Jordán,,https://fbref.com/en/matches/12cc4d9d/Blooming-San-Jose-October-29-2017-Liga-Profesional-Boliviano
División de Fútbol Profesional,M,BOL,2017,1st,Torneo Clausura 2017,15,Sat,2017-11-04,15:00,San José,1.0,Petrolero,0.0,,Estadio Jesús Bermúdez,Wilson Estrada,,https://fbref.com/en/matches/10fba699/San-Jose-Petrolero-November-4-2017-Liga-Profesional-Boliviano
División de Fútbol Profesional,M,BOL,2017,1st,Torneo Clausura 2017,15,Sat,2017-11-04,17:15,The Strongest,2.0,Nacional Potosí,1.0,,Estadio Hernando Siles,José Jordán,,https://fbref.com/en/matches/47a4c8c2/The-Strongest-Nacional-Potosi-November-4-2017-Liga-Profesional-Boliviano
División de Fútbol Profesional,M,BOL,2017,1st,Torneo Clausura 2017,15,Sun,2017-11-05,15:00,Real Potosí,1.0,Universitario,1.0,,Estadio Victor Agustín Ugarte,Óscar Maldonado,,https://fbref.com/en/matches/3b55c44f/Real-Potosi-Universitario-de-Sucre-November-5-2017-Liga-Profesional-Boliviano
División de Fútbol Profesional,M,BOL,2017,1st,Torneo Clausura 2017,15,Sun,2017-11-05,15:00,Sport Boys,1.0,Guabirá,1.0,,Estadio Samuel Vaca Jimenez,Jorge Antequera,,https://fbref.com/en/matches/fd7bff78/Sport-Boys-Warnes-Guabira-November-5-2017-Liga-Profesional-Boliviano
División de Fútbol Profesional,M,BOL,2017,1st,Torneo Clausura 2017,15,Sun,2017-11-05,17:15,Wilstermann,2.0,Bolívar,2.0,,Estadio Municipal de Sacaba,Gery Vargas,,https://fbref.com/en/matches/766a859f/Jorge-Wilstermann-Bolivar-November-5-2017-Liga-Profesional-Boliviano
División de Fútbol Profesional,M,BOL,2017,1st,Torneo Clausura 2017,15,Sun,2017-11-05,19:30,Blooming,2.0,Oriente Petrolero,2.0,,Estadio Ramón Aguilera Costas,Juan Garcia,,https://fbref.com/en/matches/cc407f22/Blooming-Oriente-Petrolero-November-5-2017-Liga-Profesional-Boliviano
División de Fútbol Profesional,M,BOL,2017,1st,Torneo Clausura 2017,16,Sat,2017-11-11,15:00,Petrolero,0.0,The Strongest,1.0,,Estadio Provincial de Yacuiba,Gery Vargas,,https://fbref.com/en/matches/bd47be46/Petrolero-The-Strongest-November-11-2017-Liga-Profesional-Boliviano
División de Fútbol Profesional,M,BOL,2017,1st,Torneo Clausura 2017,16,Sat,2017-11-11,17:15,Universitario,2.0,Sport Boys,0.0,,Estadio Olímpico Patria,Jordy Aleman,,https://fbref.com/en/matches/f67394f4/Universitario-de-Sucre-Sport-Boys-Warnes-November-11-2017-Liga-Profesional-Boliviano
División de Fútbol Profesional,M,BOL,2017,1st,Torneo Clausura 2017,16,Sun,2017-11-12,15:00,Guabirá,0.0,Blooming,0.0,,Estadio Gilberto Parada,Jorge Antequera,,https://fbref.com/en/matches/c9b078fc/Guabira-Blooming-November-12-2017-Liga-Profesional-Boliviano
División de Fútbol Profesional,M,BOL,2017,1st,Torneo Clausura 2017,16,Sun,2017-11-12,16:00,Bolívar,1.0,Real Potosí,0.0,,Estadio Hernando Siles,Raúl Orozco,,https://fbref.com/en/matches/0d4fc214/Bolivar-Real-Potosi-November-12-2017-Liga-Profesional-Boliviano
División de Fútbol Profesional,M,BOL,2017,1st,Torneo Clausura 2017,16,Sun,2017-11-12,17:15,Nacional Potosí,2.0,Wilstermann,0.0,,Estadio Victor Agustín Ugarte,Jorge Mancilla,,https://fbref.com/en/matches/3ed79adb/Nacional-Potosi-Jorge-Wilstermann-November-12-2017-Liga-Profesional-Boliviano
División de Fútbol Profesional,M,BOL,2017,1st,Torneo Clausura 2017,16,Sun,2017-11-12,19:30,Oriente Petrolero,1.0,San José,2.0,,Estadio Ramón Aguilera Costas,Luis Yrusta,,https://fbref.com/en/matches/7c335ed1/Oriente-Petrolero-San-Jose-November-12-2017-Liga-Profesional-Boliviano
División de Fútbol Profesional,M,BOL,2017,1st,Torneo Clausura 2017,17,Fri,2017-11-17,15:30,Wilstermann,2.0,Real Potosí,0.0,,Estadio Municipal de Sacaba,Juan Garcia,,https://fbref.com/en/matches/6648102d/Jorge-Wilstermann-Real-Potosi-November-17-2017-Liga-Profesional-Boliviano
División de Fútbol Profesional,M,BOL,2017,1st,Torneo Clausura 2017,17,Sat,2017-11-18,15:00,Sport Boys,1.0,Bolívar,3.0,,Estadio Samuel Vaca Jimenez,Gery Vargas,,https://fbref.com/en/matches/58ca2084/Sport-Boys-Warnes-Bolivar-November-18-2017-Liga-Profesional-Boliviano
División de Fútbol Profesional,M,BOL,2017,1st,Torneo Clausura 2017,17,Sat,2017-11-18,19:00,Nacional Potosí,2.0,Petrolero,0.0,,Estadio Victor Agustín Ugarte,Jorge Mancilla,,https://fbref.com/en/matches/72a51829/Nacional-Potosi-Petrolero-November-18-2017-Liga-Profesional-Boliviano
División de Fútbol Profesional,M,BOL,2017,1st,Torneo Clausura 2017,17,Sun,2017-11-19,15:00,The Strongest,5.0,Oriente Petrolero,0.0,,Estadio Hernando Siles,Óscar Maldonado,,https://fbref.com/en/matches/ea8fa8c8/The-Strongest-Oriente-Petrolero-November-19-2017-Liga-Profesional-Boliviano
División de Fútbol Profesional,M,BOL,2017,1st,Torneo Clausura 2017,17,Sun,2017-11-19,17:15,San José,2.0,Guabirá,0.0,,Estadio Jesús Bermúdez,Luis Yrusta,,https://fbref.com/en/matches/b37cdae3/San-Jose-Guabira-November-19-2017-Liga-Profesional-Boliviano
División de Fútbol Profesional,M,BOL,2017,1st,Torneo Clausura 2017,17,Sun,2017-11-19,19:30,Blooming,4.0,Universitario,0.0,,Estadio Ramón Aguilera Costas,Raúl Orozco,,https://fbref.com/en/matches/810ecc1f/Blooming-Universitario-de-Sucre-November-19-2017-Liga-Profesional-Boliviano
División de Fútbol Profesional,M,BOL,2017,1st,Torneo Clausura 2017,18,Sat,2017-11-25,15:00,Petrolero,1.0,Wilstermann,3.0,,Estadio Provincial de Yacuiba,Ivo Mendez,,https://fbref.com/en/matches/967a312a/Petrolero-Jorge-Wilstermann-November-25-2017-Liga-Profesional-Boliviano
División de Fútbol Profesional,M,BOL,2017,1st,Torneo Clausura 2017,18,Sat,2017-11-25,17:15,Oriente Petrolero,2.0,Nacional Potosí,0.0,,Estadio Ramón Aguilera Costas,Alvaro Campos,,https://fbref.com/en/matches/34a18a1f/Oriente-Petrolero-Nacional-Potosi-November-25-2017-Liga-Profesional-Boliviano
División de Fútbol Profesional,M,BOL,2017,1st,Torneo Clausura 2017,18,Sun,2017-11-26,15:00,Guabirá,2.0,The Strongest,0.0,,Estadio Gilberto Parada,Jorge Mancilla,,https://fbref.com/en/matches/25737ffc/Guabira-The-Strongest-November-26-2017-Liga-Profesional-Boliviano
División de Fútbol Profesional,M,BOL,2017,1st,Torneo Clausura 2017,18,Sun,2017-11-26,16:00,Bolívar,2.0,Blooming,0.0,,Estadio Hernando Siles,Óscar Maldonado,,https://fbref.com/en/matches/837d925b/Bolivar-Blooming-November-26-2017-Liga-Profesional-Boliviano
División de Fútbol Profesional,M,BOL,2017,1st,Torneo Clausura 2017,18,Sun,2017-11-26,17:15,Universitario,0.0,San José,0.0,,Estadio Olímpico Patria,Raúl Orozco,,https://fbref.com/en/matches/74aa6c01/Universitario-de-Sucre-San-Jose-November-26-2017-Liga-Profesional-Boliviano
División de Fútbol Profesional,M,BOL,2017,1st,Torneo Clausura 2017,18,Sun,2017-11-26,19:30,Real Potosí,2.0,Sport Boys,1.0,,Estadio Victor Agustín Ugarte,Wilson Estrada,,https://fbref.com/en/matches/7dd47cd6/Real-Potosi-Sport-Boys-Warnes-November-26-2017-Liga-Profesional-Boliviano
División de Fútbol Profesional,M,BOL,2017,1st,Torneo Clausura 2017,19,Thu,2017-11-30,15:00,Wilstermann,3.0,Sport Boys,1.0,,Estadio Municipal de Sacaba,Luis Yrusta,,https://fbref.com/en/matches/a482b54b/Jorge-Wilstermann-Sport-Boys-Warnes-November-30-2017-Liga-Profesional-Boliviano
División de Fútbol Profesional,M,BOL,2017,1st,Torneo Clausura 2017,19,Thu,2017-11-30,18:15,Nacional Potosí,2.0,Guabirá,1.0,,Estadio Victor Agustín Ugarte,Victor Hurtado,,https://fbref.com/en/matches/711e4285/Nacional-Potosi-Guabira-November-30-2017-Liga-Profesional-Boliviano
División de Fútbol Profesional,M,BOL,2017,1st,Torneo Clausura 2017,19,Thu,2017-11-30,20:30,Blooming,0.0,Real Potosí,0.0,,Estadio Ramón Aguilera Costas,Gery Vargas,,https://fbref.com/en/matches/ddca0ac7/Blooming-Real-Potosi-November-30-2017-Liga-Profesional-Boliviano
División de Fútbol Profesional,M,BOL,2017,1st,Torneo Clausura 2017,19,Fri,2017-12-01,15:00,Petrolero,3.0,Oriente Petrolero,0.0,,Estadio Federico Ibarra Olarte,José Jordán,,https://fbref.com/en/matches/ff1a3fd9/Petrolero-Oriente-Petrolero-December-1-2017-Liga-Profesional-Boliviano
División de Fútbol Profesional,M,BOL,2017,1st,Torneo Clausura 2017,19,Fri,2017-12-01,18:15,San José,1.0,Bolívar,1.0,,Estadio Jesús Bermúdez,Juan Garcia,,https://fbref.com/en/matches/e1c61d9a/San-Jose-Bolivar-December-1-2017-Liga-Profesional-Boliviano
División de Fútbol Profesional,M,BOL,2017,1st,Torneo Clausura 2017,19,Fri,2017-12-01,20:30,The Strongest,3.0,Universitario,2.0,,Estadio Rafael Mendoza Castellón,Orlando Quintana,,https://fbref.com/en/matches/0d767c4f/The-Strongest-Universitario-de-Sucre-December-1-2017-Liga-Profesional-Boliviano
División de Fútbol Profesional,M,BOL,2017,1st,Torneo Clausura 2017,20,Wed,2017-12-06,15:00,Guabirá,2.0,Petrolero,1.0,,Estadio Gilberto Parada,Gery Vargas,,https://fbref.com/en/matches/c76dd198/Guabira-Petrolero-December-6-2017-Liga-Profesional-Boliviano
División de Fútbol Profesional,M,BOL,2017,1st,Torneo Clausura 2017,20,Wed,2017-12-06,20:00,Universitario,2.0,Nacional Potosí,0.0,,Estadio Olímpico Patria,Ivo Mendez,,https://fbref.com/en/matches/29dcdb09/Universitario-de-Sucre-Nacional-Potosi-December-6-2017-Liga-Profesional-Boliviano
División de Fútbol Profesional,M,BOL,2017,1st,Torneo Clausura 2017,20,Thu,2017-12-07,17:00,Sport Boys,1.0,Blooming,1.0,,Estadio Samuel Vaca Jimenez,Jorge Antequera,,https://fbref.com/en/matches/ffdb0241/Sport-Boys-Warnes-Blooming-December-7-2017-Liga-Profesional-Boliviano
División de Fútbol Profesional,M,BOL,2017,1st,Torneo Clausura 2017,20,Thu,2017-12-07,19:00,Real Potosí,1.0,San José,2.0,,Estadio Victor Agustín Ugarte,Luis Yrusta,,https://fbref.com/en/matches/cba3b373/Real-Potosi-San-Jose-December-7-2017-Liga-Profesional-Boliviano
División de Fútbol Profesional,M,BOL,2017,1st,Torneo Clausura 2017,20,Thu,2017-12-07,20:30,Oriente Petrolero,2.0,Wilstermann,1.0,,Estadio Ramón Aguilera Costas,Jorge Mancilla,,https://fbref.com/en/matches/46ada4c2/Oriente-Petrolero-Jorge-Wilstermann-December-7-2017-Liga-Profesional-Boliviano
División de Fútbol Profesional,M,BOL,2017,1st,Torneo Clausura 2017,20,Thu,2017-12-07,20:30,Bolívar,0.0,The Strongest,0.0,,Estadio Hernando Siles,Óscar Maldonado,,https://fbref.com/en/matches/9b673dd9/Bolivar-The-Strongest-December-7-2017-Liga-Profesional-Boliviano
División de Fútbol Profesional,M,BOL,2017,1st,Torneo Clausura 2017,21,Sat,2017-12-09,15:00,Petrolero,2.0,Universitario,0.0,,Estadio Federico Ibarra Olarte,Óscar Maldonado,,https://fbref.com/en/matches/00568bf5/Petrolero-Universitario-de-Sucre-December-9-2017-Liga-Profesional-Boliviano
División de Fútbol Profesional,M,BOL,2017,1st,Torneo Clausura 2017,21,Sun,2017-12-10,15:00,San José,1.0,Sport Boys,2.0,,Estadio Jesús Bermúdez,José Jordán,,https://fbref.com/en/matches/03cd9431/San-Jose-Sport-Boys-Warnes-December-10-2017-Liga-Profesional-Boliviano
División de Fútbol Profesional,M,BOL,2017,1st,Torneo Clausura 2017,21,Sun,2017-12-10,15:00,The Strongest,6.0,Real Potosí,0.0,,Estadio Hernando Siles,Ivo Mendez,,https://fbref.com/en/matches/1c11819f/The-Strongest-Real-Potosi-December-10-2017-Liga-Profesional-Boliviano
División de Fútbol Profesional,M,BOL,2017,1st,Torneo Clausura 2017,21,Sun,2017-12-10,15:00,Wilstermann,0.0,Blooming,0.0,,Estadio Municipal de Sacaba,Luis Yrusta,,https://fbref.com/en/matches/46120ca9/Jorge-Wilstermann-Blooming-December-10-2017-Liga-Profesional-Boliviano
División de Fútbol Profesional,M,BOL,2017,1st,Torneo Clausura 2017,21,Sun,2017-12-10,15:00,Guabirá,1.0,Oriente Petrolero,0.0,,Estadio Gilberto Parada,Jorge Antequera,,https://fbref.com/en/matches/94aa1f6b/Guabira-Oriente-Petrolero-December-10-2017-Liga-Profesional-Boliviano
División de Fútbol Profesional,M,BOL,2017,1st,Torneo Clausura 2017,21,Sun,2017-12-10,15:00,Nacional Potosí,1.0,Bolívar,1.0,,Estadio Victor Agustín Ugarte,Gery Vargas,,https://fbref.com/en/matches/fb950810/Nacional-Potosi-Bolivar-December-10-2017-Liga-Profesional-Boliviano
División de Fútbol Profesional,M,BOL,2017,1st,Torneo Clausura 2017,22,Thu,2017-12-14,20:30,Oriente Petrolero,2.0,Sport Boys,3.0,,Estadio Ramón Aguilera Costas,Luis Yrusta,,https://fbref.com/en/matches/e18f5f8f/Oriente-Petrolero-Sport-Boys-Warnes-December-14-2017-Liga-Profesional-Boliviano
División de Fútbol Profesional,M,BOL,2017,1st,Torneo Clausura 2017,22,Sun,2017-12-17,15:00,The Strongest,1.0,Wilstermann,2.0,,Estadio Hernando Siles,Gery Vargas,,https://fbref.com/en/matches/2f3549b6/The-Strongest-Jorge-Wilstermann-December-17-2017-Liga-Profesional-Boliviano
División de Fútbol Profesional,M,BOL,2017,1st,Torneo Clausura 2017,22,Sun,2017-12-17,15:00,Nacional Potosí,3.0,San José,1.0,,Estadio Victor Agustín Ugarte,Jorge Mancilla,,https://fbref.com/en/matches/60c41fc8/Nacional-Potosi-San-Jose-December-17-2017-Liga-Profesional-Boliviano
División de Fútbol Profesional,M,BOL,2017,1st,Torneo Clausura 2017,22,Sun,2017-12-17,15:00,Petrolero,1.0,Blooming,1.0,,Estadio Federico Ibarra Olarte,Óscar Maldonado,,https://fbref.com/en/matches/66a99f37/Petrolero-Blooming-December-17-2017-Liga-Profesional-Boliviano
División de Fútbol Profesional,M,BOL,2017,1st,Torneo Clausura 2017,22,Sun,2017-12-17,15:00,Bolívar,1.0,Universitario,2.0,,Estadio Libertador Simón Bolívar,Ivo Mendez,,https://fbref.com/en/matches/89587d31/Bolivar-Universitario-de-Sucre-December-17-2017-Liga-Profesional-Boliviano
División de Fútbol Profesional,M,BOL,2017,1st,Torneo Clausura 2017,22,Sun,2017-12-17,15:00,Guabirá,3.0,Real Potosí,0.0,,Estadio Gilberto Parada,Raúl Orozco,,https://fbref.com/en/matches/bf40c760/Guabira-Real-Potosi-December-17-2017-Liga-Profesional-Boliviano
División de Fútbol Profesional,M,BOL,2017,1st,Relegation play-off,,Wed,2017-12-20,17:00,Universitario,1.0,Petrolero,0.0,,Estadio Municipal de Sacaba,Gery Vargas,,https://fbref.com/en/matches/22e24240/Universitario-de-Sucre-Petrolero-December-20-2017-Liga-Profesional-Boliviano
División de Fútbol Profesional,M,BOL,2017,1st,Bolivian 1/2 Relegation/Promotion Play-off,,Sat,2017-12-23,15:30,Petrolero,0.0,Destroyers,3.0,,Estadio Provincial de Yacuiba,,Leg 1 of 2,https://fbref.com/en/matches/060a568c/Petrolero-Destroyers-December-23-2017-Bolivian-12-RelegationPromotion-Play-offs
División de Fútbol Profesional,M,BOL,2017,1st,Bolivian 1/2 Relegation/Promotion Play-off,,Wed,2017-12-27,20:00,Destroyers,1.0,Petrolero,1.0,,Estadio Ramón Aguilera Costas,,Leg 2 of 2; Destroyers won,https://fbref.com/en/matches/a538269c/Destroyers-Petrolero-December-27-2017-Bolivian-12-RelegationPromotion-Play-offs
División de Fútbol Profesional,M,BOL,2018,1st,Group stage,1,Sat,2018-01-27,15:30,San José,1.0,Nacional Potosí,2.0,,Estadio Jesús Bermúdez,Raúl Orozco,,https://fbref.com/en/matches/58e8905e/San-Jose-Nacional-Potosi-January-27-2018-Bolivian-Primera-Division
División de Fútbol Profesional,M,BOL,2018,1st,Group stage,1,Sun,2018-01-28,15:00,Aurora,2.0,The Strongest,0.0,,Estadio Félix Capriles,Jorge Mancilla,,https://fbref.com/en/matches/df43c4da/Aurora-The-Strongest-January-28-2018-Bolivian-Primera-Division
División de Fútbol Profesional,M,BOL,2018,1st,Group stage,1,Sun,2018-01-28,16:00,Bolívar,5.0,Wilstermann,1.0,,Estadio Hernando Siles,José Jordán,,https://fbref.com/en/matches/6be06837/Bolivar-Jorge-Wilstermann-January-28-2018-Bolivian-Primera-Division
División de Fútbol Profesional,M,BOL,2018,1st,Group stage,1,Sun,2018-01-28,17:15,Sport Boys,1.0,Guabirá,1.0,,Estadio Samuel Vaca Jimenez,Juan Garcia,,https://fbref.com/en/matches/8aee440f/Sport-Boys-Warnes-Guabira-January-28-2018-Bolivian-Primera-Division
División de Fútbol Profesional,M,BOL,2018,1st,Group stage,1,Sun,2018-01-28,19:30,Blooming,2.0,Royal Parí,2.0,,Estadio Ramón Aguilera Costas,Orlando Quintana,,https://fbref.com/en/matches/2cc71569/Blooming-Royal-Pari-January-28-2018-Bolivian-Primera-Division
División de Fútbol Profesional,M,BOL,2018,1st,Group stage,1,Wed,2018-01-31,20:00,Real Potosí,4.0,Universitario,4.0,,Estadio Victor Agustín Ugarte,Victor Hurtado,,https://fbref.com/en/matches/fa8fce6f/Real-Potosi-Universitario-de-Sucre-January-31-2018-Bolivian-Primera-Division
División de Fútbol Profesional,M,BOL,2018,1st,Group stage,2,Fri,2018-02-02,20:00,The Strongest,1.0,San José,1.0,,Estadio Rafael Mendoza Castellón,Ivo Mendez,,https://fbref.com/en/matches/428f9fd9/The-Strongest-San-Jose-February-2-2018-Bolivian-Primera-Division
División de Fútbol Profesional,M,BOL,2018,1st,Group stage,2,Sat,2018-02-03,15:00,Royal Parí,3.0,Aurora,0.0,,Estadio Ramón Aguilera Costas,Luis Yrusta,,https://fbref.com/en/matches/66872789/Royal-Pari-Aurora-February-3-2018-Bolivian-Primera-Division
División de Fútbol Profesional,M,BOL,2018,1st,Group stage,2,Sun,2018-02-04,15:00,Real Potosí,3.0,Nacional Potosí,2.0,,Estadio Victor Agustín Ugarte,Orlando Quintana,,https://fbref.com/en/matches/278da2b6/Real-Potosi-Nacional-Potosi-February-4-2018-Bolivian-Primera-Division
División de Fútbol Profesional,M,BOL,2018,1st,Group stage,2,Sun,2018-02-04,15:00,Sport Boys,0.0,Blooming,2.0,,Estadio Samuel Vaca Jimenez,Hostin Prado,,https://fbref.com/en/matches/925b2fc3/Sport-Boys-Warnes-Blooming-February-4-2018-Bolivian-Primera-Division
División de Fútbol Profesional,M,BOL,2018,1st,Group stage,2,Sun,2018-02-04,17:15,Universitario,0.0,Bolívar,1.0,,Estadio Olímpico Patria,Juan Garcia,,https://fbref.com/en/matches/dd371c28/Universitario-de-Sucre-Bolivar-February-4-2018-Bolivian-Primera-Division
División de Fútbol Profesional,M,BOL,2018,1st,Group stage,2,Sun,2018-02-04,19:30,Oriente Petrolero,5.0,Guabirá,2.0,,Estadio Ramón Aguilera Costas,José Jordán,,https://fbref.com/en/matches/271bf35e/Oriente-Petrolero-Guabira-February-4-2018-Bolivian-Primera-Division
División de Fútbol Profesional,M,BOL,2018,1st,Group stage,2,Mon,2018-02-05,15:00,Wilstermann,4.0,Destroyers,0.0,,Estadio Municipal de Sacaba,Alvaro Campos,,https://fbref.com/en/matches/59b07015/Jorge-Wilstermann-Destroyers-February-5-2018-Bolivian-Primera-Division
División de Fútbol Profesional,M,BOL,2018,1st,Group stage,3,Tue,2018-02-06,20:00,San José,3.0,Royal Parí,0.0,,Estadio Jesús Bermúdez,Carlos Garcia,,https://fbref.com/en/matches/f03e6b3a/San-Jose-Royal-Pari-February-6-2018-Bolivian-Primera-Division
División de Fútbol Profesional,M,BOL,2018,1st,Group stage,3,Wed,2018-02-07,15:00,Aurora,2.0,Sport Boys,2.0,,Estadio Félix Capriles,José Jordán,,https://fbref.com/en/matches/0d53da8c/Aurora-Sport-Boys-Warnes-February-7-2018-Bolivian-Primera-Division
División de Fútbol Profesional,M,BOL,2018,1st,Group stage,3,Wed,2018-02-07,20:00,Nacional Potosí,0.0,The Strongest,1.0,,Estadio Victor Agustín Ugarte,Juan Garcia,,https://fbref.com/en/matches/cf5ab799/Nacional-Potosi-The-Strongest-February-7-2018-Bolivian-Primera-Division
División de Fútbol Profesional,M,BOL,2018,1st,Group stage,3,Thu,2018-02-08,20:00,Bolívar,5.0,Real Potosí,1.0,,Estadio Hernando Siles,Jorge Mancilla,,https://fbref.com/en/matches/1a6077b2/Bolivar-Real-Potosi-February-8-2018-Bolivian-Primera-Division
División de Fútbol Profesional,M,BOL,2018,1st,Group stage,3,Sat,2018-02-10,01:00,Destroyers,1.0,Universitario,0.0,,Merkur Arena,Raúl Orosco,,https://fbref.com/en/matches/d7fe233c/Destroyers-Universitario-de-Sucre-February-10-2018-Bolivian-Primera-Division
División de Fútbol Profesional,M,BOL,2018,1st,Group stage,4,Fri,2018-02-16,20:00,Universitario,2.0,Guabirá,0.0,,Estadio Olímpico Patria,Jordy Aleman,,https://fbref.com/en/matches/592686a8/Universitario-de-Sucre-Guabira-February-16-2018-Bolivian-Primera-Division
División de Fútbol Profesional,M,BOL,2018,1st,Group stage,4,Sat,2018-02-17,15:00,Sport Boys,0.0,San José,0.0,,Estadio Samuel Vaca Jimenez,Luis Yrusta,,https://fbref.com/en/matches/bf4d2fe0/Sport-Boys-Warnes-San-Jose-February-17-2018-Bolivian-Primera-Division
División de Fútbol Profesional,M,BOL,2018,1st,Group stage,4,Sat,2018-02-17,17:15,Real Potosí,5.0,Destroyers,2.0,,Estadio Victor Agustín Ugarte,José Jordán,,https://fbref.com/en/matches/c8cc4624/Real-Potosi-Destroyers-February-17-2018-Bolivian-Primera-Division
División de Fútbol Profesional,M,BOL,2018,1st,Group stage,4,Sun,2018-02-18,15:00,Royal Parí,1.0,Nacional Potosí,0.0,,Estadio Ramón Aguilera Costas,Raúl Orosco,,https://fbref.com/en/matches/7385748e/Royal-Pari-Nacional-Potosi-February-18-2018-Bolivian-Primera-Division
División de Fútbol Profesional,M,BOL,2018,1st,Group stage,4,Sun,2018-02-18,15:00,Wilstermann,1.0,Oriente Petrolero,0.0,,Estadio Municipal de Sacaba,Gery Vargas,,https://fbref.com/en/matches/9fee1195/Jorge-Wilstermann-Oriente-Petrolero-February-18-2018-Bolivian-Primera-Division
División de Fútbol Profesional,M,BOL,2018,1st,Group stage,4,Sun,2018-02-18,17:15,The Strongest,2.0,Bolívar,0.0,,Estadio Hernando Siles,Juan Garcia,,https://fbref.com/en/matches/66949ceb/The-Strongest-Bolivar-February-18-2018-Bolivian-Primera-Division
División de Fútbol Profesional,M,BOL,2018,1st,Group stage,4,Sun,2018-02-18,19:30,Blooming,1.0,Aurora,0.0,,Estadio Ramón Aguilera Costas,Gaad David Flores,,https://fbref.com/en/matches/49429c36/Blooming-Aurora-February-18-2018-Bolivian-Primera-Division
División de Fútbol Profesional,M,BOL,2018,1st,Group stage,1,Thu,2018-02-22,20:30,Destroyers,3.0,Oriente Petrolero,1.0,,Estadio Ramón Aguilera Costas,Juan Garcia,,https://fbref.com/en/matches/c27a6de2/Destroyers-Oriente-Petrolero-February-22-2018-Bolivian-Primera-Division
División de Fútbol Profesional,M,BOL,2018,1st,Group stage,5,Sat,2018-02-24,15:00,Guabirá,6.0,Real Potosí,0.0,,Estadio Gilberto Parada,Luis Yrusta,,https://fbref.com/en/matches/a084cc39/Guabira-Real-Potosi-February-24-2018-Bolivian-Primera-Division
División de Fútbol Profesional,M,BOL,2018,1st,Group stage,5,Sat,2018-02-24,17:15,The Strongest,3.0,Royal Parí,0.0,,Estadio Hernando Siles,Gery Vargas,,https://fbref.com/en/matches/92173433/The-Strongest-Royal-Pari-February-24-2018-Bolivian-Primera-Division
División de Fútbol Profesional,M,BOL,2018,1st,Group stage,5,Sat,2018-02-24,20:00,Nacional Potosí,3.0,Sport Boys,0.0,,Estadio Victor Agustín Ugarte,Nelson Barro,,https://fbref.com/en/matches/26b0f93b/Nacional-Potosi-Sport-Boys-Warnes-February-24-2018-Bolivian-Primera-Division
División de Fútbol Profesional,M,BOL,2018,1st,Group stage,5,Sun,2018-02-25,15:00,San José,4.0,Blooming,0.0,,Estadio Jesús Bermúdez,José Jordán,,https://fbref.com/en/matches/7ad21bfc/San-Jose-Blooming-February-25-2018-Bolivian-Primera-Division
División de Fútbol Profesional,M,BOL,2018,1st,Group stage,5,Sun,2018-02-25,15:00,Aurora,0.0,Wilstermann,0.0,,Estadio Municipal de Sacaba,Raúl Orozco,,https://fbref.com/en/matches/c9705e4f/Aurora-Jorge-Wilstermann-February-25-2018-Bolivian-Primera-Division
División de Fútbol Profesional,M,BOL,2018,1st,Group stage,5,Sun,2018-02-25,17:15,Destroyers,2.0,Bolívar,2.0,,Estadio Ramón Aguilera Costas,Carlos Garcia,,https://fbref.com/en/matches/cd438936/Destroyers-Bolivar-February-25-2018-Bolivian-Primera-Division
División de Fútbol Profesional,M,BOL,2018,1st,Group stage,5,Mon,2018-02-26,20:30,Oriente Petrolero,4.0,Universitario,2.0,,Estadio Ramón Aguilera Costas,Jorge Mancilla,,https://fbref.com/en/matches/e7564bae/Oriente-Petrolero-Universitario-de-Sucre-February-26-2018-Bolivian-Primera-Division
División de Fútbol Profesional,M,BOL,2018,1st,Group stage,3,Wed,2018-02-28,15:30,Guabirá,1.0,Wilstermann,3.0,,Estadio Samuel Vaca Jimenez,Orlando Quintana,,https://fbref.com/en/matches/19247696/Guabira-Jorge-Wilstermann-February-28-2018-Bolivian-Primera-Division
División de Fútbol Profesional,M,BOL,2018,1st,Group stage,3,Thu,2018-03-01,20:30,Blooming,1.0,Oriente Petrolero,1.0,,Estadio Ramón Aguilera Costas,Ivo Mendez,,https://fbref.com/en/matches/a43659d9/Blooming-Oriente-Petrolero-March-1-2018-Bolivian-Primera-Division
División de Fútbol Profesional,M,BOL,2018,1st,Group stage,6,Sat,2018-03-03,15:00,Aurora,1.0,San José,1.0,,Estadio Municipal de Sacaba,Jorge Mancilla,,https://fbref.com/en/matches/fbc73ebf/Aurora-San-Jose-March-3-2018-Bolivian-Primera-Division
División de Fútbol Profesional,M,BOL,2018,1st,Group stage,6,Sat,2018-03-03,17:15,Sport Boys,3.0,The Strongest,2.0,,Estadio Samuel Vaca Jimenez,Alvaro Campos,,https://fbref.com/en/matches/a8677fc8/Sport-Boys-Warnes-The-Strongest-March-3-2018-Bolivian-Primera-Division
División de Fútbol Profesional,M,BOL,2018,1st,Group stage,6,Sun,2018-03-04,15:00,Universitario,1.0,Wilstermann,1.0,,Estadio Olímpico Patria,Luis Yrusta,,https://fbref.com/en/matches/24acfd0d/Universitario-de-Sucre-Jorge-Wilstermann-March-4-2018-Bolivian-Primera-Division
División de Fútbol Profesional,M,BOL,2018,1st,Group stage,6,Sun,2018-03-04,16:00,Bolívar,2.0,Guabirá,0.0,,Estadio Hernando Siles,Gery Vargas,,https://fbref.com/en/matches/ff408411/Bolivar-Guabira-March-4-2018-Bolivian-Primera-Division
División de Fútbol Profesional,M,BOL,2018,1st,Group stage,6,Sun,2018-03-04,17:15,Real Potosí,2.0,Oriente Petrolero,1.0,,Estadio Victor Agustín Ugarte,Jordy Aleman,,https://fbref.com/en/matches/3c1462d7/Real-Potosi-Oriente-Petrolero-March-4-2018-Bolivian-Primera-Division
División de Fútbol Profesional,M,BOL,2018,1st,Group stage,6,Sun,2018-03-04,19:30,Royal Parí,2.0,Destroyers,2.0,,Estadio Juan Carlos Durán,Juan Garcia,,https://fbref.com/en/matches/1154bf5b/Royal-Pari-Destroyers-March-4-2018-Bolivian-Primera-Division
División de Fútbol Profesional,M,BOL,2018,1st,Group stage,6,Mon,2018-03-05,20:30,Blooming,1.0,Nacional Potosí,2.0,,Estadio Ramón Aguilera Costas,Raúl Orosco,,https://fbref.com/en/matches/583f86ea/Blooming-Nacional-Potosi-March-5-2018-Bolivian-Primera-Division
División de Fútbol Profesional,M,BOL,2018,1st,Group stage,7,Wed,2018-03-07,18:15,Guabirá,0.0,Destroyers,0.0,,Estadio Ramón Aguilera Costas,Javier Castro,,https://fbref.com/en/matches/3beb6e5c/Guabira-Destroyers-March-7-2018-Bolivian-Primera-Division
División de Fútbol Profesional,M,BOL,2018,1st,Group stage,7,Wed,2018-03-07,20:30,Royal Parí,1.0,Sport Boys,2.0,,Estadio Ramón Aguilera Costas,Ivo Mendez,,https://fbref.com/en/matches/16178299/Royal-Pari-Sport-Boys-Warnes-March-7-2018-Bolivian-Primera-Division
División de Fútbol Profesional,M,BOL,2018,1st,Group stage,7,Thu,2018-03-08,15:00,Wilstermann,4.0,Real Potosí,0.0,,Estadio Municipal de Sacaba,José Jordán,,https://fbref.com/en/matches/b2de6df8/Jorge-Wilstermann-Real-Potosi-March-8-2018-Bolivian-Primera-Division
División de Fútbol Profesional,M,BOL,2018,1st,Group stage,7,Thu,2018-03-08,20:00,The Strongest,4.0,Blooming,0.0,,Estadio Hernando Siles,Jorge Mancilla,,https://fbref.com/en/matches/0b08f81f/The-Strongest-Blooming-March-8-2018-Bolivian-Primera-Division
División de Fútbol Profesional,M,BOL,2018,1st,Group stage,7,Thu,2018-03-08,20:45,Oriente Petrolero,0.0,Bolívar,0.0,,Estadio Ramón Aguilera Costas,Raúl Orosco,,https://fbref.com/en/matches/eaba2b46/Oriente-Petrolero-Bolivar-March-8-2018-Bolivian-Primera-Division
División de Fútbol Profesional,M,BOL,2018,1st,Group stage,8,Sun,2018-03-11,15:00,Wilstermann,4.0,Bolívar,2.0,,Estadio Félix Capriles,Juan Garcia,,https://fbref.com/en/matches/9632c472/Jorge-Wilstermann-Bolivar-March-11-2018-Bolivian-Primera-Division
División de Fútbol Profesional,M,BOL,2018,1st,Group stage,8,Sun,2018-03-11,17:15,Guabirá,1.0,Sport Boys,1.0,,Estadio Ramón Aguilera Costas,Jorge Antequera,,https://fbref.com/en/matches/27ba721a/Guabira-Sport-Boys-Warnes-March-11-2018-Bolivian-Primera-Division
División de Fútbol Profesional,M,BOL,2018,1st,Group stage,8,Sun,2018-03-11,17:15,The Strongest,2.0,Aurora,1.0,,Estadio Hernando Siles,Alvaro Campos,,https://fbref.com/en/matches/e4fe51f8/The-Strongest-Aurora-March-11-2018-Bolivian-Primera-Division
División de Fútbol Profesional,M,BOL,2018,1st,Group stage,8,Sun,2018-03-11,19:30,Universitario,3.0,Real Potosí,1.0,,Estadio Olímpico Patria,Carlos Garcia,,https://fbref.com/en/matches/ab99a4ba/Universitario-de-Sucre-Real-Potosi-March-11-2018-Bolivian-Primera-Division
División de Fútbol Profesional,M,BOL,2018,1st,Group stage,8,Mon,2018-03-12,20:00,Royal Parí,0.0,Blooming,1.0,,Estadio Ramón Aguilera Costas,Jorge Luis Justiniano,,https://fbref.com/en/matches/59d54185/Royal-Pari-Blooming-March-12-2018-Bolivian-Primera-Division
División de Fútbol Profesional,M,BOL,2018,1st,Group stage,8,Tue,2018-03-13,20:00,Nacional Potosí,2.0,San José,2.0,,Estadio Victor Agustín Ugarte,Victor Hurtado,,https://fbref.com/en/matches/2207361f/Nacional-Potosi-San-Jose-March-13-2018-Bolivian-Primera-Division
División de Fútbol Profesional,M,BOL,2018,1st,Group stage,8,Tue,2018-03-13,20:30,Oriente Petrolero,4.0,Destroyers,4.0,,Estadio Ramón Aguilera Costas,Luis Yrusta,,https://fbref.com/en/matches/d2c22321/Oriente-Petrolero-Destroyers-March-13-2018-Bolivian-Primera-Division
División de Fútbol Profesional,M,BOL,2018,1st,Group stage,9,Sat,2018-03-17,15:00,Aurora,0.0,Royal Parí,0.0,,Estadio Municipal de Sacaba,Nelson Barro,,https://fbref.com/en/matches/50603d03/Aurora-Royal-Pari-March-17-2018-Bolivian-Primera-Division
División de Fútbol Profesional,M,BOL,2018,1st,Group stage,9,Sat,2018-03-17,19:30,Destroyers,0.0,Wilstermann,2.0,,Estadio Ramón Aguilera Costas,Orlando Quintana,,https://fbref.com/en/matches/8601aac5/Destroyers-Jorge-Wilstermann-March-17-2018-Bolivian-Primera-Division
División de Fútbol Profesional,M,BOL,2018,1st,Group stage,9,Sun,2018-03-18,15:00,Nacional Potosí,2.0,Real Potosí,3.0,,Estadio Victor Agustín Ugarte,Luis Yrusta,,https://fbref.com/en/matches/0403c643/Nacional-Potosi-Real-Potosi-March-18-2018-Bolivian-Primera-Division
División de Fútbol Profesional,M,BOL,2018,1st,Group stage,9,Sun,2018-03-18,15:00,Guabirá,1.0,Oriente Petrolero,2.0,,Estadio Gilberto Parada,Juan Garcia,,https://fbref.com/en/matches/7b40ad77/Guabira-Oriente-Petrolero-March-18-2018-Bolivian-Primera-Division
División de Fútbol Profesional,M,BOL,2018,1st,Group stage,9,Sun,2018-03-18,16:00,Bolívar,2.0,Universitario,0.0,,Estadio Hernando Siles,Hostin Prado,,https://fbref.com/en/matches/b1d60e96/Bolivar-Universitario-de-Sucre-March-18-2018-Bolivian-Primera-Division
División de Fútbol Profesional,M,BOL,2018,1st,Group stage,9,Sun,2018-03-18,17:15,San José,3.0,The Strongest,1.0,,Estadio Jesús Bermúdez,José Jordán,,https://fbref.com/en/matches/ce5dbc44/San-Jose-The-Strongest-March-18-2018-Bolivian-Primera-Division
División de Fútbol Profesional,M,BOL,2018,1st,Group stage,9,Sun,2018-03-18,20:00,Blooming,1.0,Sport Boys,0.0,,Estadio Ramón Aguilera Costas,Ivo Mendez,,https://fbref.com/en/matches/aa9fef31/Blooming-Sport-Boys-Warnes-March-18-2018-Bolivian-Primera-Division
División de Fútbol Profesional,M,BOL,2018,1st,Group stage,7,Sun,2018-03-25,16:00,San José,2.0,Universitario,1.0,,Estadio Jesús Bermúdez,Jorge Antequera,,https://fbref.com/en/matches/9f039e99/San-Jose-Universitario-de-Sucre-March-25-2018-Bolivian-Primera-Division
División de Fútbol Profesional,M,BOL,2018,1st,Group stage,7,Sun,2018-03-25,18:00,Nacional Potosí,1.0,Aurora,1.0,,Estadio Victor Agustín Ugarte,Luis Yrusta,,https://fbref.com/en/matches/8b1fa0a4/Nacional-Potosi-Aurora-March-25-2018-Bolivian-Primera-Division
División de Fútbol Profesional,M,BOL,2018,1st,Group stage,14,Sun,2018-03-25,20:15,Blooming,2.0,The Strongest,1.0,,Estadio Ramón Aguilera Costas,Raúl Orosco,,https://fbref.com/en/matches/4f17c162/Blooming-The-Strongest-March-25-2018-Bolivian-Primera-Division
División de Fútbol Profesional,M,BOL,2018,1st,Group stage,10,Fri,2018-03-30,18:00,The Strongest,0.0,Nacional Potosí,1.0,,Estadio Hernando Siles,Juan Garcia,,https://fbref.com/en/matches/f0da722a/The-Strongest-Nacional-Potosi-March-30-2018-Bolivian-Primera-Division
División de Fútbol Profesional,M,BOL,2018,1st,Group stage,10,Sat,2018-03-31,15:00,Wilstermann,3.0,Guabirá,0.0,,Estadio Félix Capriles,Luis Yrusta,,https://fbref.com/en/matches/b9692457/Jorge-Wilstermann-Guabira-March-31-2018-Bolivian-Primera-Division
División de Fútbol Profesional,M,BOL,2018,1st,Group stage,10,Sat,2018-03-31,17:15,Royal Parí,0.0,San José,2.0,,Estadio Ramón Aguilera Costas,Carlos Garcia,,https://fbref.com/en/matches/a615b2d1/Royal-Pari-San-Jose-March-31-2018-Bolivian-Primera-Division
División de Fútbol Profesional,M,BOL,2018,1st,Group stage,10,Sun,2018-04-01,15:00,Real Potosí,1.0,Bolívar,6.0,,Estadio Victor Agustín Ugarte,Ivo Mendez,,https://fbref.com/en/matches/7bbd9a2b/Real-Potosi-Bolivar-April-1-2018-Bolivian-Primera-Division
División de Fútbol Profesional,M,BOL,2018,1st,Group stage,10,Sun,2018-04-01,16:15,Universitario,1.0,Destroyers,1.0,,Estadio Olímpico Pascual Guerrero,Raúl Orosco,,https://fbref.com/en/matches/7d81c398/Universitario-de-Sucre-Destroyers-April-1-2018-Bolivian-Primera-Division
División de Fútbol Profesional,M,BOL,2018,1st,Group stage,10,Sun,2018-04-01,19:30,Oriente Petrolero,1.0,Blooming,2.0,,Estadio Ramón Aguilera Costas,Gery Vargas,,https://fbref.com/en/matches/491730ee/Oriente-Petrolero-Blooming-April-1-2018-Bolivian-Primera-Division
División de Fútbol Profesional,M,BOL,2018,1st,Group stage,10,Mon,2018-04-02,20:00,Sport Boys,1.0,Aurora,2.0,,Estadio Samuel Vaca Jimenez,Jordy Aleman,,https://fbref.com/en/matches/18135fff/Sport-Boys-Warnes-Aurora-April-2-2018-Bolivian-Primera-Division
División de Fútbol Profesional,M,BOL,2018,1st,Group stage,11,Fri,2018-04-06,15:00,Guabirá,2.0,Universitario,2.0,,Estadio Gilberto Parada,Victor Hurtado,,https://fbref.com/en/matches/3f366077/Guabira-Universitario-de-Sucre-April-6-2018-Bolivian-Primera-Division
División de Fútbol Profesional,M,BOL,2018,1st,Group stage,11,Fri,2018-04-06,20:00,Nacional Potosí,2.0,Royal Parí,2.0,,Estadio Victor Agustín Ugarte,Gado Flores,,https://fbref.com/en/matches/544f898c/Nacional-Potosi-Royal-Pari-April-6-2018-Bolivian-Primera-Division
División de Fútbol Profesional,M,BOL,2018,1st,Group stage,11,Sat,2018-04-07,15:00,Aurora,0.0,Blooming,2.0,,Estadio Municipal de Sacaba,Alvaro Campos,,https://fbref.com/en/matches/9435e522/Aurora-Blooming-April-7-2018-Bolivian-Primera-Division
División de Fútbol Profesional,M,BOL,2018,1st,Group stage,11,Sun,2018-04-08,15:00,Destroyers,2.0,Real Potosí,0.0,,Estadio Ramón Aguilera Costas,Raúl Orozco,,https://fbref.com/en/matches/96b568dc/Destroyers-Real-Potosi-April-8-2018-Bolivian-Primera-Division
División de Fútbol Profesional,M,BOL,2018,1st,Group stage,11,Sun,2018-04-08,16:00,Bolívar,3.0,The Strongest,0.0,,Estadio Hernando Siles,Gery Vargas,,https://fbref.com/en/matches/6071820e/Bolivar-The-Strongest-April-8-2018-Bolivian-Primera-Division
División de Fútbol Profesional,M,BOL,2018,1st,Group stage,11,Sun,2018-04-08,17:15,San José,4.0,Sport Boys,0.0,,Estadio Jesús Bermúdez,Luis Yrusta,,https://fbref.com/en/matches/8da01f32/San-Jose-Sport-Boys-Warnes-April-8-2018-Bolivian-Primera-Division
División de Fútbol Profesional,M,BOL,2018,1st,Group stage,11,Sun,2018-04-08,19:30,Oriente Petrolero,3.0,Wilstermann,1.0,,Estadio Ramón Aguilera Costas,Jorge Mancilla,,https://fbref.com/en/matches/a069d166/Oriente-Petrolero-Jorge-Wilstermann-April-8-2018-Bolivian-Primera-Division
División de Fútbol Profesional,M,BOL,2018,1st,Group stage,12,Sat,2018-04-14,15:00,Royal Parí,0.0,The Strongest,2.0,,Estadio Ramón Aguilera Costas,Jorge Mancilla,,https://fbref.com/en/matches/cddab06c/Royal-Pari-The-Strongest-April-14-2018-Bolivian-Primera-Division
División de Fútbol Profesional,M,BOL,2018,1st,Group stage,12,Sat,2018-04-14,17:15,Universitario,1.0,Oriente Petrolero,1.0,,Estadio Olímpico Patria,Luis Yrusta,,https://fbref.com/en/matches/c756a76d/Universitario-de-Sucre-Oriente-Petrolero-April-14-2018-Bolivian-Primera-Division
División de Fútbol Profesional,M,BOL,2018,1st,Group stage,12,Sun,2018-04-15,15:00,Wilstermann,5.0,Aurora,1.0,,Estadio Félix Capriles,Ivo Mendez,,https://fbref.com/en/matches/27b53388/Jorge-Wilstermann-Aurora-April-15-2018-Bolivian-Primera-Division
División de Fútbol Profesional,M,BOL,2018,1st,Group stage,12,Sun,2018-04-15,16:00,Bolívar,1.0,Destroyers,1.0,,Estadio Hernando Siles,José Jordán,,https://fbref.com/en/matches/e52762d4/Bolivar-Destroyers-April-15-2018-Bolivian-Primera-Division
División de Fútbol Profesional,M,BOL,2018,1st,Group stage,12,Sun,2018-04-15,17:15,Real Potosí,2.0,Guabirá,1.0,,Estadio Victor Agustín Ugarte,Gaad David Flores,,https://fbref.com/en/matches/a124d4c0/Real-Potosi-Guabira-April-15-2018-Bolivian-Primera-Division
División de Fútbol Profesional,M,BOL,2018,1st,Group stage,12,Sun,2018-04-15,19:30,Blooming,0.0,San José,1.0,,Estadio Ramón Aguilera Costas,Raúl Orosco,,https://fbref.com/en/matches/a0a2a752/Blooming-San-Jose-April-15-2018-Bolivian-Primera-Division
División de Fútbol Profesional,M,BOL,2018,1st,Group stage,12,Mon,2018-04-16,20:00,Sport Boys,4.0,Nacional Potosí,0.0,,Estadio Samuel Vaca Jimenez,Carlos Garcia,,https://fbref.com/en/matches/47ea3b1d/Sport-Boys-Warnes-Nacional-Potosi-April-16-2018-Bolivian-Primera-Division
División de Fútbol Profesional,M,BOL,2018,1st,Group stage,13,Sat,2018-04-21,15:00,Guabirá,4.0,Bolívar,1.0,,Estadio Gilberto Parada,Raúl Orosco,,https://fbref.com/en/matches/ac4464e2/Guabira-Bolivar-April-21-2018-Bolivian-Primera-Division
División de Fútbol Profesional,M,BOL,2018,1st,Group stage,13,Sat,2018-04-21,17:15,The Strongest,3.0,Sport Boys,0.0,,Estadio Hernando Siles,Hostin Prado,,https://fbref.com/en/matches/4ec14d38/The-Strongest-Sport-Boys-Warnes-April-21-2018-Bolivian-Primera-Division
División de Fútbol Profesional,M,BOL,2018,1st,Group stage,13,Sat,2018-04-21,20:15,Oriente Petrolero,3.0,Real Potosí,1.0,,Estadio Ramón Aguilera Costas,Alvaro Campos,,https://fbref.com/en/matches/c8b9a58f/Oriente-Petrolero-Real-Potosi-April-21-2018-Bolivian-Primera-Division
División de Fútbol Profesional,M,BOL,2018,1st,Group stage,13,Sun,2018-04-22,15:00,Wilstermann,7.0,Universitario,0.0,,Estadio Félix Capriles,Juan Garcia,,https://fbref.com/en/matches/26784583/Jorge-Wilstermann-Universitario-de-Sucre-April-22-2018-Bolivian-Primera-Division
División de Fútbol Profesional,M,BOL,2018,1st,Group stage,13,Sun,2018-04-22,15:00,Nacional Potosí,4.0,Blooming,3.0,,Estadio Victor Agustín Ugarte,Jorge Luis Justiniano,,https://fbref.com/en/matches/9fb8ddff/Nacional-Potosi-Blooming-April-22-2018-Bolivian-Primera-Division
División de Fútbol Profesional,M,BOL,2018,1st,Group stage,13,Sun,2018-04-22,17:15,San José,3.0,Aurora,2.0,,Estadio Jesús Bermúdez,Julio Gutiérrez,,https://fbref.com/en/matches/05441a1a/San-Jose-Aurora-April-22-2018-Bolivian-Primera-Division
División de Fútbol Profesional,M,BOL,2018,1st,Group stage,13,Sun,2018-04-22,19:30,Destroyers,0.0,Royal Parí,2.0,,Estadio Ramón Aguilera Costas,Jorge Antequera,,https://fbref.com/en/matches/1eb16afb/Destroyers-Royal-Pari-April-22-2018-Bolivian-Primera-Division
División de Fútbol Profesional,M,BOL,2018,1st,Group stage,14,Sat,2018-04-28,15:00,Bolívar,0.0,Oriente Petrolero,0.0,,Estadio Libertador Simón Bolívar,Carlos Garcia,,https://fbref.com/en/matches/13e778be/Bolivar-Oriente-Petrolero-April-28-2018-Bolivian-Primera-Division
División de Fútbol Profesional,M,BOL,2018,1st,Group stage,14,Sat,2018-04-28,15:00,Aurora,2.0,Nacional Potosí,0.0,,Estadio Félix Capriles,Jordy Aleman,,https://fbref.com/en/matches/9af9c3f4/Aurora-Nacional-Potosi-April-28-2018-Bolivian-Primera-Division
División de Fútbol Profesional,M,BOL,2018,1st,Group stage,14,Sat,2018-04-28,15:00,Sport Boys,0.0,Royal Parí,0.0,,Estadio Samuel Vaca Jimenez,Rafael Subirana,,https://fbref.com/en/matches/f9287042/Sport-Boys-Warnes-Royal-Pari-April-28-2018-Bolivian-Primera-Division
División de Fútbol Profesional,M,BOL,2018,1st,Group stage,14,Sun,2018-04-29,15:00,Universitario,1.0,San José,2.0,,Estadio Olímpico Patria,Raúl Orosco,,https://fbref.com/en/matches/3f0983f3/Universitario-de-Sucre-San-Jose-April-29-2018-Bolivian-Primera-Division
División de Fútbol Profesional,M,BOL,2018,1st,Group stage,14,Sun,2018-04-29,15:00,Real Potosí,0.0,Wilstermann,6.0,,Estadio Victor Agustín Ugarte,Luis Yrusta,,https://fbref.com/en/matches/523313d7/Real-Potosi-Jorge-Wilstermann-April-29-2018-Bolivian-Primera-Division
División de Fútbol Profesional,M,BOL,2018,1st,Group stage,14,Sun,2018-04-29,15:00,Destroyers,4.0,Guabirá,4.0,,Estadio Ramón Aguilera Costas,Juan Garcia,,https://fbref.com/en/matches/8dc377b3/Destroyers-Guabira-April-29-2018-Bolivian-Primera-Division
División de Fútbol Profesional,M,BOL,2018,1st,Quarter-finals,,Fri,2018-05-04,20:00,Guabirá,1.0,Aurora,0.0,,Estadio Gilberto Parada,José Jordán,,https://fbref.com/en/matches/201691a0/Guabira-Aurora-May-4-2018-Bolivian-Primera-Division
División de Fútbol Profesional,M,BOL,2018,1st,Quarter-finals,,Sat,2018-05-05,15:00,Royal Parí,1.0,Universitario,0.0,,Estadio Ramón Aguilera Costas,Jordy Aleman,,https://fbref.com/en/matches/35858014/Royal-Pari-Universitario-de-Sucre-May-5-2018-Bolivian-Primera-Division
División de Fútbol Profesional,M,BOL,2018,1st,Quarter-finals,,Sat,2018-05-05,17:15,Sport Boys,0.0,Real Potosí,0.0,,Estadio Samuel Vaca Jimenez,Victor Hurtado,,https://fbref.com/en/matches/b47d2878/Sport-Boys-Warnes-Real-Potosi-May-5-2018-Bolivian-Primera-Division
División de Fútbol Profesional,M,BOL,2018,1st,Quarter-finals,,Sun,2018-05-06,15:00,Wilstermann,3.0,Blooming,0.0,,Estadio Municipal de Sacaba,Luis Yrusta,,https://fbref.com/en/matches/2e5a0ab6/Jorge-Wilstermann-Blooming-May-6-2018-Bolivian-Primera-Division
División de Fútbol Profesional,M,BOL,2018,1st,Quarter-finals,,Sun,2018-05-06,15:00,Oriente Petrolero,0.0,The Strongest,1.0,,Estadio Ramón Aguilera Costas,Gery Vargas,,https://fbref.com/en/matches/2eed1d75/Oriente-Petrolero-The-Strongest-May-6-2018-Bolivian-Primera-Division
División de Fútbol Profesional,M,BOL,2018,1st,Quarter-finals,,Sun,2018-05-06,17:15,Nacional Potosí,1.0,Bolívar,2.0,,Estadio Victor Agustín Ugarte,Juan Garcia,,https://fbref.com/en/matches/6c798f48/Nacional-Potosi-Bolivar-May-6-2018-Bolivian-Primera-Division
División de Fútbol Profesional,M,BOL,2018,1st,Quarter-finals,,Sun,2018-05-06,19:30,Destroyers,1.0,San José,0.0,,Estadio Ramón Aguilera Costas,Raúl Orosco,,https://fbref.com/en/matches/0f0da858/Destroyers-San-Jose-May-6-2018-Bolivian-Primera-Division
División de Fútbol Profesional,M,BOL,2018,1st,Quarter-finals,,Sat,2018-05-12,15:00,The Strongest,5.0,Oriente Petrolero,1.0,,Estadio Hernando Siles,Raúl Orosco,,https://fbref.com/en/matches/7f325aba/The-Strongest-Oriente-Petrolero-May-12-2018-Bolivian-Primera-Division
División de Fútbol Profesional,M,BOL,2018,1st,Quarter-finals,,Sat,2018-05-12,17:15,San José,8.0,Destroyers,8.0,,Estadio Jesús Bermúdez,Gaad David Flores,,https://fbref.com/en/matches/63d38e48/San-Jose-Destroyers-May-12-2018-Bolivian-Primera-Division
División de Fútbol Profesional,M,BOL,2018,1st,Quarter-finals,,Sat,2018-05-12,20:45,Bolívar,1.0,Nacional Potosí,0.0,,Estadio Hernando Siles,Ivo Mendez,,https://fbref.com/en/matches/9a08fb90/Bolivar-Nacional-Potosi-May-12-2018-Bolivian-Primera-Division
División de Fútbol Profesional,M,BOL,2018,1st,Quarter-finals,,Sun,2018-05-13,15:00,Real Potosí,1.0,Sport Boys,2.0,,Estadio Victor Agustín Ugarte,Hostin Prado,,https://fbref.com/en/matches/78b56e4a/Real-Potosi-Sport-Boys-Warnes-May-13-2018-Bolivian-Primera-Division
División de Fútbol Profesional,M,BOL,2018,1st,Quarter-finals,,Sun,2018-05-13,15:00,Aurora,0.0,Guabirá,0.0,,Estadio Municipal de Sacaba,Luis Yrusta,,https://fbref.com/en/matches/b93f60ee/Aurora-Guabira-May-13-2018-Bolivian-Primera-Division
División de Fútbol Profesional,M,BOL,2018,1st,Quarter-finals,,Sun,2018-05-13,17:15,Universitario,0.0,Royal Parí,2.0,,Estadio Olímpico Patria,Nelson Barro,,https://fbref.com/en/matches/3ea6b62d/Universitario-de-Sucre-Royal-Pari-May-13-2018-Bolivian-Primera-Division
División de Fútbol Profesional,M,BOL,2018,1st,Quarter-finals,,Sun,2018-05-13,19:30,Blooming,1.0,Wilstermann,3.0,,Estadio Ramón Aguilera Costas,Gery Vargas,,https://fbref.com/en/matches/20452a00/Blooming-Jorge-Wilstermann-May-13-2018-Bolivian-Primera-Division
División de Fútbol Profesional,M,BOL,2018,1st,Semi-finals,,Sat,2018-05-19,15:00,Royal Parí,2.0,Real Potosí,1.0,,Estadio Ramón Aguilera Costas,Raúl Orosco,,https://fbref.com/en/matches/c5bffb24/Royal-Pari-Real-Potosi-May-19-2018-Bolivian-Primera-Division
División de Fútbol Profesional,M,BOL,2018,1st,Semi-finals,,Sun,2018-05-20,15:00,Guabirá,2.0,Sport Boys,2.0,,Estadio Gilberto Parada,Juan Garcia,,https://fbref.com/en/matches/be4318a0/Guabira-Sport-Boys-Warnes-May-20-2018-Bolivian-Primera-Division
División de Fútbol Profesional,M,BOL,2018,1st,Semi-finals,,Sun,2018-05-20,16:00,Bolívar,0.0,The Strongest,1.0,,Estadio Hernando Siles,Gery Vargas,,https://fbref.com/en/matches/b03eef25/Bolivar-The-Strongest-May-20-2018-Bolivian-Primera-Division
División de Fútbol Profesional,M,BOL,2018,1st,Semi-finals,,Sun,2018-05-20,17:15,San José,2.0,Wilstermann,4.0,,Estadio Jesús Bermúdez,Ivo Mendez,,https://fbref.com/en/matches/7e52c2ca/San-Jose-Jorge-Wilstermann-May-20-2018-Bolivian-Primera-Division
División de Fútbol Profesional,M,BOL,2018,1st,Semi-finals,,Sat,2018-05-26,17:15,Real Potosí,3.0,Royal Parí,3.0,,Estadio Victor Agustín Ugarte,Luis Yrusta,,https://fbref.com/en/matches/94720c53/Real-Potosi-Royal-Pari-May-26-2018-Bolivian-Primera-Division
División de Fútbol Profesional,M,BOL,2018,1st,Semi-finals,,Sat,2018-05-26,19:30,Sport Boys,0.0,Guabirá,0.0,,Estadio Samuel Vaca Jimenez,Ivo Mendez,Guabirá won on penalty kicks following extra time,https://fbref.com/en/matches/32fcb4b4/Sport-Boys-Warnes-Guabira-May-26-2018-Bolivian-Primera-Division
División de Fútbol Profesional,M,BOL,2018,1st,Semi-finals,,Sun,2018-05-27,15:00,Wilstermann,1.0,San José,0.0,,Estadio Félix Capriles,Juan Garcia,,https://fbref.com/en/matches/4c8216d6/Jorge-Wilstermann-San-Jose-May-27-2018-Bolivian-Primera-Division
División de Fútbol Profesional,M,BOL,2018,1st,Semi-finals,,Sun,2018-05-27,17:15,The Strongest,1.0,Bolívar,1.0,,Estadio Hernando Siles,Raúl Orosco,,https://fbref.com/en/matches/36b76685/The-Strongest-Bolivar-May-27-2018-Bolivian-Primera-Division
División de Fútbol Profesional,M,BOL,2018,1st,Finals,,Wed,2018-05-30,19:00,Guabirá,4.0,Real Potosí,1.0,,Estadio Gilberto Parada,Gery Vargas,,https://fbref.com/en/matches/e6bfd01d/Guabira-Real-Potosi-May-30-2018-Bolivian-Primera-Division
División de Fútbol Profesional,M,BOL,2018,1st,Finals,,Wed,2018-05-30,20:00,The Strongest,2.0,Wilstermann,1.0,,Estadio Hernando Siles,Ivo Mendez,,https://fbref.com/en/matches/1d4cf479/The-Strongest-Jorge-Wilstermann-May-30-2018-Bolivian-Primera-Division
División de Fútbol Profesional,M,BOL,2018,1st,Third-place play-off,,Thu,2018-05-31,16:00,San José,4.0,Bolívar,0.0,,Estadio Jesús Bermúdez,José Jordán,,https://fbref.com/en/matches/387e9562/San-Jose-Bolivar-May-31-2018-Bolivian-Primera-Division
División de Fútbol Profesional,M,BOL,2018,1st,Finals,,Sun,2018-06-03,15:00,Wilstermann,2.0,The Strongest,1.0,,Estadio Municipal de Sacaba,Ivo Mendez,,https://fbref.com/en/matches/95b086e5/Jorge-Wilstermann-The-Strongest-June-3-2018-Bolivian-Primera-Division
División de Fútbol Profesional,M,BOL,2018,1st,Third-place play-off,,Sun,2018-06-03,17:00,Bolívar,0.0,San José,2.0,,Estadio Hernando Siles,Juan Garcia,,https://fbref.com/en/matches/1f72ee08/Bolivar-San-Jose-June-3-2018-Bolivian-Primera-Division
División de Fútbol Profesional,M,BOL,2018,1st,Finals,,Sun,2018-06-03,17:15,Real Potosí,0.0,Guabirá,2.0,,Estadio Victor Agustín Ugarte,José Jordán,,https://fbref.com/en/matches/022e6b97/Real-Potosi-Guabira-June-3-2018-Bolivian-Primera-Division
División de Fútbol Profesional,M,BOL,2018,1st,Finals,,Wed,2018-06-06,20:00,Wilstermann,2.0,The Strongest,2.0,,Estadio Olímpico Patria,Ivo Mendez,Wilstermann won on penalty kicks following extra time,https://fbref.com/en/matches/bbbe50cf/Jorge-Wilstermann-The-Strongest-June-6-2018-Bolivian-Primera-Division
División de Fútbol Profesional,M,BOL,2018,1st,Torneo Clausura,1,Fri,2018-07-20,20:00,Oriente Petrolero,2.0,Aurora,0.0,,Estadio Ramón Aguilera Costas,Jordy Aleman,,https://fbref.com/en/matches/0175deae/Oriente-Petrolero-Aurora-July-20-2018-Bolivian-Primera-Division
División de Fútbol Profesional,M,BOL,2018,1st,Torneo Clausura,1,Sat,2018-07-21,17:15,Royal Parí,4.0,Bolívar,2.0,,Estadio Gilberto Parada,Carlos Garcia,,https://fbref.com/en/matches/3b16e593/Royal-Pari-Bolivar-July-21-2018-Bolivian-Primera-Division
División de Fútbol Profesional,M,BOL,2018,1st,Torneo Clausura,1,Sun,2018-07-22,15:00,Sport Boys,3.0,Destroyers,0.0,,Estadio Samuel Vaca Jimenez,Juan Garcia,,https://fbref.com/en/matches/4e3a477a/Sport-Boys-Warnes-Destroyers-July-22-2018-Bolivian-Primera-Division
División de Fútbol Profesional,M,BOL,2018,1st,Torneo Clausura,1,Sun,2018-07-22,17:15,The Strongest,4.0,San José,2.0,,Estadio Hernando Siles,Raúl Orosco,,https://fbref.com/en/matches/6a6387d0/The-Strongest-San-Jose-July-22-2018-Bolivian-Primera-Division
División de Fútbol Profesional,M,BOL,2018,1st,Torneo Clausura,1,Sun,2018-07-22,17:15,Real Potosí,1.0,Universitario,1.0,,Estadio Victor Agustín Ugarte,Jorge Mancilla,,https://fbref.com/en/matches/c68d3cfd/Real-Potosi-Universitario-de-Sucre-July-22-2018-Bolivian-Primera-Division
División de Fútbol Profesional,M,BOL,2018,1st,Torneo Clausura,1,Sun,2018-07-22,19:30,Guabirá,2.0,Nacional Potosí,2.0,,Estadio Gilberto Parada,Gery Vargas,,https://fbref.com/en/matches/63006989/Guabira-Nacional-Potosi-July-22-2018-Bolivian-Primera-Division
División de Fútbol Profesional,M,BOL,2018,1st,Torneo Clausura,1,Mon,2018-07-23,15:00,Wilstermann,0.0,Blooming,0.0,,Estadio Municipal de Sacaba,Luis Yrusta,,https://fbref.com/en/matches/774af483/Jorge-Wilstermann-Blooming-July-23-2018-Bolivian-Primera-Division
División de Fútbol Profesional,M,BOL,2018,1st,Torneo Clausura,2,Tue,2018-07-24,15:00,Aurora,0.0,Royal Parí,2.0,,Estadio Municipal de Sacaba,Alvaro Campos,,https://fbref.com/en/matches/17fa6f24/Aurora-Royal-Pari-July-24-2018-Bolivian-Primera-Division
División de Fútbol Profesional,M,BOL,2018,1st,Torneo Clausura,2,Wed,2018-07-25,15:00,Sport Boys,4.0,Real Potosí,1.0,,Estadio Samuel Vaca Jimenez,Raúl Orosco,,https://fbref.com/en/matches/4f8a13d5/Sport-Boys-Warnes-Real-Potosi-July-25-2018-Bolivian-Primera-Division
División de Fútbol Profesional,M,BOL,2018,1st,Torneo Clausura,2,Wed,2018-07-25,18:15,Nacional Potosí,0.0,Destroyers,0.0,,Estadio Victor Agustín Ugarte,Gaad David Flores,,https://fbref.com/en/matches/c1647177/Nacional-Potosi-Destroyers-July-25-2018-Bolivian-Primera-Division
División de Fútbol Profesional,M,BOL,2018,1st,Torneo Clausura,2,Wed,2018-07-25,20:30,Oriente Petrolero,2.0,Universitario,0.0,,Estadio Ramón Aguilera Costas,Luis Yrusta,,https://fbref.com/en/matches/311bfa2a/Oriente-Petrolero-Universitario-de-Sucre-July-25-2018-Bolivian-Primera-Division
División de Fútbol Profesional,M,BOL,2018,1st,Torneo Clausura,2,Thu,2018-07-26,18:15,The Strongest,4.0,Wilstermann,1.0,,Estadio Hernando Siles,Ivo Mendez,,https://fbref.com/en/matches/3425d83d/The-Strongest-Jorge-Wilstermann-July-26-2018-Bolivian-Primera-Division
División de Fútbol Profesional,M,BOL,2018,1st,Torneo Clausura,2,Thu,2018-07-26,20:30,Blooming,2.0,Guabirá,3.0,,Estadio Olímpico Patria,Jorge Antequera,,https://fbref.com/en/matches/3b598d99/Blooming-Guabira-July-26-2018-Bolivian-Primera-Division
División de Fútbol Profesional,M,BOL,2018,1st,Torneo Clausura,2,Thu,2018-07-26,20:30,San José,3.0,Bolívar,2.0,,Estadio Jesús Bermúdez,José Jordán,,https://fbref.com/en/matches/c79b41c0/San-Jose-Bolivar-July-26-2018-Bolivian-Primera-Division
División de Fútbol Profesional,M,BOL,2018,1st,Torneo Clausura,3,Sat,2018-07-28,15:00,Royal Parí,3.0,Universitario,0.0,,Estadio Ramón Aguilera Costas,Juan Castro,,https://fbref.com/en/matches/a9d6e3a9/Royal-Pari-Universitario-de-Sucre-July-28-2018-Bolivian-Primera-Division
División de Fútbol Profesional,M,BOL,2018,1st,Torneo Clausura,3,Sun,2018-07-29,15:00,Real Potosí,2.0,Nacional Potosí,3.0,,Estadio Victor Agustín Ugarte,Gery Vargas,,https://fbref.com/en/matches/13bea827/Real-Potosi-Nacional-Potosi-July-29-2018-Bolivian-Primera-Division
División de Fútbol Profesional,M,BOL,2018,1st,Torneo Clausura,3,Sun,2018-07-29,15:00,Guabirá,0.0,The Strongest,2.0,,Estadio Gilberto Parada,Victor Hurtado,,https://fbref.com/en/matches/9d1e3c7c/Guabira-The-Strongest-July-29-2018-Bolivian-Primera-Division
División de Fútbol Profesional,M,BOL,2018,1st,Torneo Clausura,3,Sun,2018-07-29,16:00,Bolívar,3.0,Aurora,0.0,,Estadio Hernando Siles,Juan Garcia,,https://fbref.com/en/matches/ffacce89/Bolivar-Aurora-July-29-2018-Bolivian-Primera-Division
División de Fútbol Profesional,M,BOL,2018,1st,Torneo Clausura,3,Sun,2018-07-29,19:00,Destroyers,1.0,Blooming,1.0,,Estadio Ramón Aguilera Costas,Hostin Prado,,https://fbref.com/en/matches/992e8668/Destroyers-Blooming-July-29-2018-Bolivian-Primera-Division
División de Fútbol Profesional,M,BOL,2018,1st,Torneo Clausura,3,Mon,2018-07-30,20:00,Oriente Petrolero,1.0,Sport Boys,1.0,,Estadio Ramón Aguilera Costas,Ivo Mendez,,https://fbref.com/en/matches/14823b87/Oriente-Petrolero-Sport-Boys-Warnes-July-30-2018-Bolivian-Primera-Division
División de Fútbol Profesional,M,BOL,2018,1st,Torneo Clausura,4,Wed,2018-08-01,18:15,Blooming,5.0,Real Potosí,0.0,,Estadio Ramón Aguilera Costas,Julio Gutiérrez,,https://fbref.com/en/matches/3618495b/Blooming-Real-Potosi-August-1-2018-Bolivian-Primera-Division
División de Fútbol Profesional,M,BOL,2018,1st,Torneo Clausura,4,Wed,2018-08-01,20:30,The Strongest,4.0,Destroyers,1.0,,Estadio Hernando Siles,Gery Vargas,,https://fbref.com/en/matches/0c75bc3d/The-Strongest-Destroyers-August-1-2018-Bolivian-Primera-Division
División de Fútbol Profesional,M,BOL,2018,1st,Torneo Clausura,4,Wed,2018-08-01,20:30,San José,3.0,Aurora,2.0,,Estadio Jesús Bermúdez,Luis Yrusta,,https://fbref.com/en/matches/e9f37b9f/San-Jose-Aurora-August-1-2018-Bolivian-Primera-Division
División de Fútbol Profesional,M,BOL,2018,1st,Torneo Clausura,4,Thu,2018-08-02,18:15,Sport Boys,0.0,Royal Parí,3.0,,Estadio Samuel Vaca Jimenez,Jorge Antequera,,https://fbref.com/en/matches/c7c66d18/Sport-Boys-Warnes-Royal-Pari-August-2-2018-Bolivian-Primera-Division
División de Fútbol Profesional,M,BOL,2018,1st,Torneo Clausura,4,Thu,2018-08-02,20:00,Oriente Petrolero,1.0,Nacional Potosí,0.0,,Estadio Gilberto Parada,Raúl Orosco,,https://fbref.com/en/matches/2b283752/Oriente-Petrolero-Nacional-Potosi-August-2-2018-Bolivian-Primera-Division
División de Fútbol Profesional,M,BOL,2018,1st,Torneo Clausura,5,Sat,2018-08-04,16:00,Destroyers,0.0,Wilstermann,0.0,,Estadio Samuel Vaca Jimenez,José Jordán,,https://fbref.com/en/matches/f6ba826c/Destroyers-Jorge-Wilstermann-August-4-2018-Bolivian-Primera-Division
División de Fútbol Profesional,M,BOL,2018,1st,Torneo Clausura,5,Sun,2018-08-05,15:00,Aurora,0.0,Universitario,0.0,,Estadio Municipal de Sacaba,Jorge Mancilla,,https://fbref.com/en/matches/468c7932/Aurora-Universitario-de-Sucre-August-5-2018-Bolivian-Primera-Division
División de Fútbol Profesional,M,BOL,2018,1st,Torneo Clausura,5,Sun,2018-08-05,16:00,Bolívar,3.0,Sport Boys,3.0,,Estadio Hernando Siles,Gery Vargas,,https://fbref.com/en/matches/7993795f/Bolivar-Sport-Boys-Warnes-August-5-2018-Bolivian-Primera-Division
División de Fútbol Profesional,M,BOL,2018,1st,Torneo Clausura,5,Sun,2018-08-05,19:30,Oriente Petrolero,0.0,Blooming,3.0,,Estadio Ramón Aguilera Costas,Ivo Mendez,,https://fbref.com/en/matches/6473d439/Oriente-Petrolero-Blooming-August-5-2018-Bolivian-Primera-Division
División de Fútbol Profesional,M,BOL,2018,1st,Torneo Clausura,5,Mon,2018-08-06,15:00,Royal Parí,5.0,Nacional Potosí,1.0,,Estadio Ramón Aguilera Costas,Luis Yrusta,,https://fbref.com/en/matches/94bad0fc/Royal-Pari-Nacional-Potosi-August-6-2018-Bolivian-Primera-Division
División de Fútbol Profesional,M,BOL,2018,1st,Torneo Clausura,5,Mon,2018-08-06,15:00,Guabirá,2.0,San José,0.0,,Estadio Gilberto Parada,Raúl Orosco,,https://fbref.com/en/matches/d8fbc330/Guabira-San-Jose-August-6-2018-Bolivian-Primera-Division
División de Fútbol Profesional,M,BOL,2018,1st,Torneo Clausura,5,Mon,2018-08-06,17:15,Real Potosí,0.0,The Strongest,3.0,,Estadio Victor Agustín Ugarte,Carlos Garcia,,https://fbref.com/en/matches/d85f20df/Real-Potosi-The-Strongest-August-6-2018-Bolivian-Primera-Division
División de Fútbol Profesional,M,BOL,2018,1st,Torneo Clausura,4,Wed,2018-08-08,20:00,Universitario,1.0,Bolívar,3.0,,Estadio Municipal de Sacaba,Juan Garcia,,https://fbref.com/en/matches/faaff28b/Universitario-de-Sucre-Bolivar-August-8-2018-Bolivian-Primera-Division
División de Fútbol Profesional,M,BOL,2018,1st,Torneo Clausura,3,Thu,2018-08-09,15:00,Wilstermann,3.0,San José,1.0,,Estadio Municipal de Sacaba,Jorge Mancilla,,https://fbref.com/en/matches/b7a32337/Jorge-Wilstermann-San-Jose-August-9-2018-Bolivian-Primera-Division
División de Fútbol Profesional,M,BOL,2018,1st,Torneo Clausura,6,Sat,2018-08-11,19:30,Guabirá,3.0,Destroyers,2.0,,Estadio Gilberto Parada,Luis Yrusta,,https://fbref.com/en/matches/21e88b8c/Guabira-Destroyers-August-11-2018-Bolivian-Primera-Division
División de Fútbol Profesional,M,BOL,2018,1st,Torneo Clausura,6,Sun,2018-08-12,15:00,Nacional Potosí,6.0,Bolívar,1.0,,Estadio Victor Agustín Ugarte,Ivo Mendez,,https://fbref.com/en/matches/443957dc/Nacional-Potosi-Bolivar-August-12-2018-Bolivian-Primera-Division
División de Fútbol Profesional,M,BOL,2018,1st,Torneo Clausura,6,Sun,2018-08-12,17:15,San José,3.0,Universitario,0.0,,Estadio Jesús Bermúdez,Victor Hurtado,,https://fbref.com/en/matches/0e99f7a4/San-Jose-Universitario-de-Sucre-August-12-2018-Bolivian-Primera-Division
División de Fútbol Profesional,M,BOL,2018,1st,Torneo Clausura,6,Sun,2018-08-12,17:15,The Strongest,2.0,Oriente Petrolero,1.0,,Estadio Hernando Siles,José Jordán,,https://fbref.com/en/matches/7812a3c2/The-Strongest-Oriente-Petrolero-August-12-2018-Bolivian-Primera-Division
División de Fútbol Profesional,M,BOL,2018,1st,Torneo Clausura,6,Sun,2018-08-12,19:30,Blooming,1.0,Royal Parí,1.0,,Estadio Ramón Aguilera Costas,Juan Garcia,,https://fbref.com/en/matches/d1530832/Blooming-Royal-Pari-August-12-2018-Bolivian-Primera-Division
División de Fútbol Profesional,M,BOL,2018,1st,Torneo Clausura,6,Mon,2018-08-13,20:00,Sport Boys,2.0,Aurora,0.0,,Estadio Samuel Vaca Jimenez,Gery Vargas,,https://fbref.com/en/matches/4e614610/Sport-Boys-Warnes-Aurora-August-13-2018-Bolivian-Primera-Division
División de Fútbol Profesional,M,BOL,2018,1st,Torneo Clausura,4,Wed,2018-08-15,15:00,Wilstermann,3.0,Guabirá,2.0,,Estadio Municipal de Sacaba,Luis Yrusta,,https://fbref.com/en/matches/2052068a/Jorge-Wilstermann-Guabira-August-15-2018-Bolivian-Primera-Division
División de Fútbol Profesional,M,BOL,2018,1st,Torneo Clausura,7,Sat,2018-08-18,15:00,Aurora,1.0,Nacional Potosí,0.0,,Estadio Municipal de Sacaba,Ivo Mendez,,https://fbref.com/en/matches/7b025c91/Aurora-Nacional-Potosi-August-18-2018-Bolivian-Primera-Division
División de Fútbol Profesional,M,BOL,2018,1st,Torneo Clausura,7,Sat,2018-08-18,17:17,Real Potosí,2.0,Guabirá,0.0,,Estadio Victor Agustín Ugarte,Hostin Prado,,https://fbref.com/en/matches/bf6b4b01/Real-Potosi-Guabira-August-18-2018-Bolivian-Primera-Division
División de Fútbol Profesional,M,BOL,2018,1st,Torneo Clausura,7,Sat,2018-08-18,19:30,Royal Parí,1.0,The Strongest,0.0,,Estadio Ramón Aguilera Costas,Gery Vargas,,https://fbref.com/en/matches/d73d894b/Royal-Pari-The-Strongest-August-18-2018-Bolivian-Primera-Division
División de Fútbol Profesional,M,BOL,2018,1st,Torneo Clausura,7,Sun,2018-08-19,15:00,Destroyers,3.0,San José,0.0,,Estadio Ramón Aguilera Costas,Gaad David Flores,,https://fbref.com/en/matches/0ae28ab3/Destroyers-San-Jose-August-19-2018-Bolivian-Primera-Division
División de Fútbol Profesional,M,BOL,2018,1st,Torneo Clausura,7,Sun,2018-08-19,16:00,Bolívar,3.0,Blooming,0.0,,Estadio Hernando Siles,Raúl Orosco,,https://fbref.com/en/matches/5f81550d/Bolivar-Blooming-August-19-2018-Bolivian-Primera-Division
División de Fútbol Profesional,M,BOL,2018,1st,Torneo Clausura,7,Sun,2018-08-19,17:15,Universitario,1.0,Sport Boys,1.0,,Estadio Olímpico Patria,Nelson Barro,,https://fbref.com/en/matches/afb544a8/Universitario-de-Sucre-Sport-Boys-Warnes-August-19-2018-Bolivian-Primera-Division
División de Fútbol Profesional,M,BOL,2018,1st,Torneo Clausura,7,Sun,2018-08-19,19:30,Oriente Petrolero,1.0,Wilstermann,1.0,,Estadio Ramón Aguilera Costas,Alvaro Campos,,https://fbref.com/en/matches/4d566ef7/Oriente-Petrolero-Jorge-Wilstermann-August-19-2018-Bolivian-Primera-Division
División de Fútbol Profesional,M,BOL,2018,1st,Torneo Clausura,8,Sat,2018-08-25,15:00,Destroyers,2.0,Real Potosí,1.0,,Estadio Ramón Aguilera Costas,Juan Castro,,https://fbref.com/en/matches/2596379e/Destroyers-Real-Potosi-August-25-2018-Bolivian-Primera-Division
División de Fútbol Profesional,M,BOL,2018,1st,Torneo Clausura,8,Sat,2018-08-25,15:00,Wilstermann,1.0,Royal Parí,0.0,,Estadio Municipal de Sacaba,José Jordán,,https://fbref.com/en/matches/6e3f9f3d/Jorge-Wilstermann-Royal-Pari-August-25-2018-Bolivian-Primera-Division
División de Fútbol Profesional,M,BOL,2018,1st,Torneo Clausura,8,Sat,2018-08-25,17:15,San José,6.0,Sport Boys,0.0,,Estadio Jesús Bermúdez,Jorge Luis Justiniano,,https://fbref.com/en/matches/2023efcf/San-Jose-Sport-Boys-Warnes-August-25-2018-Bolivian-Primera-Division
División de Fútbol Profesional,M,BOL,2018,1st,Torneo Clausura,8,Sun,2018-08-26,15:00,Nacional Potosí,2.0,Universitario,0.0,,Estadio Victor Agustín Ugarte,Jorge Antequera,,https://fbref.com/en/matches/4fa98bfa/Nacional-Potosi-Universitario-de-Sucre-August-26-2018-Bolivian-Primera-Division
División de Fútbol Profesional,M,BOL,2018,1st,Torneo Clausura,8,Sun,2018-08-26,17:15,Guabirá,0.0,Oriente Petrolero,1.0,,Estadio Gilberto Parada,Gery Vargas,,https://fbref.com/en/matches/2ffb6770/Guabira-Oriente-Petrolero-August-26-2018-Bolivian-Primera-Division
División de Fútbol Profesional,M,BOL,2018,1st,Torneo Clausura,8,Sun,2018-08-26,17:15,The Strongest,0.0,Bolívar,1.0,,Estadio Hernando Siles,Ivo Mendez,,https://fbref.com/en/matches/ab8fb64b/The-Strongest-Bolivar-August-26-2018-Bolivian-Primera-Division
División de Fútbol Profesional,M,BOL,2018,1st,Torneo Clausura,8,Mon,2018-08-27,20:30,Blooming,2.0,Aurora,1.0,,Estadio Ramón Aguilera Costas,Alvaro Campos,,https://fbref.com/en/matches/581b8ce3/Blooming-Aurora-August-27-2018-Bolivian-Primera-Division
División de Fútbol Profesional,M,BOL,2018,1st,Torneo Clausura,9,Fri,2018-08-31,20:00,Sport Boys,2.0,Nacional Potosí,1.0,,Estadio Samuel Vaca Jimenez,Jordy Aleman,,https://fbref.com/en/matches/54774559/Sport-Boys-Warnes-Nacional-Potosi-August-31-2018-Bolivian-Primera-Division
División de Fútbol Profesional,M,BOL,2018,1st,Torneo Clausura,9,Sat,2018-09-01,15:00,Aurora,1.0,The Strongest,2.0,,Estadio Félix Capriles,Gery Vargas,,https://fbref.com/en/matches/2c1fb163/Aurora-The-Strongest-September-1-2018-Bolivian-Primera-Division
División de Fútbol Profesional,M,BOL,2018,1st,Torneo Clausura,9,Sat,2018-09-01,16:00,Bolívar,2.0,Wilstermann,1.0,,Estadio Hernando Siles,Juan Garcia,,https://fbref.com/en/matches/31e146a0/Bolivar-Jorge-Wilstermann-September-1-2018-Bolivian-Primera-Division
División de Fútbol Profesional,M,BOL,2018,1st,Torneo Clausura,9,Sat,2018-09-01,17:15,Royal Parí,2.0,Guabirá,1.0,,Estadio Ramón Aguilera Costas,Raúl Orosco,,https://fbref.com/en/matches/2bea6fc5/Royal-Pari-Guabira-September-1-2018-Bolivian-Primera-Division
División de Fútbol Profesional,M,BOL,2018,1st,Torneo Clausura,9,Sun,2018-09-02,15:00,Universitario,2.0,Blooming,1.0,,Estadio Olímpico Patria,Juan Castro,,https://fbref.com/en/matches/31f4fe6d/Universitario-de-Sucre-Blooming-September-2-2018-Bolivian-Primera-Division
División de Fútbol Profesional,M,BOL,2018,1st,Torneo Clausura,9,Sun,2018-09-02,17:15,Real Potosí,0.0,San José,5.0,,Estadio Victor Agustín Ugarte,Carlos Garcia,,https://fbref.com/en/matches/c568fe33/Real-Potosi-San-Jose-September-2-2018-Bolivian-Primera-Division
División de Fútbol Profesional,M,BOL,2018,1st,Torneo Clausura,9,Sun,2018-09-02,19:30,Oriente Petrolero,1.0,Destroyers,0.0,,Estadio Ramón Aguilera Costas,Ivo Mendez,,https://fbref.com/en/matches/820a4ab9/Oriente-Petrolero-Destroyers-September-2-2018-Bolivian-Primera-Division
División de Fútbol Profesional,M,BOL,2018,1st,Torneo Clausura,6,Wed,2018-09-05,15:00,Wilstermann,4.0,Real Potosí,0.0,,Estadio Félix Capriles,Jorge Luis Justiniano,,https://fbref.com/en/matches/d670cd9c/Jorge-Wilstermann-Real-Potosi-September-5-2018-Bolivian-Primera-Division
División de Fútbol Profesional,M,BOL,2018,1st,Torneo Clausura,10,Fri,2018-09-14,20:00,Sport Boys,2.0,The Strongest,2.0,,Estadio Samuel Vaca Jimenez,Raúl Orosco,,https://fbref.com/en/matches/57208dc7/Sport-Boys-Warnes-The-Strongest-September-14-2018-Bolivian-Primera-Division
División de Fútbol Profesional,M,BOL,2018,1st,Torneo Clausura,10,Sat,2018-09-15,15:00,Royal Parí,2.0,Real Potosí,1.0,,Estadio Ramón Aguilera Costas,Joaquin Verastegui,,https://fbref.com/en/matches/bbc94dbd/Royal-Pari-Real-Potosi-September-15-2018-Bolivian-Primera-Division
División de Fútbol Profesional,M,BOL,2018,1st,Torneo Clausura,10,Sat,2018-09-15,16:00,Bolívar,5.0,Destroyers,1.0,,Estadio Hernando Siles,Hostin Prado,,https://fbref.com/en/matches/94c8ee06/Bolivar-Destroyers-September-15-2018-Bolivian-Primera-Division
División de Fútbol Profesional,M,BOL,2018,1st,Torneo Clausura,10,Sat,2018-09-15,19:00,Nacional Potosí,0.0,Blooming,0.0,,Estadio Victor Agustín Ugarte,Alvaro Campos,,https://fbref.com/en/matches/d5165da2/Nacional-Potosi-Blooming-September-15-2018-Bolivian-Primera-Division
División de Fútbol Profesional,M,BOL,2018,1st,Torneo Clausura,10,Sun,2018-09-16,15:00,Universitario,0.0,Wilstermann,2.0,,Estadio Olímpico Patria,Juan Garcia,,https://fbref.com/en/matches/8f65aca3/Universitario-de-Sucre-Jorge-Wilstermann-September-16-2018-Bolivian-Primera-Division
División de Fútbol Profesional,M,BOL,2018,1st,Torneo Clausura,10,Sun,2018-09-16,15:00,Aurora,1.0,Guabirá,0.0,,Estadio Municipal de Colcapirhua,Orlando Quintana,,https://fbref.com/en/matches/efd69e08/Aurora-Guabira-September-16-2018-Bolivian-Primera-Division
División de Fútbol Profesional,M,BOL,2018,1st,Torneo Clausura,10,Sun,2018-09-16,19:30,Oriente Petrolero,1.0,San José,3.0,,Estadio Ramón Aguilera Costas,Luis Yrusta,,https://fbref.com/en/matches/e1becaa6/Oriente-Petrolero-San-Jose-September-16-2018-Bolivian-Primera-Division
División de Fútbol Profesional,M,BOL,2018,1st,Torneo Clausura,11,Tue,2018-09-18,18:15,Destroyers,2.0,Royal Parí,0.0,,Estadio Ramón Aguilera Costas,Jorge Antequera,,https://fbref.com/en/matches/047e8e3b/Destroyers-Royal-Pari-September-18-2018-Bolivian-Primera-Division
División de Fútbol Profesional,M,BOL,2018,1st,Torneo Clausura,11,Tue,2018-09-18,20:30,Blooming,2.0,Sport Boys,1.0,,Estadio Ramón Aguilera Costas,Gaad David Flores,,https://fbref.com/en/matches/214b0ef8/Blooming-Sport-Boys-Warnes-September-18-2018-Bolivian-Primera-Division
División de Fútbol Profesional,M,BOL,2018,1st,Torneo Clausura,11,Wed,2018-09-19,19:30,San José,2.0,Nacional Potosí,3.0,,Estadio Jesús Bermúdez,Nelson Barro,,https://fbref.com/en/matches/ddf1cd81/San-Jose-Nacional-Potosi-September-19-2018-Bolivian-Primera-Division
División de Fútbol Profesional,M,BOL,2018,1st,Torneo Clausura,11,Wed,2018-09-19,20:30,Wilstermann,3.0,Aurora,0.0,,Estadio Félix Capriles,Ivo Mendez,,https://fbref.com/en/matches/c2895188/Jorge-Wilstermann-Aurora-September-19-2018-Bolivian-Primera-Division
División de Fútbol Profesional,M,BOL,2018,1st,Torneo Clausura,11,Wed,2018-09-19,20:30,The Strongest,2.0,Universitario,1.0,,Estadio Hernando Siles,Alvaro Campos,,https://fbref.com/en/matches/d787f679/The-Strongest-Universitario-de-Sucre-September-19-2018-Bolivian-Primera-Division
División de Fútbol Profesional,M,BOL,2018,1st,Torneo Clausura,11,Thu,2018-09-20,15:00,Guabirá,2.0,Bolívar,0.0,,Estadio Gilberto Parada,José Jordán,,https://fbref.com/en/matches/41e2a587/Guabira-Bolivar-September-20-2018-Bolivian-Primera-Division
División de Fútbol Profesional,M,BOL,2018,1st,Torneo Clausura,11,Thu,2018-09-20,18:15,Real Potosí,1.0,Oriente Petrolero,0.0,,Estadio Victor Agustín Ugarte,Victor Hurtado,,https://fbref.com/en/matches/6ec1a5db/Real-Potosi-Oriente-Petrolero-September-20-2018-Bolivian-Primera-Division
División de Fútbol Profesional,M,BOL,2018,1st,Torneo Clausura,12,Sat,2018-09-22,15:00,Destroyers,1.0,Aurora,0.0,,Estadio Ramón Aguilera Costas,Jorge Luis Justiniano,,https://fbref.com/en/matches/34508665/Destroyers-Aurora-September-22-2018-Bolivian-Primera-Division
División de Fútbol Profesional,M,BOL,2018,1st,Torneo Clausura,12,Sat,2018-09-22,17:15,The Strongest,2.0,Nacional Potosí,0.0,,Estadio Hernando Siles,Gery Vargas,,https://fbref.com/en/matches/30faf838/The-Strongest-Nacional-Potosi-September-22-2018-Bolivian-Primera-Division
División de Fútbol Profesional,M,BOL,2018,1st,Torneo Clausura,12,Sun,2018-09-23,15:00,Real Potosí,4.0,Bolívar,2.0,,Estadio Victor Agustín Ugarte,Mipo Odubeko,,https://fbref.com/en/matches/6f8a219d/Real-Potosi-Bolivar-September-23-2018-Bolivian-Primera-Division
División de Fútbol Profesional,M,BOL,2018,1st,Torneo Clausura,12,Sun,2018-09-23,15:00,Wilstermann,1.0,Sport Boys,0.0,,Estadio Félix Capriles,Luis Yrusta,,https://fbref.com/en/matches/d96396d4/Jorge-Wilstermann-Sport-Boys-Warnes-September-23-2018-Bolivian-Primera-Division
División de Fútbol Profesional,M,BOL,2018,1st,Torneo Clausura,12,Sun,2018-09-23,17:15,San José,4.0,Blooming,1.0,,Estadio Jesús Bermúdez,Hostin Prado,,https://fbref.com/en/matches/fe47e145/San-Jose-Blooming-September-23-2018-Bolivian-Primera-Division
División de Fútbol Profesional,M,BOL,2018,1st,Torneo Clausura,12,Sun,2018-09-23,19:30,Oriente Petrolero,1.0,Royal Parí,0.0,,Estadio Ramón Aguilera Costas,Juan Garcia,,https://fbref.com/en/matches/f8a4b022/Oriente-Petrolero-Royal-Pari-September-23-2018-Bolivian-Primera-Division
División de Fútbol Profesional,M,BOL,2018,1st,Torneo Clausura,12,Mon,2018-09-24,15:00,Guabirá,2.0,Universitario,0.0,,Estadio Gilberto Parada,Edson Rios,,https://fbref.com/en/matches/bffdb456/Guabira-Universitario-de-Sucre-September-24-2018-Bolivian-Primera-Division
División de Fútbol Profesional,M,BOL,2018,1st,Torneo Clausura,13,Sat,2018-09-29,15:00,Universitario,1.0,Destroyers,0.0,,Estadio Olímpico Patria,Jordy Aleman,,https://fbref.com/en/matches/07127a30/Universitario-de-Sucre-Destroyers-September-29-2018-Bolivian-Primera-Division
División de Fútbol Profesional,M,BOL,2018,1st,Torneo Clausura,13,Sat,2018-09-29,17:15,Royal Parí,1.0,San José,1.0,,Estadio Ramón Aguilera Costas,Jorge Mancilla,,https://fbref.com/en/matches/ae6a326e/Royal-Pari-San-Jose-September-29-2018-Bolivian-Primera-Division
División de Fútbol Profesional,M,BOL,2018,1st,Torneo Clausura,13,Sun,2018-09-30,15:00,Aurora,3.0,Real Potosí,2.0,,Estadio Félix Capriles,Jorge Antequera,,https://fbref.com/en/matches/ef3640cc/Aurora-Real-Potosi-September-30-2018-Bolivian-Primera-Division
División de Fútbol Profesional,M,BOL,2018,1st,Torneo Clausura,13,Sun,2018-09-30,16:00,Bolívar,3.0,Oriente Petrolero,0.0,,Estadio Hernando Siles,Gery Vargas,,https://fbref.com/en/matches/e9825626/Bolivar-Oriente-Petrolero-September-30-2018-Bolivian-Primera-Division
División de Fútbol Profesional,M,BOL,2018,1st,Torneo Clausura,13,Sun,2018-09-30,17:15,Sport Boys,2.0,Guabirá,0.0,,Estadio Samuel Vaca Jimenez,Juan Garcia,,https://fbref.com/en/matches/19fa87c0/Sport-Boys-Warnes-Guabira-September-30-2018-Bolivian-Primera-Division
División de Fútbol Profesional,M,BOL,2018,1st,Torneo Clausura,13,Sun,2018-09-30,17:15,Nacional Potosí,1.0,Wilstermann,0.0,,Estadio Victor Agustín Ugarte,Gaad David Flores,,https://fbref.com/en/matches/7f6cf782/Nacional-Potosi-Jorge-Wilstermann-September-30-2018-Bolivian-Primera-Division
División de Fútbol Profesional,M,BOL,2018,1st,Torneo Clausura,13,Sun,2018-09-30,19:30,Blooming,2.0,The Strongest,1.0,,Estadio Ramón Aguilera Costas,Victor Hurtado,,https://fbref.com/en/matches/7ee34a38/Blooming-The-Strongest-September-30-2018-Bolivian-Primera-Division
División de Fútbol Profesional,M,BOL,2018,1st,Torneo Clausura,14,Fri,2018-10-05,19:30,Nacional Potosí,3.0,Guabirá,2.0,,Estadio Victor Agustín Ugarte,José Jordán,,https://fbref.com/en/matches/49830002/Nacional-Potosi-Guabira-October-5-2018-Bolivian-Primera-Division
División de Fútbol Profesional,M,BOL,2018,1st,Torneo Clausura,14,Sun,2018-10-07,15:00,Aurora,0.0,Oriente Petrolero,0.0,,Estadio Félix Capriles,Orlando Quintana,,https://fbref.com/en/matches/4de3f16a/Aurora-Oriente-Petrolero-October-7-2018-Bolivian-Primera-Division
División de Fútbol Profesional,M,BOL,2018,1st,Torneo Clausura,14,Sun,2018-10-07,15:00,Universitario,0.0,Real Potosí,0.0,,Estadio Olímpico Patria,Nelson Barro,,https://fbref.com/en/matches/cf524fec/Universitario-de-Sucre-Real-Potosi-October-7-2018-Bolivian-Primera-Division
División de Fútbol Profesional,M,BOL,2018,1st,Torneo Clausura,14,Sun,2018-10-07,16:00,Bolívar,7.0,Royal Parí,5.0,,Estadio Hernando Siles,Raúl Orozco,,https://fbref.com/en/matches/6ee0ff10/Bolivar-Royal-Pari-October-7-2018-Bolivian-Primera-Division
División de Fútbol Profesional,M,BOL,2018,1st,Torneo Clausura,14,Sun,2018-10-07,17:15,San José,3.0,The Strongest,1.0,,Estadio Jesús Bermúdez,Jorge Mancilla,,https://fbref.com/en/matches/766648b9/San-Jose-The-Strongest-October-7-2018-Bolivian-Primera-Division
División de Fútbol Profesional,M,BOL,2018,1st,Torneo Clausura,14,Sun,2018-10-07,17:15,Destroyers,2.0,Sport Boys,3.0,,Estadio Ramón Aguilera Costas,Ivo Mendez,,https://fbref.com/en/matches/ff6da2bf/Destroyers-Sport-Boys-Warnes-October-7-2018-Bolivian-Primera-Division
División de Fútbol Profesional,M,BOL,2018,1st,Torneo Clausura,14,Sun,2018-10-07,19:30,Blooming,0.0,Wilstermann,3.0,,Estadio Ramón Aguilera Costas,Gery Vargas,,https://fbref.com/en/matches/27110d40/Blooming-Jorge-Wilstermann-October-7-2018-Bolivian-Primera-Division
División de Fútbol Profesional,M,BOL,2018,1st,Torneo Clausura,21,Sun,2018-10-14,16:00,San José,3.0,Destroyers,1.0,,Estadio Jesús Bermúdez,Juan Castro,,https://fbref.com/en/matches/6150368c/San-Jose-Destroyers-October-14-2018-Bolivian-Primera-Division
División de Fútbol Profesional,M,BOL,2018,1st,Torneo Clausura,15,Sat,2018-10-20,15:00,Universitario,0.0,Royal Parí,1.0,,Estadio Olímpico Patria,Gaad David Flores,,https://fbref.com/en/matches/b78131a3/Universitario-de-Sucre-Royal-Pari-October-20-2018-Bolivian-Primera-Division
División de Fútbol Profesional,M,BOL,2018,1st,Torneo Clausura,15,Sat,2018-10-20,17:15,The Strongest,6.0,Guabirá,0.0,,Estadio Hernando Siles,Hostin Prado,,https://fbref.com/en/matches/9b52c0f5/The-Strongest-Guabira-October-20-2018-Bolivian-Primera-Division
División de Fútbol Profesional,M,BOL,2018,1st,Torneo Clausura,15,Sun,2018-10-21,15:00,Aurora,0.0,Bolívar,4.0,,Estadio Félix Capriles,Ivo Mendez,,https://fbref.com/en/matches/7078d1af/Aurora-Bolivar-October-21-2018-Bolivian-Primera-Division
División de Fútbol Profesional,M,BOL,2018,1st,Torneo Clausura,15,Sun,2018-10-21,15:00,Nacional Potosí,2.0,Real Potosí,0.0,,Estadio Victor Agustín Ugarte,Jorge Mancilla,,https://fbref.com/en/matches/919cc756/Nacional-Potosi-Real-Potosi-October-21-2018-Bolivian-Primera-Division
División de Fútbol Profesional,M,BOL,2018,1st,Torneo Clausura,15,Sun,2018-10-21,17:15,San José,2.0,Wilstermann,1.0,,Estadio Jesús Bermúdez,José Jordán,,https://fbref.com/en/matches/e9275376/San-Jose-Jorge-Wilstermann-October-21-2018-Bolivian-Primera-Division
División de Fútbol Profesional,M,BOL,2018,1st,Torneo Clausura,15,Sun,2018-10-21,19:30,Sport Boys,0.0,Oriente Petrolero,1.0,,Estadio Samuel Vaca Jimenez,Raúl Orozco,,https://fbref.com/en/matches/0debda79/Sport-Boys-Warnes-Oriente-Petrolero-October-21-2018-Bolivian-Primera-Division
División de Fútbol Profesional,M,BOL,2018,1st,Torneo Clausura,15,Mon,2018-10-22,20:30,Blooming,1.0,Destroyers,0.0,,Estadio Ramón Aguilera Costas,Jorge Antequera,,https://fbref.com/en/matches/dbdd1607/Blooming-Destroyers-October-22-2018-Bolivian-Primera-Division
División de Fútbol Profesional,M,BOL,2018,1st,Torneo Clausura,16,Wed,2018-10-24,15:00,Royal Parí,4.0,Aurora,1.0,,Estadio Edgar Peña Gutierrez,Jorge Luis Justiniano,,https://fbref.com/en/matches/1c87d036/Royal-Pari-Aurora-October-24-2018-Bolivian-Primera-Division
División de Fútbol Profesional,M,BOL,2018,1st,Torneo Clausura,16,Wed,2018-10-24,18:15,Universitario,2.0,Oriente Petrolero,1.0,,Estadio Olímpico Patria,Victor Hurtado,,https://fbref.com/en/matches/1559f432/Universitario-de-Sucre-Oriente-Petrolero-October-24-2018-Bolivian-Primera-Division
División de Fútbol Profesional,M,BOL,2018,1st,Torneo Clausura,16,Wed,2018-10-24,20:00,Bolívar,4.0,San José,2.0,,Estadio Hernando Siles,Juan Garcia,,https://fbref.com/en/matches/a17fd27d/Bolivar-San-Jose-October-24-2018-Bolivian-Primera-Division
División de Fútbol Profesional,M,BOL,2018,1st,Torneo Clausura,16,Wed,2018-10-24,20:30,Real Potosí,3.0,Sport Boys,1.0,,Estadio Victor Agustín Ugarte,Juan Castro,,https://fbref.com/en/matches/598a6c5a/Real-Potosi-Sport-Boys-Warnes-October-24-2018-Bolivian-Primera-Division
División de Fútbol Profesional,M,BOL,2018,1st,Torneo Clausura,16,Wed,2018-10-24,20:30,Wilstermann,3.0,The Strongest,1.0,,Estadio Félix Capriles,Jorge Mancilla,,https://fbref.com/en/matches/7f472504/Jorge-Wilstermann-The-Strongest-October-24-2018-Bolivian-Primera-Division
División de Fútbol Profesional,M,BOL,2018,1st,Torneo Clausura,16,Thu,2018-10-25,15:00,Destroyers,0.0,Nacional Potosí,2.0,,Estadio Edgar Peña Gutierrez,Luis Yrusta,,https://fbref.com/en/matches/133b26be/Destroyers-Nacional-Potosi-October-25-2018-Bolivian-Primera-Division
División de Fútbol Profesional,M,BOL,2018,1st,Torneo Clausura,16,Thu,2018-10-25,20:30,Guabirá,3.0,Blooming,1.0,,Estadio Gilberto Parada,Raúl Orozco,,https://fbref.com/en/matches/18b416b5/Guabira-Blooming-October-25-2018-Bolivian-Primera-Division
División de Fútbol Profesional,M,BOL,2018,1st,Torneo Clausura,17,Sat,2018-10-27,16:00,Royal Parí,4.0,Sport Boys,1.0,,Estadio Ramón Aguilera Costas,Juan Garcia,,https://fbref.com/en/matches/47d4cc70/Royal-Pari-Sport-Boys-Warnes-October-27-2018-Bolivian-Primera-Division
División de Fútbol Profesional,M,BOL,2018,1st,Torneo Clausura,17,Sun,2018-10-28,15:00,Guabirá,4.0,Wilstermann,0.0,,Estadio Gilberto Parada,Luis Yrusta,,https://fbref.com/en/matches/9332ee6f/Guabira-Jorge-Wilstermann-October-28-2018-Bolivian-Primera-Division
División de Fútbol Profesional,M,BOL,2018,1st,Torneo Clausura,17,Sun,2018-10-28,15:00,Aurora,1.0,San José,2.0,,Estadio Félix Capriles,Jorge Antequera,,https://fbref.com/en/matches/d382270a/Aurora-San-Jose-October-28-2018-Bolivian-Primera-Division
División de Fútbol Profesional,M,BOL,2018,1st,Torneo Clausura,17,Sun,2018-10-28,16:00,Bolívar,6.0,Universitario,0.0,,Estadio Hernando Siles,Edson Rios,,https://fbref.com/en/matches/3c0e57d6/Bolivar-Universitario-de-Sucre-October-28-2018-Bolivian-Primera-Division
División de Fútbol Profesional,M,BOL,2018,1st,Torneo Clausura,17,Sun,2018-10-28,17:15,Nacional Potosí,3.0,Oriente Petrolero,0.0,,Estadio Victor Agustín Ugarte,Nelson Barro,,https://fbref.com/en/matches/d63ef3a4/Nacional-Potosi-Oriente-Petrolero-October-28-2018-Bolivian-Primera-Division
División de Fútbol Profesional,M,BOL,2018,1st,Torneo Clausura,17,Sun,2018-10-28,19:30,Destroyers,0.0,The Strongest,1.0,,Estadio Ramón Aguilera Costas,Hostin Prado,,https://fbref.com/en/matches/e92f74a5/Destroyers-The-Strongest-October-28-2018-Bolivian-Primera-Division
División de Fútbol Profesional,M,BOL,2018,1st,Torneo Clausura,17,Mon,2018-10-29,20:00,Real Potosí,1.0,Blooming,1.0,,Estadio Victor Agustín Ugarte,Jordy Aleman,,https://fbref.com/en/matches/aa4b31f7/Real-Potosi-Blooming-October-29-2018-Bolivian-Primera-Division
División de Fútbol Profesional,M,BOL,2018,1st,Torneo Clausura,18,Fri,2018-11-02,16:00,San José,6.0,Guabirá,0.0,,Estadio Jesús Bermúdez,Orlando Quintana,,https://fbref.com/en/matches/3990241f/San-Jose-Guabira-November-2-2018-Bolivian-Primera-Division
División de Fútbol Profesional,M,BOL,2018,1st,Torneo Clausura,18,Sat,2018-11-03,15:00,The Strongest,5.0,Real Potosí,1.0,,Estadio Hernando Siles,Jorge Luis Justiniano,,https://fbref.com/en/matches/b256162c/The-Strongest-Real-Potosi-November-3-2018-Bolivian-Primera-Division
División de Fútbol Profesional,M,BOL,2018,1st,Torneo Clausura,18,Sat,2018-11-03,17:15,Sport Boys,4.0,Bolívar,1.0,,Estadio Samuel Vaca Jimenez,Jorge Mancilla,,https://fbref.com/en/matches/d91a2c38/Sport-Boys-Warnes-Bolivar-November-3-2018-Bolivian-Primera-Division
División de Fútbol Profesional,M,BOL,2018,1st,Torneo Clausura,18,Sat,2018-11-03,19:30,Nacional Potosí,3.0,Royal Parí,1.0,,Estadio Victor Agustín Ugarte,Raúl Orosco,,https://fbref.com/en/matches/6bdffa08/Nacional-Potosi-Royal-Pari-November-3-2018-Bolivian-Primera-Division
División de Fútbol Profesional,M,BOL,2018,1st,Torneo Clausura,18,Sun,2018-11-04,15:00,Universitario,0.0,Aurora,1.0,,Estadio Olímpico Patria,Gery Vargas,,https://fbref.com/en/matches/4facce5c/Universitario-de-Sucre-Aurora-November-4-2018-Bolivian-Primera-Division
División de Fútbol Profesional,M,BOL,2018,1st,Torneo Clausura,18,Sun,2018-11-04,17:15,Wilstermann,2.0,Destroyers,1.0,,Estadio Félix Capriles,Gaad David Flores,,https://fbref.com/en/matches/aeb7682c/Jorge-Wilstermann-Destroyers-November-4-2018-Bolivian-Primera-Division
División de Fútbol Profesional,M,BOL,2018,1st,Torneo Clausura,18,Sun,2018-11-04,19:30,Blooming,2.0,Oriente Petrolero,0.0,,Estadio Ramón Aguilera Costas,Jorge Antequera,,https://fbref.com/en/matches/dfe3a40c/Blooming-Oriente-Petrolero-November-4-2018-Bolivian-Primera-Division
División de Fútbol Profesional,M,BOL,2018,1st,Torneo Clausura,19,Fri,2018-11-09,20:30,Destroyers,1.0,Guabirá,2.0,,Estadio Ramón Aguilera Costas,Victor Hurtado,,https://fbref.com/en/matches/2e5fecc0/Destroyers-Guabira-November-9-2018-Bolivian-Primera-Division
División de Fútbol Profesional,M,BOL,2018,1st,Torneo Clausura,19,Sat,2018-11-10,17:15,Aurora,4.0,Sport Boys,2.0,,Estadio Félix Capriles,Nelson Barro,,https://fbref.com/en/matches/a806ffe6/Aurora-Sport-Boys-Warnes-November-10-2018-Bolivian-Primera-Division
División de Fútbol Profesional,M,BOL,2018,1st,Torneo Clausura,19,Sat,2018-11-10,19:30,Royal Parí,3.0,Blooming,2.0,,Estadio Ramón Aguilera Costas,Ivo Mendez,,https://fbref.com/en/matches/2bb895a2/Royal-Pari-Blooming-November-10-2018-Bolivian-Primera-Division
División de Fútbol Profesional,M,BOL,2018,1st,Torneo Clausura,19,Sun,2018-11-11,15:00,Universitario,0.0,San José,4.0,,Estadio Olímpico Patria,Luis Yrusta,,https://fbref.com/en/matches/504b762e/Universitario-de-Sucre-San-Jose-November-11-2018-Bolivian-Primera-Division
División de Fútbol Profesional,M,BOL,2018,1st,Torneo Clausura,19,Sun,2018-11-11,16:00,Bolívar,2.0,Nacional Potosí,0.0,,Estadio Hernando Siles,Juan Garcia,,https://fbref.com/en/matches/0a8683f8/Bolivar-Nacional-Potosi-November-11-2018-Bolivian-Primera-Division
División de Fútbol Profesional,M,BOL,2018,1st,Torneo Clausura,19,Sun,2018-11-11,17:15,Real Potosí,0.0,Wilstermann,2.0,,Estadio Victor Agustín Ugarte,Jorge Mancilla,,https://fbref.com/en/matches/281bb10d/Real-Potosi-Jorge-Wilstermann-November-11-2018-Bolivian-Primera-Division
División de Fútbol Profesional,M,BOL,2018,1st,Torneo Clausura,19,Sun,2018-11-11,19:30,Oriente Petrolero,2.0,The Strongest,1.0,,Estadio Ramón Aguilera Costas,Gery Vargas,,https://fbref.com/en/matches/cb35f137/Oriente-Petrolero-The-Strongest-November-11-2018-Bolivian-Primera-Division
División de Fútbol Profesional,M,BOL,2018,1st,Torneo Clausura,23,Thu,2018-11-15,20:00,Bolívar,3.0,Guabirá,0.0,,Estadio Hernando Siles,Nelson Barro,,https://fbref.com/en/matches/d05a1f71/Bolivar-Guabira-November-15-2018-Bolivian-Primera-Division
División de Fútbol Profesional,M,BOL,2018,1st,Torneo Clausura,23,Sat,2018-11-17,16:00,Royal Parí,1.0,Destroyers,1.0,,Estadio Ramón Aguilera Costas,Juan Garcia,,https://fbref.com/en/matches/68d881c9/Royal-Pari-Destroyers-November-17-2018-Bolivian-Primera-Division
División de Fútbol Profesional,M,BOL,2018,1st,Torneo Clausura,22,Sun,2018-11-18,15:00,San José,2.0,Real Potosí,1.0,,Estadio Jesús Bermúdez,Jorge Luis Justiniano,,https://fbref.com/en/matches/ac1fd458/San-Jose-Real-Potosi-November-18-2018-Bolivian-Primera-Division
División de Fútbol Profesional,M,BOL,2018,1st,Torneo Clausura,23,Sun,2018-11-18,17:15,Aurora,2.0,Wilstermann,0.0,,Estadio Félix Capriles,Hostin Prado,,https://fbref.com/en/matches/8142fe92/Aurora-Jorge-Wilstermann-November-18-2018-Bolivian-Primera-Division
División de Fútbol Profesional,M,BOL,2018,1st,Torneo Clausura,20,Sat,2018-11-24,15:00,Sport Boys,3.0,San José,0.0,,Estadio Samuel Vaca Jimenez,Jorge Mancilla,,https://fbref.com/en/matches/9cd70104/Sport-Boys-Warnes-San-Jose-November-24-2018-Bolivian-Primera-Division
División de Fútbol Profesional,M,BOL,2018,1st,Torneo Clausura,20,Sat,2018-11-24,18:00,Real Potosí,3.0,Destroyers,2.0,,Estadio Victor Agustín Ugarte,Luis Yrusta,,https://fbref.com/en/matches/04c1530e/Real-Potosi-Destroyers-November-24-2018-Bolivian-Primera-Division
División de Fútbol Profesional,M,BOL,2018,1st,Torneo Clausura,20,Sat,2018-11-24,19:30,Royal Parí,2.0,Wilstermann,2.0,,Estadio Ramón Aguilera Costas,Gery Vargas,,https://fbref.com/en/matches/7539d3f8/Royal-Pari-Jorge-Wilstermann-November-24-2018-Bolivian-Primera-Division
División de Fútbol Profesional,M,BOL,2018,1st,Torneo Clausura,20,Sun,2018-11-25,15:00,Universitario,2.0,Nacional Potosí,1.0,,Estadio Olímpico Patria,Juan Castro,,https://fbref.com/en/matches/d405b93e/Universitario-de-Sucre-Nacional-Potosi-November-25-2018-Bolivian-Primera-Division
División de Fútbol Profesional,M,BOL,2018,1st,Torneo Clausura,20,Sun,2018-11-25,16:00,Bolívar,1.0,The Strongest,1.0,,Estadio Hernando Siles,Ivo Mendez,,https://fbref.com/en/matches/eb7586df/Bolivar-The-Strongest-November-25-2018-Bolivian-Primera-Division
División de Fútbol Profesional,M,BOL,2018,1st,Torneo Clausura,20,Sun,2018-11-25,17:15,Aurora,0.0,Blooming,0.0,,Estadio Félix Capriles,Orlando Quintana,,https://fbref.com/en/matches/99f1b7a9/Aurora-Blooming-November-25-2018-Bolivian-Primera-Division
División de Fútbol Profesional,M,BOL,2018,1st,Torneo Clausura,20,Sun,2018-11-25,19:30,Oriente Petrolero,0.0,Guabirá,0.0,,Estadio Ramón Aguilera Costas,Raúl Orosco,,https://fbref.com/en/matches/fbeba2f5/Oriente-Petrolero-Guabira-November-25-2018-Bolivian-Primera-Division
División de Fútbol Profesional,M,BOL,2018,1st,Torneo Clausura,21,Wed,2018-11-28,16:00,Sport Boys,2.0,Universitario,1.0,,Estadio Samuel Vaca Jimenez,Hostin Prado,,https://fbref.com/en/matches/a136e03c/Sport-Boys-Warnes-Universitario-de-Sucre-November-28-2018-Bolivian-Primera-Division
División de Fútbol Profesional,M,BOL,2018,1st,Torneo Clausura,21,Wed,2018-11-28,18:15,The Strongest,3.0,Royal Parí,1.0,,Estadio Hernando Siles,Raúl Orosco,,https://fbref.com/en/matches/b59b9ffe/The-Strongest-Royal-Pari-November-28-2018-Bolivian-Primera-Division
División de Fútbol Profesional,M,BOL,2018,1st,Torneo Clausura,21,Wed,2018-11-28,20:30,Guabirá,2.0,Real Potosí,2.0,,Estadio Gilberto Parada,Juan Castro,,https://fbref.com/en/matches/a6c98a08/Guabira-Real-Potosi-November-28-2018-Bolivian-Primera-Division
División de Fútbol Profesional,M,BOL,2018,1st,Torneo Clausura,21,Wed,2018-11-28,20:30,Wilstermann,1.0,Oriente Petrolero,2.0,,Estadio Félix Capriles,Luis Yrusta,,https://fbref.com/en/matches/fb62c0fa/Jorge-Wilstermann-Oriente-Petrolero-November-28-2018-Bolivian-Primera-Division
División de Fútbol Profesional,M,BOL,2018,1st,Torneo Clausura,21,Thu,2018-11-29,18:15,Nacional Potosí,2.0,Aurora,1.0,,Estadio Victor Agustín Ugarte,Jorge Luis Justiniano,,https://fbref.com/en/matches/d04edd85/Nacional-Potosi-Aurora-November-29-2018-Bolivian-Primera-Division
División de Fútbol Profesional,M,BOL,2018,1st,Torneo Clausura,21,Thu,2018-11-29,20:30,Blooming,3.0,Bolívar,2.0,,Estadio Ramón Aguilera Costas,Jorge Mancilla,,https://fbref.com/en/matches/a2e5f649/Blooming-Bolivar-November-29-2018-Bolivian-Primera-Division
División de Fútbol Profesional,M,BOL,2018,1st,Torneo Clausura,22,Sat,2018-12-01,19:30,Guabirá,1.0,Royal Parí,2.0,,Estadio Gilberto Parada,Jorge Antequera,,https://fbref.com/en/matches/82407818/Guabira-Royal-Pari-December-1-2018-Bolivian-Primera-Division
División de Fútbol Profesional,M,BOL,2018,1st,Torneo Clausura,22,Sun,2018-12-02,17:15,Nacional Potosí,1.0,Sport Boys,1.0,,Estadio Victor Agustín Ugarte,Raúl Orosco,,https://fbref.com/en/matches/46c275a0/Nacional-Potosi-Sport-Boys-Warnes-December-2-2018-Bolivian-Primera-Division
División de Fútbol Profesional,M,BOL,2018,1st,Torneo Clausura,22,Sun,2018-12-02,17:15,The Strongest,0.0,Aurora,1.0,,Estadio Hernando Siles,Nelson Barro,,https://fbref.com/en/matches/cbce612a/The-Strongest-Aurora-December-2-2018-Bolivian-Primera-Division
División de Fútbol Profesional,M,BOL,2018,1st,Torneo Clausura,22,Sun,2018-12-02,19:30,Wilstermann,3.0,Bolívar,1.0,,Estadio Municipal de Sacaba,Juan Garcia,,https://fbref.com/en/matches/2ddb0391/Jorge-Wilstermann-Bolivar-December-2-2018-Bolivian-Primera-Division
División de Fútbol Profesional,M,BOL,2018,1st,Torneo Clausura,22,Sun,2018-12-02,19:30,Blooming,7.0,Universitario,1.0,,Estadio Ramón Aguilera Costas,Luis Yrusta,,https://fbref.com/en/matches/49159d92/Blooming-Universitario-de-Sucre-December-2-2018-Bolivian-Primera-Division
División de Fútbol Profesional,M,BOL,2018,1st,Torneo Clausura,22,Mon,2018-12-03,20:00,Destroyers,0.0,Oriente Petrolero,0.0,,Estadio Ramón Aguilera Costas,Jorge Mancilla,,https://fbref.com/en/matches/a16cff31/Destroyers-Oriente-Petrolero-December-3-2018-Bolivian-Primera-Division
División de Fútbol Profesional,M,BOL,2018,1st,Torneo Clausura,23,Wed,2018-12-05,18:15,Sport Boys,1.0,Blooming,0.0,,Estadio Samuel Vaca Jimenez,Jorge Antequera,,https://fbref.com/en/matches/cf41ffee/Sport-Boys-Warnes-Blooming-December-5-2018-Bolivian-Primera-Division
División de Fútbol Profesional,M,BOL,2018,1st,Torneo Clausura,23,Wed,2018-12-05,20:30,Universitario,2.0,The Strongest,1.0,,Estadio Olímpico Patria,Raúl Orosco,,https://fbref.com/en/matches/66d16aba/Universitario-de-Sucre-The-Strongest-December-5-2018-Bolivian-Primera-Division
División de Fútbol Profesional,M,BOL,2018,1st,Torneo Clausura,23,Thu,2018-12-06,20:30,Nacional Potosí,2.0,San José,5.0,,Estadio Victor Agustín Ugarte,Jorge Mancilla,,https://fbref.com/en/matches/390fa76c/Nacional-Potosi-San-Jose-December-6-2018-Bolivian-Primera-Division
División de Fútbol Profesional,M,BOL,2018,1st,Torneo Clausura,23,Thu,2018-12-06,20:30,Oriente Petrolero,7.0,Real Potosí,2.0,,Estadio Ramón Aguilera Costas,Luis Yrusta,,https://fbref.com/en/matches/aab8cbd8/Oriente-Petrolero-Real-Potosi-December-6-2018-Bolivian-Primera-Division
División de Fútbol Profesional,M,BOL,2018,1st,Torneo Clausura,24,Sat,2018-12-08,15:00,The Strongest,6.0,Sport Boys,0.0,,Estadio Hernando Siles,José Jordán,,https://fbref.com/en/matches/6071695e/The-Strongest-Sport-Boys-Warnes-December-8-2018-Bolivian-Primera-Division
División de Fútbol Profesional,M,BOL,2018,1st,Torneo Clausura,24,Sat,2018-12-08,17:15,Wilstermann,2.0,Universitario,0.0,,Estadio Félix Capriles,Jorge Antequera,,https://fbref.com/en/matches/c180291c/Jorge-Wilstermann-Universitario-de-Sucre-December-8-2018-Bolivian-Primera-Division
División de Fútbol Profesional,M,BOL,2018,1st,Torneo Clausura,24,Sun,2018-12-09,15:00,Real Potosí,1.0,Royal Parí,2.0,,Estadio Victor Agustín Ugarte,Hostin Prado,,https://fbref.com/en/matches/ce90bcbb/Real-Potosi-Royal-Pari-December-9-2018-Bolivian-Primera-Division
División de Fútbol Profesional,M,BOL,2018,1st,Torneo Clausura,24,Sun,2018-12-09,17:15,San José,5.0,Oriente Petrolero,0.0,,Estadio Jesús Bermúdez,Edson Rios,,https://fbref.com/en/matches/7b781a34/San-Jose-Oriente-Petrolero-December-9-2018-Bolivian-Primera-Division
División de Fútbol Profesional,M,BOL,2018,1st,Torneo Clausura,24,Sun,2018-12-09,19:30,Destroyers,0.0,Bolívar,2.0,,Estadio Ramón Aguilera Costas,Gery Vargas,,https://fbref.com/en/matches/b5b4cf5f/Destroyers-Bolivar-December-9-2018-Bolivian-Primera-Division
División de Fútbol Profesional,M,BOL,2018,1st,Torneo Clausura,24,Sun,2018-12-09,19:30,Guabirá,3.0,Aurora,0.0,,Estadio Gilberto Parada,Jorge Mancilla,,https://fbref.com/en/matches/ef2d6006/Guabira-Aurora-December-9-2018-Bolivian-Primera-Division
División de Fútbol Profesional,M,BOL,2018,1st,Torneo Clausura,24,Mon,2018-12-10,20:30,Blooming,3.0,Nacional Potosí,1.0,,Estadio Ramón Aguilera Costas,Luis Yrusta,,https://fbref.com/en/matches/c34bc2ce/Blooming-Nacional-Potosi-December-10-2018-Bolivian-Primera-Division
División de Fútbol Profesional,M,BOL,2018,1st,Torneo Clausura,25,Sun,2018-12-16,16:00,Nacional Potosí,2.0,The Strongest,3.0,,Estadio Victor Agustín Ugarte,Jorge Antequera,,https://fbref.com/en/matches/295cdb78/Nacional-Potosi-The-Strongest-December-16-2018-Bolivian-Primera-Division
División de Fútbol Profesional,M,BOL,2018,1st,Torneo Clausura,25,Sun,2018-12-16,16:00,Bolívar,8.0,Real Potosí,0.0,,Estadio Hernando Siles,Hostin Prado,,https://fbref.com/en/matches/41852903/Bolivar-Real-Potosi-December-16-2018-Bolivian-Primera-Division
División de Fútbol Profesional,M,BOL,2018,1st,Torneo Clausura,25,Sun,2018-12-16,16:00,Blooming,1.0,San José,3.0,,Estadio Ramón Aguilera Costas,Raúl Orosco,,https://fbref.com/en/matches/6abdf45f/Blooming-San-Jose-December-16-2018-Bolivian-Primera-Division
División de Fútbol Profesional,M,BOL,2018,1st,Torneo Clausura,25,Sun,2018-12-16,16:00,Sport Boys,2.0,Wilstermann,1.0,,Estadio Samuel Vaca Jimenez,Jorge Mancilla,,https://fbref.com/en/matches/82ad57e9/Sport-Boys-Warnes-Jorge-Wilstermann-December-16-2018-Bolivian-Primera-Division
División de Fútbol Profesional,M,BOL,2018,1st,Torneo Clausura,25,Sun,2018-12-16,16:00,Aurora,5.0,Destroyers,0.0,,Estadio Félix Capriles,Luis Yrusta,,https://fbref.com/en/matches/b66437c7/Aurora-Destroyers-December-16-2018-Bolivian-Primera-Division
División de Fútbol Profesional,M,BOL,2018,1st,Torneo Clausura,25,Sun,2018-12-16,16:00,Royal Parí,1.0,Oriente Petrolero,0.0,,Estadio Ramón Aguilera Costas,Ivo Mendez,,https://fbref.com/en/matches/c23d4920/Royal-Pari-Oriente-Petrolero-December-16-2018-Bolivian-Primera-Division
División de Fútbol Profesional,M,BOL,2018,1st,Torneo Clausura,25,Sun,2018-12-16,16:00,Universitario,2.0,Guabirá,1.0,,Estadio Olímpico Patria,Gery Vargas,,https://fbref.com/en/matches/e9f4232c/Universitario-de-Sucre-Guabira-December-16-2018-Bolivian-Primera-Division
División de Fútbol Profesional,M,BOL,2018,1st,Torneo Clausura,26,Wed,2018-12-19,15:00,Destroyers,1.0,Universitario,1.0,,Estadio Ramón Aguilera Costas,Raúl Orosco,,https://fbref.com/en/matches/275fe75e/Destroyers-Universitario-de-Sucre-December-19-2018-Bolivian-Primera-Division
División de Fútbol Profesional,M,BOL,2018,1st,Torneo Clausura,26,Wed,2018-12-19,15:00,Real Potosí,1.0,Aurora,0.0,,Estadio Victor Agustín Ugarte,Juan Gonzalo Irusta,,https://fbref.com/en/matches/fc9ed1d8/Real-Potosi-Aurora-December-19-2018-Bolivian-Primera-Division
División de Fútbol Profesional,M,BOL,2018,1st,Torneo Clausura,26,Wed,2018-12-19,20:00,Oriente Petrolero,2.0,Bolívar,1.0,,Estadio Ramón Aguilera Costas,José Jordán,,https://fbref.com/en/matches/316b2586/Oriente-Petrolero-Bolivar-December-19-2018-Bolivian-Primera-Division
División de Fútbol Profesional,M,BOL,2018,1st,Torneo Clausura,26,Wed,2018-12-19,20:00,Guabirá,2.0,Sport Boys,3.0,,Estadio Gilberto Parada,Jorge Antequera,,https://fbref.com/en/matches/4a20d816/Guabira-Sport-Boys-Warnes-December-19-2018-Bolivian-Primera-Division
División de Fútbol Profesional,M,BOL,2018,1st,Torneo Clausura,26,Wed,2018-12-19,20:00,San José,1.0,Royal Parí,1.0,,Estadio Jesús Bermúdez,Jorge Mancilla,,https://fbref.com/en/matches/eed785d5/San-Jose-Royal-Pari-December-19-2018-Bolivian-Primera-Division
División de Fútbol Profesional,M,BOL,2018,1st,Torneo Clausura,26,Wed,2018-12-19,20:00,Wilstermann,2.0,Nacional Potosí,2.0,,Estadio Félix Capriles,Gaad David Flores,,https://fbref.com/en/matches/f03a66b4/Jorge-Wilstermann-Nacional-Potosi-December-19-2018-Bolivian-Primera-Division
División de Fútbol Profesional,M,BOL,2018,1st,Torneo Clausura,26,Wed,2018-12-19,20:00,The Strongest,8.0,Blooming,0.0,,Estadio Hernando Siles,Carlos Garcia,,https://fbref.com/en/matches/f96ea9b4/The-Strongest-Blooming-December-19-2018-Bolivian-Primera-Division
División de Fútbol Profesional,M,BOL,2018,1st,Bolivian 1/2 Relegation/Promotion Play-off,,Sun,2018-12-23,15:30,Avilés Industrial,1.0,Destroyers,2.0,,Estadio IV Centenario,Luis Yrusta,Leg 1 of 2,https://fbref.com/en/matches/c2943c35/Aviles-Industrial-Destroyers-December-23-2018-Bolivian-12-RelegationPromotion-Play-offs
División de Fútbol Profesional,M,BOL,2018,1st,Bolivian 1/2 Relegation/Promotion Play-off,,Wed,2018-12-26,20:30,Destroyers,2.0,Avilés Industrial,0.0,,Estadio Ramón Aguilera Costas,,Leg 2 of 2; Destroyers won,https://fbref.com/en/matches/e655f1c8/Destroyers-Aviles-Industrial-December-26-2018-Bolivian-12-RelegationPromotion-Play-offs
División de Fútbol Profesional,M,BOL,2019,1st,Torneo Apertura,1,Sat,2019-01-19,15:00,Sport Boys,1.0,Always Ready,1.0,,Estadio Samuel Vaca Jimenez,Nelson Barro,,https://fbref.com/en/matches/795494c0/Sport-Boys-Warnes-Always-Ready-January-19-2019-Bolivian-Primera-Division
División de Fútbol Profesional,M,BOL,2019,1st,Torneo Apertura,1,Sat,2019-01-19,17:15,Real Potosí,3.0,Guabirá,1.0,,Estadio Victor Agustín Ugarte,Raúl Orosco,,https://fbref.com/en/matches/70f3c5a4/Real-Potosi-Guabira-January-19-2019-Bolivian-Primera-Division
División de Fútbol Profesional,M,BOL,2019,1st,Torneo Apertura,1,Sat,2019-01-19,19:30,The Strongest,2.0,Aurora,1.0,,Estadio Hernando Siles,José Jordán,,https://fbref.com/en/matches/55705336/The-Strongest-Aurora-January-19-2019-Bolivian-Primera-Division
División de Fútbol Profesional,M,BOL,2019,1st,Torneo Apertura,1,Sun,2019-01-20,15:00,Destroyers,1.0,Blooming,0.0,,Estadio Ramón Aguilera Costas,Ivo Méndez,,https://fbref.com/en/matches/73e48be0/Destroyers-Blooming-January-20-2019-Bolivian-Primera-Division
División de Fútbol Profesional,M,BOL,2019,1st,Torneo Apertura,1,Sun,2019-01-20,17:15,Wilstermann,0.0,Bolívar,2.0,,Estadio Félix Capriles,Jorge Mancilla,,https://fbref.com/en/matches/88b991e5/Jorge-Wilstermann-Bolivar-January-20-2019-Bolivian-Primera-Division
División de Fútbol Profesional,M,BOL,2019,1st,Torneo Apertura,1,Sun,2019-01-20,17:15,San José,2.0,Nacional Potosí,2.0,,Estadio Jesús Bermúdez,Luis Yrusta,,https://fbref.com/en/matches/dbd35729/San-Jose-Nacional-Potosi-January-20-2019-Bolivian-Primera-Division
División de Fútbol Profesional,M,BOL,2019,1st,Torneo Apertura,1,Sun,2019-01-20,19:30,Oriente Petrolero,1.0,Royal Parí,1.0,,Estadio Ramón Aguilera Costas,Juan Nelio García,,https://fbref.com/en/matches/1789009a/Oriente-Petrolero-Royal-Pari-January-20-2019-Bolivian-Primera-Division
División de Fútbol Profesional,M,BOL,2019,1st,Torneo Apertura,2,Sat,2019-01-26,15:00,Always Ready,2.0,Wilstermann,2.0,,Estadio Municipal El Alto,Rafael Subirana,,https://fbref.com/en/matches/6e36b55a/Always-Ready-Jorge-Wilstermann-January-26-2019-Bolivian-Primera-Division
División de Fútbol Profesional,M,BOL,2019,1st,Torneo Apertura,2,Sat,2019-01-26,15:00,Guabirá,0.0,Nacional Potosí,0.0,,Estadio Gilberto Parada,Gaad David Flores,,https://fbref.com/en/matches/836dbd3e/Guabira-Nacional-Potosi-January-26-2019-Bolivian-Primera-Division
División de Fútbol Profesional,M,BOL,2019,1st,Torneo Apertura,2,Sat,2019-01-26,17:15,Royal Parí,5.0,The Strongest,0.0,,Estadio Ramón Aguilera Costas,Edson Rios,,https://fbref.com/en/matches/5a773e4e/Royal-Pari-The-Strongest-January-26-2019-Bolivian-Primera-Division
División de Fútbol Profesional,M,BOL,2019,1st,Torneo Apertura,2,Sat,2019-01-26,20:00,Bolívar,2.0,Destroyers,0.0,,Estadio Hernando Siles,Victor Hurtado,,https://fbref.com/en/matches/65dee424/Bolivar-Destroyers-January-26-2019-Bolivian-Primera-Division
División de Fútbol Profesional,M,BOL,2019,1st,Torneo Apertura,2,Sun,2019-01-27,15:00,Real Potosí,1.0,Oriente Petrolero,1.0,,Estadio Victor Agustín Ugarte,Fernando Toledo,,https://fbref.com/en/matches/a24189f3/Real-Potosi-Oriente-Petrolero-January-27-2019-Bolivian-Primera-Division
División de Fútbol Profesional,M,BOL,2019,1st,Torneo Apertura,2,Sun,2019-01-27,17:15,Aurora,0.0,Sport Boys,2.0,,Estadio Félix Capriles,Jordy Aleman,,https://fbref.com/en/matches/afe0cd8c/Aurora-Sport-Boys-Warnes-January-27-2019-Bolivian-Primera-Division
División de Fútbol Profesional,M,BOL,2019,1st,Torneo Apertura,2,Sun,2019-01-27,19:30,Blooming,5.0,San José,1.0,,Estadio Ramón Aguilera Costas,Orlando Quintana,,https://fbref.com/en/matches/65f57cfe/Blooming-San-Jose-January-27-2019-Bolivian-Primera-Division
División de Fútbol Profesional,M,BOL,2019,1st,Torneo Apertura,3,Tue,2019-01-29,20:30,Destroyers,2.0,Always Ready,0.0,,Estadio Ramón Aguilera Costas,Nelson Barro,,https://fbref.com/en/matches/26ba72c8/Destroyers-Always-Ready-January-29-2019-Bolivian-Primera-Division
División de Fútbol Profesional,M,BOL,2019,1st,Torneo Apertura,3,Wed,2019-01-30,16:00,Sport Boys,2.0,Royal Parí,2.0,,Estadio Samuel Vaca Jimenez,Hostin Prado,,https://fbref.com/en/matches/e65f1b14/Sport-Boys-Warnes-Royal-Pari-January-30-2019-Bolivian-Primera-Division
División de Fútbol Profesional,M,BOL,2019,1st,Torneo Apertura,3,Wed,2019-01-30,18:45,The Strongest,4.0,Real Potosí,1.0,,Estadio Hernando Siles,Mipo Odubeko,,https://fbref.com/en/matches/2b4ddfaf/The-Strongest-Real-Potosi-January-30-2019-Bolivian-Primera-Division
División de Fútbol Profesional,M,BOL,2019,1st,Torneo Apertura,3,Wed,2019-01-30,20:30,Oriente Petrolero,1.0,Guabirá,1.0,,Estadio Ramón Aguilera Costas,Juan Nelio García,,https://fbref.com/en/matches/4abfe905/Oriente-Petrolero-Guabira-January-30-2019-Bolivian-Primera-Division
División de Fútbol Profesional,M,BOL,2019,1st,Torneo Apertura,3,Wed,2019-01-30,20:30,Wilstermann,2.0,Aurora,1.0,,Estadio Félix Capriles,Victor Hurtado,,https://fbref.com/en/matches/fc0d6c22/Jorge-Wilstermann-Aurora-January-30-2019-Bolivian-Primera-Division
División de Fútbol Profesional,M,BOL,2019,1st,Torneo Apertura,3,Thu,2019-01-31,20:30,Nacional Potosí,2.0,Blooming,0.0,,Estadio Victor Agustín Ugarte,Luis Yrusta,,https://fbref.com/en/matches/6afd1439/Nacional-Potosi-Blooming-January-31-2019-Bolivian-Primera-Division
División de Fútbol Profesional,M,BOL,2019,1st,Torneo Apertura,4,Sat,2019-02-02,15:00,Royal Parí,2.0,Wilstermann,3.0,,Estadio Ramón Aguilera Costas,Luis Yrusta,,https://fbref.com/en/matches/5ce77111/Royal-Pari-Jorge-Wilstermann-February-2-2019-Bolivian-Primera-Division
División de Fútbol Profesional,M,BOL,2019,1st,Torneo Apertura,4,Sat,2019-02-02,17:15,Aurora,2.0,Destroyers,0.0,,Estadio Félix Capriles,Javier Revollo,,https://fbref.com/en/matches/1e7aa499/Aurora-Destroyers-February-2-2019-Bolivian-Primera-Division
División de Fútbol Profesional,M,BOL,2019,1st,Torneo Apertura,4,Sat,2019-02-02,20:00,Oriente Petrolero,2.0,The Strongest,1.0,,Estadio Ramón Aguilera Costas,José Jordán,,https://fbref.com/en/matches/afa091cd/Oriente-Petrolero-The-Strongest-February-2-2019-Bolivian-Primera-Division
División de Fútbol Profesional,M,BOL,2019,1st,Torneo Apertura,4,Sun,2019-02-03,15:00,Always Ready,3.0,San José,3.0,,Estadio Municipal El Alto,Hostin Prado,,https://fbref.com/en/matches/45b5b6ea/Always-Ready-San-Jose-February-3-2019-Bolivian-Primera-Division
División de Fútbol Profesional,M,BOL,2019,1st,Torneo Apertura,4,Sun,2019-02-03,15:00,Real Potosí,2.0,Sport Boys,1.0,,Estadio Victor Agustín Ugarte,Gustavo Vera,,https://fbref.com/en/matches/52fdcd74/Real-Potosi-Sport-Boys-Warnes-February-3-2019-Bolivian-Primera-Division
División de Fútbol Profesional,M,BOL,2019,1st,Torneo Apertura,4,Sun,2019-02-03,16:00,Bolívar,1.0,Nacional Potosí,1.0,,Estadio Hernando Siles,Nelson Barro,,https://fbref.com/en/matches/20264e8d/Bolivar-Nacional-Potosi-February-3-2019-Bolivian-Primera-Division
División de Fútbol Profesional,M,BOL,2019,1st,Torneo Apertura,4,Sun,2019-02-03,17:15,Guabirá,2.0,Blooming,2.0,,Estadio Gilberto Parada,Rafael Subirana,,https://fbref.com/en/matches/267c1b97/Guabira-Blooming-February-3-2019-Bolivian-Primera-Division
División de Fútbol Profesional,M,BOL,2019,1st,Torneo Apertura,5,Tue,2019-02-05,20:30,Destroyers,0.0,Royal Parí,0.0,,Estadio Ramón Aguilera Costas,Carlos Arteaga,,https://fbref.com/en/matches/933acd7f/Destroyers-Royal-Pari-February-5-2019-Bolivian-Primera-Division
División de Fútbol Profesional,M,BOL,2019,1st,Torneo Apertura,5,Wed,2019-02-06,18:15,Sport Boys,2.0,Oriente Petrolero,1.0,,Estadio Samuel Vaca Jimenez,Juan Nelio García,,https://fbref.com/en/matches/2bbf6a96/Sport-Boys-Warnes-Oriente-Petrolero-February-6-2019-Bolivian-Primera-Division
División de Fútbol Profesional,M,BOL,2019,1st,Torneo Apertura,5,Wed,2019-02-06,20:30,Blooming,2.0,Bolívar,1.0,,Estadio Ramón Aguilera Costas,Raúl Orosco,,https://fbref.com/en/matches/0b10d5bd/Blooming-Bolivar-February-6-2019-Bolivian-Primera-Division
División de Fútbol Profesional,M,BOL,2019,1st,Torneo Apertura,5,Wed,2019-02-06,20:30,San José,3.0,Aurora,0.0,,Estadio Jesús Bermúdez,Edson Rios,,https://fbref.com/en/matches/3dc4fd45/San-Jose-Aurora-February-6-2019-Bolivian-Primera-Division
División de Fútbol Profesional,M,BOL,2019,1st,Torneo Apertura,5,Thu,2019-02-07,18:15,Wilstermann,5.0,Real Potosí,0.0,,Estadio Félix Capriles,Joaquin Verastegui,,https://fbref.com/en/matches/b5365d9f/Jorge-Wilstermann-Real-Potosi-February-7-2019-Bolivian-Primera-Division
División de Fútbol Profesional,M,BOL,2019,1st,Torneo Apertura,5,Thu,2019-02-07,20:30,Nacional Potosí,3.0,Always Ready,1.0,,Estadio Victor Agustín Ugarte,Carlos Garcia,,https://fbref.com/en/matches/babb4eb8/Nacional-Potosi-Always-Ready-February-7-2019-Bolivian-Primera-Division
División de Fútbol Profesional,M,BOL,2019,1st,Torneo Apertura,6,Sat,2019-02-09,15:00,Guabirá,0.0,Bolívar,1.0,,Estadio Gilberto Parada,Nelson Barro,,https://fbref.com/en/matches/1593194e/Guabira-Bolivar-February-9-2019-Bolivian-Primera-Division
División de Fútbol Profesional,M,BOL,2019,1st,Torneo Apertura,6,Sat,2019-02-09,17:15,Royal Parí,0.0,San José,1.0,,Estadio Ramón Aguilera Costas,Mipo Odubeko,,https://fbref.com/en/matches/155a8da3/Royal-Pari-San-Jose-February-9-2019-Bolivian-Primera-Division
División de Fútbol Profesional,M,BOL,2019,1st,Torneo Apertura,6,Sat,2019-02-09,19:30,The Strongest,5.0,Sport Boys,0.0,,Estadio Hernando Siles,Fernando Toledo,,https://fbref.com/en/matches/76ce62ee/The-Strongest-Sport-Boys-Warnes-February-9-2019-Bolivian-Primera-Division
División de Fútbol Profesional,M,BOL,2019,1st,Torneo Apertura,6,Sun,2019-02-10,15:00,Always Ready,3.0,Blooming,0.0,,Estadio Municipal El Alto,Victor Hurtado,,https://fbref.com/en/matches/53009a35/Always-Ready-Blooming-February-10-2019-Bolivian-Primera-Division
División de Fútbol Profesional,M,BOL,2019,1st,Torneo Apertura,6,Sun,2019-02-10,17:15,Oriente Petrolero,2.0,Wilstermann,0.0,,Estadio Ramón Aguilera Costas,Orlando Quintana,,https://fbref.com/en/matches/73548fb5/Oriente-Petrolero-Jorge-Wilstermann-February-10-2019-Bolivian-Primera-Division
División de Fútbol Profesional,M,BOL,2019,1st,Torneo Apertura,6,Sun,2019-02-10,17:15,Aurora,0.0,Nacional Potosí,0.0,,Estadio Félix Capriles,Rafael Subirana,,https://fbref.com/en/matches/e7f9dd9c/Aurora-Nacional-Potosi-February-10-2019-Bolivian-Primera-Division
División de Fútbol Profesional,M,BOL,2019,1st,Torneo Apertura,6,Mon,2019-02-11,19:00,Real Potosí,3.0,Destroyers,2.0,,Estadio Victor Agustín Ugarte,Gaad David Flores,,https://fbref.com/en/matches/ea95d680/Real-Potosi-Destroyers-February-11-2019-Bolivian-Primera-Division
División de Fútbol Profesional,M,BOL,2019,1st,Torneo Apertura,3,Wed,2019-02-13,20:00,San José,4.0,Bolívar,4.0,,Estadio Jesús Bermúdez,Hostin Prado,,https://fbref.com/en/matches/6f57de3c/San-Jose-Bolivar-February-13-2019-Bolivian-Primera-Division
División de Fútbol Profesional,M,BOL,2019,1st,Torneo Apertura,7,Sat,2019-02-16,15:00,Blooming,1.0,Aurora,0.0,,Estadio Ramón Aguilera Costas,Guildo Quenta,,https://fbref.com/en/matches/f3bd058e/Blooming-Aurora-February-16-2019-Bolivian-Primera-Division
División de Fútbol Profesional,M,BOL,2019,1st,Torneo Apertura,7,Sat,2019-02-16,16:00,Bolívar,2.0,Always Ready,1.0,,Estadio Hernando Siles,José Jordán,,https://fbref.com/en/matches/0c1bd9f6/Bolivar-Always-Ready-February-16-2019-Bolivian-Primera-Division
División de Fútbol Profesional,M,BOL,2019,1st,Torneo Apertura,7,Sat,2019-02-16,17:15,Sport Boys,2.0,Guabirá,2.0,,Estadio Samuel Vaca Jimenez,Raúl Orosco,,https://fbref.com/en/matches/f6aaacf4/Sport-Boys-Warnes-Guabira-February-16-2019-Bolivian-Primera-Division
División de Fútbol Profesional,M,BOL,2019,1st,Torneo Apertura,7,Sun,2019-02-17,15:00,Nacional Potosí,4.0,Royal Parí,1.0,,Estadio Victor Agustín Ugarte,Angel Flores,,https://fbref.com/en/matches/79ccb7c8/Nacional-Potosi-Royal-Pari-February-17-2019-Bolivian-Primera-Division
División de Fútbol Profesional,M,BOL,2019,1st,Torneo Apertura,7,Sun,2019-02-17,15:00,San José,2.0,Real Potosí,2.0,,Estadio Jesús Bermúdez,Carlos Garcia,,https://fbref.com/en/matches/b229efa2/San-Jose-Real-Potosi-February-17-2019-Bolivian-Primera-Division
División de Fútbol Profesional,M,BOL,2019,1st,Torneo Apertura,7,Sun,2019-02-17,17:15,Wilstermann,0.0,The Strongest,1.0,,Estadio Félix Capriles,Ivo Méndez,,https://fbref.com/en/matches/fda8649e/Jorge-Wilstermann-The-Strongest-February-17-2019-Bolivian-Primera-Division
División de Fútbol Profesional,M,BOL,2019,1st,Torneo Apertura,7,Sun,2019-02-17,19:30,Destroyers,0.0,Oriente Petrolero,0.0,,Estadio Ramón Aguilera Costas,Rafael Subirana,,https://fbref.com/en/matches/0b65f264/Destroyers-Oriente-Petrolero-February-17-2019-Bolivian-Primera-Division
División de Fútbol Profesional,M,BOL,2019,1st,Torneo Apertura,8,Wed,2019-02-20,15:00,Guabirá,1.0,Always Ready,1.0,,Estadio Gilberto Parada,Edson Rios,,https://fbref.com/en/matches/bff5b673/Guabira-Always-Ready-February-20-2019-Bolivian-Primera-Division
División de Fútbol Profesional,M,BOL,2019,1st,Torneo Apertura,8,Wed,2019-02-20,18:30,Real Potosí,1.0,Nacional Potosí,3.0,,Estadio Victor Agustín Ugarte,Victor Hurtado,,https://fbref.com/en/matches/d8a28c52/Real-Potosi-Nacional-Potosi-February-20-2019-Bolivian-Primera-Division
División de Fútbol Profesional,M,BOL,2019,1st,Torneo Apertura,8,Wed,2019-02-20,20:30,Aurora,3.0,Bolívar,3.0,,Estadio Félix Capriles,Nelson Barro,,https://fbref.com/en/matches/551f1028/Aurora-Bolivar-February-20-2019-Bolivian-Primera-Division
División de Fútbol Profesional,M,BOL,2019,1st,Torneo Apertura,8,Wed,2019-02-20,20:45,Royal Parí,1.0,Blooming,3.0,,Estadio Ramón Aguilera Costas,Juan Nelio García,,https://fbref.com/en/matches/0dca8908/Royal-Pari-Blooming-February-20-2019-Bolivian-Primera-Division
División de Fútbol Profesional,M,BOL,2019,1st,Torneo Apertura,8,Thu,2019-02-21,15:00,Sport Boys,1.0,Wilstermann,3.0,,Estadio Samuel Vaca Jimenez,Gaad David Flores,,https://fbref.com/en/matches/38fbd2e1/Sport-Boys-Warnes-Jorge-Wilstermann-February-21-2019-Bolivian-Primera-Division
División de Fútbol Profesional,M,BOL,2019,1st,Torneo Apertura,8,Thu,2019-02-21,18:30,The Strongest,3.0,Destroyers,0.0,,Estadio Hernando Siles,Jordy Aleman,,https://fbref.com/en/matches/e9c34df7/The-Strongest-Destroyers-February-21-2019-Bolivian-Primera-Division
División de Fútbol Profesional,M,BOL,2019,1st,Torneo Apertura,8,Thu,2019-02-21,20:45,Oriente Petrolero,4.0,San José,3.0,,Estadio Ramón Aguilera Costas,Raúl Orosco,,https://fbref.com/en/matches/e83c5146/Oriente-Petrolero-San-Jose-February-21-2019-Bolivian-Primera-Division
División de Fútbol Profesional,M,BOL,2019,1st,Torneo Apertura,9,Sat,2019-02-23,15:00,Always Ready,2.0,Aurora,0.0,,Estadio Municipal El Alto,Rafael Subirana,,https://fbref.com/en/matches/f5e82d28/Always-Ready-Aurora-February-23-2019-Bolivian-Primera-Division
División de Fútbol Profesional,M,BOL,2019,1st,Torneo Apertura,9,Sat,2019-02-23,19:30,Blooming,5.0,Real Potosí,3.0,,Estadio Ramón Aguilera Costas,Fernando Toledo,,https://fbref.com/en/matches/e8e1c9d0/Blooming-Real-Potosi-February-23-2019-Bolivian-Primera-Division
División de Fútbol Profesional,M,BOL,2019,1st,Torneo Apertura,9,Sun,2019-02-24,15:00,Wilstermann,0.0,Guabirá,2.0,,Estadio Félix Capriles,Guildo Quenta,,https://fbref.com/en/matches/d75e9786/Jorge-Wilstermann-Guabira-February-24-2019-Bolivian-Primera-Division
División de Fútbol Profesional,M,BOL,2019,1st,Torneo Apertura,9,Sun,2019-02-24,16:00,Bolívar,3.0,Royal Parí,0.0,,Estadio Hernando Siles,Javier Revollo,,https://fbref.com/en/matches/a36f410f/Bolivar-Royal-Pari-February-24-2019-Bolivian-Primera-Division
División de Fútbol Profesional,M,BOL,2019,1st,Torneo Apertura,9,Sun,2019-02-24,17:15,Nacional Potosí,2.0,Oriente Petrolero,1.0,,Estadio Victor Agustín Ugarte,Hostin Prado,,https://fbref.com/en/matches/3ae06479/Nacional-Potosi-Oriente-Petrolero-February-24-2019-Bolivian-Primera-Division
División de Fútbol Profesional,M,BOL,2019,1st,Torneo Apertura,9,Sun,2019-02-24,19:30,Destroyers,0.0,Sport Boys,0.0,,Estadio Ramón Aguilera Costas,Juan Nelio García,,https://fbref.com/en/matches/f73ee88a/Destroyers-Sport-Boys-Warnes-February-24-2019-Bolivian-Primera-Division
División de Fútbol Profesional,M,BOL,2019,1st,Torneo Apertura,9,Mon,2019-02-25,20:00,San José,1.0,The Strongest,1.0,,Estadio Jesús Bermúdez,Victor Hurtado,,https://fbref.com/en/matches/9952ffde/San-Jose-The-Strongest-February-25-2019-Bolivian-Primera-Division
División de Fútbol Profesional,M,BOL,2019,1st,Torneo Apertura,10,Wed,2019-02-27,18:15,Wilstermann,3.0,Destroyers,3.0,,Estadio Félix Capriles,Orlando Quintana,,https://fbref.com/en/matches/85ec4c14/Jorge-Wilstermann-Destroyers-February-27-2019-Bolivian-Primera-Division
División de Fútbol Profesional,M,BOL,2019,1st,Torneo Apertura,10,Wed,2019-02-27,20:30,Real Potosí,2.0,Bolívar,2.0,,Estadio Victor Agustín Ugarte,Carlos Garcia,,https://fbref.com/en/matches/cbeafacc/Real-Potosi-Bolivar-February-27-2019-Bolivian-Primera-Division
División de Fútbol Profesional,M,BOL,2019,1st,Torneo Apertura,10,Thu,2019-02-28,15:00,Sport Boys,1.0,San José,2.0,,Estadio Samuel Vaca Jimenez,Luis Yrusta,,https://fbref.com/en/matches/28a72399/Sport-Boys-Warnes-San-Jose-February-28-2019-Bolivian-Primera-Division
División de Fútbol Profesional,M,BOL,2019,1st,Torneo Apertura,10,Thu,2019-02-28,20:00,The Strongest,2.0,Nacional Potosí,3.0,,Estadio Hernando Siles,José Jordán,,https://fbref.com/en/matches/a81208bf/The-Strongest-Nacional-Potosi-February-28-2019-Bolivian-Primera-Division
División de Fútbol Profesional,M,BOL,2019,1st,Torneo Apertura,10,Fri,2019-03-01,20:00,Oriente Petrolero,0.0,Blooming,1.0,,Estadio Ramón Aguilera Costas,Ivo Méndez,,https://fbref.com/en/matches/126fdf4f/Oriente-Petrolero-Blooming-March-1-2019-Bolivian-Primera-Division
División de Fútbol Profesional,M,BOL,2019,1st,Torneo Apertura,10,Wed,2019-03-06,18:15,Royal Parí,1.0,Always Ready,1.0,,Estadio Ramón Aguilera Costas,Jorge Luis Justiniano,,https://fbref.com/en/matches/61e84750/Royal-Pari-Always-Ready-March-6-2019-Bolivian-Primera-Division
División de Fútbol Profesional,M,BOL,2019,1st,Torneo Apertura,5,Wed,2019-03-06,20:30,The Strongest,5.0,Guabirá,0.0,,Estadio Hernando Siles,Jorge Mancilla,,https://fbref.com/en/matches/b705a079/The-Strongest-Guabira-March-6-2019-Bolivian-Primera-Division
División de Fútbol Profesional,M,BOL,2019,1st,Torneo Apertura,11,Fri,2019-03-08,20:00,Bolívar,3.0,Oriente Petrolero,0.0,,Estadio Hernando Siles,Victor Hurtado,,https://fbref.com/en/matches/1c869d29/Bolivar-Oriente-Petrolero-March-8-2019-Bolivian-Primera-Division
División de Fútbol Profesional,M,BOL,2019,1st,Torneo Apertura,11,Sat,2019-03-09,15:00,Always Ready,3.0,Real Potosí,1.0,,Estadio Municipal El Alto,Juan Nelio García,,https://fbref.com/en/matches/5631121e/Always-Ready-Real-Potosi-March-9-2019-Bolivian-Primera-Division
División de Fútbol Profesional,M,BOL,2019,1st,Torneo Apertura,11,Sat,2019-03-09,17:15,Nacional Potosí,3.0,Sport Boys,0.0,,Estadio Victor Agustín Ugarte,Jordy Aleman,,https://fbref.com/en/matches/a058ba67/Nacional-Potosi-Sport-Boys-Warnes-March-9-2019-Bolivian-Primera-Division
División de Fútbol Profesional,M,BOL,2019,1st,Torneo Apertura,11,Sun,2019-03-10,15:00,Destroyers,2.0,Guabirá,3.0,,Estadio Ramón Aguilera Costas,Rafael Subirana,,https://fbref.com/en/matches/67c73c4e/Destroyers-Guabira-March-10-2019-Bolivian-Primera-Division
División de Fútbol Profesional,M,BOL,2019,1st,Torneo Apertura,11,Sun,2019-03-10,15:00,Aurora,2.0,Royal Parí,3.0,,Estadio Félix Capriles,Fernando Toledo,,https://fbref.com/en/matches/e2bfcaa6/Aurora-Royal-Pari-March-10-2019-Bolivian-Primera-Division
División de Fútbol Profesional,M,BOL,2019,1st,Torneo Apertura,11,Sun,2019-03-10,17:15,San José,0.0,Wilstermann,3.0,,Estadio Jesús Bermúdez,Luis Yrusta,,https://fbref.com/en/matches/31a1c694/San-Jose-Jorge-Wilstermann-March-10-2019-Bolivian-Primera-Division
División de Fútbol Profesional,M,BOL,2019,1st,Torneo Apertura,11,Sun,2019-03-10,19:30,Blooming,2.0,The Strongest,0.0,,Estadio Ramón Aguilera Costas,Hostin Prado,,https://fbref.com/en/matches/1c3c2595/Blooming-The-Strongest-March-10-2019-Bolivian-Primera-Division
División de Fútbol Profesional,M,BOL,2019,1st,Torneo Apertura,12,Wed,2019-03-13,18:15,Real Potosí,2.0,Aurora,2.0,,Estadio Victor Agustín Ugarte,Jorge Mancilla,,https://fbref.com/en/matches/69143985/Real-Potosi-Aurora-March-13-2019-Bolivian-Primera-Division
División de Fútbol Profesional,M,BOL,2019,1st,Torneo Apertura,12,Wed,2019-03-13,20:30,Oriente Petrolero,4.0,Always Ready,1.0,,Estadio Ramón Aguilera Costas,Edson Rios,,https://fbref.com/en/matches/6d605acf/Oriente-Petrolero-Always-Ready-March-13-2019-Bolivian-Primera-Division
División de Fútbol Profesional,M,BOL,2019,1st,Torneo Apertura,12,Wed,2019-03-13,20:30,The Strongest,1.0,Bolívar,1.0,,Estadio Hernando Siles,Juan Gonzalo Irusta,,https://fbref.com/en/matches/82214afb/The-Strongest-Bolivar-March-13-2019-Bolivian-Primera-Division
División de Fútbol Profesional,M,BOL,2019,1st,Torneo Apertura,12,Thu,2019-03-14,18:15,Sport Boys,1.0,Blooming,5.0,,Estadio Samuel Vaca Jimenez,Juan Nelio García,,https://fbref.com/en/matches/d2cd73eb/Sport-Boys-Warnes-Blooming-March-14-2019-Bolivian-Primera-Division
División de Fútbol Profesional,M,BOL,2019,1st,Torneo Apertura,12,Thu,2019-03-14,20:30,Guabirá,3.0,Royal Parí,1.0,,Estadio Gilberto Parada,Ivo Méndez,,https://fbref.com/en/matches/86b0ae76/Guabira-Royal-Pari-March-14-2019-Bolivian-Primera-Division
División de Fútbol Profesional,M,BOL,2019,1st,Torneo Apertura,13,Fri,2019-03-15,20:00,Nacional Potosí,7.0,Destroyers,2.0,,Estadio Victor Agustín Ugarte,Juan Marcelo Castro,,https://fbref.com/en/matches/b9e18e10/Nacional-Potosi-Destroyers-March-15-2019-Bolivian-Primera-Division
División de Fútbol Profesional,M,BOL,2019,1st,Torneo Apertura,13,Sat,2019-03-16,15:00,Always Ready,1.0,The Strongest,2.0,,Estadio Municipal El Alto,Ivo Méndez,,https://fbref.com/en/matches/afcea374/Always-Ready-The-Strongest-March-16-2019-Bolivian-Primera-Division
División de Fútbol Profesional,M,BOL,2019,1st,Torneo Apertura,13,Sun,2019-03-17,15:00,Royal Parí,4.0,Real Potosí,1.0,,Estadio Ramón Aguilera Costas,Victor Hurtado,,https://fbref.com/en/matches/a315c553/Royal-Pari-Real-Potosi-March-17-2019-Bolivian-Primera-Division
División de Fútbol Profesional,M,BOL,2019,1st,Torneo Apertura,13,Sun,2019-03-17,15:00,Aurora,3.0,Oriente Petrolero,2.0,,Estadio Félix Capriles,Jorge Luis Justiniano,,https://fbref.com/en/matches/d1863d87/Aurora-Oriente-Petrolero-March-17-2019-Bolivian-Primera-Division
División de Fútbol Profesional,M,BOL,2019,1st,Torneo Apertura,13,Sun,2019-03-17,16:00,Bolívar,4.0,Sport Boys,1.0,,Estadio Hernando Siles,José Jordán,,https://fbref.com/en/matches/9747306d/Bolivar-Sport-Boys-Warnes-March-17-2019-Bolivian-Primera-Division
División de Fútbol Profesional,M,BOL,2019,1st,Torneo Apertura,13,Sun,2019-03-17,17:15,San José,3.0,Guabirá,1.0,,Estadio Jesús Bermúdez,Raúl Orosco,,https://fbref.com/en/matches/bc969ede/San-Jose-Guabira-March-17-2019-Bolivian-Primera-Division
División de Fútbol Profesional,M,BOL,2019,1st,Torneo Apertura,13,Sun,2019-03-17,19:30,Blooming,2.0,Wilstermann,0.0,,Estadio Ramón Aguilera Costas,Gery Vargas,,https://fbref.com/en/matches/ca8b4657/Blooming-Jorge-Wilstermann-March-17-2019-Bolivian-Primera-Division
División de Fútbol Profesional,M,BOL,2019,1st,Torneo Apertura,12,Sat,2019-03-23,15:00,Destroyers,2.0,San José,1.0,,Estadio Ramón Aguilera Costas,Hostin Prado,,https://fbref.com/en/matches/47f4b35c/Destroyers-San-Jose-March-23-2019-Bolivian-Primera-Division
División de Fútbol Profesional,M,BOL,2019,1st,Torneo Apertura,12,Sat,2019-03-23,17:15,Wilstermann,2.0,Nacional Potosí,0.0,,Estadio Félix Capriles,José Jordán,,https://fbref.com/en/matches/c33ff2a3/Jorge-Wilstermann-Nacional-Potosi-March-23-2019-Bolivian-Primera-Division
División de Fútbol Profesional,M,BOL,2019,1st,Torneo Apertura,10,Sun,2019-03-24,15:00,Guabirá,1.0,Aurora,0.0,,Estadio Gilberto Parada,Jorge Mancilla,,https://fbref.com/en/matches/1347357b/Guabira-Aurora-March-24-2019-Bolivian-Primera-Division
División de Fútbol Profesional,M,BOL,2019,1st,Torneo Apertura,15,Wed,2019-03-27,18:15,Wilstermann,2.0,Always Ready,0.0,,Estadio Félix Capriles,Orlando Quintana,,https://fbref.com/en/matches/6b237463/Jorge-Wilstermann-Always-Ready-March-27-2019-Bolivian-Primera-Division
División de Fútbol Profesional,M,BOL,2019,1st,Torneo Apertura,15,Wed,2019-03-27,20:30,San José,5.0,Blooming,1.0,,Estadio Jesús Bermúdez,Nelson Barro,,https://fbref.com/en/matches/e242966a/San-Jose-Blooming-March-27-2019-Bolivian-Primera-Division
División de Fútbol Profesional,M,BOL,2019,1st,Torneo Apertura,14,Sat,2019-03-30,15:00,Always Ready,3.0,Sport Boys,1.0,,Estadio Municipal El Alto,Victor Hurtado,,https://fbref.com/en/matches/4059c087/Always-Ready-Sport-Boys-Warnes-March-30-2019-Bolivian-Primera-Division
División de Fútbol Profesional,M,BOL,2019,1st,Torneo Apertura,14,Sat,2019-03-30,17:15,Nacional Potosí,1.0,San José,0.0,,Estadio Victor Agustín Ugarte,Raúl Orosco,,https://fbref.com/en/matches/d05f2ade/Nacional-Potosi-San-Jose-March-30-2019-Bolivian-Primera-Division
División de Fútbol Profesional,M,BOL,2019,1st,Torneo Apertura,14,Sat,2019-03-30,19:30,Royal Parí,1.0,Oriente Petrolero,3.0,,Estadio Ramón Aguilera Costas,Gery Vargas,,https://fbref.com/en/matches/f25be8f1/Royal-Pari-Oriente-Petrolero-March-30-2019-Bolivian-Primera-Division
División de Fútbol Profesional,M,BOL,2019,1st,Torneo Apertura,14,Sun,2019-03-31,15:00,Guabirá,2.0,Real Potosí,1.0,,Estadio Gilberto Parada,Gaad David Flores,,https://fbref.com/en/matches/491cf118/Guabira-Real-Potosi-March-31-2019-Bolivian-Primera-Division
División de Fútbol Profesional,M,BOL,2019,1st,Torneo Apertura,14,Sun,2019-03-31,16:00,Bolívar,3.0,Wilstermann,0.0,,Estadio Hernando Siles,José Jordán,,https://fbref.com/en/matches/8bcaf9d4/Bolivar-Jorge-Wilstermann-March-31-2019-Bolivian-Primera-Division
División de Fútbol Profesional,M,BOL,2019,1st,Torneo Apertura,14,Sun,2019-03-31,17:15,Aurora,2.0,The Strongest,1.0,,Estadio Félix Capriles,Jorge Mancilla,,https://fbref.com/en/matches/2f5934cf/Aurora-The-Strongest-March-31-2019-Bolivian-Primera-Division
División de Fútbol Profesional,M,BOL,2019,1st,Torneo Apertura,14,Sun,2019-03-31,19:30,Blooming,2.0,Destroyers,1.0,,Estadio Ramón Aguilera Costas,Juan Nelio García,,https://fbref.com/en/matches/08eb82e2/Blooming-Destroyers-March-31-2019-Bolivian-Primera-Division
División de Fútbol Profesional,M,BOL,2019,1st,Torneo Apertura,15,Wed,2019-04-03,15:00,Sport Boys,3.0,Aurora,0.0,,Estadio Samuel Vaca Jimenez,Mipo Odubeko,,https://fbref.com/en/matches/f5ce2f4b/Sport-Boys-Warnes-Aurora-April-3-2019-Bolivian-Primera-Division
División de Fútbol Profesional,M,BOL,2019,1st,Torneo Apertura,15,Wed,2019-04-03,18:15,Oriente Petrolero,2.0,Real Potosí,1.0,,Estadio Ramón Aguilera Costas,Juan Marcelo Castro,,https://fbref.com/en/matches/02cf59df/Oriente-Petrolero-Real-Potosi-April-3-2019-Bolivian-Primera-Division
División de Fútbol Profesional,M,BOL,2019,1st,Torneo Apertura,15,Wed,2019-04-03,20:30,Nacional Potosí,4.0,Guabirá,0.0,,Estadio Victor Agustín Ugarte,Hostin Prado,,https://fbref.com/en/matches/50f98bae/Nacional-Potosi-Guabira-April-3-2019-Bolivian-Primera-Division
División de Fútbol Profesional,M,BOL,2019,1st,Torneo Apertura,15,Wed,2019-04-03,20:30,Destroyers,3.0,Bolívar,6.0,,Estadio Ramón Aguilera Costas,Jorge Mancilla,,https://fbref.com/en/matches/c9a668a8/Destroyers-Bolivar-April-3-2019-Bolivian-Primera-Division
División de Fútbol Profesional,M,BOL,2019,1st,Torneo Apertura,15,Thu,2019-04-04,20:30,The Strongest,5.0,Royal Parí,2.0,,Estadio Hernando Siles,Jorge Luis Justiniano,,https://fbref.com/en/matches/b76c0102/The-Strongest-Royal-Pari-April-4-2019-Bolivian-Primera-Division
División de Fútbol Profesional,M,BOL,2019,1st,Torneo Apertura,16,Sat,2019-04-06,15:00,Always Ready,2.0,Destroyers,0.0,,Estadio Municipal El Alto,Gery Vargas,,https://fbref.com/en/matches/c01c7216/Always-Ready-Destroyers-April-6-2019-Bolivian-Primera-Division
División de Fútbol Profesional,M,BOL,2019,1st,Torneo Apertura,16,Sat,2019-04-06,19:30,Aurora,1.0,Wilstermann,2.0,,Estadio Félix Capriles,Raúl Orosco,,https://fbref.com/en/matches/5af95984/Aurora-Jorge-Wilstermann-April-6-2019-Bolivian-Primera-Division
División de Fútbol Profesional,M,BOL,2019,1st,Torneo Apertura,16,Sun,2019-04-07,15:00,Real Potosí,0.0,The Strongest,2.0,,Estadio Victor Agustín Ugarte,Rafael Subirana,,https://fbref.com/en/matches/8b942843/Real-Potosi-The-Strongest-April-7-2019-Bolivian-Primera-Division
División de Fútbol Profesional,M,BOL,2019,1st,Torneo Apertura,16,Sun,2019-04-07,16:00,Bolívar,2.0,San José,3.0,,Estadio Hernando Siles,Victor Hurtado,,https://fbref.com/en/matches/f8a9e39b/Bolivar-San-Jose-April-7-2019-Bolivian-Primera-Division
División de Fútbol Profesional,M,BOL,2019,1st,Torneo Apertura,16,Sun,2019-04-07,17:15,Guabirá,2.0,Oriente Petrolero,3.0,,Estadio Gilberto Parada,José Jordán,,https://fbref.com/en/matches/df363b08/Guabira-Oriente-Petrolero-April-7-2019-Bolivian-Primera-Division
División de Fútbol Profesional,M,BOL,2019,1st,Torneo Apertura,16,Sun,2019-04-07,19:30,Blooming,0.0,Nacional Potosí,1.0,,Estadio Ramón Aguilera Costas,Jorge Mancilla,,https://fbref.com/en/matches/78baeed7/Blooming-Nacional-Potosi-April-7-2019-Bolivian-Primera-Division
División de Fútbol Profesional,M,BOL,2019,1st,Torneo Apertura,16,Mon,2019-04-08,20:00,Royal Parí,3.0,Sport Boys,3.0,,Estadio Ramón Aguilera Costas,Carlos Arteaga,,https://fbref.com/en/matches/376bd7bc/Royal-Pari-Sport-Boys-Warnes-April-8-2019-Bolivian-Primera-Division
División de Fútbol Profesional,M,BOL,2019,1st,Torneo Apertura,17,Fri,2019-04-12,20:00,Nacional Potosí,0.0,Bolívar,1.0,,Estadio Victor Agustín Ugarte,Gery Vargas,,https://fbref.com/en/matches/212d9526/Nacional-Potosi-Bolivar-April-12-2019-Bolivian-Primera-Division
División de Fútbol Profesional,M,BOL,2019,1st,Torneo Apertura,17,Sat,2019-04-13,15:00,Sport Boys,1.0,Real Potosí,1.0,,Estadio Samuel Vaca Jimenez,Joaquin Verastegui,,https://fbref.com/en/matches/6c5c2a40/Sport-Boys-Warnes-Real-Potosi-April-13-2019-Bolivian-Primera-Division
División de Fútbol Profesional,M,BOL,2019,1st,Torneo Apertura,17,Sat,2019-04-13,19:00,Destroyers,0.0,Aurora,0.0,,Estadio Ramón Aguilera Costas,Luis Yrusta,,https://fbref.com/en/matches/dec7695e/Destroyers-Aurora-April-13-2019-Bolivian-Primera-Division
División de Fútbol Profesional,M,BOL,2019,1st,Torneo Apertura,17,Sun,2019-04-14,15:00,San José,6.0,Always Ready,2.0,,Estadio Jesús Bermúdez,Jordy Aleman,,https://fbref.com/en/matches/0b6545ed/San-Jose-Always-Ready-April-14-2019-Bolivian-Primera-Division
División de Fútbol Profesional,M,BOL,2019,1st,Torneo Apertura,17,Sun,2019-04-14,15:00,The Strongest,4.0,Oriente Petrolero,0.0,,Estadio Hernando Siles,Hostin Prado,,https://fbref.com/en/matches/4f528854/The-Strongest-Oriente-Petrolero-April-14-2019-Bolivian-Primera-Division
División de Fútbol Profesional,M,BOL,2019,1st,Torneo Apertura,17,Sun,2019-04-14,17:15,Wilstermann,2.0,Royal Parí,1.0,,Estadio Félix Capriles,Edson Rios,,https://fbref.com/en/matches/4dcf38a5/Jorge-Wilstermann-Royal-Pari-April-14-2019-Bolivian-Primera-Division
División de Fútbol Profesional,M,BOL,2019,1st,Torneo Apertura,17,Sun,2019-04-14,19:30,Blooming,4.0,Guabirá,2.0,,Estadio Ramón Aguilera Costas,Rafael Subirana,,https://fbref.com/en/matches/dbcf5210/Blooming-Guabira-April-14-2019-Bolivian-Primera-Division
División de Fútbol Profesional,M,BOL,2019,1st,Torneo Apertura,18,Wed,2019-04-17,15:00,Guabirá,1.0,The Strongest,2.0,,Estadio Gilberto Parada,Victor Hurtado,,https://fbref.com/en/matches/d53d8d9e/Guabira-The-Strongest-April-17-2019-Bolivian-Primera-Division
División de Fútbol Profesional,M,BOL,2019,1st,Torneo Apertura,18,Wed,2019-04-17,20:00,Bolívar,4.0,Blooming,1.0,,Estadio Hernando Siles,Raúl Orozco,,https://fbref.com/en/matches/3d88fdbb/Bolivar-Blooming-April-17-2019-Bolivian-Primera-Division
División de Fútbol Profesional,M,BOL,2019,1st,Torneo Apertura,18,Wed,2019-04-17,20:30,Real Potosí,1.0,Wilstermann,2.0,,Estadio Victor Agustín Ugarte,Juan Marcelo Castro,,https://fbref.com/en/matches/96fdc7f9/Real-Potosi-Jorge-Wilstermann-April-17-2019-Bolivian-Primera-Division
División de Fútbol Profesional,M,BOL,2019,1st,Torneo Apertura,18,Thu,2019-04-18,18:15,Royal Parí,0.0,Destroyers,0.0,,Estadio Ramón Aguilera Costas,Rafael Subirana,,https://fbref.com/en/matches/6d010bbb/Royal-Pari-Destroyers-April-18-2019-Bolivian-Primera-Division
División de Fútbol Profesional,M,BOL,2019,1st,Torneo Apertura,18,Thu,2019-04-18,20:15,Aurora,0.0,San José,2.0,,Estadio Félix Capriles,Jorge Mancilla,,https://fbref.com/en/matches/5ecc84c4/Aurora-San-Jose-April-18-2019-Bolivian-Primera-Division
División de Fútbol Profesional,M,BOL,2019,1st,Torneo Apertura,19,Sat,2019-04-20,15:00,Sport Boys,0.0,The Strongest,0.0,,Estadio Samuel Vaca Jimenez,José Jordán,,https://fbref.com/en/matches/9009d6b3/Sport-Boys-Warnes-The-Strongest-April-20-2019-Bolivian-Primera-Division
División de Fútbol Profesional,M,BOL,2019,1st,Torneo Apertura,19,Sun,2019-04-21,15:00,Nacional Potosí,0.0,Aurora,1.0,,Estadio Victor Agustín Ugarte,Juan Nelio García,,https://fbref.com/en/matches/19baef02/Nacional-Potosi-Aurora-April-21-2019-Bolivian-Primera-Division
División de Fútbol Profesional,M,BOL,2019,1st,Torneo Apertura,19,Sun,2019-04-21,15:00,San José,2.0,Royal Parí,1.0,,Estadio Jesús Bermúdez,Julio Gutiérrez,,https://fbref.com/en/matches/abf3c9be/San-Jose-Royal-Pari-April-21-2019-Bolivian-Primera-Division
División de Fútbol Profesional,M,BOL,2019,1st,Torneo Apertura,19,Sun,2019-04-21,16:00,Bolívar,3.0,Guabirá,0.0,,Estadio Hernando Siles,Hostin Prado,,https://fbref.com/en/matches/a8cc1968/Bolivar-Guabira-April-21-2019-Bolivian-Primera-Division
División de Fútbol Profesional,M,BOL,2019,1st,Torneo Apertura,19,Sun,2019-04-21,17:15,Wilstermann,0.0,Oriente Petrolero,1.0,,Estadio Félix Capriles,Gery Vargas,,https://fbref.com/en/matches/49e3f23c/Jorge-Wilstermann-Oriente-Petrolero-April-21-2019-Bolivian-Primera-Division
División de Fútbol Profesional,M,BOL,2019,1st,Torneo Apertura,19,Sun,2019-04-21,19:30,Blooming,1.0,Always Ready,0.0,,Estadio Ramón Aguilera Costas,Jorge Luis Justiniano,,https://fbref.com/en/matches/f7b4a6cf/Blooming-Always-Ready-April-21-2019-Bolivian-Primera-Division
División de Fútbol Profesional,M,BOL,2019,1st,Torneo Apertura,19,Mon,2019-04-22,15:00,Destroyers,3.0,Real Potosí,0.0,,Estadio Ramón Aguilera Costas,Gado Flores,,https://fbref.com/en/matches/9e99518a/Destroyers-Real-Potosi-April-22-2019-Bolivian-Primera-Division
División de Fútbol Profesional,M,BOL,2019,1st,Torneo Apertura,18,Wed,2019-04-24,15:00,Always Ready,1.0,Nacional Potosí,2.0,,Estadio Municipal El Alto,José Jordán,,https://fbref.com/en/matches/642b3101/Always-Ready-Nacional-Potosi-April-24-2019-Bolivian-Primera-Division
División de Fútbol Profesional,M,BOL,2019,1st,Torneo Apertura,18,Thu,2019-04-25,20:00,Oriente Petrolero,2.0,Sport Boys,1.0,,Estadio Ramón Aguilera Costas,Ivo Méndez,,https://fbref.com/en/matches/ceacdd23/Oriente-Petrolero-Sport-Boys-Warnes-April-25-2019-Bolivian-Primera-Division
División de Fútbol Profesional,M,BOL,2019,1st,Torneo Apertura,20,Sat,2019-04-27,15:00,Always Ready,1.0,Bolívar,1.0,,Estadio Municipal El Alto,Ivo Méndez,,https://fbref.com/en/matches/3a0a476a/Always-Ready-Bolivar-April-27-2019-Bolivian-Primera-Division
División de Fútbol Profesional,M,BOL,2019,1st,Torneo Apertura,20,Sat,2019-04-27,17:15,Real Potosí,2.0,San José,1.0,,Estadio Victor Agustín Ugarte,Luis Yrusta,,https://fbref.com/en/matches/32afe3d8/Real-Potosi-San-Jose-April-27-2019-Bolivian-Primera-Division
División de Fútbol Profesional,M,BOL,2019,1st,Torneo Apertura,20,Sat,2019-04-27,19:30,Royal Parí,1.0,Nacional Potosí,1.0,,Estadio Ramón Aguilera Costas,Raúl Orozco,,https://fbref.com/en/matches/f295ece8/Royal-Pari-Nacional-Potosi-April-27-2019-Bolivian-Primera-Division
División de Fútbol Profesional,M,BOL,2019,1st,Torneo Apertura,20,Sun,2019-04-28,15:00,Guabirá,1.0,Sport Boys,0.0,,Estadio Gilberto Parada,Juan Nelio García,,https://fbref.com/en/matches/c9124d6a/Guabira-Sport-Boys-Warnes-April-28-2019-Bolivian-Primera-Division
División de Fútbol Profesional,M,BOL,2019,1st,Torneo Apertura,20,Sun,2019-04-28,15:00,The Strongest,2.0,Wilstermann,1.0,,Estadio Hernando Siles,Mipo Odubeko,,https://fbref.com/en/matches/cac398ea/The-Strongest-Jorge-Wilstermann-April-28-2019-Bolivian-Primera-Division
División de Fútbol Profesional,M,BOL,2019,1st,Torneo Apertura,20,Sun,2019-04-28,17:15,Aurora,3.0,Blooming,4.0,,Estadio Félix Capriles,Gery Vargas,,https://fbref.com/en/matches/efd071f6/Aurora-Blooming-April-28-2019-Bolivian-Primera-Division
División de Fútbol Profesional,M,BOL,2019,1st,Torneo Apertura,20,Sun,2019-04-28,19:30,Oriente Petrolero,1.0,Destroyers,0.0,,Estadio Ramón Aguilera Costas,Jorge Mancilla,,https://fbref.com/en/matches/964f489e/Oriente-Petrolero-Destroyers-April-28-2019-Bolivian-Primera-Division
División de Fútbol Profesional,M,BOL,2019,1st,Torneo Apertura,21,Wed,2019-05-01,15:00,Nacional Potosí,0.0,Real Potosí,1.0,,Estadio Victor Agustín Ugarte,Orlando Quintana,,https://fbref.com/en/matches/602c7c60/Nacional-Potosi-Real-Potosi-May-1-2019-Bolivian-Primera-Division
División de Fútbol Profesional,M,BOL,2019,1st,Torneo Apertura,21,Wed,2019-05-01,15:00,Always Ready,6.0,Guabirá,0.0,,Estadio Municipal El Alto,Raúl Orozco,,https://fbref.com/en/matches/d977b7d0/Always-Ready-Guabira-May-1-2019-Bolivian-Primera-Division
División de Fútbol Profesional,M,BOL,2019,1st,Torneo Apertura,21,Wed,2019-05-01,16:00,Bolívar,6.0,Aurora,3.0,,Estadio Hernando Siles,Gery Vargas,,https://fbref.com/en/matches/daa685f4/Bolivar-Aurora-May-1-2019-Bolivian-Primera-Division
División de Fútbol Profesional,M,BOL,2019,1st,Torneo Apertura,21,Wed,2019-05-01,17:15,Destroyers,0.0,The Strongest,1.0,,Estadio Ramón Aguilera Costas,Hostin Prado,,https://fbref.com/en/matches/596acc18/Destroyers-The-Strongest-May-1-2019-Bolivian-Primera-Division
División de Fútbol Profesional,M,BOL,2019,1st,Torneo Apertura,21,Wed,2019-05-01,19:30,Blooming,2.0,Royal Parí,3.0,,Estadio Ramón Aguilera Costas,Rafael Subirana,,https://fbref.com/en/matches/1e3053db/Blooming-Royal-Pari-May-1-2019-Bolivian-Primera-Division
División de Fútbol Profesional,M,BOL,2019,1st,Torneo Apertura,21,Thu,2019-05-02,18:15,Wilstermann,5.0,Sport Boys,2.0,,Estadio Félix Capriles,Jorge Mancilla,,https://fbref.com/en/matches/30f99194/Jorge-Wilstermann-Sport-Boys-Warnes-May-2-2019-Bolivian-Primera-Division
División de Fútbol Profesional,M,BOL,2019,1st,Torneo Apertura,21,Thu,2019-05-02,20:30,San José,3.0,Oriente Petrolero,2.0,,Estadio Jesús Bermúdez,Juan Marcelo Castro,,https://fbref.com/en/matches/15099d91/San-Jose-Oriente-Petrolero-May-2-2019-Bolivian-Primera-Division
División de Fútbol Profesional,M,BOL,2019,1st,Torneo Apertura,22,Sat,2019-05-04,15:00,Royal Parí,1.0,Bolívar,2.0,,Estadio Ramón Aguilera Costas,José Jordán,,https://fbref.com/en/matches/53852cb0/Royal-Pari-Bolivar-May-4-2019-Bolivian-Primera-Division
División de Fútbol Profesional,M,BOL,2019,1st,Torneo Apertura,22,Sat,2019-05-04,17:15,Aurora,3.0,Always Ready,1.0,,Estadio Félix Capriles,Juan Nelio García,,https://fbref.com/en/matches/28d77286/Aurora-Always-Ready-May-4-2019-Bolivian-Primera-Division
División de Fútbol Profesional,M,BOL,2019,1st,Torneo Apertura,22,Sun,2019-05-05,15:00,Real Potosí,2.0,Blooming,2.0,,Estadio Victor Agustín Ugarte,Victor Hurtado,,https://fbref.com/en/matches/76b6f52f/Real-Potosi-Blooming-May-5-2019-Bolivian-Primera-Division
División de Fútbol Profesional,M,BOL,2019,1st,Torneo Apertura,22,Sun,2019-05-05,15:00,Guabirá,1.0,Wilstermann,1.0,,Estadio Gilberto Parada,Gado Flores,,https://fbref.com/en/matches/9086837e/Guabira-Jorge-Wilstermann-May-5-2019-Bolivian-Primera-Division
División de Fútbol Profesional,M,BOL,2019,1st,Torneo Apertura,22,Sun,2019-05-05,17:15,The Strongest,2.0,San José,2.0,,Estadio Hernando Siles,Jorge Mancilla,,https://fbref.com/en/matches/0c4cf25e/The-Strongest-San-Jose-May-5-2019-Bolivian-Primera-Division
División de Fútbol Profesional,M,BOL,2019,1st,Torneo Apertura,22,Sun,2019-05-05,19:30,Oriente Petrolero,0.0,Nacional Potosí,2.0,,Estadio Ramón Aguilera Costas,Gery Vargas,,https://fbref.com/en/matches/c24f3388/Oriente-Petrolero-Nacional-Potosi-May-5-2019-Bolivian-Primera-Division
División de Fútbol Profesional,M,BOL,2019,1st,Torneo Apertura,22,Mon,2019-05-06,19:30,Sport Boys,1.0,Destroyers,1.0,,Estadio Samuel Vaca Jimenez,Ivo Méndez,,https://fbref.com/en/matches/80ca8059/Sport-Boys-Warnes-Destroyers-May-6-2019-Bolivian-Primera-Division
División de Fútbol Profesional,M,BOL,2019,1st,Torneo Apertura,23,Fri,2019-05-10,20:00,Bolívar,4.0,Real Potosí,3.0,,Estadio Hernando Siles,Jorge Mancilla,,https://fbref.com/en/matches/e1f4b22f/Bolivar-Real-Potosi-May-10-2019-Bolivian-Primera-Division
División de Fútbol Profesional,M,BOL,2019,1st,Torneo Apertura,23,Sat,2019-05-11,15:00,Always Ready,6.0,Royal Parí,0.0,,Estadio Municipal El Alto,Jordy Aleman,,https://fbref.com/en/matches/162d6eed/Always-Ready-Royal-Pari-May-11-2019-Bolivian-Primera-Division
División de Fútbol Profesional,M,BOL,2019,1st,Torneo Apertura,23,Sat,2019-05-11,17:15,Aurora,1.0,Guabirá,1.0,,Estadio Félix Capriles,Mipo Odubeko,,https://fbref.com/en/matches/13a4426c/Aurora-Guabira-May-11-2019-Bolivian-Primera-Division
División de Fútbol Profesional,M,BOL,2019,1st,Torneo Apertura,23,Sun,2019-05-12,15:00,Nacional Potosí,1.0,The Strongest,0.0,,Estadio Victor Agustín Ugarte,Raúl Orozco,,https://fbref.com/en/matches/45bbab27/Nacional-Potosi-The-Strongest-May-12-2019-Bolivian-Primera-Division
División de Fútbol Profesional,M,BOL,2019,1st,Torneo Apertura,23,Sun,2019-05-12,15:00,Destroyers,0.0,Wilstermann,3.0,,Estadio Ramón Aguilera Costas,Luis Yrusta,,https://fbref.com/en/matches/6d65b29e/Destroyers-Jorge-Wilstermann-May-12-2019-Bolivian-Primera-Division
División de Fútbol Profesional,M,BOL,2019,1st,Torneo Apertura,23,Sun,2019-05-12,17:15,San José,2.0,Sport Boys,1.0,,Estadio Jesús Bermúdez,Hostin Prado,,https://fbref.com/en/matches/fc737279/San-Jose-Sport-Boys-Warnes-May-12-2019-Bolivian-Primera-Division
División de Fútbol Profesional,M,BOL,2019,1st,Torneo Apertura,23,Sun,2019-05-12,19:30,Blooming,3.0,Oriente Petrolero,2.0,,Estadio Ramón Aguilera Costas,Ivo Méndez,,https://fbref.com/en/matches/a719a9d8/Blooming-Oriente-Petrolero-May-12-2019-Bolivian-Primera-Division
División de Fútbol Profesional,M,BOL,2019,1st,Torneo Apertura,24,Wed,2019-05-15,15:00,Royal Parí,2.0,Aurora,1.0,,Estadio Ramón Aguilera Costas,Joaquin Verastegui,,https://fbref.com/en/matches/0c0b7e5a/Royal-Pari-Aurora-May-15-2019-Bolivian-Primera-Division
División de Fútbol Profesional,M,BOL,2019,1st,Torneo Apertura,24,Wed,2019-05-15,18:15,Real Potosí,2.0,Always Ready,1.0,,Estadio Victor Agustín Ugarte,Ivo Méndez,,https://fbref.com/en/matches/7a5ca962/Real-Potosi-Always-Ready-May-15-2019-Bolivian-Primera-Division
División de Fútbol Profesional,M,BOL,2019,1st,Torneo Apertura,24,Wed,2019-05-15,20:00,Guabirá,1.0,Destroyers,0.0,,Estadio Gilberto Parada,Juan Nelio García,,https://fbref.com/en/matches/05534da6/Guabira-Destroyers-May-15-2019-Bolivian-Primera-Division
División de Fútbol Profesional,M,BOL,2019,1st,Torneo Apertura,24,Wed,2019-05-15,20:30,The Strongest,3.0,Blooming,1.0,,Estadio Hernando Siles,Victor Hurtado,,https://fbref.com/en/matches/40e238b7/The-Strongest-Blooming-May-15-2019-Bolivian-Primera-Division
División de Fútbol Profesional,M,BOL,2019,1st,Torneo Apertura,24,Wed,2019-05-15,20:30,Wilstermann,0.0,San José,0.0,,Estadio Félix Capriles,Orlando Quintana,,https://fbref.com/en/matches/54d5e700/Jorge-Wilstermann-San-Jose-May-15-2019-Bolivian-Primera-Division
División de Fútbol Profesional,M,BOL,2019,1st,Torneo Apertura,24,Thu,2019-05-16,15:00,Sport Boys,2.0,Nacional Potosí,0.0,,Estadio Samuel Vaca Jimenez,Luis Yrusta,,https://fbref.com/en/matches/65b1d849/Sport-Boys-Warnes-Nacional-Potosi-May-16-2019-Bolivian-Primera-Division
División de Fútbol Profesional,M,BOL,2019,1st,Torneo Apertura,24,Thu,2019-05-16,20:30,Oriente Petrolero,1.0,Bolívar,2.0,,Estadio Ramón Aguilera Costas,José Jordán,,https://fbref.com/en/matches/9f2d9f60/Oriente-Petrolero-Bolivar-May-16-2019-Bolivian-Primera-Division
División de Fútbol Profesional,M,BOL,2019,1st,Torneo Apertura,25,Sat,2019-05-18,20:00,Royal Parí,2.0,Guabirá,1.0,,Estadio Ramón Aguilera Costas,Carlos Arteaga,,https://fbref.com/en/matches/db7c0e7f/Royal-Pari-Guabira-May-18-2019-Bolivian-Primera-Division
División de Fútbol Profesional,M,BOL,2019,1st,Torneo Apertura,25,Sun,2019-05-19,15:00,Aurora,3.0,Real Potosí,2.0,,Estadio Félix Capriles,Gaad David Flores,,https://fbref.com/en/matches/165d6a41/Aurora-Real-Potosi-May-19-2019-Bolivian-Primera-Division
División de Fútbol Profesional,M,BOL,2019,1st,Torneo Apertura,25,Sun,2019-05-19,15:00,Always Ready,5.0,Oriente Petrolero,0.0,,Estadio Municipal El Alto,Victor Hurtado,,https://fbref.com/en/matches/8c739629/Always-Ready-Oriente-Petrolero-May-19-2019-Bolivian-Primera-Division
División de Fútbol Profesional,M,BOL,2019,1st,Torneo Apertura,25,Sun,2019-05-19,16:00,Bolívar,1.0,The Strongest,3.0,,Estadio Hernando Siles,Ivo Méndez,,https://fbref.com/en/matches/97724408/Bolivar-The-Strongest-May-19-2019-Bolivian-Primera-Division
División de Fútbol Profesional,M,BOL,2019,1st,Torneo Apertura,25,Sun,2019-05-19,17:15,San José,2.0,Destroyers,0.0,,Estadio Jesús Bermúdez,Nelson Barro,,https://fbref.com/en/matches/cfed8dfe/San-Jose-Destroyers-May-19-2019-Bolivian-Primera-Division
División de Fútbol Profesional,M,BOL,2019,1st,Torneo Apertura,25,Sun,2019-05-19,17:15,Nacional Potosí,2.0,Wilstermann,1.0,,Estadio Victor Agustín Ugarte,Jorge Mancilla,,https://fbref.com/en/matches/e4e7935c/Nacional-Potosi-Jorge-Wilstermann-May-19-2019-Bolivian-Primera-Division
División de Fútbol Profesional,M,BOL,2019,1st,Torneo Apertura,25,Sun,2019-05-19,19:30,Blooming,1.0,Sport Boys,2.0,,Estadio Ramón Aguilera Costas,Juan Nelio García,,https://fbref.com/en/matches/80e5fb9c/Blooming-Sport-Boys-Warnes-May-19-2019-Bolivian-Primera-Division
División de Fútbol Profesional,M,BOL,2019,1st,Torneo Apertura,26,Tue,2019-05-21,15:30,Guabirá,2.0,San José,1.0,,Estadio Gilberto Parada,Jorge Mancilla,,https://fbref.com/en/matches/c698b474/Guabira-San-Jose-May-21-2019-Bolivian-Primera-Division
División de Fútbol Profesional,M,BOL,2019,1st,Torneo Apertura,26,Wed,2019-05-22,15:00,Destroyers,1.0,Nacional Potosí,0.0,,Estadio Ramón Aguilera Costas,Carlos Garcia,,https://fbref.com/en/matches/a6883c8e/Destroyers-Nacional-Potosi-May-22-2019-Bolivian-Primera-Division
División de Fútbol Profesional,M,BOL,2019,1st,Torneo Apertura,26,Wed,2019-05-22,18:15,Wilstermann,2.0,Blooming,5.0,,Estadio Félix Capriles,Luis Yrusta,,https://fbref.com/en/matches/32ec9c93/Jorge-Wilstermann-Blooming-May-22-2019-Bolivian-Primera-Division
División de Fútbol Profesional,M,BOL,2019,1st,Torneo Apertura,26,Wed,2019-05-22,20:30,Oriente Petrolero,5.0,Aurora,0.0,,Estadio Ramón Aguilera Costas,Mipo Odubeko,,https://fbref.com/en/matches/402535b1/Oriente-Petrolero-Aurora-May-22-2019-Bolivian-Primera-Division
División de Fútbol Profesional,M,BOL,2019,1st,Torneo Apertura,26,Wed,2019-05-22,20:30,The Strongest,3.0,Always Ready,2.0,,Estadio Hernando Siles,José Jordán,,https://fbref.com/en/matches/a02a3483/The-Strongest-Always-Ready-May-22-2019-Bolivian-Primera-Division
División de Fútbol Profesional,M,BOL,2019,1st,Torneo Apertura,26,Thu,2019-05-23,15:00,Sport Boys,1.0,Bolívar,2.0,,Estadio Samuel Vaca Jimenez,Javier Revollo,,https://fbref.com/en/matches/69b01f4f/Sport-Boys-Warnes-Bolivar-May-23-2019-Bolivian-Primera-Division
División de Fútbol Profesional,M,BOL,2019,1st,Torneo Apertura,26,Fri,2019-05-24,20:00,Real Potosí,3.0,Royal Parí,1.0,,Estadio Victor Agustín Ugarte,Jhony Visaluque,,https://fbref.com/en/matches/1795e636/Real-Potosi-Royal-Pari-May-24-2019-Bolivian-Primera-Division
División de Fútbol Profesional,M,BOL,2019,1st,Torneo Clausura,1,Sun,2019-07-14,15:00,Destroyers,0.0,Nacional Potosí,2.0,,Estadio Ramón Aguilera Costas,Mipo Odubeko,,https://fbref.com/en/matches/080bc5a8/Destroyers-Nacional-Potosi-July-14-2019-Bolivian-Primera-Division
División de Fútbol Profesional,M,BOL,2019,1st,Torneo Clausura,1,Sun,2019-07-14,15:00,Guabirá,1.0,Wilstermann,4.0,,Estadio Gilberto Parada,Gaad David Flores,,https://fbref.com/en/matches/6edf1e89/Guabira-Jorge-Wilstermann-July-14-2019-Bolivian-Primera-Division
División de Fútbol Profesional,M,BOL,2019,1st,Torneo Clausura,1,Sun,2019-07-14,15:30,Bolívar,3.0,Oriente Petrolero,2.0,,Estadio Hernando Siles,José Jordán,,https://fbref.com/en/matches/45a6be1a/Bolivar-Oriente-Petrolero-July-14-2019-Bolivian-Primera-Division
División de Fútbol Profesional,M,BOL,2019,1st,Torneo Clausura,1,Sun,2019-07-14,17:15,San José,3.0,Aurora,0.0,,Estadio Jesús Bermúdez,Ivo Méndez,,https://fbref.com/en/matches/f7ce50df/San-Jose-Aurora-July-14-2019-Bolivian-Primera-Division
División de Fútbol Profesional,M,BOL,2019,1st,Torneo Clausura,1,Sun,2019-07-14,19:30,Blooming,1.0,The Strongest,0.0,,Estadio Ramón Aguilera Costas,Raúl Orosco,,https://fbref.com/en/matches/c5d0a914/Blooming-The-Strongest-July-14-2019-Bolivian-Primera-Division
División de Fútbol Profesional,M,BOL,2019,1st,Torneo Clausura,1,Mon,2019-07-15,20:00,Sport Boys,1.0,Always Ready,2.0,,Estadio Samuel Vaca Jimenez,Javier Revollo,,https://fbref.com/en/matches/ee17b0b7/Sport-Boys-Warnes-Always-Ready-July-15-2019-Bolivian-Primera-Division
División de Fútbol Profesional,M,BOL,2019,1st,Torneo Clausura,2,Sun,2019-07-21,15:00,The Strongest,1.0,San José,1.0,,Estadio Hernando Siles,Rafael Subirana,,https://fbref.com/en/matches/fb8fbf4c/The-Strongest-San-Jose-July-21-2019-Bolivian-Primera-Division
División de Fútbol Profesional,M,BOL,2019,1st,Torneo Clausura,2,Sun,2019-07-21,17:15,Wilstermann,3.0,Bolívar,2.0,,Estadio Félix Capriles,Ivo Méndez,,https://fbref.com/en/matches/3e3b821d/Jorge-Wilstermann-Bolivar-July-21-2019-Bolivian-Primera-Division
División de Fútbol Profesional,M,BOL,2019,1st,Torneo Clausura,3,Wed,2019-07-24,19:30,San José,2.0,Nacional Potosí,1.0,,Estadio Jesús Bermúdez,Juan Marcelo Castro,,https://fbref.com/en/matches/622181a4/San-Jose-Nacional-Potosi-July-24-2019-Bolivian-Primera-Division
División de Fútbol Profesional,M,BOL,2019,1st,Torneo Clausura,3,Thu,2019-07-25,15:00,Always Ready,3.0,Oriente Petrolero,0.0,,Estadio Municipal El Alto,Fernando Toledo,,https://fbref.com/en/matches/c5da0e76/Always-Ready-Oriente-Petrolero-July-25-2019-Bolivian-Primera-Division
División de Fútbol Profesional,M,BOL,2019,1st,Torneo Clausura,3,Thu,2019-07-25,18:15,Destroyers,0.0,Royal Parí,2.0,,Estadio Ramón Aguilera Costas,Carlos Arteaga,,https://fbref.com/en/matches/34f970ee/Destroyers-Royal-Pari-July-25-2019-Bolivian-Primera-Division
División de Fútbol Profesional,M,BOL,2019,1st,Torneo Clausura,3,Thu,2019-07-25,20:30,Blooming,4.0,Sport Boys,1.0,,Estadio Ramón Aguilera Costas,Juan Nelio García,,https://fbref.com/en/matches/04fc48f5/Blooming-Sport-Boys-Warnes-July-25-2019-Bolivian-Primera-Division
División de Fútbol Profesional,M,BOL,2019,1st,Torneo Clausura,3,Thu,2019-07-25,20:30,Real Potosí,0.0,Wilstermann,1.0,,Estadio Victor Agustín Ugarte,Luis Yrusta,,https://fbref.com/en/matches/72365522/Real-Potosi-Jorge-Wilstermann-July-25-2019-Bolivian-Primera-Division
División de Fútbol Profesional,M,BOL,2019,1st,Torneo Clausura,4,Sat,2019-07-27,15:00,The Strongest,4.0,Guabirá,0.0,,Estadio Hernando Siles,Mipo Odubeko,,https://fbref.com/en/matches/883c1f2f/The-Strongest-Guabira-July-27-2019-Bolivian-Primera-Division
División de Fútbol Profesional,M,BOL,2019,1st,Torneo Clausura,4,Sun,2019-07-28,15:00,Sport Boys,1.0,San José,1.0,,Estadio Samuel Vaca Jimenez,Guildo Quenta,,https://fbref.com/en/matches/3704d473/Sport-Boys-Warnes-San-Jose-July-28-2019-Bolivian-Primera-Division
División de Fútbol Profesional,M,BOL,2019,1st,Torneo Clausura,4,Sun,2019-07-28,15:00,Nacional Potosí,3.0,Aurora,2.0,,Estadio Victor Agustín Ugarte,Nelson Barro,,https://fbref.com/en/matches/f0f37888/Nacional-Potosi-Aurora-July-28-2019-Bolivian-Primera-Division
División de Fútbol Profesional,M,BOL,2019,1st,Torneo Clausura,4,Sun,2019-07-28,15:30,Bolívar,5.0,Real Potosí,2.0,,Estadio Hernando Siles,Juan Nelio García,,https://fbref.com/en/matches/c6d41642/Bolivar-Real-Potosi-July-28-2019-Bolivian-Primera-Division
División de Fútbol Profesional,M,BOL,2019,1st,Torneo Clausura,4,Sun,2019-07-28,17:15,Wilstermann,3.0,Always Ready,0.0,,Estadio Félix Capriles,Jordan Feltesse,,https://fbref.com/en/matches/87d6c04a/Jorge-Wilstermann-Always-Ready-July-28-2019-Bolivian-Primera-Division
División de Fútbol Profesional,M,BOL,2019,1st,Torneo Clausura,4,Sun,2019-07-28,19:30,Oriente Petrolero,3.0,Destroyers,1.0,,Estadio Ramón Aguilera Costas,Rafael Subirana,,https://fbref.com/en/matches/ee382eca/Oriente-Petrolero-Destroyers-July-28-2019-Bolivian-Primera-Division
División de Fútbol Profesional,M,BOL,2019,1st,Torneo Clausura,4,Mon,2019-07-29,20:00,Royal Parí,3.0,Blooming,1.0,,Estadio Ramón Aguilera Costas,Luis Yrusta,,https://fbref.com/en/matches/a58fab0f/Royal-Pari-Blooming-July-29-2019-Bolivian-Primera-Division
División de Fútbol Profesional,M,BOL,2019,1st,Torneo Clausura,2,Wed,2019-07-31,15:00,Sport Boys,1.0,Destroyers,1.0,,Estadio Samuel Vaca Jimenez,Juan Nelio García,,https://fbref.com/en/matches/8b44827a/Sport-Boys-Warnes-Destroyers-July-31-2019-Bolivian-Primera-Division
División de Fútbol Profesional,M,BOL,2019,1st,Torneo Clausura,3,Wed,2019-07-31,20:30,Aurora,2.0,The Strongest,2.0,,Estadio Félix Capriles,Jorge Mancilla,,https://fbref.com/en/matches/3076d650/Aurora-The-Strongest-July-31-2019-Bolivian-Primera-Division
División de Fútbol Profesional,M,BOL,2019,1st,Torneo Clausura,5,Sat,2019-08-03,15:00,Always Ready,0.0,Bolívar,1.0,,Estadio Municipal El Alto,Raúl Orosco,,https://fbref.com/en/matches/e3464d44/Always-Ready-Bolivar-August-3-2019-Bolivian-Primera-Division
División de Fútbol Profesional,M,BOL,2019,1st,Torneo Clausura,5,Sat,2019-08-03,17:15,Destroyers,1.0,Wilstermann,0.0,,Estadio Ramón Aguilera Costas,Mipo Odubeko,,https://fbref.com/en/matches/bc1f97a5/Destroyers-Jorge-Wilstermann-August-3-2019-Bolivian-Primera-Division
División de Fútbol Profesional,M,BOL,2019,1st,Torneo Clausura,5,Sat,2019-08-03,19:30,Guabirá,0.0,Real Potosí,1.0,,Estadio Gilberto Parada,Hostin Prado,,https://fbref.com/en/matches/b4498d85/Guabira-Real-Potosi-August-3-2019-Bolivian-Primera-Division
División de Fútbol Profesional,M,BOL,2019,1st,Torneo Clausura,5,Sun,2019-08-04,15:00,Aurora,0.0,Sport Boys,0.0,,Estadio Félix Capriles,José Jordán,,https://fbref.com/en/matches/2451bea4/Aurora-Sport-Boys-Warnes-August-4-2019-Bolivian-Primera-Division
División de Fútbol Profesional,M,BOL,2019,1st,Torneo Clausura,5,Sun,2019-08-04,15:00,The Strongest,3.0,Nacional Potosí,2.0,,Estadio Hernando Siles,Jorge Luis Justiniano,,https://fbref.com/en/matches/879abbd1/The-Strongest-Nacional-Potosi-August-4-2019-Bolivian-Primera-Division
División de Fútbol Profesional,M,BOL,2019,1st,Torneo Clausura,5,Sun,2019-08-04,17:15,San José,3.0,Royal Parí,1.0,,Estadio Jesús Bermúdez,Gaad David Flores,,https://fbref.com/en/matches/498ddd2c/San-Jose-Royal-Pari-August-4-2019-Bolivian-Primera-Division
División de Fútbol Profesional,M,BOL,2019,1st,Torneo Clausura,5,Sun,2019-08-04,19:30,Blooming,2.0,Oriente Petrolero,1.0,,Estadio Ramón Aguilera Costas,Ivo Méndez,,https://fbref.com/en/matches/e36c2c3e/Blooming-Oriente-Petrolero-August-4-2019-Bolivian-Primera-Division
División de Fútbol Profesional,M,BOL,2019,1st,Torneo Clausura,6,Tue,2019-08-06,15:00,Real Potosí,1.0,Always Ready,2.0,,Estadio Victor Agustín Ugarte,Rafael Subirana,,https://fbref.com/en/matches/37f36b37/Real-Potosi-Always-Ready-August-6-2019-Bolivian-Primera-Division
División de Fútbol Profesional,M,BOL,2019,1st,Torneo Clausura,6,Tue,2019-08-06,15:30,Bolívar,3.0,Destroyers,0.0,,Estadio Hernando Siles,Javier Revollo,,https://fbref.com/en/matches/c8a6401e/Bolivar-Destroyers-August-6-2019-Bolivian-Primera-Division
División de Fútbol Profesional,M,BOL,2019,1st,Torneo Clausura,6,Wed,2019-08-07,18:15,Nacional Potosí,2.0,Guabirá,1.0,,Estadio Victor Agustín Ugarte,Gaad David Flores,,https://fbref.com/en/matches/d0f16041/Nacional-Potosi-Guabira-August-7-2019-Bolivian-Primera-Division
División de Fútbol Profesional,M,BOL,2019,1st,Torneo Clausura,6,Wed,2019-08-07,20:30,Wilstermann,2.0,Blooming,0.0,,Estadio Félix Capriles,José Jordán,,https://fbref.com/en/matches/1c509ce0/Jorge-Wilstermann-Blooming-August-7-2019-Bolivian-Primera-Division
División de Fútbol Profesional,M,BOL,2019,1st,Torneo Clausura,6,Wed,2019-08-07,20:30,Sport Boys,1.0,The Strongest,0.0,,Estadio Samuel Vaca Jimenez,Hostin Prado,,https://fbref.com/en/matches/6b3f8b44/Sport-Boys-Warnes-The-Strongest-August-7-2019-Bolivian-Primera-Division
División de Fútbol Profesional,M,BOL,2019,1st,Torneo Clausura,6,Thu,2019-08-08,15:00,Royal Parí,2.0,Aurora,2.0,,Estadio Ramón Aguilera Costas,Orlando Quintana,,https://fbref.com/en/matches/a2df06e1/Royal-Pari-Aurora-August-8-2019-Bolivian-Primera-Division
División de Fútbol Profesional,M,BOL,2019,1st,Torneo Clausura,6,Thu,2019-08-08,20:30,Oriente Petrolero,1.0,San José,0.0,,Estadio Ramón Aguilera Costas,Jorge Mancilla,,https://fbref.com/en/matches/cf7ece98/Oriente-Petrolero-San-Jose-August-8-2019-Bolivian-Primera-Division
División de Fútbol Profesional,M,BOL,2019,1st,Torneo Clausura,7,Sat,2019-08-10,15:00,Guabirá,2.0,Always Ready,0.0,,Estadio Gilberto Parada,Mipo Odubeko,,https://fbref.com/en/matches/bb6802c5/Guabira-Always-Ready-August-10-2019-Bolivian-Primera-Division
División de Fútbol Profesional,M,BOL,2019,1st,Torneo Clausura,7,Sat,2019-08-10,17:15,Nacional Potosí,1.0,Sport Boys,1.0,,Estadio Victor Agustín Ugarte,Carlos Garcia,,https://fbref.com/en/matches/9c3f411e/Nacional-Potosi-Sport-Boys-Warnes-August-10-2019-Bolivian-Primera-Division
División de Fútbol Profesional,M,BOL,2019,1st,Torneo Clausura,7,Sat,2019-08-10,19:30,Destroyers,1.0,Real Potosí,1.0,,Estadio Ramón Aguilera Costas,Guildo Quenta,,https://fbref.com/en/matches/da690615/Destroyers-Real-Potosi-August-10-2019-Bolivian-Primera-Division
División de Fútbol Profesional,M,BOL,2019,1st,Torneo Clausura,7,Sun,2019-08-11,15:00,Aurora,2.0,Oriente Petrolero,1.0,,Estadio Félix Capriles,Javier Revollo,,https://fbref.com/en/matches/73b470ab/Aurora-Oriente-Petrolero-August-11-2019-Bolivian-Primera-Division
División de Fútbol Profesional,M,BOL,2019,1st,Torneo Clausura,7,Sun,2019-08-11,15:00,The Strongest,4.0,Royal Parí,0.0,,Estadio Hernando Siles,Jordy Aleman,,https://fbref.com/en/matches/961d4e08/The-Strongest-Royal-Pari-August-11-2019-Bolivian-Primera-Division
División de Fútbol Profesional,M,BOL,2019,1st,Torneo Clausura,7,Sun,2019-08-11,17:15,San José,1.0,Wilstermann,2.0,,Estadio Jesús Bermúdez,Ivo Méndez,,https://fbref.com/en/matches/4d65680b/San-Jose-Jorge-Wilstermann-August-11-2019-Bolivian-Primera-Division
División de Fútbol Profesional,M,BOL,2019,1st,Torneo Clausura,7,Sun,2019-08-11,19:30,Blooming,2.0,Bolívar,3.0,,Estadio Ramón Aguilera Costas,Gery Vargas,,https://fbref.com/en/matches/db1ab097/Blooming-Bolivar-August-11-2019-Bolivian-Primera-Division
División de Fútbol Profesional,M,BOL,2019,1st,Torneo Clausura,2,Wed,2019-08-14,15:00,Nacional Potosí,5.0,Blooming,0.0,,Estadio Victor Agustín Ugarte,Hostin Prado,,https://fbref.com/en/matches/8f3012f5/Nacional-Potosi-Blooming-August-14-2019-Bolivian-Primera-Division
División de Fútbol Profesional,M,BOL,2019,1st,Torneo Clausura,3,Wed,2019-08-14,15:00,Guabirá,0.0,Bolívar,5.0,,Estadio Gilberto Parada,Jorge Mancilla,,https://fbref.com/en/matches/3fda8609/Guabira-Bolivar-August-14-2019-Bolivian-Primera-Division
División de Fútbol Profesional,M,BOL,2019,1st,Torneo Clausura,2,Wed,2019-08-14,18:15,Royal Parí,1.0,Always Ready,1.0,,Estadio Ramón Aguilera Costas,José Jordán,,https://fbref.com/en/matches/ee4c0d35/Royal-Pari-Always-Ready-August-14-2019-Bolivian-Primera-Division
División de Fútbol Profesional,M,BOL,2019,1st,Torneo Clausura,2,Thu,2019-08-15,20:00,Oriente Petrolero,2.0,Real Potosí,1.0,,Estadio Ramón Aguilera Costas,Gery Vargas,,https://fbref.com/en/matches/e8183e7c/Oriente-Petrolero-Real-Potosi-August-15-2019-Bolivian-Primera-Division
División de Fútbol Profesional,M,BOL,2019,1st,Torneo Clausura,8,Sat,2019-08-17,15:00,Always Ready,6.0,Destroyers,0.0,,Estadio Municipal El Alto,Javier Revollo,,https://fbref.com/en/matches/51932f24/Always-Ready-Destroyers-August-17-2019-Bolivian-Primera-Division
División de Fútbol Profesional,M,BOL,2019,1st,Torneo Clausura,8,Sat,2019-08-17,19:30,Royal Parí,0.0,Nacional Potosí,2.0,,Estadio Ramón Aguilera Costas,Guildo Quenta,,https://fbref.com/en/matches/37fac412/Royal-Pari-Nacional-Potosi-August-17-2019-Bolivian-Primera-Division
División de Fútbol Profesional,M,BOL,2019,1st,Torneo Clausura,8,Sun,2019-08-18,15:00,Real Potosí,5.0,Blooming,1.0,,Estadio Victor Agustín Ugarte,Jordy Aleman,,https://fbref.com/en/matches/455c1981/Real-Potosi-Blooming-August-18-2019-Bolivian-Primera-Division
División de Fútbol Profesional,M,BOL,2019,1st,Torneo Clausura,8,Sun,2019-08-18,15:00,Sport Boys,2.0,Guabirá,0.0,,Estadio Samuel Vaca Jimenez,Rafael Subirana,,https://fbref.com/en/matches/ba5b6cb4/Sport-Boys-Warnes-Guabira-August-18-2019-Bolivian-Primera-Division
División de Fútbol Profesional,M,BOL,2019,1st,Torneo Clausura,8,Sun,2019-08-18,15:30,Bolívar,1.0,San José,4.0,,Estadio Hernando Siles,Juan Nelio García,,https://fbref.com/en/matches/aea27d76/Bolivar-San-Jose-August-18-2019-Bolivian-Primera-Division
División de Fútbol Profesional,M,BOL,2019,1st,Torneo Clausura,8,Sun,2019-08-18,17:15,Wilstermann,5.0,Aurora,1.0,,Estadio Félix Capriles,Hostin Prado,,https://fbref.com/en/matches/bc54373f/Jorge-Wilstermann-Aurora-August-18-2019-Bolivian-Primera-Division
División de Fútbol Profesional,M,BOL,2019,1st,Torneo Clausura,8,Sun,2019-08-18,19:30,Oriente Petrolero,1.0,The Strongest,2.0,,Estadio Ramón Aguilera Costas,Mipo Odubeko,,https://fbref.com/en/matches/1d593817/Oriente-Petrolero-The-Strongest-August-18-2019-Bolivian-Primera-Division
División de Fútbol Profesional,M,BOL,2019,1st,Torneo Clausura,1,Wed,2019-08-21,20:00,Real Potosí,2.0,Royal Parí,0.0,,Estadio Victor Agustín Ugarte,Mipo Odubeko,,https://fbref.com/en/matches/d866eae0/Real-Potosi-Royal-Pari-August-21-2019-Bolivian-Primera-Division
División de Fútbol Profesional,M,BOL,2019,1st,Torneo Clausura,9,Sat,2019-08-24,15:00,Sport Boys,1.0,Royal Parí,1.0,,Estadio Samuel Vaca Jimenez,Carlos Arteaga,,https://fbref.com/en/matches/6f7b5c00/Sport-Boys-Warnes-Royal-Pari-August-24-2019-Bolivian-Primera-Division
División de Fútbol Profesional,M,BOL,2019,1st,Torneo Clausura,9,Sat,2019-08-24,17:15,San José,3.0,Real Potosí,2.0,,Estadio Jesús Bermúdez,Hostin Prado,,https://fbref.com/en/matches/88d47f40/San-Jose-Real-Potosi-August-24-2019-Bolivian-Primera-Division
División de Fútbol Profesional,M,BOL,2019,1st,Torneo Clausura,9,Sat,2019-08-24,19:30,Guabirá,1.0,Destroyers,1.0,,Estadio Gilberto Parada,Gery Vargas,,https://fbref.com/en/matches/f1d3ebe4/Guabira-Destroyers-August-24-2019-Bolivian-Primera-Division
División de Fútbol Profesional,M,BOL,2019,1st,Torneo Clausura,9,Sun,2019-08-25,15:00,Aurora,0.0,Bolívar,1.0,,Estadio Félix Capriles,Rafael Subirana,,https://fbref.com/en/matches/22902103/Aurora-Bolivar-August-25-2019-Bolivian-Primera-Division
División de Fútbol Profesional,M,BOL,2019,1st,Torneo Clausura,9,Sun,2019-08-25,15:00,The Strongest,2.0,Wilstermann,0.0,,Estadio Hernando Siles,Juan Nelio García,,https://fbref.com/en/matches/4540998d/The-Strongest-Jorge-Wilstermann-August-25-2019-Bolivian-Primera-Division
División de Fútbol Profesional,M,BOL,2019,1st,Torneo Clausura,9,Sun,2019-08-25,17:15,Nacional Potosí,2.0,Oriente Petrolero,3.0,,Estadio Victor Agustín Ugarte,Gaad David Flores,,https://fbref.com/en/matches/f5cb5603/Nacional-Potosi-Oriente-Petrolero-August-25-2019-Bolivian-Primera-Division
División de Fútbol Profesional,M,BOL,2019,1st,Torneo Clausura,9,Sun,2019-08-25,19:30,Blooming,2.0,Always Ready,3.0,,Estadio Ramón Aguilera Costas,Jorge Luis Justiniano,,https://fbref.com/en/matches/363a5fc6/Blooming-Always-Ready-August-25-2019-Bolivian-Primera-Division
División de Fútbol Profesional,M,BOL,2019,1st,Torneo Clausura,10,Thu,2019-08-29,20:00,Real Potosí,1.0,Aurora,1.0,,Estadio Victor Agustín Ugarte,Javier Revollo,,https://fbref.com/en/matches/b5cb00ba/Real-Potosi-Aurora-August-29-2019-Bolivian-Primera-Division
División de Fútbol Profesional,M,BOL,2019,1st,Torneo Clausura,10,Fri,2019-08-30,15:00,Always Ready,2.0,San José,4.0,,Estadio Municipal El Alto,Mipo Odubeko,,https://fbref.com/en/matches/3dd97018/Always-Ready-San-Jose-August-30-2019-Bolivian-Primera-Division
División de Fútbol Profesional,M,BOL,2019,1st,Torneo Clausura,10,Fri,2019-08-30,19:30,Royal Parí,2.0,Guabirá,0.0,,Estadio Ramón Aguilera Costas,Juan Nelio García,,https://fbref.com/en/matches/542e74b4/Royal-Pari-Guabira-August-30-2019-Bolivian-Primera-Division
División de Fútbol Profesional,M,BOL,2019,1st,Torneo Clausura,10,Sat,2019-08-31,15:30,Bolívar,1.0,The Strongest,1.0,,Estadio Hernando Siles,Gery Vargas,,https://fbref.com/en/matches/76377a5b/Bolivar-The-Strongest-August-31-2019-Bolivian-Primera-Division
División de Fútbol Profesional,M,BOL,2019,1st,Torneo Clausura,10,Sat,2019-08-31,17:30,Wilstermann,1.0,Nacional Potosí,1.0,,Estadio Félix Capriles,Guildo Quenta,,https://fbref.com/en/matches/7abb47ff/Jorge-Wilstermann-Nacional-Potosi-August-31-2019-Bolivian-Primera-Division
División de Fútbol Profesional,M,BOL,2019,1st,Torneo Clausura,10,Sat,2019-08-31,20:00,Oriente Petrolero,3.0,Sport Boys,2.0,,Estadio Ramón Aguilera Costas,Rafael Subirana,,https://fbref.com/en/matches/00ed1190/Oriente-Petrolero-Sport-Boys-Warnes-August-31-2019-Bolivian-Primera-Division
División de Fútbol Profesional,M,BOL,2019,1st,Torneo Clausura,10,Sun,2019-09-01,19:30,Destroyers,2.0,Blooming,4.0,,Estadio Ramón Aguilera Costas,Hostin Prado,,https://fbref.com/en/matches/b17e4f41/Destroyers-Blooming-September-1-2019-Bolivian-Primera-Division
División de Fútbol Profesional,M,BOL,2019,1st,Torneo Clausura,2,Sun,2019-09-08,15:00,Aurora,1.0,Guabirá,1.0,,Estadio Félix Capriles,Gery Vargas,,https://fbref.com/en/matches/7af521cb/Aurora-Guabira-September-8-2019-Bolivian-Primera-Division
División de Fútbol Profesional,M,BOL,2019,1st,Torneo Clausura,11,Sat,2019-09-14,15:00,The Strongest,6.0,Real Potosí,2.0,,Estadio Hernando Siles,Hostin Prado,,https://fbref.com/en/matches/26f483cb/The-Strongest-Real-Potosi-September-14-2019-Bolivian-Primera-Division
División de Fútbol Profesional,M,BOL,2019,1st,Torneo Clausura,11,Sat,2019-09-14,17:15,Aurora,1.0,Always Ready,1.0,,Estadio Félix Capriles,Orlando Quintana,,https://fbref.com/en/matches/5e97053f/Aurora-Always-Ready-September-14-2019-Bolivian-Primera-Division
División de Fútbol Profesional,M,BOL,2019,1st,Torneo Clausura,11,Sat,2019-09-14,19:30,Sport Boys,1.0,Wilstermann,2.0,,Estadio Samuel Vaca Jimenez,Gery Vargas,,https://fbref.com/en/matches/df7a6d42/Sport-Boys-Warnes-Jorge-Wilstermann-September-14-2019-Bolivian-Primera-Division
División de Fútbol Profesional,M,BOL,2019,1st,Torneo Clausura,11,Sun,2019-09-15,15:00,Nacional Potosí,0.0,Bolívar,3.0,,Estadio Victor Agustín Ugarte,Juan Nelio García,,https://fbref.com/en/matches/2adb935a/Nacional-Potosi-Bolivar-September-15-2019-Bolivian-Primera-Division
División de Fútbol Profesional,M,BOL,2019,1st,Torneo Clausura,11,Sun,2019-09-15,15:00,San José,7.0,Destroyers,0.0,,Estadio Jesús Bermúdez,Juan Marcelo Castro,,https://fbref.com/en/matches/3e6d6ea8/San-Jose-Destroyers-September-15-2019-Bolivian-Primera-Division
División de Fútbol Profesional,M,BOL,2019,1st,Torneo Clausura,11,Sun,2019-09-15,17:15,Guabirá,1.0,Blooming,1.0,,Estadio Gilberto Parada,Ivo Méndez,,https://fbref.com/en/matches/f15eb477/Guabira-Blooming-September-15-2019-Bolivian-Primera-Division
División de Fútbol Profesional,M,BOL,2019,1st,Torneo Clausura,11,Sun,2019-09-15,19:30,Royal Parí,1.0,Oriente Petrolero,0.0,,Estadio Ramón Aguilera Costas,Raúl Orosco,,https://fbref.com/en/matches/d486f76d/Royal-Pari-Oriente-Petrolero-September-15-2019-Bolivian-Primera-Division
División de Fútbol Profesional,M,BOL,2019,1st,Torneo Clausura,12,Sat,2019-09-21,15:00,Always Ready,2.0,The Strongest,2.0,,Estadio Municipal El Alto,Juan Nelio García,,https://fbref.com/en/matches/88fa17e8/Always-Ready-The-Strongest-September-21-2019-Bolivian-Primera-Division
División de Fútbol Profesional,M,BOL,2019,1st,Torneo Clausura,12,Sat,2019-09-21,19:30,Blooming,1.0,San José,0.0,,Estadio Ramón Aguilera Costas,Hostin Prado,,https://fbref.com/en/matches/f61f0165/Blooming-San-Jose-September-21-2019-Bolivian-Primera-Division
División de Fútbol Profesional,M,BOL,2019,1st,Torneo Clausura,12,Sun,2019-09-22,15:00,Destroyers,1.0,Aurora,0.0,,Estadio Ramón Aguilera Costas,Luis Yrusta,,https://fbref.com/en/matches/06f597b5/Destroyers-Aurora-September-22-2019-Bolivian-Primera-Division
División de Fútbol Profesional,M,BOL,2019,1st,Torneo Clausura,12,Sun,2019-09-22,15:00,Real Potosí,1.0,Nacional Potosí,4.0,,Estadio Victor Agustín Ugarte,Gery Vargas,,https://fbref.com/en/matches/525933d9/Real-Potosi-Nacional-Potosi-September-22-2019-Bolivian-Primera-Division
División de Fútbol Profesional,M,BOL,2019,1st,Torneo Clausura,12,Sun,2019-09-22,15:30,Bolívar,2.0,Sport Boys,0.0,,Estadio Hernando Siles,Nelson Barro,,https://fbref.com/en/matches/07d687b7/Bolivar-Sport-Boys-Warnes-September-22-2019-Bolivian-Primera-Division
División de Fútbol Profesional,M,BOL,2019,1st,Torneo Clausura,12,Sun,2019-09-22,17:15,Wilstermann,1.0,Royal Parí,0.0,,Estadio Félix Capriles,Gaad David Flores,,https://fbref.com/en/matches/b3e7a103/Jorge-Wilstermann-Royal-Pari-September-22-2019-Bolivian-Primera-Division
División de Fútbol Profesional,M,BOL,2019,1st,Torneo Clausura,12,Sun,2019-09-22,19:30,Oriente Petrolero,1.0,Guabirá,2.0,,Estadio Ramón Aguilera Costas,Ivo Méndez,,https://fbref.com/en/matches/18f94b2d/Oriente-Petrolero-Guabira-September-22-2019-Bolivian-Primera-Division
División de Fútbol Profesional,M,BOL,2019,1st,Torneo Clausura,13,Wed,2019-09-25,15:30,The Strongest,4.0,Destroyers,0.0,,Estadio Hernando Siles,Jordy Aleman,,https://fbref.com/en/matches/ab6556aa/The-Strongest-Destroyers-September-25-2019-Bolivian-Primera-Division
División de Fútbol Profesional,M,BOL,2019,1st,Torneo Clausura,13,Wed,2019-09-25,17:30,Sport Boys,6.0,Real Potosí,2.0,,Estadio Samuel Vaca Jimenez,Guildo Quenta,,https://fbref.com/en/matches/24178e24/Sport-Boys-Warnes-Real-Potosi-September-25-2019-Bolivian-Primera-Division
División de Fútbol Profesional,M,BOL,2019,1st,Torneo Clausura,13,Wed,2019-09-25,20:30,Royal Parí,2.0,Bolívar,1.0,,Estadio Ramón Aguilera Costas,Hostin Prado,,https://fbref.com/en/matches/0a0f1807/Royal-Pari-Bolivar-September-25-2019-Bolivian-Primera-Division
División de Fútbol Profesional,M,BOL,2019,1st,Torneo Clausura,13,Wed,2019-09-25,20:30,Nacional Potosí,3.0,Always Ready,2.0,,Estadio Victor Agustín Ugarte,José Jordán,,https://fbref.com/en/matches/c7b123ef/Nacional-Potosi-Always-Ready-September-25-2019-Bolivian-Primera-Division
División de Fútbol Profesional,M,BOL,2019,1st,Torneo Clausura,13,Thu,2019-09-26,15:00,Guabirá,2.0,San José,1.0,,Estadio Gilberto Parada,Carlos Garcia,,https://fbref.com/en/matches/284677e6/Guabira-San-Jose-September-26-2019-Bolivian-Primera-Division
División de Fútbol Profesional,M,BOL,2019,1st,Torneo Clausura,13,Thu,2019-09-26,18:15,Aurora,0.0,Blooming,1.0,,Estadio Félix Capriles,Javier Revollo,,https://fbref.com/en/matches/66ab6564/Aurora-Blooming-September-26-2019-Bolivian-Primera-Division
División de Fútbol Profesional,M,BOL,2019,1st,Torneo Clausura,13,Thu,2019-09-26,20:30,Oriente Petrolero,1.0,Wilstermann,1.0,,Estadio Ramón Aguilera Costas,Gery Vargas,,https://fbref.com/en/matches/0ba7c255/Oriente-Petrolero-Jorge-Wilstermann-September-26-2019-Bolivian-Primera-Division
División de Fútbol Profesional,M,BOL,2019,1st,Torneo Clausura,14,Sat,2019-09-28,15:00,Always Ready,2.0,Sport Boys,1.0,,Estadio Municipal El Alto,Gery Vargas,,https://fbref.com/en/matches/8d8d46cb/Always-Ready-Sport-Boys-Warnes-September-28-2019-Bolivian-Primera-Division
División de Fútbol Profesional,M,BOL,2019,1st,Torneo Clausura,14,Sat,2019-09-28,19:00,Nacional Potosí,4.0,Destroyers,1.0,,Estadio Victor Agustín Ugarte,Carlos Garcia,,https://fbref.com/en/matches/b756fb7a/Nacional-Potosi-Destroyers-September-28-2019-Bolivian-Primera-Division
División de Fútbol Profesional,M,BOL,2019,1st,Torneo Clausura,14,Sun,2019-09-29,15:00,Royal Parí,1.0,Real Potosí,0.0,,Estadio Ramón Aguilera Costas,Jorge Luis Justiniano,,https://fbref.com/en/matches/080cc548/Royal-Pari-Real-Potosi-September-29-2019-Bolivian-Primera-Division
División de Fútbol Profesional,M,BOL,2019,1st,Torneo Clausura,14,Sun,2019-09-29,15:00,The Strongest,6.0,Blooming,1.0,,Estadio Hernando Siles,Hostin Prado,,https://fbref.com/en/matches/35d2b288/The-Strongest-Blooming-September-29-2019-Bolivian-Primera-Division
División de Fútbol Profesional,M,BOL,2019,1st,Torneo Clausura,14,Sun,2019-09-29,17:15,Aurora,1.0,San José,6.0,,Estadio Félix Capriles,Mipo Odubeko,,https://fbref.com/en/matches/60e960b3/Aurora-San-Jose-September-29-2019-Bolivian-Primera-Division
División de Fútbol Profesional,M,BOL,2019,1st,Torneo Clausura,14,Sun,2019-09-29,19:30,Oriente Petrolero,2.0,Bolívar,2.0,,Estadio Ramón Aguilera Costas,José Jordán,,https://fbref.com/en/matches/f1bd5b0b/Oriente-Petrolero-Bolivar-September-29-2019-Bolivian-Primera-Division
División de Fútbol Profesional,M,BOL,2019,1st,Torneo Clausura,14,Mon,2019-09-30,20:00,Wilstermann,2.0,Guabirá,0.0,,Estadio Félix Capriles,Luis Yrusta,,https://fbref.com/en/matches/3bf44ce1/Jorge-Wilstermann-Guabira-September-30-2019-Bolivian-Primera-Division
División de Fútbol Profesional,M,BOL,2019,1st,Torneo Clausura,15,Sat,2019-10-05,15:00,Always Ready,3.0,Royal Parí,2.0,,Estadio Municipal El Alto,Orlando Quintana,,https://fbref.com/en/matches/51456c31/Always-Ready-Royal-Pari-October-5-2019-Bolivian-Primera-Division
División de Fútbol Profesional,M,BOL,2019,1st,Torneo Clausura,15,Sat,2019-10-05,19:30,Blooming,4.0,Nacional Potosí,0.0,,Estadio Ramón Aguilera Costas,Mipo Odubeko,,https://fbref.com/en/matches/24c5f42c/Blooming-Nacional-Potosi-October-5-2019-Bolivian-Primera-Division
División de Fútbol Profesional,M,BOL,2019,1st,Torneo Clausura,15,Sun,2019-10-06,15:00,Real Potosí,0.0,Oriente Petrolero,1.0,,Estadio Victor Agustín Ugarte,Guildo Quenta,,https://fbref.com/en/matches/574d0fdb/Real-Potosi-Oriente-Petrolero-October-6-2019-Bolivian-Primera-Division
División de Fútbol Profesional,M,BOL,2019,1st,Torneo Clausura,15,Sun,2019-10-06,15:00,Guabirá,3.0,Aurora,1.0,,Estadio Gilberto Parada,Gery Vargas,,https://fbref.com/en/matches/6de6e2f2/Guabira-Aurora-October-6-2019-Bolivian-Primera-Division
División de Fútbol Profesional,M,BOL,2019,1st,Torneo Clausura,15,Sun,2019-10-06,15:30,Bolívar,1.0,Wilstermann,1.0,,Estadio Hernando Siles,Ivo Méndez,,https://fbref.com/en/matches/1b2012ca/Bolivar-Jorge-Wilstermann-October-6-2019-Bolivian-Primera-Division
División de Fútbol Profesional,M,BOL,2019,1st,Torneo Clausura,15,Sun,2019-10-06,17:15,San José,2.0,The Strongest,0.0,,Estadio Jesús Bermúdez,José Jordán,,https://fbref.com/en/matches/4401ed39/San-Jose-The-Strongest-October-6-2019-Bolivian-Primera-Division
División de Fútbol Profesional,M,BOL,2019,1st,Torneo Clausura,15,Sun,2019-10-06,19:30,Destroyers,1.0,Sport Boys,0.0,,Estadio Ramón Aguilera Costas,Rafael Subirana,,https://fbref.com/en/matches/185ea384/Destroyers-Sport-Boys-Warnes-October-6-2019-Bolivian-Primera-Division
División de Fútbol Profesional,M,BOL,2019,1st,Torneo Clausura,16,Fri,2019-10-18,15:30,Bolívar,7.0,Guabirá,2.0,,Estadio Hernando Siles,Mipo Odubeko,,https://fbref.com/en/matches/03ab1045/Bolivar-Guabira-October-18-2019-Bolivian-Primera-Division
División de Fútbol Profesional,M,BOL,2019,1st,Torneo Clausura,16,Fri,2019-10-18,18:15,Wilstermann,3.0,Real Potosí,1.0,,Estadio Félix Capriles,Luis Yrusta,,https://fbref.com/en/matches/06a48ff1/Jorge-Wilstermann-Real-Potosi-October-18-2019-Bolivian-Primera-Division
División de Fútbol Profesional,M,BOL,2019,1st,Torneo Clausura,16,Fri,2019-10-18,20:30,Nacional Potosí,1.0,San José,1.0,,Estadio Victor Agustín Ugarte,Gaad David Flores,,https://fbref.com/en/matches/2929f6aa/Nacional-Potosi-San-Jose-October-18-2019-Bolivian-Primera-Division
División de Fútbol Profesional,M,BOL,2019,1st,Torneo Clausura,16,Fri,2019-10-18,20:30,Oriente Petrolero,1.0,Always Ready,1.0,,Estadio Ramón Aguilera Costas,Hostin Prado,,https://fbref.com/en/matches/ec42c50b/Oriente-Petrolero-Always-Ready-October-18-2019-Bolivian-Primera-Division
División de Fútbol Profesional,M,BOL,2019,1st,Torneo Clausura,16,Sat,2019-10-19,15:00,The Strongest,2.0,Aurora,2.0,,Estadio Hernando Siles,Jordy Aleman,,https://fbref.com/en/matches/953044ac/The-Strongest-Aurora-October-19-2019-Bolivian-Primera-Division
División de Fútbol Profesional,M,BOL,2019,1st,Torneo Clausura,16,Sat,2019-10-19,17:15,Sport Boys,2.0,Blooming,3.0,,Estadio Samuel Vaca Jimenez,Juan Nelio García,,https://fbref.com/en/matches/03513a34/Sport-Boys-Warnes-Blooming-October-19-2019-Bolivian-Primera-Division
División de Fútbol Profesional,M,BOL,2019,1st,Torneo Clausura,16,Sat,2019-10-19,19:30,Royal Parí,1.0,Destroyers,1.0,,Estadio Ramón Aguilera Costas,Carlos Arteaga,,https://fbref.com/en/matches/01e9a44e/Royal-Pari-Destroyers-October-19-2019-Bolivian-Primera-Division
División de Fútbol Profesional,M,BOL,2019,1st,Torneo Clausura,17,Sun,2019-11-24,15:00,Guabirá,1.0,The Strongest,5.0,,Estadio Gilberto Parada,Hostin Prado,,https://fbref.com/en/matches/ac215f54/Guabira-The-Strongest-November-24-2019-Bolivian-Primera-Division
División de Fútbol Profesional,M,BOL,2019,1st,Torneo Clausura,17,Sun,2019-11-24,19:30,Blooming,1.0,Royal Parí,1.0,,Estadio Ramón Aguilera Costas,Ivo Méndez,,https://fbref.com/en/matches/370f48cb/Blooming-Royal-Pari-November-24-2019-Bolivian-Primera-Division
División de Fútbol Profesional,M,BOL,2019,1st,Torneo Clausura,17,Mon,2019-11-25,20:00,Destroyers,1.0,Oriente Petrolero,2.0,,Estadio Ramón Aguilera Costas,Carlos Arteaga,,https://fbref.com/en/matches/f1309fee/Destroyers-Oriente-Petrolero-November-25-2019-Bolivian-Primera-Division
División de Fútbol Profesional,M,BOL,2019,1st,Torneo Clausura,17,Wed,2019-11-27,18:15,Aurora,1.0,Nacional Potosí,1.0,,Estadio Félix Capriles,Luis Yrusta,,https://fbref.com/en/matches/1d457906/Aurora-Nacional-Potosi-November-27-2019-Bolivian-Primera-Division
División de Fútbol Profesional,M,BOL,2019,1st,Torneo Clausura,17,Wed,2019-11-27,20:30,Real Potosí,2.0,Bolívar,5.0,,Estadio Victor Agustín Ugarte,Jorge Luis Justiniano,,https://fbref.com/en/matches/1ea74947/Real-Potosi-Bolivar-November-27-2019-Bolivian-Primera-Division
División de Fútbol Profesional,M,BOL,2019,1st,Torneo Clausura,17,Thu,2019-11-28,15:00,Always Ready,1.0,Wilstermann,1.0,,Estadio Municipal El Alto,Juan Nelio García,,https://fbref.com/en/matches/18791000/Always-Ready-Jorge-Wilstermann-November-28-2019-Bolivian-Primera-Division
División de Fútbol Profesional,M,BOL,2019,1st,Torneo Clausura,17,Thu,2019-11-28,20:00,San José,2.0,Sport Boys,0.0,,Estadio Jesús Bermúdez,Guildo Quenta,,https://fbref.com/en/matches/a10575c2/San-Jose-Sport-Boys-Warnes-November-28-2019-Bolivian-Primera-Division
División de Fútbol Profesional,M,BOL,2019,1st,Torneo Clausura,18,Sat,2019-11-30,15:00,Real Potosí,1.0,Guabirá,0.0,,Estadio Victor Agustín Ugarte,Nelson Barro,,https://fbref.com/en/matches/e7122e46/Real-Potosi-Guabira-November-30-2019-Bolivian-Primera-Division
División de Fútbol Profesional,M,BOL,2019,1st,Torneo Clausura,18,Sun,2019-12-01,15:00,Nacional Potosí,0.0,The Strongest,4.0,,Estadio Victor Agustín Ugarte,Javier Revollo,,https://fbref.com/en/matches/b7670460/Nacional-Potosi-The-Strongest-December-1-2019-Bolivian-Primera-Division
División de Fútbol Profesional,M,BOL,2019,1st,Torneo Clausura,18,Sun,2019-12-01,15:00,Sport Boys,4.0,Aurora,0.0,,Estadio Samuel Vaca Jimenez,José Jordán,,https://fbref.com/en/matches/d4f7d1e3/Sport-Boys-Warnes-Aurora-December-1-2019-Bolivian-Primera-Division
División de Fútbol Profesional,M,BOL,2019,1st,Torneo Clausura,18,Sun,2019-12-01,16:00,Bolívar,3.0,Always Ready,0.0,,Estadio Hernando Siles,Ivo Méndez,,https://fbref.com/en/matches/4c3eab4a/Bolivar-Always-Ready-December-1-2019-Bolivian-Primera-Division
División de Fútbol Profesional,M,BOL,2019,1st,Torneo Clausura,18,Sun,2019-12-01,17:15,Wilstermann,7.0,Destroyers,1.0,,Estadio Félix Capriles,Luis Yrusta,,https://fbref.com/en/matches/6d5f1871/Jorge-Wilstermann-Destroyers-December-1-2019-Bolivian-Primera-Division
División de Fútbol Profesional,M,BOL,2019,1st,Torneo Clausura,18,Sun,2019-12-01,19:30,Oriente Petrolero,2.0,Blooming,1.0,,Estadio Ramón Aguilera Costas,Juan Nelio García,,https://fbref.com/en/matches/290c747c/Oriente-Petrolero-Blooming-December-1-2019-Bolivian-Primera-Division
División de Fútbol Profesional,M,BOL,2019,1st,Torneo Clausura,18,Mon,2019-12-02,19:30,Royal Parí,0.0,San José,1.0,,Estadio Ramón Aguilera Costas,Hostin Prado,,https://fbref.com/en/matches/bd49a4f5/Royal-Pari-San-Jose-December-2-2019-Bolivian-Primera-Division
División de Fútbol Profesional,M,BOL,2019,1st,Torneo Clausura,19,Wed,2019-12-04,15:00,Guabirá,1.0,Nacional Potosí,1.0,,Estadio Gilberto Parada,Carlos Garcia,,https://fbref.com/en/matches/851efabe/Guabira-Nacional-Potosi-December-4-2019-Bolivian-Primera-Division
División de Fútbol Profesional,M,BOL,2019,1st,Torneo Clausura,19,Wed,2019-12-04,20:30,The Strongest,7.0,Sport Boys,0.0,,Estadio Hernando Siles,Mipo Odubeko,,https://fbref.com/en/matches/2dcb3537/The-Strongest-Sport-Boys-Warnes-December-4-2019-Bolivian-Primera-Division
División de Fútbol Profesional,M,BOL,2019,1st,Torneo Clausura,19,Thu,2019-12-05,15:00,Always Ready,5.0,Real Potosí,1.0,,Estadio Municipal El Alto,Hostin Prado,,https://fbref.com/en/matches/1c687fbc/Always-Ready-Real-Potosi-December-5-2019-Bolivian-Primera-Division
División de Fútbol Profesional,M,BOL,2019,1st,Torneo Clausura,19,Thu,2019-12-05,15:00,Destroyers,2.0,Bolívar,3.0,,Estadio Ramón Aguilera Costas,José Jordán,,https://fbref.com/en/matches/bd3f0bdc/Destroyers-Bolivar-December-5-2019-Bolivian-Primera-Division
División de Fútbol Profesional,M,BOL,2019,1st,Torneo Clausura,19,Thu,2019-12-05,18:15,Aurora,2.0,Royal Parí,0.0,,Estadio Félix Capriles,Orlando Quintana,,https://fbref.com/en/matches/b02f6521/Aurora-Royal-Pari-December-5-2019-Bolivian-Primera-Division
División de Fútbol Profesional,M,BOL,2019,1st,Torneo Clausura,19,Thu,2019-12-05,20:30,San José,3.0,Oriente Petrolero,1.0,,Estadio Jesús Bermúdez,Luis Yrusta,,https://fbref.com/en/matches/1591f51b/San-Jose-Oriente-Petrolero-December-5-2019-Bolivian-Primera-Division
División de Fútbol Profesional,M,BOL,2019,1st,Torneo Clausura,19,Thu,2019-12-05,20:30,Blooming,0.0,Wilstermann,3.0,,Estadio Ramón Aguilera Costas,Gery Vargas,,https://fbref.com/en/matches/98166de3/Blooming-Jorge-Wilstermann-December-5-2019-Bolivian-Primera-Division
División de Fútbol Profesional,M,BOL,2019,1st,Torneo Clausura,20,Sat,2019-12-07,15:00,Sport Boys,0.0,Nacional Potosí,0.0,,Estadio Samuel Vaca Jimenez,Gaad David Flores,,https://fbref.com/en/matches/da15ecf6/Sport-Boys-Warnes-Nacional-Potosi-December-7-2019-Bolivian-Primera-Division
División de Fútbol Profesional,M,BOL,2019,1st,Torneo Clausura,20,Sun,2019-12-08,15:00,Real Potosí,5.0,Destroyers,0.0,,Estadio Victor Agustín Ugarte,Luis Yrusta,,https://fbref.com/en/matches/d709b583/Real-Potosi-Destroyers-December-8-2019-Bolivian-Primera-Division
División de Fútbol Profesional,M,BOL,2019,1st,Torneo Clausura,20,Sun,2019-12-08,15:00,Always Ready,4.0,Guabirá,0.0,,Estadio Municipal El Alto,Jorge Luis Justiniano,,https://fbref.com/en/matches/ed445c0a/Always-Ready-Guabira-December-8-2019-Bolivian-Primera-Division
División de Fútbol Profesional,M,BOL,2019,1st,Torneo Clausura,20,Sun,2019-12-08,16:00,Bolívar,6.0,Blooming,0.0,,Estadio Hernando Siles,Hostin Prado,,https://fbref.com/en/matches/fb4c8611/Bolivar-Blooming-December-8-2019-Bolivian-Primera-Division
División de Fútbol Profesional,M,BOL,2019,1st,Torneo Clausura,20,Sun,2019-12-08,17:15,Wilstermann,1.0,San José,1.0,,Estadio Félix Capriles,Ivo Méndez,,https://fbref.com/en/matches/baa5f1b0/Jorge-Wilstermann-San-Jose-December-8-2019-Bolivian-Primera-Division
División de Fútbol Profesional,M,BOL,2019,1st,Torneo Clausura,20,Sun,2019-12-08,19:30,Royal Parí,0.0,The Strongest,2.0,,Estadio Ramón Aguilera Costas,Javier Revollo,,https://fbref.com/en/matches/51d098f2/Royal-Pari-The-Strongest-December-8-2019-Bolivian-Primera-Division
División de Fútbol Profesional,M,BOL,2019,1st,Torneo Clausura,20,Mon,2019-12-09,20:30,Oriente Petrolero,2.0,Aurora,1.0,,Estadio Ramón Aguilera Costas,Mipo Odubeko,,https://fbref.com/en/matches/9e91f5cb/Oriente-Petrolero-Aurora-December-9-2019-Bolivian-Primera-Division
División de Fútbol Profesional,M,BOL,2019,1st,Torneo Clausura,21,Wed,2019-12-11,15:00,Destroyers,1.0,Always Ready,3.0,,Estadio Ramón Aguilera Costas,Carlos Garcia,,https://fbref.com/en/matches/425393ce/Destroyers-Always-Ready-December-11-2019-Bolivian-Primera-Division
División de Fútbol Profesional,M,BOL,2019,1st,Torneo Clausura,21,Wed,2019-12-11,18:15,Blooming,2.0,Real Potosí,0.0,,Estadio Ramón Aguilera Costas,Mipo Odubeko,,https://fbref.com/en/matches/449ecda3/Blooming-Real-Potosi-December-11-2019-Bolivian-Primera-Division
División de Fútbol Profesional,M,BOL,2019,1st,Torneo Clausura,21,Wed,2019-12-11,20:30,San José,2.0,Bolívar,2.0,,Estadio Jesús Bermúdez,Juan Nelio García,,https://fbref.com/en/matches/b0f55838/San-Jose-Bolivar-December-11-2019-Bolivian-Primera-Division
División de Fútbol Profesional,M,BOL,2019,1st,Torneo Clausura,21,Thu,2019-12-12,15:00,Nacional Potosí,5.0,Royal Parí,2.0,,Estadio Victor Agustín Ugarte,Juan Marcelo Castro,,https://fbref.com/en/matches/786d4ef9/Nacional-Potosi-Royal-Pari-December-12-2019-Bolivian-Primera-Division
División de Fútbol Profesional,M,BOL,2019,1st,Torneo Clausura,21,Thu,2019-12-12,20:00,Guabirá,0.0,Sport Boys,0.0,,Estadio Gilberto Parada,Rafael Subirana,,https://fbref.com/en/matches/18f249c3/Guabira-Sport-Boys-Warnes-December-12-2019-Bolivian-Primera-Division
División de Fútbol Profesional,M,BOL,2019,1st,Torneo Clausura,21,Thu,2019-12-12,20:30,The Strongest,2.0,Oriente Petrolero,0.0,,Estadio Hernando Siles,Jordy Aleman,,https://fbref.com/en/matches/e5714dca/The-Strongest-Oriente-Petrolero-December-12-2019-Bolivian-Primera-Division
División de Fútbol Profesional,M,BOL,2019,1st,Torneo Clausura,21,Thu,2019-12-12,20:30,Aurora,0.0,Wilstermann,2.0,,Estadio Félix Capriles,Gery Vargas,,https://fbref.com/en/matches/e77d372c/Aurora-Jorge-Wilstermann-December-12-2019-Bolivian-Primera-Division
División de Fútbol Profesional,M,BOL,2019,1st,Torneo Clausura,22,Sat,2019-12-14,15:00,Always Ready,3.0,Blooming,0.0,,Estadio Municipal El Alto,Edson Rios,,https://fbref.com/en/matches/bab1ea59/Always-Ready-Blooming-December-14-2019-Bolivian-Primera-Division
División de Fútbol Profesional,M,BOL,2019,1st,Torneo Clausura,22,Sun,2019-12-15,15:00,Destroyers,0.0,Guabirá,0.0,,Estadio Ramón Aguilera Costas,Carlos Arteaga,,https://fbref.com/en/matches/41a65f2d/Destroyers-Guabira-December-15-2019-Bolivian-Primera-Division
División de Fútbol Profesional,M,BOL,2019,1st,Torneo Clausura,22,Sun,2019-12-15,15:00,Real Potosí,1.0,San José,4.0,,Estadio Victor Agustín Ugarte,Guildo Quenta,,https://fbref.com/en/matches/c3a046d2/Real-Potosi-San-Jose-December-15-2019-Bolivian-Primera-Division
División de Fútbol Profesional,M,BOL,2019,1st,Torneo Clausura,22,Sun,2019-12-15,16:00,Bolívar,5.0,Aurora,0.0,,Estadio Hernando Siles,Jordy Aleman,,https://fbref.com/en/matches/0e1889c4/Bolivar-Aurora-December-15-2019-Bolivian-Primera-Division
División de Fútbol Profesional,M,BOL,2019,1st,Torneo Clausura,22,Sun,2019-12-15,17:15,Royal Parí,0.0,Sport Boys,1.0,,Estadio Ramón Aguilera Costas,Jorge Luis Justiniano,,https://fbref.com/en/matches/651bfe9b/Royal-Pari-Sport-Boys-Warnes-December-15-2019-Bolivian-Primera-Division
División de Fútbol Profesional,M,BOL,2019,1st,Torneo Clausura,22,Sun,2019-12-15,17:15,Wilstermann,1.0,The Strongest,1.0,,Estadio Félix Capriles,Juan Nelio García,,https://fbref.com/en/matches/c68923f2/Jorge-Wilstermann-The-Strongest-December-15-2019-Bolivian-Primera-Division
División de Fútbol Profesional,M,BOL,2019,1st,Torneo Clausura,22,Sun,2019-12-15,19:30,Oriente Petrolero,2.0,Nacional Potosí,2.0,,Estadio Ramón Aguilera Costas,Mipo Odubeko,,https://fbref.com/en/matches/368f8289/Oriente-Petrolero-Nacional-Potosi-December-15-2019-Bolivian-Primera-Division
División de Fútbol Profesional,M,BOL,2019,1st,Torneo Clausura,23,Wed,2019-12-18,15:30,Guabirá,1.0,Royal Parí,1.0,,Estadio Gilberto Parada,Rafael Subirana,,https://fbref.com/en/matches/8d980963/Guabira-Royal-Pari-December-18-2019-Bolivian-Primera-Division
División de Fútbol Profesional,M,BOL,2019,1st,Torneo Clausura,23,Wed,2019-12-18,18:15,Aurora,0.0,Real Potosí,0.0,,Estadio Félix Capriles,Luis Yrusta,,https://fbref.com/en/matches/0992f3be/Aurora-Real-Potosi-December-18-2019-Bolivian-Primera-Division
División de Fútbol Profesional,M,BOL,2019,1st,Torneo Clausura,23,Wed,2019-12-18,18:15,San José,2.0,Always Ready,3.0,,Estadio Jesús Bermúdez,Hostin Prado,,https://fbref.com/en/matches/35ab9fda/San-Jose-Always-Ready-December-18-2019-Bolivian-Primera-Division
División de Fútbol Profesional,M,BOL,2019,1st,Torneo Clausura,23,Wed,2019-12-18,20:30,Blooming,1.0,Destroyers,0.0,,Estadio Ramón Aguilera Costas,Juan Nelio García,,https://fbref.com/en/matches/56ae5e8a/Blooming-Destroyers-December-18-2019-Bolivian-Primera-Division
División de Fútbol Profesional,M,BOL,2019,1st,Torneo Clausura,23,Thu,2019-12-19,18:15,Nacional Potosí,1.0,Wilstermann,3.0,,Estadio Victor Agustín Ugarte,Mipo Odubeko,,https://fbref.com/en/matches/f49ddafc/Nacional-Potosi-Jorge-Wilstermann-December-19-2019-Bolivian-Primera-Division
División de Fútbol Profesional,M,BOL,2019,1st,Torneo Clausura,23,Thu,2019-12-19,20:00,Sport Boys,1.0,Oriente Petrolero,2.0,,Estadio Samuel Vaca Jimenez,Carlos Arteaga,,https://fbref.com/en/matches/e3d73aa9/Sport-Boys-Warnes-Oriente-Petrolero-December-19-2019-Bolivian-Primera-Division
División de Fútbol Profesional,M,BOL,2019,1st,Torneo Clausura,23,Thu,2019-12-19,20:30,The Strongest,3.0,Bolívar,2.0,,Estadio Hernando Siles,Gery Vargas,,https://fbref.com/en/matches/f1365aa5/The-Strongest-Bolivar-December-19-2019-Bolivian-Primera-Division
División de Fútbol Profesional,M,BOL,2019,1st,Torneo Clausura,24,Sat,2019-12-21,15:00,Always Ready,0.0,Aurora,2.0,,Estadio Municipal El Alto,Alvaro Campos,,https://fbref.com/en/matches/4ba0083e/Always-Ready-Aurora-December-21-2019-Bolivian-Primera-Division
División de Fútbol Profesional,M,BOL,2019,1st,Torneo Clausura,24,Sat,2019-12-21,17:15,Destroyers,4.0,San José,2.0,,Estadio Ramón Aguilera Costas,Luis Yrusta,,https://fbref.com/en/matches/4270b0c0/Destroyers-San-Jose-December-21-2019-Bolivian-Primera-Division
División de Fútbol Profesional,M,BOL,2019,1st,Torneo Clausura,24,Sun,2019-12-22,15:00,Oriente Petrolero,1.0,Royal Parí,3.0,,Estadio Ramón Aguilera Costas,Juan Nelio García,,https://fbref.com/en/matches/316256a6/Oriente-Petrolero-Royal-Pari-December-22-2019-Bolivian-Primera-Division
División de Fútbol Profesional,M,BOL,2019,1st,Torneo Clausura,24,Sun,2019-12-22,15:00,Real Potosí,1.0,The Strongest,3.0,,Estadio Victor Agustín Ugarte,Javier Revollo,,https://fbref.com/en/matches/e4edf953/Real-Potosi-The-Strongest-December-22-2019-Bolivian-Primera-Division
División de Fútbol Profesional,M,BOL,2019,1st,Torneo Clausura,24,Sun,2019-12-22,16:00,Bolívar,2.0,Nacional Potosí,1.0,,Estadio Hernando Siles,Hostin Prado,,https://fbref.com/en/matches/8606b80d/Bolivar-Nacional-Potosi-December-22-2019-Bolivian-Primera-Division
División de Fútbol Profesional,M,BOL,2019,1st,Torneo Clausura,24,Sun,2019-12-22,17:15,Wilstermann,3.0,Sport Boys,2.0,,Estadio Félix Capriles,Nelson Barro,,https://fbref.com/en/matches/0564459d/Jorge-Wilstermann-Sport-Boys-Warnes-December-22-2019-Bolivian-Primera-Division
División de Fútbol Profesional,M,BOL,2019,1st,Torneo Clausura,24,Sun,2019-12-22,19:30,Blooming,1.0,Guabirá,1.0,,Estadio Ramón Aguilera Costas,Ivo Méndez,,https://fbref.com/en/matches/e27901f3/Blooming-Guabira-December-22-2019-Bolivian-Primera-Division
División de Fútbol Profesional,M,BOL,2019,1st,Torneo Clausura,25,Wed,2019-12-25,16:00,Aurora,1.0,Destroyers,0.0,,Estadio Félix Capriles,Luis Yrusta,,https://fbref.com/en/matches/454c675c/Aurora-Destroyers-December-25-2019-Bolivian-Primera-Division
División de Fútbol Profesional,M,BOL,2019,1st,Torneo Clausura,25,Wed,2019-12-25,16:00,Guabirá,1.0,Oriente Petrolero,3.0,,Estadio Gilberto Parada,Rafael Subirana,,https://fbref.com/en/matches/6efdc8d9/Guabira-Oriente-Petrolero-December-25-2019-Bolivian-Primera-Division
División de Fútbol Profesional,M,BOL,2019,1st,Torneo Clausura,25,Wed,2019-12-25,16:00,Royal Parí,0.0,Wilstermann,2.0,,Estadio Ramón Aguilera Costas,Gery Vargas,,https://fbref.com/en/matches/8267d69e/Royal-Pari-Jorge-Wilstermann-December-25-2019-Bolivian-Primera-Division
División de Fútbol Profesional,M,BOL,2019,1st,Torneo Clausura,25,Wed,2019-12-25,16:00,Sport Boys,1.0,Bolívar,3.0,,Estadio Samuel Vaca Jimenez,Jordy Aleman,,https://fbref.com/en/matches/967d9e2c/Sport-Boys-Warnes-Bolivar-December-25-2019-Bolivian-Primera-Division
División de Fútbol Profesional,M,BOL,2019,1st,Torneo Clausura,25,Wed,2019-12-25,16:00,San José,4.0,Blooming,0.0,,Estadio Jesús Bermúdez,Guildo Quenta,,https://fbref.com/en/matches/a9339767/San-Jose-Blooming-December-25-2019-Bolivian-Primera-Division
División de Fútbol Profesional,M,BOL,2019,1st,Torneo Clausura,25,Wed,2019-12-25,16:00,The Strongest,3.0,Always Ready,2.0,,Estadio Hernando Siles,Ivo Méndez,,https://fbref.com/en/matches/b3bee620/The-Strongest-Always-Ready-December-25-2019-Bolivian-Primera-Division
División de Fútbol Profesional,M,BOL,2019,1st,Torneo Clausura,25,Wed,2019-12-25,16:00,Nacional Potosí,1.0,Real Potosí,2.0,,Estadio Victor Agustín Ugarte,Orlando Quintana,,https://fbref.com/en/matches/c2df0c01/Nacional-Potosi-Real-Potosi-December-25-2019-Bolivian-Primera-Division
División de Fútbol Profesional,M,BOL,2019,1st,Torneo Clausura,26,Sat,2019-12-28,16:00,Bolívar,2.0,Royal Parí,2.0,,Estadio Hernando Siles,Jorge Luis Justiniano,,https://fbref.com/en/matches/325c0c94/Bolivar-Royal-Pari-December-28-2019-Bolivian-Primera-Division
División de Fútbol Profesional,M,BOL,2019,1st,Torneo Clausura,26,Sat,2019-12-28,16:00,Real Potosí,0.0,Sport Boys,0.0,,Estadio Victor Agustín Ugarte,,Match Cancelled,https://fbref.com/en/matches/49543f85/Real-Potosi-Sport-Boys-Warnes-December-28-2019-Bolivian-Primera-Division
División de Fútbol Profesional,M,BOL,2019,1st,Torneo Clausura,26,Sat,2019-12-28,16:00,Always Ready,3.0,Nacional Potosí,2.0,,Estadio Municipal El Alto,Carlos Arteaga,,https://fbref.com/en/matches/5d0c1ac5/Always-Ready-Nacional-Potosi-December-28-2019-Bolivian-Primera-Division
División de Fútbol Profesional,M,BOL,2019,1st,Torneo Clausura,26,Sat,2019-12-28,16:00,Wilstermann,3.0,Oriente Petrolero,1.0,,Estadio Félix Capriles,Luis Yrusta,,https://fbref.com/en/matches/92fae29d/Jorge-Wilstermann-Oriente-Petrolero-December-28-2019-Bolivian-Primera-Division
División de Fútbol Profesional,M,BOL,2019,1st,Torneo Clausura,26,Sat,2019-12-28,16:00,Destroyers,2.0,The Strongest,3.0,,Estadio Ramón Aguilera Costas,Gery Vargas,,https://fbref.com/en/matches/e1355e2f/Destroyers-The-Strongest-December-28-2019-Bolivian-Primera-Division
División de Fútbol Profesional,M,BOL,2019,1st,Torneo Clausura,26,Sat,2019-12-28,16:00,San José,2.0,Guabirá,1.0,,Estadio Jesús Bermúdez,Julio Gutiérrez,,https://fbref.com/en/matches/e9bcf734/San-Jose-Guabira-December-28-2019-Bolivian-Primera-Division
División de Fútbol Profesional,M,BOL,2019,1st,Torneo Clausura,26,Sat,2019-12-28,16:00,Blooming,0.0,Aurora,1.0,,Estadio Ramón Aguilera Costas,Fernando Toledo,,https://fbref.com/en/matches/f0e62f57/Blooming-Aurora-December-28-2019-Bolivian-Primera-Division
División de Fútbol Profesional,M,BOL,2020,1st,,1,Tue,2020-01-21,20:30,Blooming,1.0,Real Santa Cruz,1.0,,Estadio Ramón Aguilera Costas,Juan Nelio García,,https://fbref.com/en/matches/eae18c50/Blooming-Real-Santa-Cruz-January-21-2020-Bolivian-Primera-Division
División de Fútbol Profesional,M,BOL,2020,1st,,1,Wed,2020-01-22,15:00,Guabirá,2.0,Always Ready,1.0,,Estadio Gilberto Parada,Hostin Prado,,https://fbref.com/en/matches/9ea29903/Guabira-Always-Ready-January-22-2020-Bolivian-Primera-Division
División de Fútbol Profesional,M,BOL,2020,1st,,1,Wed,2020-01-22,15:00,Aurora,4.0,Real Potosí,0.0,,Estadio Félix Capriles,Luis Yrusta,,https://fbref.com/en/matches/ce6f7cb0/Aurora-Real-Potosi-January-22-2020-Bolivian-Primera-Division
División de Fútbol Profesional,M,BOL,2020,1st,,1,Wed,2020-01-22,16:00,Bolívar,3.0,Atlético Palmaflor,1.0,,Estadio Hernando Siles,Jordy Aleman,,https://fbref.com/en/matches/d98d2554/Bolivar-Atletico-Palmaflor-January-22-2020-Bolivian-Primera-Division
División de Fútbol Profesional,M,BOL,2020,1st,,1,Wed,2020-01-22,20:30,Royal Parí,1.0,Oriente Petrolero,0.0,,Estadio Ramón Aguilera Costas,Rafael Subirana,,https://fbref.com/en/matches/ed0eb4c5/Royal-Pari-Oriente-Petrolero-January-22-2020-Bolivian-Primera-Division
División de Fútbol Profesional,M,BOL,2020,1st,,1,Thu,2020-01-23,20:00,Nacional Potosí,1.0,Wilstermann,0.0,,Estadio Victor Agustín Ugarte,Gery Vargas,,https://fbref.com/en/matches/8f792242/Nacional-Potosi-Jorge-Wilstermann-January-23-2020-Bolivian-Primera-Division
División de Fútbol Profesional,M,BOL,2020,1st,,2,Sat,2020-01-25,15:00,Always Ready,1.0,Aurora,0.0,,Estadio Municipal El Alto,Carlos Arteaga,,https://fbref.com/en/matches/4f53057d/Always-Ready-Aurora-January-25-2020-Bolivian-Primera-Division
División de Fútbol Profesional,M,BOL,2020,1st,,2,Sat,2020-01-25,17:15,Atlético Palmaflor,1.0,Royal Parí,0.0,,Estadio Félix Capriles,Angel Flores,,https://fbref.com/en/matches/286fb2b1/Atletico-Palmaflor-Royal-Pari-January-25-2020-Bolivian-Primera-Division
División de Fútbol Profesional,M,BOL,2020,1st,,2,Sat,2020-01-25,19:30,San José,2.0,Bolívar,5.0,,Estadio Jesús Bermúdez,Juan Nelio García,,https://fbref.com/en/matches/00f88293/San-Jose-Bolivar-January-25-2020-Bolivian-Primera-Division
División de Fútbol Profesional,M,BOL,2020,1st,,2,Sun,2020-01-26,15:00,Real Potosí,1.0,Blooming,3.0,,Estadio Victor Agustín Ugarte,Guildo Quenta,,https://fbref.com/en/matches/f0cd6f10/Real-Potosi-Blooming-January-26-2020-Bolivian-Primera-Division
División de Fútbol Profesional,M,BOL,2020,1st,,2,Sun,2020-01-26,17:15,Wilstermann,1.0,Guabirá,0.0,,Estadio Félix Capriles,Javier Revollo,,https://fbref.com/en/matches/3f58c3d5/Jorge-Wilstermann-Guabira-January-26-2020-Bolivian-Primera-Division
División de Fútbol Profesional,M,BOL,2020,1st,,2,Sun,2020-01-26,17:15,Oriente Petrolero,1.0,Nacional Potosí,0.0,,Estadio Ramón Aguilera Costas,José Jordán,,https://fbref.com/en/matches/d734482e/Oriente-Petrolero-Nacional-Potosi-January-26-2020-Bolivian-Primera-Division
División de Fútbol Profesional,M,BOL,2020,1st,,2,Sun,2020-01-26,21:00,Real Santa Cruz,3.0,The Strongest,2.0,,Estadio Juan Carlos Durán,Dilio Rodriguez,,https://fbref.com/en/matches/390c9c71/Real-Santa-Cruz-The-Strongest-January-26-2020-Bolivian-Primera-Division
División de Fútbol Profesional,M,BOL,2020,1st,,3,Wed,2020-01-29,15:00,Royal Parí,1.0,Bolívar,0.0,,Estadio Ramón Aguilera Costas,Dilio Rodriguez,,https://fbref.com/en/matches/4a749ed9/Royal-Pari-Bolivar-January-29-2020-Bolivian-Primera-Division
División de Fútbol Profesional,M,BOL,2020,1st,,3,Wed,2020-01-29,18:15,The Strongest,3.0,Real Potosí,2.0,,Estadio Hernando Siles,Rafael Subirana,,https://fbref.com/en/matches/754f36a9/The-Strongest-Real-Potosi-January-29-2020-Bolivian-Primera-Division
División de Fútbol Profesional,M,BOL,2020,1st,,3,Wed,2020-01-29,18:15,Nacional Potosí,4.0,Atlético Palmaflor,2.0,,Estadio Victor Agustín Ugarte,Nelson Barro,,https://fbref.com/en/matches/a6d17d4a/Nacional-Potosi-Atletico-Palmaflor-January-29-2020-Bolivian-Primera-Division
División de Fútbol Profesional,M,BOL,2020,1st,,3,Wed,2020-01-29,20:30,Blooming,0.0,Always Ready,2.0,,Estadio Ramón Aguilera Costas,Gery Vargas,,https://fbref.com/en/matches/1f5b17d4/Blooming-Always-Ready-January-29-2020-Bolivian-Primera-Division
División de Fútbol Profesional,M,BOL,2020,1st,,3,Thu,2020-01-30,20:30,Guabirá,1.0,Oriente Petrolero,2.0,,Estadio Gilberto Parada,Juan Nelio García,,https://fbref.com/en/matches/3f23223a/Guabira-Oriente-Petrolero-January-30-2020-Bolivian-Primera-Division
División de Fútbol Profesional,M,BOL,2020,1st,,3,Thu,2020-01-30,20:30,Aurora,2.0,Wilstermann,1.0,,Estadio Félix Capriles,Luis Yrusta,,https://fbref.com/en/matches/828b11cd/Aurora-Jorge-Wilstermann-January-30-2020-Bolivian-Primera-Division
División de Fútbol Profesional,M,BOL,2020,1st,,4,Sat,2020-02-01,15:00,Always Ready,4.0,The Strongest,1.0,,Estadio Municipal El Alto,Jordy Aleman,,https://fbref.com/en/matches/50155c07/Always-Ready-The-Strongest-February-1-2020-Bolivian-Primera-Division
División de Fútbol Profesional,M,BOL,2020,1st,,4,Sat,2020-02-01,20:00,Bolívar,4.0,Nacional Potosí,0.0,,Estadio Hernando Siles,Juan Nelio García,,https://fbref.com/en/matches/5dd1d06e/Bolivar-Nacional-Potosi-February-1-2020-Bolivian-Primera-Division
División de Fútbol Profesional,M,BOL,2020,1st,,4,Sat,2020-02-01,20:00,San José,0.0,Royal Parí,2.0,,Estadio Jesús Bermúdez,Luis Yrusta,,https://fbref.com/en/matches/6e06c428/San-Jose-Royal-Pari-February-1-2020-Bolivian-Primera-Division
División de Fútbol Profesional,M,BOL,2020,1st,,4,Sun,2020-02-02,15:00,Wilstermann,3.0,Blooming,0.0,,Estadio Félix Capriles,Dilio Rodriguez,,https://fbref.com/en/matches/a8acc9ab/Jorge-Wilstermann-Blooming-February-2-2020-Bolivian-Primera-Division
División de Fútbol Profesional,M,BOL,2020,1st,,4,Sun,2020-02-02,17:15,Real Potosí,2.0,Real Santa Cruz,1.0,,Estadio Victor Agustín Ugarte,Juan Marcelo Castro,,https://fbref.com/en/matches/621a3aac/Real-Potosi-Real-Santa-Cruz-February-2-2020-Bolivian-Primera-Division
División de Fútbol Profesional,M,BOL,2020,1st,,4,Sun,2020-02-02,17:15,Oriente Petrolero,2.0,Aurora,1.0,,Estadio Ramón Aguilera Costas,Alvaro Campos,,https://fbref.com/en/matches/bbef15e2/Oriente-Petrolero-Aurora-February-2-2020-Bolivian-Primera-Division
División de Fútbol Profesional,M,BOL,2020,1st,,4,Sun,2020-02-02,19:30,Atlético Palmaflor,2.0,Guabirá,0.0,,Estadio Félix Capriles,Edson Rios,,https://fbref.com/en/matches/552b83c9/Atletico-Palmaflor-Guabira-February-2-2020-Bolivian-Primera-Division
División de Fútbol Profesional,M,BOL,2020,1st,,3,Wed,2020-02-05,15:00,Real Santa Cruz,1.0,San José,1.0,,Estadio Gilberto Parada,Angel Flores,,https://fbref.com/en/matches/06afdb44/Real-Santa-Cruz-San-Jose-February-5-2020-Bolivian-Primera-Division
División de Fútbol Profesional,M,BOL,2020,1st,,5,Sat,2020-02-08,15:00,Aurora,0.0,Atlético Palmaflor,0.0,,Estadio Félix Capriles,José Jordán,,https://fbref.com/en/matches/43be85b4/Aurora-Atletico-Palmaflor-February-8-2020-Bolivian-Primera-Division
División de Fútbol Profesional,M,BOL,2020,1st,,5,Sat,2020-02-08,17:15,Nacional Potosí,0.0,Royal Parí,0.0,,Estadio Victor Agustín Ugarte,Jordy Aleman,,https://fbref.com/en/matches/e3da52ea/Nacional-Potosi-Royal-Pari-February-8-2020-Bolivian-Primera-Division
División de Fútbol Profesional,M,BOL,2020,1st,,5,Sat,2020-02-08,19:30,The Strongest,0.0,Wilstermann,1.0,,Estadio Hernando Siles,Dilio Rodriguez,,https://fbref.com/en/matches/85ec3c70/The-Strongest-Jorge-Wilstermann-February-8-2020-Bolivian-Primera-Division
División de Fútbol Profesional,M,BOL,2020,1st,,5,Sun,2020-02-09,15:00,Always Ready,6.0,Real Santa Cruz,0.0,,Estadio Municipal El Alto,Jorge Luis Justiniano,,https://fbref.com/en/matches/0b7f51cf/Always-Ready-Real-Santa-Cruz-February-9-2020-Bolivian-Primera-Division
División de Fútbol Profesional,M,BOL,2020,1st,,5,Sun,2020-02-09,15:00,Guabirá,2.0,Bolívar,1.0,,Estadio Gilberto Parada,Javier Revollo,,https://fbref.com/en/matches/dc48d477/Guabira-Bolivar-February-9-2020-Bolivian-Primera-Division
División de Fútbol Profesional,M,BOL,2020,1st,,5,Sun,2020-02-09,17:15,Real Potosí,2.0,San José,1.0,,Estadio Victor Agustín Ugarte,Luis Yrusta,,https://fbref.com/en/matches/353cf426/Real-Potosi-San-Jose-February-9-2020-Bolivian-Primera-Division
División de Fútbol Profesional,M,BOL,2020,1st,,5,Sun,2020-02-09,19:30,Blooming,3.0,Oriente Petrolero,1.0,,Estadio Ramón Aguilera Costas,Gery Vargas,,https://fbref.com/en/matches/2537c701/Blooming-Oriente-Petrolero-February-9-2020-Bolivian-Primera-Division
División de Fútbol Profesional,M,BOL,2020,1st,,6,Wed,2020-02-12,15:00,Always Ready,4.0,Real Potosí,1.0,,Estadio Municipal El Alto,José Jordán,,https://fbref.com/en/matches/b9fd2f36/Always-Ready-Real-Potosi-February-12-2020-Bolivian-Primera-Division
División de Fútbol Profesional,M,BOL,2020,1st,,6,Wed,2020-02-12,20:00,Bolívar,3.0,Aurora,0.0,,Estadio Hernando Siles,Nelson Barro,,https://fbref.com/en/matches/674844e6/Bolivar-Aurora-February-12-2020-Bolivian-Primera-Division
División de Fútbol Profesional,M,BOL,2020,1st,,6,Wed,2020-02-12,20:30,Royal Parí,2.0,Guabirá,1.0,,Estadio Ramón Aguilera Costas,Rafael Subirana,,https://fbref.com/en/matches/9dfd3a13/Royal-Pari-Guabira-February-12-2020-Bolivian-Primera-Division
División de Fútbol Profesional,M,BOL,2020,1st,,6,Wed,2020-02-12,20:30,San José,1.0,Nacional Potosí,1.0,,Estadio Jesús Bermúdez,Charles Terrazas,,https://fbref.com/en/matches/db96b180/San-Jose-Nacional-Potosi-February-12-2020-Bolivian-Primera-Division
División de Fútbol Profesional,M,BOL,2020,1st,,6,Thu,2020-02-13,15:00,Atlético Palmaflor,2.0,Blooming,1.0,,Estadio Félix Capriles,Luis Yrusta,,https://fbref.com/en/matches/47263585/Atletico-Palmaflor-Blooming-February-13-2020-Bolivian-Primera-Division
División de Fútbol Profesional,M,BOL,2020,1st,,6,Thu,2020-02-13,20:00,Wilstermann,0.0,Real Santa Cruz,0.0,,Estadio Félix Capriles,Gaad David Flores,,https://fbref.com/en/matches/1e355941/Jorge-Wilstermann-Real-Santa-Cruz-February-13-2020-Bolivian-Primera-Division
División de Fútbol Profesional,M,BOL,2020,1st,,7,Sat,2020-02-15,15:00,Always Ready,1.0,San José,2.0,,Estadio Municipal El Alto,Ivo Méndez,,https://fbref.com/en/matches/866795e9/Always-Ready-San-Jose-February-15-2020-Bolivian-Primera-Division
División de Fútbol Profesional,M,BOL,2020,1st,,7,Sat,2020-02-15,17:15,Guabirá,1.0,Nacional Potosí,0.0,,Estadio Gilberto Parada,Fernando Toledo,,https://fbref.com/en/matches/0c1c3206/Guabira-Nacional-Potosi-February-15-2020-Bolivian-Primera-Division
División de Fútbol Profesional,M,BOL,2020,1st,,7,Sun,2020-02-16,15:00,Real Potosí,4.0,Wilstermann,1.0,,Estadio Victor Agustín Ugarte,Javier Revollo,,https://fbref.com/en/matches/52080cf3/Real-Potosi-Jorge-Wilstermann-February-16-2020-Bolivian-Primera-Division
División de Fútbol Profesional,M,BOL,2020,1st,,7,Sun,2020-02-16,15:00,Real Santa Cruz,1.0,Oriente Petrolero,5.0,,Estadio Ramón Aguilera Costas,Rafael Subirana,,https://fbref.com/en/matches/b9d29b53/Real-Santa-Cruz-Oriente-Petrolero-February-16-2020-Bolivian-Primera-Division
División de Fútbol Profesional,M,BOL,2020,1st,,7,Sun,2020-02-16,17:15,The Strongest,1.0,Atlético Palmaflor,0.0,,Estadio Hernando Siles,Jorge Luis Justiniano,,https://fbref.com/en/matches/9aeb4694/The-Strongest-Atletico-Palmaflor-February-16-2020-Bolivian-Primera-Division
División de Fútbol Profesional,M,BOL,2020,1st,,7,Sun,2020-02-16,19:30,Blooming,2.0,Bolívar,1.0,,Estadio Ramón Aguilera Costas,José Jordán,,https://fbref.com/en/matches/5ab9a014/Blooming-Bolivar-February-16-2020-Bolivian-Primera-Division
División de Fútbol Profesional,M,BOL,2020,1st,,7,Mon,2020-02-17,18:00,Aurora,0.0,Royal Parí,1.0,,Estadio Félix Capriles,Guildo Quenta,,https://fbref.com/en/matches/43274926/Aurora-Royal-Pari-February-17-2020-Bolivian-Primera-Division
División de Fútbol Profesional,M,BOL,2020,1st,,8,Fri,2020-02-21,18:00,Bolívar,5.0,The Strongest,4.0,,Estadio Hernando Siles,Jorge Luis Justiniano,,https://fbref.com/en/matches/c0551abf/Bolivar-The-Strongest-February-21-2020-Bolivian-Primera-Division
División de Fútbol Profesional,M,BOL,2020,1st,,8,Fri,2020-02-21,19:00,San José,2.0,Guabirá,2.0,,Estadio Jesús Bermúdez,Joaquin Verastegui,,https://fbref.com/en/matches/e8f253d2/San-Jose-Guabira-February-21-2020-Bolivian-Primera-Division
División de Fútbol Profesional,M,BOL,2020,1st,,8,Sat,2020-02-22,15:00,Atlético Palmaflor,2.0,Real Santa Cruz,1.0,,Estadio Félix Capriles,Javier Revollo,,https://fbref.com/en/matches/d48fc1de/Atletico-Palmaflor-Real-Santa-Cruz-February-22-2020-Bolivian-Primera-Division
División de Fútbol Profesional,M,BOL,2020,1st,,8,Sun,2020-02-23,15:00,Nacional Potosí,2.0,Aurora,1.0,,Estadio Victor Agustín Ugarte,Ivo Méndez,,https://fbref.com/en/matches/3a258eb8/Nacional-Potosi-Aurora-February-23-2020-Bolivian-Primera-Division
División de Fútbol Profesional,M,BOL,2020,1st,,8,Sun,2020-02-23,15:00,Royal Parí,2.0,Blooming,3.0,,Estadio Ramón Aguilera Costas,Juan Nelio García,,https://fbref.com/en/matches/ca9f51cd/Royal-Pari-Blooming-February-23-2020-Bolivian-Primera-Division
División de Fútbol Profesional,M,BOL,2020,1st,,8,Sun,2020-02-23,17:15,Wilstermann,2.0,Always Ready,0.0,,Estadio Félix Capriles,José Jordán,,https://fbref.com/en/matches/507a2e81/Jorge-Wilstermann-Always-Ready-February-23-2020-Bolivian-Primera-Division
División de Fútbol Profesional,M,BOL,2020,1st,,9,Wed,2020-02-26,15:00,Always Ready,4.0,Oriente Petrolero,2.0,,Estadio Municipal El Alto,Javier Revollo,,https://fbref.com/en/matches/1f14e27e/Always-Ready-Oriente-Petrolero-February-26-2020-Bolivian-Primera-Division
División de Fútbol Profesional,M,BOL,2020,1st,,9,Wed,2020-02-26,18:15,Real Potosí,1.0,Atlético Palmaflor,0.0,,Estadio Victor Agustín Ugarte,Ivo Méndez,,https://fbref.com/en/matches/a6132d31/Real-Potosi-Atletico-Palmaflor-February-26-2020-Bolivian-Primera-Division
División de Fútbol Profesional,M,BOL,2020,1st,,9,Wed,2020-02-26,20:30,Wilstermann,1.0,San José,2.0,,Estadio Félix Capriles,Juan Nelio García,,https://fbref.com/en/matches/b389c440/Jorge-Wilstermann-San-Jose-February-26-2020-Bolivian-Primera-Division
División de Fútbol Profesional,M,BOL,2020,1st,,9,Thu,2020-02-27,15:00,Real Santa Cruz,2.0,Bolívar,4.0,,Estadio Ramón Aguilera Costas,Dilio Rodriguez,,https://fbref.com/en/matches/13fa1c75/Real-Santa-Cruz-Bolivar-February-27-2020-Bolivian-Primera-Division
División de Fútbol Profesional,M,BOL,2020,1st,,9,Thu,2020-02-27,18:15,Aurora,2.0,Guabirá,0.0,,Estadio Félix Capriles,Luis Yrusta,,https://fbref.com/en/matches/450ee443/Aurora-Guabira-February-27-2020-Bolivian-Primera-Division
División de Fútbol Profesional,M,BOL,2020,1st,,9,Thu,2020-02-27,20:30,The Strongest,4.0,Royal Parí,0.0,,Estadio Hernando Siles,Nelson Barro,,https://fbref.com/en/matches/523b8f24/The-Strongest-Royal-Pari-February-27-2020-Bolivian-Primera-Division
División de Fútbol Profesional,M,BOL,2020,1st,,9,Thu,2020-02-27,20:30,Blooming,2.0,Nacional Potosí,1.0,,Estadio Ramón Aguilera Costas,Charles Terrazas,,https://fbref.com/en/matches/b6fffc1f/Blooming-Nacional-Potosi-February-27-2020-Bolivian-Primera-Division
División de Fútbol Profesional,M,BOL,2020,1st,,10,Sun,2020-03-01,15:00,Nacional Potosí,3.0,The Strongest,1.0,,Estadio Victor Agustín Ugarte,Javier Revollo,,https://fbref.com/en/matches/97558f46/Nacional-Potosi-The-Strongest-March-1-2020-Bolivian-Primera-Division
División de Fútbol Profesional,M,BOL,2020,1st,,10,Sun,2020-03-01,16:00,Bolívar,0.0,Real Potosí,0.0,,Estadio Hernando Siles,Raúl Orosco,,https://fbref.com/en/matches/edce49b0/Bolivar-Real-Potosi-March-1-2020-Bolivian-Primera-Division
División de Fútbol Profesional,M,BOL,2020,1st,,10,Sun,2020-03-01,17:15,San José,1.0,Aurora,0.0,,Estadio Jesús Bermúdez,José Jordán,,https://fbref.com/en/matches/9c4638c6/San-Jose-Aurora-March-1-2020-Bolivian-Primera-Division
División de Fútbol Profesional,M,BOL,2020,1st,,10,Sun,2020-03-01,19:30,Oriente Petrolero,0.0,Wilstermann,1.0,,Estadio Ramón Aguilera Costas,Gery Vargas,,https://fbref.com/en/matches/44fa798c/Oriente-Petrolero-Jorge-Wilstermann-March-1-2020-Bolivian-Primera-Division
División de Fútbol Profesional,M,BOL,2020,1st,,10,Mon,2020-03-02,15:00,Atlético Palmaflor,2.0,Always Ready,0.0,,Estadio Félix Capriles,Rafael Subirana,,https://fbref.com/en/matches/0ad24f30/Atletico-Palmaflor-Always-Ready-March-2-2020-Bolivian-Primera-Division
División de Fútbol Profesional,M,BOL,2020,1st,,10,Mon,2020-03-02,20:30,Royal Parí,0.0,Real Santa Cruz,2.0,,Estadio Ramón Aguilera Costas,Carlos Arteaga,,https://fbref.com/en/matches/1f352679/Royal-Pari-Real-Santa-Cruz-March-2-2020-Bolivian-Primera-Division
División de Fútbol Profesional,M,BOL,2020,1st,,10,Tue,2020-03-03,20:30,Guabirá,1.0,Blooming,1.0,,Estadio Gilberto Parada,Ivo Méndez,,https://fbref.com/en/matches/c4109241/Guabira-Blooming-March-3-2020-Bolivian-Primera-Division
División de Fútbol Profesional,M,BOL,2020,1st,,1,Wed,2020-03-04,20:00,The Strongest,3.0,San José,0.0,,Estadio Hernando Siles,Jordy Aleman,,https://fbref.com/en/matches/ef31a427/The-Strongest-San-Jose-March-4-2020-Bolivian-Primera-Division
División de Fútbol Profesional,M,BOL,2020,1st,,8,Wed,2020-03-04,20:30,Real Potosí,2.0,Oriente Petrolero,2.0,,Estadio Victor Agustín Ugarte,Guildo Quenta,,https://fbref.com/en/matches/896aebea/Real-Potosi-Oriente-Petrolero-March-4-2020-Bolivian-Primera-Division
División de Fútbol Profesional,M,BOL,2020,1st,,11,Fri,2020-03-06,15:00,Real Santa Cruz,2.0,Nacional Potosí,1.0,,Estadio Ramón Aguilera Costas,Juan Marcelo Castro,,https://fbref.com/en/matches/bcd129dd/Real-Santa-Cruz-Nacional-Potosi-March-6-2020-Bolivian-Primera-Division
División de Fútbol Profesional,M,BOL,2020,1st,,11,Sat,2020-03-07,15:00,Always Ready,2.0,Bolívar,1.0,,Estadio Municipal El Alto,Ivo Méndez,,https://fbref.com/en/matches/4ae01c94/Always-Ready-Bolivar-March-7-2020-Bolivian-Primera-Division
División de Fútbol Profesional,M,BOL,2020,1st,,11,Sat,2020-03-07,17:15,Blooming,4.0,Aurora,0.0,,Estadio Ramón Aguilera Costas,Dilio Rodriguez,,https://fbref.com/en/matches/ab494a5f/Blooming-Aurora-March-7-2020-Bolivian-Primera-Division
División de Fútbol Profesional,M,BOL,2020,1st,,11,Sat,2020-03-07,17:15,Wilstermann,2.0,Atlético Palmaflor,1.0,,Estadio Félix Capriles,Carlos Garcia,,https://fbref.com/en/matches/d559cd4c/Jorge-Wilstermann-Atletico-Palmaflor-March-7-2020-Bolivian-Primera-Division
División de Fútbol Profesional,M,BOL,2020,1st,,11,Sun,2020-03-08,15:00,The Strongest,6.0,Guabirá,2.0,,Estadio Hernando Siles,Nelson Barro,,https://fbref.com/en/matches/61b6d5fe/The-Strongest-Guabira-March-8-2020-Bolivian-Primera-Division
División de Fútbol Profesional,M,BOL,2020,1st,,11,Sun,2020-03-08,17:15,Real Potosí,2.0,Royal Parí,2.0,,Estadio Victor Agustín Ugarte,Gery Vargas,,https://fbref.com/en/matches/ad89f493/Real-Potosi-Royal-Pari-March-8-2020-Bolivian-Primera-Division
División de Fútbol Profesional,M,BOL,2020,1st,,11,Sun,2020-03-08,19:30,San José,4.0,Oriente Petrolero,1.0,,Estadio Ramón Aguilera Costas,Raúl Orosco,,https://fbref.com/en/matches/013bf5f3/San-Jose-Oriente-Petrolero-March-8-2020-Bolivian-Primera-Division
División de Fútbol Profesional,M,BOL,2020,1st,,12,Wed,2020-03-11,15:00,Royal Parí,4.0,Always Ready,1.0,,Estadio Ramón Aguilera Costas,José Jordán,,https://fbref.com/en/matches/a4901c13/Royal-Pari-Always-Ready-March-11-2020-Bolivian-Primera-Division
División de Fútbol Profesional,M,BOL,2020,1st,,12,Wed,2020-03-11,18:15,Atlético Palmaflor,1.0,Oriente Petrolero,0.0,,Estadio Félix Capriles,Dilio Rodriguez,,https://fbref.com/en/matches/b282960d/Atletico-Palmaflor-Oriente-Petrolero-March-11-2020-Bolivian-Primera-Division
División de Fútbol Profesional,M,BOL,2020,1st,,12,Wed,2020-03-11,20:30,San José,1.0,Blooming,0.0,,Estadio Jesús Bermúdez,Carlos Garcia,,https://fbref.com/en/matches/f59abc54/San-Jose-Blooming-March-11-2020-Bolivian-Primera-Division
División de Fútbol Profesional,M,BOL,2020,1st,,12,Thu,2020-03-12,20:00,Aurora,1.0,The Strongest,2.0,,Estadio Félix Capriles,Rafael Subirana,,https://fbref.com/en/matches/33a2b73a/Aurora-The-Strongest-March-12-2020-Bolivian-Primera-Division
División de Fútbol Profesional,M,BOL,2020,1st,,12,Sat,2020-03-14,16:00,Bolívar,1.0,Wilstermann,1.0,,Estadio Hernando Siles,Gery Vargas,,https://fbref.com/en/matches/e1b8245b/Bolivar-Jorge-Wilstermann-March-14-2020-Bolivian-Primera-Division
División de Fútbol Profesional,M,BOL,2020,1st,,12,Sun,2020-03-15,15:00,Nacional Potosí,4.0,Real Potosí,0.0,,Estadio Victor Agustín Ugarte,Ivo Méndez,,https://fbref.com/en/matches/4e907a41/Nacional-Potosi-Real-Potosi-March-15-2020-Bolivian-Primera-Division
División de Fútbol Profesional,M,BOL,2020,1st,,6,Sun,2020-03-15,17:15,Oriente Petrolero,0.0,The Strongest,3.0,,Estadio Ramón Aguilera Costas,Jordy Aleman,,https://fbref.com/en/matches/67f48e97/Oriente-Petrolero-The-Strongest-March-15-2020-Bolivian-Primera-Division
División de Fútbol Profesional,M,BOL,2020,1st,,12,Sun,2020-03-15,17:15,Guabirá,1.0,Real Santa Cruz,0.0,,Estadio Gilberto Parada,Carlos Arteaga,,https://fbref.com/en/matches/6493b200/Guabira-Real-Santa-Cruz-March-15-2020-Bolivian-Primera-Division
División de Fútbol Profesional,M,BOL,2020,1st,,13,Fri,2020-11-27,15:00,Always Ready,2.0,Nacional Potosí,2.0,,Estadio Municipal El Alto,José Jordán,,https://fbref.com/en/matches/2e6048b3/Always-Ready-Nacional-Potosi-November-27-2020-Bolivian-Primera-Division
División de Fútbol Profesional,M,BOL,2020,1st,,13,Fri,2020-11-27,15:30,Real Santa Cruz,4.0,Aurora,2.0,,Estadio Juan Carlos Durán,Dilio Rodriguez,,https://fbref.com/en/matches/08c23da9/Real-Santa-Cruz-Aurora-November-27-2020-Bolivian-Primera-Division
División de Fútbol Profesional,M,BOL,2020,1st,,13,Fri,2020-11-27,17:30,Real Potosí,0.0,Guabirá,1.0,,Estadio Victor Agustín Ugarte,Charles Terrazas,,https://fbref.com/en/matches/ed6f2139/Real-Potosi-Guabira-November-27-2020-Bolivian-Primera-Division
División de Fútbol Profesional,M,BOL,2020,1st,,13,Fri,2020-11-27,20:00,Oriente Petrolero,3.0,Bolívar,4.0,,Estadio Ramón Aguilera Costas,Javier Revollo,,https://fbref.com/en/matches/a803b882/Oriente-Petrolero-Bolivar-November-27-2020-Bolivian-Primera-Division
División de Fútbol Profesional,M,BOL,2020,1st,,13,Sat,2020-11-28,15:00,Atlético Palmaflor,5.0,San José,0.0,,Estadio Félix Capriles,Carlos Arteaga,,https://fbref.com/en/matches/917fc087/Atletico-Palmaflor-San-Jose-November-28-2020-Bolivian-Primera-Division
División de Fútbol Profesional,M,BOL,2020,1st,,13,Sat,2020-11-28,17:15,The Strongest,3.0,Blooming,0.0,,Estadio Hernando Siles,Nelson Barro,,https://fbref.com/en/matches/01c99688/The-Strongest-Blooming-November-28-2020-Bolivian-Primera-Division
División de Fútbol Profesional,M,BOL,2020,1st,,13,Sat,2020-11-28,19:30,Wilstermann,2.0,Royal Parí,3.0,,Estadio Félix Capriles,Luis Yrusta,,https://fbref.com/en/matches/2a9a8a94/Jorge-Wilstermann-Royal-Pari-November-28-2020-Bolivian-Primera-Division
División de Fútbol Profesional,M,BOL,2020,1st,,14,Mon,2020-11-30,15:00,Wilstermann,2.0,Nacional Potosí,1.0,,Estadio Municipal de Sacaba,Juan Nelio García,,https://fbref.com/en/matches/3145072f/Jorge-Wilstermann-Nacional-Potosi-November-30-2020-Bolivian-Primera-Division
División de Fútbol Profesional,M,BOL,2020,1st,,14,Mon,2020-11-30,15:00,Real Santa Cruz,0.0,Blooming,2.0,,Estadio Juan Carlos Durán,Ivo Méndez,,https://fbref.com/en/matches/cb7022b8/Real-Santa-Cruz-Blooming-November-30-2020-Bolivian-Primera-Division
División de Fútbol Profesional,M,BOL,2020,1st,,14,Mon,2020-11-30,17:15,San José,1.0,The Strongest,1.0,,Estadio Jesús Bermúdez,Raúl Orozco,,https://fbref.com/en/matches/4e59e15a/San-Jose-The-Strongest-November-30-2020-Bolivian-Primera-Division
División de Fútbol Profesional,M,BOL,2020,1st,,14,Tue,2020-12-01,15:00,Atlético Palmaflor,1.0,Bolívar,0.0,,Estadio Félix Capriles,Jorge Mancilla,,https://fbref.com/en/matches/10e3a5cd/Atletico-Palmaflor-Bolivar-December-1-2020-Bolivian-Primera-Division
División de Fútbol Profesional,M,BOL,2020,1st,,14,Tue,2020-12-01,15:00,Always Ready,2.0,Guabirá,0.0,,Estadio Municipal El Alto,Alvaro Campos,,https://fbref.com/en/matches/82c85e74/Always-Ready-Guabira-December-1-2020-Bolivian-Primera-Division
División de Fútbol Profesional,M,BOL,2020,1st,,14,Tue,2020-12-01,17:15,Real Potosí,2.0,Aurora,1.0,,Estadio Victor Agustín Ugarte,Nunzio Di Roberto,,https://fbref.com/en/matches/e625e4cd/Real-Potosi-Aurora-December-1-2020-Bolivian-Primera-Division
División de Fútbol Profesional,M,BOL,2020,1st,,14,Tue,2020-12-01,19:30,Oriente Petrolero,2.0,Royal Parí,2.0,,Estadio Ramón Aguilera Costas,Rafael Subirana,,https://fbref.com/en/matches/f950db9b/Oriente-Petrolero-Royal-Pari-December-1-2020-Bolivian-Primera-Division
División de Fútbol Profesional,M,BOL,2020,1st,,15,Wed,2020-12-02,19:00,The Strongest,4.0,Real Santa Cruz,2.0,,Estadio Hernando Siles,Javier Revollo,,https://fbref.com/en/matches/44a64e12/The-Strongest-Real-Santa-Cruz-December-2-2020-Bolivian-Primera-Division
División de Fútbol Profesional,M,BOL,2020,1st,,15,Thu,2020-12-03,15:00,Royal Parí,3.0,Atlético Palmaflor,1.0,,Estadio Ramón Aguilera Costas,Jorge Mancilla,,https://fbref.com/en/matches/5d56d711/Royal-Pari-Atletico-Palmaflor-December-3-2020-Bolivian-Primera-Division
División de Fútbol Profesional,M,BOL,2020,1st,,15,Thu,2020-12-03,17:15,Nacional Potosí,2.0,Oriente Petrolero,1.0,,Estadio Victor Agustín Ugarte,Raúl Orozco,,https://fbref.com/en/matches/75e91054/Nacional-Potosi-Oriente-Petrolero-December-3-2020-Bolivian-Primera-Division
División de Fútbol Profesional,M,BOL,2020,1st,,15,Thu,2020-12-03,20:00,Blooming,2.0,Real Potosí,1.0,,Estadio Ramón Aguilera Costas,Guildo Quenta,,https://fbref.com/en/matches/287b2613/Blooming-Real-Potosi-December-3-2020-Bolivian-Primera-Division
División de Fútbol Profesional,M,BOL,2020,1st,,15,Fri,2020-12-04,15:00,Aurora,1.0,Always Ready,1.0,,Estadio Félix Capriles,Rafael Subirana,,https://fbref.com/en/matches/84ccaed6/Aurora-Always-Ready-December-4-2020-Bolivian-Primera-Division
División de Fútbol Profesional,M,BOL,2020,1st,,15,Fri,2020-12-04,16:00,Bolívar,2.0,San José,0.0,,Estadio Hernando Siles,Dilio Rodriguez,,https://fbref.com/en/matches/6d2eb304/Bolivar-San-Jose-December-4-2020-Bolivian-Primera-Division
División de Fútbol Profesional,M,BOL,2020,1st,,15,Fri,2020-12-04,20:00,Guabirá,1.0,Wilstermann,3.0,,Estadio Gilberto Parada,Christian Aleman,,https://fbref.com/en/matches/d9bcd59f/Guabira-Jorge-Wilstermann-December-4-2020-Bolivian-Primera-Division
División de Fútbol Profesional,M,BOL,2020,1st,,16,Sun,2020-12-06,15:00,Atlético Palmaflor,0.0,Nacional Potosí,0.0,,Estadio Félix Capriles,Christian Aleman,,https://fbref.com/en/matches/55a5e422/Atletico-Palmaflor-Nacional-Potosi-December-6-2020-Bolivian-Primera-Division
División de Fútbol Profesional,M,BOL,2020,1st,,16,Sun,2020-12-06,16:00,Bolívar,4.0,Royal Parí,0.0,,Estadio Hernando Siles,Raúl Orozco,,https://fbref.com/en/matches/651a4ef2/Bolivar-Royal-Pari-December-6-2020-Bolivian-Primera-Division
División de Fútbol Profesional,M,BOL,2020,1st,,16,Sun,2020-12-06,17:15,Real Potosí,3.0,The Strongest,5.0,,Estadio Victor Agustín Ugarte,Carlos Arteaga,,https://fbref.com/en/matches/e16bf054/Real-Potosi-The-Strongest-December-6-2020-Bolivian-Primera-Division
División de Fútbol Profesional,M,BOL,2020,1st,,16,Sun,2020-12-06,19:30,Oriente Petrolero,2.0,Guabirá,3.0,,Estadio Ramón Aguilera Costas,Juan Nelio García,,https://fbref.com/en/matches/9c8febcd/Oriente-Petrolero-Guabira-December-6-2020-Bolivian-Primera-Division
División de Fútbol Profesional,M,BOL,2020,1st,,16,Mon,2020-12-07,15:00,Always Ready,8.0,Blooming,0.0,,Estadio Municipal El Alto,Carlos Terrazas,,https://fbref.com/en/matches/a16584a9/Always-Ready-Blooming-December-7-2020-Bolivian-Primera-Division
División de Fútbol Profesional,M,BOL,2020,1st,,16,Mon,2020-12-07,17:15,San José,4.0,Real Santa Cruz,1.0,,Estadio Jesús Bermúdez,Gado Flores,,https://fbref.com/en/matches/690fda5b/San-Jose-Real-Santa-Cruz-December-7-2020-Bolivian-Primera-Division
División de Fútbol Profesional,M,BOL,2020,1st,,16,Mon,2020-12-07,20:00,Wilstermann,1.0,Aurora,1.0,,Estadio Félix Capriles,Gery Vargas,,https://fbref.com/en/matches/f35c1b39/Jorge-Wilstermann-Aurora-December-7-2020-Bolivian-Primera-Division
División de Fútbol Profesional,M,BOL,2020,1st,,17,Tue,2020-12-08,15:00,Guabirá,2.0,Atlético Palmaflor,0.0,,Estadio Gilberto Parada,Guildo Quenta,,https://fbref.com/en/matches/e939327f/Guabira-Atletico-Palmaflor-December-8-2020-Bolivian-Primera-Division
División de Fútbol Profesional,M,BOL,2020,1st,,17,Tue,2020-12-08,20:00,Nacional Potosí,1.0,Bolívar,1.0,,Estadio Victor Agustín Ugarte,Dilio Rodriguez,,https://fbref.com/en/matches/b39c17ca/Nacional-Potosi-Bolivar-December-8-2020-Bolivian-Primera-Division
División de Fútbol Profesional,M,BOL,2020,1st,,17,Wed,2020-12-09,15:00,Real Santa Cruz,3.0,Real Potosí,1.0,,Estadio Juan Carlos Durán,Hostin Prado,,https://fbref.com/en/matches/43613890/Real-Santa-Cruz-Real-Potosi-December-9-2020-Bolivian-Primera-Division
División de Fútbol Profesional,M,BOL,2020,1st,,17,Wed,2020-12-09,15:00,Royal Parí,2.0,San José,0.0,,Estadio Ramón Aguilera Costas,Luis Yrusta,,https://fbref.com/en/matches/dfc38edb/Royal-Pari-San-Jose-December-9-2020-Bolivian-Primera-Division
División de Fútbol Profesional,M,BOL,2020,1st,,17,Wed,2020-12-09,17:15,The Strongest,2.0,Always Ready,0.0,,Estadio Hernando Siles,Ivo Méndez,,https://fbref.com/en/matches/93c4a2ed/The-Strongest-Always-Ready-December-9-2020-Bolivian-Primera-Division
División de Fútbol Profesional,M,BOL,2020,1st,,17,Wed,2020-12-09,20:00,Blooming,2.0,Wilstermann,1.0,,Estadio Ramón Aguilera Costas,José Jordán,,https://fbref.com/en/matches/7eea5026/Blooming-Jorge-Wilstermann-December-9-2020-Bolivian-Primera-Division
División de Fútbol Profesional,M,BOL,2020,1st,,17,Thu,2020-12-10,15:00,Aurora,2.0,Oriente Petrolero,1.0,,Estadio Félix Capriles,Nelson Barro,,https://fbref.com/en/matches/5c65c5d5/Aurora-Oriente-Petrolero-December-10-2020-Bolivian-Primera-Division
División de Fútbol Profesional,M,BOL,2020,1st,,18,Fri,2020-12-11,15:00,San José,1.0,Real Potosí,2.0,,Estadio Jesús Bermúdez,Juan Nelio García,,https://fbref.com/en/matches/298aee97/San-Jose-Real-Potosi-December-11-2020-Bolivian-Primera-Division
División de Fútbol Profesional,M,BOL,2020,1st,,18,Fri,2020-12-11,16:00,Bolívar,5.0,Guabirá,0.0,,Estadio Hernando Siles,Christian Aleman,,https://fbref.com/en/matches/9df96e0e/Bolivar-Guabira-December-11-2020-Bolivian-Primera-Division
División de Fútbol Profesional,M,BOL,2020,1st,,18,Fri,2020-12-11,17:15,Royal Parí,4.0,Nacional Potosí,1.0,,Estadio Gilberto Parada,Guildo Quenta,,https://fbref.com/en/matches/acf6498a/Royal-Pari-Nacional-Potosi-December-11-2020-Bolivian-Primera-Division
División de Fútbol Profesional,M,BOL,2020,1st,,18,Fri,2020-12-11,19:30,Wilstermann,0.0,The Strongest,0.0,,Estadio Félix Capriles,Jorge Mancilla,,https://fbref.com/en/matches/0506c3cc/Jorge-Wilstermann-The-Strongest-December-11-2020-Bolivian-Primera-Division
División de Fútbol Profesional,M,BOL,2020,1st,,18,Sat,2020-12-12,15:00,Atlético Palmaflor,1.0,Aurora,0.0,,Estadio Félix Capriles,Carlos Garcia,,https://fbref.com/en/matches/1d287f89/Atletico-Palmaflor-Aurora-December-12-2020-Bolivian-Primera-Division
División de Fútbol Profesional,M,BOL,2020,1st,,18,Sat,2020-12-12,15:00,Real Santa Cruz,0.0,Always Ready,3.0,,Estadio Juan Carlos Durán,Charles Terrazas,,https://fbref.com/en/matches/4f059d20/Real-Santa-Cruz-Always-Ready-December-12-2020-Bolivian-Primera-Division
División de Fútbol Profesional,M,BOL,2020,1st,,18,Sat,2020-12-12,20:30,Oriente Petrolero,1.0,Blooming,0.0,,Estadio Ramón Aguilera Costas,Gery Vargas,,https://fbref.com/en/matches/4402e4ec/Oriente-Petrolero-Blooming-December-12-2020-Bolivian-Primera-Division
División de Fútbol Profesional,M,BOL,2020,1st,,19,Sun,2020-12-13,15:00,Nacional Potosí,3.0,San José,2.0,,Estadio Victor Agustín Ugarte,Nelson Barro,,https://fbref.com/en/matches/7a276c46/Nacional-Potosi-San-Jose-December-13-2020-Bolivian-Primera-Division
División de Fútbol Profesional,M,BOL,2020,1st,,19,Mon,2020-12-14,15:00,Real Santa Cruz,1.0,Wilstermann,3.0,,Estadio Juan Carlos Durán,Guildo Quenta,,https://fbref.com/en/matches/694b289c/Real-Santa-Cruz-Jorge-Wilstermann-December-14-2020-Bolivian-Primera-Division
División de Fútbol Profesional,M,BOL,2020,1st,,19,Mon,2020-12-14,17:15,The Strongest,7.0,Oriente Petrolero,0.0,,Estadio Hernando Siles,Raúl Orozco,,https://fbref.com/en/matches/0b3c4e14/The-Strongest-Oriente-Petrolero-December-14-2020-Bolivian-Primera-Division
División de Fútbol Profesional,M,BOL,2020,1st,,19,Mon,2020-12-14,19:30,Blooming,3.0,Atlético Palmaflor,1.0,,Estadio Ramón Aguilera Costas,Gaad David Flores,,https://fbref.com/en/matches/0102167c/Blooming-Atletico-Palmaflor-December-14-2020-Bolivian-Primera-Division
División de Fútbol Profesional,M,BOL,2020,1st,,19,Tue,2020-12-15,15:00,Aurora,0.0,Bolívar,1.0,,Estadio Félix Capriles,Ivo Méndez,,https://fbref.com/en/matches/5b606c84/Aurora-Bolivar-December-15-2020-Bolivian-Primera-Division
División de Fútbol Profesional,M,BOL,2020,1st,,19,Tue,2020-12-15,19:30,Real Potosí,3.0,Always Ready,5.0,,Estadio Victor Agustín Ugarte,Carlos Arteaga,,https://fbref.com/en/matches/937fbfd3/Real-Potosi-Always-Ready-December-15-2020-Bolivian-Primera-Division
División de Fútbol Profesional,M,BOL,2020,1st,,19,Tue,2020-12-15,20:00,Guabirá,4.0,Royal Parí,2.0,,Estadio Gilberto Parada,Rafael Subirana,,https://fbref.com/en/matches/32ea6b02/Guabira-Royal-Pari-December-15-2020-Bolivian-Primera-Division
División de Fútbol Profesional,M,BOL,2020,1st,,20,Wed,2020-12-16,15:00,Atlético Palmaflor,2.0,The Strongest,1.0,,Estadio Félix Capriles,Dilio Rodriguez,,https://fbref.com/en/matches/23df1477/Atletico-Palmaflor-The-Strongest-December-16-2020-Bolivian-Primera-Division
División de Fútbol Profesional,M,BOL,2020,1st,,20,Wed,2020-12-16,19:30,Oriente Petrolero,3.0,Real Santa Cruz,2.0,,Estadio Gilberto Parada,Juan Nelio García,,https://fbref.com/en/matches/e5b88fa8/Oriente-Petrolero-Real-Santa-Cruz-December-16-2020-Bolivian-Primera-Division
División de Fútbol Profesional,M,BOL,2020,1st,,20,Thu,2020-12-17,15:00,Nacional Potosí,1.0,Guabirá,0.0,,Estadio Victor Agustín Ugarte,Raúl Orozco,,https://fbref.com/en/matches/1f93b212/Nacional-Potosi-Guabira-December-17-2020-Bolivian-Primera-Division
División de Fútbol Profesional,M,BOL,2020,1st,,20,Thu,2020-12-17,15:00,Royal Parí,1.0,Aurora,0.0,,Estadio Gilberto Parada,Luis Yrusta,,https://fbref.com/en/matches/b2616d37/Royal-Pari-Aurora-December-17-2020-Bolivian-Primera-Division
División de Fútbol Profesional,M,BOL,2020,1st,,20,Thu,2020-12-17,16:00,Bolívar,3.0,Blooming,0.0,,Estadio Hernando Siles,Jorge Mancilla,,https://fbref.com/en/matches/20c9ec11/Bolivar-Blooming-December-17-2020-Bolivian-Primera-Division
División de Fútbol Profesional,M,BOL,2020,1st,,20,Thu,2020-12-17,17:15,San José,1.0,Always Ready,3.0,,Estadio Jesús Bermúdez,Ivo Méndez,,https://fbref.com/en/matches/d22e89f0/San-Jose-Always-Ready-December-17-2020-Bolivian-Primera-Division
División de Fútbol Profesional,M,BOL,2020,1st,,20,Thu,2020-12-17,19:30,Wilstermann,3.0,Real Potosí,1.0,,Estadio Félix Capriles,Jordy Aleman,,https://fbref.com/en/matches/dda7a09b/Jorge-Wilstermann-Real-Potosi-December-17-2020-Bolivian-Primera-Division
División de Fútbol Profesional,M,BOL,2020,1st,,21,Sat,2020-12-19,15:00,Real Santa Cruz,2.0,Atlético Palmaflor,1.0,,Estadio Juan Carlos Durán,Juan Marcelo Castro,,https://fbref.com/en/matches/b8ac1d82/Real-Santa-Cruz-Atletico-Palmaflor-December-19-2020-Bolivian-Primera-Division
División de Fútbol Profesional,M,BOL,2020,1st,,21,Sat,2020-12-19,17:15,Aurora,1.0,Nacional Potosí,1.0,,Estadio Félix Capriles,Luis Yrusta,,https://fbref.com/en/matches/c7870541/Aurora-Nacional-Potosi-December-19-2020-Bolivian-Primera-Division
División de Fútbol Profesional,M,BOL,2020,1st,,21,Sat,2020-12-19,17:15,The Strongest,2.0,Bolívar,1.0,,Estadio Hernando Siles,Gery Vargas,,https://fbref.com/en/matches/ce3695d8/The-Strongest-Bolivar-December-19-2020-Bolivian-Primera-Division
División de Fútbol Profesional,M,BOL,2020,1st,,21,Sat,2020-12-19,20:30,Blooming,1.0,Royal Parí,0.0,,Estadio Ramón Aguilera Costas,Carlos Arteaga,,https://fbref.com/en/matches/13518077/Blooming-Royal-Pari-December-19-2020-Bolivian-Primera-Division
División de Fútbol Profesional,M,BOL,2020,1st,,21,Sun,2020-12-20,15:00,Always Ready,1.0,Wilstermann,0.0,,Estadio Municipal El Alto,Dilio Rodriguez,,https://fbref.com/en/matches/4dfb309c/Always-Ready-Jorge-Wilstermann-December-20-2020-Bolivian-Primera-Division
División de Fútbol Profesional,M,BOL,2020,1st,,21,Sun,2020-12-20,17:15,Guabirá,4.0,San José,0.0,,Estadio Gilberto Parada,Charles Terrazas,,https://fbref.com/en/matches/19deaccb/Guabira-San-Jose-December-20-2020-Bolivian-Primera-Division
División de Fútbol Profesional,M,BOL,2020,1st,,21,Sun,2020-12-20,20:00,Oriente Petrolero,2.0,Real Potosí,0.0,,Estadio Ramón Aguilera Costas,Javier Revollo,,https://fbref.com/en/matches/26328ce2/Oriente-Petrolero-Real-Potosi-December-20-2020-Bolivian-Primera-Division
División de Fútbol Profesional,M,BOL,2020,1st,,22,Mon,2020-12-21,15:00,Nacional Potosí,1.0,Blooming,0.0,,Estadio Victor Agustín Ugarte,Nunzio Di Roberto,,https://fbref.com/en/matches/0cb7331a/Nacional-Potosi-Blooming-December-21-2020-Bolivian-Primera-Division
División de Fútbol Profesional,M,BOL,2020,1st,,22,Mon,2020-12-21,17:15,Royal Parí,1.0,The Strongest,0.0,,Estadio Gilberto Parada,Raúl Orozco,,https://fbref.com/en/matches/dcd37d5b/Royal-Pari-The-Strongest-December-21-2020-Bolivian-Primera-Division
División de Fútbol Profesional,M,BOL,2020,1st,,22,Tue,2020-12-22,15:00,San José,0.0,Wilstermann,2.0,,Estadio Jesús Bermúdez,Juan Nelio García,,https://fbref.com/en/matches/38e8f55f/San-Jose-Jorge-Wilstermann-December-22-2020-Bolivian-Primera-Division
División de Fútbol Profesional,M,BOL,2020,1st,,22,Tue,2020-12-22,15:00,Atlético Palmaflor,0.0,Real Potosí,0.0,,Estadio Félix Capriles,Ivo Méndez,,https://fbref.com/en/matches/58fed4e5/Atletico-Palmaflor-Real-Potosi-December-22-2020-Bolivian-Primera-Division
División de Fútbol Profesional,M,BOL,2020,1st,,22,Tue,2020-12-22,17:00,Bolívar,4.0,Real Santa Cruz,0.0,,Estadio Hernando Siles,Alvaro Campos,,https://fbref.com/en/matches/73e7564c/Bolivar-Real-Santa-Cruz-December-22-2020-Bolivian-Primera-Division
División de Fútbol Profesional,M,BOL,2020,1st,,22,Tue,2020-12-22,17:15,Oriente Petrolero,2.0,Always Ready,0.0,,Estadio Ramón Aguilera Costas,Hostin Prado,,https://fbref.com/en/matches/d3880c38/Oriente-Petrolero-Always-Ready-December-22-2020-Bolivian-Primera-Division
División de Fútbol Profesional,M,BOL,2020,1st,,22,Tue,2020-12-22,20:00,Guabirá,2.0,Aurora,1.0,,Estadio Gilberto Parada,Nelson Barro,,https://fbref.com/en/matches/14682605/Guabira-Aurora-December-22-2020-Bolivian-Primera-Division
División de Fútbol Profesional,M,BOL,2020,1st,,23,Thu,2020-12-24,12:00,Wilstermann,2.0,Oriente Petrolero,2.0,,Estadio Félix Capriles,Jorge Mancilla,,https://fbref.com/en/matches/60992b98/Jorge-Wilstermann-Oriente-Petrolero-December-24-2020-Bolivian-Primera-Division
División de Fútbol Profesional,M,BOL,2020,1st,,23,Thu,2020-12-24,15:00,Real Santa Cruz,2.0,Royal Parí,4.0,,Estadio Juan Carlos Durán,Juan Nelio García,,https://fbref.com/en/matches/2f341d07/Real-Santa-Cruz-Royal-Pari-December-24-2020-Bolivian-Primera-Division
División de Fútbol Profesional,M,BOL,2020,1st,,23,Thu,2020-12-24,17:15,The Strongest,3.0,Nacional Potosí,0.0,,Estadio Hernando Siles,Jordy Aleman,,https://fbref.com/en/matches/f37c4c76/The-Strongest-Nacional-Potosi-December-24-2020-Bolivian-Primera-Division
División de Fútbol Profesional,M,BOL,2020,1st,,23,Fri,2020-12-25,15:00,Aurora,2.0,San José,0.0,,Estadio Félix Capriles,Juan Castro,,https://fbref.com/en/matches/336105c8/Aurora-San-Jose-December-25-2020-Bolivian-Primera-Division
División de Fútbol Profesional,M,BOL,2020,1st,,23,Fri,2020-12-25,15:00,Always Ready,4.0,Atlético Palmaflor,0.0,,Estadio Municipal El Alto,Carlos Arteaga,,https://fbref.com/en/matches/557a680f/Always-Ready-Atletico-Palmaflor-December-25-2020-Bolivian-Primera-Division
División de Fútbol Profesional,M,BOL,2020,1st,,23,Fri,2020-12-25,17:15,Blooming,1.0,Guabirá,2.0,,Estadio Ramón Aguilera Costas,Ivo Méndez,,https://fbref.com/en/matches/09fd914c/Blooming-Guabira-December-25-2020-Bolivian-Primera-Division
División de Fútbol Profesional,M,BOL,2020,1st,,23,Fri,2020-12-25,19:30,Real Potosí,2.0,Bolívar,3.0,,Estadio Victor Agustín Ugarte,Charles Terrazas,,https://fbref.com/en/matches/18e8f2bd/Real-Potosi-Bolivar-December-25-2020-Bolivian-Primera-Division
División de Fútbol Profesional,M,BOL,2020,1st,,24,Sun,2020-12-27,11:00,Atlético Palmaflor,1.0,Wilstermann,1.0,,Estadio Félix Capriles,Raúl Orozco,,https://fbref.com/en/matches/5ce9c945/Atletico-Palmaflor-Jorge-Wilstermann-December-27-2020-Bolivian-Primera-Division
División de Fútbol Profesional,M,BOL,2020,1st,,24,Sun,2020-12-27,15:00,Aurora,3.0,Blooming,2.0,,Estadio Félix Capriles,Luis Yrusta,,https://fbref.com/en/matches/1b591d2a/Aurora-Blooming-December-27-2020-Bolivian-Primera-Division
División de Fútbol Profesional,M,BOL,2020,1st,,24,Sun,2020-12-27,15:00,Guabirá,3.0,The Strongest,2.0,,Estadio Gilberto Parada,Jorge Mancilla,,https://fbref.com/en/matches/3c58c992/Guabira-The-Strongest-December-27-2020-Bolivian-Primera-Division
División de Fútbol Profesional,M,BOL,2020,1st,,24,Sun,2020-12-27,15:00,Nacional Potosí,1.0,Real Santa Cruz,0.0,,Estadio Victor Agustín Ugarte,Carlos Garcia,,https://fbref.com/en/matches/6e839bad/Nacional-Potosi-Real-Santa-Cruz-December-27-2020-Bolivian-Primera-Division
División de Fútbol Profesional,M,BOL,2020,1st,,24,Sun,2020-12-27,15:00,Oriente Petrolero,1.0,San José,0.0,,Estadio Ramón Aguilera Costas,Dilio Rodriguez,,https://fbref.com/en/matches/723d0d35/Oriente-Petrolero-San-Jose-December-27-2020-Bolivian-Primera-Division
División de Fútbol Profesional,M,BOL,2020,1st,,24,Sun,2020-12-27,15:00,Royal Parí,1.0,Real Potosí,1.0,,Estadio Edgar Peña Gutierrez,Gery Vargas,,https://fbref.com/en/matches/cb3676f7/Royal-Pari-Real-Potosi-December-27-2020-Bolivian-Primera-Division
División de Fútbol Profesional,M,BOL,2020,1st,,24,Sun,2020-12-27,16:00,Bolívar,0.0,Always Ready,0.0,,Estadio Hernando Siles,Ivo Méndez,,https://fbref.com/en/matches/602846a9/Bolivar-Always-Ready-December-27-2020-Bolivian-Primera-Division
División de Fútbol Profesional,M,BOL,2020,1st,,25,Tue,2020-12-29,15:00,Real Potosí,2.0,Nacional Potosí,3.0,,Estadio Victor Agustín Ugarte,Luis Yrusta,,https://fbref.com/en/matches/42c170f0/Real-Potosi-Nacional-Potosi-December-29-2020-Bolivian-Primera-Division
División de Fútbol Profesional,M,BOL,2020,1st,,25,Tue,2020-12-29,15:00,Real Santa Cruz,4.0,Guabirá,4.0,,Estadio Juan Carlos Durán,Carlos Arteaga,,https://fbref.com/en/matches/5a7aa1cb/Real-Santa-Cruz-Guabira-December-29-2020-Bolivian-Primera-Division
División de Fútbol Profesional,M,BOL,2020,1st,,25,Tue,2020-12-29,15:00,Oriente Petrolero,0.0,Atlético Palmaflor,1.0,,Estadio Ramón Aguilera Costas,José Jordán,,https://fbref.com/en/matches/85a3da5d/Oriente-Petrolero-Atletico-Palmaflor-December-29-2020-Bolivian-Primera-Division
División de Fútbol Profesional,M,BOL,2020,1st,,25,Tue,2020-12-29,15:00,Blooming,4.0,San José,0.0,,Estadio Gilberto Parada,Raúl Orozco,,https://fbref.com/en/matches/8c1d6359/Blooming-San-Jose-December-29-2020-Bolivian-Primera-Division
División de Fútbol Profesional,M,BOL,2020,1st,,25,Tue,2020-12-29,15:00,Always Ready,2.0,Royal Parí,1.0,,Estadio Municipal El Alto,Charles Terrazas,,https://fbref.com/en/matches/a5ba96ee/Always-Ready-Royal-Pari-December-29-2020-Bolivian-Primera-Division
División de Fútbol Profesional,M,BOL,2020,1st,,25,Tue,2020-12-29,15:00,The Strongest,2.0,Aurora,0.0,,Estadio Hernando Siles,Rafael Subirana,,https://fbref.com/en/matches/ebbece5c/The-Strongest-Aurora-December-29-2020-Bolivian-Primera-Division
División de Fútbol Profesional,M,BOL,2020,1st,,25,Tue,2020-12-29,15:00,Wilstermann,2.0,Bolívar,0.0,,Estadio Félix Capriles,Gery Vargas,,https://fbref.com/en/matches/f434e711/Jorge-Wilstermann-Bolivar-December-29-2020-Bolivian-Primera-Division
División de Fútbol Profesional,M,BOL,2020,1st,,26,Thu,2020-12-31,15:00,Nacional Potosí,0.0,Always Ready,2.0,,Estadio Victor Agustín Ugarte,José Jordán,,https://fbref.com/en/matches/613ec034/Nacional-Potosi-Always-Ready-December-31-2020-Bolivian-Primera-Division
División de Fútbol Profesional,M,BOL,2020,1st,,26,Thu,2020-12-31,15:00,Guabirá,4.0,Real Potosí,0.0,,Estadio Gilberto Parada,Nunzio Di Roberto,,https://fbref.com/en/matches/69b95c55/Guabira-Real-Potosi-December-31-2020-Bolivian-Primera-Division
División de Fútbol Profesional,M,BOL,2020,1st,,26,Thu,2020-12-31,15:00,San José,1.0,Atlético Palmaflor,1.0,,Estadio Jesús Bermúdez,Juan Nelio García,,https://fbref.com/en/matches/8d35217b/San-Jose-Atletico-Palmaflor-December-31-2020-Bolivian-Primera-Division
División de Fútbol Profesional,M,BOL,2020,1st,,26,Thu,2020-12-31,15:00,Royal Parí,3.0,Wilstermann,0.0,,Estadio Ramón Aguilera Costas,Jordy Aleman,,https://fbref.com/en/matches/8eb506c0/Royal-Pari-Jorge-Wilstermann-December-31-2020-Bolivian-Primera-Division
División de Fútbol Profesional,M,BOL,2020,1st,,26,Thu,2020-12-31,15:00,Bolívar,4.0,Oriente Petrolero,1.0,,Estadio Hernando Siles,Raúl Orozco,,https://fbref.com/en/matches/955c7472/Bolivar-Oriente-Petrolero-December-31-2020-Bolivian-Primera-Division
División de Fútbol Profesional,M,BOL,2020,1st,,26,Thu,2020-12-31,15:00,Aurora,1.0,Real Santa Cruz,1.0,,Estadio Félix Capriles,Alvaro Campos,,https://fbref.com/en/matches/c0869580/Aurora-Real-Santa-Cruz-December-31-2020-Bolivian-Primera-Division
División de Fútbol Profesional,M,BOL,2020,1st,,26,Thu,2020-12-31,15:00,Blooming,1.0,The Strongest,3.0,,Estadio Juan Carlos Durán,Dilio Rodriguez,,https://fbref.com/en/matches/e43a3d6b/Blooming-The-Strongest-December-31-2020-Bolivian-Primera-Division
División de Fútbol Profesional,M,BOL,2021,1st,Primera División,1,Tue,2021-03-09,18:15,Nacional Potosí,3.0,The Strongest,4.0,,Estadio Victor Agustín Ugarte,Javier Revollo,,https://fbref.com/en/matches/5d5c2d39/Nacional-Potosi-The-Strongest-March-9-2021-Bolivian-Primera-Division
División de Fútbol Profesional,M,BOL,2021,1st,Primera División,1,Thu,2021-03-11,15:00,Aurora,0.0,Royal Parí,8.0,,Estadio Félix Capriles,Jordy Aleman,,https://fbref.com/en/matches/08df3942/Aurora-Royal-Pari-March-11-2021-Bolivian-Primera-Division
División de Fútbol Profesional,M,BOL,2021,1st,Primera División,1,Thu,2021-03-11,20:00,Real Tomayapo,1.0,Always Ready,0.0,,Estadio IV Centenario,José Jordán,,https://fbref.com/en/matches/93476a6e/Real-Tomayapo-Always-Ready-March-11-2021-Bolivian-Primera-Division
División de Fútbol Profesional,M,BOL,2021,1st,Primera División,2,Sat,2021-03-13,15:00,Guabirá,3.0,Bolívar,1.0,,Estadio Gilberto Parada,Nelson Barro,,https://fbref.com/en/matches/e1974f63/Guabira-Bolivar-March-13-2021-Bolivian-Primera-Division
División de Fútbol Profesional,M,BOL,2021,1st,Primera División,2,Sat,2021-03-13,17:15,Wilstermann,1.0,Nacional Potosí,2.0,,Estadio Félix Capriles,Juan Nelio García,,https://fbref.com/en/matches/a175f55a/Jorge-Wilstermann-Nacional-Potosi-March-13-2021-Bolivian-Primera-Division
División de Fútbol Profesional,M,BOL,2021,1st,Primera División,2,Sat,2021-03-13,19:30,Atlético Palmaflor,1.0,Real Santa Cruz,0.0,,Estadio Félix Capriles,Nunzio Di Roberto,,https://fbref.com/en/matches/1fd03816/Atletico-Palmaflor-Real-Santa-Cruz-March-13-2021-Bolivian-Primera-Division
División de Fútbol Profesional,M,BOL,2021,1st,Primera División,2,Sun,2021-03-14,15:00,Always Ready,5.0,San José,0.0,,Estadio Hernando Siles,Carlos Arteaga,,https://fbref.com/en/matches/d23ec325/Always-Ready-San-Jose-March-14-2021-Bolivian-Primera-Division
División de Fútbol Profesional,M,BOL,2021,1st,Primera División,2,Sun,2021-03-14,17:15,The Strongest,5.0,Oriente Petrolero,2.0,,Estadio Hernando Siles,Dilio Rodriguez,,https://fbref.com/en/matches/9957c99d/The-Strongest-Oriente-Petrolero-March-14-2021-Bolivian-Primera-Division
División de Fútbol Profesional,M,BOL,2021,1st,Primera División,2,Sun,2021-03-14,19:30,Blooming,2.0,Indep Petrolero,2.0,,Estadio Ramón Aguilera Costas,Luis Yrusta,,https://fbref.com/en/matches/9c1e0349/Blooming-Independiente-Petrolero-March-14-2021-Bolivian-Primera-Division
División de Fútbol Profesional,M,BOL,2021,1st,Primera División,2,Mon,2021-03-15,15:00,Royal Parí,4.0,Real Tomayapo,2.0,,Estadio Ramón Aguilera Costas,Charles Terrazas,,https://fbref.com/en/matches/3e735e72/Royal-Pari-Real-Tomayapo-March-15-2021-Bolivian-Primera-Division
División de Fútbol Profesional,M,BOL,2021,1st,Primera División,2,Mon,2021-03-15,20:00,Real Potosí,1.0,Aurora,1.0,,Estadio Victor Agustín Ugarte,Alvaro Campos,,https://fbref.com/en/matches/bbca363d/Real-Potosi-Aurora-March-15-2021-Bolivian-Primera-Division
División de Fútbol Profesional,M,BOL,2021,1st,Primera División,1,Sat,2021-03-20,15:00,San José,1.0,Atlético Palmaflor,3.0,,Estadio Jesús Bermúdez,Juan Marcelo Castro,,https://fbref.com/en/matches/7cda15df/San-Jose-Atletico-Palmaflor-March-20-2021-Bolivian-Primera-Division
División de Fútbol Profesional,M,BOL,2021,1st,Primera División,1,Sat,2021-03-20,18:00,Indep Petrolero,1.0,Oriente Petrolero,0.0,,Estadio Olímpico Patria,Raúl Orozco,,https://fbref.com/en/matches/ce75e836/Independiente-Petrolero-Oriente-Petrolero-March-20-2021-Bolivian-Primera-Division
División de Fútbol Profesional,M,BOL,2021,1st,Primera División,1,Sun,2021-03-21,17:15,Blooming,0.0,Guabirá,1.0,,Estadio Ramón Aguilera Costas,Carlos Arteaga,,https://fbref.com/en/matches/80d19bf4/Blooming-Guabira-March-21-2021-Bolivian-Primera-Division
División de Fútbol Profesional,M,BOL,2021,1st,Primera División,1,Sun,2021-03-21,19:30,Bolívar,1.0,Real Potosí,0.0,,Estadio Hernando Siles,Juan Nelio García,,https://fbref.com/en/matches/8b61f3db/Bolivar-Real-Potosi-March-21-2021-Bolivian-Primera-Division
División de Fútbol Profesional,M,BOL,2021,1st,Primera División,1,Sun,2021-03-28,15:00,Real Santa Cruz,0.0,Wilstermann,2.0,,Estadio Real Santa Cruz,Jorge Mancilla,,https://fbref.com/en/matches/ee916844/Real-Santa-Cruz-Jorge-Wilstermann-March-28-2021-Bolivian-Primera-Division
División de Fútbol Profesional,M,BOL,2021,1st,Primera División,3,Sun,2021-03-28,18:00,Nacional Potosí,3.0,Atlético Palmaflor,2.0,,Estadio Victor Agustín Ugarte,Gado Flores,,https://fbref.com/en/matches/ec5311d5/Nacional-Potosi-Atletico-Palmaflor-March-28-2021-Bolivian-Primera-Division
División de Fútbol Profesional,M,BOL,2021,1st,Primera División,3,Thu,2021-04-01,20:00,Real Tomayapo,0.0,Real Potosí,0.0,,Estadio IV Centenario,Ivo Méndez,,https://fbref.com/en/matches/6409c06f/Real-Tomayapo-Real-Potosi-April-1-2021-Bolivian-Primera-Division
División de Fútbol Profesional,M,BOL,2021,1st,Primera División,3,Fri,2021-04-02,15:00,Aurora,2.0,Guabirá,1.0,,Estadio Félix Capriles,José Jordán,,https://fbref.com/en/matches/3aedd1e7/Aurora-Guabira-April-2-2021-Bolivian-Primera-Division
División de Fútbol Profesional,M,BOL,2021,1st,Primera División,3,Fri,2021-04-02,20:00,San José,0.0,Royal Parí,3.0,,Estadio Jesús Bermúdez,Orlando Quintana,,https://fbref.com/en/matches/89ccaeee/San-Jose-Royal-Pari-April-2-2021-Bolivian-Primera-Division
División de Fútbol Profesional,M,BOL,2021,1st,Primera División,3,Sat,2021-04-03,15:00,Real Santa Cruz,2.0,Always Ready,3.0,,Estadio Real Santa Cruz,Jorge Luis Justiniano,,https://fbref.com/en/matches/e305b941/Real-Santa-Cruz-Always-Ready-April-3-2021-Bolivian-Primera-Division
División de Fútbol Profesional,M,BOL,2021,1st,Primera División,3,Sat,2021-04-03,17:15,Bolívar,2.0,Blooming,0.0,,Estadio Hernando Siles,Hostin Prado,,https://fbref.com/en/matches/605b19d4/Bolivar-Blooming-April-3-2021-Bolivian-Primera-Division
División de Fútbol Profesional,M,BOL,2021,1st,Primera División,3,Sun,2021-04-04,15:00,Oriente Petrolero,4.0,Wilstermann,2.0,,Estadio Ramón Aguilera Costas,Gery Vargas,,https://fbref.com/en/matches/6c223165/Oriente-Petrolero-Jorge-Wilstermann-April-4-2021-Bolivian-Primera-Division
División de Fútbol Profesional,M,BOL,2021,1st,Primera División,3,Sun,2021-04-04,17:15,Indep Petrolero,2.0,The Strongest,2.0,,Estadio Olímpico Patria,Javier Revollo,,https://fbref.com/en/matches/8318387c/Independiente-Petrolero-The-Strongest-April-4-2021-Bolivian-Primera-Division
División de Fútbol Profesional,M,BOL,2021,1st,Primera División,4,Fri,2021-04-09,15:00,Royal Parí,3.0,Real Santa Cruz,2.0,,Estadio Ramón Aguilera Costas,Carlos Arteaga,,https://fbref.com/en/matches/8867f189/Royal-Pari-Real-Santa-Cruz-April-9-2021-Bolivian-Primera-Division
División de Fútbol Profesional,M,BOL,2021,1st,Primera División,4,Fri,2021-04-09,20:00,Blooming,1.0,Aurora,0.0,,Estadio Ramón Aguilera Costas,Angel Flores,,https://fbref.com/en/matches/528e1bc1/Blooming-Aurora-April-9-2021-Bolivian-Primera-Division
División de Fútbol Profesional,M,BOL,2021,1st,Primera División,4,Sat,2021-04-10,15:00,Always Ready,1.0,Nacional Potosí,1.0,,Estadio Municipal El Alto,Charles Terrazas,,https://fbref.com/en/matches/62aa9d2a/Always-Ready-Nacional-Potosi-April-10-2021-Bolivian-Primera-Division
División de Fútbol Profesional,M,BOL,2021,1st,Primera División,4,Sat,2021-04-10,17:15,Atlético Palmaflor,2.0,Oriente Petrolero,1.0,,Estadio Félix Capriles,Nunzio Di Roberto,,https://fbref.com/en/matches/82c172d7/Atletico-Palmaflor-Oriente-Petrolero-April-10-2021-Bolivian-Primera-Division
División de Fútbol Profesional,M,BOL,2021,1st,Primera División,4,Sun,2021-04-11,15:00,Guabirá,0.0,Real Tomayapo,2.0,,Estadio Gilberto Parada,Dilio Rodriguez,,https://fbref.com/en/matches/6bba6212/Guabira-Real-Tomayapo-April-11-2021-Bolivian-Primera-Division
División de Fútbol Profesional,M,BOL,2021,1st,Primera División,4,Sun,2021-04-11,17:15,Wilstermann,0.0,The Strongest,3.0,,Estadio Félix Capriles,Christian Aleman,,https://fbref.com/en/matches/ba8bbd06/Jorge-Wilstermann-The-Strongest-April-11-2021-Bolivian-Primera-Division
División de Fútbol Profesional,M,BOL,2021,1st,Primera División,4,Sun,2021-04-11,19:30,Real Potosí,3.0,San José,0.0,,Estadio Victor Agustín Ugarte,Carlos Garcia,,https://fbref.com/en/matches/82d4563c/Real-Potosi-San-Jose-April-11-2021-Bolivian-Primera-Division
División de Fútbol Profesional,M,BOL,2021,1st,Primera División,4,Mon,2021-04-12,15:00,Bolívar,1.0,Indep Petrolero,0.0,,Estadio Hernando Siles,Gery Vargas,,https://fbref.com/en/matches/1c061cce/Bolivar-Independiente-Petrolero-April-12-2021-Bolivian-Primera-Division
División de Fútbol Profesional,M,BOL,2021,1st,Primera División,5,Fri,2021-04-23,19:30,Nacional Potosí,2.0,Royal Parí,1.0,,Estadio Victor Agustín Ugarte,José Jordán,,https://fbref.com/en/matches/040d1213/Nacional-Potosi-Royal-Pari-April-23-2021-Bolivian-Primera-Division
División de Fútbol Profesional,M,BOL,2021,1st,Primera División,5,Sat,2021-04-24,16:00,Oriente Petrolero,0.0,Always Ready,0.0,,Estadio Ramón Aguilera Costas,Jorge Mancilla,,https://fbref.com/en/matches/69590e92/Oriente-Petrolero-Always-Ready-April-24-2021-Bolivian-Primera-Division
División de Fútbol Profesional,M,BOL,2021,1st,Primera División,5,Sat,2021-04-24,18:15,San José,0.0,Guabirá,1.0,,Estadio Jesús Bermúdez,Nelson Barro,,https://fbref.com/en/matches/39320bdd/San-Jose-Guabira-April-24-2021-Bolivian-Primera-Division
División de Fútbol Profesional,M,BOL,2021,1st,Primera División,5,Sun,2021-04-25,15:00,Real Tomayapo,2.0,Blooming,1.0,,Estadio IV Centenario,Juan Castro,,https://fbref.com/en/matches/6e2a5e4f/Real-Tomayapo-Blooming-April-25-2021-Bolivian-Primera-Division
División de Fútbol Profesional,M,BOL,2021,1st,Primera División,5,Sun,2021-04-25,19:30,Indep Petrolero,5.0,Wilstermann,4.0,,Estadio Olímpico Patria,Carlos Arteaga,,https://fbref.com/en/matches/39906868/Independiente-Petrolero-Jorge-Wilstermann-April-25-2021-Bolivian-Primera-Division
División de Fútbol Profesional,M,BOL,2021,1st,Primera División,5,Sun,2021-04-25,20:20,The Strongest,4.0,Atlético Palmaflor,1.0,,Estadio Hernando Siles,Rafael Subirana,,https://fbref.com/en/matches/7e51ddf8/The-Strongest-Atletico-Palmaflor-April-25-2021-Bolivian-Primera-Division
División de Fútbol Profesional,M,BOL,2021,1st,Primera División,5,Mon,2021-04-26,19:00,Aurora,1.0,Bolívar,1.0,,Estadio Félix Capriles,Dilio Rodriguez,,https://fbref.com/en/matches/4a5807b6/Aurora-Bolivar-April-26-2021-Bolivian-Primera-Division
División de Fútbol Profesional,M,BOL,2021,1st,Primera División,6,Fri,2021-04-30,19:00,Royal Parí,0.0,Oriente Petrolero,3.0,,Estadio Ramón Aguilera Costas,Christian Aleman,,https://fbref.com/en/matches/05810e89/Royal-Pari-Oriente-Petrolero-April-30-2021-Bolivian-Primera-Division
División de Fútbol Profesional,M,BOL,2021,1st,Primera División,6,Sat,2021-05-01,17:15,Aurora,3.0,Indep Petrolero,0.0,,Estadio Félix Capriles,Luis Yrusta,,https://fbref.com/en/matches/1ba68a8c/Aurora-Independiente-Petrolero-May-1-2021-Bolivian-Primera-Division
División de Fútbol Profesional,M,BOL,2021,1st,Primera División,6,Sat,2021-05-01,19:30,Guabirá,1.0,Real Santa Cruz,0.0,,Estadio Gilberto Parada,Juan Nelio García,,https://fbref.com/en/matches/93df1f6f/Guabira-Real-Santa-Cruz-May-1-2021-Bolivian-Primera-Division
División de Fútbol Profesional,M,BOL,2021,1st,Primera División,6,Sun,2021-05-02,15:00,Atlético Palmaflor,3.0,Wilstermann,1.0,,Estadio Félix Capriles,Carlos Garcia,,https://fbref.com/en/matches/41a8108b/Atletico-Palmaflor-Jorge-Wilstermann-May-2-2021-Bolivian-Primera-Division
División de Fútbol Profesional,M,BOL,2021,1st,Primera División,6,Sun,2021-05-02,15:00,Real Potosí,1.0,Nacional Potosí,2.0,,Estadio Victor Agustín Ugarte,Dilio Rodriguez,,https://fbref.com/en/matches/7ebad31e/Real-Potosi-Nacional-Potosi-May-2-2021-Bolivian-Primera-Division
División de Fútbol Profesional,M,BOL,2021,1st,Primera División,6,Sun,2021-05-02,17:15,Bolívar,2.0,Real Tomayapo,0.0,,Estadio Hernando Siles,Gery Vargas,,https://fbref.com/en/matches/14459ffd/Bolivar-Real-Tomayapo-May-2-2021-Bolivian-Primera-Division
División de Fútbol Profesional,M,BOL,2021,1st,Primera División,6,Mon,2021-05-03,20:00,Blooming,4.0,San José,0.0,,Estadio Ramón Aguilera Costas,Angel Flores,,https://fbref.com/en/matches/1c03afd2/Blooming-San-Jose-May-3-2021-Bolivian-Primera-Division
División de Fútbol Profesional,M,BOL,2021,1st,Primera División,7,Fri,2021-05-07,15:00,Real Santa Cruz,1.0,Blooming,0.0,,Estadio Real Santa Cruz,Carlos Arteaga,,https://fbref.com/en/matches/d8ffc3c0/Real-Santa-Cruz-Blooming-May-7-2021-Bolivian-Primera-Division
División de Fútbol Profesional,M,BOL,2021,1st,Primera División,7,Sat,2021-05-08,15:00,The Strongest,3.0,Royal Parí,0.0,,Estadio Hernando Siles,Raúl Orozco,Match awarded to,https://fbref.com/en/matches/dbdd7b6b/The-Strongest-Royal-Pari-May-8-2021-Bolivian-Primera-Division
División de Fútbol Profesional,M,BOL,2021,1st,Primera División,7,Sat,2021-05-08,17:15,San José,0.0,Bolívar,5.0,,Estadio Jesús Bermúdez,Jorge Luis Justiniano,,https://fbref.com/en/matches/95301389/San-Jose-Bolivar-May-8-2021-Bolivian-Primera-Division
División de Fútbol Profesional,M,BOL,2021,1st,Primera División,7,Sat,2021-05-08,19:30,Indep Petrolero,2.0,Atlético Palmaflor,0.0,,Estadio Olímpico Patria,Orlando Quintana,,https://fbref.com/en/matches/752b302f/Independiente-Petrolero-Atletico-Palmaflor-May-8-2021-Bolivian-Primera-Division
División de Fútbol Profesional,M,BOL,2021,1st,Primera División,7,Sun,2021-05-09,15:00,Nacional Potosí,2.0,Guabirá,1.0,,Estadio Victor Agustín Ugarte,Javier Revollo,,https://fbref.com/en/matches/79d54d56/Nacional-Potosi-Guabira-May-9-2021-Bolivian-Primera-Division
División de Fútbol Profesional,M,BOL,2021,1st,Primera División,7,Sun,2021-05-09,17:15,Wilstermann,5.0,Always Ready,2.0,,Estadio Félix Capriles,Ivo Méndez,,https://fbref.com/en/matches/d2fc05d6/Jorge-Wilstermann-Always-Ready-May-9-2021-Bolivian-Primera-Division
División de Fútbol Profesional,M,BOL,2021,1st,Primera División,7,Sun,2021-05-09,19:30,Oriente Petrolero,2.0,Real Potosí,0.0,,Estadio Ramón Aguilera Costas,Nunzio Di Roberto,,https://fbref.com/en/matches/d86cbfd5/Oriente-Petrolero-Real-Potosi-May-9-2021-Bolivian-Primera-Division
División de Fútbol Profesional,M,BOL,2021,1st,Primera División,7,Mon,2021-05-10,20:00,Real Tomayapo,1.0,Aurora,2.0,,Estadio IV Centenario,Jorge Mancilla,,https://fbref.com/en/matches/9c92e523/Real-Tomayapo-Aurora-May-10-2021-Bolivian-Primera-Division
División de Fútbol Profesional,M,BOL,2021,1st,Primera División,5,Wed,2021-05-12,15:00,Real Santa Cruz,4.0,Real Potosí,1.0,,Estadio Real Santa Cruz,Hostin Prado,,https://fbref.com/en/matches/cf223406/Real-Santa-Cruz-Real-Potosi-May-12-2021-Bolivian-Primera-Division
División de Fútbol Profesional,M,BOL,2021,1st,Primera División,8,Fri,2021-07-09,19:30,Real Tomayapo,0.0,Indep Petrolero,2.0,,Estadio IV Centenario,Raúl Orozco,,https://fbref.com/en/matches/7e7ed711/Real-Tomayapo-Independiente-Petrolero-July-9-2021-Bolivian-Primera-Division
División de Fútbol Profesional,M,BOL,2021,1st,Primera División,8,Sat,2021-07-10,14:30,Aurora,3.0,San José,0.0,,Estadio Félix Capriles,Gado Flores,,https://fbref.com/en/matches/a0435180/Aurora-San-Jose-July-10-2021-Bolivian-Primera-Division
División de Fútbol Profesional,M,BOL,2021,1st,Primera División,8,Sat,2021-07-10,14:30,Real Potosí,1.0,The Strongest,3.0,,Estadio Victor Agustín Ugarte,Juan Nelio García,,https://fbref.com/en/matches/ff42924c/Real-Potosi-The-Strongest-July-10-2021-Bolivian-Primera-Division
División de Fútbol Profesional,M,BOL,2021,1st,Primera División,8,Sat,2021-07-10,17:00,Royal Parí,3.0,Wilstermann,2.0,,Estadio Ramón Aguilera Costas,Luis Yrusta,,https://fbref.com/en/matches/91e4f6f4/Royal-Pari-Jorge-Wilstermann-July-10-2021-Bolivian-Primera-Division
División de Fútbol Profesional,M,BOL,2021,1st,Primera División,8,Sun,2021-07-11,15:00,Always Ready,3.0,Atlético Palmaflor,2.0,,Estadio Municipal El Alto,Jorge Mancilla,,https://fbref.com/en/matches/d3c041c9/Always-Ready-Atletico-Palmaflor-July-11-2021-Bolivian-Primera-Division
División de Fútbol Profesional,M,BOL,2021,1st,Primera División,8,Sun,2021-07-11,17:15,Guabirá,1.0,Oriente Petrolero,1.0,,Estadio Gilberto Parada,Carlos Arteaga,,https://fbref.com/en/matches/36cdc8b4/Guabira-Oriente-Petrolero-July-11-2021-Bolivian-Primera-Division
División de Fútbol Profesional,M,BOL,2021,1st,Primera División,8,Sun,2021-07-11,19:30,Bolívar,1.0,Real Santa Cruz,1.0,,Estadio Hernando Siles,Orlando Quintana,,https://fbref.com/en/matches/9ca0401d/Bolivar-Real-Santa-Cruz-July-11-2021-Bolivian-Primera-Division
División de Fútbol Profesional,M,BOL,2021,1st,Primera División,8,Mon,2021-07-12,19:00,Blooming,2.0,Nacional Potosí,1.0,,Estadio Ramón Aguilera Costas,Dilio Rodriguez,,https://fbref.com/en/matches/e716eb30/Blooming-Nacional-Potosi-July-12-2021-Bolivian-Primera-Division
División de Fútbol Profesional,M,BOL,2021,1st,Primera División,9,Fri,2021-07-16,15:00,Wilstermann,3.0,Real Potosí,1.0,,Estadio Félix Capriles,Javier Revollo,,https://fbref.com/en/matches/07558058/Jorge-Wilstermann-Real-Potosi-July-16-2021-Bolivian-Primera-Division
División de Fútbol Profesional,M,BOL,2021,1st,Primera División,9,Sat,2021-07-17,15:00,Real Santa Cruz,1.0,Aurora,1.0,,Estadio Real Santa Cruz,Christian Aleman,,https://fbref.com/en/matches/391e4aa7/Real-Santa-Cruz-Aurora-July-17-2021-Bolivian-Primera-Division
División de Fútbol Profesional,M,BOL,2021,1st,Primera División,9,Sat,2021-07-17,15:00,Atlético Palmaflor,2.0,Royal Parí,0.0,,Estadio Félix Capriles,Nelson Barro,,https://fbref.com/en/matches/899e6df8/Atletico-Palmaflor-Royal-Pari-July-17-2021-Bolivian-Primera-Division
División de Fútbol Profesional,M,BOL,2021,1st,Primera División,9,Sat,2021-07-17,17:15,San José,1.0,Real Tomayapo,2.0,,Estadio Jesús Bermúdez,Juan Castro,,https://fbref.com/en/matches/1bbb08ca/San-Jose-Real-Tomayapo-July-17-2021-Bolivian-Primera-Division
División de Fútbol Profesional,M,BOL,2021,1st,Primera División,9,Sun,2021-07-18,15:00,The Strongest,2.0,Guabirá,1.0,,Estadio Hernando Siles,Charles Terrazas,,https://fbref.com/en/matches/1011e876/The-Strongest-Guabira-July-18-2021-Bolivian-Primera-Division
División de Fútbol Profesional,M,BOL,2021,1st,Primera División,9,Sun,2021-07-18,17:15,Indep Petrolero,1.0,Always Ready,2.0,,Estadio Olímpico Patria,Carlos Arteaga,,https://fbref.com/en/matches/0208c6cb/Independiente-Petrolero-Always-Ready-July-18-2021-Bolivian-Primera-Division
División de Fútbol Profesional,M,BOL,2021,1st,Primera División,9,Sun,2021-07-18,17:15,Oriente Petrolero,3.0,Blooming,0.0,,Estadio Ramón Aguilera Costas,Ivo Méndez,,https://fbref.com/en/matches/fa7a75fd/Oriente-Petrolero-Blooming-July-18-2021-Bolivian-Primera-Division
División de Fútbol Profesional,M,BOL,2021,1st,Primera División,10,Tue,2021-07-20,17:15,Aurora,0.0,Nacional Potosí,0.0,,Estadio Félix Capriles,Juan Nelio García,,https://fbref.com/en/matches/1e9b8281/Aurora-Nacional-Potosi-July-20-2021-Bolivian-Primera-Division
División de Fútbol Profesional,M,BOL,2021,1st,Primera División,10,Tue,2021-07-20,19:30,Real Tomayapo,2.0,Real Santa Cruz,1.0,,Estadio IV Centenario,Dilio Rodriguez,,https://fbref.com/en/matches/c6a8993a/Real-Tomayapo-Real-Santa-Cruz-July-20-2021-Bolivian-Primera-Division
División de Fútbol Profesional,M,BOL,2021,1st,Primera División,10,Wed,2021-07-21,15:00,Royal Parí,2.0,Always Ready,1.0,,Estadio Ramón Aguilera Costas,Jorge Luis Justiniano,,https://fbref.com/en/matches/fc725d46/Royal-Pari-Always-Ready-July-21-2021-Bolivian-Primera-Division
División de Fútbol Profesional,M,BOL,2021,1st,Primera División,10,Wed,2021-07-21,18:15,Real Potosí,1.0,Atlético Palmaflor,5.0,,Estadio Victor Agustín Ugarte,Luis Yrusta,,https://fbref.com/en/matches/7f7c20cd/Real-Potosi-Atletico-Palmaflor-July-21-2021-Bolivian-Primera-Division
División de Fútbol Profesional,M,BOL,2021,1st,Primera División,10,Wed,2021-07-21,20:30,Blooming,2.0,The Strongest,0.0,,Estadio Ramón Aguilera Costas,Raúl Orozco,,https://fbref.com/en/matches/01e3141e/Blooming-The-Strongest-July-21-2021-Bolivian-Primera-Division
División de Fútbol Profesional,M,BOL,2021,1st,Primera División,10,Thu,2021-07-22,15:00,Guabirá,3.0,Wilstermann,2.0,,Estadio Gilberto Parada,Gado Flores,,https://fbref.com/en/matches/c649dc8e/Guabira-Jorge-Wilstermann-July-22-2021-Bolivian-Primera-Division
División de Fútbol Profesional,M,BOL,2021,1st,Primera División,10,Thu,2021-07-22,17:15,San José,1.0,Indep Petrolero,3.0,,Estadio Jesús Bermúdez,Rafael Subirana,,https://fbref.com/en/matches/de7de403/San-Jose-Independiente-Petrolero-July-22-2021-Bolivian-Primera-Division
División de Fútbol Profesional,M,BOL,2021,1st,Primera División,10,Thu,2021-07-22,18:15,Bolívar,1.0,Oriente Petrolero,1.0,,Estadio Hernando Siles,Javier Revollo,,https://fbref.com/en/matches/f5dd65bd/Bolivar-Oriente-Petrolero-July-22-2021-Bolivian-Primera-Division
División de Fútbol Profesional,M,BOL,2021,1st,Primera División,11,Sat,2021-07-24,15:00,Always Ready,2.0,Real Potosí,1.0,,Estadio Municipal El Alto,Raúl Orozco,,https://fbref.com/en/matches/c564a76d/Always-Ready-Real-Potosi-July-24-2021-Bolivian-Primera-Division
División de Fútbol Profesional,M,BOL,2021,1st,Primera División,11,Sat,2021-07-24,18:15,Nacional Potosí,0.0,Real Tomayapo,0.0,,Estadio Victor Agustín Ugarte,Ivo Méndez,,https://fbref.com/en/matches/99bc413d/Nacional-Potosi-Real-Tomayapo-July-24-2021-Bolivian-Primera-Division
División de Fútbol Profesional,M,BOL,2021,1st,Primera División,11,Sun,2021-07-25,13:00,Atlético Palmaflor,2.0,Guabirá,1.0,,Estadio Félix Capriles,Alvaro Campos,,https://fbref.com/en/matches/0f8fd51e/Atletico-Palmaflor-Guabira-July-25-2021-Bolivian-Primera-Division
División de Fútbol Profesional,M,BOL,2021,1st,Primera División,11,Sun,2021-07-25,15:00,Indep Petrolero,1.0,Royal Parí,0.0,,Estadio Olímpico Patria,Nelson Barro,,https://fbref.com/en/matches/fa65a189/Independiente-Petrolero-Royal-Pari-July-25-2021-Bolivian-Primera-Division
División de Fútbol Profesional,M,BOL,2021,1st,Primera División,11,Sun,2021-07-25,17:15,The Strongest,3.0,Bolívar,1.0,,Estadio Hernando Siles,Christian Aleman,,https://fbref.com/en/matches/e4eb0d63/The-Strongest-Bolivar-July-25-2021-Bolivian-Primera-Division
División de Fútbol Profesional,M,BOL,2021,1st,Primera División,11,Mon,2021-07-26,15:00,Real Santa Cruz,5.0,San José,0.0,,Estadio Real Santa Cruz,Angel Flores,,https://fbref.com/en/matches/c01c97a0/Real-Santa-Cruz-San-Jose-July-26-2021-Bolivian-Primera-Division
División de Fútbol Profesional,M,BOL,2021,1st,Primera División,11,Mon,2021-07-26,18:15,Wilstermann,2.0,Blooming,1.0,,Estadio Félix Capriles,Dilio Rodriguez,,https://fbref.com/en/matches/d8aad61c/Jorge-Wilstermann-Blooming-July-26-2021-Bolivian-Primera-Division
División de Fútbol Profesional,M,BOL,2021,1st,Primera División,11,Mon,2021-07-26,20:30,Oriente Petrolero,1.0,Aurora,0.0,,Estadio Ramón Aguilera Costas,Juan Gonzalo Irusta,,https://fbref.com/en/matches/f558db78/Oriente-Petrolero-Aurora-July-26-2021-Bolivian-Primera-Division
División de Fútbol Profesional,M,BOL,2021,1st,Primera División,12,Fri,2021-07-30,15:00,San José,0.0,Nacional Potosí,4.0,,Estadio Jesús Bermúdez,Rafael Subirana,,https://fbref.com/en/matches/e305dfc5/San-Jose-Nacional-Potosi-July-30-2021-Bolivian-Primera-Division
División de Fútbol Profesional,M,BOL,2021,1st,Primera División,12,Fri,2021-07-30,18:15,Real Potosí,1.0,Royal Parí,3.0,,Estadio Victor Agustín Ugarte,Christian Aleman,,https://fbref.com/en/matches/b5c25831/Real-Potosi-Royal-Pari-July-30-2021-Bolivian-Primera-Division
División de Fútbol Profesional,M,BOL,2021,1st,Primera División,12,Fri,2021-07-30,20:30,Blooming,1.0,Atlético Palmaflor,1.0,,Estadio Ramón Aguilera Costas,Angel Flores,,https://fbref.com/en/matches/e9990c31/Blooming-Atletico-Palmaflor-July-30-2021-Bolivian-Primera-Division
División de Fútbol Profesional,M,BOL,2021,1st,Primera División,12,Sat,2021-07-31,15:00,Real Santa Cruz,2.0,Indep Petrolero,0.0,,Estadio Real Santa Cruz,Gado Flores,,https://fbref.com/en/matches/453a23e3/Real-Santa-Cruz-Independiente-Petrolero-July-31-2021-Bolivian-Primera-Division
División de Fútbol Profesional,M,BOL,2021,1st,Primera División,12,Sat,2021-07-31,15:00,Aurora,0.0,The Strongest,1.0,,Estadio Félix Capriles,Jorge Luis Justiniano,,https://fbref.com/en/matches/eb54961a/Aurora-The-Strongest-July-31-2021-Bolivian-Primera-Division
División de Fútbol Profesional,M,BOL,2021,1st,Primera División,12,Sat,2021-07-31,19:30,Bolívar,4.0,Wilstermann,0.0,,Estadio Hernando Siles,Carlos Arteaga,,https://fbref.com/en/matches/a1dde00a/Bolivar-Jorge-Wilstermann-July-31-2021-Bolivian-Primera-Division
División de Fútbol Profesional,M,BOL,2021,1st,Primera División,12,Sun,2021-08-01,15:00,Real Tomayapo,0.0,Oriente Petrolero,1.0,,Estadio IV Centenario,Alvaro Campos,,https://fbref.com/en/matches/cb298e5a/Real-Tomayapo-Oriente-Petrolero-August-1-2021-Bolivian-Primera-Division
División de Fútbol Profesional,M,BOL,2021,1st,Primera División,12,Sun,2021-08-01,17:15,Guabirá,0.0,Always Ready,0.0,,Estadio Gilberto Parada,Dilio Rodriguez,,https://fbref.com/en/matches/dee5e4ef/Guabira-Always-Ready-August-1-2021-Bolivian-Primera-Division
División de Fútbol Profesional,M,BOL,2021,1st,Primera División,13,Tue,2021-08-03,15:00,Atlético Palmaflor,2.0,Bolívar,2.0,,Estadio Félix Capriles,Juan Nelio García,,https://fbref.com/en/matches/f2aa6a6c/Atletico-Palmaflor-Bolivar-August-3-2021-Bolivian-Primera-Division
División de Fútbol Profesional,M,BOL,2021,1st,Primera División,13,Tue,2021-08-03,20:30,Indep Petrolero,2.0,Real Potosí,1.0,,Estadio Olímpico Patria,Luis Yrusta,,https://fbref.com/en/matches/62417753/Independiente-Petrolero-Real-Potosi-August-3-2021-Bolivian-Primera-Division
División de Fútbol Profesional,M,BOL,2021,1st,Primera División,13,Wed,2021-08-04,15:00,Always Ready,5.0,Blooming,1.0,,Estadio Municipal El Alto,José Jordán,,https://fbref.com/en/matches/d3885c5e/Always-Ready-Blooming-August-4-2021-Bolivian-Primera-Division
División de Fútbol Profesional,M,BOL,2021,1st,Primera División,13,Wed,2021-08-04,17:15,Nacional Potosí,2.0,Real Santa Cruz,2.0,,Estadio Victor Agustín Ugarte,Javier Revollo,,https://fbref.com/en/matches/784940a2/Nacional-Potosi-Real-Santa-Cruz-August-4-2021-Bolivian-Primera-Division
División de Fútbol Profesional,M,BOL,2021,1st,Primera División,13,Wed,2021-08-04,18:30,Oriente Petrolero,4.0,San José,0.0,,Estadio Ramón Aguilera Costas,Gado Flores,,https://fbref.com/en/matches/c2990a18/Oriente-Petrolero-San-Jose-August-4-2021-Bolivian-Primera-Division
División de Fútbol Profesional,M,BOL,2021,1st,Primera División,13,Wed,2021-08-04,19:00,The Strongest,2.0,Real Tomayapo,0.0,,Estadio Hernando Siles,Jorge Mancilla,,https://fbref.com/en/matches/b5191496/The-Strongest-Real-Tomayapo-August-4-2021-Bolivian-Primera-Division
División de Fútbol Profesional,M,BOL,2021,1st,Primera División,13,Thu,2021-08-05,15:00,Royal Parí,1.0,Guabirá,1.0,,Estadio Ramón Aguilera Costas,Ivo Méndez,,https://fbref.com/en/matches/c1c79e07/Royal-Pari-Guabira-August-5-2021-Bolivian-Primera-Division
División de Fútbol Profesional,M,BOL,2021,1st,Primera División,13,Thu,2021-08-05,19:00,Wilstermann,2.0,Aurora,1.0,,Estadio Félix Capriles,Gery Vargas,,https://fbref.com/en/matches/1e40cc77/Jorge-Wilstermann-Aurora-August-5-2021-Bolivian-Primera-Division
División de Fútbol Profesional,M,BOL,2021,1st,Primera División,14,Sat,2021-08-07,15:00,Real Santa Cruz,0.0,Oriente Petrolero,0.0,,Estadio Real Santa Cruz,Ivo Méndez,,https://fbref.com/en/matches/46445744/Real-Santa-Cruz-Oriente-Petrolero-August-7-2021-Bolivian-Primera-Division
División de Fútbol Profesional,M,BOL,2021,1st,Primera División,14,Sat,2021-08-07,17:15,San José,0.0,The Strongest,1.0,,Estadio Jesús Bermúdez,Hostin Prado,,https://fbref.com/en/matches/f99f6b37/San-Jose-The-Strongest-August-7-2021-Bolivian-Primera-Division
División de Fútbol Profesional,M,BOL,2021,1st,Primera División,14,Sat,2021-08-07,19:30,Nacional Potosí,1.0,Indep Petrolero,2.0,,Estadio Victor Agustín Ugarte,Raúl Orozco,,https://fbref.com/en/matches/e4f95753/Nacional-Potosi-Independiente-Petrolero-August-7-2021-Bolivian-Primera-Division
División de Fútbol Profesional,M,BOL,2021,1st,Primera División,14,Sun,2021-08-08,15:00,Real Tomayapo,1.0,Wilstermann,2.0,,Estadio IV Centenario,Luis Yrusta,,https://fbref.com/en/matches/dd16775a/Real-Tomayapo-Jorge-Wilstermann-August-8-2021-Bolivian-Primera-Division
División de Fútbol Profesional,M,BOL,2021,1st,Primera División,14,Sun,2021-08-08,17:15,Aurora,2.0,Atlético Palmaflor,1.0,,Estadio Félix Capriles,Charles Terrazas,,https://fbref.com/en/matches/136ce4d0/Aurora-Atletico-Palmaflor-August-8-2021-Bolivian-Primera-Division
División de Fútbol Profesional,M,BOL,2021,1st,Primera División,14,Sun,2021-08-08,19:30,Bolívar,0.0,Always Ready,2.0,,Estadio Hernando Siles,Jorge Mancilla,,https://fbref.com/en/matches/e438b6ca/Bolivar-Always-Ready-August-8-2021-Bolivian-Primera-Division
División de Fútbol Profesional,M,BOL,2021,1st,Primera División,14,Mon,2021-08-09,15:00,Guabirá,3.0,Real Potosí,0.0,,Estadio Gilberto Parada,Nelson Barro,,https://fbref.com/en/matches/e99ffd0e/Guabira-Real-Potosi-August-9-2021-Bolivian-Primera-Division
División de Fútbol Profesional,M,BOL,2021,1st,Primera División,14,Mon,2021-08-09,20:00,Blooming,0.0,Royal Parí,1.0,,Estadio Ramón Aguilera Costas,Rafael Subirana,,https://fbref.com/en/matches/0664491a/Blooming-Royal-Pari-August-9-2021-Bolivian-Primera-Division
División de Fútbol Profesional,M,BOL,2021,1st,Primera División,6,Wed,2021-08-11,15:00,Always Ready,2.0,The Strongest,1.0,,Estadio Municipal El Alto,Gery Vargas,,https://fbref.com/en/matches/dc50c5ae/Always-Ready-The-Strongest-August-11-2021-Bolivian-Primera-Division
División de Fútbol Profesional,M,BOL,2021,1st,Primera División,9,Wed,2021-08-11,19:00,Nacional Potosí,1.0,Bolívar,1.0,,Estadio Victor Agustín Ugarte,Ivo Méndez,,https://fbref.com/en/matches/7fe7d444/Nacional-Potosi-Bolivar-August-11-2021-Bolivian-Primera-Division
División de Fútbol Profesional,M,BOL,2021,1st,Primera División,15,Fri,2021-08-13,17:15,Indep Petrolero,2.0,Guabirá,1.0,,Estadio Olímpico Patria,Jorge Luis Justiniano,,https://fbref.com/en/matches/66b32fc9/Independiente-Petrolero-Guabira-August-13-2021-Bolivian-Primera-Division
División de Fútbol Profesional,M,BOL,2021,1st,Primera División,15,Fri,2021-08-13,19:30,Real Potosí,3.0,Blooming,1.0,,Estadio Victor Agustín Ugarte,Christian Aleman,,https://fbref.com/en/matches/d98cb2c3/Real-Potosi-Blooming-August-13-2021-Bolivian-Primera-Division
División de Fútbol Profesional,M,BOL,2021,1st,Primera División,15,Sat,2021-08-14,15:00,Always Ready,2.0,Aurora,0.0,,Estadio Municipal El Alto,Rafael Subirana,,https://fbref.com/en/matches/32cccf45/Always-Ready-Aurora-August-14-2021-Bolivian-Primera-Division
División de Fútbol Profesional,M,BOL,2021,1st,Primera División,15,Sat,2021-08-14,17:15,Atlético Palmaflor,2.0,Real Tomayapo,0.0,,Estadio Félix Capriles,Nunzio Di Roberto,,https://fbref.com/en/matches/2979d4e9/Atletico-Palmaflor-Real-Tomayapo-August-14-2021-Bolivian-Primera-Division
División de Fútbol Profesional,M,BOL,2021,1st,Primera División,15,Sat,2021-08-14,19:30,The Strongest,1.0,Real Santa Cruz,2.0,,Estadio Hernando Siles,Alvaro Campos,,https://fbref.com/en/matches/e5c89186/The-Strongest-Real-Santa-Cruz-August-14-2021-Bolivian-Primera-Division
División de Fútbol Profesional,M,BOL,2021,1st,Primera División,15,Sun,2021-08-15,15:00,Oriente Petrolero,0.0,Nacional Potosí,0.0,,Estadio Ramón Aguilera Costas,Dilio Rodriguez,,https://fbref.com/en/matches/4cbaba17/Oriente-Petrolero-Nacional-Potosi-August-15-2021-Bolivian-Primera-Division
División de Fútbol Profesional,M,BOL,2021,1st,Primera División,15,Sun,2021-08-15,17:15,Wilstermann,4.0,San José,0.0,,Estadio Félix Capriles,Angel Flores,,https://fbref.com/en/matches/068ef501/Jorge-Wilstermann-San-Jose-August-15-2021-Bolivian-Primera-Division
División de Fútbol Profesional,M,BOL,2021,1st,Primera División,15,Sun,2021-08-15,20:00,Royal Parí,1.0,Bolívar,1.0,,Estadio Ramón Aguilera Costas,Javier Revollo,,https://fbref.com/en/matches/839a241d/Royal-Pari-Bolivar-August-15-2021-Bolivian-Primera-Division
División de Fútbol Profesional,M,BOL,2021,1st,Primera División,16,Tue,2021-08-17,15:00,Always Ready,3.0,Real Tomayapo,1.0,,Estadio Municipal El Alto,Ivo Méndez,,https://fbref.com/en/matches/4588c550/Always-Ready-Real-Tomayapo-August-17-2021-Bolivian-Primera-Division
División de Fútbol Profesional,M,BOL,2021,1st,Primera División,16,Tue,2021-08-17,19:30,Guabirá,4.0,Blooming,2.0,,Estadio Gilberto Parada,Carlos Arteaga,,https://fbref.com/en/matches/cc3ae576/Guabira-Blooming-August-17-2021-Bolivian-Primera-Division
División de Fútbol Profesional,M,BOL,2021,1st,Primera División,16,Wed,2021-08-18,15:00,The Strongest,7.0,Nacional Potosí,0.0,,Estadio Hernando Siles,Jorge Mancilla,,https://fbref.com/en/matches/c41b9de1/The-Strongest-Nacional-Potosi-August-18-2021-Bolivian-Primera-Division
División de Fútbol Profesional,M,BOL,2021,1st,Primera División,16,Wed,2021-08-18,18:15,Atlético Palmaflor,1.0,San José,0.0,,Estadio Félix Capriles,Julio Gutiérrez,,https://fbref.com/en/matches/fb462b56/Atletico-Palmaflor-San-Jose-August-18-2021-Bolivian-Primera-Division
División de Fútbol Profesional,M,BOL,2021,1st,Primera División,16,Wed,2021-08-18,20:15,Oriente Petrolero,1.0,Indep Petrolero,2.0,,Estadio Ramón Aguilera Costas,Christian Aleman,,https://fbref.com/en/matches/54d5f886/Oriente-Petrolero-Independiente-Petrolero-August-18-2021-Bolivian-Primera-Division
División de Fútbol Profesional,M,BOL,2021,1st,Primera División,16,Thu,2021-08-19,15:00,Royal Parí,1.0,Aurora,0.0,,Estadio Ramón Aguilera Costas,José Jordán,,https://fbref.com/en/matches/6cc01f2d/Royal-Pari-Aurora-August-19-2021-Bolivian-Primera-Division
División de Fútbol Profesional,M,BOL,2021,1st,Primera División,16,Thu,2021-08-19,18:15,Real Potosí,0.0,Bolívar,2.0,,Estadio Victor Agustín Ugarte,Charles Terrazas,,https://fbref.com/en/matches/c03aab34/Real-Potosi-Bolivar-August-19-2021-Bolivian-Primera-Division
División de Fútbol Profesional,M,BOL,2021,1st,Primera División,16,Thu,2021-08-19,20:15,Wilstermann,5.0,Real Santa Cruz,1.0,,Estadio Félix Capriles,Gado Flores,,https://fbref.com/en/matches/133b96d2/Jorge-Wilstermann-Real-Santa-Cruz-August-19-2021-Bolivian-Primera-Division
División de Fútbol Profesional,M,BOL,2021,1st,Primera División,17,Sat,2021-08-21,15:00,San José,0.0,Always Ready,4.0,,Estadio Jesús Bermúdez,Carlos Arteaga,,https://fbref.com/en/matches/1b12533d/San-Jose-Always-Ready-August-21-2021-Bolivian-Primera-Division
División de Fútbol Profesional,M,BOL,2021,1st,Primera División,17,Sat,2021-08-21,17:15,Oriente Petrolero,2.0,The Strongest,0.0,,Estadio Ramón Aguilera Costas,Javier Revollo,,https://fbref.com/en/matches/cc50fe41/Oriente-Petrolero-The-Strongest-August-21-2021-Bolivian-Primera-Division
División de Fútbol Profesional,M,BOL,2021,1st,Primera División,17,Sat,2021-08-21,19:30,Indep Petrolero,3.0,Blooming,0.0,,Estadio Olímpico Patria,Carlos Garcia,,https://fbref.com/en/matches/2932c0b1/Independiente-Petrolero-Blooming-August-21-2021-Bolivian-Primera-Division
División de Fútbol Profesional,M,BOL,2021,1st,Primera División,17,Sun,2021-08-22,15:00,Nacional Potosí,0.0,Wilstermann,1.0,,Estadio Victor Agustín Ugarte,Luis Yrusta,,https://fbref.com/en/matches/42968f9a/Nacional-Potosi-Jorge-Wilstermann-August-22-2021-Bolivian-Primera-Division
División de Fútbol Profesional,M,BOL,2021,1st,Primera División,17,Sun,2021-08-22,17:00,Real Tomayapo,1.0,Royal Parí,4.0,,Estadio IV Centenario,Alvaro Campos,,https://fbref.com/en/matches/34a6aaad/Real-Tomayapo-Royal-Pari-August-22-2021-Bolivian-Primera-Division
División de Fútbol Profesional,M,BOL,2021,1st,Primera División,17,Sun,2021-08-22,17:15,Bolívar,6.0,Guabirá,0.0,,Estadio Hernando Siles,Dilio Rodriguez,,https://fbref.com/en/matches/c8d16033/Bolivar-Guabira-August-22-2021-Bolivian-Primera-Division
División de Fútbol Profesional,M,BOL,2021,1st,Primera División,17,Mon,2021-08-23,15:00,Real Santa Cruz,1.0,Atlético Palmaflor,0.0,,Estadio Real Santa Cruz,Nelson Barro,,https://fbref.com/en/matches/d369cc8b/Real-Santa-Cruz-Atletico-Palmaflor-August-23-2021-Bolivian-Primera-Division
División de Fútbol Profesional,M,BOL,2021,1st,Primera División,17,Mon,2021-08-23,19:00,Aurora,5.0,Real Potosí,0.0,,Estadio Félix Capriles,Ivo Méndez,,https://fbref.com/en/matches/958b4833/Aurora-Real-Potosi-August-23-2021-Bolivian-Primera-Division
División de Fútbol Profesional,M,BOL,2021,1st,Primera División,18,Sat,2021-09-11,15:00,Royal Parí,6.0,San José,1.0,,Estadio Ramón Aguilera Costas,Luis Yrusta,,https://fbref.com/en/matches/a3db1358/Royal-Pari-San-Jose-September-11-2021-Bolivian-Primera-Division
División de Fútbol Profesional,M,BOL,2021,1st,Primera División,18,Sun,2021-09-12,15:00,Real Potosí,1.0,Real Tomayapo,0.0,,Estadio Victor Agustín Ugarte,Juan Nelio García,,https://fbref.com/en/matches/0c09bf2f/Real-Potosi-Real-Tomayapo-September-12-2021-Bolivian-Primera-Division
División de Fútbol Profesional,M,BOL,2021,1st,Primera División,18,Sun,2021-09-12,17:15,Wilstermann,0.0,Oriente Petrolero,1.0,,Estadio Félix Capriles,Jorge Mancilla,,https://fbref.com/en/matches/a4eba8d7/Jorge-Wilstermann-Oriente-Petrolero-September-12-2021-Bolivian-Primera-Division
División de Fútbol Profesional,M,BOL,2021,1st,Primera División,18,Sun,2021-09-12,19:30,The Strongest,1.0,Indep Petrolero,1.0,,Estadio Hernando Siles,Gery Vargas,,https://fbref.com/en/matches/e6d357af/The-Strongest-Independiente-Petrolero-September-12-2021-Bolivian-Primera-Division
División de Fútbol Profesional,M,BOL,2021,1st,Primera División,18,Mon,2021-09-13,15:00,Guabirá,4.0,Aurora,0.0,,Estadio Gilberto Parada,Jordy Aleman,,https://fbref.com/en/matches/750b1967/Guabira-Aurora-September-13-2021-Bolivian-Primera-Division
División de Fútbol Profesional,M,BOL,2021,1st,Primera División,18,Mon,2021-09-13,19:30,Atlético Palmaflor,0.0,Nacional Potosí,0.0,,Estadio Félix Capriles,Dilio Rodriguez,,https://fbref.com/en/matches/280b2d3f/Atletico-Palmaflor-Nacional-Potosi-September-13-2021-Bolivian-Primera-Division
División de Fútbol Profesional,M,BOL,2021,1st,Primera División,18,Tue,2021-09-14,15:00,Always Ready,4.0,Real Santa Cruz,0.0,,Estadio Municipal El Alto,José Jordán,,https://fbref.com/en/matches/0663b1ff/Always-Ready-Real-Santa-Cruz-September-14-2021-Bolivian-Primera-Division
División de Fútbol Profesional,M,BOL,2021,1st,Primera División,18,Tue,2021-09-14,20:00,Blooming,2.0,Bolívar,2.0,,Estadio Ramón Aguilera Costas,Raúl Orozco,,https://fbref.com/en/matches/baeda342/Blooming-Bolivar-September-14-2021-Bolivian-Primera-Division
División de Fútbol Profesional,M,BOL,2021,1st,Primera División,19,Fri,2021-09-17,15:00,San José,0.0,Real Potosí,0.0,,Estadio Jesús Bermúdez,Charles Terrazas,,https://fbref.com/en/matches/698cc400/San-Jose-Real-Potosi-September-17-2021-Bolivian-Primera-Division
División de Fútbol Profesional,M,BOL,2021,1st,Primera División,19,Fri,2021-09-17,19:30,Real Tomayapo,1.0,Guabirá,1.0,,Estadio IV Centenario,Gado Flores,,https://fbref.com/en/matches/41030699/Real-Tomayapo-Guabira-September-17-2021-Bolivian-Primera-Division
División de Fútbol Profesional,M,BOL,2021,1st,Primera División,19,Sat,2021-09-18,15:00,Real Santa Cruz,2.0,Royal Parí,1.0,,Estadio Real Santa Cruz,Rafael Subirana,,https://fbref.com/en/matches/054b9213/Real-Santa-Cruz-Royal-Pari-September-18-2021-Bolivian-Primera-Division
División de Fútbol Profesional,M,BOL,2021,1st,Primera División,19,Sat,2021-09-18,17:15,Aurora,2.0,Blooming,0.0,,Estadio Félix Capriles,Jorge Luis Justiniano,,https://fbref.com/en/matches/f8d74043/Aurora-Blooming-September-18-2021-Bolivian-Primera-Division
División de Fútbol Profesional,M,BOL,2021,1st,Primera División,19,Sat,2021-09-18,19:30,Nacional Potosí,0.0,Always Ready,2.0,,Estadio Victor Agustín Ugarte,Ivo Méndez,,https://fbref.com/en/matches/b0763772/Nacional-Potosi-Always-Ready-September-18-2021-Bolivian-Primera-Division
División de Fútbol Profesional,M,BOL,2021,1st,Primera División,19,Sun,2021-09-19,15:00,Indep Petrolero,2.0,Bolívar,1.0,,Estadio Olímpico Patria,Jordy Aleman,,https://fbref.com/en/matches/f6f2019a/Independiente-Petrolero-Bolivar-September-19-2021-Bolivian-Primera-Division
División de Fútbol Profesional,M,BOL,2021,1st,Primera División,19,Sun,2021-09-19,17:15,The Strongest,3.0,Wilstermann,1.0,,Estadio Hernando Siles,Dilio Rodriguez,,https://fbref.com/en/matches/64efbe60/The-Strongest-Jorge-Wilstermann-September-19-2021-Bolivian-Primera-Division
División de Fútbol Profesional,M,BOL,2021,1st,Primera División,19,Sun,2021-09-19,19:30,Oriente Petrolero,3.0,Atlético Palmaflor,0.0,,Estadio Ramón Aguilera Costas,Jorge Mancilla,,https://fbref.com/en/matches/3b69531a/Oriente-Petrolero-Atletico-Palmaflor-September-19-2021-Bolivian-Primera-Division
División de Fútbol Profesional,M,BOL,2021,1st,Primera División,20,Tue,2021-09-21,15:00,Guabirá,4.0,San José,0.0,,Estadio Gilberto Parada,Nunzio Di Roberto,,https://fbref.com/en/matches/796fbfdf/Guabira-San-Jose-September-21-2021-Bolivian-Primera-Division
División de Fútbol Profesional,M,BOL,2021,1st,Primera División,20,Tue,2021-09-21,19:00,Real Potosí,3.0,Real Santa Cruz,0.0,,Estadio Victor Agustín Ugarte,Javier Revollo,,https://fbref.com/en/matches/584cbb10/Real-Potosi-Real-Santa-Cruz-September-21-2021-Bolivian-Primera-Division
División de Fútbol Profesional,M,BOL,2021,1st,Primera División,20,Wed,2021-09-22,15:00,Blooming,0.0,Real Tomayapo,1.0,,Estadio Ramón Aguilera Costas,Dilio Rodriguez,,https://fbref.com/en/matches/abc5242a/Blooming-Real-Tomayapo-September-22-2021-Bolivian-Primera-Division
División de Fútbol Profesional,M,BOL,2021,1st,Primera División,20,Wed,2021-09-22,18:15,Atlético Palmaflor,0.0,The Strongest,0.0,,Estadio Félix Capriles,Carlos Arteaga,,https://fbref.com/en/matches/0bd48265/Atletico-Palmaflor-The-Strongest-September-22-2021-Bolivian-Primera-Division
División de Fútbol Profesional,M,BOL,2021,1st,Primera División,20,Wed,2021-09-22,20:00,Bolívar,5.0,Aurora,1.0,,Estadio Hernando Siles,Gery Vargas,,https://fbref.com/en/matches/db898176/Bolivar-Aurora-September-22-2021-Bolivian-Primera-Division
División de Fútbol Profesional,M,BOL,2021,1st,Primera División,20,Thu,2021-09-23,15:00,Always Ready,2.0,Oriente Petrolero,0.0,,Estadio Municipal El Alto,Jorge Luis Justiniano,,https://fbref.com/en/matches/1852f41e/Always-Ready-Oriente-Petrolero-September-23-2021-Bolivian-Primera-Division
División de Fútbol Profesional,M,BOL,2021,1st,Primera División,20,Thu,2021-09-23,17:15,Royal Parí,2.0,Nacional Potosí,0.0,,Estadio Ramón Aguilera Costas,Carlos Garcia,,https://fbref.com/en/matches/d634b270/Royal-Pari-Nacional-Potosi-September-23-2021-Bolivian-Primera-Division
División de Fútbol Profesional,M,BOL,2021,1st,Primera División,20,Thu,2021-09-23,19:30,Wilstermann,2.0,Indep Petrolero,3.0,,Estadio Félix Capriles,Juan Nelio García,,https://fbref.com/en/matches/cc68b8c8/Jorge-Wilstermann-Independiente-Petrolero-September-23-2021-Bolivian-Primera-Division
División de Fútbol Profesional,M,BOL,2021,1st,Primera División,21,Sat,2021-09-25,17:00,San José,1.0,Blooming,2.0,,Estadio Jesús Bermúdez,Nelson Barro,,https://fbref.com/en/matches/a6d8db1a/San-Jose-Blooming-September-25-2021-Bolivian-Primera-Division
División de Fútbol Profesional,M,BOL,2021,1st,Primera División,21,Sun,2021-09-26,15:00,Nacional Potosí,4.0,Real Potosí,2.0,,Estadio Victor Agustín Ugarte,Orlando Quintana,,https://fbref.com/en/matches/762c8ba6/Nacional-Potosi-Real-Potosi-September-26-2021-Bolivian-Primera-Division
División de Fútbol Profesional,M,BOL,2021,1st,Primera División,21,Sun,2021-09-26,17:15,Real Tomayapo,1.0,Bolívar,3.0,,Estadio IV Centenario,Alvaro Campos,,https://fbref.com/en/matches/1cfc1b99/Real-Tomayapo-Bolivar-September-26-2021-Bolivian-Primera-Division
División de Fútbol Profesional,M,BOL,2021,1st,Primera División,21,Sun,2021-09-26,19:30,The Strongest,1.0,Always Ready,1.0,,Estadio Hernando Siles,Jorge Mancilla,,https://fbref.com/en/matches/44c889d8/The-Strongest-Always-Ready-September-26-2021-Bolivian-Primera-Division
División de Fútbol Profesional,M,BOL,2021,1st,Primera División,21,Mon,2021-09-27,15:00,Real Santa Cruz,3.0,Guabirá,0.0,,Estadio Real Santa Cruz,Carlos Arteaga,,https://fbref.com/en/matches/03836093/Real-Santa-Cruz-Guabira-September-27-2021-Bolivian-Primera-Division
División de Fútbol Profesional,M,BOL,2021,1st,Primera División,21,Mon,2021-09-27,17:15,Indep Petrolero,3.0,Aurora,0.0,,Estadio Olímpico Patria,Gado Flores,,https://fbref.com/en/matches/da1041fc/Independiente-Petrolero-Aurora-September-27-2021-Bolivian-Primera-Division
División de Fútbol Profesional,M,BOL,2021,1st,Primera División,21,Mon,2021-09-27,20:00,Wilstermann,5.0,Atlético Palmaflor,0.0,,Estadio Félix Capriles,Hostin Prado,,https://fbref.com/en/matches/8bd21bf5/Jorge-Wilstermann-Atletico-Palmaflor-September-27-2021-Bolivian-Primera-Division
División de Fútbol Profesional,M,BOL,2021,1st,Primera División,21,Mon,2021-09-27,20:00,Oriente Petrolero,2.0,Royal Parí,4.0,,Estadio Ramón Aguilera Costas,Christian Aleman,,https://fbref.com/en/matches/f7a2dd43/Oriente-Petrolero-Royal-Pari-September-27-2021-Bolivian-Primera-Division
División de Fútbol Profesional,M,BOL,2021,1st,Primera División,22,Sun,2021-10-17,17:15,Aurora,1.0,Real Tomayapo,2.0,,Estadio Félix Capriles,Dilio Rodriguez,,https://fbref.com/en/matches/282b5fc4/Aurora-Real-Tomayapo-October-17-2021-Bolivian-Primera-Division
División de Fútbol Profesional,M,BOL,2021,1st,Primera División,22,Sun,2021-10-17,19:30,Blooming,3.0,Real Santa Cruz,1.0,,Estadio Ramón Aguilera Costas,Juan Nelio García,,https://fbref.com/en/matches/431e9c23/Blooming-Real-Santa-Cruz-October-17-2021-Bolivian-Primera-Division
División de Fútbol Profesional,M,BOL,2021,1st,Primera División,22,Mon,2021-10-18,15:00,Guabirá,3.0,Nacional Potosí,2.0,,Estadio Gilberto Parada,Hostin Prado,,https://fbref.com/en/matches/a7ac5cf3/Guabira-Nacional-Potosi-October-18-2021-Bolivian-Primera-Division
División de Fútbol Profesional,M,BOL,2021,1st,Primera División,22,Tue,2021-10-19,15:00,Real Potosí,2.0,Oriente Petrolero,1.0,,Estadio Victor Agustín Ugarte,Nunzio Di Roberto,,https://fbref.com/en/matches/6386d001/Real-Potosi-Oriente-Petrolero-October-19-2021-Bolivian-Primera-Division
División de Fútbol Profesional,M,BOL,2021,1st,Primera División,22,Tue,2021-10-19,17:15,Royal Parí,0.0,The Strongest,1.0,,Estadio Ramón Aguilera Costas,Gery Vargas,,https://fbref.com/en/matches/52f0434b/Royal-Pari-The-Strongest-October-19-2021-Bolivian-Primera-Division
División de Fútbol Profesional,M,BOL,2021,1st,Primera División,22,Tue,2021-10-19,20:00,Bolívar,4.0,San José,1.0,,Estadio Hernando Siles,Angel Flores,,https://fbref.com/en/matches/d85cd263/Bolivar-San-Jose-October-19-2021-Bolivian-Primera-Division
División de Fútbol Profesional,M,BOL,2021,1st,Primera División,22,Wed,2021-10-20,15:00,Always Ready,0.0,Wilstermann,0.0,,Estadio Municipal El Alto,Ivo Méndez,,https://fbref.com/en/matches/93ab47cc/Always-Ready-Jorge-Wilstermann-October-20-2021-Bolivian-Primera-Division
División de Fútbol Profesional,M,BOL,2021,1st,Primera División,22,Wed,2021-10-20,19:30,Atlético Palmaflor,0.0,Indep Petrolero,0.0,,Estadio Félix Capriles,Jordy Aleman,,https://fbref.com/en/matches/9c008927/Atletico-Palmaflor-Independiente-Petrolero-October-20-2021-Bolivian-Primera-Division
División de Fútbol Profesional,M,BOL,2021,1st,Primera División,23,Fri,2021-10-22,15:30,San José,1.0,Aurora,4.0,,Estadio Jesús Bermúdez,Gado Flores,,https://fbref.com/en/matches/341af346/San-Jose-Aurora-October-22-2021-Bolivian-Primera-Division
División de Fútbol Profesional,M,BOL,2021,1st,Primera División,23,Fri,2021-10-22,19:30,Oriente Petrolero,2.0,Guabirá,0.0,,Estadio Ramón Aguilera Costas,Rafael Subirana,,https://fbref.com/en/matches/e3059680/Oriente-Petrolero-Guabira-October-22-2021-Bolivian-Primera-Division
División de Fútbol Profesional,M,BOL,2021,1st,Primera División,23,Sat,2021-10-23,15:00,The Strongest,1.0,Real Potosí,0.0,,Estadio Hernando Siles,Jorge Mancilla,,https://fbref.com/en/matches/e5dab2de/The-Strongest-Real-Potosi-October-23-2021-Bolivian-Primera-Division
División de Fútbol Profesional,M,BOL,2021,1st,Primera División,23,Sat,2021-10-23,17:15,Wilstermann,4.0,Royal Parí,1.0,,Estadio Félix Capriles,José Jordán,,https://fbref.com/en/matches/78887870/Jorge-Wilstermann-Royal-Pari-October-23-2021-Bolivian-Primera-Division
División de Fútbol Profesional,M,BOL,2021,1st,Primera División,23,Sat,2021-10-23,19:30,Nacional Potosí,4.0,Blooming,0.0,,Estadio Victor Agustín Ugarte,Javier Revollo,,https://fbref.com/en/matches/4afec334/Nacional-Potosi-Blooming-October-23-2021-Bolivian-Primera-Division
División de Fútbol Profesional,M,BOL,2021,1st,Primera División,23,Sun,2021-10-24,15:00,Indep Petrolero,1.0,Real Tomayapo,0.0,,Estadio Olímpico Patria,Gery Vargas,,https://fbref.com/en/matches/18aa6821/Independiente-Petrolero-Real-Tomayapo-October-24-2021-Bolivian-Primera-Division
División de Fútbol Profesional,M,BOL,2021,1st,Primera División,23,Sun,2021-10-24,17:15,Atlético Palmaflor,0.0,Always Ready,1.0,,Estadio Félix Capriles,Jorge Luis Justiniano,,https://fbref.com/en/matches/667b2f91/Atletico-Palmaflor-Always-Ready-October-24-2021-Bolivian-Primera-Division
División de Fútbol Profesional,M,BOL,2021,1st,Primera División,23,Sun,2021-10-24,19:30,Real Santa Cruz,0.0,Bolívar,3.0,,Estadio Real Santa Cruz,Charles Terrazas,,https://fbref.com/en/matches/0c514361/Real-Santa-Cruz-Bolivar-October-24-2021-Bolivian-Primera-Division
División de Fútbol Profesional,M,BOL,2021,1st,Primera División,24,Tue,2021-10-26,15:00,Guabirá,0.0,The Strongest,0.0,,Estadio Gilberto Parada,Dilio Rodriguez,,https://fbref.com/en/matches/5845bfc3/Guabira-The-Strongest-October-26-2021-Bolivian-Primera-Division
División de Fútbol Profesional,M,BOL,2021,1st,Primera División,24,Tue,2021-10-26,18:15,Real Potosí,2.0,Wilstermann,2.0,,Estadio Victor Agustín Ugarte,Nunzio Di Roberto,,https://fbref.com/en/matches/ab591fe5/Real-Potosi-Jorge-Wilstermann-October-26-2021-Bolivian-Primera-Division
División de Fútbol Profesional,M,BOL,2021,1st,Primera División,24,Wed,2021-10-27,15:00,Always Ready,2.0,Indep Petrolero,2.0,,Estadio Municipal El Alto,Jorge Mancilla,,https://fbref.com/en/matches/f93e2d1c/Always-Ready-Independiente-Petrolero-October-27-2021-Bolivian-Primera-Division
División de Fútbol Profesional,M,BOL,2021,1st,Primera División,24,Wed,2021-10-27,18:15,Real Tomayapo,1.0,San José,0.0,,Estadio IV Centenario,Carlos Garcia,,https://fbref.com/en/matches/20a71546/Real-Tomayapo-San-Jose-October-27-2021-Bolivian-Primera-Division
División de Fútbol Profesional,M,BOL,2021,1st,Primera División,24,Wed,2021-10-27,20:30,Blooming,1.0,Oriente Petrolero,1.0,,Estadio Ramón Aguilera Costas,Ivo Méndez,,https://fbref.com/en/matches/f6ac02cb/Blooming-Oriente-Petrolero-October-27-2021-Bolivian-Primera-Division
División de Fútbol Profesional,M,BOL,2021,1st,Primera División,24,Thu,2021-10-28,15:00,Royal Parí,2.0,Atlético Palmaflor,2.0,,Estadio Ramón Aguilera Costas,Nelson Barro,,https://fbref.com/en/matches/1c44109b/Royal-Pari-Atletico-Palmaflor-October-28-2021-Bolivian-Primera-Division
División de Fútbol Profesional,M,BOL,2021,1st,Primera División,24,Thu,2021-10-28,18:15,Bolívar,4.0,Nacional Potosí,2.0,,Estadio Hernando Siles,Carlos Arteaga,,https://fbref.com/en/matches/6117424e/Bolivar-Nacional-Potosi-October-28-2021-Bolivian-Primera-Division
División de Fútbol Profesional,M,BOL,2021,1st,Primera División,25,Sat,2021-10-30,15:00,The Strongest,2.0,Blooming,1.0,,Estadio Hernando Siles,Orlando Quintana,,https://fbref.com/en/matches/4b9a137c/The-Strongest-Blooming-October-30-2021-Bolivian-Primera-Division
División de Fútbol Profesional,M,BOL,2021,1st,Primera División,25,Sat,2021-10-30,17:15,Wilstermann,2.0,Guabirá,1.0,,Estadio Félix Capriles,Javier Revollo,,https://fbref.com/en/matches/4ddc50ff/Jorge-Wilstermann-Guabira-October-30-2021-Bolivian-Primera-Division
División de Fútbol Profesional,M,BOL,2021,1st,Primera División,25,Sun,2021-10-31,15:00,Always Ready,2.0,Royal Parí,1.0,,Estadio Municipal El Alto,Hostin Prado,,https://fbref.com/en/matches/12bee24d/Always-Ready-Royal-Pari-October-31-2021-Bolivian-Primera-Division
División de Fútbol Profesional,M,BOL,2021,1st,Primera División,25,Sun,2021-10-31,17:15,Nacional Potosí,0.0,Aurora,0.0,,Estadio Victor Agustín Ugarte,Juan Nelio García,,https://fbref.com/en/matches/70d79d0f/Nacional-Potosi-Aurora-October-31-2021-Bolivian-Primera-Division
División de Fútbol Profesional,M,BOL,2021,1st,Primera División,25,Sun,2021-10-31,19:30,Oriente Petrolero,1.0,Bolívar,3.0,,Estadio Ramón Aguilera Costas,Dilio Rodriguez,,https://fbref.com/en/matches/80126eeb/Oriente-Petrolero-Bolivar-October-31-2021-Bolivian-Primera-Division
División de Fútbol Profesional,M,BOL,2021,1st,Primera División,25,Mon,2021-11-01,15:00,Real Santa Cruz,2.0,Real Tomayapo,0.0,,Estadio Real Santa Cruz,Nunzio Di Roberto,,https://fbref.com/en/matches/6519b36f/Real-Santa-Cruz-Real-Tomayapo-November-1-2021-Bolivian-Primera-Division
División de Fútbol Profesional,M,BOL,2021,1st,Primera División,25,Mon,2021-11-01,19:15,Indep Petrolero,4.0,San José,0.0,,Estadio Olímpico Patria,Rafael Subirana,,https://fbref.com/en/matches/a27b585c/Independiente-Petrolero-San-Jose-November-1-2021-Bolivian-Primera-Division
División de Fútbol Profesional,M,BOL,2021,1st,Primera División,25,Mon,2021-11-01,20:30,Atlético Palmaflor,0.0,Real Potosí,1.0,,Estadio Félix Capriles,Jordy Aleman,,https://fbref.com/en/matches/44a2322e/Atletico-Palmaflor-Real-Potosi-November-1-2021-Bolivian-Primera-Division
División de Fútbol Profesional,M,BOL,2021,1st,Primera División,24,Sun,2021-11-07,15:00,Aurora,4.0,Real Santa Cruz,1.0,,Estadio Félix Capriles,Orlando Quintana,,https://fbref.com/en/matches/3bd923f4/Aurora-Real-Santa-Cruz-November-7-2021-Bolivian-Primera-Division
División de Fútbol Profesional,M,BOL,2021,1st,Primera División,26,Sat,2021-11-20,15:00,Guabirá,2.0,Atlético Palmaflor,0.0,,Estadio Gilberto Parada,Gado Flores,,https://fbref.com/en/matches/e4a20868/Guabira-Atletico-Palmaflor-November-20-2021-Bolivian-Primera-Division
División de Fútbol Profesional,M,BOL,2021,1st,Primera División,26,Sat,2021-11-20,17:15,Aurora,1.0,Oriente Petrolero,2.0,,Estadio Félix Capriles,Jorge Luis Justiniano,,https://fbref.com/en/matches/2ab28e0a/Aurora-Oriente-Petrolero-November-20-2021-Bolivian-Primera-Division
División de Fútbol Profesional,M,BOL,2021,1st,Primera División,26,Sat,2021-11-20,19:30,Royal Parí,3.0,Indep Petrolero,1.0,,Estadio Ramón Aguilera Costas,Javier Revollo,,https://fbref.com/en/matches/0c492f2c/Royal-Pari-Independiente-Petrolero-November-20-2021-Bolivian-Primera-Division
División de Fútbol Profesional,M,BOL,2021,1st,Primera División,26,Sun,2021-11-21,15:00,Real Potosí,3.0,Always Ready,2.0,,Estadio Victor Agustín Ugarte,Carlos Arteaga,,https://fbref.com/en/matches/c03cee0c/Real-Potosi-Always-Ready-November-21-2021-Bolivian-Primera-Division
División de Fútbol Profesional,M,BOL,2021,1st,Primera División,26,Sun,2021-11-21,17:15,Bolívar,0.0,The Strongest,1.0,,Estadio Hernando Siles,Gery Vargas,,https://fbref.com/en/matches/bd7c3041/Bolivar-The-Strongest-November-21-2021-Bolivian-Primera-Division
División de Fútbol Profesional,M,BOL,2021,1st,Primera División,26,Sun,2021-11-21,19:30,Blooming,2.0,Wilstermann,2.0,,Estadio Ramón Aguilera Costas,Christian Aleman,,https://fbref.com/en/matches/9f021b04/Blooming-Jorge-Wilstermann-November-21-2021-Bolivian-Primera-Division
División de Fútbol Profesional,M,BOL,2021,1st,Primera División,26,Mon,2021-11-22,15:45,San José,1.0,Real Santa Cruz,2.0,,Estadio Jesús Bermúdez,Charles Terrazas,,https://fbref.com/en/matches/f51b7c0f/San-Jose-Real-Santa-Cruz-November-22-2021-Bolivian-Primera-Division
División de Fútbol Profesional,M,BOL,2021,1st,Primera División,26,Mon,2021-11-22,20:00,Real Tomayapo,3.0,Nacional Potosí,0.0,,Estadio IV Centenario,Rafael Subirana,,https://fbref.com/en/matches/3988ab06/Real-Tomayapo-Nacional-Potosi-November-22-2021-Bolivian-Primera-Division
División de Fútbol Profesional,M,BOL,2021,1st,Primera División,27,Fri,2021-11-26,15:00,Nacional Potosí,7.0,San José,1.0,,Estadio Victor Agustín Ugarte,Juan Nelio García,,https://fbref.com/en/matches/e66a3b04/Nacional-Potosi-San-Jose-November-26-2021-Bolivian-Primera-Division
División de Fútbol Profesional,M,BOL,2021,1st,Primera División,27,Fri,2021-11-26,18:15,The Strongest,3.0,Aurora,0.0,,Estadio Hernando Siles,Alvaro Campos,,https://fbref.com/en/matches/a9d20269/The-Strongest-Aurora-November-26-2021-Bolivian-Primera-Division
División de Fútbol Profesional,M,BOL,2021,1st,Primera División,27,Fri,2021-11-26,20:30,Oriente Petrolero,3.0,Real Tomayapo,1.0,,Estadio Ramón Aguilera Costas,Nunzio Di Roberto,,https://fbref.com/en/matches/a8576f6e/Oriente-Petrolero-Real-Tomayapo-November-26-2021-Bolivian-Primera-Division
División de Fútbol Profesional,M,BOL,2021,1st,Primera División,27,Sat,2021-11-27,15:00,Always Ready,6.0,Guabirá,1.0,,Estadio Municipal El Alto,Gery Vargas,,https://fbref.com/en/matches/a0436be4/Always-Ready-Guabira-November-27-2021-Bolivian-Primera-Division
División de Fútbol Profesional,M,BOL,2021,1st,Primera División,27,Sat,2021-11-27,17:15,Atlético Palmaflor,3.0,Blooming,0.0,,Estadio Félix Capriles,Nelson Barro,,https://fbref.com/en/matches/98a106d6/Atletico-Palmaflor-Blooming-November-27-2021-Bolivian-Primera-Division
División de Fútbol Profesional,M,BOL,2021,1st,Primera División,27,Sat,2021-11-27,19:30,Indep Petrolero,2.0,Real Santa Cruz,1.0,,Estadio Olímpico Patria,Hostin Prado,,https://fbref.com/en/matches/b5bc1cc6/Independiente-Petrolero-Real-Santa-Cruz-November-27-2021-Bolivian-Primera-Division
División de Fútbol Profesional,M,BOL,2021,1st,Primera División,27,Sun,2021-11-28,15:00,Royal Parí,5.0,Real Potosí,0.0,,Estadio Ramón Aguilera Costas,Jordy Peralta,,https://fbref.com/en/matches/db29339a/Royal-Pari-Real-Potosi-November-28-2021-Bolivian-Primera-Division
División de Fútbol Profesional,M,BOL,2021,1st,Primera División,27,Sun,2021-11-28,17:15,Wilstermann,1.0,Bolívar,0.0,,Estadio Félix Capriles,Ivo Méndez,,https://fbref.com/en/matches/e80e45bf/Jorge-Wilstermann-Bolivar-November-28-2021-Bolivian-Primera-Division
División de Fútbol Profesional,M,BOL,2021,1st,Primera División,28,Tue,2021-11-30,15:45,San José,0.0,Oriente Petrolero,2.0,,Estadio Félix Capriles,Gado Flores,,https://fbref.com/en/matches/15b8fb51/San-Jose-Oriente-Petrolero-November-30-2021-Bolivian-Primera-Division
División de Fútbol Profesional,M,BOL,2021,1st,Primera División,28,Tue,2021-11-30,20:00,Blooming,1.0,Always Ready,2.0,,Estadio Ramón Aguilera Costas,Jorge Luis Justiniano,,https://fbref.com/en/matches/c12208b5/Blooming-Always-Ready-November-30-2021-Bolivian-Primera-Division
División de Fútbol Profesional,M,BOL,2021,1st,Primera División,28,Wed,2021-12-01,15:00,Real Santa Cruz,1.0,Nacional Potosí,1.0,,Estadio Real Santa Cruz,Jordy Aleman,,https://fbref.com/en/matches/667d6a4f/Real-Santa-Cruz-Nacional-Potosi-December-1-2021-Bolivian-Primera-Division
División de Fútbol Profesional,M,BOL,2021,1st,Primera División,28,Wed,2021-12-01,19:00,Aurora,1.0,Wilstermann,1.0,,Estadio Félix Capriles,Dilio Rodriguez,,https://fbref.com/en/matches/2cea2a97/Aurora-Jorge-Wilstermann-December-1-2021-Bolivian-Primera-Division
División de Fútbol Profesional,M,BOL,2021,1st,Primera División,28,Wed,2021-12-01,19:30,Bolívar,3.0,Atlético Palmaflor,1.0,,Estadio Hernando Siles,Jorge Mancilla,,https://fbref.com/en/matches/a5840a3b/Bolivar-Atletico-Palmaflor-December-1-2021-Bolivian-Primera-Division
División de Fútbol Profesional,M,BOL,2021,1st,Primera División,28,Thu,2021-12-02,15:00,Real Potosí,0.0,Indep Petrolero,5.0,,Estadio Victor Agustín Ugarte,Gery Vargas,,https://fbref.com/en/matches/8f39b88e/Real-Potosi-Independiente-Petrolero-December-2-2021-Bolivian-Primera-Division
División de Fútbol Profesional,M,BOL,2021,1st,Primera División,28,Thu,2021-12-02,15:00,Guabirá,3.0,Royal Parí,2.0,,Estadio Gilberto Parada,Ivo Méndez,,https://fbref.com/en/matches/a1d0c5c4/Guabira-Royal-Pari-December-2-2021-Bolivian-Primera-Division
División de Fútbol Profesional,M,BOL,2021,1st,Primera División,28,Thu,2021-12-02,20:00,Real Tomayapo,0.0,The Strongest,0.0,,Estadio IV Centenario,Rafael Subirana,,https://fbref.com/en/matches/34a5e6c2/Real-Tomayapo-The-Strongest-December-2-2021-Bolivian-Primera-Division
División de Fútbol Profesional,M,BOL,2021,1st,Primera División,29,Sat,2021-12-04,15:00,Atlético Palmaflor,3.0,Aurora,2.0,,Estadio Félix Capriles,Charles Terrazas,,https://fbref.com/en/matches/a3a71ecf/Atletico-Palmaflor-Aurora-December-4-2021-Bolivian-Primera-Division
División de Fútbol Profesional,M,BOL,2021,1st,Primera División,29,Sat,2021-12-04,20:30,Oriente Petrolero,2.0,Real Santa Cruz,0.0,,Estadio Ramón Aguilera Costas,Carlos Arteaga,,https://fbref.com/en/matches/94760642/Oriente-Petrolero-Real-Santa-Cruz-December-4-2021-Bolivian-Primera-Division
División de Fútbol Profesional,M,BOL,2021,1st,Primera División,29,Sun,2021-12-05,15:00,Real Potosí,1.0,Guabirá,3.0,,Estadio Victor Agustín Ugarte,Alvaro Campos,,https://fbref.com/en/matches/521aad1a/Real-Potosi-Guabira-December-5-2021-Bolivian-Primera-Division
División de Fútbol Profesional,M,BOL,2021,1st,Primera División,29,Sun,2021-12-05,15:00,Royal Parí,4.0,Blooming,3.0,,Estadio Ramón Aguilera Costas,Juan Nelio García,,https://fbref.com/en/matches/60e23447/Royal-Pari-Blooming-December-5-2021-Bolivian-Primera-Division
División de Fútbol Profesional,M,BOL,2021,1st,Primera División,29,Sun,2021-12-05,15:00,Indep Petrolero,2.0,Nacional Potosí,0.0,,Estadio Olímpico Patria,Javier Revollo,,https://fbref.com/en/matches/6e102e31/Independiente-Petrolero-Nacional-Potosi-December-5-2021-Bolivian-Primera-Division
División de Fútbol Profesional,M,BOL,2021,1st,Primera División,29,Sun,2021-12-05,15:00,The Strongest,2.0,San José,0.0,,Estadio Hernando Siles,Jorge Mancilla,,https://fbref.com/en/matches/addd1e3b/The-Strongest-San-Jose-December-5-2021-Bolivian-Primera-Division
División de Fútbol Profesional,M,BOL,2021,1st,Primera División,29,Sun,2021-12-05,15:00,Always Ready,1.0,Bolívar,1.0,,Estadio Municipal El Alto,Gery Vargas,,https://fbref.com/en/matches/c308c383/Always-Ready-Bolivar-December-5-2021-Bolivian-Primera-Division
División de Fútbol Profesional,M,BOL,2021,1st,Primera División,29,Mon,2021-12-06,19:00,Wilstermann,3.0,Real Tomayapo,0.0,,Estadio Félix Capriles,Nunzio Di Roberto,,https://fbref.com/en/matches/a7b4ae56/Jorge-Wilstermann-Real-Tomayapo-December-6-2021-Bolivian-Primera-Division
División de Fútbol Profesional,M,BOL,2021,1st,Primera División,30,Fri,2021-12-10,15:00,Nacional Potosí,1.0,Oriente Petrolero,0.0,,Estadio Victor Agustín Ugarte,Gado Flores,,https://fbref.com/en/matches/765729ba/Nacional-Potosi-Oriente-Petrolero-December-10-2021-Bolivian-Primera-Division
División de Fútbol Profesional,M,BOL,2021,1st,Primera División,30,Fri,2021-12-10,19:00,Bolívar,2.0,Royal Parí,0.0,,Estadio Hernando Siles,Nelson Barro,,https://fbref.com/en/matches/739360d8/Bolivar-Royal-Pari-December-10-2021-Bolivian-Primera-Division
División de Fútbol Profesional,M,BOL,2021,1st,Primera División,30,Sat,2021-12-11,15:00,Real Tomayapo,3.0,Atlético Palmaflor,3.0,,Estadio IV Centenario,Juan Nelio García,,https://fbref.com/en/matches/6dba4d9f/Real-Tomayapo-Atletico-Palmaflor-December-11-2021-Bolivian-Primera-Division
División de Fútbol Profesional,M,BOL,2021,1st,Primera División,30,Sat,2021-12-11,15:00,San José,0.0,Wilstermann,3.0,,Estadio Jesús Bermúdez,,Match awarded to,https://fbref.com/en/matches/f0a599d8/San-Jose-Jorge-Wilstermann-December-11-2021-Bolivian-Primera-Division
División de Fútbol Profesional,M,BOL,2021,1st,Primera División,30,Sat,2021-12-11,19:00,Blooming,1.0,Real Potosí,0.0,,Estadio Ramón Aguilera Costas,Dilio Rodriguez,,https://fbref.com/en/matches/cb947e34/Blooming-Real-Potosi-December-11-2021-Bolivian-Primera-Division
División de Fútbol Profesional,M,BOL,2021,1st,Primera División,30,Sun,2021-12-12,15:00,Guabirá,2.0,Indep Petrolero,3.0,,Estadio Gilberto Parada,Alvaro Campos,,https://fbref.com/en/matches/0e41d71f/Guabira-Independiente-Petrolero-December-12-2021-Bolivian-Primera-Division
División de Fútbol Profesional,M,BOL,2021,1st,Primera División,30,Sun,2021-12-12,15:00,Aurora,3.0,Always Ready,4.0,,Estadio Félix Capriles,Ivo Méndez,,https://fbref.com/en/matches/21ed22c1/Aurora-Always-Ready-December-12-2021-Bolivian-Primera-Division
División de Fútbol Profesional,M,BOL,2021,1st,Primera División,30,Sun,2021-12-12,15:00,Real Santa Cruz,1.0,The Strongest,0.0,,Estadio Real Santa Cruz,Jorge Mancilla,,https://fbref.com/en/matches/c962521f/Real-Santa-Cruz-The-Strongest-December-12-2021-Bolivian-Primera-Division
División de Fútbol Profesional,M,BOL,2021,1st,Bolivian 1/2 Relegation/Promotion Play-off,,Wed,2021-12-15,19:00,Real Potosí,1.0,Univ de Sucre,2.0,,Estadio Victor Agustín Ugarte,Jordy Aleman,Leg 1 of 2,https://fbref.com/en/matches/7a0bb31b/Real-Potosi-Universitario-de-Sucre-December-15-2021-Bolivian-12-RelegationPromotion-Play-offs
División de Fútbol Profesional,M,BOL,2021,1st,Bolivian 1/2 Relegation/Promotion Play-off,,Sun,2021-12-19,15:00,Univ de Sucre,2.0,Real Potosí,0.0,,Estadio Olímpico Patria,Ivo Méndez,Leg 2 of 2; Univ de Sucre won,https://fbref.com/en/matches/a0fa9217/Universitario-de-Sucre-Real-Potosi-December-19-2021-Bolivian-12-RelegationPromotion-Play-offs
División de Fútbol Profesional,M,BOL,2022,1st,Torneo Apertura,1,Fri,2022-02-04,18:00,FC Universitario,1.0,Real Tomayapo,1.0,,Estadio Félix Capriles,Guildo Quenta,,https://fbref.com/en/matches/be87e57c/FC-Universitario-Real-Tomayapo-February-4-2022-Bolivian-Primera-Division
División de Fútbol Profesional,M,BOL,2022,1st,Torneo Apertura,1,Sat,2022-02-05,17:15,Nacional Potosí,1.0,Atlético Palmaflor,1.0,,Estadio Victor Agustín Ugarte,Javier Revollo,,https://fbref.com/en/matches/d279cf60/Nacional-Potosi-Atletico-Palmaflor-February-5-2022-Bolivian-Primera-Division
División de Fútbol Profesional,M,BOL,2022,1st,Torneo Apertura,1,Sun,2022-02-06,12:00,Real Santa Cruz,0.0,Univ de Sucre,1.0,,Estadio Real Santa Cruz,Carlos Terrazas,,https://fbref.com/en/matches/ca7d43db/Real-Santa-Cruz-Universitario-de-Sucre-February-6-2022-Bolivian-Primera-Division
División de Fútbol Profesional,M,BOL,2022,1st,Torneo Apertura,1,Sun,2022-02-06,15:00,Indep Petrolero,1.0,Always Ready,2.0,,Estadio Olímpico Patria,Ivo Méndez,,https://fbref.com/en/matches/562945e0/Independiente-Petrolero-Always-Ready-February-6-2022-Bolivian-Primera-Division
División de Fútbol Profesional,M,BOL,2022,1st,Torneo Apertura,1,Sun,2022-02-06,15:00,Blooming,0.0,Bolívar,7.0,,Estadio Ramón Aguilera Costas,Hostin Prado,,https://fbref.com/en/matches/a56425b1/Blooming-Bolivar-February-6-2022-Bolivian-Primera-Division
División de Fútbol Profesional,M,BOL,2022,1st,Torneo Apertura,1,Sun,2022-02-06,15:00,Aurora,0.0,Guabirá,0.0,,Estadio Félix Capriles,Angel Flores,,https://fbref.com/en/matches/dc2356eb/Aurora-Guabira-February-6-2022-Bolivian-Primera-Division
División de Fútbol Profesional,M,BOL,2022,1st,Torneo Apertura,1,Sun,2022-02-06,17:15,The Strongest,2.0,Oriente Petrolero,0.0,,Estadio Hernando Siles,Christian Aleman,,https://fbref.com/en/matches/0500a96c/The-Strongest-Oriente-Petrolero-February-6-2022-Bolivian-Primera-Division
División de Fútbol Profesional,M,BOL,2022,1st,Torneo Apertura,1,Sun,2022-02-06,19:30,Royal Parí,0.0,Wilstermann,2.0,,Estadio Ramón Aguilera Costas,Gery Vargas,,https://fbref.com/en/matches/1d873512/Royal-Pari-Jorge-Wilstermann-February-6-2022-Bolivian-Primera-Division
División de Fútbol Profesional,M,BOL,2022,1st,Torneo Apertura,2,Fri,2022-02-11,20:00,Oriente Petrolero,2.0,Aurora,0.0,,Estadio Ramón Aguilera Costas,Gado Flores,,https://fbref.com/en/matches/08950e04/Oriente-Petrolero-Aurora-February-11-2022-Bolivian-Primera-Division
División de Fútbol Profesional,M,BOL,2022,1st,Torneo Apertura,2,Sat,2022-02-12,15:00,Always Ready,2.0,Royal Parí,2.0,,Estadio Municipal El Alto,Jordy Aleman,,https://fbref.com/en/matches/7df65396/Always-Ready-Royal-Pari-February-12-2022-Bolivian-Primera-Division
División de Fútbol Profesional,M,BOL,2022,1st,Torneo Apertura,2,Sat,2022-02-12,15:00,Wilstermann,0.0,Blooming,1.0,,Estadio Municipal de Sacaba,Nelson Barro,,https://fbref.com/en/matches/f6f9b217/Jorge-Wilstermann-Blooming-February-12-2022-Bolivian-Primera-Division
División de Fútbol Profesional,M,BOL,2022,1st,Torneo Apertura,2,Sat,2022-02-12,19:30,Univ de Sucre,4.0,Nacional Potosí,3.0,,Estadio Olímpico Patria,Carlos Garcia,,https://fbref.com/en/matches/03b99c2b/Universitario-de-Sucre-Nacional-Potosi-February-12-2022-Bolivian-Primera-Division
División de Fútbol Profesional,M,BOL,2022,1st,Torneo Apertura,2,Sun,2022-02-13,12:00,Atlético Palmaflor,0.0,The Strongest,3.0,,Estadio Félix Capriles,Gery Vargas,,https://fbref.com/en/matches/c04968cf/Atletico-Palmaflor-The-Strongest-February-13-2022-Bolivian-Primera-Division
División de Fútbol Profesional,M,BOL,2022,1st,Torneo Apertura,2,Sun,2022-02-13,15:00,Bolívar,2.0,FC Universitario,0.0,,Estadio Hernando Siles,Edson Rios,,https://fbref.com/en/matches/4452e1f1/Bolivar-FC-Universitario-February-13-2022-Bolivian-Primera-Division
División de Fútbol Profesional,M,BOL,2022,1st,Torneo Apertura,2,Sun,2022-02-13,15:00,Real Santa Cruz,2.0,Guabirá,2.0,,Estadio Real Santa Cruz,Juan Nelio García,,https://fbref.com/en/matches/6590a87d/Real-Santa-Cruz-Guabira-February-13-2022-Bolivian-Primera-Division
División de Fútbol Profesional,M,BOL,2022,1st,Torneo Apertura,2,Sun,2022-02-13,17:15,Real Tomayapo,1.0,Indep Petrolero,1.0,,Estadio IV Centenario,Javier Revollo,,https://fbref.com/en/matches/eee9e69d/Real-Tomayapo-Independiente-Petrolero-February-13-2022-Bolivian-Primera-Division
División de Fútbol Profesional,M,BOL,2022,1st,Torneo Apertura,3,Fri,2022-02-18,17:15,Nacional Potosí,1.0,Real Santa Cruz,0.0,,Estadio Victor Agustín Ugarte,Nunzio Di Roberto,,https://fbref.com/en/matches/5d969fd4/Nacional-Potosi-Real-Santa-Cruz-February-18-2022-Bolivian-Primera-Division
División de Fútbol Profesional,M,BOL,2022,1st,Torneo Apertura,3,Fri,2022-02-18,19:30,The Strongest,1.0,Univ de Sucre,1.0,,Estadio Hernando Siles,Angel Flores,,https://fbref.com/en/matches/3ef1f85e/The-Strongest-Universitario-de-Sucre-February-18-2022-Bolivian-Primera-Division
División de Fútbol Profesional,M,BOL,2022,1st,Torneo Apertura,3,Sat,2022-02-19,15:00,Always Ready,0.0,Real Tomayapo,1.0,,Estadio Municipal El Alto,Alvaro Campos,,https://fbref.com/en/matches/1647de6b/Always-Ready-Real-Tomayapo-February-19-2022-Bolivian-Primera-Division
División de Fútbol Profesional,M,BOL,2022,1st,Torneo Apertura,3,Sat,2022-02-19,15:00,Aurora,1.0,Atlético Palmaflor,2.0,,Estadio Félix Capriles,Charles Terrazas,,https://fbref.com/en/matches/640299b3/Aurora-Atletico-Palmaflor-February-19-2022-Bolivian-Primera-Division
División de Fútbol Profesional,M,BOL,2022,1st,Torneo Apertura,3,Sat,2022-02-19,19:30,Royal Parí,1.0,Blooming,1.0,,Estadio Ramón Aguilera Costas,Ivo Méndez,,https://fbref.com/en/matches/df9d7fe6/Royal-Pari-Blooming-February-19-2022-Bolivian-Primera-Division
División de Fútbol Profesional,M,BOL,2022,1st,Torneo Apertura,3,Sun,2022-02-20,15:00,FC Universitario,2.0,Wilstermann,0.0,,Estadio Félix Capriles,Hostin Prado,,https://fbref.com/en/matches/a3f071dd/FC-Universitario-Jorge-Wilstermann-February-20-2022-Bolivian-Primera-Division
División de Fútbol Profesional,M,BOL,2022,1st,Torneo Apertura,3,Sun,2022-02-20,16:00,Indep Petrolero,1.0,Bolívar,0.0,,Estadio Olímpico Patria,Juan Nelio García,,https://fbref.com/en/matches/60b1de7a/Independiente-Petrolero-Bolivar-February-20-2022-Bolivian-Primera-Division
División de Fútbol Profesional,M,BOL,2022,1st,Torneo Apertura,3,Sun,2022-02-20,19:30,Oriente Petrolero,2.0,Guabirá,1.0,,Estadio Ramón Aguilera Costas,Rafael Subirana,,https://fbref.com/en/matches/62d53070/Oriente-Petrolero-Guabira-February-20-2022-Bolivian-Primera-Division
División de Fútbol Profesional,M,BOL,2022,1st,Torneo Apertura,4,Fri,2022-02-25,15:00,Nacional Potosí,3.0,Guabirá,1.0,,Estadio Victor Agustín Ugarte,Javier Revollo,,https://fbref.com/en/matches/adf0d842/Nacional-Potosi-Guabira-February-25-2022-Bolivian-Primera-Division
División de Fútbol Profesional,M,BOL,2022,1st,Torneo Apertura,4,Fri,2022-02-25,20:00,Blooming,5.0,FC Universitario,0.0,,Estadio Ramón Aguilera Costas,Gado Flores,,https://fbref.com/en/matches/cee2dfb0/Blooming-FC-Universitario-February-25-2022-Bolivian-Primera-Division
División de Fútbol Profesional,M,BOL,2022,1st,Torneo Apertura,4,Sat,2022-02-26,15:00,Real Santa Cruz,1.0,The Strongest,2.0,,Estadio Real Santa Cruz,Jordy Aleman,,https://fbref.com/en/matches/bc7714bd/Real-Santa-Cruz-The-Strongest-February-26-2022-Bolivian-Primera-Division
División de Fútbol Profesional,M,BOL,2022,1st,Torneo Apertura,4,Sat,2022-02-26,15:00,Atlético Palmaflor,2.0,Oriente Petrolero,1.0,,Estadio Félix Capriles,José Jordán,,https://fbref.com/en/matches/f8e19ddd/Atletico-Palmaflor-Oriente-Petrolero-February-26-2022-Bolivian-Primera-Division
División de Fútbol Profesional,M,BOL,2022,1st,Torneo Apertura,4,Sat,2022-02-26,17:15,Real Tomayapo,1.0,Royal Parí,0.0,,Estadio IV Centenario,Carlos Garcia,,https://fbref.com/en/matches/f078ff0e/Real-Tomayapo-Royal-Pari-February-26-2022-Bolivian-Primera-Division
División de Fútbol Profesional,M,BOL,2022,1st,Torneo Apertura,4,Sun,2022-02-27,15:00,Univ de Sucre,1.0,Aurora,1.0,,Estadio Olímpico Patria,Carlos Arteaga,,https://fbref.com/en/matches/91ea19d7/Universitario-de-Sucre-Aurora-February-27-2022-Bolivian-Primera-Division
División de Fútbol Profesional,M,BOL,2022,1st,Torneo Apertura,4,Sun,2022-02-27,17:15,Bolívar,3.0,Always Ready,0.0,,Estadio Hernando Siles,Dilio Rodríguez,,https://fbref.com/en/matches/7d5b5823/Bolivar-Always-Ready-February-27-2022-Bolivian-Primera-Division
División de Fútbol Profesional,M,BOL,2022,1st,Torneo Apertura,4,Sun,2022-02-27,19:15,Wilstermann,1.0,Indep Petrolero,0.0,,Estadio Félix Capriles,Gery Vargas,,https://fbref.com/en/matches/5c007f0f/Jorge-Wilstermann-Independiente-Petrolero-February-27-2022-Bolivian-Primera-Division
División de Fútbol Profesional,M,BOL,2022,1st,Torneo Apertura,5,Thu,2022-03-03,15:00,Royal Parí,2.0,FC Universitario,1.0,,Estadio Ramón Aguilera Costas,Dilio Rodríguez,,https://fbref.com/en/matches/603aed7a/Royal-Pari-FC-Universitario-March-3-2022-Bolivian-Primera-Division
División de Fútbol Profesional,M,BOL,2022,1st,Torneo Apertura,5,Thu,2022-03-03,19:30,Oriente Petrolero,1.0,Univ de Sucre,0.0,,Estadio Ramón Aguilera Costas,Nunzio Di Roberto,,https://fbref.com/en/matches/2c25cfae/Oriente-Petrolero-Universitario-de-Sucre-March-3-2022-Bolivian-Primera-Division
División de Fútbol Profesional,M,BOL,2022,1st,Torneo Apertura,5,Sat,2022-03-05,15:00,Atlético Palmaflor,1.0,Guabirá,0.0,,Estadio Municipal de Colcapirhua,Angel Flores,,https://fbref.com/en/matches/e7a28f58/Atletico-Palmaflor-Guabira-March-5-2022-Bolivian-Primera-Division
División de Fútbol Profesional,M,BOL,2022,1st,Torneo Apertura,5,Sat,2022-03-05,17:15,The Strongest,1.0,Nacional Potosí,1.0,,Estadio Hernando Siles,Juan Nelio García,,https://fbref.com/en/matches/37865e1f/The-Strongest-Nacional-Potosi-March-5-2022-Bolivian-Primera-Division
División de Fútbol Profesional,M,BOL,2022,1st,Torneo Apertura,5,Sat,2022-03-05,19:30,Real Tomayapo,1.0,Bolívar,1.0,,Estadio IV Centenario,Alvaro Campos,,https://fbref.com/en/matches/41aa30e3/Real-Tomayapo-Bolivar-March-5-2022-Bolivian-Primera-Division
División de Fútbol Profesional,M,BOL,2022,1st,Torneo Apertura,5,Sun,2022-03-06,15:00,Real Santa Cruz,2.0,Aurora,2.0,,Estadio Real Santa Cruz,Nelson Barro,,https://fbref.com/en/matches/0e44918a/Real-Santa-Cruz-Aurora-March-6-2022-Bolivian-Primera-Division
División de Fútbol Profesional,M,BOL,2022,1st,Torneo Apertura,5,Sun,2022-03-06,15:00,Always Ready,0.0,Wilstermann,0.0,,Estadio Municipal El Alto,Gery Vargas,,https://fbref.com/en/matches/3dbab9b7/Always-Ready-Jorge-Wilstermann-March-6-2022-Bolivian-Primera-Division
División de Fútbol Profesional,M,BOL,2022,1st,Torneo Apertura,5,Sun,2022-03-06,17:15,Indep Petrolero,2.0,Blooming,3.0,,Estadio Olímpico Patria,Charles Terrazas,,https://fbref.com/en/matches/dd99cfda/Independiente-Petrolero-Blooming-March-6-2022-Bolivian-Primera-Division
División de Fútbol Profesional,M,BOL,2022,1st,Torneo Apertura,6,Sat,2022-03-12,15:00,Atlético Palmaflor,1.0,FC Universitario,0.0,,Estadio Municipal de Colcapirhua,Carlos Garcia,,https://fbref.com/en/matches/9c31af90/Atletico-Palmaflor-FC-Universitario-March-12-2022-Bolivian-Primera-Division
División de Fútbol Profesional,M,BOL,2022,1st,Torneo Apertura,6,Sat,2022-03-12,15:00,Real Santa Cruz,0.0,Always Ready,1.0,,Estadio Real Santa Cruz,Javier Revollo,,https://fbref.com/en/matches/e09cf4e9/Real-Santa-Cruz-Always-Ready-March-12-2022-Bolivian-Primera-Division
División de Fútbol Profesional,M,BOL,2022,1st,Torneo Apertura,6,Sat,2022-03-12,20:00,Oriente Petrolero,1.0,Blooming,2.0,,Estadio Ramón Aguilera Costas,Ivo Méndez,,https://fbref.com/en/matches/b472fe3f/Oriente-Petrolero-Blooming-March-12-2022-Bolivian-Primera-Division
División de Fútbol Profesional,M,BOL,2022,1st,Torneo Apertura,6,Sun,2022-03-13,15:00,Aurora,1.0,Wilstermann,0.0,,Estadio Félix Capriles,Hostin Prado,,https://fbref.com/en/matches/6146b3c5/Aurora-Jorge-Wilstermann-March-13-2022-Bolivian-Primera-Division
División de Fútbol Profesional,M,BOL,2022,1st,Torneo Apertura,6,Sun,2022-03-13,15:00,Nacional Potosí,5.0,Real Tomayapo,0.0,,Estadio Victor Agustín Ugarte,Gado Flores,,https://fbref.com/en/matches/845baa10/Nacional-Potosi-Real-Tomayapo-March-13-2022-Bolivian-Primera-Division
División de Fútbol Profesional,M,BOL,2022,1st,Torneo Apertura,6,Sun,2022-03-13,17:30,Univ de Sucre,1.0,Indep Petrolero,2.0,,Estadio Olímpico Patria,Alvaro Campos,,https://fbref.com/en/matches/f29b68b0/Universitario-de-Sucre-Independiente-Petrolero-March-13-2022-Bolivian-Primera-Division
División de Fútbol Profesional,M,BOL,2022,1st,Torneo Apertura,6,Mon,2022-03-14,19:00,The Strongest,0.0,Bolívar,1.0,,Estadio Hernando Siles,Juan Nelio García,,https://fbref.com/en/matches/cbcd694b/The-Strongest-Bolivar-March-14-2022-Bolivian-Primera-Division
División de Fútbol Profesional,M,BOL,2022,1st,Torneo Apertura,6,Sun,2022-03-20,20:30,Guabirá,0.0,Royal Parí,3.0,,Estadio Gilberto Parada,Rafael Subirana,,https://fbref.com/en/matches/346d3af5/Guabira-Royal-Pari-March-20-2022-Bolivian-Primera-Division
División de Fútbol Profesional,M,BOL,2022,1st,Torneo Apertura,7,Fri,2022-04-01,18:00,Nacional Potosí,2.0,Aurora,1.0,,Estadio Victor Agustín Ugarte,Jorge Luis Justiniano,,https://fbref.com/en/matches/b78e0913/Nacional-Potosi-Aurora-April-1-2022-Bolivian-Primera-Division
División de Fútbol Profesional,M,BOL,2022,1st,Torneo Apertura,7,Fri,2022-04-01,20:30,Blooming,1.0,Always Ready,0.0,,Estadio Ramón Aguilera Costas,Dilio Rodríguez,,https://fbref.com/en/matches/8a7309c2/Blooming-Always-Ready-April-1-2022-Bolivian-Primera-Division
División de Fútbol Profesional,M,BOL,2022,1st,Torneo Apertura,7,Sat,2022-04-02,15:00,Real Santa Cruz,2.0,Oriente Petrolero,1.0,,Estadio Real Santa Cruz,Juan Nelio García,,https://fbref.com/en/matches/86e5301d/Real-Santa-Cruz-Oriente-Petrolero-April-2-2022-Bolivian-Primera-Division
División de Fútbol Profesional,M,BOL,2022,1st,Torneo Apertura,7,Sat,2022-04-02,15:00,FC Universitario,2.0,Indep Petrolero,2.0,,Estadio Municipal de Sacaba,Gado Flores,,https://fbref.com/en/matches/dd1ce990/FC-Universitario-Independiente-Petrolero-April-2-2022-Bolivian-Primera-Division
División de Fútbol Profesional,M,BOL,2022,1st,Torneo Apertura,7,Sat,2022-04-02,17:15,Wilstermann,1.0,Real Tomayapo,2.0,,Estadio Félix Capriles,Ivo Méndez,,https://fbref.com/en/matches/83355e90/Jorge-Wilstermann-Real-Tomayapo-April-2-2022-Bolivian-Primera-Division
División de Fútbol Profesional,M,BOL,2022,1st,Torneo Apertura,7,Sat,2022-04-02,19:30,Univ de Sucre,2.0,Atlético Palmaflor,0.0,,Estadio Olímpico Patria,Edson Rios,,https://fbref.com/en/matches/9fecc59e/Universitario-de-Sucre-Atletico-Palmaflor-April-2-2022-Bolivian-Primera-Division
División de Fútbol Profesional,M,BOL,2022,1st,Torneo Apertura,7,Sun,2022-04-03,15:00,Guabirá,1.0,The Strongest,3.0,,Estadio Gilberto Parada,Charles Terrazas,,https://fbref.com/en/matches/f62578c4/Guabira-The-Strongest-April-3-2022-Bolivian-Primera-Division
División de Fútbol Profesional,M,BOL,2022,1st,Torneo Apertura,7,Sun,2022-04-03,17:15,Bolívar,6.0,Royal Parí,0.0,,Estadio Hernando Siles,Jordy Aleman,,https://fbref.com/en/matches/41d271d6/Bolivar-Royal-Pari-April-3-2022-Bolivian-Primera-Division
División de Fútbol Profesional,M,BOL,2022,1st,Torneo Apertura,8,Fri,2022-04-08,15:00,Always Ready,6.0,FC Universitario,2.0,,Estadio Municipal El Alto,Carlos Arteaga,,https://fbref.com/en/matches/9a78676d/Always-Ready-FC-Universitario-April-8-2022-Bolivian-Primera-Division
División de Fútbol Profesional,M,BOL,2022,1st,Torneo Apertura,8,Sat,2022-04-09,15:00,Royal Parí,5.0,Indep Petrolero,1.0,,Estadio Ramón Aguilera Costas,Hostin Prado,,https://fbref.com/en/matches/33f9fe0a/Royal-Pari-Independiente-Petrolero-April-9-2022-Bolivian-Primera-Division
División de Fútbol Profesional,M,BOL,2022,1st,Torneo Apertura,8,Sat,2022-04-09,15:00,Atlético Palmaflor,2.0,Real Santa Cruz,1.0,,Estadio Municipal de Quillacollo,Gado Flores,,https://fbref.com/en/matches/d2a6eec4/Atletico-Palmaflor-Real-Santa-Cruz-April-9-2022-Bolivian-Primera-Division
División de Fútbol Profesional,M,BOL,2022,1st,Torneo Apertura,8,Sat,2022-04-09,17:15,Bolívar,0.0,Wilstermann,1.0,,Estadio Hernando Siles,Gery Vargas,,https://fbref.com/en/matches/b7348aed/Bolivar-Jorge-Wilstermann-April-9-2022-Bolivian-Primera-Division
División de Fútbol Profesional,M,BOL,2022,1st,Torneo Apertura,8,Sat,2022-04-09,19:30,Oriente Petrolero,4.0,Nacional Potosí,2.0,,Estadio Ramón Aguilera Costas,Nelson Barro,,https://fbref.com/en/matches/2ab09dda/Oriente-Petrolero-Nacional-Potosi-April-9-2022-Bolivian-Primera-Division
División de Fútbol Profesional,M,BOL,2022,1st,Torneo Apertura,8,Sun,2022-04-10,15:00,Univ de Sucre,2.0,Guabirá,0.0,,Estadio Olímpico Patria,Javier Revollo,,https://fbref.com/en/matches/4e8168ae/Universitario-de-Sucre-Guabira-April-10-2022-Bolivian-Primera-Division
División de Fútbol Profesional,M,BOL,2022,1st,Torneo Apertura,8,Sun,2022-04-10,17:15,Real Tomayapo,1.0,Blooming,2.0,,Estadio IV Centenario,José Jordán,,https://fbref.com/en/matches/e9c5be48/Real-Tomayapo-Blooming-April-10-2022-Bolivian-Primera-Division
División de Fútbol Profesional,M,BOL,2022,1st,Torneo Apertura,8,Mon,2022-04-11,18:30,Aurora,1.0,The Strongest,0.0,,Estadio Félix Capriles,Ivo Méndez,,https://fbref.com/en/matches/1fcd2660/Aurora-The-Strongest-April-11-2022-Bolivian-Primera-Division
División de Fútbol Profesional,M,BOL,2022,1st,Torneo Apertura,9,Fri,2022-04-15,18:00,Real Tomayapo,0.0,FC Universitario,1.0,,Estadio IV Centenario,Edson Rios,,https://fbref.com/en/matches/f813d7c6/Real-Tomayapo-FC-Universitario-April-15-2022-Bolivian-Primera-Division
División de Fútbol Profesional,M,BOL,2022,1st,Torneo Apertura,9,Fri,2022-04-15,20:00,Univ de Sucre,2.0,Real Santa Cruz,3.0,,Estadio Olímpico Patria,Carlos Garcia,,https://fbref.com/en/matches/88ed5a9e/Universitario-de-Sucre-Real-Santa-Cruz-April-15-2022-Bolivian-Primera-Division
División de Fútbol Profesional,M,BOL,2022,1st,Torneo Apertura,9,Sat,2022-04-16,15:00,Always Ready,1.0,Indep Petrolero,1.0,,Estadio Municipal El Alto,Juan Nelio García,,https://fbref.com/en/matches/54a47938/Always-Ready-Independiente-Petrolero-April-16-2022-Bolivian-Primera-Division
División de Fútbol Profesional,M,BOL,2022,1st,Torneo Apertura,9,Sat,2022-04-16,17:15,Bolívar,6.0,Blooming,0.0,,Estadio Hernando Siles,Dilio Rodríguez,,https://fbref.com/en/matches/9e0e7cf9/Bolivar-Blooming-April-16-2022-Bolivian-Primera-Division
División de Fútbol Profesional,M,BOL,2022,1st,Torneo Apertura,9,Sat,2022-04-16,19:30,Wilstermann,2.0,Royal Parí,2.0,,Estadio Félix Capriles,Gery Vargas,,https://fbref.com/en/matches/62341993/Jorge-Wilstermann-Royal-Pari-April-16-2022-Bolivian-Primera-Division
División de Fútbol Profesional,M,BOL,2022,1st,Torneo Apertura,9,Sun,2022-04-17,15:00,Atlético Palmaflor,1.0,Nacional Potosí,0.0,,Estadio Félix Capriles,Angel Flores,,https://fbref.com/en/matches/8e87b242/Atletico-Palmaflor-Nacional-Potosi-April-17-2022-Bolivian-Primera-Division
División de Fútbol Profesional,M,BOL,2022,1st,Torneo Apertura,9,Sun,2022-04-17,17:15,Guabirá,3.0,Aurora,2.0,,Estadio Gilberto Parada,Gado Flores,,https://fbref.com/en/matches/57f364e9/Guabira-Aurora-April-17-2022-Bolivian-Primera-Division
División de Fútbol Profesional,M,BOL,2022,1st,Torneo Apertura,9,Sun,2022-04-17,19:30,Oriente Petrolero,1.0,The Strongest,1.0,,Estadio Hernando Siles,Alvaro Campos,,https://fbref.com/en/matches/646ebae0/Oriente-Petrolero-The-Strongest-April-17-2022-Bolivian-Primera-Division
División de Fútbol Profesional,M,BOL,2022,1st,Torneo Apertura,10,Tue,2022-04-19,18:00,Indep Petrolero,1.0,Real Tomayapo,1.0,,Estadio Olímpico Patria,Nunzio Di Roberto,,https://fbref.com/en/matches/61f75bbb/Independiente-Petrolero-Real-Tomayapo-April-19-2022-Bolivian-Primera-Division
División de Fútbol Profesional,M,BOL,2022,1st,Torneo Apertura,10,Tue,2022-04-19,18:00,FC Universitario,1.0,Bolívar,4.0,,Estadio Félix Capriles,Jorge Luis Justiniano,,https://fbref.com/en/matches/6d986740/FC-Universitario-Bolivar-April-19-2022-Bolivian-Primera-Division
División de Fútbol Profesional,M,BOL,2022,1st,Torneo Apertura,10,Tue,2022-04-19,20:30,Blooming,3.0,Wilstermann,3.0,,Estadio Ramón Aguilera Costas,Jordy Aleman,,https://fbref.com/en/matches/316245ed/Blooming-Jorge-Wilstermann-April-19-2022-Bolivian-Primera-Division
División de Fútbol Profesional,M,BOL,2022,1st,Torneo Apertura,10,Wed,2022-04-20,15:00,Royal Parí,5.0,Always Ready,1.0,,Estadio Ramón Aguilera Costas,Charles Terrazas,,https://fbref.com/en/matches/42b3f9b7/Royal-Pari-Always-Ready-April-20-2022-Bolivian-Primera-Division
División de Fútbol Profesional,M,BOL,2022,1st,Torneo Apertura,10,Wed,2022-04-20,18:30,Aurora,1.0,Oriente Petrolero,1.0,,Estadio Félix Capriles,Dilio Rodríguez,,https://fbref.com/en/matches/e9b81b94/Aurora-Oriente-Petrolero-April-20-2022-Bolivian-Primera-Division
División de Fútbol Profesional,M,BOL,2022,1st,Torneo Apertura,10,Wed,2022-04-20,20:00,The Strongest,4.0,Atlético Palmaflor,1.0,,Estadio Hernando Siles,Gery Vargas,,https://fbref.com/en/matches/58a35e50/The-Strongest-Atletico-Palmaflor-April-20-2022-Bolivian-Primera-Division
División de Fútbol Profesional,M,BOL,2022,1st,Torneo Apertura,10,Thu,2022-04-21,18:15,Guabirá,1.0,Real Santa Cruz,0.0,,Estadio Gilberto Parada,Ivo Méndez,,https://fbref.com/en/matches/8b7491f9/Guabira-Real-Santa-Cruz-April-21-2022-Bolivian-Primera-Division
División de Fútbol Profesional,M,BOL,2022,1st,Torneo Apertura,10,Thu,2022-04-21,20:00,Nacional Potosí,1.0,Univ de Sucre,1.0,,Estadio Victor Agustín Ugarte,Carlos Arteaga,,https://fbref.com/en/matches/15d3e4b7/Nacional-Potosi-Universitario-de-Sucre-April-21-2022-Bolivian-Primera-Division
División de Fútbol Profesional,M,BOL,2022,1st,Torneo Apertura,11,Fri,2022-04-22,18:00,Wilstermann,1.0,FC Universitario,1.0,,Estadio Félix Capriles,Hostin Prado,,https://fbref.com/en/matches/f46b3d1d/Jorge-Wilstermann-FC-Universitario-April-22-2022-Bolivian-Primera-Division
División de Fútbol Profesional,M,BOL,2022,1st,Torneo Apertura,11,Fri,2022-04-22,20:00,Bolívar,3.0,Indep Petrolero,1.0,,Estadio Hernando Siles,Nelson Barro,,https://fbref.com/en/matches/77bf8054/Bolivar-Independiente-Petrolero-April-22-2022-Bolivian-Primera-Division
División de Fútbol Profesional,M,BOL,2022,1st,Torneo Apertura,11,Sat,2022-04-23,17:15,Real Tomayapo,1.0,Always Ready,1.0,,Estadio IV Centenario,Dilio Rodríguez,,https://fbref.com/en/matches/f7970fad/Real-Tomayapo-Always-Ready-April-23-2022-Bolivian-Primera-Division
División de Fútbol Profesional,M,BOL,2022,1st,Torneo Apertura,11,Sun,2022-04-24,15:00,Univ de Sucre,0.0,The Strongest,1.0,,Estadio Olímpico Patria,Javier Revollo,,https://fbref.com/en/matches/00d818bd/Universitario-de-Sucre-The-Strongest-April-24-2022-Bolivian-Primera-Division
División de Fútbol Profesional,M,BOL,2022,1st,Torneo Apertura,11,Sun,2022-04-24,15:00,Real Santa Cruz,3.0,Nacional Potosí,2.0,,Estadio Real Santa Cruz,Nunzio Di Roberto,,https://fbref.com/en/matches/3140a4f8/Real-Santa-Cruz-Nacional-Potosi-April-24-2022-Bolivian-Primera-Division
División de Fútbol Profesional,M,BOL,2022,1st,Torneo Apertura,11,Sun,2022-04-24,15:00,Atlético Palmaflor,0.0,Aurora,1.0,,Estadio Félix Capriles,Carlos Garcia,,https://fbref.com/en/matches/55453a17/Atletico-Palmaflor-Aurora-April-24-2022-Bolivian-Primera-Division
División de Fútbol Profesional,M,BOL,2022,1st,Torneo Apertura,11,Sun,2022-04-24,17:15,Guabirá,0.0,Oriente Petrolero,0.0,,Estadio Gilberto Parada,Juan Nelio García,,https://fbref.com/en/matches/17285370/Guabira-Oriente-Petrolero-April-24-2022-Bolivian-Primera-Division
División de Fútbol Profesional,M,BOL,2022,1st,Torneo Apertura,11,Sun,2022-04-24,19:30,Blooming,1.0,Royal Parí,1.0,,Estadio Ramón Aguilera Costas,Ivo Méndez,,https://fbref.com/en/matches/322e9dd4/Blooming-Royal-Pari-April-24-2022-Bolivian-Primera-Division
División de Fútbol Profesional,M,BOL,2022,1st,Torneo Apertura,12,Fri,2022-04-29,15:00,Guabirá,1.0,Nacional Potosí,2.0,,Estadio Gilberto Parada,Dilio Rodríguez,,https://fbref.com/en/matches/009d8f44/Guabira-Nacional-Potosi-April-29-2022-Bolivian-Primera-Division
División de Fútbol Profesional,M,BOL,2022,1st,Torneo Apertura,12,Sat,2022-04-30,15:00,The Strongest,1.0,Real Santa Cruz,1.0,,Estadio Hernando Siles,Charles Terrazas,,https://fbref.com/en/matches/2f294148/The-Strongest-Real-Santa-Cruz-April-30-2022-Bolivian-Primera-Division
División de Fútbol Profesional,M,BOL,2022,1st,Torneo Apertura,12,Sat,2022-04-30,17:15,Aurora,3.0,Univ de Sucre,0.0,,Estadio Félix Capriles,Ivo Méndez,,https://fbref.com/en/matches/634766c3/Aurora-Universitario-de-Sucre-April-30-2022-Bolivian-Primera-Division
División de Fútbol Profesional,M,BOL,2022,1st,Torneo Apertura,12,Sat,2022-04-30,19:30,Indep Petrolero,3.0,Wilstermann,2.0,,Estadio Olímpico Patria,Gery Vargas,,https://fbref.com/en/matches/839412af/Independiente-Petrolero-Jorge-Wilstermann-April-30-2022-Bolivian-Primera-Division
División de Fútbol Profesional,M,BOL,2022,1st,Torneo Apertura,12,Sat,2022-04-30,19:30,Royal Parí,6.0,Real Tomayapo,1.0,,Estadio Ramón Aguilera Costas,Javier Revollo,,https://fbref.com/en/matches/e87df754/Royal-Pari-Real-Tomayapo-April-30-2022-Bolivian-Primera-Division
División de Fútbol Profesional,M,BOL,2022,1st,Torneo Apertura,12,Sun,2022-05-01,15:00,FC Universitario,2.0,Blooming,1.0,,Estadio Municipal de Sacaba,Angel Flores,,https://fbref.com/en/matches/175af407/FC-Universitario-Blooming-May-1-2022-Bolivian-Primera-Division
División de Fútbol Profesional,M,BOL,2022,1st,Torneo Apertura,12,Sun,2022-05-01,15:00,Always Ready,1.0,Bolívar,2.0,,Estadio Municipal El Alto,Christian Aleman,,https://fbref.com/en/matches/7ec247b2/Always-Ready-Bolivar-May-1-2022-Bolivian-Primera-Division
División de Fútbol Profesional,M,BOL,2022,1st,Torneo Apertura,12,Sun,2022-05-01,20:00,Oriente Petrolero,2.0,Atlético Palmaflor,1.0,,Estadio Ramón Aguilera Costas,Nunzio Di Roberto,,https://fbref.com/en/matches/00ce4163/Oriente-Petrolero-Atletico-Palmaflor-May-1-2022-Bolivian-Primera-Division
División de Fútbol Profesional,M,BOL,2022,1st,Torneo Apertura,13,Fri,2022-05-06,19:30,Royal Parí,1.0,Guabirá,3.0,,Estadio Ramón Aguilera Costas,Rafael Subirana,,https://fbref.com/en/matches/d1d2e0a3/Royal-Pari-Guabira-May-6-2022-Bolivian-Primera-Division
División de Fútbol Profesional,M,BOL,2022,1st,Torneo Apertura,13,Sat,2022-05-07,15:00,Real Tomayapo,1.0,Nacional Potosí,0.0,,Estadio IV Centenario,Gado Flores,,https://fbref.com/en/matches/d575c616/Real-Tomayapo-Nacional-Potosi-May-7-2022-Bolivian-Primera-Division
División de Fútbol Profesional,M,BOL,2022,1st,Torneo Apertura,13,Sat,2022-05-07,17:15,FC Universitario,0.0,Atlético Palmaflor,1.0,,Estadio Félix Capriles,Carlos Garcia,,https://fbref.com/en/matches/9bac558d/FC-Universitario-Atletico-Palmaflor-May-7-2022-Bolivian-Primera-Division
División de Fútbol Profesional,M,BOL,2022,1st,Torneo Apertura,13,Sat,2022-05-07,19:00,Indep Petrolero,1.0,Univ de Sucre,0.0,,Estadio Olímpico Patria,Dilio Rodríguez,,https://fbref.com/en/matches/5d65b988/Independiente-Petrolero-Universitario-de-Sucre-May-7-2022-Bolivian-Primera-Division
División de Fútbol Profesional,M,BOL,2022,1st,Torneo Apertura,13,Sun,2022-05-08,15:00,Bolívar,1.0,The Strongest,0.0,,Estadio Hernando Siles,Gery Vargas,,https://fbref.com/en/matches/69049909/Bolivar-The-Strongest-May-8-2022-Bolivian-Primera-Division
División de Fútbol Profesional,M,BOL,2022,1st,Torneo Apertura,13,Sun,2022-05-08,15:00,Always Ready,5.0,Real Santa Cruz,0.0,,Estadio Municipal El Alto,Hostin Prado,,https://fbref.com/en/matches/6e2f538b/Always-Ready-Real-Santa-Cruz-May-8-2022-Bolivian-Primera-Division
División de Fútbol Profesional,M,BOL,2022,1st,Torneo Apertura,13,Sun,2022-05-08,17:15,Wilstermann,0.0,Aurora,0.0,,Estadio Félix Capriles,Jordy Aleman,,https://fbref.com/en/matches/d0d295a6/Jorge-Wilstermann-Aurora-May-8-2022-Bolivian-Primera-Division
División de Fútbol Profesional,M,BOL,2022,1st,Torneo Apertura,13,Sun,2022-05-08,19:30,Blooming,1.0,Oriente Petrolero,2.0,,Estadio Ramón Aguilera Costas,Juan Nelio García,,https://fbref.com/en/matches/14ee9ed4/Blooming-Oriente-Petrolero-May-8-2022-Bolivian-Primera-Division
División de Fútbol Profesional,M,BOL,2022,1st,Torneo Apertura,14,Tue,2022-05-10,15:00,FC Universitario,3.0,Royal Parí,2.0,,Estadio Félix Capriles,Edson Rios,,https://fbref.com/en/matches/5aa386cf/FC-Universitario-Royal-Pari-May-10-2022-Bolivian-Primera-Division
División de Fútbol Profesional,M,BOL,2022,1st,Torneo Apertura,14,Tue,2022-05-10,20:00,Guabirá,3.0,Atlético Palmaflor,0.0,,Estadio Gilberto Parada,Guildo Quenta,,https://fbref.com/en/matches/699bddbb/Guabira-Atletico-Palmaflor-May-10-2022-Bolivian-Primera-Division
División de Fútbol Profesional,M,BOL,2022,1st,Torneo Apertura,14,Wed,2022-05-11,18:00,Wilstermann,1.0,Always Ready,0.0,,Estadio Félix Capriles,Ivo Méndez,,https://fbref.com/en/matches/ea8f52b6/Jorge-Wilstermann-Always-Ready-May-11-2022-Bolivian-Primera-Division
División de Fútbol Profesional,M,BOL,2022,1st,Torneo Apertura,14,Wed,2022-05-11,20:00,Univ de Sucre,1.0,Oriente Petrolero,1.0,,Estadio Olímpico Patria,Gery Vargas,,https://fbref.com/en/matches/33f8e0e2/Universitario-de-Sucre-Oriente-Petrolero-May-11-2022-Bolivian-Primera-Division
División de Fútbol Profesional,M,BOL,2022,1st,Torneo Apertura,14,Wed,2022-05-11,20:00,Nacional Potosí,1.0,The Strongest,1.0,,Estadio Victor Agustín Ugarte,Nelson Barro,,https://fbref.com/en/matches/8377ebc2/Nacional-Potosi-The-Strongest-May-11-2022-Bolivian-Primera-Division
División de Fútbol Profesional,M,BOL,2022,1st,Torneo Apertura,14,Thu,2022-05-12,15:00,Aurora,2.0,Real Santa Cruz,4.0,,Estadio Félix Capriles,Alvaro Campos,,https://fbref.com/en/matches/88d7c6bb/Aurora-Real-Santa-Cruz-May-12-2022-Bolivian-Primera-Division
División de Fútbol Profesional,M,BOL,2022,1st,Torneo Apertura,14,Thu,2022-05-12,20:00,Blooming,4.0,Indep Petrolero,0.0,,Estadio Ramón Aguilera Costas,Hostin Prado,,https://fbref.com/en/matches/2f8e8782/Blooming-Independiente-Petrolero-May-12-2022-Bolivian-Primera-Division
División de Fútbol Profesional,M,BOL,2022,1st,Torneo Apertura,14,Thu,2022-05-12,20:00,Bolívar,1.0,Real Tomayapo,0.0,,Estadio Hernando Siles,Dilio Rodríguez,,https://fbref.com/en/matches/74513d4d/Bolivar-Real-Tomayapo-May-12-2022-Bolivian-Primera-Division
División de Fútbol Profesional,M,BOL,2022,1st,Torneo Apertura,15,Sat,2022-05-14,15:30,The Strongest,0.0,Guabirá,0.0,,Estadio Rafael Mendoza Castellón,Javier Revollo,,https://fbref.com/en/matches/5f613cc2/The-Strongest-Guabira-May-14-2022-Bolivian-Primera-Division
División de Fútbol Profesional,M,BOL,2022,1st,Torneo Apertura,15,Sat,2022-05-14,16:00,Oriente Petrolero,1.0,Real Santa Cruz,2.0,,Estadio Ramón Aguilera Costas,Rafael Subirana,,https://fbref.com/en/matches/75100633/Oriente-Petrolero-Real-Santa-Cruz-May-14-2022-Bolivian-Primera-Division
División de Fútbol Profesional,M,BOL,2022,1st,Torneo Apertura,15,Sat,2022-05-14,16:00,Atlético Palmaflor,3.0,Univ de Sucre,1.0,,Estadio Félix Capriles,Gado Flores,,https://fbref.com/en/matches/75ddd970/Atletico-Palmaflor-Universitario-de-Sucre-May-14-2022-Bolivian-Primera-Division
División de Fútbol Profesional,M,BOL,2022,1st,Torneo Apertura,15,Sun,2022-05-15,15:00,Real Tomayapo,1.0,Wilstermann,1.0,15000.0,Estadio IV Centenario,Alvaro Campos,,https://fbref.com/en/matches/303c59c6/Real-Tomayapo-Jorge-Wilstermann-May-15-2022-Bolivian-Primera-Division
División de Fútbol Profesional,M,BOL,2022,1st,Torneo Apertura,15,Sun,2022-05-15,15:00,Always Ready,3.0,Blooming,0.0,,Estadio Hernando Siles,Charles Terrazas,,https://fbref.com/en/matches/53c1701a/Always-Ready-Blooming-May-15-2022-Bolivian-Primera-Division
División de Fútbol Profesional,M,BOL,2022,1st,Torneo Apertura,15,Sun,2022-05-15,15:00,Royal Parí,2.0,Bolívar,1.0,,Estadio Ramón Aguilera Costas,Jordy Aleman,,https://fbref.com/en/matches/72147e1c/Royal-Pari-Bolivar-May-15-2022-Bolivian-Primera-Division
División de Fútbol Profesional,M,BOL,2022,1st,Torneo Apertura,15,Sun,2022-05-15,15:00,Indep Petrolero,0.0,FC Universitario,0.0,,Estadio Olímpico Patria,Juan Nelio García,,https://fbref.com/en/matches/7c5c32a6/Independiente-Petrolero-FC-Universitario-May-15-2022-Bolivian-Primera-Division
División de Fútbol Profesional,M,BOL,2022,1st,Torneo Apertura,15,Sun,2022-05-15,15:00,Aurora,2.0,Nacional Potosí,3.0,,Estadio Félix Capriles,Ivo Méndez,,https://fbref.com/en/matches/9061d766/Aurora-Nacional-Potosi-May-15-2022-Bolivian-Primera-Division
División de Fútbol Profesional,M,BOL,2022,1st,Torneo Apertura,16,Thu,2022-05-19,20:00,Guabirá,1.0,Univ de Sucre,0.0,,Estadio Gilberto Parada,Gabriel Mendoza,,https://fbref.com/en/matches/e0997cf4/Guabira-Universitario-de-Sucre-May-19-2022-Bolivian-Primera-Division
División de Fútbol Profesional,M,BOL,2022,1st,Torneo Apertura,16,Sat,2022-05-21,15:00,Nacional Potosí,4.0,Oriente Petrolero,2.0,,Estadio Victor Agustín Ugarte,Nelson Barro,,https://fbref.com/en/matches/0921dd41/Nacional-Potosi-Oriente-Petrolero-May-21-2022-Bolivian-Primera-Division
División de Fútbol Profesional,M,BOL,2022,1st,Torneo Apertura,16,Sat,2022-05-21,15:00,The Strongest,1.0,Aurora,0.0,,Estadio Rafael Mendoza Castellón,Vladimir Rueda,,https://fbref.com/en/matches/0f98dce9/The-Strongest-Aurora-May-21-2022-Bolivian-Primera-Division
División de Fútbol Profesional,M,BOL,2022,1st,Torneo Apertura,16,Sat,2022-05-21,15:00,Real Santa Cruz,1.0,Atlético Palmaflor,2.0,,Estadio Real Santa Cruz,Angel Flores,,https://fbref.com/en/matches/e8cc6159/Real-Santa-Cruz-Atletico-Palmaflor-May-21-2022-Bolivian-Primera-Division
División de Fútbol Profesional,M,BOL,2022,1st,Torneo Apertura,16,Sat,2022-05-21,17:15,Indep Petrolero,0.0,Royal Parí,0.0,,Estadio Olímpico Patria,Gustavo Vera,,https://fbref.com/en/matches/0ff9165d/Independiente-Petrolero-Royal-Pari-May-21-2022-Bolivian-Primera-Division
División de Fútbol Profesional,M,BOL,2022,1st,Torneo Apertura,16,Sun,2022-05-22,15:00,Wilstermann,1.0,Bolívar,4.0,,Estadio Félix Capriles,Javier Revollo,,https://fbref.com/en/matches/202c2fcf/Jorge-Wilstermann-Bolivar-May-22-2022-Bolivian-Primera-Division
División de Fútbol Profesional,M,BOL,2022,1st,Torneo Apertura,16,Sun,2022-05-22,15:00,Blooming,2.0,Real Tomayapo,1.0,,Estadio Ramón Aguilera Costas,Julio Gutiérrez,,https://fbref.com/en/matches/7c33ff40/Blooming-Real-Tomayapo-May-22-2022-Bolivian-Primera-Division
División de Fútbol Profesional,M,BOL,2022,1st,Torneo Apertura,16,Sun,2022-05-22,15:00,FC Universitario,2.0,Always Ready,1.0,,Estadio Municipal de Sacaba,Carlos Arteaga,,https://fbref.com/en/matches/8db1d6cf/FC-Universitario-Always-Ready-May-22-2022-Bolivian-Primera-Division
División de Fútbol Profesional,M,BOL,2022,1st,Quarter-finals,,Sat,2022-05-28,15:00,Nacional Potosí,3.0,Blooming,1.0,,Estadio Victor Agustín Ugarte,Javier Revollo,Leg 1 of 2,https://fbref.com/en/matches/c0c40d3a/Nacional-Potosi-Blooming-May-28-2022-Bolivian-Primera-Division
División de Fútbol Profesional,M,BOL,2022,1st,Quarter-finals,,Sun,2022-05-29,15:00,Always Ready,2.0,Atlético Palmaflor,1.0,,Estadio Municipal El Alto,Ivo Méndez,Leg 1 of 2,https://fbref.com/en/matches/930b8bd4/Always-Ready-Atletico-Palmaflor-May-29-2022-Bolivian-Primera-Division
División de Fútbol Profesional,M,BOL,2022,1st,Quarter-finals,,Sun,2022-05-29,18:00,Royal Parí,0.0,The Strongest,3.0,,Estadio Gilberto Parada,Nelson Barro,Leg 1 of 2,https://fbref.com/en/matches/a01dd91d/Royal-Pari-The-Strongest-May-29-2022-Bolivian-Primera-Division
División de Fútbol Profesional,M,BOL,2022,1st,Quarter-finals,,Sun,2022-05-29,19:30,Oriente Petrolero,1.0,Bolívar,0.0,,Estadio Ramón Aguilera Costas,Gery Vargas,Leg 1 of 2,https://fbref.com/en/matches/d619bed0/Oriente-Petrolero-Bolivar-May-29-2022-Bolivian-Primera-Division
División de Fútbol Profesional,M,BOL,2022,1st,Quarter-finals,,Wed,2022-06-01,16:00,Atlético Palmaflor,2.0,Always Ready,2.0,,Estadio Félix Capriles,Carlos Arteaga,Leg 2 of 2; Atlético Palmaflor won; Atlético Palmaflor won on penalty kicks following extra time,https://fbref.com/en/matches/a030a064/Atletico-Palmaflor-Always-Ready-June-1-2022-Bolivian-Primera-Division
División de Fútbol Profesional,M,BOL,2022,1st,Quarter-finals,,Wed,2022-06-01,20:30,The Strongest,4.0,Royal Parí,0.0,,Estadio Hernando Siles,Angel Flores,Leg 2 of 2; The Strongest won,https://fbref.com/en/matches/62fca345/The-Strongest-Royal-Pari-June-1-2022-Bolivian-Primera-Division
División de Fútbol Profesional,M,BOL,2022,1st,Quarter-finals,,Thu,2022-06-02,20:00,Blooming,2.0,Nacional Potosí,2.0,,Estadio Ramón Aguilera Costas,Javier Revollo,Leg 2 of 2; Blooming won,https://fbref.com/en/matches/16658c0d/Blooming-Nacional-Potosi-June-2-2022-Bolivian-Primera-Division
División de Fútbol Profesional,M,BOL,2022,1st,Quarter-finals,,Thu,2022-06-02,20:00,Bolívar,1.0,Oriente Petrolero,1.0,,Estadio Hernando Siles,Gery Vargas,Leg 2 of 2; Bolívar won; Bolívar won on penalty kicks following extra time,https://fbref.com/en/matches/1cc6d230/Bolivar-Oriente-Petrolero-June-2-2022-Bolivian-Primera-Division
División de Fútbol Profesional,M,BOL,2022,1st,Semi-finals,,Sat,2022-06-04,15:00,The Strongest,2.0,Atlético Palmaflor,1.0,,Estadio Hernando Siles,Nelson Barro,Leg 1 of 2,https://fbref.com/en/matches/b06f1a7f/The-Strongest-Atletico-Palmaflor-June-4-2022-Bolivian-Primera-Division
División de Fútbol Profesional,M,BOL,2022,1st,Semi-finals,,Sun,2022-06-05,15:00,Blooming,2.0,Bolívar,3.0,,Estadio Ramón Aguilera Costas,Dilio Rodríguez,Leg 1 of 2,https://fbref.com/en/matches/98ca2181/Blooming-Bolivar-June-5-2022-Bolivian-Primera-Division
División de Fútbol Profesional,M,BOL,2022,1st,Semi-finals,,Wed,2022-06-08,16:00,Atlético Palmaflor,1.0,The Strongest,2.0,,Estadio Félix Capriles,Ivo Méndez,Leg 2 of 2; The Strongest won,https://fbref.com/en/matches/c85843b5/Atletico-Palmaflor-The-Strongest-June-8-2022-Bolivian-Primera-Division
División de Fútbol Profesional,M,BOL,2022,1st,Semi-finals,,Wed,2022-06-08,20:00,Bolívar,4.0,Blooming,0.0,,Estadio Hernando Siles,Jordy Aleman,Leg 2 of 2; Bolívar won,https://fbref.com/en/matches/cd90eb2b/Bolivar-Blooming-June-8-2022-Bolivian-Primera-Division
División de Fútbol Profesional,M,BOL,2022,1st,Final,,Sun,2022-06-12,16:00,The Strongest,0.0,Bolívar,3.0,,Estadio Hernando Siles,Dilio Rodríguez,,https://fbref.com/en/matches/8e7f3e76/The-Strongest-Bolivar-June-12-2022-Bolivian-Primera-Division
División de Fútbol Profesional,M,BOL,2022,1st,Torneo Clausura,1,Fri,2022-07-01,15:00,Real Santa Cruz,3.0,Univ de Sucre,0.0,,Estadio Real Santa Cruz,Christian Aleman,,https://fbref.com/en/matches/a4f85f16/Real-Santa-Cruz-Universitario-de-Sucre-July-1-2022-Bolivian-Primera-Division
División de Fútbol Profesional,M,BOL,2022,1st,Torneo Clausura,1,Fri,2022-07-01,19:30,Indep Petrolero,1.0,FC Universitario,1.0,,Estadio Olímpico Patria,Gado Flores,,https://fbref.com/en/matches/f53f52ff/Independiente-Petrolero-FC-Universitario-July-1-2022-Bolivian-Primera-Division
División de Fútbol Profesional,M,BOL,2022,1st,Torneo Clausura,1,Sat,2022-07-02,15:00,Wilstermann,2.0,Atlético Palmaflor,1.0,,Estadio Félix Capriles,Gery Vargas,,https://fbref.com/en/matches/bbccbc9d/Jorge-Wilstermann-Atletico-Palmaflor-July-2-2022-Bolivian-Primera-Division
División de Fútbol Profesional,M,BOL,2022,1st,Torneo Clausura,1,Sat,2022-07-02,17:15,Real Tomayapo,2.0,Royal Parí,1.0,,Estadio IV Centenario,Hostin Prado,,https://fbref.com/en/matches/aa5bd891/Real-Tomayapo-Royal-Pari-July-2-2022-Bolivian-Primera-Division
División de Fútbol Profesional,M,BOL,2022,1st,Torneo Clausura,1,Sat,2022-07-02,19:30,Oriente Petrolero,3.0,The Strongest,0.0,,Estadio Ramón Aguilera Costas,Dilio Rodríguez,,https://fbref.com/en/matches/60929a29/Oriente-Petrolero-The-Strongest-July-2-2022-Bolivian-Primera-Division
División de Fútbol Profesional,M,BOL,2022,1st,Torneo Clausura,1,Sun,2022-07-03,15:00,Nacional Potosí,3.0,Aurora,1.0,,Estadio Victor Agustín Ugarte,Ivo Méndez,,https://fbref.com/en/matches/f585e29a/Nacional-Potosi-Aurora-July-3-2022-Bolivian-Primera-Division
División de Fútbol Profesional,M,BOL,2022,1st,Torneo Clausura,1,Sun,2022-07-03,17:15,Guabirá,0.0,Always Ready,1.0,,Estadio Gilberto Parada,José Jordán,,https://fbref.com/en/matches/c56e5755/Guabira-Always-Ready-July-3-2022-Bolivian-Primera-Division
División de Fútbol Profesional,M,BOL,2022,1st,Torneo Clausura,1,Sun,2022-07-03,19:30,Blooming,2.0,Bolívar,1.0,,Estadio Ramón Aguilera Costas,Carlos Garcia,,https://fbref.com/en/matches/a98b3cb8/Blooming-Bolivar-July-3-2022-Bolivian-Primera-Division
División de Fútbol Profesional,M,BOL,2022,1st,Torneo Clausura,2,Tue,2022-07-05,15:00,Atlético Palmaflor,2.0,Real Tomayapo,1.0,,Estadio Félix Capriles,Rafael Subirana,,https://fbref.com/en/matches/87f5afda/Atletico-Palmaflor-Real-Tomayapo-July-5-2022-Bolivian-Primera-Division
División de Fútbol Profesional,M,BOL,2022,1st,Torneo Clausura,2,Tue,2022-07-05,18:15,Royal Parí,3.0,Indep Petrolero,2.0,,Estadio Ramón Aguilera Costas,Nunzio Di Roberto,,https://fbref.com/en/matches/302ec65a/Royal-Pari-Independiente-Petrolero-July-5-2022-Bolivian-Primera-Division
División de Fútbol Profesional,M,BOL,2022,1st,Torneo Clausura,2,Tue,2022-07-05,20:30,Univ de Sucre,2.0,Oriente Petrolero,0.0,,Estadio Olímpico Patria,Carlos Garcia,,https://fbref.com/en/matches/76358cfb/Universitario-de-Sucre-Oriente-Petrolero-July-5-2022-Bolivian-Primera-Division
División de Fútbol Profesional,M,BOL,2022,1st,Torneo Clausura,2,Wed,2022-07-06,15:00,Always Ready,2.0,Nacional Potosí,1.0,,Estadio Municipal El Alto,Hostin Prado,,https://fbref.com/en/matches/ce0ea21b/Always-Ready-Nacional-Potosi-July-6-2022-Bolivian-Primera-Division
División de Fútbol Profesional,M,BOL,2022,1st,Torneo Clausura,2,Wed,2022-07-06,18:15,Aurora,1.0,Guabirá,0.0,,Estadio Félix Capriles,Gado Flores,,https://fbref.com/en/matches/02b845b3/Aurora-Guabira-July-6-2022-Bolivian-Primera-Division
División de Fútbol Profesional,M,BOL,2022,1st,Torneo Clausura,2,Wed,2022-07-06,20:30,Blooming,5.0,Real Santa Cruz,1.0,,Estadio Ramón Aguilera Costas,Juan Nelio García,,https://fbref.com/en/matches/4bf2dbcd/Blooming-Real-Santa-Cruz-July-6-2022-Bolivian-Primera-Division
División de Fútbol Profesional,M,BOL,2022,1st,Torneo Clausura,2,Thu,2022-07-07,15:00,FC Universitario,0.0,Bolívar,1.0,,Estadio Félix Capriles,Alvaro Campos,,https://fbref.com/en/matches/639c3441/FC-Universitario-Bolivar-July-7-2022-Bolivian-Primera-Division
División de Fútbol Profesional,M,BOL,2022,1st,Torneo Clausura,3,Fri,2022-07-08,20:00,Oriente Petrolero,0.0,Royal Parí,1.0,,Estadio Ramón Aguilera Costas,Ivo Méndez,,https://fbref.com/en/matches/483b4644/Oriente-Petrolero-Royal-Pari-July-8-2022-Bolivian-Primera-Division
División de Fútbol Profesional,M,BOL,2022,1st,Torneo Clausura,3,Sat,2022-07-09,15:00,Real Santa Cruz,0.0,Atlético Palmaflor,0.0,,Estadio Real Santa Cruz,Gado Flores,,https://fbref.com/en/matches/c4131e7b/Real-Santa-Cruz-Atletico-Palmaflor-July-9-2022-Bolivian-Primera-Division
División de Fútbol Profesional,M,BOL,2022,1st,Torneo Clausura,3,Sat,2022-07-09,17:15,Aurora,1.0,Always Ready,1.0,,Estadio Félix Capriles,Rafael Subirana,,https://fbref.com/en/matches/b56a705d/Aurora-Always-Ready-July-9-2022-Bolivian-Primera-Division
División de Fútbol Profesional,M,BOL,2022,1st,Torneo Clausura,3,Sat,2022-07-09,19:30,Indep Petrolero,3.0,Blooming,0.0,,Estadio Olímpico Patria,Gery Vargas,,https://fbref.com/en/matches/491e2866/Independiente-Petrolero-Blooming-July-9-2022-Bolivian-Primera-Division
División de Fútbol Profesional,M,BOL,2022,1st,Torneo Clausura,3,Sun,2022-07-10,15:00,Nacional Potosí,1.0,The Strongest,5.0,,Estadio Victor Agustín Ugarte,Jordy Aleman,,https://fbref.com/en/matches/3d2a66cd/Nacional-Potosi-The-Strongest-July-10-2022-Bolivian-Primera-Division
División de Fútbol Profesional,M,BOL,2022,1st,Torneo Clausura,3,Sun,2022-07-10,17:15,Real Tomayapo,0.0,Bolívar,2.0,,Estadio IV Centenario,Alvaro Campos,,https://fbref.com/en/matches/a2aea73f/Real-Tomayapo-Bolivar-July-10-2022-Bolivian-Primera-Division
División de Fútbol Profesional,M,BOL,2022,1st,Torneo Clausura,3,Sun,2022-07-10,19:30,Wilstermann,2.0,FC Universitario,0.0,,Estadio Félix Capriles,Hostin Prado,,https://fbref.com/en/matches/d1495aa7/Jorge-Wilstermann-FC-Universitario-July-10-2022-Bolivian-Primera-Division
División de Fútbol Profesional,M,BOL,2022,1st,Torneo Clausura,3,Mon,2022-07-11,20:00,Guabirá,5.0,Univ de Sucre,0.0,,Estadio Gilberto Parada,Carlos Garcia,,https://fbref.com/en/matches/9f082309/Guabira-Universitario-de-Sucre-July-11-2022-Bolivian-Primera-Division
División de Fútbol Profesional,M,BOL,2022,1st,Torneo Clausura,4,Fri,2022-07-15,18:00,Wilstermann,2.0,Guabirá,2.0,,Estadio Félix Capriles,Jordy Aleman,,https://fbref.com/en/matches/45f874b5/Jorge-Wilstermann-Guabira-July-15-2022-Bolivian-Primera-Division
División de Fútbol Profesional,M,BOL,2022,1st,Torneo Clausura,4,Fri,2022-07-15,19:30,Real Tomayapo,1.0,Real Santa Cruz,2.0,,Estadio IV Centenario,Carlos Garcia,,https://fbref.com/en/matches/126488e8/Real-Tomayapo-Real-Santa-Cruz-July-15-2022-Bolivian-Primera-Division
División de Fútbol Profesional,M,BOL,2022,1st,Torneo Clausura,4,Sat,2022-07-16,15:00,Royal Parí,2.0,Nacional Potosí,2.0,,Estadio Ramón Aguilera Costas,Gado Flores,,https://fbref.com/en/matches/bb89cb0f/Royal-Pari-Nacional-Potosi-July-16-2022-Bolivian-Primera-Division
División de Fútbol Profesional,M,BOL,2022,1st,Torneo Clausura,4,Sat,2022-07-16,17:15,Indep Petrolero,1.0,Bolívar,4.0,,Estadio Olímpico Patria,Ivo Méndez,,https://fbref.com/en/matches/bed75574/Independiente-Petrolero-Bolivar-July-16-2022-Bolivian-Primera-Division
División de Fútbol Profesional,M,BOL,2022,1st,Torneo Clausura,4,Sat,2022-07-16,19:30,Atlético Palmaflor,1.0,Aurora,2.0,,Estadio Félix Capriles,Hostin Prado,,https://fbref.com/en/matches/1dcdb9b2/Atletico-Palmaflor-Aurora-July-16-2022-Bolivian-Primera-Division
División de Fútbol Profesional,M,BOL,2022,1st,Torneo Clausura,4,Sun,2022-07-17,15:00,Univ de Sucre,0.0,The Strongest,3.0,,Estadio Olímpico Patria,Juan Nelio García,,https://fbref.com/en/matches/dd5d5555/Universitario-de-Sucre-The-Strongest-July-17-2022-Bolivian-Primera-Division
División de Fútbol Profesional,M,BOL,2022,1st,Torneo Clausura,4,Sun,2022-07-17,15:00,Always Ready,3.0,FC Universitario,0.0,,Estadio Félix Capriles,Gery Vargas,,https://fbref.com/en/matches/f0fc836a/Always-Ready-FC-Universitario-July-17-2022-Bolivian-Primera-Division
División de Fútbol Profesional,M,BOL,2022,1st,Torneo Clausura,4,Sun,2022-07-17,19:30,Blooming,2.0,Oriente Petrolero,2.0,,Estadio Ramón Aguilera Costas,Dilio Rodríguez,,https://fbref.com/en/matches/d4c71704/Blooming-Oriente-Petrolero-July-17-2022-Bolivian-Primera-Division
División de Fútbol Profesional,M,BOL,2022,1st,Torneo Clausura,5,Fri,2022-07-22,19:00,Royal Parí,2.0,Atlético Palmaflor,2.0,,Estadio Ramón Aguilera Costas,Nunzio Di Roberto,,https://fbref.com/en/matches/7166d14f/Royal-Pari-Atletico-Palmaflor-July-22-2022-Bolivian-Primera-Division
División de Fútbol Profesional,M,BOL,2022,1st,Torneo Clausura,5,Sat,2022-07-23,15:00,Real Santa Cruz,2.0,Oriente Petrolero,1.0,,Estadio Real Santa Cruz,Juan Nelio García,,https://fbref.com/en/matches/0425ebfe/Real-Santa-Cruz-Oriente-Petrolero-July-23-2022-Bolivian-Primera-Division
División de Fútbol Profesional,M,BOL,2022,1st,Torneo Clausura,5,Sat,2022-07-23,17:15,Guabirá,2.0,Nacional Potosí,1.0,,Estadio Gilberto Parada,Carlos Garcia,,https://fbref.com/en/matches/2dad8f9f/Guabira-Nacional-Potosi-July-23-2022-Bolivian-Primera-Division
División de Fútbol Profesional,M,BOL,2022,1st,Torneo Clausura,5,Sun,2022-07-24,15:00,Always Ready,5.0,Real Tomayapo,0.0,,Estadio Municipal El Alto,Alvaro Campos,,https://fbref.com/en/matches/de61bef5/Always-Ready-Real-Tomayapo-July-24-2022-Bolivian-Primera-Division
División de Fútbol Profesional,M,BOL,2022,1st,Torneo Clausura,5,Sun,2022-07-24,17:15,The Strongest,4.0,Aurora,0.0,,Estadio Hernando Siles,Ivo Méndez,,https://fbref.com/en/matches/398489e8/The-Strongest-Aurora-July-24-2022-Bolivian-Primera-Division
División de Fútbol Profesional,M,BOL,2022,1st,Torneo Clausura,5,Sun,2022-07-24,19:30,Indep Petrolero,2.0,Univ de Sucre,0.0,,Estadio Olímpico Patria,José Jordán,,https://fbref.com/en/matches/6bf2948f/Independiente-Petrolero-Universitario-de-Sucre-July-24-2022-Bolivian-Primera-Division
División de Fútbol Profesional,M,BOL,2022,1st,Torneo Clausura,5,Mon,2022-07-25,19:00,Bolívar,3.0,Wilstermann,0.0,,Estadio Hernando Siles,Gery Vargas,,https://fbref.com/en/matches/858284b7/Bolivar-Jorge-Wilstermann-July-25-2022-Bolivian-Primera-Division
División de Fútbol Profesional,M,BOL,2022,1st,Torneo Clausura,6,Tue,2022-07-26,18:15,Nacional Potosí,3.0,Real Santa Cruz,1.0,,Estadio Victor Agustín Ugarte,Hostin Prado,,https://fbref.com/en/matches/e944c77e/Nacional-Potosi-Real-Santa-Cruz-July-26-2022-Bolivian-Primera-Division
División de Fútbol Profesional,M,BOL,2022,1st,Torneo Clausura,6,Tue,2022-07-26,20:30,Oriente Petrolero,4.0,Guabirá,1.0,,Estadio Ramón Aguilera Costas,Ivo Méndez,,https://fbref.com/en/matches/008869b2/Oriente-Petrolero-Guabira-July-26-2022-Bolivian-Primera-Division
División de Fútbol Profesional,M,BOL,2022,1st,Torneo Clausura,6,Wed,2022-07-27,15:00,Real Tomayapo,4.0,FC Universitario,0.0,,Estadio IV Centenario,José Jordán,,https://fbref.com/en/matches/15c6fe90/Real-Tomayapo-FC-Universitario-July-27-2022-Bolivian-Primera-Division
División de Fútbol Profesional,M,BOL,2022,1st,Torneo Clausura,6,Wed,2022-07-27,18:00,Univ de Sucre,1.0,Royal Parí,0.0,,Estadio Olímpico Patria,Alvaro Campos,,https://fbref.com/en/matches/9834fb91/Universitario-de-Sucre-Royal-Pari-July-27-2022-Bolivian-Primera-Division
División de Fútbol Profesional,M,BOL,2022,1st,Torneo Clausura,6,Wed,2022-07-27,20:15,The Strongest,4.0,Always Ready,2.0,,Estadio Hernando Siles,Gado Flores,,https://fbref.com/en/matches/10da06c6/The-Strongest-Always-Ready-July-27-2022-Bolivian-Primera-Division
División de Fútbol Profesional,M,BOL,2022,1st,Torneo Clausura,6,Thu,2022-07-28,15:00,Bolívar,2.0,Atlético Palmaflor,2.0,,Estadio Hernando Siles,Juan Nelio García,,https://fbref.com/en/matches/8fa9574e/Bolivar-Atletico-Palmaflor-July-28-2022-Bolivian-Primera-Division
División de Fútbol Profesional,M,BOL,2022,1st,Torneo Clausura,6,Thu,2022-07-28,19:30,Blooming,0.0,Wilstermann,1.0,,Estadio Ramón Aguilera Costas,Nunzio Di Roberto,,https://fbref.com/en/matches/75eac151/Blooming-Jorge-Wilstermann-July-28-2022-Bolivian-Primera-Division
División de Fútbol Profesional,M,BOL,2022,1st,Torneo Clausura,6,Fri,2022-07-29,19:00,Aurora,1.0,Indep Petrolero,0.0,,Estadio Félix Capriles,Gery Vargas,,https://fbref.com/en/matches/782390f9/Aurora-Independiente-Petrolero-July-29-2022-Bolivian-Primera-Division
División de Fútbol Profesional,M,BOL,2022,1st,Torneo Clausura,7,Sat,2022-07-30,15:00,Always Ready,4.0,Univ de Sucre,0.0,,Estadio Municipal El Alto,Hostin Prado,,https://fbref.com/en/matches/12f58337/Always-Ready-Universitario-de-Sucre-July-30-2022-Bolivian-Primera-Division
División de Fútbol Profesional,M,BOL,2022,1st,Torneo Clausura,7,Sat,2022-07-30,17:15,FC Universitario,0.0,Guabirá,1.0,,Estadio Félix Capriles,Nunzio Di Roberto,,https://fbref.com/en/matches/4e58332f/FC-Universitario-Guabira-July-30-2022-Bolivian-Primera-Division
División de Fútbol Profesional,M,BOL,2022,1st,Torneo Clausura,7,Sun,2022-07-31,15:00,Wilstermann,0.0,Real Tomayapo,2.0,,Estadio Félix Capriles,Gado Flores,,https://fbref.com/en/matches/859dc5e3/Jorge-Wilstermann-Real-Tomayapo-July-31-2022-Bolivian-Primera-Division
División de Fútbol Profesional,M,BOL,2022,1st,Torneo Clausura,7,Sun,2022-07-31,17:15,Bolívar,0.0,The Strongest,4.0,,Estadio Hernando Siles,Juan Nelio García,,https://fbref.com/en/matches/c20ccf2b/Bolivar-The-Strongest-July-31-2022-Bolivian-Primera-Division
División de Fútbol Profesional,M,BOL,2022,1st,Torneo Clausura,7,Sun,2022-07-31,19:30,Royal Parí,3.0,Blooming,1.0,,Estadio Ramón Aguilera Costas,Ivo Méndez,,https://fbref.com/en/matches/96899799/Royal-Pari-Blooming-July-31-2022-Bolivian-Primera-Division
División de Fútbol Profesional,M,BOL,2022,1st,Torneo Clausura,7,Mon,2022-08-01,15:00,Real Santa Cruz,1.0,Aurora,1.0,,Estadio Real Santa Cruz,Alvaro Campos,,https://fbref.com/en/matches/10269980/Real-Santa-Cruz-Aurora-August-1-2022-Bolivian-Primera-Division
División de Fútbol Profesional,M,BOL,2022,1st,Torneo Clausura,7,Mon,2022-08-01,17:15,Atlético Palmaflor,0.0,Nacional Potosí,1.0,,Estadio Félix Capriles,Nunzio Di Roberto,,https://fbref.com/en/matches/104605bd/Atletico-Palmaflor-Nacional-Potosi-August-1-2022-Bolivian-Primera-Division
División de Fútbol Profesional,M,BOL,2022,1st,Torneo Clausura,7,Mon,2022-08-01,19:30,Indep Petrolero,1.0,Oriente Petrolero,2.0,,Estadio Olímpico Patria,Luis Yrusta,,https://fbref.com/en/matches/9a34270d/Independiente-Petrolero-Oriente-Petrolero-August-1-2022-Bolivian-Primera-Division
División de Fútbol Profesional,M,BOL,2022,1st,Torneo Clausura,5,Wed,2022-08-03,18:00,FC Universitario,2.0,Blooming,2.0,,Estadio Félix Capriles,José Jordán,,https://fbref.com/en/matches/8fd2cae8/FC-Universitario-Blooming-August-3-2022-Bolivian-Primera-Division
División de Fútbol Profesional,M,BOL,2022,1st,Torneo Clausura,2,Wed,2022-08-03,20:15,The Strongest,2.0,Wilstermann,0.0,,Estadio Hernando Siles,Ivo Méndez,,https://fbref.com/en/matches/f0d6d820/The-Strongest-Jorge-Wilstermann-August-3-2022-Bolivian-Primera-Division
División de Fútbol Profesional,M,BOL,2022,1st,Torneo Clausura,8,Fri,2022-08-05,15:00,Always Ready,4.0,Real Santa Cruz,0.0,,Estadio Municipal El Alto,Gery Vargas,,https://fbref.com/en/matches/a91bdf3e/Always-Ready-Real-Santa-Cruz-August-5-2022-Bolivian-Primera-Division
División de Fútbol Profesional,M,BOL,2022,1st,Torneo Clausura,8,Fri,2022-08-05,19:30,Oriente Petrolero,0.0,Atlético Palmaflor,0.0,,Estadio Ramón Aguilera Costas,Nunzio Di Roberto,,https://fbref.com/en/matches/d2663119/Oriente-Petrolero-Atletico-Palmaflor-August-5-2022-Bolivian-Primera-Division
División de Fútbol Profesional,M,BOL,2022,1st,Torneo Clausura,8,Sat,2022-08-06,15:00,Indep Petrolero,4.0,Wilstermann,1.0,,Estadio Olímpico Patria,Alvaro Campos,,https://fbref.com/en/matches/91e70e53/Independiente-Petrolero-Jorge-Wilstermann-August-6-2022-Bolivian-Primera-Division
División de Fútbol Profesional,M,BOL,2022,1st,Torneo Clausura,8,Sat,2022-08-06,17:15,Guabirá,1.0,Royal Parí,0.0,,Estadio Gilberto Parada,Juan Nelio García,,https://fbref.com/en/matches/9d4afbc2/Guabira-Royal-Pari-August-6-2022-Bolivian-Primera-Division
División de Fútbol Profesional,M,BOL,2022,1st,Torneo Clausura,8,Sat,2022-08-06,19:30,Blooming,1.0,Real Tomayapo,0.0,,Estadio Ramón Aguilera Costas,José Jordán,,https://fbref.com/en/matches/402d9ea6/Blooming-Real-Tomayapo-August-6-2022-Bolivian-Primera-Division
División de Fútbol Profesional,M,BOL,2022,1st,Torneo Clausura,8,Sun,2022-08-07,15:00,Nacional Potosí,2.0,Bolívar,1.0,,Estadio Victor Agustín Ugarte,Hostin Prado,,https://fbref.com/en/matches/02de153e/Nacional-Potosi-Bolivar-August-7-2022-Bolivian-Primera-Division
División de Fútbol Profesional,M,BOL,2022,1st,Torneo Clausura,8,Sun,2022-08-07,17:15,The Strongest,3.0,FC Universitario,2.0,,Estadio Hernando Siles,Christian Aleman,,https://fbref.com/en/matches/744d9b19/The-Strongest-FC-Universitario-August-7-2022-Bolivian-Primera-Division
División de Fútbol Profesional,M,BOL,2022,1st,Torneo Clausura,8,Sun,2022-08-07,19:30,Aurora,1.0,Univ de Sucre,1.0,,Estadio Félix Capriles,Gado Flores,,https://fbref.com/en/matches/33e7870d/Aurora-Universitario-de-Sucre-August-7-2022-Bolivian-Primera-Division
División de Fútbol Profesional,M,BOL,2022,1st,Torneo Clausura,9,Tue,2022-08-09,18:00,Real Tomayapo,1.0,Indep Petrolero,0.0,,Estadio IV Centenario,Nunzio Di Roberto,,https://fbref.com/en/matches/f7c50a7d/Real-Tomayapo-Independiente-Petrolero-August-9-2022-Bolivian-Primera-Division
División de Fútbol Profesional,M,BOL,2022,1st,Torneo Clausura,9,Tue,2022-08-09,20:15,Wilstermann,0.0,Oriente Petrolero,1.0,,Estadio Félix Capriles,Juan Marcelo Castro,,https://fbref.com/en/matches/b98f4992/Jorge-Wilstermann-Oriente-Petrolero-August-9-2022-Bolivian-Primera-Division
División de Fútbol Profesional,M,BOL,2022,1st,Torneo Clausura,9,Wed,2022-08-10,15:00,Real Santa Cruz,0.0,The Strongest,3.0,,Estadio Real Santa Cruz,Dilio Rodríguez,,https://fbref.com/en/matches/da693931/Real-Santa-Cruz-The-Strongest-August-10-2022-Bolivian-Primera-Division
División de Fútbol Profesional,M,BOL,2022,1st,Torneo Clausura,9,Wed,2022-08-10,18:00,Atlético Palmaflor,2.0,Blooming,1.0,,Estadio Félix Capriles,Jordy Aleman,,https://fbref.com/en/matches/68cfad80/Atletico-Palmaflor-Blooming-August-10-2022-Bolivian-Primera-Division
División de Fútbol Profesional,M,BOL,2022,1st,Torneo Clausura,9,Wed,2022-08-10,20:15,Bolívar,3.0,Guabirá,0.0,,Estadio Hernando Siles,Orlando Quintana,,https://fbref.com/en/matches/7a24f93c/Bolivar-Guabira-August-10-2022-Bolivian-Primera-Division
División de Fútbol Profesional,M,BOL,2022,1st,Torneo Clausura,9,Thu,2022-08-11,18:00,FC Universitario,0.0,Aurora,3.0,,Estadio Félix Capriles,Hostin Prado,,https://fbref.com/en/matches/f5e01d73/FC-Universitario-Aurora-August-11-2022-Bolivian-Primera-Division
División de Fútbol Profesional,M,BOL,2022,1st,Torneo Clausura,9,Thu,2022-08-11,20:15,Univ de Sucre,0.0,Nacional Potosí,1.0,,Estadio Olímpico Patria,Ivo Méndez,,https://fbref.com/en/matches/02b97341/Universitario-de-Sucre-Nacional-Potosi-August-11-2022-Bolivian-Primera-Division
División de Fútbol Profesional,M,BOL,2022,1st,Torneo Clausura,10,Sat,2022-08-13,15:00,Real Santa Cruz,1.0,Bolívar,2.0,,Estadio Real Santa Cruz,Christian Aleman,,https://fbref.com/en/matches/3eee4b1c/Real-Santa-Cruz-Bolivar-August-13-2022-Bolivian-Primera-Division
División de Fútbol Profesional,M,BOL,2022,1st,Torneo Clausura,10,Sat,2022-08-13,17:15,The Strongest,1.0,Atlético Palmaflor,1.0,,Estadio Hernando Siles,Juan Nelio García,,https://fbref.com/en/matches/3418203d/The-Strongest-Atletico-Palmaflor-August-13-2022-Bolivian-Primera-Division
División de Fútbol Profesional,M,BOL,2022,1st,Torneo Clausura,10,Sat,2022-08-13,19:30,Guabirá,1.0,Indep Petrolero,1.0,,Estadio Gilberto Parada,Hostin Prado,,https://fbref.com/en/matches/14094d21/Guabira-Independiente-Petrolero-August-13-2022-Bolivian-Primera-Division
División de Fútbol Profesional,M,BOL,2022,1st,Torneo Clausura,10,Sun,2022-08-14,15:00,Nacional Potosí,1.0,Wilstermann,0.0,,Estadio Victor Agustín Ugarte,Gado Flores,,https://fbref.com/en/matches/d15cd462/Nacional-Potosi-Jorge-Wilstermann-August-14-2022-Bolivian-Primera-Division
División de Fútbol Profesional,M,BOL,2022,1st,Torneo Clausura,10,Sun,2022-08-14,17:15,Univ de Sucre,2.0,FC Universitario,1.0,,Estadio Olímpico Patria,Ivo Méndez,,https://fbref.com/en/matches/e967ad37/Universitario-de-Sucre-FC-Universitario-August-14-2022-Bolivian-Primera-Division
División de Fútbol Profesional,M,BOL,2022,1st,Torneo Clausura,10,Sun,2022-08-14,19:30,Oriente Petrolero,3.0,Real Tomayapo,0.0,,Estadio Ramón Aguilera Costas,Alvaro Campos,,https://fbref.com/en/matches/e765646b/Oriente-Petrolero-Real-Tomayapo-August-14-2022-Bolivian-Primera-Division
División de Fútbol Profesional,M,BOL,2022,1st,Torneo Clausura,10,Mon,2022-08-15,15:00,Always Ready,5.0,Blooming,0.0,,Estadio Hernando Siles,Gery Vargas,,https://fbref.com/en/matches/52c0c049/Always-Ready-Blooming-August-15-2022-Bolivian-Primera-Division
División de Fútbol Profesional,M,BOL,2022,1st,Torneo Clausura,10,Mon,2022-08-15,19:00,Aurora,2.0,Royal Parí,1.0,,Estadio Félix Capriles,Luis Yrusta,,https://fbref.com/en/matches/0069c90c/Aurora-Royal-Pari-August-15-2022-Bolivian-Primera-Division
División de Fútbol Profesional,M,BOL,2022,1st,Torneo Clausura,11,Fri,2022-08-19,15:00,FC Universitario,3.0,Nacional Potosí,1.0,,Estadio Félix Capriles,Gado Flores,,https://fbref.com/en/matches/df666c07/FC-Universitario-Nacional-Potosi-August-19-2022-Bolivian-Primera-Division
División de Fútbol Profesional,M,BOL,2022,1st,Torneo Clausura,11,Fri,2022-08-19,18:00,Real Tomayapo,3.0,Aurora,0.0,,Estadio IV Centenario,Juan Nelio García,,https://fbref.com/en/matches/bd56e451/Real-Tomayapo-Aurora-August-19-2022-Bolivian-Primera-Division
División de Fútbol Profesional,M,BOL,2022,1st,Torneo Clausura,11,Fri,2022-08-19,20:15,Indep Petrolero,1.0,Real Santa Cruz,0.0,,Estadio Olímpico Patria,Alvaro Campos,,https://fbref.com/en/matches/8e8a82aa/Independiente-Petrolero-Real-Santa-Cruz-August-19-2022-Bolivian-Primera-Division
División de Fútbol Profesional,M,BOL,2022,1st,Torneo Clausura,11,Sat,2022-08-20,15:00,Royal Parí,0.0,The Strongest,2.0,,Estadio Ramón Aguilera Costas,Hostin Prado,,https://fbref.com/en/matches/b39b1900/Royal-Pari-The-Strongest-August-20-2022-Bolivian-Primera-Division
División de Fútbol Profesional,M,BOL,2022,1st,Torneo Clausura,11,Sat,2022-08-20,17:15,Bolívar,1.0,Oriente Petrolero,0.0,,Estadio Hernando Siles,Jordy Aleman,,https://fbref.com/en/matches/29495130/Bolivar-Oriente-Petrolero-August-20-2022-Bolivian-Primera-Division
División de Fútbol Profesional,M,BOL,2022,1st,Torneo Clausura,11,Sat,2022-08-20,19:30,Wilstermann,5.0,Univ de Sucre,1.0,,Estadio Félix Capriles,Nunzio Di Roberto,,https://fbref.com/en/matches/721742cf/Jorge-Wilstermann-Universitario-de-Sucre-August-20-2022-Bolivian-Primera-Division
División de Fútbol Profesional,M,BOL,2022,1st,Torneo Clausura,11,Sun,2022-08-21,15:00,Atlético Palmaflor,2.0,Always Ready,4.0,,Estadio Félix Capriles,Ivo Méndez,,https://fbref.com/en/matches/03ec2431/Atletico-Palmaflor-Always-Ready-August-21-2022-Bolivian-Primera-Division
División de Fútbol Profesional,M,BOL,2022,1st,Torneo Clausura,11,Sun,2022-08-21,17:15,Blooming,1.0,Guabirá,3.0,,Estadio Ramón Aguilera Costas,Rafael Subirana,,https://fbref.com/en/matches/708aa70a/Blooming-Guabira-August-21-2022-Bolivian-Primera-Division
División de Fútbol Profesional,M,BOL,2022,1st,Torneo Clausura,12,Tue,2022-08-23,15:00,Real Santa Cruz,2.0,Royal Parí,1.0,,Estadio Real Santa Cruz,Rafael Subirana,,https://fbref.com/en/matches/29f39b18/Real-Santa-Cruz-Royal-Pari-August-23-2022-Bolivian-Primera-Division
División de Fútbol Profesional,M,BOL,2022,1st,Torneo Clausura,12,Tue,2022-08-23,18:15,Oriente Petrolero,0.0,FC Universitario,1.0,,Estadio Ramón Aguilera Costas,Guildo Quenta,,https://fbref.com/en/matches/1ecc0599/Oriente-Petrolero-FC-Universitario-August-23-2022-Bolivian-Primera-Division
División de Fútbol Profesional,M,BOL,2022,1st,Torneo Clausura,12,Tue,2022-08-23,20:30,Aurora,1.0,Bolívar,4.0,,Estadio Félix Capriles,Alvaro Campos,,https://fbref.com/en/matches/3f3b68c8/Aurora-Bolivar-August-23-2022-Bolivian-Primera-Division
División de Fútbol Profesional,M,BOL,2022,1st,Torneo Clausura,12,Wed,2022-08-24,15:00,Guabirá,2.0,Real Tomayapo,1.0,,Estadio Gilberto Parada,Juan Marcelo Castro,,https://fbref.com/en/matches/a920fcde/Guabira-Real-Tomayapo-August-24-2022-Bolivian-Primera-Division
División de Fútbol Profesional,M,BOL,2022,1st,Torneo Clausura,12,Wed,2022-08-24,18:00,Univ de Sucre,2.0,Atlético Palmaflor,1.0,,Estadio Olímpico Patria,Jordy Aleman,,https://fbref.com/en/matches/37bbb588/Universitario-de-Sucre-Atletico-Palmaflor-August-24-2022-Bolivian-Primera-Division
División de Fútbol Profesional,M,BOL,2022,1st,Torneo Clausura,12,Wed,2022-08-24,20:15,The Strongest,3.0,Blooming,1.0,,Estadio Hernando Siles,Hostin Prado,,https://fbref.com/en/matches/070c9a7e/The-Strongest-Blooming-August-24-2022-Bolivian-Primera-Division
División de Fútbol Profesional,M,BOL,2022,1st,Torneo Clausura,12,Thu,2022-08-25,15:00,Always Ready,2.0,Wilstermann,1.0,,Estadio Municipal El Alto,José Jordán,,https://fbref.com/en/matches/bbf92a05/Always-Ready-Jorge-Wilstermann-August-25-2022-Bolivian-Primera-Division
División de Fútbol Profesional,M,BOL,2022,1st,Torneo Clausura,12,Thu,2022-08-25,19:00,Nacional Potosí,3.0,Indep Petrolero,2.0,,Estadio Victor Agustín Ugarte,Gery Vargas,,https://fbref.com/en/matches/edbfb901/Nacional-Potosi-Independiente-Petrolero-August-25-2022-Bolivian-Primera-Division
División de Fútbol Profesional,M,BOL,2022,1st,Torneo Clausura,13,Fri,2022-08-26,15:00,FC Universitario,2.0,Real Santa Cruz,0.0,,Estadio Félix Capriles,José Jordán,,https://fbref.com/en/matches/edb98493/FC-Universitario-Real-Santa-Cruz-August-26-2022-Bolivian-Primera-Division
División de Fútbol Profesional,M,BOL,2022,1st,Torneo Clausura,13,Fri,2022-08-26,19:30,Bolívar,3.0,Royal Parí,0.0,,Estadio Hernando Siles,Jordy Aleman,,https://fbref.com/en/matches/a4ddcecc/Bolivar-Royal-Pari-August-26-2022-Bolivian-Primera-Division
División de Fútbol Profesional,M,BOL,2022,1st,Torneo Clausura,13,Sat,2022-08-27,15:00,Atlético Palmaflor,2.0,Guabirá,0.0,,Estadio Félix Capriles,Luis Yrusta,,https://fbref.com/en/matches/543cc549/Atletico-Palmaflor-Guabira-August-27-2022-Bolivian-Primera-Division
División de Fútbol Profesional,M,BOL,2022,1st,Torneo Clausura,13,Sat,2022-08-27,17:15,Real Tomayapo,0.0,The Strongest,1.0,,Estadio IV Centenario,Ivo Méndez,,https://fbref.com/en/matches/9f082bf0/Real-Tomayapo-The-Strongest-August-27-2022-Bolivian-Primera-Division
División de Fútbol Profesional,M,BOL,2022,1st,Torneo Clausura,13,Sat,2022-08-27,20:15,Blooming,1.0,Univ de Sucre,1.0,,Estadio Ramón Aguilera Costas,Gado Flores,,https://fbref.com/en/matches/2ea16ae7/Blooming-Universitario-de-Sucre-August-27-2022-Bolivian-Primera-Division
División de Fútbol Profesional,M,BOL,2022,1st,Torneo Clausura,13,Sun,2022-08-28,15:00,Wilstermann,2.0,Aurora,0.0,,Estadio Félix Capriles,Gery Vargas,,https://fbref.com/en/matches/99508cea/Jorge-Wilstermann-Aurora-August-28-2022-Bolivian-Primera-Division
División de Fútbol Profesional,M,BOL,2022,1st,Torneo Clausura,13,Sun,2022-08-28,17:15,Indep Petrolero,1.0,Always Ready,1.0,,Estadio Olímpico Patria,Hostin Prado,,https://fbref.com/en/matches/a4f64fed/Independiente-Petrolero-Always-Ready-August-28-2022-Bolivian-Primera-Division
División de Fútbol Profesional,M,BOL,2022,1st,Torneo Clausura,13,Sun,2022-08-28,19:30,Oriente Petrolero,4.0,Nacional Potosí,0.0,,Estadio Ramón Aguilera Costas,Alvaro Campos,,https://fbref.com/en/matches/7c2d3fc7/Oriente-Petrolero-Nacional-Potosi-August-28-2022-Bolivian-Primera-Division
División de Fútbol Profesional,M,BOL,2022,1st,Torneo Clausura,14,Tue,2022-08-30,15:00,Royal Parí,2.0,FC Universitario,1.0,,Estadio Ramón Aguilera Costas,Gado Flores,,https://fbref.com/en/matches/abb7c09f/Royal-Pari-FC-Universitario-August-30-2022-Bolivian-Primera-Division
División de Fútbol Profesional,M,BOL,2022,1st,Torneo Clausura,14,Tue,2022-08-30,18:00,The Strongest,2.0,Guabirá,3.0,,Estadio Hernando Siles,José Jordán,,https://fbref.com/en/matches/e8a57286/The-Strongest-Guabira-August-30-2022-Bolivian-Primera-Division
División de Fútbol Profesional,M,BOL,2022,1st,Torneo Clausura,14,Tue,2022-08-30,20:15,Univ de Sucre,2.0,Bolívar,3.0,,Estadio Olímpico Patria,Ivo Méndez,,https://fbref.com/en/matches/d60079ed/Universitario-de-Sucre-Bolivar-August-30-2022-Bolivian-Primera-Division
División de Fútbol Profesional,M,BOL,2022,1st,Torneo Clausura,14,Wed,2022-08-31,15:00,Always Ready,3.0,Oriente Petrolero,0.0,,Estadio Municipal El Alto,Alvaro Campos,,https://fbref.com/en/matches/ee616acd/Always-Ready-Oriente-Petrolero-August-31-2022-Bolivian-Primera-Division
División de Fútbol Profesional,M,BOL,2022,1st,Torneo Clausura,14,Wed,2022-08-31,18:00,Atlético Palmaflor,2.0,Indep Petrolero,1.0,,Estadio Félix Capriles,Nunzio Di Roberto,,https://fbref.com/en/matches/868f0386/Atletico-Palmaflor-Independiente-Petrolero-August-31-2022-Bolivian-Primera-Division
División de Fútbol Profesional,M,BOL,2022,1st,Torneo Clausura,14,Wed,2022-08-31,20:15,Nacional Potosí,2.0,Real Tomayapo,1.0,,Estadio Victor Agustín Ugarte,Raúl Orosco,,https://fbref.com/en/matches/377fae80/Nacional-Potosi-Real-Tomayapo-August-31-2022-Bolivian-Primera-Division
División de Fútbol Profesional,M,BOL,2022,1st,Torneo Clausura,14,Thu,2022-09-01,15:00,Real Santa Cruz,0.0,Wilstermann,0.0,,Estadio Real Santa Cruz,Jordy Aleman,,https://fbref.com/en/matches/a6d0f174/Real-Santa-Cruz-Jorge-Wilstermann-September-1-2022-Bolivian-Primera-Division
División de Fútbol Profesional,M,BOL,2022,1st,Torneo Clausura,14,Thu,2022-09-01,18:30,Aurora,1.0,Blooming,0.0,,Estadio Félix Capriles,Dilio Rodríguez,,https://fbref.com/en/matches/6f8958e4/Aurora-Blooming-September-1-2022-Bolivian-Primera-Division
División de Fútbol Profesional,M,BOL,2022,1st,Torneo Clausura,15,Sat,2022-09-03,15:00,Indep Petrolero,1.0,The Strongest,1.0,,Estadio Olímpico Patria,Ivo Méndez,,https://fbref.com/en/matches/7e952ed0/Independiente-Petrolero-The-Strongest-September-3-2022-Bolivian-Primera-Division
División de Fútbol Profesional,M,BOL,2022,1st,Torneo Clausura,15,Sat,2022-09-03,18:00,FC Universitario,1.0,Atlético Palmaflor,1.0,,Estadio Félix Capriles,Hostin Prado,,https://fbref.com/en/matches/978b11ec/FC-Universitario-Atletico-Palmaflor-September-3-2022-Bolivian-Primera-Division
División de Fútbol Profesional,M,BOL,2022,1st,Torneo Clausura,15,Sat,2022-09-03,20:15,Real Tomayapo,1.0,Univ de Sucre,1.0,,Estadio IV Centenario,Nunzio Di Roberto,,https://fbref.com/en/matches/7e88c0a8/Real-Tomayapo-Universitario-de-Sucre-September-3-2022-Bolivian-Primera-Division
División de Fútbol Profesional,M,BOL,2022,1st,Torneo Clausura,15,Sun,2022-09-04,15:00,Guabirá,2.0,Real Santa Cruz,1.0,,Estadio Gilberto Parada,Rafael Subirana,,https://fbref.com/en/matches/f347e4c9/Guabira-Real-Santa-Cruz-September-4-2022-Bolivian-Primera-Division
División de Fútbol Profesional,M,BOL,2022,1st,Torneo Clausura,15,Sun,2022-09-04,19:30,Blooming,4.0,Nacional Potosí,0.0,,Estadio Ramón Aguilera Costas,Gery Vargas,,https://fbref.com/en/matches/49310e1c/Blooming-Nacional-Potosi-September-4-2022-Bolivian-Primera-Division
División de Fútbol Profesional,M,BOL,2022,1st,Torneo Clausura,15,Sun,2022-09-04,19:30,Bolívar,3.0,Always Ready,0.0,,Estadio Hernando Siles,Gado Flores,,https://fbref.com/en/matches/7832bc1e/Bolivar-Always-Ready-September-4-2022-Bolivian-Primera-Division
División de Fútbol Profesional,M,BOL,2022,1st,Torneo Clausura,15,Mon,2022-09-05,18:00,Wilstermann,2.0,Royal Parí,1.0,,Estadio Félix Capriles,Jordy Aleman,,https://fbref.com/en/matches/c323ced6/Jorge-Wilstermann-Royal-Pari-September-5-2022-Bolivian-Primera-Division
División de Fútbol Profesional,M,BOL,2022,1st,Torneo Clausura,15,Mon,2022-09-05,20:15,Oriente Petrolero,2.0,Aurora,1.0,,Estadio Ramón Aguilera Costas,Dilio Rodríguez,,https://fbref.com/en/matches/fb2a8694/Oriente-Petrolero-Aurora-September-5-2022-Bolivian-Primera-Division
División de Fútbol Profesional,M,BOL,2022,1st,Torneo Clausura,16,Tue,2022-09-06,19:00,FC Universitario,4.0,Indep Petrolero,1.0,,Estadio Félix Capriles,Alvaro Campos,,https://fbref.com/en/matches/26f1fbb1/FC-Universitario-Independiente-Petrolero-September-6-2022-Bolivian-Primera-Division
División de Fútbol Profesional,M,BOL,2022,1st,Torneo Clausura,16,Wed,2022-09-07,15:00,Always Ready,2.0,Guabirá,1.0,,Estadio Municipal El Alto,Raúl Orosco,,https://fbref.com/en/matches/abed5796/Always-Ready-Guabira-September-7-2022-Bolivian-Primera-Division
División de Fútbol Profesional,M,BOL,2022,1st,Torneo Clausura,16,Wed,2022-09-07,18:00,Univ de Sucre,3.0,Real Santa Cruz,1.0,,Estadio Olímpico Patria,Nunzio Di Roberto,,https://fbref.com/en/matches/d71388c0/Universitario-de-Sucre-Real-Santa-Cruz-September-7-2022-Bolivian-Primera-Division
División de Fútbol Profesional,M,BOL,2022,1st,Torneo Clausura,16,Wed,2022-09-07,20:15,Bolívar,3.0,Blooming,0.0,,Estadio Hernando Siles,Jordy Aleman,,https://fbref.com/en/matches/5685a930/Bolivar-Blooming-September-7-2022-Bolivian-Primera-Division
División de Fútbol Profesional,M,BOL,2022,1st,Torneo Clausura,16,Thu,2022-09-08,15:00,Royal Parí,0.0,Real Tomayapo,1.0,,Estadio Ramón Aguilera Costas,Dilio Rodríguez,,https://fbref.com/en/matches/648c0d0b/Royal-Pari-Real-Tomayapo-September-8-2022-Bolivian-Primera-Division
División de Fútbol Profesional,M,BOL,2022,1st,Torneo Clausura,16,Thu,2022-09-08,18:00,Atlético Palmaflor,1.0,Wilstermann,1.0,,Estadio Félix Capriles,Carlos Garcia,,https://fbref.com/en/matches/6bbab496/Atletico-Palmaflor-Jorge-Wilstermann-September-8-2022-Bolivian-Primera-Division
División de Fútbol Profesional,M,BOL,2022,1st,Torneo Clausura,16,Thu,2022-09-08,20:15,The Strongest,2.0,Oriente Petrolero,1.0,,Estadio Hernando Siles,Hostin Prado,,https://fbref.com/en/matches/219243a9/The-Strongest-Oriente-Petrolero-September-8-2022-Bolivian-Primera-Division
División de Fútbol Profesional,M,BOL,2022,1st,Torneo Clausura,16,Fri,2022-09-09,19:00,Aurora,1.0,Nacional Potosí,5.0,,Estadio Félix Capriles,Gado Flores,,https://fbref.com/en/matches/ffe0a985/Aurora-Nacional-Potosi-September-9-2022-Bolivian-Primera-Division
División de Fútbol Profesional,M,BOL,2022,1st,Torneo Clausura,17,Sat,2022-09-10,15:30,Real Santa Cruz,1.0,Blooming,3.0,,Estadio Gilberto Parada,Ivo Méndez,,https://fbref.com/en/matches/3749163c/Real-Santa-Cruz-Blooming-September-10-2022-Bolivian-Primera-Division
División de Fútbol Profesional,M,BOL,2022,1st,Torneo Clausura,17,Sat,2022-09-10,17:15,Bolívar,2.0,FC Universitario,0.0,,Estadio Hernando Siles,Gery Vargas,,https://fbref.com/en/matches/6463f5af/Bolivar-FC-Universitario-September-10-2022-Bolivian-Primera-Division
División de Fútbol Profesional,M,BOL,2022,1st,Torneo Clausura,17,Sun,2022-09-11,15:00,Indep Petrolero,3.0,Royal Parí,0.0,,Estadio Olímpico Patria,Gado Flores,,https://fbref.com/en/matches/f44ca9dd/Independiente-Petrolero-Royal-Pari-September-11-2022-Bolivian-Primera-Division
División de Fútbol Profesional,M,BOL,2022,1st,Torneo Clausura,17,Sun,2022-09-11,17:15,Wilstermann,0.0,The Strongest,3.0,,Estadio Félix Capriles,Alvaro Campos,,https://fbref.com/en/matches/595e7689/Jorge-Wilstermann-The-Strongest-September-11-2022-Bolivian-Primera-Division
División de Fútbol Profesional,M,BOL,2022,1st,Torneo Clausura,17,Sun,2022-09-11,19:30,Oriente Petrolero,1.0,Univ de Sucre,0.0,,Estadio Ramón Aguilera Costas,Hostin Prado,,https://fbref.com/en/matches/490d29c5/Oriente-Petrolero-Universitario-de-Sucre-September-11-2022-Bolivian-Primera-Division
División de Fútbol Profesional,M,BOL,2022,1st,Torneo Clausura,17,Mon,2022-09-12,15:00,Guabirá,1.0,Aurora,1.0,,Estadio Gilberto Parada,Nunzio Di Roberto,,https://fbref.com/en/matches/5493bfca/Guabira-Aurora-September-12-2022-Bolivian-Primera-Division
División de Fútbol Profesional,M,BOL,2022,1st,Torneo Clausura,17,Mon,2022-09-12,18:00,Real Tomayapo,2.0,Atlético Palmaflor,2.0,,Estadio IV Centenario,Dilio Rodríguez,,https://fbref.com/en/matches/5b46ebf6/Real-Tomayapo-Atletico-Palmaflor-September-12-2022-Bolivian-Primera-Division
División de Fútbol Profesional,M,BOL,2022,1st,Torneo Clausura,17,Mon,2022-09-12,20:15,Nacional Potosí,1.0,Always Ready,1.0,,Estadio Victor Agustín Ugarte,José Jordán,,https://fbref.com/en/matches/3001bf69/Nacional-Potosi-Always-Ready-September-12-2022-Bolivian-Primera-Division
División de Fútbol Profesional,M,BOL,2022,1st,Torneo Clausura,18,Fri,2022-09-16,15:00,Atlético Palmaflor,4.0,Real Santa Cruz,0.0,,Estadio Félix Capriles,Juan Marcelo Castro,,https://fbref.com/en/matches/850eeead/Atletico-Palmaflor-Real-Santa-Cruz-September-16-2022-Bolivian-Primera-Division
División de Fútbol Profesional,M,BOL,2022,1st,Torneo Clausura,18,Fri,2022-09-16,19:00,The Strongest,1.0,Nacional Potosí,1.0,,Estadio Hernando Siles,Dilio Rodríguez,,https://fbref.com/en/matches/50a4689c/The-Strongest-Nacional-Potosi-September-16-2022-Bolivian-Primera-Division
División de Fútbol Profesional,M,BOL,2022,1st,Torneo Clausura,18,Sat,2022-09-17,15:00,Always Ready,0.0,Aurora,1.0,,Estadio Municipal El Alto,Alvaro Campos,,https://fbref.com/en/matches/a9c45efa/Always-Ready-Aurora-September-17-2022-Bolivian-Primera-Division
División de Fútbol Profesional,M,BOL,2022,1st,Torneo Clausura,18,Sat,2022-09-17,17:15,Univ de Sucre,1.0,Guabirá,1.0,,Estadio Olímpico Patria,Gado Flores,,https://fbref.com/en/matches/a1edc42f/Universitario-de-Sucre-Guabira-September-17-2022-Bolivian-Primera-Division
División de Fútbol Profesional,M,BOL,2022,1st,Torneo Clausura,18,Sat,2022-09-17,19:30,Blooming,1.0,Indep Petrolero,0.0,,Estadio Ramón Aguilera Costas,Carlos Garcia,,https://fbref.com/en/matches/f07d2b1c/Blooming-Independiente-Petrolero-September-17-2022-Bolivian-Primera-Division
División de Fútbol Profesional,M,BOL,2022,1st,Torneo Clausura,18,Sun,2022-09-18,15:00,FC Universitario,0.0,Wilstermann,0.0,,Estadio Félix Capriles,Hostin Prado,,https://fbref.com/en/matches/e0775c12/FC-Universitario-Jorge-Wilstermann-September-18-2022-Bolivian-Primera-Division
División de Fútbol Profesional,M,BOL,2022,1st,Torneo Clausura,18,Sun,2022-09-18,17:15,Bolívar,4.0,Real Tomayapo,1.0,,Estadio Hernando Siles,José Jordán,,https://fbref.com/en/matches/9268fb30/Bolivar-Real-Tomayapo-September-18-2022-Bolivian-Primera-Division
División de Fútbol Profesional,M,BOL,2022,1st,Torneo Clausura,18,Sun,2022-09-18,19:30,Royal Parí,1.0,Oriente Petrolero,0.0,,Estadio Ramón Aguilera Costas,Ivo Méndez,,https://fbref.com/en/matches/c70175b1/Royal-Pari-Oriente-Petrolero-September-18-2022-Bolivian-Primera-Division
División de Fútbol Profesional,M,BOL,2022,1st,Torneo Clausura,9,Wed,2022-09-28,15:00,Royal Parí,0.0,Always Ready,2.0,,Estadio Ramón Aguilera Costas,Hostin Prado,,https://fbref.com/en/matches/733b0359/Royal-Pari-Always-Ready-September-28-2022-Bolivian-Primera-Division
División de Fútbol Profesional,M,BOL,2022,1st,Torneo Clausura,19,Fri,2022-09-30,15:00,Real Santa Cruz,1.0,Real Tomayapo,1.0,,Estadio Real Santa Cruz,Gado Flores,,https://fbref.com/en/matches/1631c3e6/Real-Santa-Cruz-Real-Tomayapo-September-30-2022-Bolivian-Primera-Division
División de Fútbol Profesional,M,BOL,2022,1st,Torneo Clausura,19,Fri,2022-09-30,20:00,Guabirá,1.0,Wilstermann,1.0,,Estadio Gilberto Parada,Dilio Rodríguez,,https://fbref.com/en/matches/ca2fcb35/Guabira-Jorge-Wilstermann-September-30-2022-Bolivian-Primera-Division
División de Fútbol Profesional,M,BOL,2022,1st,Torneo Clausura,19,Sat,2022-10-01,15:00,Nacional Potosí,1.0,Royal Parí,0.0,,Estadio Victor Agustín Ugarte,Alvaro Campos,,https://fbref.com/en/matches/9c2c3c9a/Nacional-Potosi-Royal-Pari-October-1-2022-Bolivian-Primera-Division
División de Fútbol Profesional,M,BOL,2022,1st,Torneo Clausura,19,Sat,2022-10-01,17:15,Aurora,0.0,Atlético Palmaflor,0.0,,Estadio Félix Capriles,Hostin Prado,,https://fbref.com/en/matches/0ca9ea50/Aurora-Atletico-Palmaflor-October-1-2022-Bolivian-Primera-Division
División de Fútbol Profesional,M,BOL,2022,1st,Torneo Clausura,19,Sat,2022-10-01,19:30,Bolívar,0.0,Indep Petrolero,0.0,,Estadio Hernando Siles,Juan Nelio García,,https://fbref.com/en/matches/cb2bb836/Bolivar-Independiente-Petrolero-October-1-2022-Bolivian-Primera-Division
División de Fútbol Profesional,M,BOL,2022,1st,Torneo Clausura,19,Sun,2022-10-02,15:00,FC Universitario,1.0,Always Ready,2.0,,Estadio Félix Capriles,Gery Vargas,,https://fbref.com/en/matches/2914fb9a/FC-Universitario-Always-Ready-October-2-2022-Bolivian-Primera-Division
División de Fútbol Profesional,M,BOL,2022,1st,Torneo Clausura,19,Sun,2022-10-02,17:15,The Strongest,1.0,Univ de Sucre,0.0,,Estadio Hernando Siles,Carlos Garcia,,https://fbref.com/en/matches/496463a1/The-Strongest-Universitario-de-Sucre-October-2-2022-Bolivian-Primera-Division
División de Fútbol Profesional,M,BOL,2022,1st,Torneo Clausura,19,Sun,2022-10-02,19:30,Oriente Petrolero,1.0,Blooming,0.0,,Estadio Ramón Aguilera Costas,Ivo Méndez,,https://fbref.com/en/matches/06e4bf94/Oriente-Petrolero-Blooming-October-2-2022-Bolivian-Primera-Division
División de Fútbol Profesional,M,BOL,2022,1st,Torneo Clausura,20,Tue,2022-10-04,15:00,Atlético Palmaflor,1.0,Royal Parí,1.0,,Estadio Municipal de Quillacollo,Nunzio Di Roberto,,https://fbref.com/en/matches/aa263fd0/Atletico-Palmaflor-Royal-Pari-October-4-2022-Bolivian-Primera-Division
División de Fútbol Profesional,M,BOL,2022,1st,Torneo Clausura,20,Tue,2022-10-04,18:15,Nacional Potosí,3.0,Guabirá,1.0,,Estadio Victor Agustín Ugarte,Gery Vargas,,https://fbref.com/en/matches/dd211450/Nacional-Potosi-Guabira-October-4-2022-Bolivian-Primera-Division
División de Fútbol Profesional,M,BOL,2022,1st,Torneo Clausura,20,Tue,2022-10-04,20:30,Wilstermann,1.0,Bolívar,1.0,,Estadio Félix Capriles,Rafael Subirana,,https://fbref.com/en/matches/40dca660/Jorge-Wilstermann-Bolivar-October-4-2022-Bolivian-Primera-Division
División de Fútbol Profesional,M,BOL,2022,1st,Torneo Clausura,20,Wed,2022-10-05,18:00,Real Tomayapo,0.0,Always Ready,3.0,,Estadio IV Centenario,Ivo Méndez,,https://fbref.com/en/matches/c61daffb/Real-Tomayapo-Always-Ready-October-5-2022-Bolivian-Primera-Division
División de Fútbol Profesional,M,BOL,2022,1st,Torneo Clausura,20,Wed,2022-10-05,19:30,Aurora,0.0,The Strongest,0.0,,Estadio Félix Capriles,José Jordán,,https://fbref.com/en/matches/036d7e63/Aurora-The-Strongest-October-5-2022-Bolivian-Primera-Division
División de Fútbol Profesional,M,BOL,2022,1st,Torneo Clausura,20,Wed,2022-10-05,20:30,Oriente Petrolero,3.0,Real Santa Cruz,1.0,,Estadio Ramón Aguilera Costas,Juan Nelio García,,https://fbref.com/en/matches/f52c3caa/Oriente-Petrolero-Real-Santa-Cruz-October-5-2022-Bolivian-Primera-Division
División de Fútbol Profesional,M,BOL,2022,1st,Torneo Clausura,20,Thu,2022-10-06,18:15,Blooming,0.0,FC Universitario,0.0,,Estadio Ramón Aguilera Costas,Gado Flores,,https://fbref.com/en/matches/811a474f/Blooming-FC-Universitario-October-6-2022-Bolivian-Primera-Division
División de Fútbol Profesional,M,BOL,2022,1st,Torneo Clausura,20,Thu,2022-10-06,20:30,Univ de Sucre,2.0,Indep Petrolero,1.0,,Estadio Olímpico Patria,Dilio Rodríguez,,https://fbref.com/en/matches/9310c3bc/Universitario-de-Sucre-Independiente-Petrolero-October-6-2022-Bolivian-Primera-Division
División de Fútbol Profesional,M,BOL,2022,1st,Torneo Clausura,21,Fri,2022-10-07,15:00,Atlético Palmaflor,1.0,Bolívar,1.0,,Estadio Municipal de Quillacollo,Ivo Méndez,,https://fbref.com/en/matches/91fbf6ce/Atletico-Palmaflor-Bolivar-October-7-2022-Bolivian-Primera-Division
División de Fútbol Profesional,M,BOL,2022,1st,Torneo Clausura,21,Sat,2022-10-08,15:00,Real Santa Cruz,2.0,Nacional Potosí,1.0,,Estadio Real Santa Cruz,Carlos Garcia,,https://fbref.com/en/matches/6c0f041f/Real-Santa-Cruz-Nacional-Potosi-October-8-2022-Bolivian-Primera-Division
División de Fútbol Profesional,M,BOL,2022,1st,Torneo Clausura,21,Sat,2022-10-08,15:00,Always Ready,1.0,The Strongest,3.0,,Estadio Municipal El Alto,Nunzio Di Roberto,,https://fbref.com/en/matches/d84de4b5/Always-Ready-The-Strongest-October-8-2022-Bolivian-Primera-Division
División de Fútbol Profesional,M,BOL,2022,1st,Torneo Clausura,21,Sun,2022-10-09,15:00,Royal Parí,3.0,Univ de Sucre,1.0,,Estadio Ramón Aguilera Costas,Hostin Prado,,https://fbref.com/en/matches/be08b8ce/Royal-Pari-Universitario-de-Sucre-October-9-2022-Bolivian-Primera-Division
División de Fútbol Profesional,M,BOL,2022,1st,Torneo Clausura,21,Sun,2022-10-09,15:00,FC Universitario,1.0,Real Tomayapo,1.0,,Estadio Félix Capriles,Dilio Rodríguez,,https://fbref.com/en/matches/c5b0d5f5/FC-Universitario-Real-Tomayapo-October-9-2022-Bolivian-Primera-Division
División de Fútbol Profesional,M,BOL,2022,1st,Torneo Clausura,21,Sun,2022-10-09,17:15,Guabirá,2.0,Oriente Petrolero,1.0,,Estadio Gilberto Parada,Rafael Subirana,,https://fbref.com/en/matches/0a429924/Guabira-Oriente-Petrolero-October-9-2022-Bolivian-Primera-Division
División de Fútbol Profesional,M,BOL,2022,1st,Torneo Clausura,21,Sun,2022-10-09,19:30,Wilstermann,1.0,Blooming,0.0,,Estadio Félix Capriles,Juan Marcelo Castro,,https://fbref.com/en/matches/3747acb3/Jorge-Wilstermann-Blooming-October-9-2022-Bolivian-Primera-Division
División de Fútbol Profesional,M,BOL,2022,1st,Torneo Clausura,21,Mon,2022-10-10,20:00,Indep Petrolero,1.0,Aurora,1.0,,Estadio Olímpico Patria,Alvaro Campos,,https://fbref.com/en/matches/1f6842c0/Independiente-Petrolero-Aurora-October-10-2022-Bolivian-Primera-Division
División de Fútbol Profesional,M,BOL,2022,1st,Torneo Clausura,22,Tue,2022-10-11,20:00,Nacional Potosí,6.0,Atlético Palmaflor,1.0,,Estadio Victor Agustín Ugarte,Gery Vargas,,https://fbref.com/en/matches/92f07218/Nacional-Potosi-Atletico-Palmaflor-October-11-2022-Bolivian-Primera-Division
División de Fútbol Profesional,M,BOL,2022,1st,Torneo Clausura,22,Wed,2022-10-12,15:00,Guabirá,1.0,FC Universitario,0.0,,Estadio Gilberto Parada,José Jordán,,https://fbref.com/en/matches/8abe5b32/Guabira-FC-Universitario-October-12-2022-Bolivian-Primera-Division
División de Fútbol Profesional,M,BOL,2022,1st,Torneo Clausura,22,Wed,2022-10-12,18:30,Univ de Sucre,1.0,Always Ready,3.0,,Estadio Olímpico Patria,Carlos Garcia,,https://fbref.com/en/matches/77930243/Universitario-de-Sucre-Always-Ready-October-12-2022-Bolivian-Primera-Division
División de Fútbol Profesional,M,BOL,2022,1st,Torneo Clausura,22,Wed,2022-10-12,20:00,Blooming,0.0,Royal Parí,0.0,,Estadio Ramón Aguilera Costas,Rafael Subirana,,https://fbref.com/en/matches/5deb177d/Blooming-Royal-Pari-October-12-2022-Bolivian-Primera-Division
División de Fútbol Profesional,M,BOL,2022,1st,Torneo Clausura,22,Wed,2022-10-12,20:00,The Strongest,4.0,Bolívar,4.0,,Estadio Hernando Siles,Gado Flores,,https://fbref.com/en/matches/c83715cf/The-Strongest-Bolivar-October-12-2022-Bolivian-Primera-Division
División de Fútbol Profesional,M,BOL,2022,1st,Torneo Clausura,22,Thu,2022-10-13,15:00,Oriente Petrolero,3.0,Indep Petrolero,3.0,,Estadio Ramón Aguilera Costas,Hostin Prado,,https://fbref.com/en/matches/a27587c0/Oriente-Petrolero-Independiente-Petrolero-October-13-2022-Bolivian-Primera-Division
División de Fútbol Profesional,M,BOL,2022,1st,Torneo Clausura,22,Thu,2022-10-13,18:15,Aurora,1.0,Real Santa Cruz,2.0,,Estadio Félix Capriles,Nunzio Di Roberto,,https://fbref.com/en/matches/5c0b3c2b/Aurora-Real-Santa-Cruz-October-13-2022-Bolivian-Primera-Division
División de Fútbol Profesional,M,BOL,2022,1st,Torneo Clausura,22,Thu,2022-10-13,20:00,Real Tomayapo,1.0,Wilstermann,0.0,,Estadio IV Centenario,Alvaro Campos,,https://fbref.com/en/matches/ede6a865/Real-Tomayapo-Jorge-Wilstermann-October-13-2022-Bolivian-Primera-Division
División de Fútbol Profesional,M,BOL,2022,1st,Torneo Clausura,23,Sat,2022-10-15,15:00,FC Universitario,2.0,The Strongest,1.0,,Estadio Municipal de Quillacollo,Dilio Rodríguez,,https://fbref.com/en/matches/5fd24bd7/FC-Universitario-The-Strongest-October-15-2022-Bolivian-Primera-Division
División de Fútbol Profesional,M,BOL,2022,1st,Torneo Clausura,23,Sat,2022-10-15,17:15,Bolívar,3.0,Nacional Potosí,1.0,,Estadio Hernando Siles,José Jordán,,https://fbref.com/en/matches/7aa889ed/Bolivar-Nacional-Potosi-October-15-2022-Bolivian-Primera-Division
División de Fútbol Profesional,M,BOL,2022,1st,Torneo Clausura,23,Sat,2022-10-15,19:30,Royal Parí,3.0,Guabirá,2.0,,Estadio Ramón Aguilera Costas,Rafael Subirana,,https://fbref.com/en/matches/c6893dc5/Royal-Pari-Guabira-October-15-2022-Bolivian-Primera-Division
División de Fútbol Profesional,M,BOL,2022,1st,Torneo Clausura,23,Sun,2022-10-16,15:00,Atlético Palmaflor,2.0,Oriente Petrolero,2.0,,Estadio Municipal de Quillacollo,Gado Flores,,https://fbref.com/en/matches/eb161933/Atletico-Palmaflor-Oriente-Petrolero-October-16-2022-Bolivian-Primera-Division
División de Fútbol Profesional,M,BOL,2022,1st,Torneo Clausura,23,Sun,2022-10-16,17:15,Real Santa Cruz,1.0,Always Ready,0.0,,Estadio Ramón Aguilera Costas,Hostin Prado,,https://fbref.com/en/matches/928ec036/Real-Santa-Cruz-Always-Ready-October-16-2022-Bolivian-Primera-Division
División de Fútbol Profesional,M,BOL,2022,1st,Torneo Clausura,23,Sun,2022-10-16,19:30,Univ de Sucre,1.0,Aurora,1.0,,Estadio Olímpico Patria,Gery Vargas,,https://fbref.com/en/matches/eea58226/Universitario-de-Sucre-Aurora-October-16-2022-Bolivian-Primera-Division
División de Fútbol Profesional,M,BOL,2022,1st,Torneo Clausura,23,Mon,2022-10-17,18:30,Wilstermann,1.0,Indep Petrolero,3.0,,Estadio Félix Capriles,Jordy Aleman,,https://fbref.com/en/matches/1fb19a48/Jorge-Wilstermann-Independiente-Petrolero-October-17-2022-Bolivian-Primera-Division
División de Fútbol Profesional,M,BOL,2022,1st,Torneo Clausura,23,Mon,2022-10-17,20:30,Real Tomayapo,1.0,Blooming,1.0,,Estadio IV Centenario,Nunzio Di Roberto,,https://fbref.com/en/matches/8ecb735d/Real-Tomayapo-Blooming-October-17-2022-Bolivian-Primera-Division
División de Fútbol Profesional,M,BOL,2022,1st,Torneo Clausura,24,Wed,2022-10-19,15:00,Always Ready,1.0,Royal Parí,0.0,,Estadio Municipal El Alto,Dilio Rodríguez,,https://fbref.com/en/matches/8116c3a9/Always-Ready-Royal-Pari-October-19-2022-Bolivian-Primera-Division
División de Fútbol Profesional,M,BOL,2022,1st,Torneo Clausura,24,Wed,2022-10-19,17:15,The Strongest,5.0,Real Santa Cruz,2.0,,Estadio Hernando Siles,Gery Vargas,,https://fbref.com/en/matches/a17dae23/The-Strongest-Real-Santa-Cruz-October-19-2022-Bolivian-Primera-Division
División de Fútbol Profesional,M,BOL,2022,1st,Torneo Clausura,24,Wed,2022-10-19,19:00,Nacional Potosí,3.0,Univ de Sucre,2.0,,Estadio Victor Agustín Ugarte,Ivo Méndez,,https://fbref.com/en/matches/c25e3d99/Nacional-Potosi-Universitario-de-Sucre-October-19-2022-Bolivian-Primera-Division
División de Fútbol Profesional,M,BOL,2022,1st,Torneo Clausura,24,Wed,2022-10-19,20:30,Guabirá,2.0,Bolívar,1.0,,Estadio Gilberto Parada,Hostin Prado,,https://fbref.com/en/matches/9b3a9e9b/Guabira-Bolivar-October-19-2022-Bolivian-Primera-Division
División de Fútbol Profesional,M,BOL,2022,1st,Torneo Clausura,24,Thu,2022-10-20,15:00,Aurora,0.0,FC Universitario,2.0,,Estadio Félix Capriles,Alvaro Campos,,https://fbref.com/en/matches/08bf4146/Aurora-FC-Universitario-October-20-2022-Bolivian-Primera-Division
División de Fútbol Profesional,M,BOL,2022,1st,Torneo Clausura,24,Thu,2022-10-20,18:15,Blooming,1.0,Atlético Palmaflor,0.0,,Estadio Ramón Aguilera Costas,Nunzio Di Roberto,,https://fbref.com/en/matches/10f4f1de/Blooming-Atletico-Palmaflor-October-20-2022-Bolivian-Primera-Division
División de Fútbol Profesional,M,BOL,2022,1st,Torneo Clausura,24,Thu,2022-10-20,20:30,Indep Petrolero,1.0,Real Tomayapo,0.0,,Estadio Olímpico Patria,Gado Flores,,https://fbref.com/en/matches/bdf0d43f/Independiente-Petrolero-Real-Tomayapo-October-20-2022-Bolivian-Primera-Division
División de Fútbol Profesional,M,BOL,2022,1st,Torneo Clausura,24,Fri,2022-10-21,20:00,Oriente Petrolero,2.0,Wilstermann,1.0,,Estadio Ramón Aguilera Costas,José Jordán,,https://fbref.com/en/matches/0e1548d2/Oriente-Petrolero-Jorge-Wilstermann-October-21-2022-Bolivian-Primera-Division
División de Fútbol Profesional,M,BOL,2023,1st,,1,Sat,2023-02-04,15:00,Libertad Gran Mamoré FC,3.0,Club Vaca Díez,2.0,,Estadio Gran Mamoré,Hostin Prado,,https://fbref.com/en/matches/dfa53d6c/Libertad-Gran-Mamore-FC-Club-Vaca-Diez-February-4-2023-Bolivian-Primera-Division
División de Fútbol Profesional,M,BOL,2023,1st,,1,Sat,2023-02-04,17:30,The Strongest,2.0,FC Universitario,1.0,,Estadio Hernando Siles,Alvaro Campos,,https://fbref.com/en/matches/01e67112/The-Strongest-FC-Universitario-February-4-2023-Bolivian-Primera-Division
División de Fútbol Profesional,M,BOL,2023,1st,,1,Sat,2023-02-04,20:00,Oriente Petrolero,3.0,Nacional Potosí,0.0,,Estadio Ramón Aguilera Costas,José Jordán,,https://fbref.com/en/matches/72091abd/Oriente-Petrolero-Nacional-Potosi-February-4-2023-Bolivian-Primera-Division
División de Fútbol Profesional,M,BOL,2023,1st,,1,Sun,2023-02-05,15:00,Guabirá,1.0,Bolívar,2.0,,Estadio Gilberto Parada,Gery Vargas,,https://fbref.com/en/matches/0a2b68a0/Guabira-Bolivar-February-5-2023-Bolivian-Primera-Division
División de Fútbol Profesional,M,BOL,2023,1st,,1,Sun,2023-02-05,17:30,Aurora,0.0,Always Ready,0.0,,Estadio Félix Capriles,Dilio Rodríguez,,https://fbref.com/en/matches/b54891b8/Aurora-Always-Ready-February-5-2023-Bolivian-Primera-Division
División de Fútbol Profesional,M,BOL,2023,1st,,1,Sun,2023-02-05,19:30,Blooming,1.0,Wilstermann,1.0,,Estadio Ramón Aguilera Costas,Gado Flores,,https://fbref.com/en/matches/5e9a4db7/Blooming-Jorge-Wilstermann-February-5-2023-Bolivian-Primera-Division
División de Fútbol Profesional,M,BOL,2023,1st,,1,Mon,2023-02-06,15:00,Real Santa Cruz,2.0,Atlético Palmaflor,1.0,,Estadio Ramón Aguilera Costas,Nunzio Di Roberto,,https://fbref.com/en/matches/7b21356d/Real-Santa-Cruz-Atletico-Palmaflor-February-6-2023-Bolivian-Primera-Division
División de Fútbol Profesional,M,BOL,2023,1st,,1,Mon,2023-02-06,19:00,Royal Parí,2.0,Indep Petrolero,1.0,,Estadio Ramón Aguilera Costas,Jordy Aleman,,https://fbref.com/en/matches/c8f70e5f/Royal-Pari-Independiente-Petrolero-February-6-2023-Bolivian-Primera-Division
División de Fútbol Profesional,M,BOL,2023,1st,,2,Fri,2023-02-10,15:00,Always Ready,5.0,Libertad Gran Mamoré FC,0.0,,Estadio Municipal El Alto,José Jordán,,https://fbref.com/en/matches/e57224e9/Always-Ready-Libertad-Gran-Mamore-FC-February-10-2023-Bolivian-Primera-Division
División de Fútbol Profesional,M,BOL,2023,1st,,2,Sat,2023-02-11,15:00,FC Universitario,1.0,Oriente Petrolero,1.0,,Estadio Félix Capriles,Dilio Rodríguez,,https://fbref.com/en/matches/a596d53a/FC-Universitario-Oriente-Petrolero-February-11-2023-Bolivian-Primera-Division
División de Fútbol Profesional,M,BOL,2023,1st,,2,Sat,2023-02-11,17:30,Nacional Potosí,3.0,Blooming,0.0,,Estadio Victor Agustín Ugarte,Jorge Luis Justiniano,,https://fbref.com/en/matches/26952f46/Nacional-Potosi-Blooming-February-11-2023-Bolivian-Primera-Division
División de Fútbol Profesional,M,BOL,2023,1st,,2,Sat,2023-02-11,20:00,Bolívar,3.0,Royal Parí,1.0,,Estadio Hernando Siles,Jordy Aleman,,https://fbref.com/en/matches/6c5ba230/Bolivar-Royal-Pari-February-11-2023-Bolivian-Primera-Division
División de Fútbol Profesional,M,BOL,2023,1st,,2,Sun,2023-02-12,15:00,Real Tomayapo,1.0,Real Santa Cruz,0.0,,Estadio IV Centenario,Gery Vargas,,https://fbref.com/en/matches/5e3bd729/Real-Tomayapo-Real-Santa-Cruz-February-12-2023-Bolivian-Primera-Division
División de Fútbol Profesional,M,BOL,2023,1st,,2,Sun,2023-02-12,17:30,Indep Petrolero,1.0,The Strongest,4.0,,Estadio Olímpico Patria,Rafael Subirana,,https://fbref.com/en/matches/a0108d76/Independiente-Petrolero-The-Strongest-February-12-2023-Bolivian-Primera-Division
División de Fútbol Profesional,M,BOL,2023,1st,,2,Sun,2023-02-12,19:30,Wilstermann,0.0,Aurora,2.0,,Estadio Félix Capriles,Carlos Garcia,,https://fbref.com/en/matches/e1b344ac/Jorge-Wilstermann-Aurora-February-12-2023-Bolivian-Primera-Division
División de Fútbol Profesional,M,BOL,2023,1st,,2,Mon,2023-02-13,19:00,Atlético Palmaflor,2.0,Guabirá,0.0,,Estadio Félix Capriles,Gado Flores,,https://fbref.com/en/matches/29f9f805/Atletico-Palmaflor-Guabira-February-13-2023-Bolivian-Primera-Division
División de Fútbol Profesional,M,BOL,2023,1st,,3,Fri,2023-02-17,18:00,Blooming,3.0,FC Universitario,4.0,,Estadio Ramón Aguilera Costas,Nunzio Di Roberto,,https://fbref.com/en/matches/c29a4acc/Blooming-FC-Universitario-February-17-2023-Bolivian-Primera-Division
División de Fútbol Profesional,M,BOL,2023,1st,,3,Fri,2023-02-17,20:30,The Strongest,3.0,Bolívar,2.0,,Estadio Hernando Siles,Ivo Méndez,,https://fbref.com/en/matches/ea2842a3/The-Strongest-Bolivar-February-17-2023-Bolivian-Primera-Division
División de Fútbol Profesional,M,BOL,2023,1st,,3,Sat,2023-02-18,15:00,Royal Parí,0.0,Atlético Palmaflor,3.0,,Estadio Ramón Aguilera Costas,Gery Vargas,,https://fbref.com/en/matches/c5360cd0/Royal-Pari-Atletico-Palmaflor-February-18-2023-Bolivian-Primera-Division
División de Fútbol Profesional,M,BOL,2023,1st,,3,Sat,2023-02-18,17:30,Guabirá,1.0,Real Tomayapo,0.0,,Estadio Gilberto Parada,Hostin Prado,,https://fbref.com/en/matches/a6305f5e/Guabira-Real-Tomayapo-February-18-2023-Bolivian-Primera-Division
División de Fútbol Profesional,M,BOL,2023,1st,,3,Sat,2023-02-18,20:00,Oriente Petrolero,2.0,Indep Petrolero,0.0,,Estadio Ramón Aguilera Costas,Raúl Orosco,,https://fbref.com/en/matches/c2a83df0/Oriente-Petrolero-Independiente-Petrolero-February-18-2023-Bolivian-Primera-Division
División de Fútbol Profesional,M,BOL,2023,1st,,3,Sun,2023-02-19,15:00,Libertad Gran Mamoré FC,1.0,Wilstermann,1.0,,Estadio Gran Mamoré,José Jordán,,https://fbref.com/en/matches/9a749856/Libertad-Gran-Mamore-FC-Jorge-Wilstermann-February-19-2023-Bolivian-Primera-Division
División de Fútbol Profesional,M,BOL,2023,1st,,3,Sun,2023-02-19,19:30,Aurora,2.0,Nacional Potosí,0.0,,Estadio Félix Capriles,Jorge Luis Justiniano,,https://fbref.com/en/matches/45e10141/Aurora-Nacional-Potosi-February-19-2023-Bolivian-Primera-Division
División de Fútbol Profesional,M,BOL,2023,1st,,4,Fri,2023-02-24,20:00,Real Tomayapo,0.0,Royal Parí,2.0,,Estadio IV Centenario,Gado Flores,,https://fbref.com/en/matches/2032f19b/Real-Tomayapo-Royal-Pari-February-24-2023-Bolivian-Primera-Division
División de Fútbol Profesional,M,BOL,2023,1st,,4,Sat,2023-02-25,15:30,Real Santa Cruz,0.0,Guabirá,0.0,,Estadio Real Santa Cruz,Santiago Silva,,https://fbref.com/en/matches/9d02d082/Real-Santa-Cruz-Guabira-February-25-2023-Bolivian-Primera-Division
División de Fútbol Profesional,M,BOL,2023,1st,,4,Sat,2023-02-25,17:30,Nacional Potosí,5.0,Libertad Gran Mamoré FC,1.0,,Estadio Victor Agustín Ugarte,Anyelo Maija,,https://fbref.com/en/matches/75fbd374/Nacional-Potosi-Libertad-Gran-Mamore-FC-February-25-2023-Bolivian-Primera-Division
División de Fútbol Profesional,M,BOL,2023,1st,,4,Sat,2023-02-25,20:00,Indep Petrolero,2.0,Blooming,0.0,,Estadio Olímpico Patria,Angel Flores,,https://fbref.com/en/matches/bbcf1bc7/Independiente-Petrolero-Blooming-February-25-2023-Bolivian-Primera-Division
División de Fútbol Profesional,M,BOL,2023,1st,,4,Sun,2023-02-26,15:00,FC Universitario,1.0,Aurora,1.0,,Estadio Félix Capriles,Gery Vargas,,https://fbref.com/en/matches/db2ed4fc/FC-Universitario-Aurora-February-26-2023-Bolivian-Primera-Division
División de Fútbol Profesional,M,BOL,2023,1st,,4,Sun,2023-02-26,17:30,Bolívar,4.0,Oriente Petrolero,0.0,,Estadio Hernando Siles,Raúl Orosco,,https://fbref.com/en/matches/40dea25c/Bolivar-Oriente-Petrolero-February-26-2023-Bolivian-Primera-Division
División de Fútbol Profesional,M,BOL,2023,1st,,4,Sun,2023-02-26,19:30,Atlético Palmaflor,0.0,The Strongest,1.0,,Estadio Bicentenario de Villa Tunari,Nelson Barro,,https://fbref.com/en/matches/1ddd259b/Atletico-Palmaflor-The-Strongest-February-26-2023-Bolivian-Primera-Division
División de Fútbol Profesional,M,BOL,2023,1st,,4,Mon,2023-02-27,19:00,Wilstermann,2.0,Club Vaca Díez,2.0,,Estadio Félix Capriles,Nunzio Di Roberto,,https://fbref.com/en/matches/5a86ce91/Jorge-Wilstermann-Club-Vaca-Diez-February-27-2023-Bolivian-Primera-Division
División de Fútbol Profesional,M,BOL,2023,1st,,5,Fri,2023-03-03,19:00,Oriente Petrolero,1.0,Atlético Palmaflor,2.0,,Estadio Ramón Aguilera Costas,Nunzio Di Roberto,,https://fbref.com/en/matches/daa93985/Oriente-Petrolero-Atletico-Palmaflor-March-3-2023-Bolivian-Primera-Division
División de Fútbol Profesional,M,BOL,2023,1st,,5,Sat,2023-03-04,15:00,Club Vaca Díez,0.0,Nacional Potosí,2.0,,Estadio Roberto Jordan Cuellár,Williams Romero,,https://fbref.com/en/matches/028475e3/Club-Vaca-Diez-Nacional-Potosi-March-4-2023-Bolivian-Primera-Division
División de Fútbol Profesional,M,BOL,2023,1st,,5,Sat,2023-03-04,17:30,Royal Parí,1.0,Real Santa Cruz,1.0,,Estadio Ramón Aguilera Costas,Juan Rapu,,https://fbref.com/en/matches/9b4b647b/Royal-Pari-Real-Santa-Cruz-March-4-2023-Bolivian-Primera-Division
División de Fútbol Profesional,M,BOL,2023,1st,,5,Sat,2023-03-04,20:00,Aurora,2.0,Indep Petrolero,0.0,,Estadio Félix Capriles,Luis Villarroel,,https://fbref.com/en/matches/07556800/Aurora-Independiente-Petrolero-March-4-2023-Bolivian-Primera-Division
División de Fútbol Profesional,M,BOL,2023,1st,,5,Sun,2023-03-05,15:00,Always Ready,2.0,Wilstermann,2.0,,Estadio Hernando Siles,Javier Revollo,,https://fbref.com/en/matches/3f81d34a/Always-Ready-Jorge-Wilstermann-March-5-2023-Bolivian-Primera-Division
División de Fútbol Profesional,M,BOL,2023,1st,,5,Sun,2023-03-05,17:30,The Strongest,3.0,Real Tomayapo,1.0,,Estadio Hernando Siles,José Jordán,,https://fbref.com/en/matches/a3fe6c72/The-Strongest-Real-Tomayapo-March-5-2023-Bolivian-Primera-Division
División de Fútbol Profesional,M,BOL,2023,1st,,5,Sun,2023-03-05,19:30,Blooming,0.0,Bolívar,5.0,,Estadio Ramón Aguilera Costas,Hostin Prado,,https://fbref.com/en/matches/2ade76d2/Blooming-Bolivar-March-5-2023-Bolivian-Primera-Division
División de Fútbol Profesional,M,BOL,2023,1st,,5,Mon,2023-03-06,15:00,Libertad Gran Mamoré FC,0.0,FC Universitario,0.0,,Estadio Gran Mamoré,Carlos Arteaga,,https://fbref.com/en/matches/098d8007/Libertad-Gran-Mamore-FC-FC-Universitario-March-6-2023-Bolivian-Primera-Division
División de Fútbol Profesional,M,BOL,2023,1st,,6,Fri,2023-03-10,17:30,Indep Petrolero,4.0,Libertad Gran Mamoré FC,0.0,,Estadio Olímpico Patria,Nunzio Di Roberto,,https://fbref.com/en/matches/4ced0b71/Independiente-Petrolero-Libertad-Gran-Mamore-FC-March-10-2023-Bolivian-Primera-Division
División de Fútbol Profesional,M,BOL,2023,1st,,6,Sat,2023-03-11,15:00,Real Santa Cruz,1.0,The Strongest,1.0,,Estadio Real Santa Cruz,Ronald Mamani,,https://fbref.com/en/matches/fca6f3b7/Real-Santa-Cruz-The-Strongest-March-11-2023-Bolivian-Primera-Division
División de Fútbol Profesional,M,BOL,2023,1st,,6,Sat,2023-03-11,17:30,Guabirá,3.0,Royal Parí,2.0,,Estadio Gilberto Parada,Ivo Méndez,,https://fbref.com/en/matches/55273672/Guabira-Royal-Pari-March-11-2023-Bolivian-Primera-Division
División de Fútbol Profesional,M,BOL,2023,1st,,6,Sat,2023-03-11,20:00,Real Tomayapo,1.0,Oriente Petrolero,1.0,,Estadio IV Centenario,Dilio Rodríguez,,https://fbref.com/en/matches/23bf266d/Real-Tomayapo-Oriente-Petrolero-March-11-2023-Bolivian-Primera-Division
División de Fútbol Profesional,M,BOL,2023,1st,,6,Sun,2023-03-12,15:00,Nacional Potosí,0.0,Always Ready,2.0,,Estadio Victor Agustín Ugarte,Charles Terrazas,,https://fbref.com/en/matches/8a233331/Nacional-Potosi-Always-Ready-March-12-2023-Bolivian-Primera-Division
División de Fútbol Profesional,M,BOL,2023,1st,,6,Sun,2023-03-12,17:30,Bolívar,1.0,Aurora,0.0,,Estadio Hernando Siles,Jorge Luis Justiniano,,https://fbref.com/en/matches/62290fd4/Bolivar-Aurora-March-12-2023-Bolivian-Primera-Division
División de Fútbol Profesional,M,BOL,2023,1st,,6,Mon,2023-03-13,15:00,FC Universitario,2.0,Club Vaca Díez,0.0,,Estadio Félix Capriles,Angel Flores,,https://fbref.com/en/matches/011d0c20/FC-Universitario-Club-Vaca-Diez-March-13-2023-Bolivian-Primera-Division
División de Fútbol Profesional,M,BOL,2023,1st,,6,Mon,2023-03-13,19:30,Atlético Palmaflor,3.0,Blooming,2.0,,Estadio Bicentenario de Villa Tunari,Julio Gutiérrez,,https://fbref.com/en/matches/15861f6d/Atletico-Palmaflor-Blooming-March-13-2023-Bolivian-Primera-Division
División de Fútbol Profesional,M,BOL,2023,1st,,7,Thu,2023-03-30,20:00,Blooming,2.0,Real Tomayapo,2.0,,Estadio Ramón Aguilera Costas,Gery Vargas,,https://fbref.com/en/matches/3f4698c2/Blooming-Real-Tomayapo-March-30-2023-Bolivian-Primera-Division
División de Fútbol Profesional,M,BOL,2023,1st,,7,Sat,2023-04-01,15:00,Club Vaca Díez,1.0,Indep Petrolero,0.0,,Estadio Roberto Jordan Cuellár,Juan Rapu,,https://fbref.com/en/matches/26cd657b/Club-Vaca-Diez-Independiente-Petrolero-April-1-2023-Bolivian-Primera-Division
División de Fútbol Profesional,M,BOL,2023,1st,,7,Sun,2023-04-02,15:00,Always Ready,1.0,FC Universitario,2.0,,Estadio Municipal El Alto,Ivo Méndez,,https://fbref.com/en/matches/66310dc4/Always-Ready-FC-Universitario-April-2-2023-Bolivian-Primera-Division
División de Fútbol Profesional,M,BOL,2023,1st,,7,Mon,2023-04-03,19:00,Aurora,2.0,Atlético Palmaflor,1.0,,Estadio Félix Capriles,Hostin Prado,,https://fbref.com/en/matches/1fe2f88f/Aurora-Atletico-Palmaflor-April-3-2023-Bolivian-Primera-Division
División de Fútbol Profesional,M,BOL,2023,1st,,7,Tue,2023-04-04,19:00,Wilstermann,0.0,Nacional Potosí,0.0,,Estadio Félix Capriles,Gado Flores,,https://fbref.com/en/matches/a2641396/Jorge-Wilstermann-Nacional-Potosi-April-4-2023-Bolivian-Primera-Division
División de Fútbol Profesional,M,BOL,2023,1st,,8,Fri,2023-04-07,19:00,Atlético Palmaflor,4.0,Libertad Gran Mamoré FC,1.0,,Estadio Bicentenario de Villa Tunari,Gery Vargas,,https://fbref.com/en/matches/db3c7562/Atletico-Palmaflor-Libertad-Gran-Mamore-FC-April-7-2023-Bolivian-Primera-Division
División de Fútbol Profesional,M,BOL,2023,1st,,8,Sat,2023-04-08,15:00,Royal Parí,0.0,The Strongest,2.0,,Estadio Ramón Aguilera Costas,Angel Flores,,https://fbref.com/en/matches/d2bc683f/Royal-Pari-The-Strongest-April-8-2023-Bolivian-Primera-Division
División de Fútbol Profesional,M,BOL,2023,1st,,8,Sat,2023-04-08,17:30,FC Universitario,0.0,Wilstermann,1.0,,Estadio Félix Capriles,Charles Terrazas,,https://fbref.com/en/matches/1103a308/FC-Universitario-Jorge-Wilstermann-April-8-2023-Bolivian-Primera-Division
División de Fútbol Profesional,M,BOL,2023,1st,,8,Sat,2023-04-08,20:00,Real Santa Cruz,2.0,Blooming,1.0,,Estadio Real Santa Cruz,Juan Nelio García,,https://fbref.com/en/matches/d6573706/Real-Santa-Cruz-Blooming-April-8-2023-Bolivian-Primera-Division
División de Fútbol Profesional,M,BOL,2023,1st,,8,Sun,2023-04-09,15:00,Bolívar,3.0,Club Vaca Díez,0.0,,Estadio Hernando Siles,Edson Rios,,https://fbref.com/en/matches/8505ac5d/Bolivar-Club-Vaca-Diez-April-9-2023-Bolivian-Primera-Division
División de Fútbol Profesional,M,BOL,2023,1st,,8,Sun,2023-04-09,17:30,Guabirá,2.0,Oriente Petrolero,3.0,,Estadio Gilberto Parada,Raúl Orosco,,https://fbref.com/en/matches/bbf9974c/Guabira-Oriente-Petrolero-April-9-2023-Bolivian-Primera-Division
División de Fútbol Profesional,M,BOL,2023,1st,,8,Sun,2023-04-09,19:30,Indep Petrolero,1.0,Always Ready,2.0,,Estadio Olímpico Patria,Jordy Aleman,,https://fbref.com/en/matches/ff1b013f/Independiente-Petrolero-Always-Ready-April-9-2023-Bolivian-Primera-Division
División de Fútbol Profesional,M,BOL,2023,1st,,8,Mon,2023-04-10,20:00,Real Tomayapo,2.0,Aurora,1.0,,Estadio IV Centenario,Guildo Quenta,,https://fbref.com/en/matches/788d45d5/Real-Tomayapo-Aurora-April-10-2023-Bolivian-Primera-Division
División de Fútbol Profesional,M,BOL,2023,1st,,7,Wed,2023-04-12,15:00,Libertad Gran Mamoré FC,2.0,Bolívar,0.0,,Estadio Gran Mamoré,Santiago Silva,,https://fbref.com/en/matches/beed62c0/Libertad-Gran-Mamore-FC-Bolivar-April-12-2023-Bolivian-Primera-Division
División de Fútbol Profesional,M,BOL,2023,1st,,9,Fri,2023-04-14,20:00,Oriente Petrolero,1.0,Royal Parí,2.0,,Estadio Ramón Aguilera Costas,Nelson Barro,,https://fbref.com/en/matches/016aea66/Oriente-Petrolero-Royal-Pari-April-14-2023-Bolivian-Primera-Division
División de Fútbol Profesional,M,BOL,2023,1st,,9,Sat,2023-04-15,15:00,Always Ready,2.0,Bolívar,2.0,,Estadio Municipal El Alto,Hostin Prado,,https://fbref.com/en/matches/7dc97ac8/Always-Ready-Bolivar-April-15-2023-Bolivian-Primera-Division
División de Fútbol Profesional,M,BOL,2023,1st,,9,Sat,2023-04-15,16:30,Blooming,3.0,Guabirá,1.0,,Estadio Ramón Aguilera Costas,Ivo Méndez,,https://fbref.com/en/matches/4998336f/Blooming-Guabira-April-15-2023-Bolivian-Primera-Division
División de Fútbol Profesional,M,BOL,2023,1st,,9,Sat,2023-04-15,20:00,Wilstermann,0.0,Indep Petrolero,1.0,,Estadio Félix Capriles,Jorge Luis Justiniano,,https://fbref.com/en/matches/fb47635d/Jorge-Wilstermann-Independiente-Petrolero-April-15-2023-Bolivian-Primera-Division
División de Fútbol Profesional,M,BOL,2023,1st,,9,Sun,2023-04-16,15:00,Libertad Gran Mamoré FC,1.0,Real Tomayapo,1.0,,Estadio Gran Mamoré,Juan Nelio García,,https://fbref.com/en/matches/b3ef4092/Libertad-Gran-Mamore-FC-Real-Tomayapo-April-16-2023-Bolivian-Primera-Division
División de Fútbol Profesional,M,BOL,2023,1st,,9,Sun,2023-04-16,17:30,Nacional Potosí,2.0,FC Universitario,1.0,,Estadio Victor Agustín Ugarte,Gery Vargas,,https://fbref.com/en/matches/3873ebf4/Nacional-Potosi-FC-Universitario-April-16-2023-Bolivian-Primera-Division
División de Fútbol Profesional,M,BOL,2023,1st,,9,Sun,2023-04-16,19:30,Aurora,1.0,Real Santa Cruz,1.0,,Estadio Félix Capriles,Juan Rapu,,https://fbref.com/en/matches/bbe76768/Aurora-Real-Santa-Cruz-April-16-2023-Bolivian-Primera-Division
División de Fútbol Profesional,M,BOL,2023,1st,,9,Mon,2023-04-17,15:00,Club Vaca Díez,3.0,Atlético Palmaflor,1.0,,Estadio Roberto Jordan Cuellár,Gado Flores,,https://fbref.com/en/matches/62022ed6/Club-Vaca-Diez-Atletico-Palmaflor-April-17-2023-Bolivian-Primera-Division
División de Fútbol Profesional,M,BOL,2023,1st,,10,Fri,2023-04-21,18:00,Indep Petrolero,0.0,Nacional Potosí,1.0,,Estadio Olímpico Patria,Nunzio Di Roberto,,https://fbref.com/en/matches/9a5a5ac2/Independiente-Petrolero-Nacional-Potosi-April-21-2023-Bolivian-Primera-Division
División de Fútbol Profesional,M,BOL,2023,1st,,10,Fri,2023-04-21,20:00,Royal Parí,1.0,Blooming,2.0,,Estadio Ramón Aguilera Costas,Angel Flores,,https://fbref.com/en/matches/72594afb/Royal-Pari-Blooming-April-21-2023-Bolivian-Primera-Division
División de Fútbol Profesional,M,BOL,2023,1st,,10,Sat,2023-04-22,17:30,Guabirá,1.0,Aurora,0.0,,Estadio Gilberto Parada,Alvaro Campos,,https://fbref.com/en/matches/35610455/Guabira-Aurora-April-22-2023-Bolivian-Primera-Division
División de Fútbol Profesional,M,BOL,2023,1st,,10,Sat,2023-04-22,20:00,The Strongest,0.0,Oriente Petrolero,0.0,,Estadio Hernando Siles,Raúl Orosco,,https://fbref.com/en/matches/ee41b977/The-Strongest-Oriente-Petrolero-April-22-2023-Bolivian-Primera-Division
División de Fútbol Profesional,M,BOL,2023,1st,,10,Sun,2023-04-23,15:00,Real Santa Cruz,3.0,Libertad Gran Mamoré FC,2.0,,Estadio Ramón Aguilera Costas,José Jordán,,https://fbref.com/en/matches/86b0e9ad/Real-Santa-Cruz-Libertad-Gran-Mamore-FC-April-23-2023-Bolivian-Primera-Division
División de Fútbol Profesional,M,BOL,2023,1st,,10,Sun,2023-04-23,17:30,Bolívar,1.0,Wilstermann,3.0,,Estadio Hernando Siles,Jordy Aleman,,https://fbref.com/en/matches/617c061e/Bolivar-Jorge-Wilstermann-April-23-2023-Bolivian-Primera-Division
División de Fútbol Profesional,M,BOL,2023,1st,,10,Sun,2023-04-23,19:30,Real Tomayapo,3.0,Club Vaca Díez,2.0,,Estadio IV Centenario,Rafael Subirana,,https://fbref.com/en/matches/a1b73358/Real-Tomayapo-Club-Vaca-Diez-April-23-2023-Bolivian-Primera-Division
División de Fútbol Profesional,M,BOL,2023,1st,,11,Fri,2023-04-28,15:00,FC Universitario,0.0,Indep Petrolero,1.0,,Estadio Municipal de Quillacollo,Carlos Arteaga,,https://fbref.com/en/matches/0f8392e6/FC-Universitario-Independiente-Petrolero-April-28-2023-Bolivian-Primera-Division
División de Fútbol Profesional,M,BOL,2023,1st,,11,Fri,2023-04-28,20:00,Blooming,1.0,The Strongest,3.0,,Estadio Ramón Aguilera Costas,Javier Revollo,,https://fbref.com/en/matches/6c4e34c6/Blooming-The-Strongest-April-28-2023-Bolivian-Primera-Division
División de Fútbol Profesional,M,BOL,2023,1st,,11,Sat,2023-04-29,20:00,Aurora,3.0,Royal Parí,0.0,,Estadio Félix Capriles,José Jordán,,https://fbref.com/en/matches/0a3c09e4/Aurora-Royal-Pari-April-29-2023-Bolivian-Primera-Division
División de Fútbol Profesional,M,BOL,2023,1st,,11,Sun,2023-04-30,15:00,Club Vaca Díez,2.0,Real Santa Cruz,1.0,,Estadio Roberto Jordan Cuellár,Porfidio Serrano,,https://fbref.com/en/matches/79598c88/Club-Vaca-Diez-Real-Santa-Cruz-April-30-2023-Bolivian-Primera-Division
División de Fútbol Profesional,M,BOL,2023,1st,,11,Sun,2023-04-30,17:30,Nacional Potosí,3.0,Bolívar,2.0,,Estadio Hernando Siles,Juan Nelio García,,https://fbref.com/en/matches/878c5d40/Nacional-Potosi-Bolivar-April-30-2023-Bolivian-Primera-Division
División de Fútbol Profesional,M,BOL,2023,1st,,11,Sun,2023-04-30,19:30,Wilstermann,4.0,Atlético Palmaflor,0.0,,Estadio Félix Capriles,Hostin Prado,,https://fbref.com/en/matches/9189e0e9/Jorge-Wilstermann-Atletico-Palmaflor-April-30-2023-Bolivian-Primera-Division
División de Fútbol Profesional,M,BOL,2023,1st,,11,Mon,2023-05-01,15:00,Libertad Gran Mamoré FC,0.0,Guabirá,1.0,,Estadio Gran Mamoré,Nunzio Di Roberto,,https://fbref.com/en/matches/ff649200/Libertad-Gran-Mamore-FC-Guabira-May-1-2023-Bolivian-Primera-Division
División de Fútbol Profesional,M,BOL,2023,1st,,11,Tue,2023-05-02,15:00,Always Ready,1.0,Real Tomayapo,1.0,,Estadio Municipal El Alto,Renan Castillo,,https://fbref.com/en/matches/16150734/Always-Ready-Real-Tomayapo-May-2-2023-Bolivian-Primera-Division
División de Fútbol Profesional,M,BOL,2023,1st,,12,Fri,2023-05-05,19:00,Guabirá,2.0,Club Vaca Díez,2.0,,Estadio Gilberto Parada,Gado Flores,,https://fbref.com/en/matches/90cbd077/Guabira-Club-Vaca-Diez-May-5-2023-Bolivian-Primera-Division
División de Fútbol Profesional,M,BOL,2023,1st,,12,Sat,2023-05-06,15:00,Real Santa Cruz,2.0,Always Ready,1.0,,Estadio Real Santa Cruz,Raúl Orosco,,https://fbref.com/en/matches/ae251bbd/Real-Santa-Cruz-Always-Ready-May-6-2023-Bolivian-Primera-Division
División de Fútbol Profesional,M,BOL,2023,1st,,12,Sat,2023-05-06,17:30,Real Tomayapo,0.0,Wilstermann,0.0,,Estadio IV Centenario,Alvaro Campos,,https://fbref.com/en/matches/511170fa/Real-Tomayapo-Jorge-Wilstermann-May-6-2023-Bolivian-Primera-Division
División de Fútbol Profesional,M,BOL,2023,1st,,12,Sat,2023-05-06,20:00,Royal Parí,2.0,Libertad Gran Mamoré FC,0.0,,Estadio Ramón Aguilera Costas,Jordy Aleman,,https://fbref.com/en/matches/c8465696/Royal-Pari-Libertad-Gran-Mamore-FC-May-6-2023-Bolivian-Primera-Division
División de Fútbol Profesional,M,BOL,2023,1st,,12,Sun,2023-05-07,15:00,The Strongest,2.0,Aurora,2.0,,Estadio Hernando Siles,Dilio Rodríguez,,https://fbref.com/en/matches/a0bbbd85/The-Strongest-Aurora-May-7-2023-Bolivian-Primera-Division
División de Fútbol Profesional,M,BOL,2023,1st,,12,Sun,2023-05-07,17:30,Atlético Palmaflor,0.0,Nacional Potosí,1.0,,Estadio Bicentenario de Villa Tunari,Angel Flores,,https://fbref.com/en/matches/48544eb9/Atletico-Palmaflor-Nacional-Potosi-May-7-2023-Bolivian-Primera-Division
División de Fútbol Profesional,M,BOL,2023,1st,,12,Sun,2023-05-07,20:00,Oriente Petrolero,1.0,Blooming,1.0,,Estadio Ramón Aguilera Costas,Juan Nelio García,,https://fbref.com/en/matches/c5b4fd3d/Oriente-Petrolero-Blooming-May-7-2023-Bolivian-Primera-Division
División de Fútbol Profesional,M,BOL,2023,1st,,12,Mon,2023-05-08,19:00,Bolívar,1.0,FC Universitario,1.0,,Estadio Hernando Siles,Gery Vargas,,https://fbref.com/en/matches/263e85f3/Bolivar-FC-Universitario-May-8-2023-Bolivian-Primera-Division
División de Fútbol Profesional,M,BOL,2023,1st,,3,Wed,2023-05-10,15:00,Club Vaca Díez,1.0,Always Ready,1.0,,Estadio Roberto Jordan Cuellár,Raúl Orosco,,https://fbref.com/en/matches/43fb88de/Club-Vaca-Diez-Always-Ready-May-10-2023-Bolivian-Primera-Division
División de Fútbol Profesional,M,BOL,2023,1st,,7,Wed,2023-05-10,17:30,The Strongest,1.0,Guabirá,0.0,,Estadio Hernando Siles,Nelson Barro,,https://fbref.com/en/matches/a13ac616/The-Strongest-Guabira-May-10-2023-Bolivian-Primera-Division
División de Fútbol Profesional,M,BOL,2023,1st,,7,Wed,2023-05-10,20:00,Oriente Petrolero,0.0,Real Santa Cruz,1.0,,Estadio Ramón Aguilera Costas,Ivo Méndez,,https://fbref.com/en/matches/86015177/Oriente-Petrolero-Real-Santa-Cruz-May-10-2023-Bolivian-Primera-Division
División de Fútbol Profesional,M,BOL,2023,1st,,13,Fri,2023-05-12,18:00,FC Universitario,0.0,Atlético Palmaflor,1.0,,Estadio Félix Capriles,Williams Romero,,https://fbref.com/en/matches/73f413e2/FC-Universitario-Atletico-Palmaflor-May-12-2023-Bolivian-Primera-Division
División de Fútbol Profesional,M,BOL,2023,1st,,13,Fri,2023-05-12,20:00,Nacional Potosí,3.0,Real Tomayapo,1.0,,Estadio Victor Agustín Ugarte,José Jordán,,https://fbref.com/en/matches/6f3072e0/Nacional-Potosi-Real-Tomayapo-May-12-2023-Bolivian-Primera-Division
División de Fútbol Profesional,M,BOL,2023,1st,,13,Sat,2023-05-13,15:00,Club Vaca Díez,1.0,Royal Parí,1.0,,Estadio Roberto Jordan Cuellár,Angel Flores,,https://fbref.com/en/matches/c4cba8a3/Club-Vaca-Diez-Royal-Pari-May-13-2023-Bolivian-Primera-Division
División de Fútbol Profesional,M,BOL,2023,1st,,13,Sat,2023-05-13,19:00,Wilstermann,1.0,Real Santa Cruz,0.0,,Estadio Félix Capriles,Rafael Calani,,https://fbref.com/en/matches/ea534978/Jorge-Wilstermann-Real-Santa-Cruz-May-13-2023-Bolivian-Primera-Division
División de Fútbol Profesional,M,BOL,2023,1st,,13,Sun,2023-05-14,15:00,Libertad Gran Mamoré FC,1.0,The Strongest,0.0,,Estadio Gran Mamoré,Hostin Prado,,https://fbref.com/en/matches/4cacf2b0/Libertad-Gran-Mamore-FC-The-Strongest-May-14-2023-Bolivian-Primera-Division
División de Fútbol Profesional,M,BOL,2023,1st,,13,Sun,2023-05-14,17:30,Indep Petrolero,2.0,Bolívar,1.0,,Estadio Olímpico Patria,Carlos Arteaga,,https://fbref.com/en/matches/8887d89e/Independiente-Petrolero-Bolivar-May-14-2023-Bolivian-Primera-Division
División de Fútbol Profesional,M,BOL,2023,1st,,13,Sun,2023-05-14,19:30,Aurora,2.0,Oriente Petrolero,2.0,,Estadio Félix Capriles,Jorge Luis Justiniano,,https://fbref.com/en/matches/d028d402/Aurora-Oriente-Petrolero-May-14-2023-Bolivian-Primera-Division
División de Fútbol Profesional,M,BOL,2023,1st,,13,Mon,2023-05-15,15:00,Always Ready,3.0,Guabirá,0.0,,Estadio Municipal El Alto,Dilio Rodríguez,,https://fbref.com/en/matches/fdc48954/Always-Ready-Guabira-May-15-2023-Bolivian-Primera-Division
División de Fútbol Profesional,M,BOL,2023,1st,,14,Fri,2023-05-19,15:00,Real Santa Cruz,2.0,Nacional Potosí,0.0,,Estadio Real Santa Cruz,Gustavo Vera,,https://fbref.com/en/matches/769c2e26/Real-Santa-Cruz-Nacional-Potosi-May-19-2023-Bolivian-Primera-Division
División de Fútbol Profesional,M,BOL,2023,1st,,14,Fri,2023-05-19,20:00,Real Tomayapo,0.0,FC Universitario,2.0,,Estadio IV Centenario,Weimar Michel,,https://fbref.com/en/matches/ef3307ad/Real-Tomayapo-FC-Universitario-May-19-2023-Bolivian-Primera-Division
División de Fútbol Profesional,M,BOL,2023,1st,,14,Sat,2023-05-20,15:00,Royal Parí,1.0,Always Ready,2.0,,Estadio Gilberto Parada,Gery Vargas,,https://fbref.com/en/matches/0878beb0/Royal-Pari-Always-Ready-May-20-2023-Bolivian-Primera-Division
División de Fútbol Profesional,M,BOL,2023,1st,,14,Sat,2023-05-20,20:00,The Strongest,4.0,Club Vaca Díez,1.0,,Estadio Hernando Siles,Ivo Méndez,,https://fbref.com/en/matches/a68ea034/The-Strongest-Club-Vaca-Diez-May-20-2023-Bolivian-Primera-Division
División de Fútbol Profesional,M,BOL,2023,1st,,14,Sun,2023-05-21,15:00,Guabirá,1.0,Wilstermann,1.0,,Estadio Gilberto Parada,Juan Rapu,,https://fbref.com/en/matches/08b21ce4/Guabira-Jorge-Wilstermann-May-21-2023-Bolivian-Primera-Division
División de Fútbol Profesional,M,BOL,2023,1st,,14,Sun,2023-05-21,15:00,Blooming,2.0,Aurora,1.0,,Estadio Real Santa Cruz,José Jordán,,https://fbref.com/en/matches/aac5ad44/Blooming-Aurora-May-21-2023-Bolivian-Primera-Division
División de Fútbol Profesional,M,BOL,2023,1st,,14,Sun,2023-05-21,19:30,Atlético Palmaflor,0.0,Indep Petrolero,1.0,,Estadio Bicentenario de Villa Tunari,Vladimir Rueda,,https://fbref.com/en/matches/7c378507/Atletico-Palmaflor-Independiente-Petrolero-May-21-2023-Bolivian-Primera-Division
División de Fútbol Profesional,M,BOL,2023,1st,,15,Fri,2023-05-26,20:00,Bolívar,5.0,Atlético Palmaflor,1.0,,Estadio Hernando Siles,Juan Nelio García,,https://fbref.com/en/matches/bc9e5c90/Bolivar-Atletico-Palmaflor-May-26-2023-Bolivian-Primera-Division
División de Fútbol Profesional,M,BOL,2023,1st,,15,Sat,2023-05-27,15:00,Libertad Gran Mamoré FC,2.0,Blooming,1.0,,Estadio Gran Mamoré,Dilio Rodríguez,,https://fbref.com/en/matches/2b4b2486/Libertad-Gran-Mamore-FC-Blooming-May-27-2023-Bolivian-Primera-Division
División de Fútbol Profesional,M,BOL,2023,1st,,15,Sat,2023-05-27,17:30,Wilstermann,0.0,Royal Parí,0.0,,Estadio Félix Capriles,Sergio Pérez,,https://fbref.com/en/matches/6b2b5fdb/Jorge-Wilstermann-Royal-Pari-May-27-2023-Bolivian-Primera-Division
División de Fútbol Profesional,M,BOL,2023,1st,,15,Sat,2023-05-27,20:00,Indep Petrolero,0.0,Real Tomayapo,3.0,,Estadio Olímpico Patria,Anyelo Maija,,https://fbref.com/en/matches/79e9e016/Independiente-Petrolero-Real-Tomayapo-May-27-2023-Bolivian-Primera-Division
División de Fútbol Profesional,M,BOL,2023,1st,,15,Sun,2023-05-28,17:30,Nacional Potosí,6.0,Guabirá,0.0,,Estadio Victor Agustín Ugarte,Charles Terrazas,,https://fbref.com/en/matches/34ff7695/Nacional-Potosi-Guabira-May-28-2023-Bolivian-Primera-Division
División de Fútbol Profesional,M,BOL,2023,1st,,15,Sun,2023-05-28,19:30,FC Universitario,1.0,Real Santa Cruz,0.0,,Estadio Félix Capriles,Juan Rapu,,https://fbref.com/en/matches/40f62c8b/FC-Universitario-Real-Santa-Cruz-May-28-2023-Bolivian-Primera-Division
División de Fútbol Profesional,M,BOL,2023,1st,,15,Mon,2023-05-29,15:00,Always Ready,2.0,The Strongest,0.0,,Estadio Municipal El Alto,Nunzio Di Roberto,,https://fbref.com/en/matches/3ac43ef2/Always-Ready-The-Strongest-May-29-2023-Bolivian-Primera-Division
División de Fútbol Profesional,M,BOL,2023,1st,,15,Mon,2023-05-29,15:00,Club Vaca Díez,3.0,Oriente Petrolero,1.0,,Estadio Roberto Jordan Cuellár,Jordy Aleman,,https://fbref.com/en/matches/ce005fba/Club-Vaca-Diez-Oriente-Petrolero-May-29-2023-Bolivian-Primera-Division
División de Fútbol Profesional,M,BOL,2023,1st,,10,Wed,2023-05-31,15:00,Atlético Palmaflor,0.0,Always Ready,2.0,,Estadio Bicentenario de Villa Tunari,Juan Nelio García,,https://fbref.com/en/matches/97daa975/Atletico-Palmaflor-Always-Ready-May-31-2023-Bolivian-Primera-Division
División de Fútbol Profesional,M,BOL,2023,1st,,16,Fri,2023-06-02,19:00,Aurora,5.0,Libertad Gran Mamoré FC,0.0,,Estadio Félix Capriles,Carlos Arteaga,,https://fbref.com/en/matches/08b50973/Aurora-Libertad-Gran-Mamore-FC-June-2-2023-Bolivian-Primera-Division
División de Fútbol Profesional,M,BOL,2023,1st,,16,Sat,2023-06-03,15:00,Royal Parí,2.0,Nacional Potosí,2.0,,Estadio Ramón Aguilera Costas,Nunzio Di Roberto,,https://fbref.com/en/matches/5868ed12/Royal-Pari-Nacional-Potosi-June-3-2023-Bolivian-Primera-Division
División de Fútbol Profesional,M,BOL,2023,1st,,16,Sat,2023-06-03,17:30,Real Tomayapo,0.0,Bolívar,0.0,,Estadio IV Centenario,Raúl Orosco,,https://fbref.com/en/matches/6c308137/Real-Tomayapo-Bolivar-June-3-2023-Bolivian-Primera-Division
División de Fútbol Profesional,M,BOL,2023,1st,,16,Sat,2023-06-03,20:00,Blooming,3.0,Club Vaca Díez,1.0,,Estadio Ramón Aguilera Costas,Jorge Luis Justiniano,,https://fbref.com/en/matches/de440ecf/Blooming-Club-Vaca-Diez-June-3-2023-Bolivian-Primera-Division
División de Fútbol Profesional,M,BOL,2023,1st,,16,Sun,2023-06-04,15:00,Real Santa Cruz,1.0,Indep Petrolero,0.0,,Estadio Real Santa Cruz,Mijail Lopez,,https://fbref.com/en/matches/b069791f/Real-Santa-Cruz-Independiente-Petrolero-June-4-2023-Bolivian-Primera-Division
División de Fútbol Profesional,M,BOL,2023,1st,,16,Sun,2023-06-04,17:30,The Strongest,1.0,Wilstermann,0.0,,Estadio Hernando Siles,Gery Vargas,,https://fbref.com/en/matches/e4e61d48/The-Strongest-Jorge-Wilstermann-June-4-2023-Bolivian-Primera-Division
División de Fútbol Profesional,M,BOL,2023,1st,,16,Sun,2023-06-04,19:30,Oriente Petrolero,2.0,Always Ready,0.0,,Estadio Ramón Aguilera Costas,Dilio Rodríguez,,https://fbref.com/en/matches/7dc69192/Oriente-Petrolero-Always-Ready-June-4-2023-Bolivian-Primera-Division
División de Fútbol Profesional,M,BOL,2023,1st,,16,Mon,2023-06-05,15:00,Guabirá,1.0,FC Universitario,0.0,,Estadio Gilberto Parada,Ronald Mamani,,https://fbref.com/en/matches/3f1e0368/Guabira-FC-Universitario-June-5-2023-Bolivian-Primera-Division
División de Fútbol Profesional,M,BOL,2023,1st,,14,Sun,2023-06-11,19:30,Oriente Petrolero,1.0,Libertad Gran Mamoré FC,1.0,,Estadio Ramón Aguilera Costas,Nunzio Di Roberto,,https://fbref.com/en/matches/03224656/Oriente-Petrolero-Libertad-Gran-Mamore-FC-June-11-2023-Bolivian-Primera-Division
División de Fútbol Profesional,M,BOL,2023,1st,,17,Fri,2023-06-23,15:00,Club Vaca Díez,2.0,Aurora,3.0,,Estadio Roberto Jordan Cuellár,Alvaro Campos,,https://fbref.com/en/matches/2b08da9e/Club-Vaca-Diez-Aurora-June-23-2023-Bolivian-Primera-Division
División de Fútbol Profesional,M,BOL,2023,1st,,17,Fri,2023-06-23,19:00,Atlético Palmaflor,0.0,Real Tomayapo,0.0,,Estadio Municipal de Quillacollo,Jason Tellez,,https://fbref.com/en/matches/79e21e90/Atletico-Palmaflor-Real-Tomayapo-June-23-2023-Bolivian-Primera-Division
División de Fútbol Profesional,M,BOL,2023,1st,,17,Sat,2023-06-24,15:00,Nacional Potosí,6.0,The Strongest,3.0,,Estadio Victor Agustín Ugarte,Ivo Méndez,,https://fbref.com/en/matches/1ddb753d/Nacional-Potosi-The-Strongest-June-24-2023-Bolivian-Primera-Division
División de Fútbol Profesional,M,BOL,2023,1st,,17,Sat,2023-06-24,20:00,FC Universitario,1.0,Royal Parí,2.0,,Estadio Félix Capriles,Rafael Calani,,https://fbref.com/en/matches/0895b959/FC-Universitario-Royal-Pari-June-24-2023-Bolivian-Primera-Division
División de Fútbol Profesional,M,BOL,2023,1st,,17,Sun,2023-06-25,15:00,Always Ready,2.0,Blooming,0.0,,Estadio Hernando Siles,Hostin Prado,,https://fbref.com/en/matches/22aaeaac/Always-Ready-Blooming-June-25-2023-Bolivian-Primera-Division
División de Fútbol Profesional,M,BOL,2023,1st,,17,Sun,2023-06-25,17:30,Bolívar,3.0,Real Santa Cruz,0.0,,Estadio Hernando Siles,Raúl Orosco,,https://fbref.com/en/matches/a23e6a52/Bolivar-Real-Santa-Cruz-June-25-2023-Bolivian-Primera-Division
División de Fútbol Profesional,M,BOL,2023,1st,,17,Sun,2023-06-25,19:30,Wilstermann,3.0,Oriente Petrolero,2.0,,Estadio Félix Capriles,Gado Flores,,https://fbref.com/en/matches/60caa4a4/Jorge-Wilstermann-Oriente-Petrolero-June-25-2023-Bolivian-Primera-Division
División de Fútbol Profesional,M,BOL,2023,1st,,17,Mon,2023-06-26,19:00,Indep Petrolero,1.0,Guabirá,0.0,,Estadio Olímpico Patria,Angel Flores,,https://fbref.com/en/matches/1b58a59d/Independiente-Petrolero-Guabira-June-26-2023-Bolivian-Primera-Division
División de Fútbol Profesional,M,BOL,2023,1st,,18,Fri,2023-07-07,20:00,Atlético Palmaflor,1.0,Real Santa Cruz,0.0,,Estadio Bicentenario de Villa Tunari,José Jordán,,https://fbref.com/en/matches/5257623d/Atletico-Palmaflor-Real-Santa-Cruz-July-7-2023-Bolivian-Primera-Division
División de Fútbol Profesional,M,BOL,2023,1st,,18,Sat,2023-07-08,15:00,Club Vaca Díez,2.0,Libertad Gran Mamoré FC,1.0,,Estadio Roberto Jordan Cuellár,Santiago Silva,,https://fbref.com/en/matches/0c7c9e5b/Club-Vaca-Diez-Libertad-Gran-Mamore-FC-July-8-2023-Bolivian-Primera-Division
División de Fútbol Profesional,M,BOL,2023,1st,,18,Sat,2023-07-08,17:30,Bolívar,3.0,Guabirá,1.0,,Estadio Hernando Siles,Jorge Luis Justiniano,,https://fbref.com/en/matches/a24c5b99/Bolivar-Guabira-July-8-2023-Bolivian-Primera-Division
División de Fútbol Profesional,M,BOL,2023,1st,,18,Sat,2023-07-08,20:00,Wilstermann,1.0,Blooming,0.0,,Estadio Félix Capriles,Nunzio Di Roberto,,https://fbref.com/en/matches/11e624e8/Jorge-Wilstermann-Blooming-July-8-2023-Bolivian-Primera-Division
División de Fútbol Profesional,M,BOL,2023,1st,,18,Sun,2023-07-09,15:00,Always Ready,3.0,Aurora,1.0,,Estadio Municipal El Alto,Gery Vargas,,https://fbref.com/en/matches/3fa64b20/Always-Ready-Aurora-July-9-2023-Bolivian-Primera-Division
División de Fútbol Profesional,M,BOL,2023,1st,,18,Sun,2023-07-09,17:30,Indep Petrolero,4.0,Royal Parí,2.0,,Estadio Olímpico Patria,Sergio Pérez,,https://fbref.com/en/matches/1716d17b/Independiente-Petrolero-Royal-Pari-July-9-2023-Bolivian-Primera-Division
División de Fútbol Profesional,M,BOL,2023,1st,,18,Sun,2023-07-09,19:30,FC Universitario,1.0,The Strongest,3.0,,Estadio Félix Capriles,Luis Villarroel,,https://fbref.com/en/matches/52234602/FC-Universitario-The-Strongest-July-9-2023-Bolivian-Primera-Division
División de Fútbol Profesional,M,BOL,2023,1st,,18,Mon,2023-07-10,20:00,Nacional Potosí,3.0,Oriente Petrolero,1.0,,Estadio Victor Agustín Ugarte,Porfidio Serrano,,https://fbref.com/en/matches/b044151a/Nacional-Potosi-Oriente-Petrolero-July-10-2023-Bolivian-Primera-Division
División de Fútbol Profesional,M,BOL,2023,1st,,19,Sat,2023-07-15,15:00,Guabirá,1.0,Atlético Palmaflor,0.0,,Estadio Gilberto Parada,Angel Flores,,https://fbref.com/en/matches/3fb48045/Guabira-Atletico-Palmaflor-July-15-2023-Bolivian-Primera-Division
División de Fútbol Profesional,M,BOL,2023,1st,,19,Sat,2023-07-15,15:00,Libertad Gran Mamoré FC,1.0,Always Ready,2.0,,Estadio Gran Mamoré,Ivo Méndez,,https://fbref.com/en/matches/9585a038/Libertad-Gran-Mamore-FC-Always-Ready-July-15-2023-Bolivian-Primera-Division
División de Fútbol Profesional,M,BOL,2023,1st,,19,Sun,2023-07-16,15:00,Royal Parí,0.0,Bolívar,0.0,,Estadio Ramón Aguilera Costas,Javier Revollo,,https://fbref.com/en/matches/02461bda/Royal-Pari-Bolivar-July-16-2023-Bolivian-Primera-Division
División de Fútbol Profesional,M,BOL,2023,1st,,19,Sun,2023-07-16,17:30,Aurora,1.0,Wilstermann,0.0,,Estadio Félix Capriles,Hostin Prado,,https://fbref.com/en/matches/772636af/Aurora-Jorge-Wilstermann-July-16-2023-Bolivian-Primera-Division
División de Fútbol Profesional,M,BOL,2023,1st,,19,Sun,2023-07-16,19:30,Blooming,1.0,Nacional Potosí,0.0,,Estadio Ramón Aguilera Costas,José Jordán,,https://fbref.com/en/matches/30cbe45f/Blooming-Nacional-Potosi-July-16-2023-Bolivian-Primera-Division
División de Fútbol Profesional,M,BOL,2023,1st,,19,Mon,2023-07-17,15:00,Real Santa Cruz,1.0,Real Tomayapo,0.0,,Estadio Real Santa Cruz,Gado Flores,,https://fbref.com/en/matches/899842fd/Real-Santa-Cruz-Real-Tomayapo-July-17-2023-Bolivian-Primera-Division
División de Fútbol Profesional,M,BOL,2023,1st,,19,Mon,2023-07-17,17:30,The Strongest,2.0,Indep Petrolero,0.0,,Estadio Hernando Siles,Jordy Aleman,,https://fbref.com/en/matches/8ff0c176/The-Strongest-Independiente-Petrolero-July-17-2023-Bolivian-Primera-Division
División de Fútbol Profesional,M,BOL,2023,1st,,19,Mon,2023-07-17,20:00,Oriente Petrolero,1.0,FC Universitario,1.0,,Estadio Ramón Aguilera Costas,Bladimir Rueda,,https://fbref.com/en/matches/d9ed50d0/Oriente-Petrolero-FC-Universitario-July-17-2023-Bolivian-Primera-Division
División de Fútbol Profesional,M,BOL,2023,1st,,20,Sat,2023-07-22,15:00,Nacional Potosí,0.0,Aurora,0.0,,Estadio Victor Agustín Ugarte,Ivo Méndez,,https://fbref.com/en/matches/1e24f8b5/Nacional-Potosi-Aurora-July-22-2023-Bolivian-Primera-Division
División de Fútbol Profesional,M,BOL,2023,1st,,20,Sat,2023-07-22,17:30,Wilstermann,1.0,Libertad Gran Mamoré FC,0.0,,Estadio Félix Capriles,Nelson Barro,,https://fbref.com/en/matches/fddd9e41/Jorge-Wilstermann-Libertad-Gran-Mamore-FC-July-22-2023-Bolivian-Primera-Division
División de Fútbol Profesional,M,BOL,2023,1st,,20,Sun,2023-07-23,15:00,Real Tomayapo,2.0,Guabirá,0.0,,Estadio IV Centenario,Williams Romero,,https://fbref.com/en/matches/f24c172b/Real-Tomayapo-Guabira-July-23-2023-Bolivian-Primera-Division
División de Fútbol Profesional,M,BOL,2023,1st,,20,Sun,2023-07-23,17:30,Bolívar,3.0,The Strongest,0.0,,Estadio Hernando Siles,Gery Vargas,,https://fbref.com/en/matches/bdfca54b/Bolivar-The-Strongest-July-23-2023-Bolivian-Primera-Division
División de Fútbol Profesional,M,BOL,2023,1st,,20,Sun,2023-07-23,19:30,Atlético Palmaflor,2.0,Royal Parí,2.0,,Estadio Bicentenario de Villa Tunari,Renan Castillo,,https://fbref.com/en/matches/6b718ecc/Atletico-Palmaflor-Royal-Pari-July-23-2023-Bolivian-Primera-Division
División de Fútbol Profesional,M,BOL,2023,1st,,20,Mon,2023-07-24,15:00,Always Ready,1.0,Club Vaca Díez,0.0,,Estadio Municipal El Alto,Carlos Arteaga,,https://fbref.com/en/matches/42295f5d/Always-Ready-Club-Vaca-Diez-July-24-2023-Bolivian-Primera-Division
División de Fútbol Profesional,M,BOL,2023,1st,,20,Mon,2023-07-24,18:00,FC Universitario,1.0,Blooming,0.0,,Estadio Félix Capriles,Gado Flores,,https://fbref.com/en/matches/c50b08a4/FC-Universitario-Blooming-July-24-2023-Bolivian-Primera-Division
División de Fútbol Profesional,M,BOL,2023,1st,,20,Mon,2023-07-24,20:00,Indep Petrolero,2.0,Oriente Petrolero,0.0,,Estadio Olímpico Patria,Nunzio Di Roberto,,https://fbref.com/en/matches/ebdc12ec/Independiente-Petrolero-Oriente-Petrolero-July-24-2023-Bolivian-Primera-Division
División de Fútbol Profesional,M,BOL,2023,1st,,21,Fri,2023-07-28,19:30,Royal Parí,1.0,Real Tomayapo,2.0,,Estadio Ramón Aguilera Costas,Nunzio Di Roberto,,https://fbref.com/en/matches/b50567ef/Royal-Pari-Real-Tomayapo-July-28-2023-Bolivian-Primera-Division
División de Fútbol Profesional,M,BOL,2023,1st,,21,Sat,2023-07-29,15:00,Club Vaca Díez,2.0,Wilstermann,2.0,,Estadio Roberto Jordan Cuellár,Juan Rapu,,https://fbref.com/en/matches/7fc176ad/Club-Vaca-Diez-Jorge-Wilstermann-July-29-2023-Bolivian-Primera-Division
División de Fútbol Profesional,M,BOL,2023,1st,,21,Sat,2023-07-29,17:30,The Strongest,4.0,Atlético Palmaflor,0.0,,Estadio Hernando Siles,Javier Revollo,,https://fbref.com/en/matches/559eb9ba/The-Strongest-Atletico-Palmaflor-July-29-2023-Bolivian-Primera-Division
División de Fútbol Profesional,M,BOL,2023,1st,,21,Sat,2023-07-29,20:00,Oriente Petrolero,1.0,Bolívar,1.0,,Estadio Ramón Aguilera Costas,Raúl Orosco,,https://fbref.com/en/matches/14cf0875/Oriente-Petrolero-Bolivar-July-29-2023-Bolivian-Primera-Division
División de Fútbol Profesional,M,BOL,2023,1st,,21,Sun,2023-07-30,15:00,Aurora,0.0,FC Universitario,1.0,,Estadio Félix Capriles,Hostin Prado,,https://fbref.com/en/matches/0a6aa6e5/Aurora-FC-Universitario-July-30-2023-Bolivian-Primera-Division
División de Fútbol Profesional,M,BOL,2023,1st,,21,Sun,2023-07-30,15:00,Guabirá,1.0,Real Santa Cruz,2.0,,Estadio Gilberto Parada,Rafael Subirana,,https://fbref.com/en/matches/b8b58899/Guabira-Real-Santa-Cruz-July-30-2023-Bolivian-Primera-Division
División de Fútbol Profesional,M,BOL,2023,1st,,21,Sun,2023-07-30,19:30,Blooming,1.0,Indep Petrolero,0.0,,Estadio Ramón Aguilera Costas,Jordy Aleman,,https://fbref.com/en/matches/c4706388/Blooming-Independiente-Petrolero-July-30-2023-Bolivian-Primera-Division
División de Fútbol Profesional,M,BOL,2023,1st,,21,Mon,2023-07-31,15:00,Libertad Gran Mamoré FC,3.0,Nacional Potosí,2.0,,Estadio Gran Mamoré,Santiago Silva,,https://fbref.com/en/matches/dd5a8e6d/Libertad-Gran-Mamore-FC-Nacional-Potosi-July-31-2023-Bolivian-Primera-Division
División de Fútbol Profesional,M,BOL,2023,1st,,22,Fri,2023-08-04,15:00,FC Universitario,1.0,Libertad Gran Mamoré FC,1.0,,Estadio Félix Capriles,Vladimir Rueda,,https://fbref.com/en/matches/420e411a/FC-Universitario-Libertad-Gran-Mamore-FC-August-4-2023-Bolivian-Primera-Division
División de Fútbol Profesional,M,BOL,2023,1st,,22,Fri,2023-08-04,19:00,Bolívar,6.0,Blooming,1.0,,Estadio Hernando Siles,Orlando Quintana,,https://fbref.com/en/matches/027d3d8a/Bolivar-Blooming-August-4-2023-Bolivian-Primera-Division
División de Fútbol Profesional,M,BOL,2023,1st,,22,Sat,2023-08-05,15:00,Nacional Potosí,6.0,Club Vaca Díez,1.0,,Estadio Victor Agustín Ugarte,Gado Flores,,https://fbref.com/en/matches/ef56f07a/Nacional-Potosi-Club-Vaca-Diez-August-5-2023-Bolivian-Primera-Division
División de Fútbol Profesional,M,BOL,2023,1st,,22,Sat,2023-08-05,17:30,Indep Petrolero,1.0,Aurora,1.0,,Estadio Olímpico Patria,Jorge Luis Justiniano,,https://fbref.com/en/matches/a86fa633/Independiente-Petrolero-Aurora-August-5-2023-Bolivian-Primera-Division
División de Fútbol Profesional,M,BOL,2023,1st,,22,Sat,2023-08-05,20:00,Atlético Palmaflor,1.0,Oriente Petrolero,2.0,,Estadio Municipal de Quillacollo,Sergio Pérez,,https://fbref.com/en/matches/788ede39/Atletico-Palmaflor-Oriente-Petrolero-August-5-2023-Bolivian-Primera-Division
División de Fútbol Profesional,M,BOL,2023,1st,,22,Sun,2023-08-06,15:00,Real Santa Cruz,1.0,Royal Parí,0.0,,Estadio Gilberto Parada,Luis Villarroel,,https://fbref.com/en/matches/7d52e2d3/Real-Santa-Cruz-Royal-Pari-August-6-2023-Bolivian-Primera-Division
División de Fútbol Profesional,M,BOL,2023,1st,,22,Sun,2023-08-06,17:30,Real Tomayapo,0.0,The Strongest,0.0,,Estadio IV Centenario,José Jordán,,https://fbref.com/en/matches/637b8222/Real-Tomayapo-The-Strongest-August-6-2023-Bolivian-Primera-Division
División de Fútbol Profesional,M,BOL,2023,1st,,22,Sun,2023-08-06,19:30,Wilstermann,3.0,Always Ready,0.0,,Estadio Félix Capriles,Ivo Méndez,,https://fbref.com/en/matches/e6143d17/Jorge-Wilstermann-Always-Ready-August-6-2023-Bolivian-Primera-Division
División de Fútbol Profesional,M,BOL,2023,1st,,23,Fri,2023-08-11,15:00,Club Vaca Díez,0.0,FC Universitario,0.0,,Estadio Roberto Jordan Cuellár,Carlos Arteaga,,https://fbref.com/en/matches/6333fbc4/Club-Vaca-Diez-FC-Universitario-August-11-2023-Bolivian-Primera-Division
División de Fútbol Profesional,M,BOL,2023,1st,,23,Sat,2023-08-12,15:00,Always Ready,3.0,Nacional Potosí,3.0,,Estadio Hernando Siles,Angel Flores,,https://fbref.com/en/matches/d5e9281c/Always-Ready-Nacional-Potosi-August-12-2023-Bolivian-Primera-Division
División de Fútbol Profesional,M,BOL,2023,1st,,23,Sat,2023-08-12,17:30,Aurora,2.0,Bolívar,1.0,,Estadio Félix Capriles,Ivo Méndez,,https://fbref.com/en/matches/f09aa8f6/Aurora-Bolivar-August-12-2023-Bolivian-Primera-Division
División de Fútbol Profesional,M,BOL,2023,1st,,23,Sat,2023-08-12,20:00,Oriente Petrolero,2.0,Real Tomayapo,0.0,,Estadio Ramón Aguilera Costas,Hostin Prado,,https://fbref.com/en/matches/5cb1d327/Oriente-Petrolero-Real-Tomayapo-August-12-2023-Bolivian-Primera-Division
División de Fútbol Profesional,M,BOL,2023,1st,,23,Sun,2023-08-13,15:00,Libertad Gran Mamoré FC,0.0,Indep Petrolero,1.0,,Estadio Gran Mamoré,Nunzio Di Roberto,,https://fbref.com/en/matches/21efd51d/Libertad-Gran-Mamore-FC-Independiente-Petrolero-August-13-2023-Bolivian-Primera-Division
División de Fútbol Profesional,M,BOL,2023,1st,,23,Sun,2023-08-13,17:30,The Strongest,4.0,Real Santa Cruz,0.0,,Estadio Hernando Siles,Anyelo Maija,,https://fbref.com/en/matches/790dc044/The-Strongest-Real-Santa-Cruz-August-13-2023-Bolivian-Primera-Division
División de Fútbol Profesional,M,BOL,2023,1st,,23,Sun,2023-08-13,19:30,Royal Parí,4.0,Guabirá,1.0,,Estadio Ramón Aguilera Costas,Dilio Rodríguez,,https://fbref.com/en/matches/22294c3c/Royal-Pari-Guabira-August-13-2023-Bolivian-Primera-Division
División de Fútbol Profesional,M,BOL,2023,1st,,23,Mon,2023-08-14,19:30,Blooming,1.0,Atlético Palmaflor,1.0,,Estadio Ramón Aguilera Costas,Juan Marcelo Castro,,https://fbref.com/en/matches/7516ab0b/Blooming-Atletico-Palmaflor-August-14-2023-Bolivian-Primera-Division
División de Fútbol Profesional,M,BOL,2023,1st,,24,Fri,2023-08-18,19:00,Atlético Palmaflor,0.0,Aurora,1.0,,Estadio Bicentenario de Villa Tunari,Jorge Luis Justiniano,,https://fbref.com/en/matches/b839f687/Atletico-Palmaflor-Aurora-August-18-2023-Bolivian-Primera-Division
División de Fútbol Profesional,M,BOL,2023,1st,,24,Fri,2023-08-18,20:00,Bolívar,3.0,Libertad Gran Mamoré FC,0.0,,Estadio Hernando Siles,Mijail Lopez,,https://fbref.com/en/matches/93f08271/Bolivar-Libertad-Gran-Mamore-FC-August-18-2023-Bolivian-Primera-Division
División de Fútbol Profesional,M,BOL,2023,1st,,24,Sat,2023-08-19,15:00,Real Santa Cruz,0.0,Oriente Petrolero,5.0,,Estadio Ramón Aguilera Costas,Juan Rapu,,https://fbref.com/en/matches/5218daae/Real-Santa-Cruz-Oriente-Petrolero-August-19-2023-Bolivian-Primera-Division
División de Fútbol Profesional,M,BOL,2023,1st,,24,Sat,2023-08-19,20:00,Indep Petrolero,0.0,Club Vaca Díez,1.0,,Estadio Olímpico Patria,Javier Revollo,,https://fbref.com/en/matches/73990f1c/Independiente-Petrolero-Club-Vaca-Diez-August-19-2023-Bolivian-Primera-Division
División de Fútbol Profesional,M,BOL,2023,1st,,24,Sun,2023-08-20,15:00,FC Universitario,1.0,Always Ready,1.0,,Estadio Félix Capriles,Rafael Subirana,,https://fbref.com/en/matches/a43dbb07/FC-Universitario-Always-Ready-August-20-2023-Bolivian-Primera-Division
División de Fútbol Profesional,M,BOL,2023,1st,,24,Sun,2023-08-20,17:30,Nacional Potosí,2.0,Wilstermann,1.0,,Estadio Victor Agustín Ugarte,Nunzio Di Roberto,,https://fbref.com/en/matches/201e1a85/Nacional-Potosi-Jorge-Wilstermann-August-20-2023-Bolivian-Primera-Division
División de Fútbol Profesional,M,BOL,2023,1st,,24,Mon,2023-08-21,20:00,Real Tomayapo,0.0,Blooming,0.0,,Estadio IV Centenario,Gustavo Vera,,https://fbref.com/en/matches/35714cb9/Real-Tomayapo-Blooming-August-21-2023-Bolivian-Primera-Division
División de Fútbol Profesional,M,BOL,2023,1st,,25,Wed,2023-08-23,15:00,Wilstermann,0.0,FC Universitario,0.0,,Estadio Félix Capriles,Porfidio Serrano,,https://fbref.com/en/matches/2915f24b/Jorge-Wilstermann-FC-Universitario-August-23-2023-Bolivian-Primera-Division
División de Fútbol Profesional,M,BOL,2023,1st,,25,Wed,2023-08-23,20:00,The Strongest,3.0,Royal Parí,2.0,,Estadio Hernando Siles,Nelson Barro,,https://fbref.com/en/matches/34044ee8/The-Strongest-Royal-Pari-August-23-2023-Bolivian-Primera-Division
División de Fútbol Profesional,M,BOL,2023,1st,,25,Thu,2023-08-24,15:00,Aurora,1.0,Real Tomayapo,2.0,,Estadio Félix Capriles,Luis Villarroel,,https://fbref.com/en/matches/381584b1/Aurora-Real-Tomayapo-August-24-2023-Bolivian-Primera-Division
División de Fútbol Profesional,M,BOL,2023,1st,,25,Thu,2023-08-24,20:30,Blooming,1.0,Real Santa Cruz,3.0,,Estadio Ramón Aguilera Costas,Nunzio Di Roberto,,https://fbref.com/en/matches/6d00cac1/Blooming-Real-Santa-Cruz-August-24-2023-Bolivian-Primera-Division
División de Fútbol Profesional,M,BOL,2023,1st,,25,Fri,2023-08-25,20:00,Oriente Petrolero,1.0,Guabirá,0.0,,Estadio Ramón Aguilera Costas,Santiago Silva,,https://fbref.com/en/matches/b05a36c4/Oriente-Petrolero-Guabira-August-25-2023-Bolivian-Primera-Division
División de Fútbol Profesional,M,BOL,2023,1st,,25,Sat,2023-08-26,15:00,Libertad Gran Mamoré FC,2.0,Atlético Palmaflor,1.0,,Estadio Gran Mamoré,Gado Flores,,https://fbref.com/en/matches/1781aea2/Libertad-Gran-Mamore-FC-Atletico-Palmaflor-August-26-2023-Bolivian-Primera-Division
División de Fútbol Profesional,M,BOL,2023,1st,,26,Tue,2023-10-03,15:00,FC Universitario,0.0,Nacional Potosí,0.0,,Estadio Municipal de Quillacollo,Gery Vargas,,https://fbref.com/en/matches/ee649070/FC-Universitario-Nacional-Potosi-October-3-2023-Bolivian-Primera-Division
División de Fútbol Profesional,M,BOL,2023,1st,,26,Tue,2023-10-03,18:00,Indep Petrolero,0.0,Wilstermann,3.0,,Estadio Olímpico Patria,Juan Nelio García,,https://fbref.com/en/matches/694cc58b/Independiente-Petrolero-Jorge-Wilstermann-October-3-2023-Bolivian-Primera-Division
División de Fútbol Profesional,M,BOL,2023,1st,,26,Tue,2023-10-03,20:30,Bolívar,5.0,Always Ready,0.0,,Estadio Hernando Siles,Ivo Méndez,,https://fbref.com/en/matches/8532d4d3/Bolivar-Always-Ready-October-3-2023-Bolivian-Primera-Division
División de Fútbol Profesional,M,BOL,2023,1st,,26,Wed,2023-10-04,15:00,Real Santa Cruz,1.0,Aurora,1.0,,Estadio Ramón Aguilera Costas,Guildo Quenta,,https://fbref.com/en/matches/3bd1ea05/Real-Santa-Cruz-Aurora-October-4-2023-Bolivian-Primera-Division
División de Fútbol Profesional,M,BOL,2023,1st,,26,Wed,2023-10-04,18:00,Real Tomayapo,3.0,Libertad Gran Mamoré FC,2.0,,Estadio IV Centenario,Hostin Prado,,https://fbref.com/en/matches/f0f019ef/Real-Tomayapo-Libertad-Gran-Mamore-FC-October-4-2023-Bolivian-Primera-Division
División de Fútbol Profesional,M,BOL,2023,1st,,26,Wed,2023-10-04,20:30,Royal Parí,1.0,Oriente Petrolero,1.0,,Estadio Ramón Aguilera Costas,Dilio Rodríguez,,https://fbref.com/en/matches/4d9c4e01/Royal-Pari-Oriente-Petrolero-October-4-2023-Bolivian-Primera-Division
División de Fútbol Profesional,M,BOL,2023,1st,,26,Thu,2023-10-05,15:00,Atlético Palmaflor,2.0,Club Vaca Díez,2.0,,Estadio Bicentenario de Villa Tunari,Juan Rapu,,https://fbref.com/en/matches/9ef4f7c2/Atletico-Palmaflor-Club-Vaca-Diez-October-5-2023-Bolivian-Primera-Division
División de Fútbol Profesional,M,BOL,2023,1st,,26,Thu,2023-10-05,20:00,Guabirá,2.0,Blooming,1.0,,Estadio Gilberto Parada,Jordy Aleman,,https://fbref.com/en/matches/24d4b3be/Guabira-Blooming-October-5-2023-Bolivian-Primera-Division
División de Fútbol Profesional,M,BOL,2023,1st,,27,Sat,2023-10-07,15:00,Libertad Gran Mamoré FC,1.0,Real Santa Cruz,0.0,,Estadio Gran Mamoré,Javier Revollo,,https://fbref.com/en/matches/126488b9/Libertad-Gran-Mamore-FC-Real-Santa-Cruz-October-7-2023-Bolivian-Primera-Division
División de Fútbol Profesional,M,BOL,2023,1st,,27,Sat,2023-10-07,17:30,Nacional Potosí,2.0,Indep Petrolero,4.0,,Estadio Victor Agustín Ugarte,Nelson Barro,,https://fbref.com/en/matches/3e4a503d/Nacional-Potosi-Independiente-Petrolero-October-7-2023-Bolivian-Primera-Division
División de Fútbol Profesional,M,BOL,2023,1st,,27,Sun,2023-10-08,15:00,Always Ready,2.0,Atlético Palmaflor,0.0,,Estadio Hernando Siles,Gery Vargas,,https://fbref.com/en/matches/f28ed92c/Always-Ready-Atletico-Palmaflor-October-8-2023-Bolivian-Primera-Division
División de Fútbol Profesional,M,BOL,2023,1st,,27,Sun,2023-10-08,17:30,Wilstermann,3.0,Bolívar,1.0,,Estadio Félix Capriles,Dilio Rodríguez,,https://fbref.com/en/matches/f52f0ca2/Jorge-Wilstermann-Bolivar-October-8-2023-Bolivian-Primera-Division
División de Fútbol Profesional,M,BOL,2023,1st,,27,Sun,2023-10-08,19:30,Oriente Petrolero,1.0,The Strongest,1.0,,Estadio Ramón Aguilera Costas,Jordy Aleman,,https://fbref.com/en/matches/24ad3ed7/Oriente-Petrolero-The-Strongest-October-8-2023-Bolivian-Primera-Division
División de Fútbol Profesional,M,BOL,2023,1st,,27,Mon,2023-10-09,15:00,Club Vaca Díez,0.0,Real Tomayapo,1.0,,Estadio Roberto Jordan Cuellár,Juan Nelio García,,https://fbref.com/en/matches/13dd90d5/Club-Vaca-Diez-Real-Tomayapo-October-9-2023-Bolivian-Primera-Division
División de Fútbol Profesional,M,BOL,2023,1st,,27,Mon,2023-10-09,18:00,Aurora,1.0,Guabirá,0.0,,Estadio Félix Capriles,Juan Rapu,,https://fbref.com/en/matches/130d6187/Aurora-Guabira-October-9-2023-Bolivian-Primera-Division
División de Fútbol Profesional,M,BOL,2023,1st,,27,Mon,2023-10-09,20:30,Blooming,1.0,Royal Parí,1.0,,Estadio Ramón Aguilera Costas,Hostin Prado,,https://fbref.com/en/matches/073330fb/Blooming-Royal-Pari-October-9-2023-Bolivian-Primera-Division
División de Fútbol Profesional,M,BOL,2023,1st,,28,Sun,2023-10-15,16:00,Atlético Palmaflor,2.0,Wilstermann,0.0,,Estadio Municipal de Quillacollo,Jordy Aleman,,https://fbref.com/en/matches/1f4e2333/Atletico-Palmaflor-Jorge-Wilstermann-October-15-2023-Bolivian-Primera-Division
División de Fútbol Profesional,M,BOL,2023,1st,,28,Thu,2023-10-19,19:00,Royal Parí,2.0,Aurora,2.0,,Estadio Ramón Aguilera Costas,Jordy Aleman,,https://fbref.com/en/matches/e298a5b4/Royal-Pari-Aurora-October-19-2023-Bolivian-Primera-Division
División de Fútbol Profesional,M,BOL,2023,1st,,28,Fri,2023-10-20,15:00,Real Santa Cruz,2.0,Club Vaca Díez,1.0,,Estadio Ramón Aguilera Costas,Nunzio Di Roberto,,https://fbref.com/en/matches/83c124c3/Real-Santa-Cruz-Club-Vaca-Diez-October-20-2023-Bolivian-Primera-Division
División de Fútbol Profesional,M,BOL,2023,1st,,28,Fri,2023-10-20,19:00,The Strongest,1.0,Blooming,0.0,,Estadio Hernando Siles,Dilio Rodríguez,,https://fbref.com/en/matches/70ecd64c/The-Strongest-Blooming-October-20-2023-Bolivian-Primera-Division
División de Fútbol Profesional,M,BOL,2023,1st,,28,Fri,2023-10-20,20:30,Real Tomayapo,2.0,Always Ready,0.0,,Estadio IV Centenario,Rafael Subirana,,https://fbref.com/en/matches/5b9e994e/Real-Tomayapo-Always-Ready-October-20-2023-Bolivian-Primera-Division
División de Fútbol Profesional,M,BOL,2023,1st,,28,Sat,2023-10-21,17:00,Bolívar,4.0,Nacional Potosí,3.0,,Estadio Hernando Siles,Hostin Prado,,https://fbref.com/en/matches/5e44669c/Bolivar-Nacional-Potosi-October-21-2023-Bolivian-Primera-Division
División de Fútbol Profesional,M,BOL,2023,1st,,28,Sat,2023-10-21,20:00,Guabirá,2.0,Libertad Gran Mamoré FC,2.0,,Estadio Gilberto Parada,Gery Vargas,,https://fbref.com/en/matches/21b8f937/Guabira-Libertad-Gran-Mamore-FC-October-21-2023-Bolivian-Primera-Division
División de Fútbol Profesional,M,BOL,2023,1st,,28,Sun,2023-10-22,16:00,Indep Petrolero,0.0,FC Universitario,2.0,,Estadio Olímpico Patria,Ivo Méndez,,https://fbref.com/en/matches/36c7d9d2/Independiente-Petrolero-FC-Universitario-October-22-2023-Bolivian-Primera-Division
División de Fútbol Profesional,M,BOL,2023,1st,,29,Sat,2023-11-04,15:00,Always Ready,2.0,Real Santa Cruz,0.0,,Estadio Municipal El Alto,Nelson Barro,,https://fbref.com/en/matches/09421efa/Always-Ready-Real-Santa-Cruz-November-4-2023-Bolivian-Primera-Division
División de Fútbol Profesional,M,BOL,2023,1st,,29,Sat,2023-11-04,15:00,Club Vaca Díez,3.0,Guabirá,0.0,,Estadio Roberto Jordan Cuellár,Hostin Prado,,https://fbref.com/en/matches/a909d059/Club-Vaca-Diez-Guabira-November-4-2023-Bolivian-Primera-Division
División de Fútbol Profesional,M,BOL,2023,1st,,29,Sat,2023-11-04,18:30,Aurora,0.0,The Strongest,3.0,,Estadio Félix Capriles,Jordy Aleman,,https://fbref.com/en/matches/c4bf162b/Aurora-The-Strongest-November-4-2023-Bolivian-Primera-Division
División de Fútbol Profesional,M,BOL,2023,1st,,29,Sun,2023-11-05,15:00,FC Universitario,2.0,Bolívar,2.0,,Estadio Municipal de Quillacollo,Gery Vargas,,https://fbref.com/en/matches/317b97eb/FC-Universitario-Bolivar-November-5-2023-Bolivian-Primera-Division
División de Fútbol Profesional,M,BOL,2023,1st,,29,Sun,2023-11-05,15:00,Libertad Gran Mamoré FC,0.0,Royal Parí,2.0,,Estadio Gran Mamoré,Nunzio Di Roberto,,https://fbref.com/en/matches/afe4bda5/Libertad-Gran-Mamore-FC-Royal-Pari-November-5-2023-Bolivian-Primera-Division
División de Fútbol Profesional,M,BOL,2023,1st,,29,Sun,2023-11-05,19:30,Blooming,2.0,Oriente Petrolero,1.0,,Estadio Ramón Aguilera Costas,Juan Nelio García,,https://fbref.com/en/matches/5a8a8f1b/Blooming-Oriente-Petrolero-November-5-2023-Bolivian-Primera-Division
División de Fútbol Profesional,M,BOL,2023,1st,,29,Mon,2023-11-06,18:00,Nacional Potosí,4.0,Atlético Palmaflor,1.0,,Estadio Victor Agustín Ugarte,Renan Castillo,,https://fbref.com/en/matches/514f8e4e/Nacional-Potosi-Atletico-Palmaflor-November-6-2023-Bolivian-Primera-Division
División de Fútbol Profesional,M,BOL,2023,1st,,29,Mon,2023-11-06,20:00,Wilstermann,3.0,Real Tomayapo,0.0,,Estadio Félix Capriles,Juan Rapu,,https://fbref.com/en/matches/85520e61/Jorge-Wilstermann-Real-Tomayapo-November-6-2023-Bolivian-Primera-Division
División de Fútbol Profesional,M,BOL,2023,1st,,25,Tue,2023-11-07,15:00,Always Ready,3.0,Indep Petrolero,2.0,,Estadio Hernando Siles,Hostin Prado,,https://fbref.com/en/matches/688773dd/Always-Ready-Independiente-Petrolero-November-7-2023-Bolivian-Primera-Division
División de Fútbol Profesional,M,BOL,2023,1st,,24,Tue,2023-11-07,19:30,Guabirá,4.0,The Strongest,1.0,,Estadio Gilberto Parada,Nelson Barro,,https://fbref.com/en/matches/4a8e534d/Guabira-The-Strongest-November-7-2023-Bolivian-Primera-Division
División de Fútbol Profesional,M,BOL,2023,1st,,25,Wed,2023-11-08,15:00,Club Vaca Díez,4.0,Bolívar,3.0,,Estadio Roberto Jordan Cuellár,Jordy Aleman,,https://fbref.com/en/matches/49662084/Club-Vaca-Diez-Bolivar-November-8-2023-Bolivian-Primera-Division
División de Fútbol Profesional,M,BOL,2023,1st,,30,Fri,2023-11-10,18:00,Atlético Palmaflor,1.0,FC Universitario,1.0,,Estadio Bicentenario de Villa Tunari,Nunzio Di Roberto,,https://fbref.com/en/matches/31dd3e80/Atletico-Palmaflor-FC-Universitario-November-10-2023-Bolivian-Primera-Division
División de Fútbol Profesional,M,BOL,2023,1st,,30,Fri,2023-11-10,20:00,The Strongest,8.0,Libertad Gran Mamoré FC,0.0,,Estadio Hernando Siles,Renan Castillo,,https://fbref.com/en/matches/412bfb40/The-Strongest-Libertad-Gran-Mamore-FC-November-10-2023-Bolivian-Primera-Division
División de Fútbol Profesional,M,BOL,2023,1st,,30,Sat,2023-11-11,15:00,Real Santa Cruz,1.0,Wilstermann,1.0,,Estadio Real Santa Cruz,Angel Flores,,https://fbref.com/en/matches/221e82a5/Real-Santa-Cruz-Jorge-Wilstermann-November-11-2023-Bolivian-Primera-Division
División de Fútbol Profesional,M,BOL,2023,1st,,30,Sat,2023-11-11,17:30,Bolívar,5.0,Indep Petrolero,1.0,,Estadio Hernando Siles,Juan Nelio García,,https://fbref.com/en/matches/2bb7dfa4/Bolivar-Independiente-Petrolero-November-11-2023-Bolivian-Primera-Division
División de Fútbol Profesional,M,BOL,2023,1st,,30,Sat,2023-11-11,20:00,Guabirá,0.0,Always Ready,0.0,,Estadio Gilberto Parada,Gery Vargas,,https://fbref.com/en/matches/9fff6d33/Guabira-Always-Ready-November-11-2023-Bolivian-Primera-Division
División de Fútbol Profesional,M,BOL,2023,1st,,30,Sun,2023-11-12,17:30,Real Tomayapo,0.0,Nacional Potosí,0.0,,Estadio IV Centenario,Hostin Prado,,https://fbref.com/en/matches/2c3daf70/Real-Tomayapo-Nacional-Potosi-November-12-2023-Bolivian-Primera-Division
División de Fútbol Profesional,M,BOL,2023,1st,,30,Sun,2023-11-12,19:30,Oriente Petrolero,1.0,Aurora,0.0,,Estadio Ramón Aguilera Costas,Jordy Aleman,,https://fbref.com/en/matches/f65247f9/Oriente-Petrolero-Aurora-November-12-2023-Bolivian-Primera-Division
División de Fútbol Profesional,M,BOL,2023,1st,,30,Mon,2023-11-13,19:30,Royal Parí,2.0,Club Vaca Díez,1.0,,Estadio Ramón Aguilera Costas,Jorge Luis Justiniano,,https://fbref.com/en/matches/2407611e/Royal-Pari-Club-Vaca-Diez-November-13-2023-Bolivian-Primera-Division
División de Fútbol Profesional,M,BOL,2023,1st,,31,Sat,2023-11-18,15:00,FC Universitario,0.0,Real Tomayapo,1.0,,Estadio Félix Capriles,Juan Nelio García,,https://fbref.com/en/matches/cf3bd2e1/FC-Universitario-Real-Tomayapo-November-18-2023-Bolivian-Primera-Division
División de Fútbol Profesional,M,BOL,2023,1st,,31,Sat,2023-11-18,17:30,Nacional Potosí,6.0,Real Santa Cruz,0.0,,Estadio Victor Agustín Ugarte,Renan Castillo,,https://fbref.com/en/matches/40aed06b/Nacional-Potosi-Real-Santa-Cruz-November-18-2023-Bolivian-Primera-Division
División de Fútbol Profesional,M,BOL,2023,1st,,31,Sun,2023-11-19,15:30,Libertad Gran Mamoré FC,3.0,Oriente Petrolero,1.0,,Estadio Gran Mamoré,Hostin Prado,,https://fbref.com/en/matches/a95afd0e/Libertad-Gran-Mamore-FC-Oriente-Petrolero-November-19-2023-Bolivian-Primera-Division
División de Fútbol Profesional,M,BOL,2023,1st,,31,Sun,2023-11-19,17:30,Wilstermann,1.0,Guabirá,0.0,,Estadio Félix Capriles,Jordy Aleman,,https://fbref.com/en/matches/461d2558/Jorge-Wilstermann-Guabira-November-19-2023-Bolivian-Primera-Division
División de Fútbol Profesional,M,BOL,2023,1st,,31,Sun,2023-11-19,19:30,Indep Petrolero,1.0,Atlético Palmaflor,0.0,,Estadio Olímpico Patria,Nelson Barro,,https://fbref.com/en/matches/2edb0882/Independiente-Petrolero-Atletico-Palmaflor-November-19-2023-Bolivian-Primera-Division
División de Fútbol Profesional,M,BOL,2023,1st,,31,Thu,2023-11-23,15:00,Club Vaca Díez,2.0,The Strongest,2.0,,Estadio Roberto Jordan Cuellár,Juan Nelio García,,https://fbref.com/en/matches/cd399af7/Club-Vaca-Diez-The-Strongest-November-23-2023-Bolivian-Primera-Division
División de Fútbol Profesional,M,BOL,2023,1st,,31,Thu,2023-11-23,15:00,Always Ready,3.0,Royal Parí,0.0,,Estadio Municipal El Alto,Juan Rapu,,https://fbref.com/en/matches/fa1f0429/Always-Ready-Royal-Pari-November-23-2023-Bolivian-Primera-Division
División de Fútbol Profesional,M,BOL,2023,1st,,31,Thu,2023-11-23,19:30,Aurora,3.0,Blooming,1.0,,Estadio Félix Capriles,Gery Vargas,,https://fbref.com/en/matches/875ee458/Aurora-Blooming-November-23-2023-Bolivian-Primera-Division
División de Fútbol Profesional,M,BOL,2023,1st,,32,Fri,2023-11-24,19:30,Real Tomayapo,2.0,Indep Petrolero,1.0,,Estadio IV Centenario,Raúl Orosco,,https://fbref.com/en/matches/b8b6cfe0/Real-Tomayapo-Independiente-Petrolero-November-24-2023-Bolivian-Primera-Division
División de Fútbol Profesional,M,BOL,2023,1st,,32,Sat,2023-11-25,15:00,Real Santa Cruz,0.0,FC Universitario,0.0,,Estadio Ramón Aguilera Costas,Vladimir Rueda,,https://fbref.com/en/matches/33c0f620/Real-Santa-Cruz-FC-Universitario-November-25-2023-Bolivian-Primera-Division
División de Fútbol Profesional,M,BOL,2023,1st,,32,Sat,2023-11-25,17:30,Guabirá,6.0,Nacional Potosí,1.0,,Estadio Gilberto Parada,Javier Revollo,,https://fbref.com/en/matches/db8bd6d7/Guabira-Nacional-Potosi-November-25-2023-Bolivian-Primera-Division
División de Fútbol Profesional,M,BOL,2023,1st,,32,Sat,2023-11-25,19:30,Atlético Palmaflor,1.0,Bolívar,7.0,,Estadio Bicentenario de Villa Tunari,Juan Nelio García,,https://fbref.com/en/matches/89ea4222/Atletico-Palmaflor-Bolivar-November-25-2023-Bolivian-Primera-Division
División de Fútbol Profesional,M,BOL,2023,1st,,32,Sun,2023-11-26,15:00,Royal Parí,0.0,Wilstermann,0.0,,Estadio Ramón Aguilera Costas,Gery Vargas,,https://fbref.com/en/matches/91096186/Royal-Pari-Jorge-Wilstermann-November-26-2023-Bolivian-Primera-Division
División de Fútbol Profesional,M,BOL,2023,1st,,32,Sun,2023-11-26,17:30,The Strongest,1.0,Always Ready,1.0,,Estadio Hernando Siles,Jorge Luis Justiniano,,https://fbref.com/en/matches/a0c06728/The-Strongest-Always-Ready-November-26-2023-Bolivian-Primera-Division
División de Fútbol Profesional,M,BOL,2023,1st,,32,Sun,2023-11-26,19:30,Blooming,0.0,Libertad Gran Mamoré FC,1.0,,Estadio Ramón Aguilera Costas,Jordy Aleman,,https://fbref.com/en/matches/c2514157/Blooming-Libertad-Gran-Mamore-FC-November-26-2023-Bolivian-Primera-Division
División de Fútbol Profesional,M,BOL,2023,1st,,32,Mon,2023-11-27,20:00,Oriente Petrolero,1.0,Club Vaca Díez,0.0,,Estadio Ramón Aguilera Costas,Renan Castillo,,https://fbref.com/en/matches/8e9cd9d0/Oriente-Petrolero-Club-Vaca-Diez-November-27-2023-Bolivian-Primera-Division
División de Fútbol Profesional,M,BOL,2023,1st,,33,Fri,2023-12-01,15:00,FC Universitario,1.0,Guabirá,0.0,,Estadio Félix Capriles,Sergio Pérez,,https://fbref.com/en/matches/b6b7a523/FC-Universitario-Guabira-December-1-2023-Bolivian-Primera-Division
División de Fútbol Profesional,M,BOL,2023,1st,,33,Fri,2023-12-01,19:00,Bolívar,4.0,Real Tomayapo,1.0,,Estadio Hernando Siles,Carlos Arteaga,,https://fbref.com/en/matches/07d03563/Bolivar-Real-Tomayapo-December-1-2023-Bolivian-Primera-Division
División de Fútbol Profesional,M,BOL,2023,1st,,33,Fri,2023-12-01,20:30,Wilstermann,1.0,The Strongest,1.0,,Estadio Félix Capriles,Ivo Méndez,,https://fbref.com/en/matches/a4fde53f/Jorge-Wilstermann-The-Strongest-December-1-2023-Bolivian-Primera-Division
División de Fútbol Profesional,M,BOL,2023,1st,,33,Sat,2023-12-02,15:00,Indep Petrolero,1.0,Real Santa Cruz,0.0,,Estadio Olímpico Patria,Hostin Prado,,https://fbref.com/en/matches/658162e0/Independiente-Petrolero-Real-Santa-Cruz-December-2-2023-Bolivian-Primera-Division
División de Fútbol Profesional,M,BOL,2023,1st,,33,Sat,2023-12-02,15:00,Always Ready,4.0,Oriente Petrolero,1.0,,Estadio Municipal El Alto,Porfidio Serrano,,https://fbref.com/en/matches/6b7f4219/Always-Ready-Oriente-Petrolero-December-2-2023-Bolivian-Primera-Division
División de Fútbol Profesional,M,BOL,2023,1st,,33,Sat,2023-12-02,15:00,Libertad Gran Mamoré FC,0.0,Aurora,1.0,,Estadio Gran Mamoré,Jorge Luis Justiniano,,https://fbref.com/en/matches/7a8a6608/Libertad-Gran-Mamore-FC-Aurora-December-2-2023-Bolivian-Primera-Division
División de Fútbol Profesional,M,BOL,2023,1st,,33,Sat,2023-12-02,15:00,Club Vaca Díez,0.0,Blooming,3.0,,Estadio Roberto Jordan Cuellár,Renan Castillo,,https://fbref.com/en/matches/fa874b57/Club-Vaca-Diez-Blooming-December-2-2023-Bolivian-Primera-Division
División de Fútbol Profesional,M,BOL,2023,1st,,33,Sun,2023-12-03,18:00,Nacional Potosí,6.0,Royal Parí,1.0,,Estadio Victor Agustín Ugarte,Raúl Orosco,,https://fbref.com/en/matches/8c3ef01e/Nacional-Potosi-Royal-Pari-December-3-2023-Bolivian-Primera-Division
División de Fútbol Profesional,M,BOL,2023,1st,,34,Tue,2023-12-05,15:00,Real Santa Cruz,3.0,Bolívar,1.0,,Estadio Gilberto Parada,Carlos Garcia,,https://fbref.com/en/matches/cb4de272/Real-Santa-Cruz-Bolivar-December-5-2023-Bolivian-Primera-Division
División de Fútbol Profesional,M,BOL,2023,1st,,34,Tue,2023-12-05,20:00,Oriente Petrolero,3.0,Wilstermann,0.0,,Estadio Ramón Aguilera Costas,Gery Vargas,,https://fbref.com/en/matches/53b5a04e/Oriente-Petrolero-Jorge-Wilstermann-December-5-2023-Bolivian-Primera-Division
División de Fútbol Profesional,M,BOL,2023,1st,,34,Tue,2023-12-05,20:00,Guabirá,2.0,Indep Petrolero,0.0,,Estadio Gilberto Parada,Jorge Luis Justiniano,,https://fbref.com/en/matches/7b37495e/Guabira-Independiente-Petrolero-December-5-2023-Bolivian-Primera-Division
División de Fútbol Profesional,M,BOL,2023,1st,,34,Tue,2023-12-05,20:00,Aurora,3.0,Club Vaca Díez,0.0,,Estadio Félix Capriles,Ivo Méndez,,https://fbref.com/en/matches/8099064c/Aurora-Club-Vaca-Diez-December-5-2023-Bolivian-Primera-Division
División de Fútbol Profesional,M,BOL,2023,1st,,34,Wed,2023-12-06,15:00,Royal Parí,1.0,FC Universitario,1.0,,Estadio Ramón Aguilera Costas,Juan Rapu,,https://fbref.com/en/matches/4383b1ee/Royal-Pari-FC-Universitario-December-6-2023-Bolivian-Primera-Division
División de Fútbol Profesional,M,BOL,2023,1st,,34,Wed,2023-12-06,19:00,The Strongest,1.0,Nacional Potosí,0.0,,Estadio Hernando Siles,Juan Nelio García,,https://fbref.com/en/matches/fb32105c/The-Strongest-Nacional-Potosi-December-6-2023-Bolivian-Primera-Division
División de Fútbol Profesional,M,BOL,2023,1st,,34,Wed,2023-12-06,20:00,Blooming,2.0,Always Ready,1.0,,Estadio Ramón Aguilera Costas,Raúl Orosco,,https://fbref.com/en/matches/2ebf928b/Blooming-Always-Ready-December-6-2023-Bolivian-Primera-Division
División de Fútbol Profesional,M,BOL,2023,1st,,34,Wed,2023-12-06,20:00,Real Tomayapo,4.0,Atlético Palmaflor,0.0,,Estadio IV Centenario,Renan Castillo,,https://fbref.com/en/matches/9a2e58ab/Real-Tomayapo-Atletico-Palmaflor-December-6-2023-Bolivian-Primera-Division
División de Fútbol Profesional,M,BOL,2025,1st,,1,Fri,2025-03-28,15:00,FC Universitario,4.0,Guabirá,2.0,,Estadio Félix Capriles,Javier Revollo,,https://fbref.com/en/matches/5b5801bd/FC-Universitario-Guabira-March-28-2025-Bolivian-Primera-Division
División de Fútbol Profesional,M,BOL,2025,1st,,1,Fri,2025-03-28,17:30,Nacional Potosí,0.0,Always Ready,1.0,,Estadio Victor Agustín Ugarte,Carlos Arteaga,,https://fbref.com/en/matches/4ddb125d/Nacional-Potosi-Always-Ready-March-28-2025-Bolivian-Primera-Division
División de Fútbol Profesional,M,BOL,2025,1st,,1,Fri,2025-03-28,20:00,Bolívar,3.0,Real Oruro,1.0,,Estadio Hernando Siles,Ivo Méndez,,https://fbref.com/en/matches/6cbef8c0/Bolivar-Real-Oruro-March-28-2025-Bolivian-Primera-Division
División de Fútbol Profesional,M,BOL,2025,1st,,1,Sat,2025-03-29,15:00,ABB,2.0,San Antonio Bulo Bulo,0.0,,Estadio Municipal El Alto,Bladimir Rueda,,https://fbref.com/en/matches/f17b82fd/ABB-San-Antonio-Bulo-Bulo-March-29-2025-Bolivian-Primera-Division
División de Fútbol Profesional,M,BOL,2025,1st,,1,Sat,2025-03-29,17:30,Wilstermann,0.0,Indep Petrolero,1.0,,Estadio Félix Capriles,Nunzio Di Roberto,,https://fbref.com/en/matches/0912e4ed/Jorge-Wilstermann-Independiente-Petrolero-March-29-2025-Bolivian-Primera-Division
División de Fútbol Profesional,M,BOL,2025,1st,,1,Sun,2025-03-30,15:00,GV San José,3.0,Real Tomayapo,1.0,,Estadio Jesús Bermúdez,Bruno Vera,,https://fbref.com/en/matches/a1a33e3e/GV-San-Jose-Real-Tomayapo-March-30-2025-Bolivian-Primera-Division
División de Fútbol Profesional,M,BOL,2025,1st,,1,Sun,2025-03-30,17:15,Aurora,5.0,Oriente Petrolero,1.0,,Estadio Félix Capriles,Renan Castillo,,https://fbref.com/en/matches/fe5ff975/Aurora-Oriente-Petrolero-March-30-2025-Bolivian-Primera-Division
División de Fútbol Profesional,M,BOL,2025,1st,,1,Sun,2025-03-30,19:30,Blooming,3.0,The Strongest,1.0,,Estadio Ramón Aguilera Costas,Jordy Aleman,,https://fbref.com/en/matches/10ab7575/Blooming-The-Strongest-March-30-2025-Bolivian-Primera-Division
División de Fútbol Profesional,M,BOL,2025,1st,,2,Thu,2025-04-03,20:00,Oriente Petrolero,0.0,FC Universitario,0.0,,Estadio Ramón Aguilera Costas,Cristian Condori,,https://fbref.com/en/matches/4b04f94f/Oriente-Petrolero-FC-Universitario-April-3-2025-Bolivian-Primera-Division
División de Fútbol Profesional,M,BOL,2025,1st,,2,Fri,2025-04-04,17:30,Real Oruro,0.0,ABB,1.0,,Estadio Jesús Bermúdez,Dilio Rodríguez,,https://fbref.com/en/matches/bc97438b/Real-Oruro-ABB-April-4-2025-Bolivian-Primera-Division
División de Fútbol Profesional,M,BOL,2025,1st,,2,Fri,2025-04-04,20:00,Guabirá,5.0,Aurora,2.0,,Estadio Gilberto Parada,Angel Flores,,https://fbref.com/en/matches/bef649c4/Guabira-Aurora-April-4-2025-Bolivian-Primera-Division
División de Fútbol Profesional,M,BOL,2025,1st,,2,Sat,2025-04-05,15:00,San Antonio Bulo Bulo,2.0,Wilstermann,0.0,,Estadio Dr. Carlos Villegas,Juan Huanca,,https://fbref.com/en/matches/4b73e401/San-Antonio-Bulo-Bulo-Jorge-Wilstermann-April-5-2025-Bolivian-Primera-Division
División de Fútbol Profesional,M,BOL,2025,1st,,2,Sat,2025-04-05,17:30,Always Ready,2.0,Blooming,1.0,,Estadio Municipal El Alto,Bruno Vera,,https://fbref.com/en/matches/4ab31469/Always-Ready-Blooming-April-5-2025-Bolivian-Primera-Division
División de Fútbol Profesional,M,BOL,2025,1st,,2,Sat,2025-04-05,20:00,Real Tomayapo,2.0,Bolívar,1.0,,Estadio IV Centenario,Luis Villarroel,,https://fbref.com/en/matches/1a197258/Real-Tomayapo-Bolivar-April-5-2025-Bolivian-Primera-Division
División de Fútbol Profesional,M,BOL,2025,1st,,2,Sun,2025-04-06,15:00,Indep Petrolero,0.0,GV San José,2.0,,Estadio Olímpico Patria,Héctor Sandoval,,https://fbref.com/en/matches/3f90ee56/Independiente-Petrolero-GV-San-Jose-April-6-2025-Bolivian-Primera-Division
División de Fútbol Profesional,M,BOL,2025,1st,,2,Sun,2025-04-06,17:15,The Strongest,2.0,Nacional Potosí,0.0,,Estadio Hernando Siles,Gery Vargas,,https://fbref.com/en/matches/38933006/The-Strongest-Nacional-Potosi-April-6-2025-Bolivian-Primera-Division
División de Fútbol Profesional,M,BOL,2025,1st,,3,Fri,2025-04-11,15:00,ABB,0.0,Real Tomayapo,0.0,,Estadio Municipal El Alto,Carlos Arteaga,,https://fbref.com/en/matches/d2a06a30/ABB-Real-Tomayapo-April-11-2025-Bolivian-Primera-Division
División de Fútbol Profesional,M,BOL,2025,1st,,3,Fri,2025-04-11,19:00,Indep Petrolero,0.0,Real Oruro,0.0,,Estadio Olímpico Patria,Santiago Silva,,https://fbref.com/en/matches/547ee126/Independiente-Petrolero-Real-Oruro-April-11-2025-Bolivian-Primera-Division
División de Fútbol Profesional,M,BOL,2025,1st,,3,Sat,2025-04-12,15:00,FC Universitario,1.0,Blooming,2.0,,Estadio Félix Capriles,Nunzio Di Roberto,,https://fbref.com/en/matches/e9516949/FC-Universitario-Blooming-April-12-2025-Bolivian-Primera-Division
División de Fútbol Profesional,M,BOL,2025,1st,,3,Sat,2025-04-12,17:30,Bolívar,5.0,Wilstermann,1.0,,Estadio Hernando Siles,Gery Vargas,,https://fbref.com/en/matches/24b4a2e9/Bolivar-Jorge-Wilstermann-April-12-2025-Bolivian-Primera-Division
División de Fútbol Profesional,M,BOL,2025,1st,,3,Sat,2025-04-12,20:00,Aurora,2.0,San Antonio Bulo Bulo,0.0,,Estadio Félix Capriles,Gustavo Vera,,https://fbref.com/en/matches/28cc23b4/Aurora-San-Antonio-Bulo-Bulo-April-12-2025-Bolivian-Primera-Division
División de Fútbol Profesional,M,BOL,2025,1st,,3,Sun,2025-04-13,15:00,GV San José,0.0,The Strongest,4.0,,Estadio Jesús Bermúdez,Dilio Rodríguez,,https://fbref.com/en/matches/595eb611/GV-San-Jose-The-Strongest-April-13-2025-Bolivian-Primera-Division
División de Fútbol Profesional,M,BOL,2025,1st,,3,Sun,2025-04-13,19:30,Oriente Petrolero,1.0,Always Ready,2.0,,Estadio Ramón Aguilera Costas,Bladimir Rueda,,https://fbref.com/en/matches/f45e1213/Oriente-Petrolero-Always-Ready-April-13-2025-Bolivian-Primera-Division
División de Fútbol Profesional,M,BOL,2025,1st,,3,Mon,2025-04-14,17:30,Nacional Potosí,3.0,Guabirá,0.0,,Estadio Victor Agustín Ugarte,Carlos Garcia,,https://fbref.com/en/matches/7401ab9b/Nacional-Potosi-Guabira-April-14-2025-Bolivian-Primera-Division
División de Fútbol Profesional,M,BOL,2025,1st,,4,Fri,2025-04-18,15:00,San Antonio Bulo Bulo,2.0,Nacional Potosí,2.0,,Estadio Dr. Carlos Villegas,Luis Villarroel,,https://fbref.com/en/matches/55600a7f/San-Antonio-Bulo-Bulo-Nacional-Potosi-April-18-2025-Bolivian-Primera-Division
División de Fútbol Profesional,M,BOL,2025,1st,,4,Fri,2025-04-18,17:30,The Strongest,3.0,Aurora,2.0,,Estadio Hernando Siles,Gery Vargas,,https://fbref.com/en/matches/05d09bf8/The-Strongest-Aurora-April-18-2025-Bolivian-Primera-Division
División de Fútbol Profesional,M,BOL,2025,1st,,4,Fri,2025-04-18,20:00,Real Tomayapo,1.0,FC Universitario,1.0,,Estadio IV Centenario,Gabriel Mendoza,,https://fbref.com/en/matches/c5d394b0/Real-Tomayapo-FC-Universitario-April-18-2025-Bolivian-Primera-Division
División de Fútbol Profesional,M,BOL,2025,1st,,4,Sat,2025-04-19,17:30,Always Ready,2.0,GV San José,0.0,,Estadio Municipal El Alto,Ivo Méndez,,https://fbref.com/en/matches/58d1a492/Always-Ready-GV-San-Jose-April-19-2025-Bolivian-Primera-Division
División de Fútbol Profesional,M,BOL,2025,1st,,4,Sat,2025-04-19,20:00,Blooming,3.0,Indep Petrolero,1.0,,Estadio Ramón Aguilera Costas,Ramiro Ticona,,https://fbref.com/en/matches/cfd44b9c/Blooming-Independiente-Petrolero-April-19-2025-Bolivian-Primera-Division
División de Fútbol Profesional,M,BOL,2025,1st,,4,Sun,2025-04-20,15:00,Guabirá,2.0,Bolívar,4.0,,Estadio Gilberto Parada,Bladimir Rueda,,https://fbref.com/en/matches/d1f476a1/Guabira-Bolivar-April-20-2025-Bolivian-Primera-Division
División de Fútbol Profesional,M,BOL,2025,1st,,4,Sun,2025-04-20,17:15,Real Oruro,1.0,Oriente Petrolero,1.0,,Estadio Jesús Bermúdez,Marco Ramirez,,https://fbref.com/en/matches/6b6de418/Real-Oruro-Oriente-Petrolero-April-20-2025-Bolivian-Primera-Division
División de Fútbol Profesional,M,BOL,2025,1st,,4,Sun,2025-04-20,19:30,Wilstermann,0.0,ABB,1.0,,Estadio Félix Capriles,Elvis Rodriguez,,https://fbref.com/en/matches/e6875219/Jorge-Wilstermann-ABB-April-20-2025-Bolivian-Primera-Division
División de Fútbol Profesional,M,BOL,2025,1st,,5,Fri,2025-04-25,18:00,Aurora,2.0,Real Oruro,2.0,,Estadio Félix Capriles,Mijail Lopez,,https://fbref.com/en/matches/437b5b82/Aurora-Real-Oruro-April-25-2025-Bolivian-Primera-Division
División de Fútbol Profesional,M,BOL,2025,1st,,5,Fri,2025-04-25,20:30,Guabirá,1.0,Real Tomayapo,0.0,,Estadio Gilberto Parada,Gustavo Vera,,https://fbref.com/en/matches/2604e48a/Guabira-Real-Tomayapo-April-25-2025-Bolivian-Primera-Division
División de Fútbol Profesional,M,BOL,2025,1st,,5,Sat,2025-04-26,15:00,GV San José,1.0,ABB,1.0,,Estadio Jesús Bermúdez,Juan Huanca,,https://fbref.com/en/matches/50e4cbed/GV-San-Jose-ABB-April-26-2025-Bolivian-Primera-Division
División de Fútbol Profesional,M,BOL,2025,1st,,5,Sat,2025-04-26,17:30,Oriente Petrolero,1.0,San Antonio Bulo Bulo,1.0,,Estadio Ramón Aguilera Costas,Gabriel Mendoza,,https://fbref.com/en/matches/e10dbac2/Oriente-Petrolero-San-Antonio-Bulo-Bulo-April-26-2025-Bolivian-Primera-Division
División de Fútbol Profesional,M,BOL,2025,1st,,5,Sat,2025-04-26,20:00,Indep Petrolero,1.0,The Strongest,1.0,,Estadio Olímpico Patria,Charles Terrazas,,https://fbref.com/en/matches/f148cded/Independiente-Petrolero-The-Strongest-April-26-2025-Bolivian-Primera-Division
División de Fútbol Profesional,M,BOL,2025,1st,,5,Sun,2025-04-27,15:00,Nacional Potosí,1.0,Wilstermann,2.0,,Estadio Victor Agustín Ugarte,Dilio Rodríguez,,https://fbref.com/en/matches/885792d9/Nacional-Potosi-Jorge-Wilstermann-April-27-2025-Bolivian-Primera-Division
División de Fútbol Profesional,M,BOL,2025,1st,,5,Sun,2025-04-27,17:15,FC Universitario,0.0,Always Ready,7.0,,Estadio Félix Capriles,Jordy Aleman,,https://fbref.com/en/matches/69ea56b8/FC-Universitario-Always-Ready-April-27-2025-Bolivian-Primera-Division
División de Fútbol Profesional,M,BOL,2025,1st,,5,Sun,2025-04-27,19:30,Bolívar,5.0,Blooming,1.0,,Estadio Hernando Siles,Gery Vargas,,https://fbref.com/en/matches/4cface54/Bolivar-Blooming-April-27-2025-Bolivian-Primera-Division
División de Fútbol Profesional,M,BOL,2025,1st,,6,Fri,2025-05-02,15:00,San Antonio Bulo Bulo,4.0,Indep Petrolero,2.0,,Estadio Dr. Carlos Villegas,Carlos Arteaga,,https://fbref.com/en/matches/5df5541c/San-Antonio-Bulo-Bulo-Independiente-Petrolero-May-2-2025-Bolivian-Primera-Division
División de Fútbol Profesional,M,BOL,2025,1st,,6,Sat,2025-05-03,17:30,The Strongest,5.0,Guabirá,1.0,,Estadio Hernando Siles,Bruno Vera,,https://fbref.com/en/matches/499e2b18/The-Strongest-Guabira-May-3-2025-Bolivian-Primera-Division
División de Fútbol Profesional,M,BOL,2025,1st,,6,Sat,2025-05-03,20:30,Real Tomayapo,0.0,Aurora,0.0,,Estadio IV Centenario,Ivo Méndez,,https://fbref.com/en/matches/5eb4bab0/Real-Tomayapo-Aurora-May-3-2025-Bolivian-Primera-Division
División de Fútbol Profesional,M,BOL,2025,1st,,6,Sun,2025-05-04,15:00,ABB,0.0,Bolívar,3.0,,Estadio Municipal El Alto,Gabriel Mendoza,,https://fbref.com/en/matches/aa7c2789/ABB-Bolivar-May-4-2025-Bolivian-Primera-Division
División de Fútbol Profesional,M,BOL,2025,1st,,6,Sun,2025-05-04,17:15,Wilstermann,2.0,Always Ready,7.0,,Estadio Félix Capriles,Dilio Rodríguez,,https://fbref.com/en/matches/e400200d/Jorge-Wilstermann-Always-Ready-May-4-2025-Bolivian-Primera-Division
División de Fútbol Profesional,M,BOL,2025,1st,,6,Sun,2025-05-04,20:15,Blooming,5.0,GV San José,1.0,,Estadio Gilberto Parada,Nunzio Di Roberto,,https://fbref.com/en/matches/17fba081/Blooming-GV-San-Jose-May-4-2025-Bolivian-Primera-Division
División de Fútbol Profesional,M,BOL,2025,1st,,6,Mon,2025-05-05,15:00,Real Oruro,2.0,FC Universitario,0.0,,Estadio Jesús Bermúdez,Ronald Mamani,,https://fbref.com/en/matches/d7474cdd/Real-Oruro-FC-Universitario-May-5-2025-Bolivian-Primera-Division
División de Fútbol Profesional,M,BOL,2025,1st,,7,Fri,2025-05-09,20:00,Blooming,3.0,Wilstermann,1.0,,Estadio Gilberto Parada,Christian Aleman,,https://fbref.com/en/matches/113521cb/Blooming-Jorge-Wilstermann-May-9-2025-Bolivian-Primera-Division
División de Fútbol Profesional,M,BOL,2025,1st,,7,Sat,2025-05-10,15:00,FC Universitario,2.0,ABB,0.0,,Estadio Félix Capriles,Luis Villarroel,,https://fbref.com/en/matches/aa0ec83e/FC-Universitario-ABB-May-10-2025-Bolivian-Primera-Division
División de Fútbol Profesional,M,BOL,2025,1st,,7,Sat,2025-05-10,17:15,Guabirá,3.0,Real Oruro,1.0,,Estadio Gilberto Parada,Renan Castillo,,https://fbref.com/en/matches/a3edbcad/Guabira-Real-Oruro-May-10-2025-Bolivian-Primera-Division
División de Fútbol Profesional,M,BOL,2025,1st,,7,Sat,2025-05-10,20:00,Indep Petrolero,5.0,Oriente Petrolero,2.0,,Estadio Olímpico Patria,Nunzio Di Roberto,,https://fbref.com/en/matches/f2eac7f2/Independiente-Petrolero-Oriente-Petrolero-May-10-2025-Bolivian-Primera-Division
División de Fútbol Profesional,M,BOL,2025,1st,,7,Sun,2025-05-11,15:00,Always Ready,1.0,Real Tomayapo,1.0,,Estadio Municipal El Alto,Javier Revollo,,https://fbref.com/en/matches/12f11383/Always-Ready-Real-Tomayapo-May-11-2025-Bolivian-Primera-Division
División de Fútbol Profesional,M,BOL,2025,1st,,7,Sun,2025-05-11,17:15,The Strongest,6.0,San Antonio Bulo Bulo,3.0,,Estadio Hernando Siles,Ivo Méndez,,https://fbref.com/en/matches/2be1365d/The-Strongest-San-Antonio-Bulo-Bulo-May-11-2025-Bolivian-Primera-Division
División de Fútbol Profesional,M,BOL,2025,1st,,7,Sun,2025-05-11,19:30,Aurora,0.0,Bolívar,2.0,,Estadio Félix Capriles,Carlos Arteaga,,https://fbref.com/en/matches/7113b757/Aurora-Bolivar-May-11-2025-Bolivian-Primera-Division
División de Fútbol Profesional,M,BOL,2025,1st,,8,Fri,2025-05-16,15:00,ABB,1.0,Guabirá,1.0,,Estadio Municipal El Alto,Bladimir Rueda,,https://fbref.com/en/matches/1a9f0b05/ABB-Guabira-May-16-2025-Bolivian-Primera-Division
División de Fútbol Profesional,M,BOL,2025,1st,,8,Fri,2025-05-16,18:00,Nacional Potosí,3.0,Aurora,1.0,,Estadio Victor Agustín Ugarte,Santiago Silva,,https://fbref.com/en/matches/cbe7a533/Nacional-Potosi-Aurora-May-16-2025-Bolivian-Primera-Division
División de Fútbol Profesional,M,BOL,2025,1st,,8,Fri,2025-05-16,20:30,Real Tomayapo,3.0,Indep Petrolero,3.0,,Estadio IV Centenario,Charles Terrazas,,https://fbref.com/en/matches/8fd78571/Real-Tomayapo-Independiente-Petrolero-May-16-2025-Bolivian-Primera-Division
División de Fútbol Profesional,M,BOL,2025,1st,,8,Sat,2025-05-17,15:00,Real Oruro,2.0,Always Ready,2.0,,Estadio Jesús Bermúdez,Dilio Rodríguez,,https://fbref.com/en/matches/3c91be85/Real-Oruro-Always-Ready-May-17-2025-Bolivian-Primera-Division
División de Fútbol Profesional,M,BOL,2025,1st,,8,Sat,2025-05-17,17:30,Wilstermann,0.0,FC Universitario,2.0,,Estadio Félix Capriles,Bruno Vera,,https://fbref.com/en/matches/c53fd569/Jorge-Wilstermann-FC-Universitario-May-17-2025-Bolivian-Primera-Division
División de Fútbol Profesional,M,BOL,2025,1st,,8,Sun,2025-05-18,15:00,San Antonio Bulo Bulo,2.0,Blooming,2.0,,Estadio Dr. Carlos Villegas,Gabriel Mendoza,,https://fbref.com/en/matches/0ecacf6b/San-Antonio-Bulo-Bulo-Blooming-May-18-2025-Bolivian-Primera-Division
División de Fútbol Profesional,M,BOL,2025,1st,,8,Sun,2025-05-18,19:30,Oriente Petrolero,3.0,The Strongest,2.0,,Estadio Gilberto Parada,Gery Vargas,,https://fbref.com/en/matches/e0f3f153/Oriente-Petrolero-The-Strongest-May-18-2025-Bolivian-Primera-Division
División de Fútbol Profesional,M,BOL,2025,1st,,9,Sat,2025-05-24,15:00,FC Universitario,1.0,Bolívar,1.0,,Estadio Félix Capriles,Angel Flores,,https://fbref.com/en/matches/f358b610/FC-Universitario-Bolivar-May-24-2025-Bolivian-Primera-Division
División de Fútbol Profesional,M,BOL,2025,1st,,9,Sat,2025-05-24,19:00,Blooming,0.0,Nacional Potosí,0.0,,Estadio Ramón Aguilera Costas,Christian Aleman,,https://fbref.com/en/matches/661920da/Blooming-Nacional-Potosi-May-24-2025-Bolivian-Primera-Division
División de Fútbol Profesional,M,BOL,2025,1st,,9,Sun,2025-05-25,15:00,Always Ready,5.0,San Antonio Bulo Bulo,2.0,,Estadio Municipal El Alto,Ivo Méndez,,https://fbref.com/en/matches/66a0e379/Always-Ready-San-Antonio-Bulo-Bulo-May-25-2025-Bolivian-Primera-Division
División de Fútbol Profesional,M,BOL,2025,1st,,9,Sun,2025-05-25,17:15,GV San José,0.0,Real Oruro,0.0,,Estadio Jesús Bermúdez,Javier Revollo,,https://fbref.com/en/matches/cb163592/GV-San-Jose-Real-Oruro-May-25-2025-Bolivian-Primera-Division
División de Fútbol Profesional,M,BOL,2025,1st,,9,Sun,2025-05-25,19:30,Guabirá,1.0,Oriente Petrolero,3.0,,Estadio Gilberto Parada,Dilio Rodríguez,,https://fbref.com/en/matches/2452ac17/Guabira-Oriente-Petrolero-May-25-2025-Bolivian-Primera-Division
División de Fútbol Profesional,M,BOL,2025,1st,,9,Mon,2025-05-26,18:00,The Strongest,3.0,ABB,2.0,,Estadio Hernando Siles,Mijail Lopez,,https://fbref.com/en/matches/9f0662f8/The-Strongest-ABB-May-26-2025-Bolivian-Primera-Division
División de Fútbol Profesional,M,BOL,2025,1st,,9,Mon,2025-05-26,20:30,Indep Petrolero,2.0,Aurora,4.0,,Estadio Olímpico Patria,Carlos Arteaga,,https://fbref.com/en/matches/fa3169dd/Independiente-Petrolero-Aurora-May-26-2025-Bolivian-Primera-Division
División de Fútbol Profesional,M,BOL,2025,1st,,9,Tue,2025-05-27,19:00,Wilstermann,0.0,Real Tomayapo,0.0,,Estadio Félix Capriles,Nunzio Di Roberto,,https://fbref.com/en/matches/16fa49d2/Jorge-Wilstermann-Real-Tomayapo-May-27-2025-Bolivian-Primera-Division
División de Fútbol Profesional,M,BOL,2025,1st,,7,Sun,2025-06-01,16:00,GV San José,1.0,Nacional Potosí,0.0,,Estadio Jesús Bermúdez,Ramiro Ticona,,https://fbref.com/en/matches/6c3e8805/GV-San-Jose-Nacional-Potosi-June-1-2025-Bolivian-Primera-Division
División de Fútbol Profesional,M,BOL,2025,1st,,8,Sun,2025-06-08,17:15,Bolívar,1.0,GV San José,3.0,,Estadio Hernando Siles,Jordy Aleman,,https://fbref.com/en/matches/8f5df84e/Bolivar-GV-San-Jose-June-8-2025-Bolivian-Primera-Division
División de Fútbol Profesional,M,BOL,2025,1st,,10,Sat,2025-06-14,15:00,San Antonio Bulo Bulo,1.0,Guabirá,1.0,,Estadio Félix Capriles,Nunzio Di Roberto,,https://fbref.com/en/matches/dc18dc73/San-Antonio-Bulo-Bulo-Guabira-June-14-2025-Bolivian-Primera-Division
División de Fútbol Profesional,M,BOL,2025,1st,,10,Sat,2025-06-14,17:30,Real Oruro,1.0,The Strongest,2.0,,Estadio Jesús Bermúdez,Ronald Mamani,,https://fbref.com/en/matches/fcaff988/Real-Oruro-The-Strongest-June-14-2025-Bolivian-Primera-Division
División de Fútbol Profesional,M,BOL,2025,1st,,10,Sat,2025-06-14,20:00,Real Tomayapo,2.0,Blooming,2.0,,Estadio IV Centenario,Cristian Condori,,https://fbref.com/en/matches/757e2952/Real-Tomayapo-Blooming-June-14-2025-Bolivian-Primera-Division
División de Fútbol Profesional,M,BOL,2025,1st,,10,Sat,2025-06-14,20:30,Aurora,3.0,GV San José,1.0,,Estadio Félix Capriles,Santiago Silva,,https://fbref.com/en/matches/dce1303a/Aurora-GV-San-Jose-June-14-2025-Bolivian-Primera-Division
División de Fútbol Profesional,M,BOL,2025,1st,,10,Sun,2025-06-15,17:15,Bolívar,2.0,Always Ready,2.0,,Estadio Hernando Siles,Gabriel Mendoza,,https://fbref.com/en/matches/d5772c46/Bolivar-Always-Ready-June-15-2025-Bolivian-Primera-Division
División de Fútbol Profesional,M,BOL,2025,1st,,10,Sun,2025-06-15,19:30,Oriente Petrolero,2.0,Wilstermann,0.0,,Estadio Gilberto Parada,Renan Castillo,,https://fbref.com/en/matches/4ee27177/Oriente-Petrolero-Jorge-Wilstermann-June-15-2025-Bolivian-Primera-Division
División de Fútbol Profesional,M,BOL,2025,1st,,11,Fri,2025-06-20,18:00,GV San José,4.0,Guabirá,1.0,,Estadio Jesús Bermúdez,Jose Quintanilla,,https://fbref.com/en/matches/1b87e8ea/GV-San-Jose-Guabira-June-20-2025-Bolivian-Primera-Division
División de Fútbol Profesional,M,BOL,2025,1st,,11,Fri,2025-06-20,20:30,Real Tomayapo,3.0,Real Oruro,2.0,,Estadio IV Centenario,Dilio Rodríguez,,https://fbref.com/en/matches/d3270f77/Real-Tomayapo-Real-Oruro-June-20-2025-Bolivian-Primera-Division
División de Fútbol Profesional,M,BOL,2025,1st,,11,Sat,2025-06-21,15:00,Always Ready,5.0,ABB,2.0,,Estadio Municipal El Alto,Javier Revollo,,https://fbref.com/en/matches/79795026/Always-Ready-ABB-June-21-2025-Bolivian-Primera-Division
División de Fútbol Profesional,M,BOL,2025,1st,,11,Sat,2025-06-21,17:30,FC Universitario,1.0,San Antonio Bulo Bulo,1.0,,Estadio Félix Capriles,Carlos Garcia,,https://fbref.com/en/matches/eda85192/FC-Universitario-San-Antonio-Bulo-Bulo-June-21-2025-Bolivian-Primera-Division
División de Fútbol Profesional,M,BOL,2025,1st,,11,Sat,2025-06-21,20:00,Indep Petrolero,1.0,Nacional Potosí,1.0,,Estadio Olímpico Patria,Jordy Aleman,,https://fbref.com/en/matches/28ef284a/Independiente-Petrolero-Nacional-Potosi-June-21-2025-Bolivian-Primera-Division
División de Fútbol Profesional,M,BOL,2025,1st,,11,Sun,2025-06-22,15:00,Bolívar,1.0,The Strongest,2.0,,Estadio Hernando Siles,Gery Vargas,,https://fbref.com/en/matches/6c7129ca/Bolivar-The-Strongest-June-22-2025-Bolivian-Primera-Division
División de Fútbol Profesional,M,BOL,2025,1st,,11,Sun,2025-06-22,17:15,Blooming,2.0,Oriente Petrolero,1.0,,Estadio Gilberto Parada,Ivo Méndez,,https://fbref.com/en/matches/9f9ee922/Blooming-Oriente-Petrolero-June-22-2025-Bolivian-Primera-Division
División de Fútbol Profesional,M,BOL,2025,1st,,11,Sun,2025-06-22,19:30,Wilstermann,1.0,Aurora,1.0,,Estadio Félix Capriles,Bruno Vera,,https://fbref.com/en/matches/3fcdd3c4/Jorge-Wilstermann-Aurora-June-22-2025-Bolivian-Primera-Division
División de Fútbol Profesional,M,BOL,2025,1st,,12,Sat,2025-06-28,15:00,San Antonio Bulo Bulo,2.0,GV San José,0.0,,Estadio Félix Capriles,Luis Villarroel,,https://fbref.com/en/matches/8697f374/San-Antonio-Bulo-Bulo-GV-San-Jose-June-28-2025-Bolivian-Primera-Division
División de Fútbol Profesional,M,BOL,2025,1st,,12,Sat,2025-06-28,17:30,Oriente Petrolero,2.0,Real Tomayapo,1.0,,Estadio Ramón Aguilera Costas,Angel Flores,,https://fbref.com/en/matches/8568890b/Oriente-Petrolero-Real-Tomayapo-June-28-2025-Bolivian-Primera-Division
División de Fútbol Profesional,M,BOL,2025,1st,,12,Sun,2025-06-29,15:00,Nacional Potosí,1.0,Bolívar,1.0,,Estadio Victor Agustín Ugarte,Christian Aleman,,https://fbref.com/en/matches/e3cf976c/Nacional-Potosi-Bolivar-June-29-2025-Bolivian-Primera-Division
División de Fútbol Profesional,M,BOL,2025,1st,,12,Sun,2025-06-29,17:15,Aurora,1.0,Always Ready,1.0,,Estadio Félix Capriles,Ivo Méndez,,https://fbref.com/en/matches/1c3daf60/Aurora-Always-Ready-June-29-2025-Bolivian-Primera-Division
División de Fútbol Profesional,M,BOL,2025,1st,,12,Sun,2025-06-29,19:30,The Strongest,3.0,FC Universitario,2.0,,Estadio Hernando Siles,Dilio Rodríguez,,https://fbref.com/en/matches/59d79761/The-Strongest-FC-Universitario-June-29-2025-Bolivian-Primera-Division
División de Fútbol Profesional,M,BOL,2025,1st,,12,Mon,2025-06-30,15:00,ABB,1.0,Blooming,1.0,,Estadio Municipal El Alto,Gustavo Vera,,https://fbref.com/en/matches/ec166f14/ABB-Blooming-June-30-2025-Bolivian-Primera-Division
División de Fútbol Profesional,M,BOL,2025,1st,,12,Mon,2025-06-30,17:30,Real Oruro,3.0,Wilstermann,1.0,,Estadio Jesús Bermúdez,Nunzio Di Roberto,,https://fbref.com/en/matches/53b5194a/Real-Oruro-Jorge-Wilstermann-June-30-2025-Bolivian-Primera-Division
División de Fútbol Profesional,M,BOL,2025,1st,,12,Mon,2025-06-30,20:00,Guabirá,1.0,Indep Petrolero,1.0,,Estadio Gilberto Parada,Gery Vargas,,https://fbref.com/en/matches/93d9f4c9/Guabira-Independiente-Petrolero-June-30-2025-Bolivian-Primera-Division
División de Fútbol Profesional,M,BOL,2025,1st,,13,Sat,2025-07-05,17:30,Real Tomayapo,1.0,San Antonio Bulo Bulo,1.0,,Estadio IV Centenario,Luis Villarroel,,https://fbref.com/en/matches/81473a54/Real-Tomayapo-San-Antonio-Bulo-Bulo-July-5-2025-Bolivian-Primera-Division
División de Fútbol Profesional,M,BOL,2025,1st,,13,Sat,2025-07-05,20:00,FC Universitario,1.0,Aurora,2.0,,Estadio Félix Capriles,Charles Terrazas,,https://fbref.com/en/matches/9aebdfaf/FC-Universitario-Aurora-July-5-2025-Bolivian-Primera-Division
División de Fútbol Profesional,M,BOL,2025,1st,,13,Sun,2025-07-06,15:00,Always Ready,7.0,The Strongest,2.0,,Estadio Municipal El Alto,Dilio Rodríguez,,https://fbref.com/en/matches/79786a9f/Always-Ready-The-Strongest-July-6-2025-Bolivian-Primera-Division
División de Fútbol Profesional,M,BOL,2025,1st,,13,Sun,2025-07-06,17:30,GV San José,5.0,Oriente Petrolero,1.0,,Estadio Jesús Bermúdez,Rodolfo Penarrieta,,https://fbref.com/en/matches/3894d421/GV-San-Jose-Oriente-Petrolero-July-6-2025-Bolivian-Primera-Division
División de Fútbol Profesional,M,BOL,2025,1st,,13,Sun,2025-07-06,19:30,Blooming,4.0,Real Oruro,2.0,,Estadio Ramón Aguilera Costas,Ronald Mamani,,https://fbref.com/en/matches/e57f294f/Blooming-Real-Oruro-July-6-2025-Bolivian-Primera-Division
División de Fútbol Profesional,M,BOL,2025,1st,,13,Mon,2025-07-07,15:00,ABB,2.0,Nacional Potosí,2.0,,Estadio Municipal El Alto,Javier Revollo,,https://fbref.com/en/matches/7aed91d7/ABB-Nacional-Potosi-July-7-2025-Bolivian-Primera-Division
División de Fútbol Profesional,M,BOL,2025,1st,,13,Mon,2025-07-07,18:00,Bolívar,4.0,Indep Petrolero,0.0,,Estadio Hernando Siles,Ivo Méndez,,https://fbref.com/en/matches/98336a61/Bolivar-Independiente-Petrolero-July-7-2025-Bolivian-Primera-Division
División de Fútbol Profesional,M,BOL,2025,1st,,13,Mon,2025-07-07,20:00,Wilstermann,1.0,Guabirá,1.0,,Estadio Félix Capriles,Cristian Condori,,https://fbref.com/en/matches/be6169d3/Jorge-Wilstermann-Guabira-July-7-2025-Bolivian-Primera-Division
División de Fútbol Profesional,M,BOL,2025,1st,,14,Fri,2025-07-11,19:00,Guabirá,5.0,Always Ready,0.0,,Estadio Gilberto Parada,Cristian Condori,,https://fbref.com/en/matches/4af63d11/Guabira-Always-Ready-July-11-2025-Bolivian-Primera-Division
División de Fútbol Profesional,M,BOL,2025,1st,,14,Sat,2025-07-12,15:00,Indep Petrolero,1.0,FC Universitario,1.0,,Estadio Olímpico Patria,Miguel Balboa,,https://fbref.com/en/matches/520952bf/Independiente-Petrolero-FC-Universitario-July-12-2025-Bolivian-Primera-Division
División de Fútbol Profesional,M,BOL,2025,1st,,14,Sat,2025-07-12,17:30,The Strongest,6.0,Real Tomayapo,0.0,,Estadio Hernando Siles,Ivo Méndez,,https://fbref.com/en/matches/a3942523/The-Strongest-Real-Tomayapo-July-12-2025-Bolivian-Primera-Division
División de Fútbol Profesional,M,BOL,2025,1st,,14,Sun,2025-07-13,17:15,GV San José,2.0,Wilstermann,1.0,,Estadio Jesús Bermúdez,Nunzio Di Roberto,,https://fbref.com/en/matches/b373773e/GV-San-Jose-Jorge-Wilstermann-July-13-2025-Bolivian-Primera-Division
División de Fútbol Profesional,M,BOL,2025,1st,,14,Sun,2025-07-13,19:30,Oriente Petrolero,3.0,ABB,3.0,,Estadio Gilberto Parada,Ronald Villegas,,https://fbref.com/en/matches/e4fb1d59/Oriente-Petrolero-ABB-July-13-2025-Bolivian-Primera-Division
División de Fútbol Profesional,M,BOL,2025,1st,,14,Mon,2025-07-14,18:00,Nacional Potosí,2.0,Real Oruro,3.0,,Estadio Victor Agustín Ugarte,Juan Huanca,,https://fbref.com/en/matches/817424f1/Nacional-Potosi-Real-Oruro-July-14-2025-Bolivian-Primera-Division
División de Fútbol Profesional,M,BOL,2025,1st,,15,Sat,2025-07-19,15:00,ABB,2.0,Aurora,1.0,,Estadio Municipal El Alto,Elvis Rodriguez,,https://fbref.com/en/matches/e994ba1c/ABB-Aurora-July-19-2025-Bolivian-Primera-Division
División de Fútbol Profesional,M,BOL,2025,1st,,15,Sat,2025-07-19,17:30,Bolívar,1.0,Oriente Petrolero,0.0,,Estadio Hernando Siles,Dilio Rodríguez,,https://fbref.com/en/matches/a282c1e7/Bolivar-Oriente-Petrolero-July-19-2025-Bolivian-Primera-Division
División de Fútbol Profesional,M,BOL,2025,1st,,15,Sat,2025-07-19,20:00,FC Universitario,4.0,GV San José,0.0,,Estadio Félix Capriles,Jordy Aleman,,https://fbref.com/en/matches/7f843049/FC-Universitario-GV-San-Jose-July-19-2025-Bolivian-Primera-Division
División de Fútbol Profesional,M,BOL,2025,1st,,15,Sun,2025-07-20,15:00,Real Oruro,0.0,San Antonio Bulo Bulo,2.0,,Estadio Jesús Bermúdez,Herlan Salazar,,https://fbref.com/en/matches/456e8d77/Real-Oruro-San-Antonio-Bulo-Bulo-July-20-2025-Bolivian-Primera-Division
División de Fútbol Profesional,M,BOL,2025,1st,,15,Sun,2025-07-20,17:15,Always Ready,5.0,Indep Petrolero,0.0,,Estadio Municipal El Alto,Ivo Méndez,,https://fbref.com/en/matches/399ebd6d/Always-Ready-Independiente-Petrolero-July-20-2025-Bolivian-Primera-Division
División de Fútbol Profesional,M,BOL,2025,1st,,15,Sun,2025-07-20,19:30,Wilstermann,1.0,The Strongest,2.0,,Estadio Félix Capriles,Mijail Lopez,,https://fbref.com/en/matches/77ae4036/Jorge-Wilstermann-The-Strongest-July-20-2025-Bolivian-Primera-Division
División de Fútbol Profesional,M,BOL,2025,1st,,15,Mon,2025-07-21,19:00,Blooming,2.0,Guabirá,1.0,,Estadio Gilberto Parada,Luis Villarroel,,https://fbref.com/en/matches/240f1957/Blooming-Guabira-July-21-2025-Bolivian-Primera-Division
División de Fútbol Profesional,M,BOL,2025,1st,,15,Tue,2025-07-22,19:00,Real Tomayapo,0.0,Nacional Potosí,1.0,,Estadio IV Centenario,Cristian Condori,,https://fbref.com/en/matches/2a5b6458/Real-Tomayapo-Nacional-Potosi-July-22-2025-Bolivian-Primera-Division
División de Fútbol Profesional,M,BOL,2025,1st,,10,Tue,2025-07-29,17:30,ABB,0.0,Indep Petrolero,2.0,,Estadio Municipal El Alto,Ivo Méndez,,https://fbref.com/en/matches/4ed15734/ABB-Independiente-Petrolero-July-29-2025-Bolivian-Primera-Division
División de Fútbol Profesional,M,BOL,2025,1st,,6,Tue,2025-07-29,20:00,Nacional Potosí,4.0,Oriente Petrolero,1.0,,Estadio Victor Agustín Ugarte,Gery Vargas,,https://fbref.com/en/matches/a2c2c276/Nacional-Potosi-Oriente-Petrolero-July-29-2025-Bolivian-Primera-Division
División de Fútbol Profesional,M,BOL,2025,1st,,16,Sat,2025-08-02,15:00,San Antonio Bulo Bulo,4.0,ABB,0.0,,Estadio Dr. Carlos Villegas,Cristian Condori,,https://fbref.com/en/matches/90fbb8f8/San-Antonio-Bulo-Bulo-ABB-August-2-2025-Bolivian-Primera-Division
División de Fútbol Profesional,M,BOL,2025,1st,,16,Sat,2025-08-02,17:30,Real Oruro,3.0,Bolívar,1.0,,Estadio Jesús Bermúdez,Dilio Rodríguez,,https://fbref.com/en/matches/6d4830f3/Real-Oruro-Bolivar-August-2-2025-Bolivian-Primera-Division
División de Fútbol Profesional,M,BOL,2025,1st,,16,Sat,2025-08-02,20:00,Real Tomayapo,2.0,GV San José,1.0,,Estadio IV Centenario,Charles Terrazas,,https://fbref.com/en/matches/042e4a79/Real-Tomayapo-GV-San-Jose-August-2-2025-Bolivian-Primera-Division
División de Fútbol Profesional,M,BOL,2025,1st,,16,Sun,2025-08-03,15:00,Guabirá,3.0,FC Universitario,0.0,,Estadio Gilberto Parada,Gabriel Mendoza,,https://fbref.com/en/matches/75c15edf/Guabira-FC-Universitario-August-3-2025-Bolivian-Primera-Division
División de Fútbol Profesional,M,BOL,2025,1st,,16,Sun,2025-08-03,17:15,The Strongest,3.0,Blooming,2.0,,Estadio Hernando Siles,Bruno Vera,,https://fbref.com/en/matches/d3261966/The-Strongest-Blooming-August-3-2025-Bolivian-Primera-Division
División de Fútbol Profesional,M,BOL,2025,1st,,16,Mon,2025-08-04,15:00,Oriente Petrolero,3.0,Aurora,0.0,,Estadio Gilberto Parada,Jordy Aleman,,https://fbref.com/en/matches/63c8e431/Oriente-Petrolero-Aurora-August-4-2025-Bolivian-Primera-Division
División de Fútbol Profesional,M,BOL,2025,1st,,16,Mon,2025-08-04,17:30,Always Ready,1.0,Nacional Potosí,0.0,,Estadio Municipal El Alto,Luis Villarroel,,https://fbref.com/en/matches/28e34a4a/Always-Ready-Nacional-Potosi-August-4-2025-Bolivian-Primera-Division
División de Fútbol Profesional,M,BOL,2025,1st,,14,Wed,2025-08-06,15:00,San Antonio Bulo Bulo,0.0,Bolívar,1.0,,Estadio Félix Capriles,Ivo Méndez,,https://fbref.com/en/matches/fe0fbebf/San-Antonio-Bulo-Bulo-Bolivar-August-6-2025-Bolivian-Primera-Division
División de Fútbol Profesional,M,BOL,2025,1st,,17,Fri,2025-08-08,15:00,FC Universitario,2.0,Oriente Petrolero,1.0,,Estadio Félix Capriles,Angel Flores,,https://fbref.com/en/matches/ba14e891/FC-Universitario-Oriente-Petrolero-August-8-2025-Bolivian-Primera-Division
División de Fútbol Profesional,M,BOL,2025,1st,,17,Fri,2025-08-08,18:00,ABB,1.0,Real Oruro,2.0,,Estadio Municipal El Alto,Renan Castillo,,https://fbref.com/en/matches/20512cd8/ABB-Real-Oruro-August-8-2025-Bolivian-Primera-Division
División de Fútbol Profesional,M,BOL,2025,1st,,17,Sat,2025-08-09,17:30,Nacional Potosí,0.0,The Strongest,2.0,,Estadio Victor Agustín Ugarte,Carlos Garcia,,https://fbref.com/en/matches/df855dca/Nacional-Potosi-The-Strongest-August-9-2025-Bolivian-Primera-Division
División de Fútbol Profesional,M,BOL,2025,1st,,17,Sat,2025-08-09,20:00,Bolívar,5.0,Real Tomayapo,0.0,,Estadio Hernando Siles,Santiago Silva,,https://fbref.com/en/matches/3224e176/Bolivar-Real-Tomayapo-August-9-2025-Bolivian-Primera-Division
División de Fútbol Profesional,M,BOL,2025,1st,,17,Sun,2025-08-10,15:00,GV San José,2.0,Indep Petrolero,1.0,,Estadio Jesús Bermúdez,Miguel Balboa,,https://fbref.com/en/matches/be30c0c5/GV-San-Jose-Independiente-Petrolero-August-10-2025-Bolivian-Primera-Division
División de Fútbol Profesional,M,BOL,2025,1st,,17,Sun,2025-08-10,17:15,Blooming,1.0,Always Ready,0.0,,Estadio Gilberto Parada,Dilio Rodríguez,,https://fbref.com/en/matches/5ac4ed11/Blooming-Always-Ready-August-10-2025-Bolivian-Primera-Division
División de Fútbol Profesional,M,BOL,2025,1st,,17,Sun,2025-08-10,19:30,Aurora,0.0,Guabirá,2.0,,Estadio Félix Capriles,Nunzio Di Roberto,,https://fbref.com/en/matches/48642f37/Aurora-Guabira-August-10-2025-Bolivian-Primera-Division
División de Fútbol Profesional,M,BOL,2025,1st,,10,Tue,2025-08-12,18:00,Nacional Potosí,5.0,FC Universitario,1.0,,Estadio Victor Agustín Ugarte,Javier Revollo,,https://fbref.com/en/matches/60045ac6/Nacional-Potosi-FC-Universitario-August-12-2025-Bolivian-Primera-Division
División de Fútbol Profesional,M,BOL,2025,1st,,17,Tue,2025-08-12,20:30,Wilstermann,0.0,San Antonio Bulo Bulo,3.0,,Estadio Félix Capriles,Gustavo Vera,,https://fbref.com/en/matches/233f7f12/Jorge-Wilstermann-San-Antonio-Bulo-Bulo-August-12-2025-Bolivian-Primera-Division
División de Fútbol Profesional,M,BOL,2025,1st,,14,Wed,2025-08-13,18:00,Aurora,4.0,Blooming,1.0,,Estadio Félix Capriles,Mijail Lopez,,https://fbref.com/en/matches/64fc91d3/Aurora-Blooming-August-13-2025-Bolivian-Primera-Division
División de Fútbol Profesional,M,BOL,2025,1st,,16,Wed,2025-08-20,19:30,Indep Petrolero,2.0,Wilstermann,1.0,,Estadio Olímpico Patria,Luis Villarroel,,https://fbref.com/en/matches/25bd4f38/Independiente-Petrolero-Jorge-Wilstermann-August-20-2025-Bolivian-Primera-Division
División de Fútbol Profesional,M,BOL,2025,1st,,18,Fri,2025-08-22,15:00,Always Ready,2.0,Oriente Petrolero,0.0,,Estadio Municipal El Alto,Bruno Vera,,https://fbref.com/en/matches/9dce7cdb/Always-Ready-Oriente-Petrolero-August-22-2025-Bolivian-Primera-Division
División de Fútbol Profesional,M,BOL,2025,1st,,18,Fri,2025-08-22,19:00,Real Tomayapo,2.0,ABB,1.0,,Estadio IV Centenario,Dilio Rodríguez,,https://fbref.com/en/matches/15839467/Real-Tomayapo-ABB-August-22-2025-Bolivian-Primera-Division
División de Fútbol Profesional,M,BOL,2025,1st,,18,Sat,2025-08-23,11:00,The Strongest,2.0,GV San José,1.0,,Estadio Hernando Siles,Ivo Méndez,,https://fbref.com/en/matches/94ce0671/The-Strongest-GV-San-Jose-August-23-2025-Bolivian-Primera-Division
División de Fútbol Profesional,M,BOL,2025,1st,,18,Sat,2025-08-23,15:00,San Antonio Bulo Bulo,1.0,Aurora,2.0,,Estadio Dr. Carlos Villegas,José Mena,,https://fbref.com/en/matches/bfc8486f/San-Antonio-Bulo-Bulo-Aurora-August-23-2025-Bolivian-Primera-Division
División de Fútbol Profesional,M,BOL,2025,1st,,18,Sat,2025-08-23,20:00,Guabirá,1.0,Nacional Potosí,0.0,,Estadio Gilberto Parada,Cristian Condori,,https://fbref.com/en/matches/bb7252e4/Guabira-Nacional-Potosi-August-23-2025-Bolivian-Primera-Division
División de Fútbol Profesional,M,BOL,2025,1st,,18,Sun,2025-08-24,15:00,Blooming,1.0,FC Universitario,0.0,,Estadio Gilberto Parada,Jordy Aleman,,https://fbref.com/en/matches/147cdeed/Blooming-FC-Universitario-August-24-2025-Bolivian-Primera-Division
División de Fútbol Profesional,M,BOL,2025,1st,,18,Sun,2025-08-24,17:15,Real Oruro,3.0,Indep Petrolero,4.0,,Estadio Jesús Bermúdez,Herlan Salazar,,https://fbref.com/en/matches/9e6775eb/Real-Oruro-Independiente-Petrolero-August-24-2025-Bolivian-Primera-Division
División de Fútbol Profesional,M,BOL,2025,1st,,18,Sun,2025-08-24,19:30,Wilstermann,2.0,Bolívar,2.0,,Estadio Félix Capriles,Javier Revollo,,https://fbref.com/en/matches/acf2aff9/Jorge-Wilstermann-Bolivar-August-24-2025-Bolivian-Primera-Division
División de Fútbol Profesional,M,BOL,2025,1st,,19,Fri,2025-09-12,15:00,FC Universitario,1.0,Real Tomayapo,0.0,,Estadio Félix Capriles,Ronald Mamani,,https://fbref.com/en/matches/b3090457/FC-Universitario-Real-Tomayapo-September-12-2025-Bolivian-Primera-Division
División de Fútbol Profesional,M,BOL,2025,1st,,19,Fri,2025-09-12,20:00,Bolívar,4.0,Guabirá,0.0,,Estadio Hernando Siles,Javier Revollo,,https://fbref.com/en/matches/e0c531bf/Bolivar-Guabira-September-12-2025-Bolivian-Primera-Division
División de Fútbol Profesional,M,BOL,2025,1st,,19,Sat,2025-09-13,15:00,Oriente Petrolero,3.0,Real Oruro,0.0,,Estadio Real Santa Cruz,Nunzio Di Roberto,,https://fbref.com/en/matches/b4957b70/Oriente-Petrolero-Real-Oruro-September-13-2025-Bolivian-Primera-Division
División de Fútbol Profesional,M,BOL,2025,1st,,19,Sat,2025-09-13,17:30,Nacional Potosí,2.0,San Antonio Bulo Bulo,3.0,,Estadio Victor Agustín Ugarte,Dilio Rodríguez,,https://fbref.com/en/matches/3d28936c/Nacional-Potosi-San-Antonio-Bulo-Bulo-September-13-2025-Bolivian-Primera-Division
División de Fútbol Profesional,M,BOL,2025,1st,,19,Sun,2025-09-14,15:00,ABB,0.0,Wilstermann,0.0,,Estadio Municipal El Alto,Ivo Méndez,,https://fbref.com/en/matches/fb763fe6/ABB-Jorge-Wilstermann-September-14-2025-Bolivian-Primera-Division
División de Fútbol Profesional,M,BOL,2025,1st,,19,Sun,2025-09-14,17:15,GV San José,0.0,Always Ready,1.0,,Estadio Jesús Bermúdez,Bruno Vera,,https://fbref.com/en/matches/2558ae66/GV-San-Jose-Always-Ready-September-14-2025-Bolivian-Primera-Division
División de Fútbol Profesional,M,BOL,2025,1st,,19,Sun,2025-09-14,19:30,Aurora,2.0,The Strongest,1.0,,Estadio Félix Capriles,Jordy Aleman,,https://fbref.com/en/matches/43192a12/Aurora-The-Strongest-September-14-2025-Bolivian-Primera-Division
División de Fútbol Profesional,M,BOL,2025,1st,,19,Mon,2025-09-15,19:30,Indep Petrolero,3.0,Blooming,0.0,,Estadio Olímpico Patria,Gabriel Mendoza,,https://fbref.com/en/matches/8538e8eb/Independiente-Petrolero-Blooming-September-15-2025-Bolivian-Primera-Division
División de Fútbol Profesional,M,BOL,2025,1st,,20,Tue,2025-09-16,15:00,San Antonio Bulo Bulo,1.0,Oriente Petrolero,1.0,,Estadio Dr. Carlos Villegas,Renan Castillo,,https://fbref.com/en/matches/eaac812d/San-Antonio-Bulo-Bulo-Oriente-Petrolero-September-16-2025-Bolivian-Primera-Division
División de Fútbol Profesional,M,BOL,2025,1st,,20,Tue,2025-09-16,20:00,Real Oruro,5.0,Aurora,3.0,,Estadio Jesús Bermúdez,Jose Quintanilla,,https://fbref.com/en/matches/e7988143/Real-Oruro-Aurora-September-16-2025-Bolivian-Primera-Division
División de Fútbol Profesional,M,BOL,2025,1st,,20,Wed,2025-09-17,15:00,ABB,0.0,GV San José,0.0,,Estadio Municipal El Alto,Héctor Sandoval,,https://fbref.com/en/matches/5d73c633/ABB-GV-San-Jose-September-17-2025-Bolivian-Primera-Division
División de Fútbol Profesional,M,BOL,2025,1st,,20,Wed,2025-09-17,18:00,Wilstermann,2.0,Nacional Potosí,5.0,,Estadio Félix Capriles,Cristian Condori,,https://fbref.com/en/matches/c18d2655/Jorge-Wilstermann-Nacional-Potosi-September-17-2025-Bolivian-Primera-Division
