Competition_Name,Gender,Country,Season_End_Year,Tier,Round,Wk,Day,Date,Time,Home,HomeGoals,Away,AwayGoals,Attendance,Venue,Referee,Notes,MatchURL
Liga Profesional Ecuador,M,ECU,2014,1st,First stage,1,Sat,2014-01-25,12:00,Univ Católica,1.0,CD Cuenca,1.0,690.0,Estadio Olímpico Atahualpa,Diego Lara,,https://fbref.com/en/matches/5125f312/Univ-Catolica-CD-Cuenca-January-25-2014-Serie-A
Liga Profesional Ecuador,M,ECU,2014,1st,First stage,1,Sat,2014-01-25,12:00,Manta FC,1.0,LDU de Quito,0.0,682.0,Estadio Jocay,Omar Ponce,,https://fbref.com/en/matches/8a898157/Manta-FC-LDU-de-Quito-January-25-2014-Serie-A
Liga Profesional Ecuador,M,ECU,2014,1st,First stage,1,Sat,2014-01-25,15:00,Independiente,2.0,SD Quito,0.0,2579.0,Estadio General Rumiñahui del Valle de L...,José Espinel,,https://fbref.com/en/matches/3c7180e1/Independiente-SD-Quito-January-25-2014-Serie-A
Liga Profesional Ecuador,M,ECU,2014,1st,First stage,1,Sat,2014-01-25,15:00,LDU de Loja,2.0,El Nacional,1.0,4553.0,Estadio Federativo Reina del Cisne,Carlos Orbe,,https://fbref.com/en/matches/de82d2d9/LDU-de-Loja-El-Nacional-January-25-2014-Serie-A
Liga Profesional Ecuador,M,ECU,2014,1st,First stage,1,Sun,2014-01-26,12:00,CD Olmedo,2.0,Barcelona SC,1.0,13505.0,Estadio Olímpico de Riobamba,Roddy Zambrano,,https://fbref.com/en/matches/7f4fa714/CD-Olmedo-Barcelona-SC-January-26-2014-Serie-A
Liga Profesional Ecuador,M,ECU,2014,1st,First stage,1,Sun,2014-01-26,16:30,CS Emelec,1.0,Mushuc Runa,0.0,16718.0,Estadio Banco del Pacífico,Carlos Vera,,https://fbref.com/en/matches/d279dfd6/CS-Emelec-Mushuc-Runa-January-26-2014-Serie-A
Liga Profesional Ecuador,M,ECU,2014,1st,First stage,2,Wed,2014-01-29,16:00,Mushuc Runa,1.0,Univ Católica,2.0,1619.0,Estadio Bellavista de Ambato,Vinício Espínel,,https://fbref.com/en/matches/3a6ac409/Mushuc-Runa-Univ-Catolica-January-29-2014-Serie-A
Liga Profesional Ecuador,M,ECU,2014,1st,First stage,2,Wed,2014-01-29,16:00,El Nacional,0.0,CD Olmedo,3.0,3718.0,Estadio General Rumiñahui del Valle de L...,Edgar Hinostroza,,https://fbref.com/en/matches/f0ee5f7c/El-Nacional-CD-Olmedo-January-29-2014-Serie-A
Liga Profesional Ecuador,M,ECU,2014,1st,First stage,2,Wed,2014-01-29,19:00,LDU de Quito,2.0,LDU de Loja,2.0,4809.0,Estadio de Liga Deportiva Universitaria,Daniel Salazar,,https://fbref.com/en/matches/9e1b5ffc/LDU-de-Quito-LDU-de-Loja-January-29-2014-Serie-A
Liga Profesional Ecuador,M,ECU,2014,1st,First stage,2,Wed,2014-01-29,19:00,Barcelona SC,1.0,Manta FC,0.0,10277.0,Estadio Monumental Isidro Romero Carbo,Juan Albarracín,,https://fbref.com/en/matches/cc202da1/Barcelona-SC-Manta-FC-January-29-2014-Serie-A
Liga Profesional Ecuador,M,ECU,2014,1st,First stage,2,Wed,2014-01-29,20:00,CD Cuenca,1.0,Independiente,1.0,,Estadio Alejandro Serrano Aguilar,Mario Romero,,https://fbref.com/en/matches/89b51960/CD-Cuenca-Independiente-January-29-2014-Serie-A
Liga Profesional Ecuador,M,ECU,2014,1st,First stage,3,Sat,2014-02-01,16:00,CD Olmedo,0.0,SD Quito,0.0,5725.0,Estadio Olímpico de Riobamba,Carlos Orbe,,https://fbref.com/en/matches/0a46579f/CD-Olmedo-SD-Quito-February-1-2014-Serie-A
Liga Profesional Ecuador,M,ECU,2014,1st,First stage,3,Sun,2014-02-02,11:30,Univ Católica,4.0,Independiente,3.0,477.0,Estadio Olímpico Atahualpa,Edgar Hinostroza,,https://fbref.com/en/matches/15921918/Univ-Catolica-Independiente-February-2-2014-Serie-A
Liga Profesional Ecuador,M,ECU,2014,1st,First stage,3,Sun,2014-02-02,12:00,LDU de Quito,1.0,El Nacional,0.0,11266.0,Estadio de Liga Deportiva Universitaria,Samuel Haro,,https://fbref.com/en/matches/d14396f4/LDU-de-Quito-El-Nacional-February-2-2014-Serie-A
Liga Profesional Ecuador,M,ECU,2014,1st,First stage,3,Sun,2014-02-02,13:30,Manta FC,1.0,Mushuc Runa,1.0,3500.0,Estadio Jocay,Mario Romero,,https://fbref.com/en/matches/4a4826f8/Manta-FC-Mushuc-Runa-February-2-2014-Serie-A
Liga Profesional Ecuador,M,ECU,2014,1st,First stage,3,Sun,2014-02-02,15:00,LDU de Loja,1.0,Barcelona SC,1.0,12156.0,Estadio Federativo Reina del Cisne,José Espinel,,https://fbref.com/en/matches/8cfe469a/LDU-de-Loja-Barcelona-SC-February-2-2014-Serie-A
Liga Profesional Ecuador,M,ECU,2014,1st,First stage,3,Sun,2014-02-02,16:00,CS Emelec,3.0,CD Cuenca,0.0,14999.0,Estadio Banco del Pacífico,Vinício Espínel,,https://fbref.com/en/matches/4efb635e/CS-Emelec-CD-Cuenca-February-2-2014-Serie-A
Liga Profesional Ecuador,M,ECU,2014,1st,First stage,4,Sat,2014-02-08,15:30,El Nacional,2.0,Univ Católica,1.0,7751.0,Estadio Olímpico Atahualpa,Roddy Zambrano,,https://fbref.com/en/matches/ed911c64/El-Nacional-Univ-Catolica-February-8-2014-Serie-A
Liga Profesional Ecuador,M,ECU,2014,1st,First stage,4,Sat,2014-02-08,16:00,Mushuc Runa,0.0,LDU de Loja,1.0,2957.0,Estadio Bellavista de Ambato,Juan Albarracín,,https://fbref.com/en/matches/ab360e5e/Mushuc-Runa-LDU-de-Loja-February-8-2014-Serie-A
Liga Profesional Ecuador,M,ECU,2014,1st,First stage,4,Sun,2014-02-09,11:30,Independiente,0.0,CS Emelec,0.0,3427.0,Estadio General Rumiñahui del Valle de L...,Omar Ponce,,https://fbref.com/en/matches/3947c5bf/Independiente-CS-Emelec-February-9-2014-Serie-A
Liga Profesional Ecuador,M,ECU,2014,1st,First stage,4,Sun,2014-02-09,12:00,SD Quito,1.0,Manta FC,1.0,1510.0,Estadio Olímpico Atahualpa,Daniel Salazar,,https://fbref.com/en/matches/c5a436e1/SD-Quito-Manta-FC-February-9-2014-Serie-A
Liga Profesional Ecuador,M,ECU,2014,1st,First stage,4,Sun,2014-02-09,16:00,Barcelona SC,0.0,LDU de Quito,0.0,17287.0,Estadio Monumental Isidro Romero Carbo,Diego Lara,,https://fbref.com/en/matches/2f674b16/Barcelona-SC-LDU-de-Quito-February-9-2014-Serie-A
Liga Profesional Ecuador,M,ECU,2014,1st,First stage,4,Sun,2014-02-09,18:00,CD Cuenca,1.0,CD Olmedo,1.0,6096.0,Estadio Alejandro Serrano Aguilar,José Espinel,,https://fbref.com/en/matches/8b970102/CD-Cuenca-CD-Olmedo-February-9-2014-Serie-A
Liga Profesional Ecuador,M,ECU,2014,1st,First stage,5,Fri,2014-02-14,19:15,CD Olmedo,0.0,Independiente,1.0,3568.0,Estadio Olímpico de Riobamba,Vinício Espínel,,https://fbref.com/en/matches/29a6da67/CD-Olmedo-Independiente-February-14-2014-Serie-A
Liga Profesional Ecuador,M,ECU,2014,1st,First stage,5,Sat,2014-02-15,15:00,LDU de Loja,1.0,SD Quito,0.0,3751.0,Estadio Federativo Reina del Cisne,Roddy Zambrano,,https://fbref.com/en/matches/65494260/LDU-de-Loja-SD-Quito-February-15-2014-Serie-A
Liga Profesional Ecuador,M,ECU,2014,1st,First stage,5,Sat,2014-02-15,16:00,Manta FC,2.0,CD Cuenca,0.0,1500.0,Estadio Jocay,Samuel Haro,,https://fbref.com/en/matches/28f6fb53/Manta-FC-CD-Cuenca-February-15-2014-Serie-A
Liga Profesional Ecuador,M,ECU,2014,1st,First stage,5,Sun,2014-02-16,11:30,El Nacional,1.0,Barcelona SC,0.0,29224.0,Estadio Olímpico Atahualpa,Carlos Orbe,,https://fbref.com/en/matches/3928dbb5/El-Nacional-Barcelona-SC-February-16-2014-Serie-A
Liga Profesional Ecuador,M,ECU,2014,1st,First stage,5,Sun,2014-02-16,11:30,LDU de Quito,0.0,Mushuc Runa,0.0,6461.0,Estadio de Liga Deportiva Universitaria,Edgar Hinostroza,,https://fbref.com/en/matches/db3d4ad9/LDU-de-Quito-Mushuc-Runa-February-16-2014-Serie-A
Liga Profesional Ecuador,M,ECU,2014,1st,First stage,5,Sun,2014-02-16,16:30,CS Emelec,2.0,Univ Católica,1.0,13060.0,Estadio Banco del Pacífico,Diego Lara,,https://fbref.com/en/matches/037ed667/CS-Emelec-Univ-Catolica-February-16-2014-Serie-A
Liga Profesional Ecuador,M,ECU,2014,1st,First stage,6,Fri,2014-02-21,19:15,SD Quito,1.0,LDU de Quito,1.0,16460.0,Estadio Olímpico Atahualpa,José Espinel,,https://fbref.com/en/matches/949eb231/SD-Quito-LDU-de-Quito-February-21-2014-Serie-A
Liga Profesional Ecuador,M,ECU,2014,1st,First stage,6,Fri,2014-02-21,20:00,CD Cuenca,0.0,LDU de Loja,1.0,7421.0,Estadio Alejandro Serrano Aguilar,Vinício Espínel,,https://fbref.com/en/matches/997f5cb7/CD-Cuenca-LDU-de-Loja-February-21-2014-Serie-A
Liga Profesional Ecuador,M,ECU,2014,1st,First stage,6,Sat,2014-02-22,12:00,Univ Católica,1.0,CD Olmedo,2.0,828.0,Estadio Olímpico Atahualpa,Daniel Salazar,,https://fbref.com/en/matches/937b4128/Univ-Catolica-CD-Olmedo-February-22-2014-Serie-A
Liga Profesional Ecuador,M,ECU,2014,1st,First stage,6,Sat,2014-02-22,16:00,Mushuc Runa,0.0,El Nacional,1.0,5651.0,Estadio Bellavista de Ambato,Samuel Haro,,https://fbref.com/en/matches/0bb9ed32/Mushuc-Runa-El-Nacional-February-22-2014-Serie-A
Liga Profesional Ecuador,M,ECU,2014,1st,First stage,6,Sat,2014-02-22,16:00,Independiente,1.0,Manta FC,0.0,280.0,Estadio General Rumiñahui del Valle de L...,Carlos Orbe,,https://fbref.com/en/matches/54aac5b4/Independiente-Manta-FC-February-22-2014-Serie-A
Liga Profesional Ecuador,M,ECU,2014,1st,First stage,6,Sat,2014-02-22,16:30,Barcelona SC,1.0,CS Emelec,2.0,31390.0,Estadio Monumental Isidro Romero Carbo,Carlos Vera,,https://fbref.com/en/matches/4860b2b4/Barcelona-SC-CS-Emelec-February-22-2014-Serie-A
Liga Profesional Ecuador,M,ECU,2014,1st,First stage,7,Fri,2014-02-28,19:00,El Nacional,1.0,SD Quito,1.0,13951.0,Estadio Olímpico Atahualpa,Mario Romero,,https://fbref.com/en/matches/a69fca39/El-Nacional-SD-Quito-February-28-2014-Serie-A
Liga Profesional Ecuador,M,ECU,2014,1st,First stage,7,Fri,2014-02-28,19:15,Barcelona SC,3.0,Mushuc Runa,0.0,5808.0,Estadio Monumental Isidro Romero Carbo,Daniel Salazar,,https://fbref.com/en/matches/249ec743/Barcelona-SC-Mushuc-Runa-February-28-2014-Serie-A
Liga Profesional Ecuador,M,ECU,2014,1st,First stage,7,Fri,2014-02-28,19:15,LDU de Quito,3.0,CD Cuenca,0.0,2707.0,Estadio de Liga Deportiva Universitaria,Roddy Zambrano,,https://fbref.com/en/matches/923de48a/LDU-de-Quito-CD-Cuenca-February-28-2014-Serie-A
Liga Profesional Ecuador,M,ECU,2014,1st,First stage,7,Sat,2014-03-01,16:15,Manta FC,0.0,Univ Católica,1.0,190.0,Estadio Jocay,Juan Albarracín,,https://fbref.com/en/matches/837d96a7/Manta-FC-Univ-Catolica-March-1-2014-Serie-A
Liga Profesional Ecuador,M,ECU,2014,1st,First stage,7,Wed,2014-03-05,19:30,LDU de Loja,1.0,Independiente,2.0,2215.0,Estadio Federativo Reina del Cisne,Carlos Vera,,https://fbref.com/en/matches/0558803a/LDU-de-Loja-Independiente-March-5-2014-Serie-A
Liga Profesional Ecuador,M,ECU,2014,1st,First stage,8,Fri,2014-03-07,19:00,CS Emelec,4.0,Manta FC,1.0,11567.0,Estadio Banco del Pacífico,José Espinel,,https://fbref.com/en/matches/a81708e1/CS-Emelec-Manta-FC-March-7-2014-Serie-A
Liga Profesional Ecuador,M,ECU,2014,1st,First stage,8,Fri,2014-03-07,20:00,CD Cuenca,1.0,El Nacional,2.0,4795.0,Estadio Alejandro Serrano Aguilar,Carlos Vera,,https://fbref.com/en/matches/a5cbf69b/CD-Cuenca-El-Nacional-March-7-2014-Serie-A
Liga Profesional Ecuador,M,ECU,2014,1st,First stage,8,Sat,2014-03-08,12:00,Univ Católica,1.0,LDU de Loja,1.0,360.0,Estadio Olímpico Atahualpa,Samuel Haro,,https://fbref.com/en/matches/1bce8d85/Univ-Catolica-LDU-de-Loja-March-8-2014-Serie-A
Liga Profesional Ecuador,M,ECU,2014,1st,First stage,8,Sat,2014-03-08,16:00,Mushuc Runa,1.0,CD Olmedo,0.0,1897.0,Estadio Bellavista de Ambato,Juan Albarracín,,https://fbref.com/en/matches/d5fd0548/Mushuc-Runa-CD-Olmedo-March-8-2014-Serie-A
Liga Profesional Ecuador,M,ECU,2014,1st,First stage,8,Sun,2014-03-09,11:30,Independiente,0.0,LDU de Quito,0.0,3917.0,Estadio General Rumiñahui del Valle de L...,Omar Ponce,,https://fbref.com/en/matches/fef9410d/Independiente-LDU-de-Quito-March-9-2014-Serie-A
Liga Profesional Ecuador,M,ECU,2014,1st,First stage,8,Sun,2014-03-09,12:00,SD Quito,2.0,Barcelona SC,1.0,11493.0,Estadio Olímpico Atahualpa,Vinício Espínel,,https://fbref.com/en/matches/8eb615bf/SD-Quito-Barcelona-SC-March-9-2014-Serie-A
Liga Profesional Ecuador,M,ECU,2014,1st,First stage,9,Sat,2014-03-15,14:15,LDU de Loja,1.0,CS Emelec,2.0,7188.0,Estadio Federativo Reina del Cisne,Daniel Salazar,,https://fbref.com/en/matches/73af6060/LDU-de-Loja-CS-Emelec-March-15-2014-Serie-A
Liga Profesional Ecuador,M,ECU,2014,1st,First stage,9,Sat,2014-03-15,15:00,Manta FC,1.0,CD Olmedo,1.0,101.0,Estadio Jocay,Luis Quiroz,,https://fbref.com/en/matches/78488e5f/Manta-FC-CD-Olmedo-March-15-2014-Serie-A
Liga Profesional Ecuador,M,ECU,2014,1st,First stage,9,Sat,2014-03-15,16:15,El Nacional,2.0,Independiente,4.0,11039.0,Estadio Olímpico Atahualpa,Juan Albarracín,,https://fbref.com/en/matches/78881d57/El-Nacional-Independiente-March-15-2014-Serie-A
Liga Profesional Ecuador,M,ECU,2014,1st,First stage,9,Sat,2014-03-15,17:00,LDU de Quito,0.0,Univ Católica,2.0,3616.0,Estadio de Liga Deportiva Universitaria,Vinício Espínel,,https://fbref.com/en/matches/40580f60/LDU-de-Quito-Univ-Catolica-March-15-2014-Serie-A
Liga Profesional Ecuador,M,ECU,2014,1st,First stage,9,Sun,2014-03-16,11:30,Mushuc Runa,1.0,SD Quito,0.0,2003.0,Estadio Bellavista de Ambato,Roddy Zambrano,,https://fbref.com/en/matches/999d19c0/Mushuc-Runa-SD-Quito-March-16-2014-Serie-A
Liga Profesional Ecuador,M,ECU,2014,1st,First stage,9,Sun,2014-03-16,16:30,Barcelona SC,2.0,CD Cuenca,1.0,11844.0,Estadio Monumental Isidro Romero Carbo,Samuel Haro,,https://fbref.com/en/matches/390db2ba/Barcelona-SC-CD-Cuenca-March-16-2014-Serie-A
Liga Profesional Ecuador,M,ECU,2014,1st,First stage,10,Fri,2014-03-21,20:00,CD Cuenca,3.0,Mushuc Runa,2.0,10029.0,Estadio Alejandro Serrano Aguilar,Mario Romero,,https://fbref.com/en/matches/01a76aa6/CD-Cuenca-Mushuc-Runa-March-21-2014-Serie-A
Liga Profesional Ecuador,M,ECU,2014,1st,First stage,10,Sat,2014-03-22,12:00,Univ Católica,1.0,SD Quito,1.0,1144.0,Estadio Olímpico Atahualpa,José Espinel,,https://fbref.com/en/matches/da84d848/Univ-Catolica-SD-Quito-March-22-2014-Serie-A
Liga Profesional Ecuador,M,ECU,2014,1st,First stage,10,Sat,2014-03-22,16:00,Manta FC,1.0,El Nacional,0.0,880.0,Estadio Jocay,Vinício Espínel,,https://fbref.com/en/matches/6e91dd04/Manta-FC-El-Nacional-March-22-2014-Serie-A
Liga Profesional Ecuador,M,ECU,2014,1st,First stage,10,Sun,2014-03-23,11:30,Independiente,0.0,Barcelona SC,0.0,5812.0,Estadio Olímpico Atahualpa,Roddy Zambrano,,https://fbref.com/en/matches/c436aa68/Independiente-Barcelona-SC-March-23-2014-Serie-A
Liga Profesional Ecuador,M,ECU,2014,1st,First stage,10,Sun,2014-03-23,13:00,CD Olmedo,0.0,LDU de Loja,1.0,2263.0,Estadio Olímpico de Riobamba,José Zambrano,,https://fbref.com/en/matches/5a646033/CD-Olmedo-LDU-de-Loja-March-23-2014-Serie-A
Liga Profesional Ecuador,M,ECU,2014,1st,First stage,10,Sun,2014-03-23,17:00,CS Emelec,3.0,LDU de Quito,0.0,13093.0,Estadio Banco del Pacífico,Carlos Orbe,,https://fbref.com/en/matches/a23935b5/CS-Emelec-LDU-de-Quito-March-23-2014-Serie-A
Liga Profesional Ecuador,M,ECU,2014,1st,First stage,2,Wed,2014-03-26,19:00,SD Quito,0.0,CS Emelec,0.0,4886.0,Estadio Olímpico Atahualpa,Samuel Haro,,https://fbref.com/en/matches/919afdea/SD-Quito-CS-Emelec-March-26-2014-Serie-A
Liga Profesional Ecuador,M,ECU,2014,1st,First stage,11,Sat,2014-03-29,15:00,LDU de Loja,1.0,Manta FC,0.0,2229.0,Estadio Federativo Reina del Cisne,Edgar Hinostroza,,https://fbref.com/en/matches/f6535b3e/LDU-de-Loja-Manta-FC-March-29-2014-Serie-A
Liga Profesional Ecuador,M,ECU,2014,1st,First stage,11,Sat,2014-03-29,16:00,SD Quito,3.0,CD Cuenca,1.0,924.0,Estadio Olímpico Atahualpa,Luis Quiroz,,https://fbref.com/en/matches/b60fc2e4/SD-Quito-CD-Cuenca-March-29-2014-Serie-A
Liga Profesional Ecuador,M,ECU,2014,1st,First stage,11,Sun,2014-03-30,11:30,LDU de Quito,2.0,CD Olmedo,2.0,3289.0,Estadio de Liga Deportiva Universitaria,Carlos Vera,,https://fbref.com/en/matches/42cfb7bf/LDU-de-Quito-CD-Olmedo-March-30-2014-Serie-A
Liga Profesional Ecuador,M,ECU,2014,1st,First stage,11,Sun,2014-03-30,11:30,El Nacional,2.0,CS Emelec,0.0,14543.0,Estadio Olímpico Atahualpa,Roddy Zambrano,,https://fbref.com/en/matches/f455343d/El-Nacional-CS-Emelec-March-30-2014-Serie-A
Liga Profesional Ecuador,M,ECU,2014,1st,First stage,11,Sun,2014-03-30,14:00,Mushuc Runa,0.0,Independiente,1.0,689.0,Estadio Bellavista de Ambato,Daniel Salazar,,https://fbref.com/en/matches/f16465a4/Mushuc-Runa-Independiente-March-30-2014-Serie-A
Liga Profesional Ecuador,M,ECU,2014,1st,First stage,11,Sun,2014-03-30,15:30,Barcelona SC,2.0,Univ Católica,1.0,6813.0,Estadio Monumental Isidro Romero Carbo,Omar Ponce,,https://fbref.com/en/matches/feaa977f/Barcelona-SC-Univ-Catolica-March-30-2014-Serie-A
Liga Profesional Ecuador,M,ECU,2014,1st,First stage,12,Fri,2014-04-04,16:00,Independiente,2.0,Mushuc Runa,1.0,,Estadio Olímpico Atahualpa,Vinício Espínel,,https://fbref.com/en/matches/6f719dbe/Independiente-Mushuc-Runa-April-4-2014-Serie-A
Liga Profesional Ecuador,M,ECU,2014,1st,First stage,12,Fri,2014-04-04,20:00,CD Cuenca,0.0,SD Quito,1.0,5432.0,Estadio Alejandro Serrano Aguilar,José Zambrano,,https://fbref.com/en/matches/5fe360e2/CD-Cuenca-SD-Quito-April-4-2014-Serie-A
Liga Profesional Ecuador,M,ECU,2014,1st,First stage,12,Sat,2014-04-05,16:00,Manta FC,4.0,LDU de Loja,2.0,210.0,Estadio Jocay,Diego Lara,,https://fbref.com/en/matches/22d5a8e5/Manta-FC-LDU-de-Loja-April-5-2014-Serie-A
Liga Profesional Ecuador,M,ECU,2014,1st,First stage,12,Sat,2014-04-05,19:00,CS Emelec,5.0,El Nacional,1.0,12600.0,Estadio Banco del Pacífico,Omar Ponce,,https://fbref.com/en/matches/4e3ea5b9/CS-Emelec-El-Nacional-April-5-2014-Serie-A
Liga Profesional Ecuador,M,ECU,2014,1st,First stage,12,Sun,2014-04-06,11:45,Univ Católica,2.0,Barcelona SC,0.0,7639.0,Estadio Olímpico Atahualpa,Carlos Orbe,,https://fbref.com/en/matches/45fac2ff/Univ-Catolica-Barcelona-SC-April-6-2014-Serie-A
Liga Profesional Ecuador,M,ECU,2014,1st,First stage,12,Sun,2014-04-06,11:45,CD Olmedo,1.0,LDU de Quito,0.0,6635.0,Estadio Olímpico de Riobamba,Juan Albarracín,,https://fbref.com/en/matches/b3dbdb3d/CD-Olmedo-LDU-de-Quito-April-6-2014-Serie-A
Liga Profesional Ecuador,M,ECU,2014,1st,First stage,13,Fri,2014-04-11,19:30,LDU de Loja,1.0,CD Olmedo,0.0,2499.0,Estadio Federativo Reina del Cisne,Mario Romero,,https://fbref.com/en/matches/ebbd189a/LDU-de-Loja-CD-Olmedo-April-11-2014-Serie-A
Liga Profesional Ecuador,M,ECU,2014,1st,First stage,13,Sat,2014-04-12,16:00,SD Quito,0.0,Univ Católica,1.0,2288.0,Estadio Olímpico Atahualpa,Juan Albarracín,,https://fbref.com/en/matches/6d762f54/SD-Quito-Univ-Catolica-April-12-2014-Serie-A
Liga Profesional Ecuador,M,ECU,2014,1st,First stage,13,Sat,2014-04-12,16:00,Mushuc Runa,1.0,CD Cuenca,1.0,547.0,Estadio Bellavista de Ambato,Carlos Orbe,,https://fbref.com/en/matches/7230b279/Mushuc-Runa-CD-Cuenca-April-12-2014-Serie-A
Liga Profesional Ecuador,M,ECU,2014,1st,First stage,13,Sun,2014-04-13,11:30,El Nacional,1.0,Manta FC,2.0,8488.0,Estadio Olímpico Atahualpa,Luis Quiroz,,https://fbref.com/en/matches/1cc0a3d8/El-Nacional-Manta-FC-April-13-2014-Serie-A
Liga Profesional Ecuador,M,ECU,2014,1st,First stage,13,Sun,2014-04-13,11:30,LDU de Quito,0.0,CS Emelec,0.0,15202.0,Estadio de Liga Deportiva Universitaria,Daniel Salazar,,https://fbref.com/en/matches/b2a76833/LDU-de-Quito-CS-Emelec-April-13-2014-Serie-A
Liga Profesional Ecuador,M,ECU,2014,1st,First stage,13,Sun,2014-04-13,16:30,Barcelona SC,2.0,Independiente,0.0,7406.0,Estadio Monumental Isidro Romero Carbo,José Zambrano,,https://fbref.com/en/matches/27a92171/Barcelona-SC-Independiente-April-13-2014-Serie-A
Liga Profesional Ecuador,M,ECU,2014,1st,First stage,14,Thu,2014-04-17,12:30,SD Quito,1.0,Mushuc Runa,0.0,945.0,Estadio Olímpico Atahualpa,Omar Ponce,,https://fbref.com/en/matches/e5093af3/SD-Quito-Mushuc-Runa-April-17-2014-Serie-A
Liga Profesional Ecuador,M,ECU,2014,1st,First stage,14,Thu,2014-04-17,19:30,CS Emelec,3.0,LDU de Loja,1.0,12742.0,Estadio Banco del Pacífico,Carlos Vera,,https://fbref.com/en/matches/62ee2dcb/CS-Emelec-LDU-de-Loja-April-17-2014-Serie-A
Liga Profesional Ecuador,M,ECU,2014,1st,First stage,14,Sat,2014-04-19,12:00,CD Cuenca,0.0,Barcelona SC,1.0,12906.0,Estadio Alejandro Serrano Aguilar,Juan Albarracín,,https://fbref.com/en/matches/4b271871/CD-Cuenca-Barcelona-SC-April-19-2014-Serie-A
Liga Profesional Ecuador,M,ECU,2014,1st,First stage,14,Sat,2014-04-19,12:00,Univ Católica,3.0,LDU de Quito,1.0,3863.0,Estadio Olímpico Atahualpa,Roddy Zambrano,,https://fbref.com/en/matches/8a1dada1/Univ-Catolica-LDU-de-Quito-April-19-2014-Serie-A
Liga Profesional Ecuador,M,ECU,2014,1st,First stage,14,Sat,2014-04-19,16:00,Independiente,2.0,El Nacional,3.0,3238.0,Estadio General Rumiñahui del Valle de L...,Diego Lara,,https://fbref.com/en/matches/6be5cfcb/Independiente-El-Nacional-April-19-2014-Serie-A
Liga Profesional Ecuador,M,ECU,2014,1st,First stage,14,Sun,2014-04-20,13:00,CD Olmedo,0.0,Manta FC,0.0,2182.0,Estadio Olímpico de Riobamba,José Espinel,,https://fbref.com/en/matches/43b1bcdb/CD-Olmedo-Manta-FC-April-20-2014-Serie-A
Liga Profesional Ecuador,M,ECU,2014,1st,First stage,15,Sat,2014-04-26,14:30,LDU de Loja,1.0,Univ Católica,0.0,2715.0,Estadio Federativo Reina del Cisne,Vinício Espínel,,https://fbref.com/en/matches/fecb7f4a/LDU-de-Loja-Univ-Catolica-April-26-2014-Serie-A
Liga Profesional Ecuador,M,ECU,2014,1st,First stage,15,Sat,2014-04-26,16:00,Manta FC,1.0,CS Emelec,3.0,8300.0,Estadio Jocay,Samuel Haro,,https://fbref.com/en/matches/8ace072b/Manta-FC-CS-Emelec-April-26-2014-Serie-A
Liga Profesional Ecuador,M,ECU,2014,1st,First stage,15,Sat,2014-04-26,17:00,El Nacional,1.0,CD Cuenca,3.0,4682.0,Estadio Olímpico Atahualpa,Daniel Salazar,,https://fbref.com/en/matches/36652227/El-Nacional-CD-Cuenca-April-26-2014-Serie-A
Liga Profesional Ecuador,M,ECU,2014,1st,First stage,15,Sat,2014-04-26,19:00,CD Olmedo,2.0,Mushuc Runa,3.0,2628.0,Estadio Olímpico de Riobamba,Luis Quiroz,,https://fbref.com/en/matches/a840d00b/CD-Olmedo-Mushuc-Runa-April-26-2014-Serie-A
Liga Profesional Ecuador,M,ECU,2014,1st,First stage,15,Sun,2014-04-27,12:00,LDU de Quito,3.0,Independiente,2.0,6127.0,Estadio de Liga Deportiva Universitaria,José Espinel,,https://fbref.com/en/matches/4199d729/LDU-de-Quito-Independiente-April-27-2014-Serie-A
Liga Profesional Ecuador,M,ECU,2014,1st,First stage,15,Sun,2014-04-27,16:30,Barcelona SC,1.0,SD Quito,0.0,15566.0,Estadio Monumental Isidro Romero Carbo,Carlos Vera,,https://fbref.com/en/matches/a3ee9970/Barcelona-SC-SD-Quito-April-27-2014-Serie-A
Liga Profesional Ecuador,M,ECU,2014,1st,First stage,7,Wed,2014-04-30,19:00,CD Olmedo,1.0,CS Emelec,1.0,3556.0,Estadio Olímpico de Riobamba,José Zambrano,,https://fbref.com/en/matches/c996aceb/CD-Olmedo-CS-Emelec-April-30-2014-Serie-A
Liga Profesional Ecuador,M,ECU,2014,1st,First stage,16,Fri,2014-05-02,19:00,SD Quito,3.0,El Nacional,0.0,3060.0,Estadio Olímpico Atahualpa,Carlos Orbe,,https://fbref.com/en/matches/b81cd0ed/SD-Quito-El-Nacional-May-2-2014-Serie-A
Liga Profesional Ecuador,M,ECU,2014,1st,First stage,16,Fri,2014-05-02,20:00,CD Cuenca,0.0,LDU de Quito,0.0,10872.0,Estadio Alejandro Serrano Aguilar,Carlos Vera,,https://fbref.com/en/matches/918d63c5/CD-Cuenca-LDU-de-Quito-May-2-2014-Serie-A
Liga Profesional Ecuador,M,ECU,2014,1st,First stage,16,Sat,2014-05-03,17:00,Independiente,4.0,LDU de Loja,0.0,720.0,Estadio General Rumiñahui del Valle de L...,Luis Quiroz,,https://fbref.com/en/matches/bca793cc/Independiente-LDU-de-Loja-May-3-2014-Serie-A
Liga Profesional Ecuador,M,ECU,2014,1st,First stage,16,Sun,2014-05-04,11:30,Mushuc Runa,0.0,Barcelona SC,0.0,7239.0,Estadio Bellavista de Ambato,Edgar Hinostroza,,https://fbref.com/en/matches/dae5da80/Mushuc-Runa-Barcelona-SC-May-4-2014-Serie-A
Liga Profesional Ecuador,M,ECU,2014,1st,First stage,16,Sun,2014-05-04,11:30,Univ Católica,2.0,Manta FC,1.0,205.0,Estadio Olímpico Atahualpa,Mario Romero,,https://fbref.com/en/matches/e41c1077/Univ-Catolica-Manta-FC-May-4-2014-Serie-A
Liga Profesional Ecuador,M,ECU,2014,1st,First stage,16,Sun,2014-05-04,16:30,CS Emelec,0.0,CD Olmedo,2.0,15096.0,Estadio Banco del Pacífico,Juan Albarracín,,https://fbref.com/en/matches/20c4d4de/CS-Emelec-CD-Olmedo-May-4-2014-Serie-A
Liga Profesional Ecuador,M,ECU,2014,1st,First stage,17,Fri,2014-05-09,19:30,LDU de Loja,2.0,CD Cuenca,1.0,2611.0,Estadio Federativo Reina del Cisne,Diego Lara,,https://fbref.com/en/matches/db2e89f5/LDU-de-Loja-CD-Cuenca-May-9-2014-Serie-A
Liga Profesional Ecuador,M,ECU,2014,1st,First stage,17,Sat,2014-05-10,15:00,Manta FC,0.0,Independiente,1.0,380.0,Estadio Jocay,Vinício Espínel,,https://fbref.com/en/matches/a7136513/Manta-FC-Independiente-May-10-2014-Serie-A
Liga Profesional Ecuador,M,ECU,2014,1st,First stage,17,Sat,2014-05-10,16:00,El Nacional,1.0,Mushuc Runa,1.0,3547.0,Estadio Olímpico Atahualpa,Roddy Zambrano,,https://fbref.com/en/matches/9f11fd9f/El-Nacional-Mushuc-Runa-May-10-2014-Serie-A
Liga Profesional Ecuador,M,ECU,2014,1st,First stage,17,Sat,2014-05-10,19:00,LDU de Quito,2.0,SD Quito,0.0,7543.0,Estadio de Liga Deportiva Universitaria,Daniel Salazar,,https://fbref.com/en/matches/caf28023/LDU-de-Quito-SD-Quito-May-10-2014-Serie-A
Liga Profesional Ecuador,M,ECU,2014,1st,First stage,17,Sun,2014-05-11,13:00,CD Olmedo,2.0,Univ Católica,0.0,1743.0,Estadio Olímpico de Riobamba,Carlos Vera,,https://fbref.com/en/matches/78e9e808/CD-Olmedo-Univ-Catolica-May-11-2014-Serie-A
Liga Profesional Ecuador,M,ECU,2014,1st,First stage,17,Sun,2014-05-11,16:30,CS Emelec,2.0,Barcelona SC,0.0,13310.0,Estadio Banco del Pacífico,Omar Ponce,,https://fbref.com/en/matches/fd3e20d8/CS-Emelec-Barcelona-SC-May-11-2014-Serie-A
Liga Profesional Ecuador,M,ECU,2014,1st,First stage,18,Fri,2014-07-04,20:00,CD Cuenca,3.0,Manta FC,0.0,3043.0,Estadio Alejandro Serrano Aguilar,Omar Ponce,,https://fbref.com/en/matches/b2886dc1/CD-Cuenca-Manta-FC-July-4-2014-Serie-A
Liga Profesional Ecuador,M,ECU,2014,1st,First stage,18,Sat,2014-07-05,12:00,SD Quito,2.0,LDU de Loja,3.0,483.0,Estadio Olímpico Atahualpa,Juan Albarracín,,https://fbref.com/en/matches/4da2a750/SD-Quito-LDU-de-Loja-July-5-2014-Serie-A
Liga Profesional Ecuador,M,ECU,2014,1st,First stage,18,Sat,2014-07-05,18:00,Independiente,6.0,CD Olmedo,0.0,345.0,Estadio General Rumiñahui del Valle de L...,Mario Romero,,https://fbref.com/en/matches/b45cbc01/Independiente-CD-Olmedo-July-5-2014-Serie-A
Liga Profesional Ecuador,M,ECU,2014,1st,First stage,18,Sun,2014-07-06,11:45,Univ Católica,0.0,CS Emelec,2.0,2922.0,Estadio Olímpico Atahualpa,José Espinel,,https://fbref.com/en/matches/e0b4087f/Univ-Catolica-CS-Emelec-July-6-2014-Serie-A
Liga Profesional Ecuador,M,ECU,2014,1st,First stage,18,Sun,2014-07-06,13:30,Mushuc Runa,1.0,LDU de Quito,2.0,2757.0,Estadio Bellavista de Ambato,José Zambrano,,https://fbref.com/en/matches/27a8bca3/Mushuc-Runa-LDU-de-Quito-July-6-2014-Serie-A
Liga Profesional Ecuador,M,ECU,2014,1st,First stage,18,Sun,2014-07-06,16:30,Barcelona SC,2.0,El Nacional,1.0,14946.0,Estadio Monumental Isidro Romero Carbo,Samuel Haro,,https://fbref.com/en/matches/cf8938d0/Barcelona-SC-El-Nacional-July-6-2014-Serie-A
Liga Profesional Ecuador,M,ECU,2014,1st,First stage,19,Fri,2014-07-11,19:00,CD Olmedo,0.0,CD Cuenca,1.0,803.0,Estadio Olímpico de Riobamba,Carlos Orbe,,https://fbref.com/en/matches/28386d21/CD-Olmedo-CD-Cuenca-July-11-2014-Serie-A
Liga Profesional Ecuador,M,ECU,2014,1st,First stage,19,Fri,2014-07-11,19:30,LDU de Loja,1.0,Mushuc Runa,2.0,2472.0,Estadio Federativo Reina del Cisne,Luis Quiroz,,https://fbref.com/en/matches/83d2e8e2/LDU-de-Loja-Mushuc-Runa-July-11-2014-Serie-A
Liga Profesional Ecuador,M,ECU,2014,1st,First stage,19,Sat,2014-07-12,11:30,LDU de Quito,2.0,Barcelona SC,1.0,11218.0,Estadio de Liga Deportiva Universitaria,Vinício Espínel,,https://fbref.com/en/matches/413b996b/LDU-de-Quito-Barcelona-SC-July-12-2014-Serie-A
Liga Profesional Ecuador,M,ECU,2014,1st,First stage,19,Sat,2014-07-12,11:30,Univ Católica,1.0,El Nacional,3.0,508.0,Estadio Olímpico Atahualpa,Mario Romero,,https://fbref.com/en/matches/b543c2eb/Univ-Catolica-El-Nacional-July-12-2014-Serie-A
Liga Profesional Ecuador,M,ECU,2014,1st,First stage,19,Sat,2014-07-12,16:00,Manta FC,1.0,SD Quito,1.0,100.0,Estadio Jocay,Edgar Hinostroza,,https://fbref.com/en/matches/5f31db2a/Manta-FC-SD-Quito-July-12-2014-Serie-A
Liga Profesional Ecuador,M,ECU,2014,1st,First stage,19,Sun,2014-07-13,17:30,CS Emelec,0.0,Independiente,0.0,13332.0,Estadio Banco del Pacífico,Juan Albarracín,,https://fbref.com/en/matches/afbb1f28/CS-Emelec-Independiente-July-13-2014-Serie-A
Liga Profesional Ecuador,M,ECU,2014,1st,First stage,20,Fri,2014-07-18,19:00,SD Quito,2.0,CD Olmedo,1.0,1104.0,Estadio Olímpico Atahualpa,Vinício Espínel,,https://fbref.com/en/matches/1f9cd68d/SD-Quito-CD-Olmedo-July-18-2014-Serie-A
Liga Profesional Ecuador,M,ECU,2014,1st,First stage,20,Fri,2014-07-18,20:00,CD Cuenca,1.0,CS Emelec,0.0,7881.0,Estadio Alejandro Serrano Aguilar,Diego Lara,,https://fbref.com/en/matches/a94976c2/CD-Cuenca-CS-Emelec-July-18-2014-Serie-A
Liga Profesional Ecuador,M,ECU,2014,1st,First stage,20,Sat,2014-07-19,16:00,Independiente,0.0,Univ Católica,0.0,418.0,Estadio General Rumiñahui del Valle de L...,Daniel Salazar,,https://fbref.com/en/matches/b1a13664/Independiente-Univ-Catolica-July-19-2014-Serie-A
Liga Profesional Ecuador,M,ECU,2014,1st,First stage,20,Sat,2014-07-19,16:00,Mushuc Runa,2.0,Manta FC,1.0,321.0,Estadio Bellavista de Ambato,José Espinel,,https://fbref.com/en/matches/ed06f2f9/Mushuc-Runa-Manta-FC-July-19-2014-Serie-A
Liga Profesional Ecuador,M,ECU,2014,1st,First stage,20,Sat,2014-07-19,16:45,Barcelona SC,4.0,LDU de Loja,0.0,7248.0,Estadio Monumental Isidro Romero Carbo,Mario Romero,,https://fbref.com/en/matches/d48bbbd8/Barcelona-SC-LDU-de-Loja-July-19-2014-Serie-A
Liga Profesional Ecuador,M,ECU,2014,1st,First stage,20,Sun,2014-07-20,12:00,El Nacional,0.0,LDU de Quito,1.0,14047.0,Estadio Olímpico Atahualpa,Omar Ponce,,https://fbref.com/en/matches/3dd21b18/El-Nacional-LDU-de-Quito-July-20-2014-Serie-A
Liga Profesional Ecuador,M,ECU,2014,1st,First stage,21,Wed,2014-07-30,12:30,Univ Católica,0.0,Mushuc Runa,1.0,227.0,Estadio Olímpico Atahualpa,Carlos Orbe,,https://fbref.com/en/matches/fecf636a/Univ-Catolica-Mushuc-Runa-July-30-2014-Serie-A
Liga Profesional Ecuador,M,ECU,2014,1st,First stage,21,Wed,2014-07-30,19:00,Independiente,3.0,CD Cuenca,0.0,401.0,Estadio General Rumiñahui del Valle de L...,Samuel Haro,,https://fbref.com/en/matches/2585a274/Independiente-CD-Cuenca-July-30-2014-Serie-A
Liga Profesional Ecuador,M,ECU,2014,1st,First stage,21,Wed,2014-07-30,19:00,CD Olmedo,1.0,El Nacional,1.0,2014.0,Estadio Olímpico de Riobamba,José Zambrano,,https://fbref.com/en/matches/955063fe/CD-Olmedo-El-Nacional-July-30-2014-Serie-A
Liga Profesional Ecuador,M,ECU,2014,1st,First stage,21,Wed,2014-07-30,19:00,CS Emelec,2.0,SD Quito,0.0,13967.0,Estadio Banco del Pacífico,Roddy Zambrano,,https://fbref.com/en/matches/b5c00b96/CS-Emelec-SD-Quito-July-30-2014-Serie-A
Liga Profesional Ecuador,M,ECU,2014,1st,First stage,21,Wed,2014-07-30,19:30,LDU de Loja,1.0,LDU de Quito,0.0,5622.0,Estadio Federativo Reina del Cisne,Edgar Hinostroza,,https://fbref.com/en/matches/ef15c725/LDU-de-Loja-LDU-de-Quito-July-30-2014-Serie-A
Liga Profesional Ecuador,M,ECU,2014,1st,First stage,21,Wed,2014-07-30,19:30,Manta FC,1.0,Barcelona SC,3.0,7000.0,Estadio Jocay,Daniel Salazar,,https://fbref.com/en/matches/f7c8451c/Manta-FC-Barcelona-SC-July-30-2014-Serie-A
Liga Profesional Ecuador,M,ECU,2014,1st,First stage,22,Sun,2014-08-03,10:00,El Nacional,2.0,LDU de Loja,0.0,,Estadio Olímpico Atahualpa,Carlos Orbe,,https://fbref.com/en/matches/871eb266/El-Nacional-LDU-de-Loja-August-3-2014-Serie-A
Liga Profesional Ecuador,M,ECU,2014,1st,First stage,22,Sun,2014-08-03,11:30,LDU de Quito,0.0,Manta FC,2.0,,Estadio de Liga Deportiva Universitaria,Juan Albarracín,,https://fbref.com/en/matches/1d34b78f/LDU-de-Quito-Manta-FC-August-3-2014-Serie-A
Liga Profesional Ecuador,M,ECU,2014,1st,First stage,22,Sun,2014-08-03,12:30,CD Cuenca,2.0,Univ Católica,1.0,3523.0,Estadio Alejandro Serrano Aguilar,Edgar Hinostroza,,https://fbref.com/en/matches/0d7aa59f/CD-Cuenca-Univ-Catolica-August-3-2014-Serie-A
Liga Profesional Ecuador,M,ECU,2014,1st,First stage,22,Sun,2014-08-03,12:30,SD Quito,1.0,Independiente,1.0,2481.0,Estadio Olímpico Atahualpa,Omar Ponce,,https://fbref.com/en/matches/45198f39/SD-Quito-Independiente-August-3-2014-Serie-A
Liga Profesional Ecuador,M,ECU,2014,1st,First stage,22,Sun,2014-08-03,14:00,Mushuc Runa,1.0,CS Emelec,0.0,1711.0,Estadio Bellavista de Ambato,Vinício Espínel,,https://fbref.com/en/matches/cba3cdcd/Mushuc-Runa-CS-Emelec-August-3-2014-Serie-A
Liga Profesional Ecuador,M,ECU,2014,1st,First stage,22,Sun,2014-08-03,16:30,Barcelona SC,0.0,CD Olmedo,0.0,11097.0,Estadio Monumental Isidro Romero Carbo,Luis Quiroz,,https://fbref.com/en/matches/3b699107/Barcelona-SC-CD-Olmedo-August-3-2014-Serie-A
Liga Profesional Ecuador,M,ECU,2014,1st,Second stage,1,Fri,2014-08-08,19:00,SD Quito,1.0,Mushuc Runa,1.0,2181.0,Estadio Olímpico Atahualpa,Juan Albarracín,,https://fbref.com/en/matches/0985d39a/SD-Quito-Mushuc-Runa-August-8-2014-Serie-A
Liga Profesional Ecuador,M,ECU,2014,1st,Second stage,1,Fri,2014-08-08,20:00,CD Cuenca,2.0,El Nacional,1.0,7912.0,Estadio Alejandro Serrano Aguilar,Omar Ponce,,https://fbref.com/en/matches/77886ac2/CD-Cuenca-El-Nacional-August-8-2014-Serie-A
Liga Profesional Ecuador,M,ECU,2014,1st,Second stage,1,Sat,2014-08-09,12:00,LDU de Quito,1.0,LDU de Loja,1.0,2220.0,Estadio de Liga Deportiva Universitaria,José Zambrano,,https://fbref.com/en/matches/727d433e/LDU-de-Quito-LDU-de-Loja-August-9-2014-Serie-A
Liga Profesional Ecuador,M,ECU,2014,1st,Second stage,1,Sat,2014-08-09,16:00,Manta FC,2.0,Independiente,3.0,480.0,Estadio Jocay,Luis Quiroz,,https://fbref.com/en/matches/eed485cb/Manta-FC-Independiente-August-9-2014-Serie-A
Liga Profesional Ecuador,M,ECU,2014,1st,Second stage,1,Sun,2014-08-10,12:00,CD Olmedo,1.0,CS Emelec,1.0,3878.0,Estadio Olímpico de Riobamba,Carlos Orbe,,https://fbref.com/en/matches/4a907836/CD-Olmedo-CS-Emelec-August-10-2014-Serie-A
Liga Profesional Ecuador,M,ECU,2014,1st,Second stage,1,Sun,2014-08-10,16:45,Barcelona SC,0.0,Univ Católica,0.0,8737.0,Estadio Monumental Isidro Romero Carbo,Roddy Zambrano,,https://fbref.com/en/matches/c7a43be8/Barcelona-SC-Univ-Catolica-August-10-2014-Serie-A
Liga Profesional Ecuador,M,ECU,2014,1st,Second stage,2,Wed,2014-08-13,12:00,El Nacional,2.0,Manta FC,1.0,2617.0,Estadio Gonzalo Pozo Ripalda,Vinício Espínel,,https://fbref.com/en/matches/2fa1581b/El-Nacional-Manta-FC-August-13-2014-Serie-A
Liga Profesional Ecuador,M,ECU,2014,1st,Second stage,2,Wed,2014-08-13,15:30,Mushuc Runa,2.0,Barcelona SC,0.0,4382.0,Estadio Bellavista de Ambato,José Espinel,,https://fbref.com/en/matches/c27580c3/Mushuc-Runa-Barcelona-SC-August-13-2014-Serie-A
Liga Profesional Ecuador,M,ECU,2014,1st,Second stage,2,Wed,2014-08-13,19:00,Independiente,1.0,CD Olmedo,1.0,542.0,Estadio General Rumiñahui del Valle de L...,Edgar Hinostroza,,https://fbref.com/en/matches/1cd5d010/Independiente-CD-Olmedo-August-13-2014-Serie-A
Liga Profesional Ecuador,M,ECU,2014,1st,Second stage,2,Wed,2014-08-13,19:00,CS Emelec,3.0,CD Cuenca,0.0,13282.0,Estadio Banco del Pacífico,Mario Romero,,https://fbref.com/en/matches/5849d38e/CS-Emelec-CD-Cuenca-August-13-2014-Serie-A
Liga Profesional Ecuador,M,ECU,2014,1st,Second stage,2,Wed,2014-08-13,19:15,Univ Católica,1.0,LDU de Quito,2.0,2258.0,Estadio Olímpico Atahualpa,Diego Lara,,https://fbref.com/en/matches/bccac590/Univ-Catolica-LDU-de-Quito-August-13-2014-Serie-A
Liga Profesional Ecuador,M,ECU,2014,1st,Second stage,2,Wed,2014-08-13,19:30,LDU de Loja,4.0,SD Quito,0.0,2379.0,Estadio Federativo Reina del Cisne,Samuel Haro,,https://fbref.com/en/matches/634cb64d/LDU-de-Loja-SD-Quito-August-13-2014-Serie-A
Liga Profesional Ecuador,M,ECU,2014,1st,Second stage,3,Sun,2014-08-17,13:30,CD Olmedo,1.0,Mushuc Runa,2.0,3282.0,Estadio Olímpico de Riobamba,Roddy Zambrano,,https://fbref.com/en/matches/4b82985f/CD-Olmedo-Mushuc-Runa-August-17-2014-Serie-A
Liga Profesional Ecuador,M,ECU,2014,1st,Second stage,3,Sun,2014-08-17,16:45,Barcelona SC,3.0,LDU de Loja,1.0,5909.0,Estadio Monumental Isidro Romero Carbo,Juan Albarracín,,https://fbref.com/en/matches/d6419321/Barcelona-SC-LDU-de-Loja-August-17-2014-Serie-A
Liga Profesional Ecuador,M,ECU,2014,1st,Second stage,4,Fri,2014-08-22,19:30,LDU de Loja,1.0,CD Cuenca,1.0,3382.0,Estadio Federativo Reina del Cisne,Vinício Espínel,,https://fbref.com/en/matches/439c64b5/LDU-de-Loja-CD-Cuenca-August-22-2014-Serie-A
Liga Profesional Ecuador,M,ECU,2014,1st,Second stage,4,Sat,2014-08-23,17:00,CS Emelec,5.0,El Nacional,0.0,12956.0,Estadio Banco del Pacífico,Carlos Vera,,https://fbref.com/en/matches/5428d2a2/CS-Emelec-El-Nacional-August-23-2014-Serie-A
Liga Profesional Ecuador,M,ECU,2014,1st,Second stage,4,Sun,2014-08-24,11:30,SD Quito,1.0,Barcelona SC,3.0,8742.0,Estadio Olímpico Atahualpa,Omar Ponce,,https://fbref.com/en/matches/83fe8c9d/SD-Quito-Barcelona-SC-August-24-2014-Serie-A
Liga Profesional Ecuador,M,ECU,2014,1st,Second stage,4,Sun,2014-08-24,12:00,Mushuc Runa,1.0,Manta FC,0.0,689.0,Estadio Bellavista de Ambato,Diego Lara,,https://fbref.com/en/matches/9532b267/Mushuc-Runa-Manta-FC-August-24-2014-Serie-A
Liga Profesional Ecuador,M,ECU,2014,1st,Second stage,3,Wed,2014-08-27,19:15,LDU de Quito,3.0,SD Quito,0.0,7089.0,Estadio de Liga Deportiva Universitaria,Carlos Vera,,https://fbref.com/en/matches/f8e3d489/LDU-de-Quito-SD-Quito-August-27-2014-Serie-A
Liga Profesional Ecuador,M,ECU,2014,1st,Second stage,5,Sun,2014-08-31,11:00,El Nacional,1.0,Mushuc Runa,0.0,3280.0,Estadio Olímpico Atahualpa,José Zambrano,,https://fbref.com/en/matches/455db37d/El-Nacional-Mushuc-Runa-August-31-2014-Serie-A
Liga Profesional Ecuador,M,ECU,2014,1st,Second stage,5,Sun,2014-08-31,12:00,Manta FC,1.0,Univ Católica,1.0,145.0,Estadio Jocay,Juan Albarracín,,https://fbref.com/en/matches/9b950bce/Manta-FC-Univ-Catolica-August-31-2014-Serie-A
Liga Profesional Ecuador,M,ECU,2014,1st,Second stage,5,Sun,2014-08-31,13:00,CD Cuenca,0.0,SD Quito,0.0,4969.0,Estadio Olímpico de Riobamba,José Espinel,,https://fbref.com/en/matches/4ef5140a/CD-Cuenca-SD-Quito-August-31-2014-Serie-A
Liga Profesional Ecuador,M,ECU,2014,1st,Second stage,5,Sun,2014-08-31,13:00,CD Olmedo,0.0,LDU de Loja,0.0,1296.0,Estadio Alejandro Serrano Aguilar,Mario Romero,,https://fbref.com/en/matches/e04f64a7/CD-Olmedo-LDU-de-Loja-August-31-2014-Serie-A
Liga Profesional Ecuador,M,ECU,2014,1st,Second stage,5,Sun,2014-08-31,16:45,Barcelona SC,1.0,LDU de Quito,0.0,17903.0,Estadio Monumental Isidro Romero Carbo,Carlos Orbe,,https://fbref.com/en/matches/e81c523b/Barcelona-SC-LDU-de-Quito-August-31-2014-Serie-A
Liga Profesional Ecuador,M,ECU,2014,1st,Second stage,5,Sun,2014-08-31,17:00,Independiente,5.0,CS Emelec,0.0,1963.0,Estadio General Rumiñahui del Valle de L...,Roddy Zambrano,,https://fbref.com/en/matches/96b754c5/Independiente-CS-Emelec-August-31-2014-Serie-A
Liga Profesional Ecuador,M,ECU,2014,1st,Second stage,3,Fri,2014-09-05,20:00,CD Cuenca,1.0,Univ Católica,0.0,4488.0,Estadio Alejandro Serrano Aguilar,José Zambrano,,https://fbref.com/en/matches/76c44496/CD-Cuenca-Univ-Catolica-September-5-2014-Serie-A
Liga Profesional Ecuador,M,ECU,2014,1st,Second stage,6,Fri,2014-09-12,16:00,Mushuc Runa,1.0,Independiente,1.0,890.0,Estadio Bellavista de Ambato,Carlos Orbe,,https://fbref.com/en/matches/05c33cea/Mushuc-Runa-Independiente-September-12-2014-Serie-A
Liga Profesional Ecuador,M,ECU,2014,1st,Second stage,6,Fri,2014-09-12,19:15,Univ Católica,0.0,El Nacional,2.0,590.0,Estadio Olímpico Atahualpa,Samuel Haro,,https://fbref.com/en/matches/d44f5d9a/Univ-Catolica-El-Nacional-September-12-2014-Serie-A
Liga Profesional Ecuador,M,ECU,2014,1st,Second stage,6,Sat,2014-09-13,15:30,LDU de Loja,2.0,Manta FC,0.0,2072.0,Estadio Federativo Reina del Cisne,José Espinel,,https://fbref.com/en/matches/69b8841b/LDU-de-Loja-Manta-FC-September-13-2014-Serie-A
Liga Profesional Ecuador,M,ECU,2014,1st,Second stage,6,Sat,2014-09-13,17:00,SD Quito,2.0,CD Olmedo,0.0,2352.0,Estadio Olímpico Atahualpa,Edgar Hinostroza,,https://fbref.com/en/matches/1d78d113/SD-Quito-CD-Olmedo-September-13-2014-Serie-A
Liga Profesional Ecuador,M,ECU,2014,1st,Second stage,6,Sun,2014-09-14,11:30,LDU de Quito,1.0,CD Cuenca,1.0,3474.0,Estadio de Liga Deportiva Universitaria,Omar Ponce,,https://fbref.com/en/matches/1011618b/LDU-de-Quito-CD-Cuenca-September-14-2014-Serie-A
Liga Profesional Ecuador,M,ECU,2014,1st,Second stage,6,Sun,2014-09-14,16:45,Barcelona SC,1.0,CS Emelec,0.0,39947.0,Estadio Monumental Isidro Romero Carbo,Carlos Vera,,https://fbref.com/en/matches/5e5d3ea7/Barcelona-SC-CS-Emelec-September-14-2014-Serie-A
Liga Profesional Ecuador,M,ECU,2014,1st,Second stage,7,Sat,2014-09-20,13:00,Manta FC,1.0,SD Quito,1.0,300.0,Estadio Jocay,Mario Romero,,https://fbref.com/en/matches/71be6364/Manta-FC-SD-Quito-September-20-2014-Serie-A
Liga Profesional Ecuador,M,ECU,2014,1st,Second stage,7,Sun,2014-09-21,11:00,El Nacional,1.0,LDU de Loja,1.0,4130.0,Estadio Olímpico Atahualpa,Omar Ponce,,https://fbref.com/en/matches/654cdeb5/El-Nacional-LDU-de-Loja-September-21-2014-Serie-A
Liga Profesional Ecuador,M,ECU,2014,1st,Second stage,7,Sun,2014-09-21,12:00,CD Olmedo,1.0,LDU de Quito,1.0,3864.0,Estadio Olímpico de Riobamba,Diego Lara,,https://fbref.com/en/matches/6cc4958b/CD-Olmedo-LDU-de-Quito-September-21-2014-Serie-A
Liga Profesional Ecuador,M,ECU,2014,1st,Second stage,7,Sun,2014-09-21,13:00,CD Cuenca,0.0,Barcelona SC,2.0,13165.0,Estadio Alejandro Serrano Aguilar,Roddy Zambrano,,https://fbref.com/en/matches/b3deb977/CD-Cuenca-Barcelona-SC-September-21-2014-Serie-A
Liga Profesional Ecuador,M,ECU,2014,1st,Second stage,7,Sun,2014-09-21,17:00,CS Emelec,3.0,Mushuc Runa,1.0,14882.0,Estadio Banco del Pacífico,Samuel Haro,,https://fbref.com/en/matches/a4c2e0fb/CS-Emelec-Mushuc-Runa-September-21-2014-Serie-A
Liga Profesional Ecuador,M,ECU,2014,1st,Second stage,8,Fri,2014-09-26,19:15,SD Quito,0.0,El Nacional,4.0,2962.0,Estadio Olímpico Atahualpa,Nestor Salazar,,https://fbref.com/en/matches/40279634/SD-Quito-El-Nacional-September-26-2014-Serie-A
Liga Profesional Ecuador,M,ECU,2014,1st,Second stage,8,Fri,2014-09-26,19:30,LDU de Quito,2.0,Manta FC,0.0,1467.0,Estadio de Liga Deportiva Universitaria,Roddy Zambrano,,https://fbref.com/en/matches/a6f53a33/LDU-de-Quito-Manta-FC-September-26-2014-Serie-A
Liga Profesional Ecuador,M,ECU,2014,1st,Second stage,8,Fri,2014-09-26,20:00,CD Cuenca,1.0,Mushuc Runa,1.0,5324.0,Estadio Alejandro Serrano Aguilar,Carlos Vera,,https://fbref.com/en/matches/0a680bb1/CD-Cuenca-Mushuc-Runa-September-26-2014-Serie-A
Liga Profesional Ecuador,M,ECU,2014,1st,Second stage,8,Sat,2014-09-27,15:00,LDU de Loja,0.0,Independiente,0.0,2641.0,Estadio Federativo Reina del Cisne,Samuel Haro,,https://fbref.com/en/matches/e9780ef0/LDU-de-Loja-Independiente-September-27-2014-Serie-A
Liga Profesional Ecuador,M,ECU,2014,1st,Second stage,8,Sat,2014-09-27,17:00,Barcelona SC,2.0,CD Olmedo,0.0,13299.0,Estadio Monumental Isidro Romero Carbo,Vinício Espínel,,https://fbref.com/en/matches/8fa5df2f/Barcelona-SC-CD-Olmedo-September-27-2014-Serie-A
Liga Profesional Ecuador,M,ECU,2014,1st,Second stage,9,Wed,2014-10-01,16:00,Mushuc Runa,2.0,Univ Católica,0.0,681.0,Estadio Bellavista de Ambato,Edgar Hinostroza,,https://fbref.com/en/matches/14e0c6ff/Mushuc-Runa-Univ-Catolica-October-1-2014-Serie-A
Liga Profesional Ecuador,M,ECU,2014,1st,Second stage,9,Wed,2014-10-01,19:00,Manta FC,2.0,Barcelona SC,4.0,,Estadio Jocay,Omar Ponce,,https://fbref.com/en/matches/1723c951/Manta-FC-Barcelona-SC-October-1-2014-Serie-A
Liga Profesional Ecuador,M,ECU,2014,1st,Second stage,9,Wed,2014-10-01,19:00,CD Olmedo,2.0,CD Cuenca,2.0,,Estadio Olímpico de Riobamba,Daniel Salazar,,https://fbref.com/en/matches/4761b3f6/CD-Olmedo-CD-Cuenca-October-1-2014-Serie-A
Liga Profesional Ecuador,M,ECU,2014,1st,Second stage,9,Wed,2014-10-01,19:15,Independiente,2.0,SD Quito,0.0,756.0,Estadio General Rumiñahui del Valle de L...,Roddy Zambrano,,https://fbref.com/en/matches/4f2e5f42/Independiente-SD-Quito-October-1-2014-Serie-A
Liga Profesional Ecuador,M,ECU,2014,1st,Second stage,9,Wed,2014-10-01,19:15,El Nacional,0.0,LDU de Quito,0.0,,Estadio Olímpico Atahualpa,Juan Albarracín,,https://fbref.com/en/matches/ebbcc3fa/El-Nacional-LDU-de-Quito-October-1-2014-Serie-A
Liga Profesional Ecuador,M,ECU,2014,1st,Second stage,10,Sun,2014-10-05,11:30,SD Quito,1.0,Univ Católica,0.0,,Estadio Olímpico Atahualpa,Omar Ponce,,https://fbref.com/en/matches/4d5c0833/SD-Quito-Univ-Catolica-October-5-2014-Serie-A
Liga Profesional Ecuador,M,ECU,2014,1st,Second stage,10,Sun,2014-10-05,11:30,CD Cuenca,1.0,Manta FC,0.0,,Estadio Alejandro Serrano Aguilar,José Zambrano,,https://fbref.com/en/matches/a7147244/CD-Cuenca-Manta-FC-October-5-2014-Serie-A
Liga Profesional Ecuador,M,ECU,2014,1st,Second stage,10,Sun,2014-10-05,11:30,LDU de Quito,2.0,CS Emelec,1.0,,Estadio de Liga Deportiva Universitaria,Vinício Espínel,,https://fbref.com/en/matches/b3446f19/LDU-de-Quito-CS-Emelec-October-5-2014-Serie-A
Liga Profesional Ecuador,M,ECU,2014,1st,Second stage,10,Sun,2014-10-05,13:30,CD Olmedo,1.0,El Nacional,2.0,,Estadio Olímpico de Riobamba,Carlos Orbe,,https://fbref.com/en/matches/dbf18577/CD-Olmedo-El-Nacional-October-5-2014-Serie-A
Liga Profesional Ecuador,M,ECU,2014,1st,Second stage,10,Sun,2014-10-05,15:00,LDU de Loja,2.0,Mushuc Runa,1.0,,Estadio Federativo Reina del Cisne,Juan Albarracín,,https://fbref.com/en/matches/2af611ab/LDU-de-Loja-Mushuc-Runa-October-5-2014-Serie-A
Liga Profesional Ecuador,M,ECU,2014,1st,Second stage,10,Sun,2014-10-05,16:45,Barcelona SC,1.0,Independiente,4.0,,Estadio Monumental Isidro Romero Carbo,Carlos Vera,,https://fbref.com/en/matches/2c9c6f64/Barcelona-SC-Independiente-October-5-2014-Serie-A
Liga Profesional Ecuador,M,ECU,2014,1st,Second stage,3,Fri,2014-10-10,19:00,Manta FC,1.0,CS Emelec,3.0,,Estadio Jocay,Daniel Salazar,,https://fbref.com/en/matches/b07fe1f2/Manta-FC-CS-Emelec-October-10-2014-Serie-A
Liga Profesional Ecuador,M,ECU,2014,1st,Second stage,4,Sun,2014-10-12,11:45,Univ Católica,1.0,CD Olmedo,0.0,440.0,Estadio Olímpico Atahualpa,Luis Quiroz,,https://fbref.com/en/matches/2b1f9710/Univ-Catolica-CD-Olmedo-October-12-2014-Serie-A
Liga Profesional Ecuador,M,ECU,2014,1st,Second stage,11,Fri,2014-10-17,12:00,Univ Católica,4.0,LDU de Loja,1.0,,Estadio Olímpico Atahualpa,José Zambrano,,https://fbref.com/en/matches/c4753c75/Univ-Catolica-LDU-de-Loja-October-17-2014-Serie-A
Liga Profesional Ecuador,M,ECU,2014,1st,Second stage,11,Sat,2014-10-18,17:00,Independiente,4.0,CD Cuenca,0.0,,Estadio General Rumiñahui del Valle de L...,Juan Albarracín,,https://fbref.com/en/matches/bb06a7fb/Independiente-CD-Cuenca-October-18-2014-Serie-A
Liga Profesional Ecuador,M,ECU,2014,1st,Second stage,11,Sun,2014-10-19,11:30,El Nacional,1.0,Barcelona SC,4.0,,Estadio Olímpico Atahualpa,Vinício Espínel,,https://fbref.com/en/matches/5e2f2e2d/El-Nacional-Barcelona-SC-October-19-2014-Serie-A
Liga Profesional Ecuador,M,ECU,2014,1st,Second stage,11,Sun,2014-10-19,12:00,Manta FC,0.0,CD Olmedo,0.0,115.0,Estadio Jocay,José Espinel,,https://fbref.com/en/matches/a683d201/Manta-FC-CD-Olmedo-October-19-2014-Serie-A
Liga Profesional Ecuador,M,ECU,2014,1st,Second stage,11,Sun,2014-10-19,13:30,Mushuc Runa,1.0,LDU de Quito,1.0,,Estadio Bellavista de Ambato,Omar Ponce,,https://fbref.com/en/matches/538f10ab/Mushuc-Runa-LDU-de-Quito-October-19-2014-Serie-A
Liga Profesional Ecuador,M,ECU,2014,1st,Second stage,11,Sun,2014-10-19,19:00,CS Emelec,3.0,SD Quito,0.0,,Estadio Banco del Pacífico,,Match awarded to CS Emelec,https://fbref.com/en/matches/f4f5f941/CS-Emelec-SD-Quito-October-19-2014-Serie-A
Liga Profesional Ecuador,M,ECU,2014,1st,Second stage,8,Wed,2014-10-22,12:00,Univ Católica,2.0,CS Emelec,5.0,,Estadio Olímpico Atahualpa,Carlos Vera,,https://fbref.com/en/matches/9ad703cd/Univ-Catolica-CS-Emelec-October-22-2014-Serie-A
Liga Profesional Ecuador,M,ECU,2014,1st,Second stage,4,Wed,2014-10-22,19:00,Independiente,3.0,LDU de Quito,1.0,,Estadio General Rumiñahui del Valle de L...,José Espinel,,https://fbref.com/en/matches/f0dc871c/Independiente-LDU-de-Quito-October-22-2014-Serie-A
Liga Profesional Ecuador,M,ECU,2014,1st,Second stage,12,Sat,2014-10-25,15:00,LDU de Loja,1.0,Univ Católica,2.0,,Estadio Federativo Reina del Cisne,Daniel Salazar,,https://fbref.com/en/matches/aea73713/LDU-de-Loja-Univ-Catolica-October-25-2014-Serie-A
Liga Profesional Ecuador,M,ECU,2014,1st,Second stage,12,Sun,2014-10-26,11:30,LDU de Quito,5.0,Mushuc Runa,1.0,,Estadio de Liga Deportiva Universitaria,Carlos Vera,,https://fbref.com/en/matches/09c9f7a2/LDU-de-Quito-Mushuc-Runa-October-26-2014-Serie-A
Liga Profesional Ecuador,M,ECU,2014,1st,Second stage,12,Sun,2014-10-26,11:30,SD Quito,2.0,CS Emelec,2.0,,Estadio Olímpico Atahualpa,Carlos Orbe,,https://fbref.com/en/matches/e8751be2/SD-Quito-CS-Emelec-October-26-2014-Serie-A
Liga Profesional Ecuador,M,ECU,2014,1st,Second stage,12,Sun,2014-10-26,13:30,CD Cuenca,0.0,Independiente,1.0,,Estadio Alejandro Serrano Aguilar,Omar Ponce,,https://fbref.com/en/matches/66cb631d/CD-Cuenca-Independiente-October-26-2014-Serie-A
Liga Profesional Ecuador,M,ECU,2014,1st,Second stage,12,Sun,2014-10-26,13:30,CD Olmedo,1.0,Manta FC,0.0,,Estadio Olímpico de Riobamba,Diego Lara,,https://fbref.com/en/matches/77a0faa6/CD-Olmedo-Manta-FC-October-26-2014-Serie-A
Liga Profesional Ecuador,M,ECU,2014,1st,Second stage,12,Sun,2014-10-26,16:45,Barcelona SC,1.0,El Nacional,0.0,,Estadio Monumental Isidro Romero Carbo,Roddy Zambrano,,https://fbref.com/en/matches/465e7b8f/Barcelona-SC-El-Nacional-October-26-2014-Serie-A
Liga Profesional Ecuador,M,ECU,2014,1st,Second stage,7,Wed,2014-10-29,17:00,Independiente,4.0,Univ Católica,0.0,,Estadio General Rumiñahui del Valle de L...,Mario Romero,,https://fbref.com/en/matches/aad0a582/Independiente-Univ-Catolica-October-29-2014-Serie-A
Liga Profesional Ecuador,M,ECU,2014,1st,Second stage,13,Sat,2014-11-01,11:30,El Nacional,2.0,CD Olmedo,1.0,,Estadio Olímpico Atahualpa,José Zambrano,,https://fbref.com/en/matches/7af081da/El-Nacional-CD-Olmedo-November-1-2014-Serie-A
Liga Profesional Ecuador,M,ECU,2014,1st,Second stage,13,Sat,2014-11-01,13:30,Manta FC,2.0,CD Cuenca,1.0,,Estadio Jocay,Daniel Salazar,,https://fbref.com/en/matches/24ed8e30/Manta-FC-CD-Cuenca-November-1-2014-Serie-A
Liga Profesional Ecuador,M,ECU,2014,1st,Second stage,13,Sat,2014-11-01,15:00,Mushuc Runa,1.0,LDU de Loja,1.0,,Estadio Bellavista de Ambato,Samuel Haro,,https://fbref.com/en/matches/0afdb2cf/Mushuc-Runa-LDU-de-Loja-November-1-2014-Serie-A
Liga Profesional Ecuador,M,ECU,2014,1st,Second stage,13,Sat,2014-11-01,17:00,Independiente,2.0,Barcelona SC,1.0,,Estadio General Rumiñahui del Valle de L...,Vinício Espínel,,https://fbref.com/en/matches/483335f0/Independiente-Barcelona-SC-November-1-2014-Serie-A
Liga Profesional Ecuador,M,ECU,2014,1st,Second stage,13,Sun,2014-11-02,11:30,Univ Católica,1.0,SD Quito,0.0,,Estadio Olímpico Atahualpa,Juan Albarracín,,https://fbref.com/en/matches/971b9305/Univ-Catolica-SD-Quito-November-2-2014-Serie-A
Liga Profesional Ecuador,M,ECU,2014,1st,Second stage,13,Sun,2014-11-02,17:00,CS Emelec,0.0,LDU de Quito,1.0,,Estadio Banco del Pacífico,Diego Lara,,https://fbref.com/en/matches/e1ef570d/CS-Emelec-LDU-de-Quito-November-2-2014-Serie-A
Liga Profesional Ecuador,M,ECU,2014,1st,Second stage,14,Wed,2014-11-05,16:30,Univ Católica,1.0,Mushuc Runa,1.0,,Estadio Olímpico Atahualpa,Roddy Zambrano,,https://fbref.com/en/matches/f824fdc0/Univ-Catolica-Mushuc-Runa-November-5-2014-Serie-A
Liga Profesional Ecuador,M,ECU,2014,1st,Second stage,14,Wed,2014-11-05,19:00,LDU de Quito,2.0,El Nacional,1.0,,Estadio de Liga Deportiva Universitaria,Omar Ponce,,https://fbref.com/en/matches/46ddec61/LDU-de-Quito-El-Nacional-November-5-2014-Serie-A
Liga Profesional Ecuador,M,ECU,2014,1st,Second stage,14,Wed,2014-11-05,19:00,SD Quito,3.0,Independiente,0.0,,Estadio Olímpico Atahualpa,Edgar Hinostroza,,https://fbref.com/en/matches/df3de08d/SD-Quito-Independiente-November-5-2014-Serie-A
Liga Profesional Ecuador,M,ECU,2014,1st,Second stage,14,Wed,2014-11-05,19:05,Barcelona SC,0.0,Manta FC,1.0,,Estadio Monumental Isidro Romero Carbo,Carlos Orbe,,https://fbref.com/en/matches/e840373f/Barcelona-SC-Manta-FC-November-5-2014-Serie-A
Liga Profesional Ecuador,M,ECU,2014,1st,Second stage,14,Wed,2014-11-05,20:00,CD Cuenca,3.0,CD Olmedo,1.0,,Estadio Alejandro Serrano Aguilar,Carlos Vera,,https://fbref.com/en/matches/a0b312fd/CD-Cuenca-CD-Olmedo-November-5-2014-Serie-A
Liga Profesional Ecuador,M,ECU,2014,1st,Second stage,15,Sun,2014-11-09,11:30,El Nacional,0.0,SD Quito,0.0,,Estadio Olímpico Atahualpa,Roddy Zambrano,,https://fbref.com/en/matches/d1e47e07/El-Nacional-SD-Quito-November-9-2014-Serie-A
Liga Profesional Ecuador,M,ECU,2014,1st,Second stage,15,Sun,2014-11-09,12:00,CD Olmedo,0.0,Barcelona SC,1.0,,Estadio Olímpico de Riobamba,Daniel Salazar,,https://fbref.com/en/matches/4dd5e2ad/CD-Olmedo-Barcelona-SC-November-9-2014-Serie-A
Liga Profesional Ecuador,M,ECU,2014,1st,Second stage,15,Sun,2014-11-09,12:00,Manta FC,3.0,LDU de Quito,3.0,,Estadio Jocay,Samuel Haro,,https://fbref.com/en/matches/a97db985/Manta-FC-LDU-de-Quito-November-9-2014-Serie-A
Liga Profesional Ecuador,M,ECU,2014,1st,Second stage,15,Sun,2014-11-09,14:30,Mushuc Runa,1.0,CD Cuenca,2.0,,Estadio Bellavista de Ambato,Carlos Orbe,,https://fbref.com/en/matches/a17e7c59/Mushuc-Runa-CD-Cuenca-November-9-2014-Serie-A
Liga Profesional Ecuador,M,ECU,2014,1st,Second stage,15,Sun,2014-11-09,17:00,Independiente,1.0,LDU de Loja,1.0,,Estadio General Rumiñahui del Valle de L...,Diego Lara,,https://fbref.com/en/matches/7b40930e/Independiente-LDU-de-Loja-November-9-2014-Serie-A
Liga Profesional Ecuador,M,ECU,2014,1st,Second stage,15,Sun,2014-11-09,17:00,CS Emelec,2.0,Univ Católica,1.0,,Estadio Banco del Pacífico,José Espinel,,https://fbref.com/en/matches/e3f9301d/CS-Emelec-Univ-Catolica-November-9-2014-Serie-A
Liga Profesional Ecuador,M,ECU,2014,1st,Second stage,9,Wed,2014-11-12,19:00,CS Emelec,3.0,LDU de Loja,1.0,,Estadio Banco del Pacífico,Daniel Salazar,,https://fbref.com/en/matches/3c79f7e1/CS-Emelec-LDU-de-Loja-November-12-2014-Serie-A
Liga Profesional Ecuador,M,ECU,2014,1st,Second stage,3,Wed,2014-11-12,19:15,El Nacional,0.0,Independiente,1.0,,Estadio Olímpico Atahualpa,José Espinel,,https://fbref.com/en/matches/7f7e9a4c/El-Nacional-Independiente-November-12-2014-Serie-A
Liga Profesional Ecuador,M,ECU,2014,1st,Second stage,16,Fri,2014-11-14,19:15,LDU de Quito,5.0,CD Olmedo,1.0,,Estadio de Liga Deportiva Universitaria,Roddy Zambrano,,https://fbref.com/en/matches/55dc4477/LDU-de-Quito-CD-Olmedo-November-14-2014-Serie-A
Liga Profesional Ecuador,M,ECU,2014,1st,Second stage,16,Sat,2014-11-15,17:00,Barcelona SC,2.0,CD Cuenca,2.0,,Estadio Monumental Isidro Romero Carbo,José Espinel,,https://fbref.com/en/matches/6979b7b6/Barcelona-SC-CD-Cuenca-November-15-2014-Serie-A
Liga Profesional Ecuador,M,ECU,2014,1st,Second stage,16,Sat,2014-11-15,17:00,SD Quito,1.0,Manta FC,1.0,,Estadio Olímpico Atahualpa,Daniel Salazar,,https://fbref.com/en/matches/9759ceb1/SD-Quito-Manta-FC-November-15-2014-Serie-A
Liga Profesional Ecuador,M,ECU,2014,1st,Second stage,16,Sun,2014-11-16,10:45,Univ Católica,1.0,Independiente,2.0,,Estadio Olímpico Atahualpa,Carlos Orbe,,https://fbref.com/en/matches/c33a1e51/Univ-Catolica-Independiente-November-16-2014-Serie-A
Liga Profesional Ecuador,M,ECU,2014,1st,Second stage,16,Sun,2014-11-16,14:00,LDU de Loja,1.0,El Nacional,0.0,,Estadio Federativo Reina del Cisne,Omar Ponce,,https://fbref.com/en/matches/e423dcab/LDU-de-Loja-El-Nacional-November-16-2014-Serie-A
Liga Profesional Ecuador,M,ECU,2014,1st,Second stage,16,Sun,2014-11-16,14:30,Mushuc Runa,0.0,CS Emelec,1.0,,Estadio Bellavista de Ambato,Carlos Vera,,https://fbref.com/en/matches/cc302862/Mushuc-Runa-CS-Emelec-November-16-2014-Serie-A
Liga Profesional Ecuador,M,ECU,2014,1st,Second stage,17,Wed,2014-11-19,13:00,Manta FC,3.0,LDU de Loja,0.0,,Estadio Jocay,Mario Romero,,https://fbref.com/en/matches/b4e8ae89/Manta-FC-LDU-de-Loja-November-19-2014-Serie-A
Liga Profesional Ecuador,M,ECU,2014,1st,Second stage,17,Wed,2014-11-19,19:00,CD Olmedo,1.0,SD Quito,0.0,,Estadio Olímpico de Riobamba,Juan Albarracín,,https://fbref.com/en/matches/27a07692/CD-Olmedo-SD-Quito-November-19-2014-Serie-A
Liga Profesional Ecuador,M,ECU,2014,1st,Second stage,17,Wed,2014-11-19,19:00,Independiente,1.0,Mushuc Runa,0.0,,Estadio General Rumiñahui del Valle de L...,Roddy Zambrano,,https://fbref.com/en/matches/5e8c70d8/Independiente-Mushuc-Runa-November-19-2014-Serie-A
Liga Profesional Ecuador,M,ECU,2014,1st,Second stage,17,Wed,2014-11-19,19:00,CS Emelec,0.0,Barcelona SC,1.0,,Estadio Banco del Pacífico,Omar Ponce,,https://fbref.com/en/matches/e2d8cc98/CS-Emelec-Barcelona-SC-November-19-2014-Serie-A
Liga Profesional Ecuador,M,ECU,2014,1st,Second stage,17,Wed,2014-11-19,19:30,El Nacional,1.0,Univ Católica,1.0,,Estadio Olímpico Atahualpa,Daniel Salazar,,https://fbref.com/en/matches/3157edc3/El-Nacional-Univ-Catolica-November-19-2014-Serie-A
Liga Profesional Ecuador,M,ECU,2014,1st,Second stage,17,Wed,2014-11-19,19:30,CD Cuenca,1.0,LDU de Quito,2.0,,Estadio Alejandro Serrano Aguilar,Edgar Hinostroza,,https://fbref.com/en/matches/8d182433/CD-Cuenca-LDU-de-Quito-November-19-2014-Serie-A
Liga Profesional Ecuador,M,ECU,2014,1st,Second stage,18,Sun,2014-11-23,10:00,SD Quito,0.0,CD Cuenca,0.0,,Estadio Olímpico Atahualpa,Diego Lara,,https://fbref.com/en/matches/d6a47e10/SD-Quito-CD-Cuenca-November-23-2014-Serie-A
Liga Profesional Ecuador,M,ECU,2014,1st,Second stage,18,Sun,2014-11-23,11:30,LDU de Quito,0.0,Barcelona SC,0.0,,Estadio de Liga Deportiva Universitaria,Carlos Vera,,https://fbref.com/en/matches/ecdab21b/LDU-de-Quito-Barcelona-SC-November-23-2014-Serie-A
Liga Profesional Ecuador,M,ECU,2014,1st,Second stage,18,Sun,2014-11-23,12:30,Univ Católica,2.0,Manta FC,1.0,,Estadio Olímpico Atahualpa,Roddy Zambrano,,https://fbref.com/en/matches/3782d09c/Univ-Catolica-Manta-FC-November-23-2014-Serie-A
Liga Profesional Ecuador,M,ECU,2014,1st,Second stage,18,Sun,2014-11-23,14:00,LDU de Loja,0.0,CD Olmedo,3.0,,Estadio Federativo Reina del Cisne,Carlos Orbe,,https://fbref.com/en/matches/e280ad64/LDU-de-Loja-CD-Olmedo-November-23-2014-Serie-A
Liga Profesional Ecuador,M,ECU,2014,1st,Second stage,18,Sun,2014-11-23,14:00,Mushuc Runa,1.0,El Nacional,1.0,,Estadio Bellavista de Ambato,José Espinel,,https://fbref.com/en/matches/f8124a2c/Mushuc-Runa-El-Nacional-November-23-2014-Serie-A
Liga Profesional Ecuador,M,ECU,2014,1st,Second stage,18,Sun,2014-11-23,17:00,CS Emelec,1.0,Independiente,0.0,,Estadio Banco del Pacífico,Daniel Salazar,,https://fbref.com/en/matches/d71265b3/CS-Emelec-Independiente-November-23-2014-Serie-A
Liga Profesional Ecuador,M,ECU,2014,1st,Second stage,19,Fri,2014-11-28,20:00,CD Cuenca,1.0,LDU de Loja,0.0,,Estadio Alejandro Serrano Aguilar,Juan Albarracín,,https://fbref.com/en/matches/4cdcbb32/CD-Cuenca-LDU-de-Loja-November-28-2014-Serie-A
Liga Profesional Ecuador,M,ECU,2014,1st,Second stage,19,Sun,2014-11-30,11:30,El Nacional,0.0,CS Emelec,1.0,,Estadio Olímpico Atahualpa,Samuel Haro,,https://fbref.com/en/matches/5158a9d0/El-Nacional-CS-Emelec-November-30-2014-Serie-A
Liga Profesional Ecuador,M,ECU,2014,1st,Second stage,19,Sun,2014-11-30,11:30,LDU de Quito,2.0,Independiente,0.0,,Estadio de Liga Deportiva Universitaria,Roddy Zambrano,,https://fbref.com/en/matches/7e78edf9/LDU-de-Quito-Independiente-November-30-2014-Serie-A
Liga Profesional Ecuador,M,ECU,2014,1st,Second stage,19,Sun,2014-11-30,13:30,CD Olmedo,0.0,Univ Católica,3.0,,Estadio Olímpico de Riobamba,Carlos Vera,,https://fbref.com/en/matches/4108adb2/CD-Olmedo-Univ-Catolica-November-30-2014-Serie-A
Liga Profesional Ecuador,M,ECU,2014,1st,Second stage,19,Sun,2014-11-30,13:30,Manta FC,3.0,Mushuc Runa,0.0,,Estadio Jocay,Omar Ponce,,https://fbref.com/en/matches/83a2055d/Manta-FC-Mushuc-Runa-November-30-2014-Serie-A
Liga Profesional Ecuador,M,ECU,2014,1st,Second stage,19,Sun,2014-11-30,16:45,Barcelona SC,1.0,SD Quito,0.0,,Estadio Monumental Isidro Romero Carbo,Carlos Orbe,,https://fbref.com/en/matches/31cf698c/Barcelona-SC-SD-Quito-November-30-2014-Serie-A
Liga Profesional Ecuador,M,ECU,2014,1st,Second stage,14,Wed,2014-12-03,19:30,LDU de Loja,0.0,CS Emelec,2.0,,Estadio Federativo Reina del Cisne,José Espinel,,https://fbref.com/en/matches/cb340cd0/LDU-de-Loja-CS-Emelec-December-3-2014-Serie-A
Liga Profesional Ecuador,M,ECU,2014,1st,Second stage,20,Fri,2014-12-05,12:00,Univ Católica,2.0,CD Cuenca,1.0,,Estadio Olímpico Atahualpa,Samuel Haro,,https://fbref.com/en/matches/d155024c/Univ-Catolica-CD-Cuenca-December-5-2014-Serie-A
Liga Profesional Ecuador,M,ECU,2014,1st,Second stage,20,Sat,2014-12-06,14:30,Mushuc Runa,1.0,CD Olmedo,1.0,,Estadio Bellavista de Ambato,Carlos Orbe,,https://fbref.com/en/matches/bb22a911/Mushuc-Runa-CD-Olmedo-December-6-2014-Serie-A
Liga Profesional Ecuador,M,ECU,2014,1st,Second stage,20,Sat,2014-12-06,17:00,Independiente,0.0,El Nacional,1.0,,Estadio General Rumiñahui del Valle de L...,José Espinel,,https://fbref.com/en/matches/613ca3b9/Independiente-El-Nacional-December-6-2014-Serie-A
Liga Profesional Ecuador,M,ECU,2014,1st,Second stage,20,Sat,2014-12-06,19:00,LDU de Loja,0.0,Barcelona SC,1.0,,Estadio 9 de Mayo,Omar Ponce,,https://fbref.com/en/matches/d29d3640/LDU-de-Loja-Barcelona-SC-December-6-2014-Serie-A
Liga Profesional Ecuador,M,ECU,2014,1st,Second stage,20,Sun,2014-12-07,11:30,SD Quito,2.0,LDU de Quito,3.0,,Estadio Olímpico Atahualpa,Carlos Vera,,https://fbref.com/en/matches/ccc849dc/SD-Quito-LDU-de-Quito-December-7-2014-Serie-A
Liga Profesional Ecuador,M,ECU,2014,1st,Second stage,20,Sun,2014-12-07,16:00,CS Emelec,2.0,Manta FC,1.0,,Estadio Los Chirijos,Diego Lara,,https://fbref.com/en/matches/ec8f0ecd/CS-Emelec-Manta-FC-December-7-2014-Serie-A
Liga Profesional Ecuador,M,ECU,2014,1st,Second stage,21,Wed,2014-12-10,19:00,Manta FC,2.0,El Nacional,1.0,,Estadio Jocay,,,https://fbref.com/en/matches/07975e06/Manta-FC-El-Nacional-December-10-2014-Serie-A
Liga Profesional Ecuador,M,ECU,2014,1st,Second stage,21,Wed,2014-12-10,19:00,SD Quito,3.0,LDU de Loja,2.0,,Estadio Olímpico Atahualpa,,,https://fbref.com/en/matches/56e48afa/SD-Quito-LDU-de-Loja-December-10-2014-Serie-A
Liga Profesional Ecuador,M,ECU,2014,1st,Second stage,21,Wed,2014-12-10,19:00,Barcelona SC,3.0,Mushuc Runa,0.0,,Estadio Monumental Isidro Romero Carbo,,,https://fbref.com/en/matches/5956cd25/Barcelona-SC-Mushuc-Runa-December-10-2014-Serie-A
Liga Profesional Ecuador,M,ECU,2014,1st,Second stage,21,Wed,2014-12-10,19:00,LDU de Quito,1.0,Univ Católica,2.0,,Estadio de Liga Deportiva Universitaria,,,https://fbref.com/en/matches/7f356f17/LDU-de-Quito-Univ-Catolica-December-10-2014-Serie-A
Liga Profesional Ecuador,M,ECU,2014,1st,Second stage,21,Wed,2014-12-10,19:00,CD Olmedo,2.0,Independiente,3.0,,Estadio Olímpico de Riobamba,,,https://fbref.com/en/matches/c6c37abe/CD-Olmedo-Independiente-December-10-2014-Serie-A
Liga Profesional Ecuador,M,ECU,2014,1st,Second stage,21,Wed,2014-12-10,19:00,CD Cuenca,2.0,CS Emelec,1.0,,Estadio Alejandro Serrano Aguilar,,,https://fbref.com/en/matches/ca556870/CD-Cuenca-CS-Emelec-December-10-2014-Serie-A
Liga Profesional Ecuador,M,ECU,2014,1st,Second stage,22,Sun,2014-12-14,12:00,Independiente,4.0,Manta FC,0.0,,Estadio General Rumiñahui del Valle de L...,,,https://fbref.com/en/matches/408c150d/Independiente-Manta-FC-December-14-2014-Serie-A
Liga Profesional Ecuador,M,ECU,2014,1st,Second stage,22,Sun,2014-12-14,12:00,Univ Católica,0.0,Barcelona SC,1.0,,Estadio Olímpico Atahualpa,,,https://fbref.com/en/matches/7ff6bee0/Univ-Catolica-Barcelona-SC-December-14-2014-Serie-A
Liga Profesional Ecuador,M,ECU,2014,1st,Second stage,22,Sun,2014-12-14,12:00,El Nacional,2.0,CD Cuenca,1.0,,Estadio Gonzalo Pozo Ripalda,,,https://fbref.com/en/matches/866bd803/El-Nacional-CD-Cuenca-December-14-2014-Serie-A
Liga Profesional Ecuador,M,ECU,2014,1st,Second stage,22,Sun,2014-12-14,12:00,Mushuc Runa,0.0,SD Quito,0.0,,Estadio Bellavista de Ambato,,,https://fbref.com/en/matches/cff35cb4/Mushuc-Runa-SD-Quito-December-14-2014-Serie-A
Liga Profesional Ecuador,M,ECU,2014,1st,Second stage,22,Sun,2014-12-14,12:00,CS Emelec,1.0,CD Olmedo,0.0,,Estadio Banco del Pacífico,,,https://fbref.com/en/matches/d8c4979b/CS-Emelec-CD-Olmedo-December-14-2014-Serie-A
Liga Profesional Ecuador,M,ECU,2014,1st,Second stage,22,Sun,2014-12-14,12:00,LDU de Loja,1.0,LDU de Quito,0.0,,Estadio Federativo Reina del Cisne,,,https://fbref.com/en/matches/f63478c0/LDU-de-Loja-LDU-de-Quito-December-14-2014-Serie-A
Liga Profesional Ecuador,M,ECU,2014,1st,Finals,,Wed,2014-12-17,20:00,Barcelona SC,1.0,CS Emelec,1.0,,Estadio Monumental Isidro Romero Carbo,Omar Ponce,Leg 1 of 2,https://fbref.com/en/matches/44638f91/Barcelona-SC-CS-Emelec-December-17-2014-Serie-A
Liga Profesional Ecuador,M,ECU,2014,1st,Finals,,Sun,2014-12-21,16:30,CS Emelec,3.0,Barcelona SC,0.0,,Estadio Banco del Pacífico,Carlos Vera,Leg 2 of 2; CS Emelec won,https://fbref.com/en/matches/6fe31712/CS-Emelec-Barcelona-SC-December-21-2014-Serie-A
Liga Profesional Ecuador,M,ECU,2015,1st,First stage,1,Sat,2015-01-31,11:45,Univ Católica,0.0,Independiente,1.0,344.0,Estadio Olímpico Atahualpa,Juan Albarracín,,https://fbref.com/en/matches/70c2be1a/Univ-Catolica-Independiente-January-31-2015-Serie-A
Liga Profesional Ecuador,M,ECU,2015,1st,First stage,1,Sat,2015-01-31,14:00,LDU de Loja,1.0,Barcelona SC,1.0,8817.0,Estadio Federativo Reina del Cisne,Samuel Haro,,https://fbref.com/en/matches/52d78670/LDU-de-Loja-Barcelona-SC-January-31-2015-Serie-A
Liga Profesional Ecuador,M,ECU,2015,1st,First stage,1,Sat,2015-01-31,16:00,River Ecuador,2.0,SD Aucas,1.0,3626.0,Estadio Christian Benítez Betancourt,Vinício Espínel,,https://fbref.com/en/matches/da084ca6/River-Ecuador-SD-Aucas-January-31-2015-Serie-A
Liga Profesional Ecuador,M,ECU,2015,1st,First stage,1,Sun,2015-02-01,11:30,LDU de Quito,1.0,El Nacional,0.0,19353.0,Estadio de Liga Deportiva Universitaria,Diego Lara,,https://fbref.com/en/matches/ff9b963b/LDU-de-Quito-El-Nacional-February-1-2015-Serie-A
Liga Profesional Ecuador,M,ECU,2015,1st,First stage,1,Sun,2015-02-01,12:00,SD Quito,1.0,CS Emelec,1.0,8829.0,Estadio Olímpico Atahualpa,José Espinel,,https://fbref.com/en/matches/f8a2b1f7/SD-Quito-CS-Emelec-February-1-2015-Serie-A
Liga Profesional Ecuador,M,ECU,2015,1st,First stage,1,Sun,2015-02-01,14:00,Mushuc Runa,2.0,CD Cuenca,1.0,571.0,Estadio Bellavista de Ambato,José Zambrano,,https://fbref.com/en/matches/0ec9ec96/Mushuc-Runa-CD-Cuenca-February-1-2015-Serie-A
Liga Profesional Ecuador,M,ECU,2015,1st,First stage,2,Fri,2015-02-06,20:00,CD Cuenca,1.0,Univ Católica,2.0,7362.0,Estadio Alejandro Serrano Aguilar,Mario Romero,,https://fbref.com/en/matches/fceda821/CD-Cuenca-Univ-Catolica-February-6-2015-Serie-A
Liga Profesional Ecuador,M,ECU,2015,1st,First stage,2,Sat,2015-02-07,16:00,CS Emelec,5.0,Mushuc Runa,2.0,4837.0,Estadio Los Chirijos,Edgar Hinostroza,,https://fbref.com/en/matches/9a84190d/CS-Emelec-Mushuc-Runa-February-7-2015-Serie-A
Liga Profesional Ecuador,M,ECU,2015,1st,First stage,2,Sun,2015-02-08,12:00,El Nacional,0.0,LDU de Loja,1.0,4474.0,Estadio Olímpico Atahualpa,Luis Quiroz,,https://fbref.com/en/matches/1fd4fd6e/El-Nacional-LDU-de-Loja-February-8-2015-Serie-A
Liga Profesional Ecuador,M,ECU,2015,1st,First stage,2,Sun,2015-02-08,12:00,SD Aucas,1.0,LDU de Quito,1.0,16787.0,Estadio Gonzalo Pozo Ripalda,Daniel Salazar,,https://fbref.com/en/matches/be35f60d/SD-Aucas-LDU-de-Quito-February-8-2015-Serie-A
Liga Profesional Ecuador,M,ECU,2015,1st,First stage,2,Sun,2015-02-08,16:00,Independiente,2.0,SD Quito,0.0,2555.0,Estadio General Rumiñahui del Valle de L...,Carlos Orbe,,https://fbref.com/en/matches/25e6fa67/Independiente-SD-Quito-February-8-2015-Serie-A
Liga Profesional Ecuador,M,ECU,2015,1st,First stage,2,Sun,2015-02-08,16:30,Barcelona SC,1.0,River Ecuador,1.0,15125.0,Estadio Monumental Isidro Romero Carbo,Omar Ponce,,https://fbref.com/en/matches/1ba714bf/Barcelona-SC-River-Ecuador-February-8-2015-Serie-A
Liga Profesional Ecuador,M,ECU,2015,1st,First stage,3,Fri,2015-02-13,19:00,SD Quito,2.0,CD Cuenca,3.0,2589.0,Estadio Olímpico Atahualpa,Vinício Espínel,,https://fbref.com/en/matches/8456d2b2/SD-Quito-CD-Cuenca-February-13-2015-Serie-A
Liga Profesional Ecuador,M,ECU,2015,1st,First stage,3,Fri,2015-02-13,19:30,LDU de Loja,0.0,CS Emelec,2.0,5815.0,Estadio Federativo Reina del Cisne,Omar Ponce,,https://fbref.com/en/matches/da584c0a/LDU-de-Loja-CS-Emelec-February-13-2015-Serie-A
Liga Profesional Ecuador,M,ECU,2015,1st,First stage,3,Sat,2015-02-14,16:30,River Ecuador,3.0,El Nacional,1.0,5211.0,Estadio Christian Benítez Betancourt,Roddy Zambrano,,https://fbref.com/en/matches/a21cb2b3/River-Ecuador-El-Nacional-February-14-2015-Serie-A
Liga Profesional Ecuador,M,ECU,2015,1st,First stage,3,Sun,2015-02-15,12:00,Univ Católica,2.0,SD Aucas,2.0,3937.0,Estadio Olímpico Atahualpa,Guillermo Guerrero,,https://fbref.com/en/matches/deaadb40/Univ-Catolica-SD-Aucas-February-15-2015-Serie-A
Liga Profesional Ecuador,M,ECU,2015,1st,First stage,3,Sun,2015-02-15,12:00,LDU de Quito,2.0,Mushuc Runa,1.0,6603.0,Estadio de Liga Deportiva Universitaria,Carlos Orbe,,https://fbref.com/en/matches/f84d4167/LDU-de-Quito-Mushuc-Runa-February-15-2015-Serie-A
Liga Profesional Ecuador,M,ECU,2015,1st,First stage,3,Mon,2015-02-16,16:30,Barcelona SC,2.0,Independiente,1.0,11930.0,Estadio Monumental Isidro Romero Carbo,Carlos Vera,,https://fbref.com/en/matches/2a312ace/Barcelona-SC-Independiente-February-16-2015-Serie-A
Liga Profesional Ecuador,M,ECU,2015,1st,First stage,4,Fri,2015-02-20,20:00,CD Cuenca,1.0,LDU de Quito,1.0,14887.0,Estadio Alejandro Serrano Aguilar,Omar Ponce,,https://fbref.com/en/matches/3b060953/CD-Cuenca-LDU-de-Quito-February-20-2015-Serie-A
Liga Profesional Ecuador,M,ECU,2015,1st,First stage,4,Sat,2015-02-21,15:00,Mushuc Runa,2.0,SD Quito,2.0,1187.0,Estadio del Mushuc Runa Sporting Club,Diego Lara,,https://fbref.com/en/matches/0279527f/Mushuc-Runa-SD-Quito-February-21-2015-Serie-A
Liga Profesional Ecuador,M,ECU,2015,1st,First stage,4,Sat,2015-02-21,16:00,CS Emelec,1.0,Univ Católica,1.0,5253.0,Estadio Los Chirijos,José Espinel,,https://fbref.com/en/matches/811d0f3e/CS-Emelec-Univ-Catolica-February-21-2015-Serie-A
Liga Profesional Ecuador,M,ECU,2015,1st,First stage,4,Sat,2015-02-21,16:00,El Nacional,2.0,Barcelona SC,1.0,20864.0,Estadio Olímpico Atahualpa,José Espinel,,https://fbref.com/en/matches/f8cfaca3/El-Nacional-Barcelona-SC-February-21-2015-Serie-A
Liga Profesional Ecuador,M,ECU,2015,1st,First stage,4,Sat,2015-02-21,17:00,Independiente,3.0,River Ecuador,2.0,696.0,Estadio General Rumiñahui del Valle de L...,Samuel Haro,,https://fbref.com/en/matches/5e7875dc/Independiente-River-Ecuador-February-21-2015-Serie-A
Liga Profesional Ecuador,M,ECU,2015,1st,First stage,4,Sun,2015-02-22,11:30,SD Aucas,1.0,LDU de Loja,2.0,5754.0,Estadio Gonzalo Pozo Ripalda,Carlos Orbe,,https://fbref.com/en/matches/3acfba1b/SD-Aucas-LDU-de-Loja-February-22-2015-Serie-A
Liga Profesional Ecuador,M,ECU,2015,1st,First stage,5,Fri,2015-02-27,19:30,LDU de Loja,1.0,CD Cuenca,1.0,3997.0,Estadio Federativo Reina del Cisne,Roddy Zambrano,,https://fbref.com/en/matches/55fa8ef7/LDU-de-Loja-CD-Cuenca-February-27-2015-Serie-A
Liga Profesional Ecuador,M,ECU,2015,1st,First stage,5,Sat,2015-02-28,12:00,LDU de Quito,2.0,CS Emelec,1.0,15237.0,Estadio de Liga Deportiva Universitaria,Carlos Vera,,https://fbref.com/en/matches/904b7b78/LDU-de-Quito-CS-Emelec-February-28-2015-Serie-A
Liga Profesional Ecuador,M,ECU,2015,1st,First stage,5,Sat,2015-02-28,16:00,River Ecuador,2.0,Mushuc Runa,0.0,3012.0,Estadio Christian Benítez Betancourt,José Espinel,,https://fbref.com/en/matches/5897aa9e/River-Ecuador-Mushuc-Runa-February-28-2015-Serie-A
Liga Profesional Ecuador,M,ECU,2015,1st,First stage,5,Sat,2015-02-28,16:00,El Nacional,1.0,Independiente,2.0,5407.0,Estadio Olímpico Atahualpa,Daniel Salazar,,https://fbref.com/en/matches/af523a49/El-Nacional-Independiente-February-28-2015-Serie-A
Liga Profesional Ecuador,M,ECU,2015,1st,First stage,5,Sun,2015-03-01,12:00,Univ Católica,2.0,SD Quito,1.0,2393.0,Estadio Olímpico Atahualpa,José Zambrano,,https://fbref.com/en/matches/5f6c802b/Univ-Catolica-SD-Quito-March-1-2015-Serie-A
Liga Profesional Ecuador,M,ECU,2015,1st,First stage,6,Fri,2015-03-06,20:00,CD Cuenca,1.0,River Ecuador,2.0,10754.0,Estadio Alejandro Serrano Aguilar,Juan Albarracín,,https://fbref.com/en/matches/5666a3f7/CD-Cuenca-River-Ecuador-March-6-2015-Serie-A
Liga Profesional Ecuador,M,ECU,2015,1st,First stage,6,Sat,2015-03-07,16:00,Mushuc Runa,0.0,Univ Católica,2.0,925.0,Estadio Bellavista de Ambato,Vinício Espínel,,https://fbref.com/en/matches/68a31bbb/Mushuc-Runa-Univ-Catolica-March-7-2015-Serie-A
Liga Profesional Ecuador,M,ECU,2015,1st,First stage,6,Sat,2015-03-07,17:00,Independiente,2.0,LDU de Loja,0.0,836.0,Estadio General Rumiñahui del Valle de L...,Mario Romero,,https://fbref.com/en/matches/38013cb6/Independiente-LDU-de-Loja-March-7-2015-Serie-A
Liga Profesional Ecuador,M,ECU,2015,1st,First stage,6,Sun,2015-03-08,11:30,SD Quito,0.0,LDU de Quito,0.0,21198.0,Estadio Olímpico Atahualpa,José Espinel,,https://fbref.com/en/matches/7eb83b8e/SD-Quito-LDU-de-Quito-March-8-2015-Serie-A
Liga Profesional Ecuador,M,ECU,2015,1st,First stage,6,Sun,2015-03-08,12:00,SD Aucas,2.0,El Nacional,3.0,12544.0,Estadio Gonzalo Pozo Ripalda,Samuel Haro,,https://fbref.com/en/matches/795de92e/SD-Aucas-El-Nacional-March-8-2015-Serie-A
Liga Profesional Ecuador,M,ECU,2015,1st,First stage,6,Sun,2015-03-08,17:30,CS Emelec,2.0,Barcelona SC,0.0,16059.0,Estadio Modelo Alberto Spencer Herrera,Omar Ponce,,https://fbref.com/en/matches/e77abe04/CS-Emelec-Barcelona-SC-March-8-2015-Serie-A
Liga Profesional Ecuador,M,ECU,2015,1st,First stage,7,Sat,2015-03-14,14:00,LDU de Loja,1.0,Mushuc Runa,2.0,2103.0,Estadio Federativo Reina del Cisne,Guillermo Guerrero,,https://fbref.com/en/matches/2e8f5734/LDU-de-Loja-Mushuc-Runa-March-14-2015-Serie-A
Liga Profesional Ecuador,M,ECU,2015,1st,First stage,7,Sat,2015-03-14,16:00,River Ecuador,2.0,SD Quito,2.0,5110.0,Estadio Christian Benítez Betancourt,Luis Quiroz,,https://fbref.com/en/matches/d61c1515/River-Ecuador-SD-Quito-March-14-2015-Serie-A
Liga Profesional Ecuador,M,ECU,2015,1st,First stage,7,Sun,2015-03-15,11:30,LDU de Quito,3.0,Univ Católica,0.0,7049.0,Estadio de Liga Deportiva Universitaria,Daniel Salazar,,https://fbref.com/en/matches/0fd00888/LDU-de-Quito-Univ-Catolica-March-15-2015-Serie-A
Liga Profesional Ecuador,M,ECU,2015,1st,First stage,7,Sun,2015-03-15,11:30,El Nacional,1.0,CS Emelec,1.0,14849.0,Estadio Olímpico Atahualpa,Diego Lara,,https://fbref.com/en/matches/1006ab32/El-Nacional-CS-Emelec-March-15-2015-Serie-A
Liga Profesional Ecuador,M,ECU,2015,1st,First stage,7,Sun,2015-03-15,12:00,SD Aucas,0.0,Independiente,1.0,5246.0,Estadio Gonzalo Pozo Ripalda,Roddy Zambrano,,https://fbref.com/en/matches/bfa30281/SD-Aucas-Independiente-March-15-2015-Serie-A
Liga Profesional Ecuador,M,ECU,2015,1st,First stage,7,Sun,2015-03-15,16:30,Barcelona SC,2.0,CD Cuenca,0.0,14296.0,Estadio Monumental Isidro Romero Carbo,Carlos Vera,,https://fbref.com/en/matches/e241f8c5/Barcelona-SC-CD-Cuenca-March-15-2015-Serie-A
Liga Profesional Ecuador,M,ECU,2015,1st,First stage,8,Fri,2015-03-20,12:00,Univ Católica,4.0,River Ecuador,1.0,181.0,Estadio Olímpico Atahualpa,Samuel Haro,,https://fbref.com/en/matches/ff30c9d3/Univ-Catolica-River-Ecuador-March-20-2015-Serie-A
Liga Profesional Ecuador,M,ECU,2015,1st,First stage,8,Fri,2015-03-20,19:15,SD Quito,3.0,LDU de Loja,1.0,1608.0,Estadio Olímpico Atahualpa,Edgar Hinostroza,,https://fbref.com/en/matches/2698e1db/SD-Quito-LDU-de-Loja-March-20-2015-Serie-A
Liga Profesional Ecuador,M,ECU,2015,1st,First stage,8,Fri,2015-03-20,20:00,CD Cuenca,1.0,El Nacional,0.0,6687.0,Estadio Alejandro Serrano Aguilar,Daniel Salazar,,https://fbref.com/en/matches/6dc87178/CD-Cuenca-El-Nacional-March-20-2015-Serie-A
Liga Profesional Ecuador,M,ECU,2015,1st,First stage,8,Sat,2015-03-21,16:00,Mushuc Runa,0.0,Independiente,1.0,1106.0,Estadio Bellavista de Ambato,Omar Ponce,,https://fbref.com/en/matches/39403e02/Mushuc-Runa-Independiente-March-21-2015-Serie-A
Liga Profesional Ecuador,M,ECU,2015,1st,First stage,8,Sun,2015-03-22,16:15,CS Emelec,2.0,SD Aucas,0.0,14812.0,Estadio Modelo Alberto Spencer Herrera,Carlos Vera,,https://fbref.com/en/matches/ca3924f2/CS-Emelec-SD-Aucas-March-22-2015-Serie-A
Liga Profesional Ecuador,M,ECU,2015,1st,First stage,9,Wed,2015-03-25,12:30,SD Aucas,2.0,CD Cuenca,0.0,3843.0,Estadio Gonzalo Pozo Ripalda,Diego Lara,,https://fbref.com/en/matches/f4480eba/SD-Aucas-CD-Cuenca-March-25-2015-Serie-A
Liga Profesional Ecuador,M,ECU,2015,1st,First stage,9,Wed,2015-03-25,16:30,River Ecuador,1.0,LDU de Quito,1.0,5973.0,Estadio Modelo Alberto Spencer Herrera,Vinício Espínel,,https://fbref.com/en/matches/f4d5c6b4/River-Ecuador-LDU-de-Quito-March-25-2015-Serie-A
Liga Profesional Ecuador,M,ECU,2015,1st,First stage,9,Wed,2015-03-25,19:00,Barcelona SC,6.0,Mushuc Runa,0.0,11376.0,Estadio Monumental Isidro Romero Carbo,Roddy Zambrano,,https://fbref.com/en/matches/a71ebe4b/Barcelona-SC-Mushuc-Runa-March-25-2015-Serie-A
Liga Profesional Ecuador,M,ECU,2015,1st,First stage,9,Wed,2015-03-25,19:30,LDU de Loja,1.0,Univ Católica,0.0,1727.0,Estadio Federativo Reina del Cisne,Luis Quiroz,,https://fbref.com/en/matches/6971576d/LDU-de-Loja-Univ-Catolica-March-25-2015-Serie-A
Liga Profesional Ecuador,M,ECU,2015,1st,First stage,9,Wed,2015-03-25,19:30,El Nacional,2.0,SD Quito,3.0,5381.0,Estadio Olímpico Atahualpa,Mario Romero,,https://fbref.com/en/matches/fe1ed6ef/El-Nacional-SD-Quito-March-25-2015-Serie-A
Liga Profesional Ecuador,M,ECU,2015,1st,First stage,10,Sun,2015-03-29,10:00,SD Quito,3.0,SD Aucas,2.0,,Estadio Olímpico Atahualpa,Juan Albarracín,,https://fbref.com/en/matches/b1a1b4ee/SD-Quito-SD-Aucas-March-29-2015-Serie-A
Liga Profesional Ecuador,M,ECU,2015,1st,First stage,10,Sun,2015-03-29,11:30,Mushuc Runa,0.0,El Nacional,3.0,894.0,Estadio Bellavista de Ambato,José Zambrano,,https://fbref.com/en/matches/56f71ab7/Mushuc-Runa-El-Nacional-March-29-2015-Serie-A
Liga Profesional Ecuador,M,ECU,2015,1st,First stage,10,Sun,2015-03-29,11:30,LDU de Quito,2.0,LDU de Loja,1.0,2787.0,Estadio de Liga Deportiva Universitaria,Samuel Haro,,https://fbref.com/en/matches/7e611d5f/LDU-de-Quito-LDU-de-Loja-March-29-2015-Serie-A
Liga Profesional Ecuador,M,ECU,2015,1st,First stage,10,Sun,2015-03-29,12:30,Univ Católica,1.0,Barcelona SC,2.0,14082.0,Estadio Olímpico Atahualpa,José Espinel,,https://fbref.com/en/matches/79e189a2/Univ-Catolica-Barcelona-SC-March-29-2015-Serie-A
Liga Profesional Ecuador,M,ECU,2015,1st,First stage,10,Sun,2015-03-29,13:40,CD Cuenca,1.0,Independiente,1.0,5061.0,Estadio Alejandro Serrano Aguilar,Carlos Vera,,https://fbref.com/en/matches/d9d4c279/CD-Cuenca-Independiente-March-29-2015-Serie-A
Liga Profesional Ecuador,M,ECU,2015,1st,First stage,10,Sun,2015-03-29,16:00,River Ecuador,1.0,CS Emelec,2.0,8705.0,Estadio Christian Benítez Betancourt,Roddy Zambrano,,https://fbref.com/en/matches/b17fdf45/River-Ecuador-CS-Emelec-March-29-2015-Serie-A
Liga Profesional Ecuador,M,ECU,2015,1st,First stage,5,Wed,2015-04-01,19:15,Barcelona SC,2.0,SD Aucas,0.0,13251.0,Estadio Monumental Isidro Romero Carbo,Edgar Hinostroza,,https://fbref.com/en/matches/42c85ce7/Barcelona-SC-SD-Aucas-April-1-2015-Serie-A
Liga Profesional Ecuador,M,ECU,2015,1st,First stage,11,Fri,2015-04-03,16:00,CS Emelec,3.0,CD Cuenca,1.0,13822.0,Estadio Banco del Pacífico,Vinício Espínel,,https://fbref.com/en/matches/92bc04e5/CS-Emelec-CD-Cuenca-April-3-2015-Serie-A
Liga Profesional Ecuador,M,ECU,2015,1st,First stage,11,Sat,2015-04-04,17:00,Independiente,1.0,LDU de Quito,1.0,7457.0,Estadio General Rumiñahui del Valle de L...,Carlos Orbe,,https://fbref.com/en/matches/40e5e474/Independiente-LDU-de-Quito-April-4-2015-Serie-A
Liga Profesional Ecuador,M,ECU,2015,1st,First stage,11,Sat,2015-04-04,19:00,LDU de Loja,1.0,River Ecuador,0.0,800.0,Estadio Federativo Reina del Cisne,Diego Lara,,https://fbref.com/en/matches/796e1391/LDU-de-Loja-River-Ecuador-April-4-2015-Serie-A
Liga Profesional Ecuador,M,ECU,2015,1st,First stage,11,Sun,2015-04-05,11:30,El Nacional,0.0,Univ Católica,0.0,8807.0,Estadio Olímpico Atahualpa,Juan Albarracín,,https://fbref.com/en/matches/5ab8064b/El-Nacional-Univ-Catolica-April-5-2015-Serie-A
Liga Profesional Ecuador,M,ECU,2015,1st,First stage,11,Sun,2015-04-05,12:00,SD Aucas,2.0,Mushuc Runa,2.0,4535.0,Estadio Gonzalo Pozo Ripalda,Daniel Salazar,,https://fbref.com/en/matches/e9ce36c5/SD-Aucas-Mushuc-Runa-April-5-2015-Serie-A
Liga Profesional Ecuador,M,ECU,2015,1st,First stage,11,Sun,2015-04-05,16:30,Barcelona SC,1.0,SD Quito,2.0,23120.0,Estadio Monumental Isidro Romero Carbo,Omar Ponce,,https://fbref.com/en/matches/568aac68/Barcelona-SC-SD-Quito-April-5-2015-Serie-A
Liga Profesional Ecuador,M,ECU,2015,1st,First stage,9,Wed,2015-04-08,19:00,Independiente,3.0,CS Emelec,1.0,3182.0,Estadio General Rumiñahui del Valle de L...,José Espinel,,https://fbref.com/en/matches/f58d568e/Independiente-CS-Emelec-April-8-2015-Serie-A
Liga Profesional Ecuador,M,ECU,2015,1st,First stage,12,Sat,2015-04-11,12:00,Univ Católica,0.0,El Nacional,4.0,1338.0,Estadio Olímpico Atahualpa,Edgar Hinostroza,,https://fbref.com/en/matches/1ae2ee35/Univ-Catolica-El-Nacional-April-11-2015-Serie-A
Liga Profesional Ecuador,M,ECU,2015,1st,First stage,12,Sat,2015-04-11,14:30,Mushuc Runa,2.0,SD Aucas,2.0,2142.0,Estadio Bellavista de Ambato,José Espinel,,https://fbref.com/en/matches/d265e71d/Mushuc-Runa-SD-Aucas-April-11-2015-Serie-A
Liga Profesional Ecuador,M,ECU,2015,1st,First stage,12,Sat,2015-04-11,16:30,River Ecuador,1.0,LDU de Loja,0.0,2205.0,Estadio Christian Benítez Betancourt,Juan Albarracín,,https://fbref.com/en/matches/383b5512/River-Ecuador-LDU-de-Loja-April-11-2015-Serie-A
Liga Profesional Ecuador,M,ECU,2015,1st,First stage,12,Sun,2015-04-12,11:30,LDU de Quito,2.0,Independiente,0.0,13674.0,Estadio de Liga Deportiva Universitaria,Omar Ponce,,https://fbref.com/en/matches/337dff32/LDU-de-Quito-Independiente-April-12-2015-Serie-A
Liga Profesional Ecuador,M,ECU,2015,1st,First stage,12,Mon,2015-04-13,19:00,SD Quito,1.0,Barcelona SC,0.0,23673.0,Estadio Olímpico Atahualpa,Roddy Zambrano,,https://fbref.com/en/matches/fd955b57/SD-Quito-Barcelona-SC-April-13-2015-Serie-A
Liga Profesional Ecuador,M,ECU,2015,1st,First stage,13,Fri,2015-04-17,19:05,Barcelona SC,2.0,Univ Católica,0.0,7951.0,Estadio Monumental Isidro Romero Carbo,Luis Quiroz,,https://fbref.com/en/matches/0204e641/Barcelona-SC-Univ-Catolica-April-17-2015-Serie-A
Liga Profesional Ecuador,M,ECU,2015,1st,First stage,13,Fri,2015-04-17,19:30,LDU de Loja,0.0,LDU de Quito,0.0,4993.0,Estadio Federativo Reina del Cisne,Mario Romero,,https://fbref.com/en/matches/c2560227/LDU-de-Loja-LDU-de-Quito-April-17-2015-Serie-A
Liga Profesional Ecuador,M,ECU,2015,1st,First stage,13,Sat,2015-04-18,13:00,SD Aucas,2.0,SD Quito,3.0,13128.0,Estadio Gonzalo Pozo Ripalda,Carlos Vera,,https://fbref.com/en/matches/64661ac3/SD-Aucas-SD-Quito-April-18-2015-Serie-A
Liga Profesional Ecuador,M,ECU,2015,1st,First stage,13,Sat,2015-04-18,16:30,El Nacional,1.0,Mushuc Runa,2.0,7446.0,Estadio Olímpico Atahualpa,Daniel Salazar,,https://fbref.com/en/matches/226a9ba0/El-Nacional-Mushuc-Runa-April-18-2015-Serie-A
Liga Profesional Ecuador,M,ECU,2015,1st,First stage,13,Sat,2015-04-18,17:00,Independiente,2.0,CD Cuenca,2.0,649.0,Estadio General Rumiñahui del Valle de L...,Roddy Zambrano,,https://fbref.com/en/matches/2c4bbfed/Independiente-CD-Cuenca-April-18-2015-Serie-A
Liga Profesional Ecuador,M,ECU,2015,1st,First stage,13,Sun,2015-04-19,16:00,CS Emelec,0.0,River Ecuador,0.0,14029.0,Estadio Modelo Alberto Spencer Herrera,Omar Ponce,,https://fbref.com/en/matches/4c584e99/CS-Emelec-River-Ecuador-April-19-2015-Serie-A
Liga Profesional Ecuador,M,ECU,2015,1st,First stage,14,Wed,2015-04-22,16:30,Univ Católica,1.0,LDU de Loja,3.0,10282.0,Estadio Olímpico Atahualpa,José Zambrano,,https://fbref.com/en/matches/1a78b7fa/Univ-Catolica-LDU-de-Loja-April-22-2015-Serie-A
Liga Profesional Ecuador,M,ECU,2015,1st,First stage,14,Wed,2015-04-22,19:00,SD Quito,0.0,El Nacional,1.0,,Estadio Olímpico Atahualpa,José Espinel,,https://fbref.com/en/matches/1ef6a67a/SD-Quito-El-Nacional-April-22-2015-Serie-A
Liga Profesional Ecuador,M,ECU,2015,1st,First stage,14,Wed,2015-04-22,19:30,CD Cuenca,0.0,SD Aucas,2.0,8206.0,Estadio Alejandro Serrano Aguilar,Carlos Orbe,,https://fbref.com/en/matches/54d0d2e6/CD-Cuenca-SD-Aucas-April-22-2015-Serie-A
Liga Profesional Ecuador,M,ECU,2015,1st,First stage,14,Wed,2015-04-22,19:30,LDU de Quito,2.0,River Ecuador,0.0,5559.0,Estadio de Liga Deportiva Universitaria,Diego Lara,,https://fbref.com/en/matches/afcfb884/LDU-de-Quito-River-Ecuador-April-22-2015-Serie-A
Liga Profesional Ecuador,M,ECU,2015,1st,First stage,15,Sat,2015-04-25,17:00,Independiente,1.0,Mushuc Runa,0.0,638.0,Estadio General Rumiñahui del Valle de L...,Luis Quiroz,,https://fbref.com/en/matches/79b3ee93/Independiente-Mushuc-Runa-April-25-2015-Serie-A
Liga Profesional Ecuador,M,ECU,2015,1st,First stage,15,Sun,2015-04-26,11:30,LDU de Loja,1.0,SD Quito,1.0,2958.0,Estadio Federativo Reina del Cisne,Roddy Zambrano,,https://fbref.com/en/matches/99c31d6f/LDU-de-Loja-SD-Quito-April-26-2015-Serie-A
Liga Profesional Ecuador,M,ECU,2015,1st,First stage,15,Sun,2015-04-26,11:30,El Nacional,1.0,CD Cuenca,1.0,6614.0,Estadio Olímpico Atahualpa,Edgar Hinostroza,,https://fbref.com/en/matches/b1be7b64/El-Nacional-CD-Cuenca-April-26-2015-Serie-A
Liga Profesional Ecuador,M,ECU,2015,1st,First stage,15,Sun,2015-04-26,12:00,SD Aucas,0.0,CS Emelec,0.0,11583.0,Estadio Gonzalo Pozo Ripalda,Vinício Espínel,,https://fbref.com/en/matches/4f5ae131/SD-Aucas-CS-Emelec-April-26-2015-Serie-A
Liga Profesional Ecuador,M,ECU,2015,1st,First stage,15,Sun,2015-04-26,14:00,River Ecuador,1.0,Univ Católica,0.0,618.0,Estadio Christian Benítez Betancourt,Mario Romero,,https://fbref.com/en/matches/bfe541fb/River-Ecuador-Univ-Catolica-April-26-2015-Serie-A
Liga Profesional Ecuador,M,ECU,2015,1st,First stage,15,Sun,2015-04-26,16:30,Barcelona SC,0.0,LDU de Quito,1.0,22465.0,Estadio Monumental Isidro Romero Carbo,Carlos Vera,,https://fbref.com/en/matches/405041ab/Barcelona-SC-LDU-de-Quito-April-26-2015-Serie-A
Liga Profesional Ecuador,M,ECU,2015,1st,First stage,8,Wed,2015-04-29,19:30,LDU de Quito,2.0,Barcelona SC,0.0,26151.0,Estadio de Liga Deportiva Universitaria,Omar Ponce,,https://fbref.com/en/matches/c1877318/LDU-de-Quito-Barcelona-SC-April-29-2015-Serie-A
Liga Profesional Ecuador,M,ECU,2015,1st,First stage,12,Wed,2015-04-29,20:00,CD Cuenca,0.0,CS Emelec,4.0,11943.0,Estadio Alejandro Serrano Aguilar,Diego Lara,,https://fbref.com/en/matches/9106782a/CD-Cuenca-CS-Emelec-April-29-2015-Serie-A
Liga Profesional Ecuador,M,ECU,2015,1st,First stage,16,Sat,2015-05-02,16:00,Mushuc Runa,3.0,LDU de Loja,1.0,721.0,Estadio del Mushuc Runa Sporting Club,José Zambrano,,https://fbref.com/en/matches/adff55e7/Mushuc-Runa-LDU-de-Loja-May-2-2015-Serie-A
Liga Profesional Ecuador,M,ECU,2015,1st,First stage,16,Sat,2015-05-02,17:00,Independiente,1.0,SD Aucas,1.0,4237.0,Estadio General Rumiñahui del Valle de L...,Diego Lara,,https://fbref.com/en/matches/3c9c1136/Independiente-SD-Aucas-May-2-2015-Serie-A
Liga Profesional Ecuador,M,ECU,2015,1st,First stage,16,Sat,2015-05-02,19:00,SD Quito,1.0,River Ecuador,1.0,3584.0,Estadio Olímpico Atahualpa,Guillermo Guerrero,,https://fbref.com/en/matches/80ef59e4/SD-Quito-River-Ecuador-May-2-2015-Serie-A
Liga Profesional Ecuador,M,ECU,2015,1st,First stage,16,Sun,2015-05-03,11:30,CD Cuenca,3.0,Barcelona SC,2.0,14309.0,Estadio Alejandro Serrano Aguilar,Roddy Zambrano,,https://fbref.com/en/matches/6d778ee1/CD-Cuenca-Barcelona-SC-May-3-2015-Serie-A
Liga Profesional Ecuador,M,ECU,2015,1st,First stage,16,Sun,2015-05-03,12:00,Univ Católica,1.0,LDU de Quito,1.0,7711.0,Estadio Olímpico Atahualpa,José Espinel,,https://fbref.com/en/matches/968ef493/Univ-Catolica-LDU-de-Quito-May-3-2015-Serie-A
Liga Profesional Ecuador,M,ECU,2015,1st,First stage,16,Sun,2015-05-03,16:00,CS Emelec,2.0,El Nacional,0.0,10511.0,Estadio Modelo Alberto Spencer Herrera,Juan Albarracín,,https://fbref.com/en/matches/20731c75/CS-Emelec-El-Nacional-May-3-2015-Serie-A
Liga Profesional Ecuador,M,ECU,2015,1st,First stage,17,Fri,2015-05-08,19:30,LDU de Loja,0.0,Independiente,2.0,2079.0,Estadio Federativo Reina del Cisne,Juan Albarracín,,https://fbref.com/en/matches/92489f63/LDU-de-Loja-Independiente-May-8-2015-Serie-A
Liga Profesional Ecuador,M,ECU,2015,1st,First stage,17,Sat,2015-05-09,12:00,Univ Católica,0.0,Mushuc Runa,1.0,410.0,Estadio Olímpico Atahualpa,Roddy Zambrano,,https://fbref.com/en/matches/f5e2aaa4/Univ-Catolica-Mushuc-Runa-May-9-2015-Serie-A
Liga Profesional Ecuador,M,ECU,2015,1st,First stage,17,Sat,2015-05-09,16:30,River Ecuador,2.0,CD Cuenca,3.0,1402.0,Estadio La Fortaleza,Samuel Haro,,https://fbref.com/en/matches/c57c7a49/River-Ecuador-CD-Cuenca-May-9-2015-Serie-A
Liga Profesional Ecuador,M,ECU,2015,1st,First stage,17,Sat,2015-05-09,18:30,LDU de Quito,3.0,SD Quito,1.0,20269.0,Estadio de Liga Deportiva Universitaria,Vinício Espínel,,https://fbref.com/en/matches/ef45a5c0/LDU-de-Quito-SD-Quito-May-9-2015-Serie-A
Liga Profesional Ecuador,M,ECU,2015,1st,First stage,17,Sun,2015-05-10,12:00,El Nacional,1.0,SD Aucas,1.0,9067.0,Estadio Olímpico Atahualpa,Mario Romero,,https://fbref.com/en/matches/2013e912/El-Nacional-SD-Aucas-May-10-2015-Serie-A
Liga Profesional Ecuador,M,ECU,2015,1st,First stage,17,Sun,2015-05-10,16:30,Barcelona SC,2.0,CS Emelec,0.0,14197.0,Estadio Monumental Isidro Romero Carbo,José Espinel,,https://fbref.com/en/matches/07f26b78/Barcelona-SC-CS-Emelec-May-10-2015-Serie-A
Liga Profesional Ecuador,M,ECU,2015,1st,First stage,14,Wed,2015-05-13,12:00,Mushuc Runa,1.0,Barcelona SC,1.0,4311.0,Estadio del Mushuc Runa Sporting Club,Juan Albarracín,,https://fbref.com/en/matches/863a2a22/Mushuc-Runa-Barcelona-SC-May-13-2015-Serie-A
Liga Profesional Ecuador,M,ECU,2015,1st,First stage,18,Fri,2015-05-15,20:00,CD Cuenca,1.0,LDU de Loja,0.0,8921.0,Estadio Alejandro Serrano Aguilar,Daniel Salazar,,https://fbref.com/en/matches/324cbc19/CD-Cuenca-LDU-de-Loja-May-15-2015-Serie-A
Liga Profesional Ecuador,M,ECU,2015,1st,First stage,18,Sat,2015-05-16,17:00,Independiente,1.0,El Nacional,0.0,2473.0,Estadio General Rumiñahui del Valle de L...,Vinício Espínel,,https://fbref.com/en/matches/4c918214/Independiente-El-Nacional-May-16-2015-Serie-A
Liga Profesional Ecuador,M,ECU,2015,1st,First stage,18,Sat,2015-05-16,17:00,SD Quito,0.0,Univ Católica,3.0,2127.0,Estadio Olímpico Atahualpa,Diego Lara,,https://fbref.com/en/matches/db17e2a6/SD-Quito-Univ-Catolica-May-16-2015-Serie-A
Liga Profesional Ecuador,M,ECU,2015,1st,First stage,18,Sun,2015-05-17,12:00,SD Aucas,0.0,Barcelona SC,2.0,16009.0,Estadio Gonzalo Pozo Ripalda,Samuel Haro,,https://fbref.com/en/matches/80c99e92/SD-Aucas-Barcelona-SC-May-17-2015-Serie-A
Liga Profesional Ecuador,M,ECU,2015,1st,First stage,18,Sun,2015-05-17,12:00,Mushuc Runa,1.0,River Ecuador,0.0,3845.0,Estadio Centenario de Guaranda,Edgar Hinostroza,,https://fbref.com/en/matches/8cf8396b/Mushuc-Runa-River-Ecuador-May-17-2015-Serie-A
Liga Profesional Ecuador,M,ECU,2015,1st,First stage,19,Fri,2015-05-22,19:30,LDU de Loja,2.0,SD Aucas,5.0,2176.0,Estadio Federativo Reina del Cisne,Luis Quiroz,,https://fbref.com/en/matches/e209b118/LDU-de-Loja-SD-Aucas-May-22-2015-Serie-A
Liga Profesional Ecuador,M,ECU,2015,1st,First stage,19,Sat,2015-05-23,16:00,SD Quito,1.0,Mushuc Runa,1.0,2036.0,Estadio Olímpico Atahualpa,Omar Ponce,,https://fbref.com/en/matches/868693aa/SD-Quito-Mushuc-Runa-May-23-2015-Serie-A
Liga Profesional Ecuador,M,ECU,2015,1st,First stage,19,Sat,2015-05-23,16:30,River Ecuador,1.0,Independiente,2.0,2323.0,Estadio Christian Benítez Betancourt,José Espinel,,https://fbref.com/en/matches/b49a648a/River-Ecuador-Independiente-May-23-2015-Serie-A
Liga Profesional Ecuador,M,ECU,2015,1st,First stage,19,Sun,2015-05-24,11:30,LDU de Quito,0.0,CD Cuenca,0.0,8480.0,Estadio de Liga Deportiva Universitaria,Juan Albarracín,,https://fbref.com/en/matches/b9e126ad/LDU-de-Quito-CD-Cuenca-May-24-2015-Serie-A
Liga Profesional Ecuador,M,ECU,2015,1st,First stage,19,Sun,2015-05-24,16:30,Barcelona SC,0.0,El Nacional,2.0,10785.0,Estadio Monumental Isidro Romero Carbo,Carlos Orbe,,https://fbref.com/en/matches/8b7842f1/Barcelona-SC-El-Nacional-May-24-2015-Serie-A
Liga Profesional Ecuador,M,ECU,2015,1st,First stage,20,Fri,2015-06-26,20:00,CD Cuenca,3.0,SD Quito,3.0,3641.0,Estadio Alejandro Serrano Aguilar,José Espinel,,https://fbref.com/en/matches/c00126ed/CD-Cuenca-SD-Quito-June-26-2015-Serie-A
Liga Profesional Ecuador,M,ECU,2015,1st,First stage,20,Sat,2015-06-27,16:00,CS Emelec,4.0,LDU de Loja,0.0,5741.0,Estadio Banco del Pacífico,Diego Lara,,https://fbref.com/en/matches/24bb779e/CS-Emelec-LDU-de-Loja-June-27-2015-Serie-A
Liga Profesional Ecuador,M,ECU,2015,1st,First stage,20,Sat,2015-06-27,19:00,Independiente,2.0,Barcelona SC,3.0,1939.0,Estadio General Rumiñahui del Valle de L...,Omar Ponce,,https://fbref.com/en/matches/6293a46f/Independiente-Barcelona-SC-June-27-2015-Serie-A
Liga Profesional Ecuador,M,ECU,2015,1st,First stage,20,Sun,2015-06-28,11:30,Mushuc Runa,0.0,LDU de Quito,1.0,,Estadio Bellavista de Ambato,Carlos Orbe,,https://fbref.com/en/matches/add2fdf0/Mushuc-Runa-LDU-de-Quito-June-28-2015-Serie-A
Liga Profesional Ecuador,M,ECU,2015,1st,First stage,20,Sun,2015-06-28,12:00,SD Aucas,3.0,Univ Católica,1.0,1847.0,Estadio Municipal La Cocha,Roddy Zambrano,,https://fbref.com/en/matches/2926f0a2/SD-Aucas-Univ-Catolica-June-28-2015-Serie-A
Liga Profesional Ecuador,M,ECU,2015,1st,First stage,20,Sun,2015-06-28,12:00,El Nacional,2.0,River Ecuador,1.0,2905.0,Estadio Centenario de Guaranda,José Zambrano,,https://fbref.com/en/matches/f614d635/El-Nacional-River-Ecuador-June-28-2015-Serie-A
Liga Profesional Ecuador,M,ECU,2015,1st,First stage,14,Wed,2015-07-01,16:00,CS Emelec,3.0,Independiente,3.0,8176.0,Estadio Modelo Alberto Spencer Herrera,Samuel Haro,,https://fbref.com/en/matches/bd642c75/CS-Emelec-Independiente-July-1-2015-Serie-A
Liga Profesional Ecuador,M,ECU,2015,1st,First stage,21,Fri,2015-07-03,19:30,River Ecuador,2.0,Barcelona SC,1.0,6171.0,Estadio Modelo Alberto Spencer Herrera,Daniel Salazar,,https://fbref.com/en/matches/74b97a74/River-Ecuador-Barcelona-SC-July-3-2015-Serie-A
Liga Profesional Ecuador,M,ECU,2015,1st,First stage,21,Sat,2015-07-04,12:00,Univ Católica,1.0,CD Cuenca,1.0,152.0,Estadio Olímpico Atahualpa,Mario Romero,,https://fbref.com/en/matches/b6705db9/Univ-Catolica-CD-Cuenca-July-4-2015-Serie-A
Liga Profesional Ecuador,M,ECU,2015,1st,First stage,21,Sat,2015-07-04,13:00,LDU de Loja,0.0,El Nacional,3.0,,Estadio Federativo Reina del Cisne,Edgar Hinostroza,Match awarded to El Nacional,https://fbref.com/en/matches/46afa97d/LDU-de-Loja-El-Nacional-July-4-2015-Serie-A
Liga Profesional Ecuador,M,ECU,2015,1st,First stage,21,Sat,2015-07-04,18:30,LDU de Quito,1.0,SD Aucas,0.0,2176.0,Estadio de Liga Deportiva Universitaria,José Espinel,,https://fbref.com/en/matches/a065acff/LDU-de-Quito-SD-Aucas-July-4-2015-Serie-A
Liga Profesional Ecuador,M,ECU,2015,1st,First stage,21,Sun,2015-07-05,11:30,Mushuc Runa,1.0,CS Emelec,3.0,1527.0,Estadio Bellavista de Ambato,Juan Albarracín,,https://fbref.com/en/matches/667f52aa/Mushuc-Runa-CS-Emelec-July-5-2015-Serie-A
Liga Profesional Ecuador,M,ECU,2015,1st,First stage,21,Sun,2015-07-05,11:30,SD Quito,3.0,Independiente,2.0,1731.0,Estadio Olímpico Atahualpa,José Espinel,,https://fbref.com/en/matches/fc583699/SD-Quito-Independiente-July-5-2015-Serie-A
Liga Profesional Ecuador,M,ECU,2015,1st,First stage,18,Tue,2015-07-07,16:00,CS Emelec,1.0,LDU de Quito,0.0,6046.0,Estadio Banco del Pacífico,Roddy Zambrano,,https://fbref.com/en/matches/5e131c88/CS-Emelec-LDU-de-Quito-July-7-2015-Serie-A
Liga Profesional Ecuador,M,ECU,2015,1st,First stage,19,Fri,2015-07-10,12:00,Univ Católica,0.0,CS Emelec,1.0,2209.0,Estadio Olímpico Atahualpa,Carlos Vera,,https://fbref.com/en/matches/3cc89662/Univ-Catolica-CS-Emelec-July-10-2015-Serie-A
Liga Profesional Ecuador,M,ECU,2015,1st,First stage,22,Fri,2015-07-10,20:00,CD Cuenca,0.0,Mushuc Runa,2.0,4452.0,Estadio Alejandro Serrano Aguilar,Diego Lara,,https://fbref.com/en/matches/a30313de/CD-Cuenca-Mushuc-Runa-July-10-2015-Serie-A
Liga Profesional Ecuador,M,ECU,2015,1st,First stage,22,Sun,2015-07-12,12:00,Independiente,1.0,Univ Católica,1.0,240.0,Estadio General Rumiñahui del Valle de L...,Vinício Espínel,,https://fbref.com/en/matches/07d07db4/Independiente-Univ-Catolica-July-12-2015-Serie-A
Liga Profesional Ecuador,M,ECU,2015,1st,First stage,22,Sun,2015-07-12,12:00,SD Aucas,3.0,River Ecuador,1.0,4426.0,Estadio Gonzalo Pozo Ripalda,Juan Albarracín,,https://fbref.com/en/matches/99ec1739/SD-Aucas-River-Ecuador-July-12-2015-Serie-A
Liga Profesional Ecuador,M,ECU,2015,1st,First stage,22,Sun,2015-07-12,12:00,El Nacional,0.0,LDU de Quito,1.0,30697.0,Estadio Olímpico Atahualpa,Carlos Vera,,https://fbref.com/en/matches/c070f5d8/El-Nacional-LDU-de-Quito-July-12-2015-Serie-A
Liga Profesional Ecuador,M,ECU,2015,1st,First stage,22,Sun,2015-07-12,12:00,CS Emelec,2.0,SD Quito,0.0,12649.0,Estadio Banco del Pacífico,Carlos Orbe,,https://fbref.com/en/matches/daa3a5a7/CS-Emelec-SD-Quito-July-12-2015-Serie-A
Liga Profesional Ecuador,M,ECU,2015,1st,First stage,22,Sun,2015-07-12,16:30,Barcelona SC,2.0,LDU de Loja,0.0,2552.0,Estadio Monumental Isidro Romero Carbo,José Zambrano,,https://fbref.com/en/matches/ce558994/Barcelona-SC-LDU-de-Loja-July-12-2015-Serie-A
Liga Profesional Ecuador,M,ECU,2015,1st,Second stage,1,Fri,2015-07-17,19:30,LDU de Loja,0.0,River Ecuador,0.0,2466.0,Estadio Federativo Reina del Cisne,José Espinel,,https://fbref.com/en/matches/75b2bc66/LDU-de-Loja-River-Ecuador-July-17-2015-Serie-A
Liga Profesional Ecuador,M,ECU,2015,1st,Second stage,1,Sat,2015-07-18,14:00,Mushuc Runa,2.0,CD Cuenca,1.0,571.0,Estadio Bellavista de Ambato,Roddy Zambrano,,https://fbref.com/en/matches/998d7d09/Mushuc-Runa-CD-Cuenca-July-18-2015-Serie-A
Liga Profesional Ecuador,M,ECU,2015,1st,Second stage,1,Sat,2015-07-18,16:00,El Nacional,1.0,SD Aucas,0.0,7052.0,Estadio Olímpico Atahualpa,Omar Ponce,,https://fbref.com/en/matches/51f3e67c/El-Nacional-SD-Aucas-July-18-2015-Serie-A
Liga Profesional Ecuador,M,ECU,2015,1st,Second stage,1,Sat,2015-07-18,17:00,Independiente,1.0,LDU de Quito,3.0,2774.0,Estadio General Rumiñahui del Valle de L...,Juan Albarracín,,https://fbref.com/en/matches/139ad479/Independiente-LDU-de-Quito-July-18-2015-Serie-A
Liga Profesional Ecuador,M,ECU,2015,1st,Second stage,1,Sun,2015-07-19,12:00,Univ Católica,0.0,Barcelona SC,2.0,5821.0,Estadio Olímpico Atahualpa,Guillermo Guerrero,,https://fbref.com/en/matches/dfed99a9/Univ-Catolica-Barcelona-SC-July-19-2015-Serie-A
Liga Profesional Ecuador,M,ECU,2015,1st,Second stage,1,Sun,2015-07-19,16:00,CS Emelec,0.0,SD Quito,0.0,9658.0,Estadio Banco del Pacífico,Luis Quiroz,,https://fbref.com/en/matches/b123cde4/CS-Emelec-SD-Quito-July-19-2015-Serie-A
Liga Profesional Ecuador,M,ECU,2015,1st,Second stage,2,Fri,2015-07-24,19:30,SD Quito,1.0,El Nacional,0.0,8281.0,Estadio Olímpico Atahualpa,Roddy Zambrano,,https://fbref.com/en/matches/24e29a45/SD-Quito-El-Nacional-July-24-2015-Serie-A
Liga Profesional Ecuador,M,ECU,2015,1st,Second stage,2,Fri,2015-07-24,20:00,CD Cuenca,0.0,Independiente,2.0,4180.0,Estadio Alejandro Serrano Aguilar,Ángel Hidalgo,,https://fbref.com/en/matches/83dd89cc/CD-Cuenca-Independiente-July-24-2015-Serie-A
Liga Profesional Ecuador,M,ECU,2015,1st,Second stage,2,Sat,2015-07-25,15:00,SD Aucas,1.0,LDU de Loja,0.0,3585.0,Estadio Gonzalo Pozo Ripalda,Guillermo Guerrero,,https://fbref.com/en/matches/e56e6141/SD-Aucas-LDU-de-Loja-July-25-2015-Serie-A
Liga Profesional Ecuador,M,ECU,2015,1st,Second stage,2,Sat,2015-07-25,16:30,Barcelona SC,0.0,Mushuc Runa,0.0,7301.0,Estadio Monumental Isidro Romero Carbo,Edgar Hinostroza,,https://fbref.com/en/matches/539e70d9/Barcelona-SC-Mushuc-Runa-July-25-2015-Serie-A
Liga Profesional Ecuador,M,ECU,2015,1st,Second stage,2,Sat,2015-07-25,18:30,River Ecuador,0.0,CS Emelec,4.0,5285.0,Estadio Christian Benítez Betancourt,Mario Romero,,https://fbref.com/en/matches/0736817e/River-Ecuador-CS-Emelec-July-25-2015-Serie-A
Liga Profesional Ecuador,M,ECU,2015,1st,Second stage,2,Sat,2015-07-25,18:30,LDU de Quito,1.0,Univ Católica,1.0,4868.0,Estadio de Liga Deportiva Universitaria,Luis Quiroz,,https://fbref.com/en/matches/5a3542cc/LDU-de-Quito-Univ-Catolica-July-25-2015-Serie-A
Liga Profesional Ecuador,M,ECU,2015,1st,Second stage,3,Wed,2015-07-29,12:00,Univ Católica,1.0,CD Cuenca,3.0,181.0,Estadio Olímpico Atahualpa,Daniel Salazar,,https://fbref.com/en/matches/bba015e0/Univ-Catolica-CD-Cuenca-July-29-2015-Serie-A
Liga Profesional Ecuador,M,ECU,2015,1st,Second stage,3,Wed,2015-07-29,16:00,CS Emelec,3.0,SD Aucas,0.0,10731.0,Estadio Banco del Pacífico,Edgar Hinostroza,,https://fbref.com/en/matches/e3b44bee/CS-Emelec-SD-Aucas-July-29-2015-Serie-A
Liga Profesional Ecuador,M,ECU,2015,1st,Second stage,3,Wed,2015-07-29,18:00,Independiente,3.0,SD Quito,0.0,1652.0,Estadio General Rumiñahui del Valle de L...,José Zambrano,,https://fbref.com/en/matches/7b43dbed/Independiente-SD-Quito-July-29-2015-Serie-A
Liga Profesional Ecuador,M,ECU,2015,1st,Second stage,3,Wed,2015-07-29,19:00,LDU de Loja,1.0,Barcelona SC,2.0,9544.0,Estadio 9 de Mayo,Marlon Vera,,https://fbref.com/en/matches/9464bec5/LDU-de-Loja-Barcelona-SC-July-29-2015-Serie-A
Liga Profesional Ecuador,M,ECU,2015,1st,Second stage,3,Wed,2015-07-29,19:00,River Ecuador,1.0,LDU de Quito,0.0,2907.0,Estadio Christian Benítez Betancourt,Diego Lara,,https://fbref.com/en/matches/9659f907/River-Ecuador-LDU-de-Quito-July-29-2015-Serie-A
Liga Profesional Ecuador,M,ECU,2015,1st,Second stage,3,Wed,2015-07-29,19:30,El Nacional,1.0,Mushuc Runa,0.0,1392.0,Estadio Olímpico Atahualpa,Carlos Orbe,,https://fbref.com/en/matches/c91d866e/El-Nacional-Mushuc-Runa-July-29-2015-Serie-A
Liga Profesional Ecuador,M,ECU,2015,1st,Second stage,4,Sun,2015-08-02,11:30,LDU de Quito,2.0,CS Emelec,1.0,11601.0,Estadio de Liga Deportiva Universitaria,Omar Ponce,,https://fbref.com/en/matches/0a95eeb5/LDU-de-Quito-CS-Emelec-August-2-2015-Serie-A
Liga Profesional Ecuador,M,ECU,2015,1st,Second stage,4,Sun,2015-08-02,11:30,CD Cuenca,0.0,El Nacional,0.0,4831.0,Estadio Alejandro Serrano Aguilar,José Zambrano,,https://fbref.com/en/matches/aa49be0c/CD-Cuenca-El-Nacional-August-2-2015-Serie-A
Liga Profesional Ecuador,M,ECU,2015,1st,Second stage,4,Sun,2015-08-02,12:00,SD Quito,1.0,LDU de Loja,1.0,2153.0,Estadio Olímpico Atahualpa,Mario Romero,,https://fbref.com/en/matches/04e292db/SD-Quito-LDU-de-Loja-August-2-2015-Serie-A
Liga Profesional Ecuador,M,ECU,2015,1st,Second stage,4,Sun,2015-08-02,12:00,SD Aucas,4.0,River Ecuador,0.0,3278.0,Estadio Gonzalo Pozo Ripalda,Carlos Vera,,https://fbref.com/en/matches/acb0185f/SD-Aucas-River-Ecuador-August-2-2015-Serie-A
Liga Profesional Ecuador,M,ECU,2015,1st,Second stage,4,Sun,2015-08-02,14:00,Mushuc Runa,1.0,Univ Católica,3.0,342.0,Estadio del Mushuc Runa Sporting Club,José Espinel,,https://fbref.com/en/matches/0ae51f5f/Mushuc-Runa-Univ-Catolica-August-2-2015-Serie-A
Liga Profesional Ecuador,M,ECU,2015,1st,Second stage,4,Sun,2015-08-02,16:30,Barcelona SC,2.0,Independiente,1.0,7972.0,Estadio Monumental Isidro Romero Carbo,Roddy Zambrano,,https://fbref.com/en/matches/0595cd7c/Barcelona-SC-Independiente-August-2-2015-Serie-A
Liga Profesional Ecuador,M,ECU,2015,1st,Second stage,5,Fri,2015-08-07,19:15,Independiente,0.0,Univ Católica,1.0,230.0,Estadio General Rumiñahui del Valle de L...,Diego Lara,,https://fbref.com/en/matches/2a7d199d/Independiente-Univ-Catolica-August-7-2015-Serie-A
Liga Profesional Ecuador,M,ECU,2015,1st,Second stage,5,Fri,2015-08-07,19:15,LDU de Loja,0.0,CD Cuenca,1.0,2482.0,Estadio Federativo Reina del Cisne,Vinício Espínel,,https://fbref.com/en/matches/abf4a971/LDU-de-Loja-CD-Cuenca-August-7-2015-Serie-A
Liga Profesional Ecuador,M,ECU,2015,1st,Second stage,5,Sat,2015-08-08,16:30,River Ecuador,3.0,SD Quito,1.0,1069.0,Estadio Christian Benítez Betancourt,Carlos Orbe,,https://fbref.com/en/matches/2a94c08b/River-Ecuador-SD-Quito-August-8-2015-Serie-A
Liga Profesional Ecuador,M,ECU,2015,1st,Second stage,5,Sat,2015-08-08,17:30,CS Emelec,1.0,Mushuc Runa,0.0,6102.0,Estadio Los Chirijos,Carlos Vera,,https://fbref.com/en/matches/4e69acda/CS-Emelec-Mushuc-Runa-August-8-2015-Serie-A
Liga Profesional Ecuador,M,ECU,2015,1st,Second stage,5,Sun,2015-08-09,11:30,SD Aucas,3.0,LDU de Quito,2.0,12921.0,Estadio Gonzalo Pozo Ripalda,Roddy Zambrano,,https://fbref.com/en/matches/3f908b29/SD-Aucas-LDU-de-Quito-August-9-2015-Serie-A
Liga Profesional Ecuador,M,ECU,2015,1st,Second stage,5,Sun,2015-08-09,12:00,El Nacional,1.0,Barcelona SC,0.0,26685.0,Estadio Olímpico Atahualpa,José Espinel,,https://fbref.com/en/matches/b00765de/El-Nacional-Barcelona-SC-August-9-2015-Serie-A
Liga Profesional Ecuador,M,ECU,2015,1st,Second stage,6,Sat,2015-08-15,16:00,Mushuc Runa,2.0,Independiente,4.0,517.0,Estadio del Mushuc Runa Sporting Club,Vinício Espínel,,https://fbref.com/en/matches/4ca7409c/Mushuc-Runa-Independiente-August-15-2015-Serie-A
Liga Profesional Ecuador,M,ECU,2015,1st,Second stage,6,Sun,2015-08-16,12:00,SD Quito,0.0,SD Aucas,1.0,8955.0,Estadio Olímpico Atahualpa,Luis Quiroz,,https://fbref.com/en/matches/1d8ec052/SD-Quito-SD-Aucas-August-16-2015-Serie-A
Liga Profesional Ecuador,M,ECU,2015,1st,Second stage,6,Sun,2015-08-16,16:30,Barcelona SC,0.0,River Ecuador,1.0,10649.0,Estadio Monumental Isidro Romero Carbo,Juan Albarracín,,https://fbref.com/en/matches/8e0abff7/Barcelona-SC-River-Ecuador-August-16-2015-Serie-A
Liga Profesional Ecuador,M,ECU,2015,1st,Second stage,6,Sun,2015-08-16,18:00,CD Cuenca,0.0,CS Emelec,1.0,10400.0,Estadio Alejandro Serrano Aguilar,Carlos Orbe,,https://fbref.com/en/matches/e17918fd/CD-Cuenca-CS-Emelec-August-16-2015-Serie-A
Liga Profesional Ecuador,M,ECU,2015,1st,Second stage,7,Sat,2015-08-22,16:00,El Nacional,0.0,Independiente,1.0,3678.0,Estadio Olímpico Atahualpa,Mario Romero,,https://fbref.com/en/matches/327b957f/El-Nacional-Independiente-August-22-2015-Serie-A
Liga Profesional Ecuador,M,ECU,2015,1st,Second stage,7,Sat,2015-08-22,16:30,River Ecuador,1.0,CD Cuenca,1.0,808.0,Estadio Christian Benítez Betancourt,Guillermo Guerrero,,https://fbref.com/en/matches/dfd0090c/River-Ecuador-CD-Cuenca-August-22-2015-Serie-A
Liga Profesional Ecuador,M,ECU,2015,1st,Second stage,7,Sun,2015-08-23,12:00,SD Quito,1.0,LDU de Quito,4.0,9451.0,Estadio Olímpico Atahualpa,Daniel Salazar,,https://fbref.com/en/matches/394bb527/SD-Quito-LDU-de-Quito-August-23-2015-Serie-A
Liga Profesional Ecuador,M,ECU,2015,1st,Second stage,7,Sun,2015-08-23,12:00,SD Aucas,3.0,Barcelona SC,1.0,12550.0,Estadio Gonzalo Pozo Ripalda,José Espinel,,https://fbref.com/en/matches/b46c7ab5/SD-Aucas-Barcelona-SC-August-23-2015-Serie-A
Liga Profesional Ecuador,M,ECU,2015,1st,Second stage,7,Sun,2015-08-23,17:00,CS Emelec,2.0,Univ Católica,2.0,9325.0,Estadio Christian Benítez Betancourt,Roddy Zambrano,,https://fbref.com/en/matches/f215f9d3/CS-Emelec-Univ-Catolica-August-23-2015-Serie-A
Liga Profesional Ecuador,M,ECU,2015,1st,Second stage,7,Mon,2015-08-24,19:30,LDU de Loja,2.0,Mushuc Runa,1.0,1520.0,Estadio Federativo Reina del Cisne,José Zambrano,,https://fbref.com/en/matches/79511fe8/LDU-de-Loja-Mushuc-Runa-August-24-2015-Serie-A
Liga Profesional Ecuador,M,ECU,2015,1st,Second stage,6,Wed,2015-08-26,19:00,Univ Católica,3.0,El Nacional,1.0,728.0,Estadio Olímpico Atahualpa,Samuel Haro,,https://fbref.com/en/matches/f0c7977f/Univ-Catolica-El-Nacional-August-26-2015-Serie-A
Liga Profesional Ecuador,M,ECU,2015,1st,Second stage,8,Fri,2015-08-28,20:00,CD Cuenca,1.0,SD Aucas,1.0,5443.0,Estadio Alejandro Serrano Aguilar,Carlos Vera,,https://fbref.com/en/matches/afd81f5b/CD-Cuenca-SD-Aucas-August-28-2015-Serie-A
Liga Profesional Ecuador,M,ECU,2015,1st,Second stage,8,Sat,2015-08-29,17:00,Univ Católica,3.0,LDU de Loja,0.0,213.0,Estadio Olímpico Atahualpa,Vinício Espínel,,https://fbref.com/en/matches/0054a4f2/Univ-Catolica-LDU-de-Loja-August-29-2015-Serie-A
Liga Profesional Ecuador,M,ECU,2015,1st,Second stage,8,Sun,2015-08-30,11:00,Mushuc Runa,1.0,LDU de Quito,3.0,4184.0,Estadio del Mushuc Runa Sporting Club,Carlos Orbe,,https://fbref.com/en/matches/e4cd85dd/Mushuc-Runa-LDU-de-Quito-August-30-2015-Serie-A
Liga Profesional Ecuador,M,ECU,2015,1st,Second stage,8,Sun,2015-08-30,11:30,El Nacional,2.0,River Ecuador,0.0,1282.0,Estadio Olímpico Atahualpa,Diego Lara,,https://fbref.com/en/matches/fd4e8016/El-Nacional-River-Ecuador-August-30-2015-Serie-A
Liga Profesional Ecuador,M,ECU,2015,1st,Second stage,8,Sun,2015-08-30,16:30,Barcelona SC,3.0,SD Quito,0.0,4514.0,Estadio Monumental Isidro Romero Carbo,Roddy Zambrano,,https://fbref.com/en/matches/c77fad37/Barcelona-SC-SD-Quito-August-30-2015-Serie-A
Liga Profesional Ecuador,M,ECU,2015,1st,Second stage,8,Sun,2015-08-30,17:00,Independiente,1.0,CS Emelec,0.0,1431.0,Estadio General Rumiñahui del Valle de L...,José Espinel,,https://fbref.com/en/matches/99689066/Independiente-CS-Emelec-August-30-2015-Serie-A
Liga Profesional Ecuador,M,ECU,2015,1st,Second stage,9,Fri,2015-09-04,19:30,SD Quito,0.0,CD Cuenca,3.0,1699.0,Estadio Olímpico Atahualpa,José Zambrano,,https://fbref.com/en/matches/364c64e6/SD-Quito-CD-Cuenca-September-4-2015-Serie-A
Liga Profesional Ecuador,M,ECU,2015,1st,Second stage,9,Fri,2015-09-04,19:30,LDU de Loja,3.0,Independiente,2.0,1929.0,Estadio Federativo Reina del Cisne,Edgar Hinostroza,,https://fbref.com/en/matches/c4048282/LDU-de-Loja-Independiente-September-4-2015-Serie-A
Liga Profesional Ecuador,M,ECU,2015,1st,Second stage,9,Sat,2015-09-05,16:30,River Ecuador,2.0,Mushuc Runa,2.0,519.0,Estadio Christian Benítez Betancourt,Luis Quiroz,,https://fbref.com/en/matches/f9da72e9/River-Ecuador-Mushuc-Runa-September-5-2015-Serie-A
Liga Profesional Ecuador,M,ECU,2015,1st,Second stage,9,Sun,2015-09-06,11:30,LDU de Quito,2.0,Barcelona SC,0.0,25355.0,Estadio de Liga Deportiva Universitaria,Daniel Salazar,,https://fbref.com/en/matches/3d1262b2/LDU-de-Quito-Barcelona-SC-September-6-2015-Serie-A
Liga Profesional Ecuador,M,ECU,2015,1st,Second stage,9,Sun,2015-09-06,12:00,SD Aucas,2.0,Univ Católica,1.0,5881.0,Estadio Gonzalo Pozo Ripalda,Omar Ponce,,https://fbref.com/en/matches/92fa14f8/SD-Aucas-Univ-Catolica-September-6-2015-Serie-A
Liga Profesional Ecuador,M,ECU,2015,1st,Second stage,10,Fri,2015-09-11,20:00,CD Cuenca,0.0,LDU de Quito,1.0,13939.0,Estadio Alejandro Serrano Aguilar,Omar Ponce,,https://fbref.com/en/matches/9e2355ef/CD-Cuenca-LDU-de-Quito-September-11-2015-Serie-A
Liga Profesional Ecuador,M,ECU,2015,1st,Second stage,10,Sat,2015-09-12,17:00,Independiente,1.0,River Ecuador,1.0,237.0,Estadio General Rumiñahui del Valle de L...,José Zambrano,,https://fbref.com/en/matches/bd2f3328/Independiente-River-Ecuador-September-12-2015-Serie-A
Liga Profesional Ecuador,M,ECU,2015,1st,Second stage,10,Sun,2015-09-13,10:00,El Nacional,1.0,LDU de Loja,3.0,2784.0,Estadio Olímpico Atahualpa,Juan Albarracín,,https://fbref.com/en/matches/181408b8/El-Nacional-LDU-de-Loja-September-13-2015-Serie-A
Liga Profesional Ecuador,M,ECU,2015,1st,Second stage,10,Sun,2015-09-13,12:00,Mushuc Runa,3.0,SD Aucas,1.0,2387.0,Estadio Bellavista de Ambato,Roddy Zambrano,,https://fbref.com/en/matches/fb448e49/Mushuc-Runa-SD-Aucas-September-13-2015-Serie-A
Liga Profesional Ecuador,M,ECU,2015,1st,Second stage,10,Sun,2015-09-13,12:30,Univ Católica,2.0,SD Quito,1.0,2784.0,Estadio Olímpico Atahualpa,Samuel Haro,,https://fbref.com/en/matches/d61c3aea/Univ-Catolica-SD-Quito-September-13-2015-Serie-A
Liga Profesional Ecuador,M,ECU,2015,1st,Second stage,10,Sun,2015-09-13,17:00,CS Emelec,0.0,Barcelona SC,0.0,15287.0,Estadio Jocay,Carlos Vera,,https://fbref.com/en/matches/8cc7f5db/CS-Emelec-Barcelona-SC-September-13-2015-Serie-A
Liga Profesional Ecuador,M,ECU,2015,1st,Second stage,11,Sat,2015-09-19,16:00,River Ecuador,1.0,Univ Católica,3.0,527.0,Estadio Christian Benítez Betancourt,Guillermo Guerrero,,https://fbref.com/en/matches/f9680d83/River-Ecuador-Univ-Catolica-September-19-2015-Serie-A
Liga Profesional Ecuador,M,ECU,2015,1st,Second stage,11,Sun,2015-09-20,11:30,LDU de Quito,1.0,El Nacional,1.0,10442.0,Estadio de Liga Deportiva Universitaria,Vinício Espínel,,https://fbref.com/en/matches/da763599/LDU-de-Quito-El-Nacional-September-20-2015-Serie-A
Liga Profesional Ecuador,M,ECU,2015,1st,Second stage,11,Sun,2015-09-20,12:00,SD Quito,1.0,Mushuc Runa,2.0,2780.0,Estadio Olímpico Atahualpa,Omar Ponce,,https://fbref.com/en/matches/06e6cf8c/SD-Quito-Mushuc-Runa-September-20-2015-Serie-A
Liga Profesional Ecuador,M,ECU,2015,1st,Second stage,11,Sun,2015-09-20,12:00,SD Aucas,1.0,Independiente,1.0,4755.0,Estadio Gonzalo Pozo Ripalda,Diego Lara,,https://fbref.com/en/matches/81913355/SD-Aucas-Independiente-September-20-2015-Serie-A
Liga Profesional Ecuador,M,ECU,2015,1st,Second stage,11,Sun,2015-09-20,16:30,Barcelona SC,1.0,CD Cuenca,1.0,6133.0,Estadio Monumental Isidro Romero Carbo,Carlos Orbe,,https://fbref.com/en/matches/15e765e1/Barcelona-SC-CD-Cuenca-September-20-2015-Serie-A
Liga Profesional Ecuador,M,ECU,2015,1st,Second stage,12,Sat,2015-09-26,12:30,Univ Católica,1.0,River Ecuador,0.0,153.0,Estadio Olímpico Atahualpa,Roddy Zambrano,,https://fbref.com/en/matches/89dd1365/Univ-Catolica-River-Ecuador-September-26-2015-Serie-A
Liga Profesional Ecuador,M,ECU,2015,1st,Second stage,12,Sat,2015-09-26,15:00,Mushuc Runa,1.0,SD Quito,1.0,964.0,Estadio del Mushuc Runa Sporting Club,Guillermo Guerrero,,https://fbref.com/en/matches/1fc01eeb/Mushuc-Runa-SD-Quito-September-26-2015-Serie-A
Liga Profesional Ecuador,M,ECU,2015,1st,Second stage,12,Sat,2015-09-26,17:00,CS Emelec,1.0,LDU de Loja,1.0,2666.0,Estadio Los Chirijos,Luis Quiroz,,https://fbref.com/en/matches/581127b7/CS-Emelec-LDU-de-Loja-September-26-2015-Serie-A
Liga Profesional Ecuador,M,ECU,2015,1st,Second stage,12,Sat,2015-09-26,17:00,Independiente,1.0,SD Aucas,1.0,2998.0,Estadio General Rumiñahui del Valle de L...,Vinício Espínel,,https://fbref.com/en/matches/f87e3514/Independiente-SD-Aucas-September-26-2015-Serie-A
Liga Profesional Ecuador,M,ECU,2015,1st,Second stage,12,Sun,2015-09-27,11:30,El Nacional,1.0,LDU de Quito,5.0,9582.0,Estadio Los Chirijos,Daniel Salazar,,https://fbref.com/en/matches/1aa486d4/El-Nacional-LDU-de-Quito-September-27-2015-Serie-A
Liga Profesional Ecuador,M,ECU,2015,1st,Second stage,12,Sun,2015-09-27,11:30,CD Cuenca,3.0,Barcelona SC,0.0,13916.0,Estadio Alejandro Serrano Aguilar,José Zambrano,,https://fbref.com/en/matches/5dc3da42/CD-Cuenca-Barcelona-SC-September-27-2015-Serie-A
Liga Profesional Ecuador,M,ECU,2015,1st,Second stage,13,Fri,2015-10-02,15:00,River Ecuador,1.0,Independiente,3.0,351.0,Estadio Christian Benítez Betancourt,Daniel Salazar,,https://fbref.com/en/matches/890fa499/River-Ecuador-Independiente-October-2-2015-Serie-A
Liga Profesional Ecuador,M,ECU,2015,1st,Second stage,13,Fri,2015-10-02,15:00,SD Aucas,0.0,Mushuc Runa,0.0,4158.0,Estadio Gonzalo Pozo Ripalda,José Zambrano,,https://fbref.com/en/matches/d4c5c3c7/SD-Aucas-Mushuc-Runa-October-2-2015-Serie-A
Liga Profesional Ecuador,M,ECU,2015,1st,Second stage,13,Fri,2015-10-02,19:30,LDU de Loja,1.0,El Nacional,0.0,4142.0,Estadio Federativo Reina del Cisne,Roddy Zambrano,,https://fbref.com/en/matches/f093ed02/LDU-de-Loja-El-Nacional-October-2-2015-Serie-A
Liga Profesional Ecuador,M,ECU,2015,1st,Second stage,13,Sat,2015-10-03,17:00,Barcelona SC,0.0,CS Emelec,1.0,12908.0,Estadio Monumental Isidro Romero Carbo,Omar Ponce,,https://fbref.com/en/matches/70c3af93/Barcelona-SC-CS-Emelec-October-3-2015-Serie-A
Liga Profesional Ecuador,M,ECU,2015,1st,Second stage,13,Sun,2015-10-04,11:30,LDU de Quito,3.0,CD Cuenca,2.0,4247.0,Estadio de Liga Deportiva Universitaria,Diego Lara,,https://fbref.com/en/matches/01575b78/LDU-de-Quito-CD-Cuenca-October-4-2015-Serie-A
Liga Profesional Ecuador,M,ECU,2015,1st,Second stage,13,Sun,2015-10-04,11:30,SD Quito,4.0,Univ Católica,1.0,3323.0,Estadio Olímpico Atahualpa,Juan Albarracín,,https://fbref.com/en/matches/790bdff1/SD-Quito-Univ-Catolica-October-4-2015-Serie-A
Liga Profesional Ecuador,M,ECU,2015,1st,Second stage,6,Fri,2015-10-09,11:30,LDU de Quito,1.0,LDU de Loja,2.0,5786.0,Estadio de Liga Deportiva Universitaria,Edgar Hinostroza,,https://fbref.com/en/matches/b25ea2f0/LDU-de-Quito-LDU-de-Loja-October-9-2015-Serie-A
Liga Profesional Ecuador,M,ECU,2015,1st,Second stage,14,Fri,2015-10-16,20:00,CD Cuenca,1.0,SD Quito,0.0,5501.0,Estadio Alejandro Serrano Aguilar,Edgar Hinostroza,,https://fbref.com/en/matches/1a295226/CD-Cuenca-SD-Quito-October-16-2015-Serie-A
Liga Profesional Ecuador,M,ECU,2015,1st,Second stage,14,Sat,2015-10-17,12:00,Univ Católica,3.0,SD Aucas,0.0,2230.0,Estadio Olímpico Atahualpa,Mario Romero,,https://fbref.com/en/matches/1ded5a45/Univ-Catolica-SD-Aucas-October-17-2015-Serie-A
Liga Profesional Ecuador,M,ECU,2015,1st,Second stage,14,Sat,2015-10-17,17:00,Independiente,2.0,LDU de Loja,1.0,329.0,Estadio General Rumiñahui del Valle de L...,Omar Ponce,,https://fbref.com/en/matches/e4b9de13/Independiente-LDU-de-Loja-October-17-2015-Serie-A
Liga Profesional Ecuador,M,ECU,2015,1st,Second stage,14,Sun,2015-10-18,11:30,El Nacional,1.0,CS Emelec,1.0,10317.0,Estadio Olímpico Atahualpa,Carlos Orbe,,https://fbref.com/en/matches/53e64b2f/El-Nacional-CS-Emelec-October-18-2015-Serie-A
Liga Profesional Ecuador,M,ECU,2015,1st,Second stage,14,Sun,2015-10-18,12:00,Mushuc Runa,1.0,River Ecuador,1.0,314.0,Estadio del Mushuc Runa Sporting Club,Samuel Haro,,https://fbref.com/en/matches/2d718315/Mushuc-Runa-River-Ecuador-October-18-2015-Serie-A
Liga Profesional Ecuador,M,ECU,2015,1st,Second stage,14,Sun,2015-10-18,16:30,Barcelona SC,1.0,LDU de Quito,0.0,15125.0,Estadio Monumental Isidro Romero Carbo,Carlos Vera,,https://fbref.com/en/matches/8e6c315a/Barcelona-SC-LDU-de-Quito-October-18-2015-Serie-A
Liga Profesional Ecuador,M,ECU,2015,1st,Second stage,15,Fri,2015-10-23,19:30,LDU de Loja,1.0,Univ Católica,2.0,3734.0,Estadio Federativo Reina del Cisne,Guillermo Guerrero,,https://fbref.com/en/matches/058bc467/LDU-de-Loja-Univ-Catolica-October-23-2015-Serie-A
Liga Profesional Ecuador,M,ECU,2015,1st,Second stage,15,Sat,2015-10-24,16:00,CS Emelec,3.0,Independiente,2.0,6370.0,Estadio Jocay,Luis Quiroz,,https://fbref.com/en/matches/c5bfa936/CS-Emelec-Independiente-October-24-2015-Serie-A
Liga Profesional Ecuador,M,ECU,2015,1st,Second stage,15,Sat,2015-10-24,20:00,River Ecuador,5.0,El Nacional,0.0,1409.0,Estadio Christian Benítez Betancourt,Juan Albarracín,,https://fbref.com/en/matches/06f52839/River-Ecuador-El-Nacional-October-24-2015-Serie-A
Liga Profesional Ecuador,M,ECU,2015,1st,Second stage,15,Sun,2015-10-25,11:30,LDU de Quito,1.0,Mushuc Runa,1.0,3579.0,Estadio de Liga Deportiva Universitaria,José Espinel,,https://fbref.com/en/matches/a56092a2/LDU-de-Quito-Mushuc-Runa-October-25-2015-Serie-A
Liga Profesional Ecuador,M,ECU,2015,1st,Second stage,15,Sun,2015-10-25,12:00,SD Aucas,0.0,CD Cuenca,0.0,3167.0,Estadio Gonzalo Pozo Ripalda,Omar Ponce,,https://fbref.com/en/matches/592e8fcc/SD-Aucas-CD-Cuenca-October-25-2015-Serie-A
Liga Profesional Ecuador,M,ECU,2015,1st,Second stage,15,Sun,2015-10-25,12:00,SD Quito,0.0,Barcelona SC,1.0,11915.0,Estadio Olímpico Atahualpa,Carlos Orbe,,https://fbref.com/en/matches/7abe4de7/SD-Quito-Barcelona-SC-October-25-2015-Serie-A
Liga Profesional Ecuador,M,ECU,2015,1st,Second stage,9,Wed,2015-10-28,18:30,CS Emelec,2.0,El Nacional,1.0,5674.0,Estadio Los Chirijos,Vinício Espínel,,https://fbref.com/en/matches/bf3a9c74/CS-Emelec-El-Nacional-October-28-2015-Serie-A
Liga Profesional Ecuador,M,ECU,2015,1st,Second stage,16,Fri,2015-10-30,19:00,Barcelona SC,0.0,SD Aucas,0.0,9974.0,Estadio Monumental Isidro Romero Carbo,José Zambrano,,https://fbref.com/en/matches/5fa66377/Barcelona-SC-SD-Aucas-October-30-2015-Serie-A
Liga Profesional Ecuador,M,ECU,2015,1st,Second stage,16,Fri,2015-10-30,19:15,LDU de Quito,2.0,SD Quito,0.0,6792.0,Estadio de Liga Deportiva Universitaria,Juan Albarracín,,https://fbref.com/en/matches/8af8c00f/LDU-de-Quito-SD-Quito-October-30-2015-Serie-A
Liga Profesional Ecuador,M,ECU,2015,1st,Second stage,16,Sat,2015-10-31,14:00,Mushuc Runa,2.0,LDU de Loja,1.0,491.0,Estadio del Mushuc Runa Sporting Club,Mario Romero,,https://fbref.com/en/matches/70cbff9f/Mushuc-Runa-LDU-de-Loja-October-31-2015-Serie-A
Liga Profesional Ecuador,M,ECU,2015,1st,Second stage,16,Sun,2015-11-01,11:30,Independiente,2.0,El Nacional,1.0,1080.0,Estadio General Rumiñahui del Valle de L...,Daniel Salazar,,https://fbref.com/en/matches/5e8119ec/Independiente-El-Nacional-November-1-2015-Serie-A
Liga Profesional Ecuador,M,ECU,2015,1st,Second stage,16,Sun,2015-11-01,12:00,Univ Católica,0.0,CS Emelec,3.0,4992.0,Estadio Olímpico Atahualpa,Roddy Zambrano,,https://fbref.com/en/matches/c5443240/Univ-Catolica-CS-Emelec-November-1-2015-Serie-A
Liga Profesional Ecuador,M,ECU,2015,1st,Second stage,16,Mon,2015-11-02,18:00,CD Cuenca,1.0,River Ecuador,1.0,6755.0,Estadio Alejandro Serrano Aguilar,Guillermo Guerrero,,https://fbref.com/en/matches/5059bb35/CD-Cuenca-River-Ecuador-November-2-2015-Serie-A
Liga Profesional Ecuador,M,ECU,2015,1st,Second stage,17,Fri,2015-11-06,16:00,CS Emelec,6.0,CD Cuenca,0.0,7109.0,Estadio Jocay,Daniel Salazar,,https://fbref.com/en/matches/6b763f0b/CS-Emelec-CD-Cuenca-November-6-2015-Serie-A
Liga Profesional Ecuador,M,ECU,2015,1st,Second stage,17,Fri,2015-11-06,19:00,River Ecuador,1.0,Barcelona SC,1.0,7402.0,Estadio Christian Benítez Betancourt,Roddy Zambrano,,https://fbref.com/en/matches/2c2f37d4/River-Ecuador-Barcelona-SC-November-6-2015-Serie-A
Liga Profesional Ecuador,M,ECU,2015,1st,Second stage,17,Fri,2015-11-06,19:00,Independiente,4.0,Mushuc Runa,1.0,81.0,Estadio General Rumiñahui del Valle de L...,Carlos Vera,,https://fbref.com/en/matches/bb33c841/Independiente-Mushuc-Runa-November-6-2015-Serie-A
Liga Profesional Ecuador,M,ECU,2015,1st,Second stage,17,Fri,2015-11-06,19:00,El Nacional,0.0,Univ Católica,2.0,824.0,Estadio Olímpico Atahualpa,Luis Quiroz,,https://fbref.com/en/matches/dbbe1876/El-Nacional-Univ-Catolica-November-6-2015-Serie-A
Liga Profesional Ecuador,M,ECU,2015,1st,Second stage,17,Fri,2015-11-06,20:00,LDU de Loja,2.0,LDU de Quito,3.0,4298.0,Estadio Federativo Reina del Cisne,Omar Ponce,,https://fbref.com/en/matches/37f975e5/LDU-de-Loja-LDU-de-Quito-November-6-2015-Serie-A
Liga Profesional Ecuador,M,ECU,2015,1st,Second stage,17,Sun,2015-11-08,12:00,SD Aucas,2.0,SD Quito,2.0,7573.0,Estadio Gonzalo Pozo Ripalda,Samuel Haro,,https://fbref.com/en/matches/f201952e/SD-Aucas-SD-Quito-November-8-2015-Serie-A
Liga Profesional Ecuador,M,ECU,2015,1st,Second stage,18,Fri,2015-11-20,20:00,CD Cuenca,1.0,LDU de Loja,2.0,4188.0,Estadio Alejandro Serrano Aguilar,Samuel Haro,,https://fbref.com/en/matches/467404d8/CD-Cuenca-LDU-de-Loja-November-20-2015-Serie-A
Liga Profesional Ecuador,M,ECU,2015,1st,Second stage,18,Sat,2015-11-21,19:00,Univ Católica,2.0,Independiente,1.0,485.0,Estadio Olímpico Atahualpa,Roddy Zambrano,,https://fbref.com/en/matches/38e51691/Univ-Catolica-Independiente-November-21-2015-Serie-A
Liga Profesional Ecuador,M,ECU,2015,1st,Second stage,18,Sun,2015-11-22,11:30,SD Quito,0.0,River Ecuador,3.0,,Estadio Olímpico Atahualpa,,Match awarded to River Ecuador,https://fbref.com/en/matches/6cd81db6/SD-Quito-River-Ecuador-November-22-2015-Serie-A
Liga Profesional Ecuador,M,ECU,2015,1st,Second stage,18,Sun,2015-11-22,11:30,LDU de Quito,0.0,SD Aucas,2.0,10814.0,Estadio de Liga Deportiva Universitaria,Diego Lara,,https://fbref.com/en/matches/c1475222/LDU-de-Quito-SD-Aucas-November-22-2015-Serie-A
Liga Profesional Ecuador,M,ECU,2015,1st,Second stage,18,Sun,2015-11-22,11:30,Mushuc Runa,2.0,CS Emelec,2.0,3134.0,Estadio de Liga Deportiva Universitaria,Vinício Espínel,,https://fbref.com/en/matches/ca27bd8b/Mushuc-Runa-CS-Emelec-November-22-2015-Serie-A
Liga Profesional Ecuador,M,ECU,2015,1st,Second stage,18,Sun,2015-11-22,16:30,Barcelona SC,3.0,El Nacional,0.0,5748.0,Estadio Monumental Isidro Romero Carbo,Omar Ponce,,https://fbref.com/en/matches/47a9123e/Barcelona-SC-El-Nacional-November-22-2015-Serie-A
Liga Profesional Ecuador,M,ECU,2015,1st,Second stage,11,Wed,2015-11-25,19:00,LDU de Loja,2.0,CS Emelec,4.0,15786.0,Estadio Reales Tamarindos,Carlos Vera,,https://fbref.com/en/matches/a0210566/LDU-de-Loja-CS-Emelec-November-25-2015-Serie-A
Liga Profesional Ecuador,M,ECU,2015,1st,Second stage,19,Fri,2015-11-27,19:00,Univ Católica,1.0,Mushuc Runa,1.0,135.0,Estadio Olímpico Atahualpa,Carlos Orbe,,https://fbref.com/en/matches/b6dc6bd8/Univ-Catolica-Mushuc-Runa-November-27-2015-Serie-A
Liga Profesional Ecuador,M,ECU,2015,1st,Second stage,19,Sat,2015-11-28,17:00,Independiente,3.0,Barcelona SC,3.0,1883.0,Estadio General Rumiñahui del Valle de L...,Carlos Vera,,https://fbref.com/en/matches/b0f97b07/Independiente-Barcelona-SC-November-28-2015-Serie-A
Liga Profesional Ecuador,M,ECU,2015,1st,Second stage,19,Sat,2015-11-28,19:00,River Ecuador,1.0,SD Aucas,0.0,584.0,Estadio Christian Benítez Betancourt,Mario Romero,,https://fbref.com/en/matches/5859b6f0/River-Ecuador-SD-Aucas-November-28-2015-Serie-A
Liga Profesional Ecuador,M,ECU,2015,1st,Second stage,19,Sun,2015-11-29,11:30,El Nacional,2.0,CD Cuenca,0.0,899.0,Estadio Olímpico Atahualpa,Diego Lara,,https://fbref.com/en/matches/80d4bcff/El-Nacional-CD-Cuenca-November-29-2015-Serie-A
Liga Profesional Ecuador,M,ECU,2015,1st,Second stage,19,Sun,2015-11-29,11:30,LDU de Loja,1.0,SD Quito,0.0,424.0,Estadio Federativo Reina del Cisne,Edgar Hinostroza,,https://fbref.com/en/matches/f060f719/LDU-de-Loja-SD-Quito-November-29-2015-Serie-A
Liga Profesional Ecuador,M,ECU,2015,1st,Second stage,19,Sun,2015-11-29,16:00,CS Emelec,0.0,LDU de Quito,2.0,17497.0,Estadio Jocay,Omar Ponce,,https://fbref.com/en/matches/5800350e/CS-Emelec-LDU-de-Quito-November-29-2015-Serie-A
Liga Profesional Ecuador,M,ECU,2015,1st,Second stage,20,Wed,2015-12-02,15:00,SD Aucas,3.0,CS Emelec,3.0,7780.0,Estadio Gonzalo Pozo Ripalda,Roddy Zambrano,,https://fbref.com/en/matches/90805c46/SD-Aucas-CS-Emelec-December-2-2015-Serie-A
Liga Profesional Ecuador,M,ECU,2015,1st,Second stage,20,Wed,2015-12-02,16:00,Mushuc Runa,1.0,El Nacional,2.0,861.0,Estadio Bellavista de Ambato,Omar Ponce,,https://fbref.com/en/matches/9cc56e49/Mushuc-Runa-El-Nacional-December-2-2015-Serie-A
Liga Profesional Ecuador,M,ECU,2015,1st,Second stage,20,Wed,2015-12-02,19:00,SD Quito,0.0,Independiente,5.0,2106.0,Estadio Olímpico Atahualpa,Samuel Haro,,https://fbref.com/en/matches/b0e80d85/SD-Quito-Independiente-December-2-2015-Serie-A
Liga Profesional Ecuador,M,ECU,2015,1st,Second stage,20,Wed,2015-12-02,19:15,LDU de Quito,1.0,River Ecuador,0.0,7703.0,Estadio de Liga Deportiva Universitaria,José Zambrano,,https://fbref.com/en/matches/cd93cada/LDU-de-Quito-River-Ecuador-December-2-2015-Serie-A
Liga Profesional Ecuador,M,ECU,2015,1st,Second stage,20,Wed,2015-12-02,19:30,Barcelona SC,2.0,LDU de Loja,1.0,10479.0,Estadio Los Chirijos,Luis Quiroz,,https://fbref.com/en/matches/d882c573/Barcelona-SC-LDU-de-Loja-December-2-2015-Serie-A
Liga Profesional Ecuador,M,ECU,2015,1st,Second stage,20,Wed,2015-12-02,20:00,CD Cuenca,1.0,Univ Católica,0.0,4085.0,Estadio Alejandro Serrano Aguilar,Guillermo Guerrero,,https://fbref.com/en/matches/9fa125c0/CD-Cuenca-Univ-Catolica-December-2-2015-Serie-A
Liga Profesional Ecuador,M,ECU,2015,1st,Second stage,21,Sun,2015-12-06,12:00,LDU de Loja,2.0,SD Aucas,1.0,109.0,Estadio Federativo Reina del Cisne,Samuel Haro,,https://fbref.com/en/matches/349768d3/LDU-de-Loja-SD-Aucas-December-6-2015-Serie-A
Liga Profesional Ecuador,M,ECU,2015,1st,Second stage,21,Sun,2015-12-06,12:00,Univ Católica,2.0,LDU de Quito,1.0,22363.0,Estadio Olímpico Atahualpa,Vinício Espínel,,https://fbref.com/en/matches/44621464/Univ-Catolica-LDU-de-Quito-December-6-2015-Serie-A
Liga Profesional Ecuador,M,ECU,2015,1st,Second stage,21,Sun,2015-12-06,12:00,El Nacional,1.0,SD Quito,2.0,2168.0,Estadio Gonzalo Pozo Ripalda,Mario Romero,,https://fbref.com/en/matches/87c716f2/El-Nacional-SD-Quito-December-6-2015-Serie-A
Liga Profesional Ecuador,M,ECU,2015,1st,Second stage,21,Sun,2015-12-06,12:00,CS Emelec,3.0,River Ecuador,1.0,5964.0,Estadio Jocay,Diego Lara,,https://fbref.com/en/matches/e56cd523/CS-Emelec-River-Ecuador-December-6-2015-Serie-A
Liga Profesional Ecuador,M,ECU,2015,1st,Second stage,21,Sun,2015-12-06,12:00,Mushuc Runa,1.0,Barcelona SC,0.0,4674.0,Estadio Bellavista de Ambato,José Espinel,,https://fbref.com/en/matches/e6b2de3a/Mushuc-Runa-Barcelona-SC-December-6-2015-Serie-A
Liga Profesional Ecuador,M,ECU,2015,1st,Second stage,21,Sun,2015-12-06,12:00,Independiente,2.0,CD Cuenca,0.0,189.0,Estadio General Rumiñahui del Valle de L...,Carlos Orbe,,https://fbref.com/en/matches/f4e865ff/Independiente-CD-Cuenca-December-6-2015-Serie-A
Liga Profesional Ecuador,M,ECU,2015,1st,Second stage,22,Sat,2015-12-12,15:30,River Ecuador,2.0,LDU de Loja,1.0,401.0,Estadio Christian Benítez Betancourt,Roddy Zambrano,,https://fbref.com/en/matches/37a74ea5/River-Ecuador-LDU-de-Loja-December-12-2015-Serie-A
Liga Profesional Ecuador,M,ECU,2015,1st,Second stage,22,Sat,2015-12-12,15:30,CD Cuenca,1.0,Mushuc Runa,1.0,2073.0,Estadio Alejandro Serrano Aguilar,Luis Quiroz,,https://fbref.com/en/matches/9ac771b8/CD-Cuenca-Mushuc-Runa-December-12-2015-Serie-A
Liga Profesional Ecuador,M,ECU,2015,1st,Second stage,22,Sat,2015-12-12,15:30,SD Aucas,1.0,El Nacional,0.0,6835.0,Estadio Gonzalo Pozo Ripalda,Juan Albarracín,,https://fbref.com/en/matches/c84d1447/SD-Aucas-El-Nacional-December-12-2015-Serie-A
Liga Profesional Ecuador,M,ECU,2015,1st,Second stage,22,Sun,2015-12-13,11:30,Barcelona SC,1.0,Univ Católica,1.0,10592.0,Estadio Los Chirijos,José Zambrano,,https://fbref.com/en/matches/7a392700/Barcelona-SC-Univ-Catolica-December-13-2015-Serie-A
Liga Profesional Ecuador,M,ECU,2015,1st,Second stage,22,Sun,2015-12-13,11:30,SD Quito,0.0,CS Emelec,1.0,14680.0,Estadio Olímpico Atahualpa,Carlos Orbe,,https://fbref.com/en/matches/7cb27f72/SD-Quito-CS-Emelec-December-13-2015-Serie-A
Liga Profesional Ecuador,M,ECU,2015,1st,Second stage,22,Sun,2015-12-13,11:30,LDU de Quito,4.0,Independiente,3.0,11457.0,Estadio de Liga Deportiva Universitaria,Diego Lara,,https://fbref.com/en/matches/ad7634ff/LDU-de-Quito-Independiente-December-13-2015-Serie-A
Liga Profesional Ecuador,M,ECU,2015,1st,Finals,,Wed,2015-12-16,19:15,CS Emelec,3.0,LDU de Quito,1.0,14023.0,Estadio Reales Tamarindos,Denys Shudryk,Leg 1 of 2,https://fbref.com/en/matches/aac69ce9/CS-Emelec-LDU-de-Quito-December-16-2015-Serie-A
Liga Profesional Ecuador,M,ECU,2015,1st,Finals,,Sun,2015-12-20,11:30,LDU de Quito,0.0,CS Emelec,0.0,26045.0,Estadio de Liga Deportiva Universitaria,Daniel Salazar,Leg 2 of 2; CS Emelec won,https://fbref.com/en/matches/5db58320/LDU-de-Quito-CS-Emelec-December-20-2015-Serie-A
Liga Profesional Ecuador,M,ECU,2016,1st,First stage,1,Fri,2016-02-05,19:00,River Ecuador,3.0,Mushuc Runa,1.0,811.0,Estadio Christian Benítez Betancourt,Carlos Vera,,https://fbref.com/en/matches/436ed230/River-Ecuador-Mushuc-Runa-February-5-2016-Serie-A
Liga Profesional Ecuador,M,ECU,2016,1st,First stage,1,Fri,2016-02-05,19:30,CS Emelec,2.0,Univ Católica,2.0,11518.0,Estadio 7 de Octubre,Juan Albarracín,,https://fbref.com/en/matches/149a1712/CS-Emelec-Univ-Catolica-February-5-2016-Serie-A
Liga Profesional Ecuador,M,ECU,2016,1st,First stage,1,Sun,2016-02-07,11:00,Independiente,2.0,CD Cuenca,1.0,361.0,Estadio General Rumiñahui del Valle de L...,Diego Lara,,https://fbref.com/en/matches/1cc98d5c/Independiente-CD-Cuenca-February-7-2016-Serie-A
Liga Profesional Ecuador,M,ECU,2016,1st,First stage,1,Sun,2016-02-07,11:15,El Nacional,2.0,Barcelona SC,1.0,24330.0,Estadio Olímpico Atahualpa,Roddy Zambrano,,https://fbref.com/en/matches/8a981cba/El-Nacional-Barcelona-SC-February-7-2016-Serie-A
Liga Profesional Ecuador,M,ECU,2016,1st,First stage,1,Sun,2016-02-07,12:00,Delfín SC,2.0,LDU de Quito,0.0,3871.0,Estadio Jocay,José Espinel,,https://fbref.com/en/matches/a03f03d3/Delfin-SC-LDU-de-Quito-February-7-2016-Serie-A
Liga Profesional Ecuador,M,ECU,2016,1st,First stage,1,Sun,2016-02-07,16:00,Amarilla SC,2.0,SD Aucas,1.0,6069.0,Estadio 9 de Mayo,Omar Ponce,,https://fbref.com/en/matches/71f66066/Amarilla-SC-SD-Aucas-February-7-2016-Serie-A
Liga Profesional Ecuador,M,ECU,2016,1st,First stage,2,Fri,2016-02-12,20:00,CD Cuenca,0.0,El Nacional,0.0,7461.0,Estadio Alejandro Serrano Aguilar,Samuel Haro,,https://fbref.com/en/matches/dc636cb8/CD-Cuenca-El-Nacional-February-12-2016-Serie-A
Liga Profesional Ecuador,M,ECU,2016,1st,First stage,2,Sat,2016-02-13,12:00,Univ Católica,1.0,Amarilla SC,0.0,378.0,Estadio Olímpico Atahualpa,Luis Quiroz,,https://fbref.com/en/matches/63b3f189/Univ-Catolica-Amarilla-SC-February-13-2016-Serie-A
Liga Profesional Ecuador,M,ECU,2016,1st,First stage,2,Sat,2016-02-13,15:00,SD Aucas,3.0,River Ecuador,1.0,3973.0,Estadio Gonzalo Pozo Ripalda,José Zambrano,,https://fbref.com/en/matches/7101fde7/SD-Aucas-River-Ecuador-February-13-2016-Serie-A
Liga Profesional Ecuador,M,ECU,2016,1st,First stage,2,Sun,2016-02-14,11:30,Mushuc Runa,0.0,CS Emelec,3.0,2562.0,Estadio Bellavista de Ambato,Vinício Espínel,,https://fbref.com/en/matches/c1703e9a/Mushuc-Runa-CS-Emelec-February-14-2016-Serie-A
Liga Profesional Ecuador,M,ECU,2016,1st,First stage,2,Sun,2016-02-14,16:30,Barcelona SC,2.0,Delfín SC,1.0,17022.0,Estadio Monumental Isidro Romero Carbo,Mario Romero,,https://fbref.com/en/matches/1360ebc4/Barcelona-SC-Delfin-SC-February-14-2016-Serie-A
Liga Profesional Ecuador,M,ECU,2016,1st,First stage,3,Wed,2016-02-17,16:00,Amarilla SC,0.0,Mushuc Runa,0.0,4421.0,Estadio 9 de Mayo,Guillermo Guerrero,,https://fbref.com/en/matches/809481b6/Amarilla-SC-Mushuc-Runa-February-17-2016-Serie-A
Liga Profesional Ecuador,M,ECU,2016,1st,First stage,3,Wed,2016-02-17,19:00,Univ Católica,0.0,SD Aucas,1.0,3287.0,Estadio Olímpico Atahualpa,Daniel Salazar,,https://fbref.com/en/matches/696fc626/Univ-Catolica-SD-Aucas-February-17-2016-Serie-A
Liga Profesional Ecuador,M,ECU,2016,1st,First stage,3,Wed,2016-02-17,19:00,Delfín SC,2.0,CD Cuenca,1.0,1879.0,Estadio Jocay,Roddy Zambrano,,https://fbref.com/en/matches/9f7f8553/Delfin-SC-CD-Cuenca-February-17-2016-Serie-A
Liga Profesional Ecuador,M,ECU,2016,1st,First stage,3,Wed,2016-02-17,19:30,River Ecuador,0.0,Barcelona SC,3.0,10500.0,Estadio Christian Benítez Betancourt,Omar Ponce,,https://fbref.com/en/matches/c6100edb/River-Ecuador-Barcelona-SC-February-17-2016-Serie-A
Liga Profesional Ecuador,M,ECU,2016,1st,First stage,4,Sun,2016-02-21,11:15,El Nacional,2.0,Delfín SC,0.0,5586.0,Estadio Olímpico Atahualpa,Vinício Espínel,,https://fbref.com/en/matches/f00792c2/El-Nacional-Delfin-SC-February-21-2016-Serie-A
Liga Profesional Ecuador,M,ECU,2016,1st,First stage,4,Sun,2016-02-21,11:30,Mushuc Runa,2.0,Univ Católica,1.0,597.0,Estadio Bellavista de Ambato,Diego Lara,,https://fbref.com/en/matches/debfeb3b/Mushuc-Runa-Univ-Catolica-February-21-2016-Serie-A
Liga Profesional Ecuador,M,ECU,2016,1st,First stage,4,Sun,2016-02-21,17:00,Barcelona SC,2.0,Amarilla SC,1.0,20000.0,Estadio Monumental Isidro Romero Carbo,Carlos Orbe,,https://fbref.com/en/matches/d1e2374c/Barcelona-SC-Amarilla-SC-February-21-2016-Serie-A
Liga Profesional Ecuador,M,ECU,2016,1st,First stage,4,Mon,2016-02-22,20:00,CD Cuenca,0.0,CS Emelec,1.0,10761.0,Estadio Alejandro Serrano Aguilar,José Espinel,,https://fbref.com/en/matches/24dad0d3/CD-Cuenca-CS-Emelec-February-22-2016-Serie-A
Liga Profesional Ecuador,M,ECU,2016,1st,First stage,5,Sat,2016-02-27,15:00,Amarilla SC,1.0,LDU de Quito,0.0,12455.0,Estadio 9 de Mayo,Roddy Zambrano,,https://fbref.com/en/matches/0c958a2b/Amarilla-SC-LDU-de-Quito-February-27-2016-Serie-A
Liga Profesional Ecuador,M,ECU,2016,1st,First stage,5,Sat,2016-02-27,19:00,River Ecuador,1.0,CD Cuenca,3.0,828.0,Estadio Christian Benítez Betancourt,Luis Quiroz,,https://fbref.com/en/matches/babc8244/River-Ecuador-CD-Cuenca-February-27-2016-Serie-A
Liga Profesional Ecuador,M,ECU,2016,1st,First stage,5,Sun,2016-02-28,12:00,SD Aucas,1.0,Mushuc Runa,1.0,4038.0,Estadio Gonzalo Pozo Ripalda,Juan Albarracín,,https://fbref.com/en/matches/d5b1b16c/SD-Aucas-Mushuc-Runa-February-28-2016-Serie-A
Liga Profesional Ecuador,M,ECU,2016,1st,First stage,5,Sun,2016-02-28,12:00,Univ Católica,1.0,Barcelona SC,0.0,13884.0,Estadio Olímpico Atahualpa,Samuel Haro,,https://fbref.com/en/matches/f5808872/Univ-Catolica-Barcelona-SC-February-28-2016-Serie-A
Liga Profesional Ecuador,M,ECU,2016,1st,First stage,5,Mon,2016-02-29,20:00,CS Emelec,0.0,El Nacional,1.0,9740.0,Estadio Christian Benítez Betancourt,Omar Ponce,,https://fbref.com/en/matches/8044dc9d/CS-Emelec-El-Nacional-February-29-2016-Serie-A
Liga Profesional Ecuador,M,ECU,2016,1st,First stage,6,Sat,2016-03-05,17:00,Independiente,0.0,CS Emelec,2.0,1783.0,Estadio General Rumiñahui del Valle de L...,Daniel Salazar,,https://fbref.com/en/matches/861add07/Independiente-CS-Emelec-March-5-2016-Serie-A
Liga Profesional Ecuador,M,ECU,2016,1st,First stage,6,Sun,2016-03-06,11:15,El Nacional,1.0,River Ecuador,0.0,9981.0,Estadio Olímpico Atahualpa,Roddy Zambrano,,https://fbref.com/en/matches/b72831f6/El-Nacional-River-Ecuador-March-6-2016-Serie-A
Liga Profesional Ecuador,M,ECU,2016,1st,First stage,6,Sun,2016-03-06,11:30,LDU de Quito,1.0,Univ Católica,1.0,6639.0,Estadio de Liga Deportiva Universitaria,José Zambrano,,https://fbref.com/en/matches/1021e258/LDU-de-Quito-Univ-Catolica-March-6-2016-Serie-A
Liga Profesional Ecuador,M,ECU,2016,1st,First stage,6,Sun,2016-03-06,11:30,CD Cuenca,3.0,Amarilla SC,0.0,7167.0,Estadio Alejandro Serrano Aguilar,Mario Romero,,https://fbref.com/en/matches/fa811b09/CD-Cuenca-Amarilla-SC-March-6-2016-Serie-A
Liga Profesional Ecuador,M,ECU,2016,1st,First stage,6,Sun,2016-03-06,13:05,Delfín SC,1.0,Mushuc Runa,1.0,755.0,Estadio Jocay,Guillermo Guerrero,,https://fbref.com/en/matches/f43acc70/Delfin-SC-Mushuc-Runa-March-6-2016-Serie-A
Liga Profesional Ecuador,M,ECU,2016,1st,First stage,6,Sun,2016-03-06,16:30,Barcelona SC,3.0,SD Aucas,0.0,12425.0,Estadio Monumental Isidro Romero Carbo,José Espinel,,https://fbref.com/en/matches/6bdc9fa0/Barcelona-SC-SD-Aucas-March-6-2016-Serie-A
Liga Profesional Ecuador,M,ECU,2016,1st,First stage,3,Wed,2016-03-09,19:00,Independiente,1.0,El Nacional,0.0,3388.0,Estadio General Rumiñahui del Valle de L...,Juan Albarracín,,https://fbref.com/en/matches/d123de31/Independiente-El-Nacional-March-9-2016-Serie-A
Liga Profesional Ecuador,M,ECU,2016,1st,First stage,7,Sat,2016-03-12,12:00,Univ Católica,2.0,CD Cuenca,2.0,407.0,Estadio Olímpico Atahualpa,Roddy Zambrano,,https://fbref.com/en/matches/81cafe8a/Univ-Catolica-CD-Cuenca-March-12-2016-Serie-A
Liga Profesional Ecuador,M,ECU,2016,1st,First stage,7,Sat,2016-03-12,15:45,River Ecuador,0.0,Independiente,1.0,101.0,Estadio Modelo Alberto Spencer Herrera,Vinício Espínel,,https://fbref.com/en/matches/4a21e740/River-Ecuador-Independiente-March-12-2016-Serie-A
Liga Profesional Ecuador,M,ECU,2016,1st,First stage,7,Sat,2016-03-12,18:45,CS Emelec,1.0,Delfín SC,0.0,15307.0,Estadio Modelo Alberto Spencer Herrera,Luis Quiroz,,https://fbref.com/en/matches/a5cf3e63/CS-Emelec-Delfin-SC-March-12-2016-Serie-A
Liga Profesional Ecuador,M,ECU,2016,1st,First stage,7,Sun,2016-03-13,11:30,Mushuc Runa,1.0,Barcelona SC,1.0,12775.0,Estadio Bellavista de Ambato,Carlos Vera,,https://fbref.com/en/matches/9e974324/Mushuc-Runa-Barcelona-SC-March-13-2016-Serie-A
Liga Profesional Ecuador,M,ECU,2016,1st,First stage,7,Sun,2016-03-13,12:00,SD Aucas,0.0,LDU de Quito,1.0,13247.0,Estadio Olímpico Atahualpa,Samuel Haro,,https://fbref.com/en/matches/79d07be2/SD-Aucas-LDU-de-Quito-March-13-2016-Serie-A
Liga Profesional Ecuador,M,ECU,2016,1st,First stage,7,Sun,2016-03-13,15:00,Amarilla SC,2.0,El Nacional,0.0,8543.0,Estadio 9 de Mayo,Diego Lara,,https://fbref.com/en/matches/edf7c832/Amarilla-SC-El-Nacional-March-13-2016-Serie-A
Liga Profesional Ecuador,M,ECU,2016,1st,First stage,8,Fri,2016-03-18,19:00,El Nacional,2.0,Univ Católica,2.0,4157.0,Estadio Olímpico Atahualpa,Mario Romero,,https://fbref.com/en/matches/ede7c9ea/El-Nacional-Univ-Catolica-March-18-2016-Serie-A
Liga Profesional Ecuador,M,ECU,2016,1st,First stage,8,Fri,2016-03-18,19:30,LDU de Quito,1.0,Mushuc Runa,0.0,3708.0,Estadio de Liga Deportiva Universitaria,Carlos Orbe,,https://fbref.com/en/matches/99e907bd/LDU-de-Quito-Mushuc-Runa-March-18-2016-Serie-A
Liga Profesional Ecuador,M,ECU,2016,1st,First stage,8,Fri,2016-03-18,20:00,CD Cuenca,2.0,SD Aucas,2.0,6298.0,Estadio Alejandro Serrano Aguilar,Daniel Salazar,,https://fbref.com/en/matches/d77d1d8c/CD-Cuenca-SD-Aucas-March-18-2016-Serie-A
Liga Profesional Ecuador,M,ECU,2016,1st,First stage,8,Sat,2016-03-19,11:00,Independiente,3.0,Amarilla SC,1.0,272.0,Estadio General Rumiñahui del Valle de L...,José Zambrano,,https://fbref.com/en/matches/2412e0c1/Independiente-Amarilla-SC-March-19-2016-Serie-A
Liga Profesional Ecuador,M,ECU,2016,1st,First stage,8,Sat,2016-03-19,16:00,Delfín SC,0.0,River Ecuador,2.0,1370.0,Estadio Jocay,Omar Ponce,,https://fbref.com/en/matches/81318aa9/Delfin-SC-River-Ecuador-March-19-2016-Serie-A
Liga Profesional Ecuador,M,ECU,2016,1st,First stage,2,Wed,2016-03-23,19:15,LDU de Quito,0.0,Independiente,0.0,8000.0,Estadio de Liga Deportiva Universitaria,José Espinel,,https://fbref.com/en/matches/edc6f988/LDU-de-Quito-Independiente-March-23-2016-Serie-A
Liga Profesional Ecuador,M,ECU,2016,1st,First stage,9,Sat,2016-03-26,15:00,Amarilla SC,2.0,Delfín SC,2.0,2793.0,Estadio 9 de Mayo,Samuel Haro,,https://fbref.com/en/matches/56aa687e/Amarilla-SC-Delfin-SC-March-26-2016-Serie-A
Liga Profesional Ecuador,M,ECU,2016,1st,First stage,9,Sat,2016-03-26,16:00,Mushuc Runa,0.0,CD Cuenca,1.0,535.0,Estadio Bellavista de Ambato,Edgar Hinostroza,,https://fbref.com/en/matches/77d7586f/Mushuc-Runa-CD-Cuenca-March-26-2016-Serie-A
Liga Profesional Ecuador,M,ECU,2016,1st,First stage,9,Sun,2016-03-27,12:00,SD Aucas,0.0,El Nacional,0.0,8019.0,Estadio Gonzalo Pozo Ripalda,Carlos Orbe,,https://fbref.com/en/matches/2cfb56ef/SD-Aucas-El-Nacional-March-27-2016-Serie-A
Liga Profesional Ecuador,M,ECU,2016,1st,First stage,9,Sun,2016-03-27,12:00,Univ Católica,0.0,Independiente,0.0,268.0,Estadio Olímpico Atahualpa,Omar Ponce,,https://fbref.com/en/matches/bdca5f6b/Univ-Catolica-Independiente-March-27-2016-Serie-A
Liga Profesional Ecuador,M,ECU,2016,1st,First stage,9,Sun,2016-03-27,16:30,Barcelona SC,5.0,LDU de Quito,0.0,25291.0,Estadio Monumental Isidro Romero Carbo,Daniel Salazar,,https://fbref.com/en/matches/5986d733/Barcelona-SC-LDU-de-Quito-March-27-2016-Serie-A
Liga Profesional Ecuador,M,ECU,2016,1st,First stage,4,Wed,2016-03-30,15:00,SD Aucas,1.0,Independiente,0.0,2883.0,Estadio Gonzalo Pozo Ripalda,Diego Lara,,https://fbref.com/en/matches/824b536c/SD-Aucas-Independiente-March-30-2016-Serie-A
Liga Profesional Ecuador,M,ECU,2016,1st,First stage,10,Fri,2016-04-01,19:00,El Nacional,1.0,LDU de Quito,1.0,14903.0,Estadio Olímpico Atahualpa,Guillermo Guerrero,,https://fbref.com/en/matches/a3d233e3/El-Nacional-LDU-de-Quito-April-1-2016-Serie-A
Liga Profesional Ecuador,M,ECU,2016,1st,First stage,10,Fri,2016-04-01,19:30,CS Emelec,2.0,Amarilla SC,1.0,14237.0,Estadio Modelo Alberto Spencer Herrera,Vinício Espínel,,https://fbref.com/en/matches/6166d2be/CS-Emelec-Amarilla-SC-April-1-2016-Serie-A
Liga Profesional Ecuador,M,ECU,2016,1st,First stage,10,Sat,2016-04-02,12:00,CD Cuenca,1.0,Barcelona SC,2.0,14374.0,Estadio Alejandro Serrano Aguilar,Diego Lara,,https://fbref.com/en/matches/90f97e9e/CD-Cuenca-Barcelona-SC-April-2-2016-Serie-A
Liga Profesional Ecuador,M,ECU,2016,1st,First stage,10,Sat,2016-04-02,16:30,River Ecuador,1.0,Univ Católica,0.0,1474.0,Estadio Christian Benítez Betancourt,Mario Romero,,https://fbref.com/en/matches/e866404d/River-Ecuador-Univ-Catolica-April-2-2016-Serie-A
Liga Profesional Ecuador,M,ECU,2016,1st,First stage,10,Sat,2016-04-02,17:00,Independiente,2.0,Mushuc Runa,1.0,123.0,Estadio General Rumiñahui del Valle de L...,Roddy Zambrano,,https://fbref.com/en/matches/e2343ec8/Independiente-Mushuc-Runa-April-2-2016-Serie-A
Liga Profesional Ecuador,M,ECU,2016,1st,First stage,10,Sun,2016-04-03,12:00,Delfín SC,0.0,SD Aucas,0.0,1405.0,Estadio Jocay,Carlos Orbe,,https://fbref.com/en/matches/82d9b342/Delfin-SC-SD-Aucas-April-3-2016-Serie-A
Liga Profesional Ecuador,M,ECU,2016,1st,First stage,11,Fri,2016-04-08,20:00,Amarilla SC,0.0,River Ecuador,2.0,4256.0,Estadio 9 de Mayo,Edgar Hinostroza,,https://fbref.com/en/matches/2828b6e9/Amarilla-SC-River-Ecuador-April-8-2016-Serie-A
Liga Profesional Ecuador,M,ECU,2016,1st,First stage,11,Sat,2016-04-09,12:00,Univ Católica,1.0,Delfín SC,0.0,157.0,Estadio Olímpico Atahualpa,Roddy Zambrano,,https://fbref.com/en/matches/57bc9fe9/Univ-Catolica-Delfin-SC-April-9-2016-Serie-A
Liga Profesional Ecuador,M,ECU,2016,1st,First stage,11,Sat,2016-04-09,14:00,Mushuc Runa,0.0,El Nacional,2.0,2511.0,Estadio Centenario de Guaranda,Daniel Salazar,,https://fbref.com/en/matches/e24bd9f0/Mushuc-Runa-El-Nacional-April-9-2016-Serie-A
Liga Profesional Ecuador,M,ECU,2016,1st,First stage,11,Sat,2016-04-09,18:15,LDU de Quito,0.0,CD Cuenca,1.0,4671.0,Estadio de Liga Deportiva Universitaria,Omar Ponce,,https://fbref.com/en/matches/aa940657/LDU-de-Quito-CD-Cuenca-April-9-2016-Serie-A
Liga Profesional Ecuador,M,ECU,2016,1st,First stage,11,Sun,2016-04-10,12:00,SD Aucas,1.0,CS Emelec,2.0,8456.0,Estadio Gonzalo Pozo Ripalda,Carlos Vera,,https://fbref.com/en/matches/9b4a13f7/SD-Aucas-CS-Emelec-April-10-2016-Serie-A
Liga Profesional Ecuador,M,ECU,2016,1st,First stage,11,Sun,2016-04-10,16:30,Barcelona SC,3.0,Independiente,2.0,25718.0,Estadio Monumental Isidro Romero Carbo,Mario Romero,,https://fbref.com/en/matches/8a2e8d59/Barcelona-SC-Independiente-April-10-2016-Serie-A
Liga Profesional Ecuador,M,ECU,2016,1st,First stage,12,Sat,2016-04-16,11:15,El Nacional,0.0,Mushuc Runa,1.0,3817.0,Estadio Olímpico Atahualpa,Samuel Haro,,https://fbref.com/en/matches/de096e04/El-Nacional-Mushuc-Runa-April-16-2016-Serie-A
Liga Profesional Ecuador,M,ECU,2016,1st,First stage,12,Sat,2016-04-16,16:30,River Ecuador,1.0,Amarilla SC,1.0,285.0,Estadio Christian Benítez Betancourt,Luis Quiroz,,https://fbref.com/en/matches/f0346efc/River-Ecuador-Amarilla-SC-April-16-2016-Serie-A
Liga Profesional Ecuador,M,ECU,2016,1st,First stage,12,Fri,2016-04-29,20:00,CD Cuenca,1.0,LDU de Quito,0.0,8063.0,Estadio Alejandro Serrano Aguilar,Juan Albarracín,,https://fbref.com/en/matches/29400e0a/CD-Cuenca-LDU-de-Quito-April-29-2016-Serie-A
Liga Profesional Ecuador,M,ECU,2016,1st,First stage,12,Sat,2016-04-30,14:00,Delfín SC,0.0,Univ Católica,0.0,11572.0,Estadio Jocay,Vinício Espínel,,https://fbref.com/en/matches/e7f5b23a/Delfin-SC-Univ-Catolica-April-30-2016-Serie-A
Liga Profesional Ecuador,M,ECU,2016,1st,First stage,12,Sat,2016-04-30,16:30,CS Emelec,4.0,SD Aucas,0.0,11572.0,Estadio Modelo Alberto Spencer Herrera,José Zambrano,,https://fbref.com/en/matches/3e3706f6/CS-Emelec-SD-Aucas-April-30-2016-Serie-A
Liga Profesional Ecuador,M,ECU,2016,1st,First stage,13,Wed,2016-05-04,12:00,Univ Católica,3.0,River Ecuador,0.0,98.0,Estadio Olímpico Atahualpa,Juan Albarracín,,https://fbref.com/en/matches/98398e77/Univ-Catolica-River-Ecuador-May-4-2016-Serie-A
Liga Profesional Ecuador,M,ECU,2016,1st,First stage,13,Wed,2016-05-04,15:00,SD Aucas,2.0,Delfín SC,2.0,1596.0,Estadio Gonzalo Pozo Ripalda,Diego Lara,,https://fbref.com/en/matches/9a1471ba/SD-Aucas-Delfin-SC-May-4-2016-Serie-A
Liga Profesional Ecuador,M,ECU,2016,1st,First stage,13,Wed,2016-05-04,16:00,Amarilla SC,1.0,CS Emelec,2.0,7935.0,Estadio 7 de Octubre,Guillermo Guerrero,,https://fbref.com/en/matches/4470e81b/Amarilla-SC-CS-Emelec-May-4-2016-Serie-A
Liga Profesional Ecuador,M,ECU,2016,1st,First stage,13,Wed,2016-05-04,19:15,LDU de Quito,1.0,El Nacional,2.0,4105.0,Estadio de Liga Deportiva Universitaria,Carlos Orbe,,https://fbref.com/en/matches/5f2c1792/LDU-de-Quito-El-Nacional-May-4-2016-Serie-A
Liga Profesional Ecuador,M,ECU,2016,1st,First stage,13,Wed,2016-05-04,19:30,Barcelona SC,2.0,CD Cuenca,2.0,8632.0,Estadio Jocay,Omar Ponce,,https://fbref.com/en/matches/85c73f92/Barcelona-SC-CD-Cuenca-May-4-2016-Serie-A
Liga Profesional Ecuador,M,ECU,2016,1st,First stage,14,Sat,2016-05-07,19:00,CD Cuenca,1.0,Mushuc Runa,0.0,4994.0,Estadio Alejandro Serrano Aguilar,Roddy Zambrano,,https://fbref.com/en/matches/8de18b27/CD-Cuenca-Mushuc-Runa-May-7-2016-Serie-A
Liga Profesional Ecuador,M,ECU,2016,1st,First stage,14,Sun,2016-05-08,11:15,El Nacional,1.0,SD Aucas,1.0,4082.0,Estadio Olímpico Atahualpa,José Espinel,,https://fbref.com/en/matches/bd11925b/El-Nacional-SD-Aucas-May-8-2016-Serie-A
Liga Profesional Ecuador,M,ECU,2016,1st,First stage,14,Sun,2016-05-08,11:30,LDU de Quito,2.0,Barcelona SC,1.0,12098.0,Estadio de Liga Deportiva Universitaria,Carlos Vera,,https://fbref.com/en/matches/97266528/LDU-de-Quito-Barcelona-SC-May-8-2016-Serie-A
Liga Profesional Ecuador,M,ECU,2016,1st,First stage,14,Sun,2016-05-08,14:00,Delfín SC,1.0,Amarilla SC,2.0,9600.0,Estadio Modelo Alberto Spencer Herrera,Daniel Salazar,,https://fbref.com/en/matches/42a2124d/Delfin-SC-Amarilla-SC-May-8-2016-Serie-A
Liga Profesional Ecuador,M,ECU,2016,1st,First stage,14,Sun,2016-05-08,16:30,CS Emelec,3.0,River Ecuador,3.0,9600.0,Estadio Modelo Alberto Spencer Herrera,Mario Romero,,https://fbref.com/en/matches/347b2cff/CS-Emelec-River-Ecuador-May-8-2016-Serie-A
Liga Profesional Ecuador,M,ECU,2016,1st,First stage,14,Sun,2016-05-08,17:00,Independiente,1.0,Univ Católica,4.0,247.0,Estadio General Rumiñahui del Valle de L...,Edgar Hinostroza,,https://fbref.com/en/matches/861a3f21/Independiente-Univ-Catolica-May-8-2016-Serie-A
Liga Profesional Ecuador,M,ECU,2016,1st,First stage,4,Wed,2016-05-11,19:15,LDU de Quito,2.0,River Ecuador,1.0,2231.0,Estadio de Liga Deportiva Universitaria,Edgar Hinostroza,,https://fbref.com/en/matches/4014ef96/LDU-de-Quito-River-Ecuador-May-11-2016-Serie-A
Liga Profesional Ecuador,M,ECU,2016,1st,First stage,8,Wed,2016-05-11,19:30,CS Emelec,2.0,Barcelona SC,1.0,17155.0,Estadio Modelo Alberto Spencer Herrera,Carlos Orbe,,https://fbref.com/en/matches/f26e1b16/CS-Emelec-Barcelona-SC-May-11-2016-Serie-A
Liga Profesional Ecuador,M,ECU,2016,1st,First stage,15,Fri,2016-05-13,15:00,Amarilla SC,2.0,Independiente,0.0,1614.0,Estadio 9 de Mayo,José Espinel,,https://fbref.com/en/matches/86a61175/Amarilla-SC-Independiente-May-13-2016-Serie-A
Liga Profesional Ecuador,M,ECU,2016,1st,First stage,15,Fri,2016-05-13,19:00,Univ Católica,2.0,El Nacional,3.0,1039.0,Estadio Olímpico Atahualpa,Omar Ponce,,https://fbref.com/en/matches/803a7125/Univ-Catolica-El-Nacional-May-13-2016-Serie-A
Liga Profesional Ecuador,M,ECU,2016,1st,First stage,15,Fri,2016-05-13,19:30,SD Aucas,1.0,CD Cuenca,2.0,11095.0,Estadio Gonzalo Pozo Ripalda,Vinício Espínel,,https://fbref.com/en/matches/c55f3e0a/SD-Aucas-CD-Cuenca-May-13-2016-Serie-A
Liga Profesional Ecuador,M,ECU,2016,1st,First stage,15,Sun,2016-05-15,11:30,Mushuc Runa,2.0,LDU de Quito,2.0,6208.0,Estadio Bellavista de Ambato,José Zambrano,,https://fbref.com/en/matches/f5565093/Mushuc-Runa-LDU-de-Quito-May-15-2016-Serie-A
Liga Profesional Ecuador,M,ECU,2016,1st,First stage,15,Sun,2016-05-15,16:30,River Ecuador,1.0,Delfín SC,2.0,109.0,Estadio Christian Benítez Betancourt,Guillermo Guerrero,,https://fbref.com/en/matches/95008041/River-Ecuador-Delfin-SC-May-15-2016-Serie-A
Liga Profesional Ecuador,M,ECU,2016,1st,First stage,15,Sun,2016-05-15,16:30,Barcelona SC,5.0,CS Emelec,0.0,16810.0,Estadio Monumental Isidro Romero Carbo,Roddy Zambrano,,https://fbref.com/en/matches/d23099eb/Barcelona-SC-CS-Emelec-May-15-2016-Serie-A
Liga Profesional Ecuador,M,ECU,2016,1st,First stage,16,Fri,2016-05-20,14:00,El Nacional,1.0,Amarilla SC,0.0,2116.0,Estadio Olímpico Atahualpa,Carlos Orbe,,https://fbref.com/en/matches/236e3aed/El-Nacional-Amarilla-SC-May-20-2016-Serie-A
Liga Profesional Ecuador,M,ECU,2016,1st,First stage,16,Fri,2016-05-20,19:00,Independiente,3.0,River Ecuador,0.0,107.0,Estadio General Rumiñahui del Valle de L...,Diego Lara,,https://fbref.com/en/matches/4fd5c15d/Independiente-River-Ecuador-May-20-2016-Serie-A
Liga Profesional Ecuador,M,ECU,2016,1st,First stage,16,Fri,2016-05-20,19:00,Delfín SC,2.0,CS Emelec,2.0,1039.0,Estadio 7 de Octubre,Juan Albarracín,,https://fbref.com/en/matches/d6fc1a6e/Delfin-SC-CS-Emelec-May-20-2016-Serie-A
Liga Profesional Ecuador,M,ECU,2016,1st,First stage,16,Fri,2016-05-20,19:30,LDU de Quito,2.0,SD Aucas,0.0,6553.0,Estadio de Liga Deportiva Universitaria,Roddy Zambrano,,https://fbref.com/en/matches/c6a03f81/LDU-de-Quito-SD-Aucas-May-20-2016-Serie-A
Liga Profesional Ecuador,M,ECU,2016,1st,First stage,16,Fri,2016-05-20,20:00,CD Cuenca,1.0,Univ Católica,0.0,7569.0,Estadio Alejandro Serrano Aguilar,Daniel Salazar,,https://fbref.com/en/matches/aeba5827/CD-Cuenca-Univ-Catolica-May-20-2016-Serie-A
Liga Profesional Ecuador,M,ECU,2016,1st,First stage,16,Fri,2016-05-20,20:00,Barcelona SC,3.0,Mushuc Runa,1.0,2257.0,Estadio Monumental Isidro Romero Carbo,Samuel Haro,,https://fbref.com/en/matches/dd1e31ac/Barcelona-SC-Mushuc-Runa-May-20-2016-Serie-A
Liga Profesional Ecuador,M,ECU,2016,1st,First stage,5,Sat,2016-06-18,16:00,Delfín SC,2.0,Independiente,0.0,86.0,Estadio Reales Tamarindos,Samuel Haro,,https://fbref.com/en/matches/300f94d9/Delfin-SC-Independiente-June-18-2016-Serie-A
Liga Profesional Ecuador,M,ECU,2016,1st,First stage,12,Wed,2016-06-22,19:00,Independiente,2.0,Barcelona SC,1.0,2856.0,Estadio General Rumiñahui del Valle de L...,José Espinel,,https://fbref.com/en/matches/4b902595/Independiente-Barcelona-SC-June-22-2016-Serie-A
Liga Profesional Ecuador,M,ECU,2016,1st,First stage,17,Sat,2016-06-25,12:00,Univ Católica,0.0,LDU de Quito,0.0,2120.0,Estadio Olímpico Atahualpa,Vinício Espínel,,https://fbref.com/en/matches/001603b5/Univ-Catolica-LDU-de-Quito-June-25-2016-Serie-A
Liga Profesional Ecuador,M,ECU,2016,1st,First stage,17,Sat,2016-06-25,16:00,River Ecuador,4.0,El Nacional,2.0,719.0,Estadio Christian Benítez Betancourt,Samuel Haro,,https://fbref.com/en/matches/dd9a6f61/River-Ecuador-El-Nacional-June-25-2016-Serie-A
Liga Profesional Ecuador,M,ECU,2016,1st,First stage,17,Sun,2016-06-26,11:30,Mushuc Runa,5.0,Delfín SC,1.0,131.0,Estadio Bellavista de Ambato,Edgar Hinostroza,,https://fbref.com/en/matches/8fe408f4/Mushuc-Runa-Delfin-SC-June-26-2016-Serie-A
Liga Profesional Ecuador,M,ECU,2016,1st,First stage,17,Sun,2016-06-26,12:00,SD Aucas,0.0,Barcelona SC,1.0,8141.0,Estadio Gonzalo Pozo Ripalda,Luis Quiroz,,https://fbref.com/en/matches/9de8feab/SD-Aucas-Barcelona-SC-June-26-2016-Serie-A
Liga Profesional Ecuador,M,ECU,2016,1st,First stage,17,Sun,2016-06-26,15:00,Amarilla SC,0.0,CD Cuenca,0.0,2086.0,Estadio 9 de Mayo,Guillermo Guerrero,,https://fbref.com/en/matches/023cbfc4/Amarilla-SC-CD-Cuenca-June-26-2016-Serie-A
Liga Profesional Ecuador,M,ECU,2016,1st,First stage,17,Sun,2016-06-26,16:00,CS Emelec,1.0,Independiente,2.0,20627.0,Estadio Reales Tamarindos,Omar Ponce,,https://fbref.com/en/matches/7ebb7104/CS-Emelec-Independiente-June-26-2016-Serie-A
Liga Profesional Ecuador,M,ECU,2016,1st,First stage,13,Wed,2016-06-29,16:00,Mushuc Runa,1.0,Independiente,3.0,722.0,Estadio Bellavista de Ambato,Luis Quiroz,,https://fbref.com/en/matches/91fed269/Mushuc-Runa-Independiente-June-29-2016-Serie-A
Liga Profesional Ecuador,M,ECU,2016,1st,First stage,3,Wed,2016-06-29,20:00,CS Emelec,1.0,LDU de Quito,0.0,12649.0,Estadio Modelo Alberto Spencer Herrera,Carlos Orbe,,https://fbref.com/en/matches/f9d25258/CS-Emelec-LDU-de-Quito-June-29-2016-Serie-A
Liga Profesional Ecuador,M,ECU,2016,1st,First stage,18,Sat,2016-07-02,13:00,CD Cuenca,2.0,River Ecuador,3.0,4617.0,Estadio Alejandro Serrano Aguilar,José Zambrano,,https://fbref.com/en/matches/f10dc572/CD-Cuenca-River-Ecuador-July-2-2016-Serie-A
Liga Profesional Ecuador,M,ECU,2016,1st,First stage,18,Sat,2016-07-02,17:00,Independiente,1.0,Delfín SC,1.0,341.0,Estadio General Rumiñahui del Valle de L...,Mario Romero,,https://fbref.com/en/matches/376ba4d9/Independiente-Delfin-SC-July-2-2016-Serie-A
Liga Profesional Ecuador,M,ECU,2016,1st,First stage,18,Sun,2016-07-03,11:15,El Nacional,3.0,CS Emelec,1.0,10768.0,Estadio Olímpico Atahualpa,José Espinel,,https://fbref.com/en/matches/66f168f8/El-Nacional-CS-Emelec-July-3-2016-Serie-A
Liga Profesional Ecuador,M,ECU,2016,1st,First stage,18,Sun,2016-07-03,11:30,LDU de Quito,2.0,Amarilla SC,1.0,2472.0,Estadio de Liga Deportiva Universitaria,Samuel Haro,,https://fbref.com/en/matches/2399a67b/LDU-de-Quito-Amarilla-SC-July-3-2016-Serie-A
Liga Profesional Ecuador,M,ECU,2016,1st,First stage,18,Sun,2016-07-03,11:30,Mushuc Runa,1.0,SD Aucas,4.0,488.0,Estadio Bellavista de Ambato,Daniel Salazar,,https://fbref.com/en/matches/65dffcf2/Mushuc-Runa-SD-Aucas-July-3-2016-Serie-A
Liga Profesional Ecuador,M,ECU,2016,1st,First stage,18,Sun,2016-07-03,16:30,Barcelona SC,6.0,Univ Católica,1.0,15522.0,Estadio Monumental Isidro Romero Carbo,Carlos Orbe,,https://fbref.com/en/matches/41028c50/Barcelona-SC-Univ-Catolica-July-3-2016-Serie-A
Liga Profesional Ecuador,M,ECU,2016,1st,First stage,19,Fri,2016-07-08,17:30,River Ecuador,2.0,LDU de Quito,2.0,12601.0,Estadio Modelo Alberto Spencer Herrera,Daniel Salazar,,https://fbref.com/en/matches/a14e510c/River-Ecuador-LDU-de-Quito-July-8-2016-Serie-A
Liga Profesional Ecuador,M,ECU,2016,1st,First stage,19,Fri,2016-07-08,20:00,CS Emelec,3.0,CD Cuenca,0.0,12601.0,Estadio Modelo Alberto Spencer Herrera,Roddy Zambrano,,https://fbref.com/en/matches/7ca5d6b2/CS-Emelec-CD-Cuenca-July-8-2016-Serie-A
Liga Profesional Ecuador,M,ECU,2016,1st,First stage,19,Sat,2016-07-09,12:00,Univ Católica,1.0,Mushuc Runa,1.0,106.0,Estadio Olímpico Atahualpa,Juan Albarracín,,https://fbref.com/en/matches/5cac1708/Univ-Catolica-Mushuc-Runa-July-9-2016-Serie-A
Liga Profesional Ecuador,M,ECU,2016,1st,First stage,19,Sat,2016-07-09,12:30,Delfín SC,3.0,El Nacional,1.0,3101.0,Estadio Reales Tamarindos,Vinício Espínel,,https://fbref.com/en/matches/9edc4855/Delfin-SC-El-Nacional-July-9-2016-Serie-A
Liga Profesional Ecuador,M,ECU,2016,1st,First stage,19,Sun,2016-07-10,11:30,Independiente,2.0,SD Aucas,0.0,1554.0,Estadio General Rumiñahui del Valle de L...,Carlos Orbe,,https://fbref.com/en/matches/a6bb07b8/Independiente-SD-Aucas-July-10-2016-Serie-A
Liga Profesional Ecuador,M,ECU,2016,1st,First stage,19,Sun,2016-07-10,15:00,Amarilla SC,0.0,Barcelona SC,2.0,13850.0,Estadio 9 de Mayo,Omar Ponce,,https://fbref.com/en/matches/4f6cb91d/Amarilla-SC-Barcelona-SC-July-10-2016-Serie-A
Liga Profesional Ecuador,M,ECU,2016,1st,First stage,20,Wed,2016-07-13,12:00,Mushuc Runa,0.0,Amarilla SC,2.0,174.0,Estadio Bellavista de Ambato,José Espinel,,https://fbref.com/en/matches/ca16a311/Mushuc-Runa-Amarilla-SC-July-13-2016-Serie-A
Liga Profesional Ecuador,M,ECU,2016,1st,First stage,20,Wed,2016-07-13,19:15,LDU de Quito,1.0,CS Emelec,0.0,6199.0,Estadio de Liga Deportiva Universitaria,Vinício Espínel,,https://fbref.com/en/matches/1e98f256/LDU-de-Quito-CS-Emelec-July-13-2016-Serie-A
Liga Profesional Ecuador,M,ECU,2016,1st,First stage,20,Wed,2016-07-13,19:30,SD Aucas,2.0,Univ Católica,3.0,2348.0,Estadio Gonzalo Pozo Ripalda,Guillermo Guerrero,,https://fbref.com/en/matches/59835350/SD-Aucas-Univ-Catolica-July-13-2016-Serie-A
Liga Profesional Ecuador,M,ECU,2016,1st,First stage,20,Wed,2016-07-13,19:45,Barcelona SC,2.0,River Ecuador,0.0,18581.0,Estadio Monumental Isidro Romero Carbo,Roddy Zambrano,,https://fbref.com/en/matches/05325ec0/Barcelona-SC-River-Ecuador-July-13-2016-Serie-A
Liga Profesional Ecuador,M,ECU,2016,1st,First stage,20,Wed,2016-07-13,20:00,CD Cuenca,1.0,Delfín SC,1.0,4109.0,Estadio Alejandro Serrano Aguilar,Samuel Haro,,https://fbref.com/en/matches/1643918a/CD-Cuenca-Delfin-SC-July-13-2016-Serie-A
Liga Profesional Ecuador,M,ECU,2016,1st,First stage,21,Sun,2016-07-17,11:15,El Nacional,3.0,CD Cuenca,3.0,2395.0,Estadio Olímpico Atahualpa,Mario Romero,,https://fbref.com/en/matches/99ca3ee4/El-Nacional-CD-Cuenca-July-17-2016-Serie-A
Liga Profesional Ecuador,M,ECU,2016,1st,First stage,21,Sun,2016-07-17,15:00,Delfín SC,0.0,Barcelona SC,2.0,15371.0,Estadio Reales Tamarindos,José Espinel,,https://fbref.com/en/matches/24dd7ed7/Delfin-SC-Barcelona-SC-July-17-2016-Serie-A
Liga Profesional Ecuador,M,ECU,2016,1st,First stage,21,Sun,2016-07-17,15:00,Amarilla SC,2.0,Univ Católica,2.0,606.0,Estadio 9 de Mayo,Diego Lara,,https://fbref.com/en/matches/654bbe3a/Amarilla-SC-Univ-Catolica-July-17-2016-Serie-A
Liga Profesional Ecuador,M,ECU,2016,1st,First stage,21,Sun,2016-07-17,18:00,CS Emelec,4.0,Mushuc Runa,0.0,8504.0,Estadio Modelo Alberto Spencer Herrera,Luis Quiroz,,https://fbref.com/en/matches/ccb43033/CS-Emelec-Mushuc-Runa-July-17-2016-Serie-A
Liga Profesional Ecuador,M,ECU,2016,1st,First stage,21,Sun,2016-07-17,19:00,Independiente,1.0,LDU de Quito,1.0,2852.0,Estadio General Rumiñahui del Valle de L...,Juan Macías,,https://fbref.com/en/matches/5d502d2f/Independiente-LDU-de-Quito-July-17-2016-Serie-A
Liga Profesional Ecuador,M,ECU,2016,1st,First stage,21,Mon,2016-07-18,12:00,River Ecuador,3.0,SD Aucas,0.0,8504.0,Estadio Modelo Alberto Spencer Herrera,Marlon Vera,,https://fbref.com/en/matches/bdf06cea/River-Ecuador-SD-Aucas-July-18-2016-Serie-A
Liga Profesional Ecuador,M,ECU,2016,1st,First stage,20,Wed,2016-07-20,11:15,El Nacional,5.0,Independiente,2.0,888.0,Estadio Gonzalo Pozo Ripalda,Samuel Haro,,https://fbref.com/en/matches/9c53eea4/El-Nacional-Independiente-July-20-2016-Serie-A
Liga Profesional Ecuador,M,ECU,2016,1st,First stage,9,Thu,2016-07-21,19:30,River Ecuador,0.0,CS Emelec,1.0,3564.0,Estadio Christian Benítez Betancourt,Omar Ponce,,https://fbref.com/en/matches/1b870752/River-Ecuador-CS-Emelec-July-21-2016-Serie-A
Liga Profesional Ecuador,M,ECU,2016,1st,First stage,22,Fri,2016-07-22,20:00,CD Cuenca,1.0,Independiente,0.0,3185.0,Estadio Alejandro Serrano Aguilar,Daniel Salazar,,https://fbref.com/en/matches/5bdd02d8/CD-Cuenca-Independiente-July-22-2016-Serie-A
Liga Profesional Ecuador,M,ECU,2016,1st,First stage,22,Sun,2016-07-24,11:30,LDU de Quito,1.0,Delfín SC,0.0,3233.0,Estadio de Liga Deportiva Universitaria,Juan Albarracín,,https://fbref.com/en/matches/290bc6a5/LDU-de-Quito-Delfin-SC-July-24-2016-Serie-A
Liga Profesional Ecuador,M,ECU,2016,1st,First stage,22,Sun,2016-07-24,12:00,SD Aucas,1.0,Amarilla SC,1.0,1289.0,Estadio Gonzalo Pozo Ripalda,José Zambrano,,https://fbref.com/en/matches/e70c6389/SD-Aucas-Amarilla-SC-July-24-2016-Serie-A
Liga Profesional Ecuador,M,ECU,2016,1st,First stage,22,Sun,2016-07-24,14:00,Mushuc Runa,0.0,River Ecuador,1.0,85.0,Estadio Bellavista de Ambato,Edgar Hinostroza,,https://fbref.com/en/matches/2773d79d/Mushuc-Runa-River-Ecuador-July-24-2016-Serie-A
Liga Profesional Ecuador,M,ECU,2016,1st,First stage,22,Sun,2016-07-24,14:15,Univ Católica,0.0,CS Emelec,0.0,2202.0,Estadio Olímpico Atahualpa,Roddy Zambrano,,https://fbref.com/en/matches/42791868/Univ-Catolica-CS-Emelec-July-24-2016-Serie-A
Liga Profesional Ecuador,M,ECU,2016,1st,First stage,22,Sun,2016-07-24,14:15,Barcelona SC,3.0,El Nacional,0.0,34063.0,Estadio Monumental Isidro Romero Carbo,Carlos Orbe,,https://fbref.com/en/matches/4c29a8bf/Barcelona-SC-El-Nacional-July-24-2016-Serie-A
Liga Profesional Ecuador,M,ECU,2016,1st,Second stage,1,Sun,2016-07-31,11:15,El Nacional,2.0,CD Cuenca,3.0,2870.0,Estadio General Rumiñahui del Valle de L...,Guillermo Guerrero,,https://fbref.com/en/matches/a5bf0788/El-Nacional-CD-Cuenca-July-31-2016-Serie-A
Liga Profesional Ecuador,M,ECU,2016,1st,Second stage,1,Sun,2016-07-31,12:00,SD Aucas,1.0,Barcelona SC,2.0,10680.0,Estadio Gonzalo Pozo Ripalda,Samuel Haro,,https://fbref.com/en/matches/1aa469e6/SD-Aucas-Barcelona-SC-July-31-2016-Serie-A
Liga Profesional Ecuador,M,ECU,2016,1st,Second stage,1,Sun,2016-07-31,12:00,Mushuc Runa,3.0,LDU de Quito,0.0,4928.0,Estadio Bellavista de Ambato,Omar Ponce,,https://fbref.com/en/matches/48804b5b/Mushuc-Runa-LDU-de-Quito-July-31-2016-Serie-A
Liga Profesional Ecuador,M,ECU,2016,1st,Second stage,1,Sun,2016-07-31,14:30,River Ecuador,3.0,Independiente,0.0,4599.0,Estadio Modelo Alberto Spencer Herrera,Vinício Espínel,,https://fbref.com/en/matches/7fdb26ba/River-Ecuador-Independiente-July-31-2016-Serie-A
Liga Profesional Ecuador,M,ECU,2016,1st,Second stage,1,Sun,2016-07-31,15:00,Amarilla SC,2.0,Univ Católica,0.0,811.0,Estadio 9 de Mayo,Mario Romero,,https://fbref.com/en/matches/6dcc9f41/Amarilla-SC-Univ-Catolica-July-31-2016-Serie-A
Liga Profesional Ecuador,M,ECU,2016,1st,Second stage,1,Sun,2016-07-31,18:30,CS Emelec,1.0,Delfín SC,0.0,4599.0,Estadio Modelo Alberto Spencer Herrera,Diego Lara,,https://fbref.com/en/matches/0881b59e/CS-Emelec-Delfin-SC-July-31-2016-Serie-A
Liga Profesional Ecuador,M,ECU,2016,1st,Second stage,2,Fri,2016-08-05,19:00,Univ Católica,1.0,CS Emelec,0.0,1024.0,Estadio Olímpico Atahualpa,Daniel Salazar,,https://fbref.com/en/matches/e93bcb3e/Univ-Catolica-CS-Emelec-August-5-2016-Serie-A
Liga Profesional Ecuador,M,ECU,2016,1st,Second stage,2,Fri,2016-08-05,19:45,Barcelona SC,3.0,Mushuc Runa,1.0,16814.0,Estadio Monumental Isidro Romero Carbo,Juan Albarracín,,https://fbref.com/en/matches/d6624fa4/Barcelona-SC-Mushuc-Runa-August-5-2016-Serie-A
Liga Profesional Ecuador,M,ECU,2016,1st,Second stage,2,Fri,2016-08-05,20:00,CD Cuenca,1.0,SD Aucas,1.0,6309.0,Estadio Alejandro Serrano Aguilar,Carlos Orbe,,https://fbref.com/en/matches/c2141f16/CD-Cuenca-SD-Aucas-August-5-2016-Serie-A
Liga Profesional Ecuador,M,ECU,2016,1st,Second stage,2,Sat,2016-08-06,16:00,Delfín SC,0.0,River Ecuador,0.0,255.0,Estadio Reales Tamarindos,Luis Quiroz,,https://fbref.com/en/matches/3309c5c7/Delfin-SC-River-Ecuador-August-6-2016-Serie-A
Liga Profesional Ecuador,M,ECU,2016,1st,Second stage,2,Sat,2016-08-06,17:00,Independiente,0.0,Amarilla SC,0.0,301.0,Estadio General Rumiñahui del Valle de L...,Edgar Hinostroza,,https://fbref.com/en/matches/5f9c7aa7/Independiente-Amarilla-SC-August-6-2016-Serie-A
Liga Profesional Ecuador,M,ECU,2016,1st,Second stage,2,Sun,2016-08-07,11:30,LDU de Quito,2.0,El Nacional,2.0,6836.0,Estadio de Liga Deportiva Universitaria,José Espinel,,https://fbref.com/en/matches/66ddf880/LDU-de-Quito-El-Nacional-August-7-2016-Serie-A
Liga Profesional Ecuador,M,ECU,2016,1st,Second stage,3,Sat,2016-08-13,16:00,Mushuc Runa,3.0,CD Cuenca,2.0,412.0,Estadio Bellavista de Ambato,Diego Lara,,https://fbref.com/en/matches/cc6a2aa3/Mushuc-Runa-CD-Cuenca-August-13-2016-Serie-A
Liga Profesional Ecuador,M,ECU,2016,1st,Second stage,3,Sat,2016-08-13,16:00,River Ecuador,0.0,LDU de Quito,1.0,2391.0,Estadio Christian Benítez Betancourt,Juan Macías,,https://fbref.com/en/matches/e046a657/River-Ecuador-LDU-de-Quito-August-13-2016-Serie-A
Liga Profesional Ecuador,M,ECU,2016,1st,Second stage,3,Sun,2016-08-14,11:15,El Nacional,2.0,SD Aucas,2.0,3977.0,Estadio Olímpico Atahualpa,Omar Ponce,,https://fbref.com/en/matches/1f0287b4/El-Nacional-SD-Aucas-August-14-2016-Serie-A
Liga Profesional Ecuador,M,ECU,2016,1st,Second stage,3,Sun,2016-08-14,11:30,Independiente,5.0,Univ Católica,0.0,243.0,Estadio General Rumiñahui del Valle de L...,Edgar Hinostroza,,https://fbref.com/en/matches/8d2e0028/Independiente-Univ-Catolica-August-14-2016-Serie-A
Liga Profesional Ecuador,M,ECU,2016,1st,Second stage,3,Sun,2016-08-14,15:00,Amarilla SC,2.0,Delfín SC,3.0,661.0,Estadio 9 de Mayo,Guillermo Guerrero,,https://fbref.com/en/matches/27289582/Amarilla-SC-Delfin-SC-August-14-2016-Serie-A
Liga Profesional Ecuador,M,ECU,2016,1st,Second stage,4,Fri,2016-08-19,20:00,CD Cuenca,3.0,River Ecuador,0.0,3975.0,Estadio Alejandro Serrano Aguilar,Daniel Salazar,,https://fbref.com/en/matches/884fd55d/CD-Cuenca-River-Ecuador-August-19-2016-Serie-A
Liga Profesional Ecuador,M,ECU,2016,1st,Second stage,4,Sat,2016-08-20,16:00,Delfín SC,1.0,Independiente,0.0,456.0,Estadio Reales Tamarindos,Mario Romero,,https://fbref.com/en/matches/661b3875/Delfin-SC-Independiente-August-20-2016-Serie-A
Liga Profesional Ecuador,M,ECU,2016,1st,Second stage,4,Sat,2016-08-20,17:00,LDU de Quito,2.0,CS Emelec,1.0,7484.0,Estadio de Liga Deportiva Universitaria,Carlos Vera,,https://fbref.com/en/matches/6f848c00/LDU-de-Quito-CS-Emelec-August-20-2016-Serie-A
Liga Profesional Ecuador,M,ECU,2016,1st,Second stage,4,Sun,2016-08-21,12:00,SD Aucas,0.0,Mushuc Runa,1.0,2112.0,Estadio Gonzalo Pozo Ripalda,Roberto Sánchez,,https://fbref.com/en/matches/92fad8b2/SD-Aucas-Mushuc-Runa-August-21-2016-Serie-A
Liga Profesional Ecuador,M,ECU,2016,1st,Second stage,4,Sun,2016-08-21,12:00,Univ Católica,0.0,El Nacional,0.0,891.0,Estadio Olímpico Atahualpa,Ángel Hidalgo,,https://fbref.com/en/matches/a61976cf/Univ-Catolica-El-Nacional-August-21-2016-Serie-A
Liga Profesional Ecuador,M,ECU,2016,1st,Second stage,4,Sun,2016-08-21,16:30,Barcelona SC,5.0,Amarilla SC,1.0,8451.0,Estadio Monumental Isidro Romero Carbo,Roddy Zambrano,,https://fbref.com/en/matches/d69d15d9/Barcelona-SC-Amarilla-SC-August-21-2016-Serie-A
Liga Profesional Ecuador,M,ECU,2016,1st,Second stage,5,Fri,2016-08-26,12:00,Univ Católica,1.0,Delfín SC,0.0,69.0,Estadio Olímpico Atahualpa,Juan Albarracín,,https://fbref.com/en/matches/c5281d45/Univ-Catolica-Delfin-SC-August-26-2016-Serie-A
Liga Profesional Ecuador,M,ECU,2016,1st,Second stage,5,Fri,2016-08-26,15:30,Amarilla SC,2.0,LDU de Quito,0.0,2809.0,Estadio 9 de Mayo,Luis Quiroz,,https://fbref.com/en/matches/0736fc2d/Amarilla-SC-LDU-de-Quito-August-26-2016-Serie-A
Liga Profesional Ecuador,M,ECU,2016,1st,Second stage,5,Fri,2016-08-26,19:00,Independiente,2.0,Barcelona SC,0.0,5266.0,Estadio General Rumiñahui del Valle de L...,Carlos Orbe,,https://fbref.com/en/matches/5608c3b6/Independiente-Barcelona-SC-August-26-2016-Serie-A
Liga Profesional Ecuador,M,ECU,2016,1st,Second stage,5,Fri,2016-08-26,19:30,CS Emelec,2.0,CD Cuenca,1.0,4579.0,Estadio Modelo Alberto Spencer Herrera,Omar Ponce,,https://fbref.com/en/matches/b42353c6/CS-Emelec-CD-Cuenca-August-26-2016-Serie-A
Liga Profesional Ecuador,M,ECU,2016,1st,Second stage,5,Sat,2016-08-27,16:00,Mushuc Runa,1.0,El Nacional,1.0,1538.0,Estadio Bellavista de Ambato,Sandro Vera,,https://fbref.com/en/matches/bf9144c1/Mushuc-Runa-El-Nacional-August-27-2016-Serie-A
Liga Profesional Ecuador,M,ECU,2016,1st,Second stage,5,Sat,2016-08-27,16:00,River Ecuador,1.0,SD Aucas,0.0,144.0,Estadio Christian Benítez Betancourt,Guillermo Guerrero,,https://fbref.com/en/matches/dfc1f964/River-Ecuador-SD-Aucas-August-27-2016-Serie-A
Liga Profesional Ecuador,M,ECU,2016,1st,Second stage,6,Fri,2016-09-02,20:00,CD Cuenca,3.0,Amarilla SC,2.0,4454.0,Estadio Alejandro Serrano Aguilar,Guillermo Guerrero,,https://fbref.com/en/matches/01ae15e4/CD-Cuenca-Amarilla-SC-September-2-2016-Serie-A
Liga Profesional Ecuador,M,ECU,2016,1st,Second stage,6,Sun,2016-09-04,11:15,El Nacional,2.0,River Ecuador,1.0,1252.0,Estadio Olímpico Atahualpa,Luis Quiroz,,https://fbref.com/en/matches/03233625/El-Nacional-River-Ecuador-September-4-2016-Serie-A
Liga Profesional Ecuador,M,ECU,2016,1st,Second stage,6,Sun,2016-09-04,11:30,Mushuc Runa,1.0,Delfín SC,0.0,270.0,Estadio Bellavista de Ambato,Omar Ponce,,https://fbref.com/en/matches/29d0c39e/Mushuc-Runa-Delfin-SC-September-4-2016-Serie-A
Liga Profesional Ecuador,M,ECU,2016,1st,Second stage,6,Sun,2016-09-04,12:00,SD Aucas,1.0,CS Emelec,3.0,3424.0,Estadio Gonzalo Pozo Ripalda,Diego Lara,,https://fbref.com/en/matches/baa0e177/SD-Aucas-CS-Emelec-September-4-2016-Serie-A
Liga Profesional Ecuador,M,ECU,2016,1st,Second stage,6,Sun,2016-09-04,16:30,Barcelona SC,3.0,Univ Católica,1.0,8826.0,Estadio Monumental Isidro Romero Carbo,Franklin Congo,,https://fbref.com/en/matches/3594b6a5/Barcelona-SC-Univ-Catolica-September-4-2016-Serie-A
Liga Profesional Ecuador,M,ECU,2016,1st,Second stage,7,Fri,2016-09-09,19:30,CS Emelec,2.0,El Nacional,2.0,3860.0,Estadio Modelo Alberto Spencer Herrera,Carlos Orbe,,https://fbref.com/en/matches/98b3dafd/CS-Emelec-El-Nacional-September-9-2016-Serie-A
Liga Profesional Ecuador,M,ECU,2016,1st,Second stage,7,Sat,2016-09-10,12:00,Univ Católica,0.0,LDU de Quito,1.0,2779.0,Estadio Olímpico Atahualpa,Roddy Zambrano,,https://fbref.com/en/matches/60496116/Univ-Catolica-LDU-de-Quito-September-10-2016-Serie-A
Liga Profesional Ecuador,M,ECU,2016,1st,Second stage,7,Sat,2016-09-10,15:00,Amarilla SC,1.0,SD Aucas,1.0,592.0,Estadio 9 de Mayo,José Espinel,,https://fbref.com/en/matches/7ee573c2/Amarilla-SC-SD-Aucas-September-10-2016-Serie-A
Liga Profesional Ecuador,M,ECU,2016,1st,Second stage,7,Sat,2016-09-10,16:00,River Ecuador,0.0,Mushuc Runa,0.0,176.0,Estadio Christian Benítez Betancourt,Mario Romero,,https://fbref.com/en/matches/00cd6764/River-Ecuador-Mushuc-Runa-September-10-2016-Serie-A
Liga Profesional Ecuador,M,ECU,2016,1st,Second stage,7,Sat,2016-09-10,17:00,Independiente,0.0,CD Cuenca,1.0,301.0,Estadio General Rumiñahui del Valle de L...,Manuel Carriel,,https://fbref.com/en/matches/0591fe65/Independiente-CD-Cuenca-September-10-2016-Serie-A
Liga Profesional Ecuador,M,ECU,2016,1st,Second stage,7,Sun,2016-09-11,15:00,Delfín SC,0.0,Barcelona SC,1.0,5511.0,Estadio Reales Tamarindos,Carlos Vera,,https://fbref.com/en/matches/d46de8da/Delfin-SC-Barcelona-SC-September-11-2016-Serie-A
Liga Profesional Ecuador,M,ECU,2016,1st,Second stage,6,Wed,2016-09-14,19:15,LDU de Quito,2.0,Independiente,1.0,3101.0,Estadio de Liga Deportiva Universitaria,Daniel Salazar,,https://fbref.com/en/matches/f7e1f4c0/LDU-de-Quito-Independiente-September-14-2016-Serie-A
Liga Profesional Ecuador,M,ECU,2016,1st,Second stage,8,Fri,2016-09-16,19:45,River Ecuador,0.0,Barcelona SC,1.0,9243.0,Estadio Christian Benítez Betancourt,Juan Albarracín,,https://fbref.com/en/matches/99cd4833/River-Ecuador-Barcelona-SC-September-16-2016-Serie-A
Liga Profesional Ecuador,M,ECU,2016,1st,Second stage,8,Fri,2016-09-16,20:00,CD Cuenca,0.0,Univ Católica,1.0,7523.0,Estadio Alejandro Serrano Aguilar,Diego Lara,,https://fbref.com/en/matches/3c0986c3/CD-Cuenca-Univ-Catolica-September-16-2016-Serie-A
Liga Profesional Ecuador,M,ECU,2016,1st,Second stage,8,Sat,2016-09-17,17:00,LDU de Quito,2.0,Delfín SC,1.0,4105.0,Estadio de Liga Deportiva Universitaria,Luis Quiroz,,https://fbref.com/en/matches/c10a4aac/LDU-de-Quito-Delfin-SC-September-17-2016-Serie-A
Liga Profesional Ecuador,M,ECU,2016,1st,Second stage,8,Sat,2016-09-17,19:00,SD Aucas,0.0,Independiente,2.0,2084.0,Estadio Gonzalo Pozo Ripalda,Edgar Hinostroza,,https://fbref.com/en/matches/f79fde0c/SD-Aucas-Independiente-September-17-2016-Serie-A
Liga Profesional Ecuador,M,ECU,2016,1st,Second stage,8,Sun,2016-09-18,11:15,El Nacional,0.0,Amarilla SC,0.0,2451.0,Estadio Olímpico Atahualpa,Roberto Alarcón,,https://fbref.com/en/matches/b8d392b9/El-Nacional-Amarilla-SC-September-18-2016-Serie-A
Liga Profesional Ecuador,M,ECU,2016,1st,Second stage,8,Sun,2016-09-18,12:00,Mushuc Runa,3.0,CS Emelec,0.0,2494.0,Estadio Bellavista de Ambato,Roddy Zambrano,,https://fbref.com/en/matches/c3f58b89/Mushuc-Runa-CS-Emelec-September-18-2016-Serie-A
Liga Profesional Ecuador,M,ECU,2016,1st,Second stage,9,Wed,2016-09-21,15:30,Amarilla SC,1.0,Mushuc Runa,2.0,980.0,Estadio 9 de Mayo,Daniel Salazar,,https://fbref.com/en/matches/68efb98a/Amarilla-SC-Mushuc-Runa-September-21-2016-Serie-A
Liga Profesional Ecuador,M,ECU,2016,1st,Second stage,9,Wed,2016-09-21,16:00,CS Emelec,5.0,River Ecuador,0.0,17880.0,Estadio Banco del Pacífico,José Espinel,,https://fbref.com/en/matches/dc527430/CS-Emelec-River-Ecuador-September-21-2016-Serie-A
Liga Profesional Ecuador,M,ECU,2016,1st,Second stage,9,Wed,2016-09-21,16:00,Delfín SC,2.0,CD Cuenca,2.0,87.0,Estadio Reales Tamarindos,Roddy Zambrano,,https://fbref.com/en/matches/f91cfefb/Delfin-SC-CD-Cuenca-September-21-2016-Serie-A
Liga Profesional Ecuador,M,ECU,2016,1st,Second stage,9,Wed,2016-09-21,19:00,Univ Católica,1.0,SD Aucas,1.0,456.0,Estadio Olímpico Atahualpa,Ángel Hidalgo,,https://fbref.com/en/matches/071cf589/Univ-Catolica-SD-Aucas-September-21-2016-Serie-A
Liga Profesional Ecuador,M,ECU,2016,1st,Second stage,9,Wed,2016-09-21,19:00,Independiente,0.0,El Nacional,1.0,1047.0,Estadio General Rumiñahui del Valle de L...,Guillermo Guerrero,,https://fbref.com/en/matches/abe2b342/Independiente-El-Nacional-September-21-2016-Serie-A
Liga Profesional Ecuador,M,ECU,2016,1st,Second stage,9,Wed,2016-09-21,19:45,Barcelona SC,2.0,LDU de Quito,0.0,31336.0,Estadio Monumental Isidro Romero Carbo,Omar Ponce,,https://fbref.com/en/matches/1cde5dd0/Barcelona-SC-LDU-de-Quito-September-21-2016-Serie-A
Liga Profesional Ecuador,M,ECU,2016,1st,Second stage,10,Sun,2016-09-25,11:15,El Nacional,5.0,Delfín SC,2.0,2066.0,Estadio Olímpico Atahualpa,Diego Lara,,https://fbref.com/en/matches/72102840/El-Nacional-Delfin-SC-September-25-2016-Serie-A
Liga Profesional Ecuador,M,ECU,2016,1st,Second stage,10,Sun,2016-09-25,11:30,CD Cuenca,0.0,Barcelona SC,1.0,14024.0,Estadio Alejandro Serrano Aguilar,Carlos Orbe,,https://fbref.com/en/matches/d834740f/CD-Cuenca-Barcelona-SC-September-25-2016-Serie-A
Liga Profesional Ecuador,M,ECU,2016,1st,Second stage,10,Sun,2016-09-25,12:00,SD Aucas,1.0,LDU de Quito,0.0,8701.0,Estadio Gonzalo Pozo Ripalda,Mario Romero,,https://fbref.com/en/matches/825862a6/SD-Aucas-LDU-de-Quito-September-25-2016-Serie-A
Liga Profesional Ecuador,M,ECU,2016,1st,Second stage,10,Sun,2016-09-25,13:15,Mushuc Runa,1.0,Univ Católica,1.0,637.0,Estadio Bellavista de Ambato,Jaime Sánchez,,https://fbref.com/en/matches/ec83c3b8/Mushuc-Runa-Univ-Catolica-September-25-2016-Serie-A
Liga Profesional Ecuador,M,ECU,2016,1st,Second stage,10,Sun,2016-09-25,16:00,River Ecuador,2.0,Amarilla SC,1.0,114.0,Estadio Christian Benítez Betancourt,Roddy Zambrano,,https://fbref.com/en/matches/37c4b16b/River-Ecuador-Amarilla-SC-September-25-2016-Serie-A
Liga Profesional Ecuador,M,ECU,2016,1st,Second stage,10,Sun,2016-09-25,16:00,CS Emelec,2.0,Independiente,1.0,30542.0,Estadio Banco del Pacífico,Juan Albarracín,,https://fbref.com/en/matches/f627c260/CS-Emelec-Independiente-September-25-2016-Serie-A
Liga Profesional Ecuador,M,ECU,2016,1st,Second stage,11,Fri,2016-09-30,15:30,Amarilla SC,0.0,CS Emelec,2.0,7855.0,Estadio 9 de Mayo,Carlos Orbe,,https://fbref.com/en/matches/5a20074f/Amarilla-SC-CS-Emelec-September-30-2016-Serie-A
Liga Profesional Ecuador,M,ECU,2016,1st,Second stage,11,Fri,2016-09-30,16:00,Delfín SC,1.0,SD Aucas,1.0,1525.0,Estadio Jocay,Omar Ponce,,https://fbref.com/en/matches/40b50ff2/Delfin-SC-SD-Aucas-September-30-2016-Serie-A
Liga Profesional Ecuador,M,ECU,2016,1st,Second stage,11,Fri,2016-09-30,19:00,Independiente,1.0,Mushuc Runa,0.0,373.0,Estadio General Rumiñahui del Valle de L...,Wilson Ávila,,https://fbref.com/en/matches/b8cc74cc/Independiente-Mushuc-Runa-September-30-2016-Serie-A
Liga Profesional Ecuador,M,ECU,2016,1st,Second stage,11,Fri,2016-09-30,19:00,Univ Católica,2.0,River Ecuador,1.0,37.0,Estadio Olímpico Atahualpa,José Zambrano,,https://fbref.com/en/matches/fa07c7b3/Univ-Catolica-River-Ecuador-September-30-2016-Serie-A
Liga Profesional Ecuador,M,ECU,2016,1st,Second stage,11,Fri,2016-09-30,19:30,LDU de Quito,1.0,CD Cuenca,2.0,2046.0,Estadio de Liga Deportiva Universitaria,José Espinel,,https://fbref.com/en/matches/79b7e36c/LDU-de-Quito-CD-Cuenca-September-30-2016-Serie-A
Liga Profesional Ecuador,M,ECU,2016,1st,Second stage,11,Fri,2016-09-30,19:45,Barcelona SC,1.0,El Nacional,0.0,17237.0,Estadio Monumental Isidro Romero Carbo,Daniel Salazar,,https://fbref.com/en/matches/d541a7d2/Barcelona-SC-El-Nacional-September-30-2016-Serie-A
Liga Profesional Ecuador,M,ECU,2016,1st,Second stage,12,Fri,2016-10-07,20:00,CD Cuenca,0.0,LDU de Quito,0.0,8648.0,Estadio Alejandro Serrano Aguilar,Guillermo Guerrero,,https://fbref.com/en/matches/c8098a47/CD-Cuenca-LDU-de-Quito-October-7-2016-Serie-A
Liga Profesional Ecuador,M,ECU,2016,1st,Second stage,12,Sat,2016-10-08,16:00,River Ecuador,3.0,Univ Católica,0.0,83.0,Estadio Christian Benítez Betancourt,Mario Romero,,https://fbref.com/en/matches/7dd873c1/River-Ecuador-Univ-Catolica-October-8-2016-Serie-A
Liga Profesional Ecuador,M,ECU,2016,1st,Second stage,12,Sun,2016-10-09,12:00,SD Aucas,1.0,Delfín SC,1.0,3874.0,Estadio Gonzalo Pozo Ripalda,Daniel Salazar,,https://fbref.com/en/matches/4678cfa7/SD-Aucas-Delfin-SC-October-9-2016-Serie-A
Liga Profesional Ecuador,M,ECU,2016,1st,Second stage,12,Sun,2016-10-09,16:00,CS Emelec,3.0,Amarilla SC,1.0,21874.0,Estadio Banco del Pacífico,Diego Lara,,https://fbref.com/en/matches/eca50c71/CS-Emelec-Amarilla-SC-October-9-2016-Serie-A
Liga Profesional Ecuador,M,ECU,2016,1st,Second stage,13,Sat,2016-10-15,12:00,Univ Católica,6.0,Mushuc Runa,1.0,115.0,Estadio Olímpico Atahualpa,Edgar Hinostroza,,https://fbref.com/en/matches/b9243917/Univ-Catolica-Mushuc-Runa-October-15-2016-Serie-A
Liga Profesional Ecuador,M,ECU,2016,1st,Second stage,13,Sat,2016-10-15,15:00,Delfín SC,5.0,El Nacional,0.0,1477.0,Estadio Jocay,Luis Quiroz,,https://fbref.com/en/matches/6a7d433c/Delfin-SC-El-Nacional-October-15-2016-Serie-A
Liga Profesional Ecuador,M,ECU,2016,1st,Second stage,13,Sat,2016-10-15,15:00,Amarilla SC,2.0,River Ecuador,1.0,534.0,Estadio 9 de Mayo,Samuel Haro,,https://fbref.com/en/matches/fa48e21f/Amarilla-SC-River-Ecuador-October-15-2016-Serie-A
Liga Profesional Ecuador,M,ECU,2016,1st,Second stage,13,Sat,2016-10-15,16:30,Barcelona SC,5.0,CD Cuenca,0.0,15562.0,Estadio Monumental Isidro Romero Carbo,José Zambrano,,https://fbref.com/en/matches/d653f61e/Barcelona-SC-CD-Cuenca-October-15-2016-Serie-A
Liga Profesional Ecuador,M,ECU,2016,1st,Second stage,13,Sat,2016-10-15,17:00,LDU de Quito,2.0,SD Aucas,0.0,4466.0,Estadio de Liga Deportiva Universitaria,Diego Lara,,https://fbref.com/en/matches/9976b882/LDU-de-Quito-SD-Aucas-October-15-2016-Serie-A
Liga Profesional Ecuador,M,ECU,2016,1st,Second stage,13,Sat,2016-10-15,17:00,Independiente,0.0,CS Emelec,3.0,2015.0,Estadio General Rumiñahui del Valle de L...,Vinício Espínel,,https://fbref.com/en/matches/f7a20980/Independiente-CS-Emelec-October-15-2016-Serie-A
Liga Profesional Ecuador,M,ECU,2016,1st,Second stage,14,Wed,2016-10-19,12:00,Mushuc Runa,1.0,Amarilla SC,1.0,212.0,Estadio Bellavista de Ambato,Omar Ponce,,https://fbref.com/en/matches/b7d52a39/Mushuc-Runa-Amarilla-SC-October-19-2016-Serie-A
Liga Profesional Ecuador,M,ECU,2016,1st,Second stage,14,Wed,2016-10-19,19:00,SD Aucas,2.0,Univ Católica,0.0,1499.0,Estadio Gonzalo Pozo Ripalda,José Espinel,,https://fbref.com/en/matches/0572bb70/SD-Aucas-Univ-Catolica-October-19-2016-Serie-A
Liga Profesional Ecuador,M,ECU,2016,1st,Second stage,14,Wed,2016-10-19,19:15,LDU de Quito,1.0,Barcelona SC,1.0,21654.0,Estadio de Liga Deportiva Universitaria,Roddy Zambrano,,https://fbref.com/en/matches/21b65833/LDU-de-Quito-Barcelona-SC-October-19-2016-Serie-A
Liga Profesional Ecuador,M,ECU,2016,1st,Second stage,14,Wed,2016-10-19,19:15,River Ecuador,0.0,CS Emelec,2.0,7718.0,Estadio Christian Benítez Betancourt,Daniel Salazar,,https://fbref.com/en/matches/255890c3/River-Ecuador-CS-Emelec-October-19-2016-Serie-A
Liga Profesional Ecuador,M,ECU,2016,1st,Second stage,14,Wed,2016-10-19,19:30,El Nacional,2.0,Independiente,1.0,1398.0,Estadio Olímpico Atahualpa,Juan Albarracín,,https://fbref.com/en/matches/d0821901/El-Nacional-Independiente-October-19-2016-Serie-A
Liga Profesional Ecuador,M,ECU,2016,1st,Second stage,14,Wed,2016-10-19,20:00,CD Cuenca,3.0,Delfín SC,1.0,3521.0,Estadio Alejandro Serrano Aguilar,Sandro Vera,,https://fbref.com/en/matches/864f9603/CD-Cuenca-Delfin-SC-October-19-2016-Serie-A
Liga Profesional Ecuador,M,ECU,2016,1st,Second stage,15,Sat,2016-10-22,16:00,CS Emelec,3.0,Mushuc Runa,2.0,19713.0,Estadio Banco del Pacífico,Luis Quiroz,,https://fbref.com/en/matches/5a8edcc6/CS-Emelec-Mushuc-Runa-October-22-2016-Serie-A
Liga Profesional Ecuador,M,ECU,2016,1st,Second stage,15,Sat,2016-10-22,18:00,Barcelona SC,1.0,River Ecuador,0.0,14679.0,Estadio Monumental Isidro Romero Carbo,Edgar Hinostroza,,https://fbref.com/en/matches/bb5af48a/Barcelona-SC-River-Ecuador-October-22-2016-Serie-A
Liga Profesional Ecuador,M,ECU,2016,1st,Second stage,15,Sun,2016-10-23,11:00,Independiente,1.0,SD Aucas,1.0,1498.0,Estadio General Rumiñahui del Valle de L...,José Zambrano,,https://fbref.com/en/matches/111482f0/Independiente-SD-Aucas-October-23-2016-Serie-A
Liga Profesional Ecuador,M,ECU,2016,1st,Second stage,15,Sun,2016-10-23,12:00,Delfín SC,0.0,LDU de Quito,1.0,4000.0,Estadio Jocay,Carlos Orbe,,https://fbref.com/en/matches/5d5c5a60/Delfin-SC-LDU-de-Quito-October-23-2016-Serie-A
Liga Profesional Ecuador,M,ECU,2016,1st,Second stage,15,Sun,2016-10-23,12:00,Univ Católica,3.0,CD Cuenca,2.0,199.0,Estadio Olímpico Atahualpa,Diego Lara,,https://fbref.com/en/matches/67364afc/Univ-Catolica-CD-Cuenca-October-23-2016-Serie-A
Liga Profesional Ecuador,M,ECU,2016,1st,Second stage,15,Sun,2016-10-23,15:00,Amarilla SC,2.0,El Nacional,0.0,1822.0,Estadio 9 de Mayo,Guillermo Guerrero,,https://fbref.com/en/matches/dffbf2e6/Amarilla-SC-El-Nacional-October-23-2016-Serie-A
Liga Profesional Ecuador,M,ECU,2016,1st,Second stage,3,Wed,2016-10-26,16:00,CS Emelec,0.0,Barcelona SC,1.0,27599.0,Estadio Banco del Pacífico,Omar Ponce,,https://fbref.com/en/matches/c888b379/CS-Emelec-Barcelona-SC-October-26-2016-Serie-A
Liga Profesional Ecuador,M,ECU,2016,1st,Second stage,12,Wed,2016-10-26,16:00,Mushuc Runa,1.0,Independiente,3.0,261.0,Estadio Bellavista de Ambato,Daniel Salazar,,https://fbref.com/en/matches/640c7f76/Mushuc-Runa-Independiente-October-26-2016-Serie-A
Liga Profesional Ecuador,M,ECU,2016,1st,Second stage,16,Sat,2016-10-29,12:00,SD Aucas,5.0,Amarilla SC,0.0,3358.0,Estadio Gonzalo Pozo Ripalda,Mario Romero,,https://fbref.com/en/matches/7707a463/SD-Aucas-Amarilla-SC-October-29-2016-Serie-A
Liga Profesional Ecuador,M,ECU,2016,1st,Second stage,16,Sat,2016-10-29,16:00,LDU de Quito,2.0,Univ Católica,2.0,2842.0,Estadio de Liga Deportiva Universitaria,Guillermo Guerrero,,https://fbref.com/en/matches/4fcd12c3/LDU-de-Quito-Univ-Catolica-October-29-2016-Serie-A
Liga Profesional Ecuador,M,ECU,2016,1st,Second stage,16,Sun,2016-10-30,11:15,El Nacional,1.0,CS Emelec,2.0,5159.0,Estadio Olímpico Atahualpa,Roddy Zambrano,,https://fbref.com/en/matches/91a3d483/El-Nacional-CS-Emelec-October-30-2016-Serie-A
Liga Profesional Ecuador,M,ECU,2016,1st,Second stage,16,Sun,2016-10-30,11:30,CD Cuenca,0.0,Independiente,1.0,4344.0,Estadio Alejandro Serrano Aguilar,Samuel Haro,,https://fbref.com/en/matches/bd90b03c/CD-Cuenca-Independiente-October-30-2016-Serie-A
Liga Profesional Ecuador,M,ECU,2016,1st,Second stage,16,Sun,2016-10-30,12:00,Mushuc Runa,0.0,River Ecuador,2.0,143.0,Estadio Bellavista de Ambato,Vinício Espínel,,https://fbref.com/en/matches/2cd9d95d/Mushuc-Runa-River-Ecuador-October-30-2016-Serie-A
Liga Profesional Ecuador,M,ECU,2016,1st,Second stage,16,Sun,2016-10-30,17:00,Barcelona SC,3.0,Delfín SC,0.0,21891.0,Estadio Monumental Isidro Romero Carbo,Diego Lara,,https://fbref.com/en/matches/b5963cd4/Barcelona-SC-Delfin-SC-October-30-2016-Serie-A
Liga Profesional Ecuador,M,ECU,2016,1st,Second stage,17,Fri,2016-11-04,12:00,Univ Católica,1.0,Barcelona SC,1.0,23278.0,Estadio Olímpico Atahualpa,Luis Quiroz,,https://fbref.com/en/matches/eb987ef5/Univ-Catolica-Barcelona-SC-November-4-2016-Serie-A
Liga Profesional Ecuador,M,ECU,2016,1st,Second stage,17,Fri,2016-11-04,15:30,Amarilla SC,3.0,CD Cuenca,0.0,1049.0,Estadio 9 de Mayo,Daniel Salazar,,https://fbref.com/en/matches/13140c05/Amarilla-SC-CD-Cuenca-November-4-2016-Serie-A
Liga Profesional Ecuador,M,ECU,2016,1st,Second stage,17,Fri,2016-11-04,15:30,River Ecuador,1.0,El Nacional,2.0,389.0,Estadio Christian Benítez Betancourt,José Zambrano,,https://fbref.com/en/matches/f14a612b/River-Ecuador-El-Nacional-November-4-2016-Serie-A
Liga Profesional Ecuador,M,ECU,2016,1st,Second stage,17,Fri,2016-11-04,16:00,Independiente,1.0,LDU de Quito,1.0,3013.0,Estadio General Rumiñahui del Valle de L...,José Espinel,,https://fbref.com/en/matches/51440fbd/Independiente-LDU-de-Quito-November-4-2016-Serie-A
Liga Profesional Ecuador,M,ECU,2016,1st,Second stage,17,Fri,2016-11-04,16:00,CS Emelec,2.0,SD Aucas,1.0,15209.0,Estadio Banco del Pacífico,Edgar Hinostroza,,https://fbref.com/en/matches/8113b909/CS-Emelec-SD-Aucas-November-4-2016-Serie-A
Liga Profesional Ecuador,M,ECU,2016,1st,Second stage,17,Sat,2016-11-05,15:00,Delfín SC,2.0,Mushuc Runa,1.0,4000.0,Estadio Jocay,Samuel Haro,,https://fbref.com/en/matches/431aa775/Delfin-SC-Mushuc-Runa-November-5-2016-Serie-A
Liga Profesional Ecuador,M,ECU,2016,1st,Second stage,18,Fri,2016-11-11,19:00,El Nacional,2.0,Mushuc Runa,1.0,1127.0,Estadio Olímpico Atahualpa,Diego Lara,,https://fbref.com/en/matches/3f265cc0/El-Nacional-Mushuc-Runa-November-11-2016-Serie-A
Liga Profesional Ecuador,M,ECU,2016,1st,Second stage,18,Sat,2016-11-12,17:00,LDU de Quito,1.0,Amarilla SC,1.0,1813.0,Estadio de Liga Deportiva Universitaria,Juan Albarracín,,https://fbref.com/en/matches/2e5d0466/LDU-de-Quito-Amarilla-SC-November-12-2016-Serie-A
Liga Profesional Ecuador,M,ECU,2016,1st,Second stage,18,Sun,2016-11-13,12:00,Delfín SC,3.0,Univ Católica,1.0,3200.0,Estadio Jocay,Vinício Espínel,,https://fbref.com/en/matches/0a9a0368/Delfin-SC-Univ-Catolica-November-13-2016-Serie-A
Liga Profesional Ecuador,M,ECU,2016,1st,Second stage,18,Sun,2016-11-13,12:00,SD Aucas,3.0,River Ecuador,1.0,4474.0,Estadio Gonzalo Pozo Ripalda,Omar Ponce,,https://fbref.com/en/matches/dcf58c97/SD-Aucas-River-Ecuador-November-13-2016-Serie-A
Liga Profesional Ecuador,M,ECU,2016,1st,Second stage,12,Wed,2016-11-16,19:30,El Nacional,0.0,Barcelona SC,1.0,29956.0,Estadio Olímpico Atahualpa,José Espinel,,https://fbref.com/en/matches/afd550f0/El-Nacional-Barcelona-SC-November-16-2016-Serie-A
Liga Profesional Ecuador,M,ECU,2016,1st,Second stage,19,Sat,2016-11-19,12:00,River Ecuador,2.0,CD Cuenca,1.0,140.0,Estadio Christian Benítez Betancourt,Guillermo Guerrero,,https://fbref.com/en/matches/c267dfb4/River-Ecuador-CD-Cuenca-November-19-2016-Serie-A
Liga Profesional Ecuador,M,ECU,2016,1st,Second stage,19,Sat,2016-11-19,16:00,CS Emelec,3.0,LDU de Quito,0.0,18341.0,Estadio Banco del Pacífico,José Zambrano,,https://fbref.com/en/matches/71d37374/CS-Emelec-LDU-de-Quito-November-19-2016-Serie-A
Liga Profesional Ecuador,M,ECU,2016,1st,Second stage,19,Sat,2016-11-19,17:00,Independiente,2.0,Delfín SC,1.0,166.0,Estadio General Rumiñahui del Valle de L...,Luis Quiroz,,https://fbref.com/en/matches/e9a25f90/Independiente-Delfin-SC-November-19-2016-Serie-A
Liga Profesional Ecuador,M,ECU,2016,1st,Second stage,19,Sun,2016-11-20,11:15,El Nacional,1.0,Univ Católica,2.0,1562.0,Estadio Olímpico Atahualpa,Mario Romero,,https://fbref.com/en/matches/0e0da401/El-Nacional-Univ-Catolica-November-20-2016-Serie-A
Liga Profesional Ecuador,M,ECU,2016,1st,Second stage,19,Sun,2016-11-20,12:00,Mushuc Runa,2.0,SD Aucas,0.0,2647.0,Estadio Bellavista de Ambato,Carlos Orbe,,https://fbref.com/en/matches/72db5be7/Mushuc-Runa-SD-Aucas-November-20-2016-Serie-A
Liga Profesional Ecuador,M,ECU,2016,1st,Second stage,19,Sun,2016-11-20,15:00,Amarilla SC,1.0,Barcelona SC,1.0,10080.0,Estadio 9 de Mayo,Samuel Haro,,https://fbref.com/en/matches/5566d8b1/Amarilla-SC-Barcelona-SC-November-20-2016-Serie-A
Liga Profesional Ecuador,M,ECU,2016,1st,Second stage,18,Wed,2016-11-23,20:00,CD Cuenca,2.0,CS Emelec,2.0,7739.0,Estadio Alejandro Serrano Aguilar,Carlos Orbe,,https://fbref.com/en/matches/3454377b/CD-Cuenca-CS-Emelec-November-23-2016-Serie-A
Liga Profesional Ecuador,M,ECU,2016,1st,Second stage,18,Wed,2016-11-23,20:00,Barcelona SC,1.0,Independiente,0.0,22830.0,Estadio Monumental Isidro Romero Carbo,Daniel Salazar,,https://fbref.com/en/matches/8595f59b/Barcelona-SC-Independiente-November-23-2016-Serie-A
Liga Profesional Ecuador,M,ECU,2016,1st,Second stage,20,Sat,2016-11-26,16:00,Delfín SC,0.0,Amarilla SC,1.0,2200.0,Estadio Jocay,Roddy Zambrano,,https://fbref.com/en/matches/412355b7/Delfin-SC-Amarilla-SC-November-26-2016-Serie-A
Liga Profesional Ecuador,M,ECU,2016,1st,Second stage,20,Sat,2016-11-26,17:00,LDU de Quito,1.0,River Ecuador,0.0,1878.0,Estadio de Liga Deportiva Universitaria,Diego Lara,,https://fbref.com/en/matches/29776bbf/LDU-de-Quito-River-Ecuador-November-26-2016-Serie-A
Liga Profesional Ecuador,M,ECU,2016,1st,Second stage,20,Sat,2016-11-26,19:00,CD Cuenca,3.0,Mushuc Runa,1.0,3312.0,Estadio Alejandro Serrano Aguilar,José Espinel,,https://fbref.com/en/matches/7cb0ee17/CD-Cuenca-Mushuc-Runa-November-26-2016-Serie-A
Liga Profesional Ecuador,M,ECU,2016,1st,Second stage,20,Sun,2016-11-27,12:00,Univ Católica,3.0,Independiente,1.0,170.0,Estadio Olímpico Atahualpa,Edgar Hinostroza,,https://fbref.com/en/matches/01d4d05a/Univ-Catolica-Independiente-November-27-2016-Serie-A
Liga Profesional Ecuador,M,ECU,2016,1st,Second stage,20,Sun,2016-11-27,12:00,SD Aucas,0.0,El Nacional,0.0,7339.0,Estadio Gonzalo Pozo Ripalda,Daniel Salazar,,https://fbref.com/en/matches/f93dc33b/SD-Aucas-El-Nacional-November-27-2016-Serie-A
Liga Profesional Ecuador,M,ECU,2016,1st,Second stage,20,Sun,2016-11-27,17:00,Barcelona SC,1.0,CS Emelec,2.0,43689.0,Estadio Monumental Isidro Romero Carbo,Omar Ponce,,https://fbref.com/en/matches/ff45ebb8/Barcelona-SC-CS-Emelec-November-27-2016-Serie-A
Liga Profesional Ecuador,M,ECU,2016,1st,Second stage,21,Sun,2016-12-04,12:00,SD Aucas,1.0,CD Cuenca,0.0,2649.0,Estadio Gonzalo Pozo Ripalda,Roddy Zambrano,,https://fbref.com/en/matches/1bf2b49b/SD-Aucas-CD-Cuenca-December-4-2016-Serie-A
Liga Profesional Ecuador,M,ECU,2016,1st,Second stage,21,Sun,2016-12-04,12:00,El Nacional,5.0,LDU de Quito,0.0,19037.0,Estadio Olímpico Atahualpa,Carlos Orbe,,https://fbref.com/en/matches/2979d6f3/El-Nacional-LDU-de-Quito-December-4-2016-Serie-A
Liga Profesional Ecuador,M,ECU,2016,1st,Second stage,21,Sun,2016-12-04,12:00,Mushuc Runa,2.0,Barcelona SC,4.0,11200.0,Estadio Bellavista de Ambato,Juan Albarracín,,https://fbref.com/en/matches/2eef766e/Mushuc-Runa-Barcelona-SC-December-4-2016-Serie-A
Liga Profesional Ecuador,M,ECU,2016,1st,Second stage,21,Sun,2016-12-04,12:00,CS Emelec,1.0,Univ Católica,1.0,20376.0,Estadio Banco del Pacífico,Luis Quiroz,,https://fbref.com/en/matches/53779cd5/CS-Emelec-Univ-Catolica-December-4-2016-Serie-A
Liga Profesional Ecuador,M,ECU,2016,1st,Second stage,21,Sun,2016-12-04,12:00,River Ecuador,0.0,Delfín SC,1.0,89.0,Estadio Christian Benítez Betancourt,Omar Ponce,,https://fbref.com/en/matches/d5ab1b27/River-Ecuador-Delfin-SC-December-4-2016-Serie-A
Liga Profesional Ecuador,M,ECU,2016,1st,Second stage,21,Sun,2016-12-04,12:00,Amarilla SC,1.0,Independiente,2.0,243.0,Estadio 9 de Mayo,Diego Lara,,https://fbref.com/en/matches/ed31432f/Amarilla-SC-Independiente-December-4-2016-Serie-A
Liga Profesional Ecuador,M,ECU,2016,1st,Second stage,22,Sat,2016-12-10,16:00,Univ Católica,2.0,Amarilla SC,2.0,74.0,Estadio Olímpico Atahualpa,Guillermo Guerrero,,https://fbref.com/en/matches/09cb1871/Univ-Catolica-Amarilla-SC-December-10-2016-Serie-A
Liga Profesional Ecuador,M,ECU,2016,1st,Second stage,22,Sat,2016-12-10,16:00,LDU de Quito,1.0,Mushuc Runa,2.0,2509.0,Estadio de Liga Deportiva Universitaria,Roddy Zambrano,,https://fbref.com/en/matches/19034b56/LDU-de-Quito-Mushuc-Runa-December-10-2016-Serie-A
Liga Profesional Ecuador,M,ECU,2016,1st,Second stage,22,Sat,2016-12-10,16:00,Independiente,3.0,River Ecuador,2.0,193.0,Estadio General Rumiñahui del Valle de L...,José Zambrano,,https://fbref.com/en/matches/1e75b2dd/Independiente-River-Ecuador-December-10-2016-Serie-A
Liga Profesional Ecuador,M,ECU,2016,1st,Second stage,22,Sat,2016-12-10,16:00,CD Cuenca,1.0,El Nacional,1.0,3309.0,Estadio Alejandro Serrano Aguilar,Omar Ponce,,https://fbref.com/en/matches/2138c0d9/CD-Cuenca-El-Nacional-December-10-2016-Serie-A
Liga Profesional Ecuador,M,ECU,2016,1st,Second stage,22,Sat,2016-12-10,16:00,Delfín SC,4.0,CS Emelec,3.0,1810.0,Estadio Jocay,Daniel Salazar,,https://fbref.com/en/matches/c5decd61/Delfin-SC-CS-Emelec-December-10-2016-Serie-A
Liga Profesional Ecuador,M,ECU,2016,1st,Second stage,22,Sat,2016-12-10,16:00,Barcelona SC,3.0,SD Aucas,3.0,31194.0,Estadio Monumental Isidro Romero Carbo,José Espinel,,https://fbref.com/en/matches/cb6b6dfc/Barcelona-SC-SD-Aucas-December-10-2016-Serie-A
Liga Profesional Ecuador,M,ECU,2017,1st,First stage,1,Sun,2017-01-29,11:30,Clan Juvenil,0.0,LDU de Quito,0.0,4482.0,Estadio General Rumiñahui del Valle de L...,Franklin Congo,,https://fbref.com/en/matches/a33e1e4e/Clan-Juvenil-LDU-de-Quito-January-29-2017-Serie-A
Liga Profesional Ecuador,M,ECU,2017,1st,First stage,1,Sun,2017-01-29,11:30,CD Cuenca,1.0,Barcelona SC,1.0,13.0,Estadio Alejandro Serrano Aguilar,Jhon Álvarez,,https://fbref.com/en/matches/ca292ed9/CD-Cuenca-Barcelona-SC-January-29-2017-Serie-A
Liga Profesional Ecuador,M,ECU,2017,1st,First stage,1,Sun,2017-01-29,12:00,Macará,0.0,Amarilla SC,0.0,3.0,Estadio Bellavista de Ambato,Jefferson Macias,,https://fbref.com/en/matches/2cd0c6c8/Macara-Amarilla-SC-January-29-2017-Serie-A
Liga Profesional Ecuador,M,ECU,2017,1st,First stage,1,Sun,2017-01-29,15:00,Delfín SC,0.0,Guayaquil City,0.0,900.0,Estadio Jocay,Sandro Vera,,https://fbref.com/en/matches/c66474af/Delfin-SC-Guayaquil-City-January-29-2017-Serie-A
Liga Profesional Ecuador,M,ECU,2017,1st,First stage,1,Sun,2017-01-29,17:00,CS Emelec,2.0,Univ Católica,2.0,14.0,Estadio Modelo Alberto Spencer Herrera,Juan Bravo,,https://fbref.com/en/matches/7f15ae80/CS-Emelec-Univ-Catolica-January-29-2017-Serie-A
Liga Profesional Ecuador,M,ECU,2017,1st,First stage,2,Sat,2017-02-04,12:00,Univ Católica,5.0,Clan Juvenil,1.0,309.0,Estadio Olímpico Atahualpa,Luis Albarracin,,https://fbref.com/en/matches/8666a667/Univ-Catolica-Clan-Juvenil-February-4-2017-Serie-A
Liga Profesional Ecuador,M,ECU,2017,1st,First stage,2,Sat,2017-02-04,16:00,Amarilla SC,3.0,El Nacional,0.0,1588.0,Estadio 9 de Mayo,Marlon Vera,,https://fbref.com/en/matches/e4cf83e6/Amarilla-SC-El-Nacional-February-4-2017-Serie-A
Liga Profesional Ecuador,M,ECU,2017,1st,First stage,2,Sat,2017-02-04,18:00,Guayaquil City,0.0,CS Emelec,0.0,6.0,Estadio Christian Benítez Betancourt,Franklin Congo,,https://fbref.com/en/matches/0c019fe6/Guayaquil-City-CS-Emelec-February-4-2017-Serie-A
Liga Profesional Ecuador,M,ECU,2017,1st,First stage,2,Sun,2017-02-05,11:30,LDU de Quito,0.0,Delfín SC,2.0,17.0,Estadio de Liga Deportiva Universitaria,Jhon Álvarez,,https://fbref.com/en/matches/1839cb59/LDU-de-Quito-Delfin-SC-February-5-2017-Serie-A
Liga Profesional Ecuador,M,ECU,2017,1st,First stage,2,Sun,2017-02-05,16:00,Independiente,1.0,CD Cuenca,0.0,339.0,Estadio General Rumiñahui del Valle de L...,Jefferson Macias,,https://fbref.com/en/matches/9b11dbc9/Independiente-CD-Cuenca-February-5-2017-Serie-A
Liga Profesional Ecuador,M,ECU,2017,1st,First stage,2,Mon,2017-02-06,12:00,Barcelona SC,1.0,Macará,1.0,12.0,Estadio Monumental Isidro Romero Carbo,Juan Bravo,,https://fbref.com/en/matches/ac10a874/Barcelona-SC-Macara-February-6-2017-Serie-A
Liga Profesional Ecuador,M,ECU,2017,1st,First stage,3,Fri,2017-02-10,19:00,El Nacional,1.0,Univ Católica,1.0,1299.0,Estadio Gonzalo Pozo Ripalda,Jaime Sánchez,,https://fbref.com/en/matches/32918384/El-Nacional-Univ-Catolica-February-10-2017-Serie-A
Liga Profesional Ecuador,M,ECU,2017,1st,First stage,3,Sun,2017-02-12,11:30,CD Cuenca,1.0,Amarilla SC,0.0,4.0,Estadio Alejandro Serrano Aguilar,Nestor Salazar,,https://fbref.com/en/matches/dd70b0f9/CD-Cuenca-Amarilla-SC-February-12-2017-Serie-A
Liga Profesional Ecuador,M,ECU,2017,1st,First stage,3,Sun,2017-02-12,12:00,Clan Juvenil,0.0,Macará,2.0,875.0,Estadio General Rumiñahui del Valle de L...,Wilson Ávila,,https://fbref.com/en/matches/3ae64ef9/Clan-Juvenil-Macara-February-12-2017-Serie-A
Liga Profesional Ecuador,M,ECU,2017,1st,First stage,3,Sun,2017-02-12,15:00,Delfín SC,1.0,Barcelona SC,0.0,100.0,Estadio Reales Tamarindos,Luis Albarracin,,https://fbref.com/en/matches/42ac6dce/Delfin-SC-Barcelona-SC-February-12-2017-Serie-A
Liga Profesional Ecuador,M,ECU,2017,1st,First stage,3,Sun,2017-02-12,16:30,CS Emelec,2.0,LDU de Quito,0.0,25.0,Estadio Banco del Pacífico,Daniel Salazar,,https://fbref.com/en/matches/71d31d4b/CS-Emelec-LDU-de-Quito-February-12-2017-Serie-A
Liga Profesional Ecuador,M,ECU,2017,1st,First stage,3,Mon,2017-02-13,20:00,Guayaquil City,0.0,Independiente,0.0,385.0,Estadio Christian Benítez Betancourt,Mario Romero,,https://fbref.com/en/matches/8c27dff9/Guayaquil-City-Independiente-February-13-2017-Serie-A
Liga Profesional Ecuador,M,ECU,2017,1st,First stage,4,Fri,2017-02-24,14:00,Amarilla SC,1.0,Clan Juvenil,1.0,149.0,Estadio 9 de Mayo,Jefferson Macias,,https://fbref.com/en/matches/b787a9e9/Amarilla-SC-Clan-Juvenil-February-24-2017-Serie-A
Liga Profesional Ecuador,M,ECU,2017,1st,First stage,4,Fri,2017-02-24,19:30,LDU de Quito,4.0,Guayaquil City,0.0,5.0,Estadio de Liga Deportiva Universitaria,Juan Bravo,,https://fbref.com/en/matches/823871b0/LDU-de-Quito-Guayaquil-City-February-24-2017-Serie-A
Liga Profesional Ecuador,M,ECU,2017,1st,First stage,4,Sat,2017-02-25,12:00,Univ Católica,0.0,Delfín SC,0.0,285.0,Estadio Olímpico Atahualpa,Klever Rojas,,https://fbref.com/en/matches/49d32b98/Univ-Catolica-Delfin-SC-February-25-2017-Serie-A
Liga Profesional Ecuador,M,ECU,2017,1st,First stage,4,Sat,2017-02-25,16:00,Macará,2.0,CD Cuenca,2.0,2.0,Estadio Bellavista de Ambato,Vinício Espínel,,https://fbref.com/en/matches/954029ae/Macara-CD-Cuenca-February-25-2017-Serie-A
Liga Profesional Ecuador,M,ECU,2017,1st,First stage,4,Sun,2017-02-26,16:00,Barcelona SC,3.0,El Nacional,2.0,6.0,Estadio 9 de Mayo,Fabricio Quintero,,https://fbref.com/en/matches/e07d3580/Barcelona-SC-El-Nacional-February-26-2017-Serie-A
Liga Profesional Ecuador,M,ECU,2017,1st,First stage,4,Sun,2017-02-26,17:00,Independiente,1.0,CS Emelec,1.0,2.0,Estadio General Rumiñahui del Valle de L...,Jhon Álvarez,,https://fbref.com/en/matches/907ee8f9/Independiente-CS-Emelec-February-26-2017-Serie-A
Liga Profesional Ecuador,M,ECU,2017,1st,First stage,1,Wed,2017-03-01,19:00,El Nacional,0.0,Independiente,2.0,954.0,Estadio Gonzalo Pozo Ripalda,Juan Bravo,,https://fbref.com/en/matches/f482014f/El-Nacional-Independiente-March-1-2017-Serie-A
Liga Profesional Ecuador,M,ECU,2017,1st,First stage,5,Fri,2017-03-03,20:00,Guayaquil City,0.0,Univ Católica,2.0,264.0,Estadio Christian Benítez Betancourt,Jhon Álvarez,,https://fbref.com/en/matches/3fe63676/Guayaquil-City-Univ-Catolica-March-3-2017-Serie-A
Liga Profesional Ecuador,M,ECU,2017,1st,First stage,5,Sat,2017-03-04,14:00,Delfín SC,5.0,Amarilla SC,1.0,684.0,Estadio Jocay,Fabricio Quintero,,https://fbref.com/en/matches/7b1c8078/Delfin-SC-Amarilla-SC-March-4-2017-Serie-A
Liga Profesional Ecuador,M,ECU,2017,1st,First stage,5,Sat,2017-03-04,16:00,Clan Juvenil,1.0,Barcelona SC,1.0,1915.0,Estadio General Rumiñahui del Valle de L...,Nestor Salazar,,https://fbref.com/en/matches/260b4768/Clan-Juvenil-Barcelona-SC-March-4-2017-Serie-A
Liga Profesional Ecuador,M,ECU,2017,1st,First stage,5,Sat,2017-03-04,16:00,CS Emelec,2.0,Macará,0.0,19.0,Estadio Banco del Pacífico,Jaime Sánchez,,https://fbref.com/en/matches/3e15875a/CS-Emelec-Macara-March-4-2017-Serie-A
Liga Profesional Ecuador,M,ECU,2017,1st,First stage,5,Sun,2017-03-05,11:15,El Nacional,0.0,CD Cuenca,0.0,2.0,Estadio Gonzalo Pozo Ripalda,Franklin Congo,,https://fbref.com/en/matches/57f0f4f2/El-Nacional-CD-Cuenca-March-5-2017-Serie-A
Liga Profesional Ecuador,M,ECU,2017,1st,First stage,5,Sun,2017-03-05,11:30,LDU de Quito,1.0,Independiente,1.0,8.0,Estadio de Liga Deportiva Universitaria,Klever Rojas,,https://fbref.com/en/matches/c87be235/LDU-de-Quito-Independiente-March-5-2017-Serie-A
Liga Profesional Ecuador,M,ECU,2017,1st,First stage,6,Fri,2017-03-10,16:00,Amarilla SC,0.0,CS Emelec,1.0,3.0,Estadio 9 de Mayo,Vinício Espínel,,https://fbref.com/en/matches/cdacdce2/Amarilla-SC-CS-Emelec-March-10-2017-Serie-A
Liga Profesional Ecuador,M,ECU,2017,1st,First stage,6,Fri,2017-03-10,19:15,Barcelona SC,2.0,Guayaquil City,0.0,12.0,Estadio Olímpico Atahualpa,Klever Rojas,,https://fbref.com/en/matches/d0159e77/Barcelona-SC-Guayaquil-City-March-10-2017-Serie-A
Liga Profesional Ecuador,M,ECU,2017,1st,First stage,6,Fri,2017-03-10,20:00,CD Cuenca,2.0,Clan Juvenil,0.0,2644.0,Estadio Alejandro Serrano Aguilar,Jhon Álvarez,,https://fbref.com/en/matches/cb520fd0/CD-Cuenca-Clan-Juvenil-March-10-2017-Serie-A
Liga Profesional Ecuador,M,ECU,2017,1st,First stage,6,Sat,2017-03-11,12:00,Univ Católica,3.0,LDU de Quito,0.0,5.0,Estadio Olímpico Atahualpa,Luis Albarracin,,https://fbref.com/en/matches/5ce89d4d/Univ-Catolica-LDU-de-Quito-March-11-2017-Serie-A
Liga Profesional Ecuador,M,ECU,2017,1st,First stage,6,Sat,2017-03-11,17:00,Independiente,1.0,Delfín SC,1.0,413.0,Estadio General Rumiñahui del Valle de L...,Daniel Salazar,,https://fbref.com/en/matches/8d647ebb/Independiente-Delfin-SC-March-11-2017-Serie-A
Liga Profesional Ecuador,M,ECU,2017,1st,First stage,6,Sun,2017-03-12,12:00,Macará,1.0,El Nacional,0.0,4.0,Estadio Bellavista de Ambato,Sandro Vera,,https://fbref.com/en/matches/07f55dfc/Macara-El-Nacional-March-12-2017-Serie-A
Liga Profesional Ecuador,M,ECU,2017,1st,First stage,7,Fri,2017-03-17,15:00,Guayaquil City,1.0,Amarilla SC,1.0,62.0,Estadio Christian Benítez Betancourt,Daniel Salazar,,https://fbref.com/en/matches/fa4e724e/Guayaquil-City-Amarilla-SC-March-17-2017-Serie-A
Liga Profesional Ecuador,M,ECU,2017,1st,First stage,7,Fri,2017-03-17,16:00,Delfín SC,1.0,Macará,0.0,3.0,Estadio Jocay,Juan Bravo,,https://fbref.com/en/matches/20827708/Delfin-SC-Macara-March-17-2017-Serie-A
Liga Profesional Ecuador,M,ECU,2017,1st,First stage,7,Fri,2017-03-17,19:30,Univ Católica,1.0,Independiente,3.0,1.0,Estadio Olímpico Atahualpa,Fabricio Quintero,,https://fbref.com/en/matches/26f32402/Univ-Catolica-Independiente-March-17-2017-Serie-A
Liga Profesional Ecuador,M,ECU,2017,1st,First stage,7,Sat,2017-03-18,15:30,Clan Juvenil,3.0,El Nacional,4.0,712.0,Estadio General Rumiñahui del Valle de L...,Luis Albarracin,,https://fbref.com/en/matches/a5df524e/Clan-Juvenil-El-Nacional-March-18-2017-Serie-A
Liga Profesional Ecuador,M,ECU,2017,1st,First stage,8,Fri,2017-03-24,20:00,CD Cuenca,1.0,Delfín SC,1.0,4.0,Estadio Alejandro Serrano Aguilar,Mario Romero,,https://fbref.com/en/matches/5d34b535/CD-Cuenca-Delfin-SC-March-24-2017-Serie-A
Liga Profesional Ecuador,M,ECU,2017,1st,First stage,8,Sun,2017-03-26,11:30,Clan Juvenil,2.0,Guayaquil City,1.0,185.0,Estadio General Rumiñahui del Valle de L...,Vinício Espínel,,https://fbref.com/en/matches/5bd19f66/Clan-Juvenil-Guayaquil-City-March-26-2017-Serie-A
Liga Profesional Ecuador,M,ECU,2017,1st,First stage,8,Sun,2017-03-26,12:00,Macará,1.0,Independiente,1.0,2.0,Estadio Bellavista de Ambato,Nestor Salazar,,https://fbref.com/en/matches/215a36bc/Macara-Independiente-March-26-2017-Serie-A
Liga Profesional Ecuador,M,ECU,2017,1st,First stage,8,Sun,2017-03-26,15:00,Amarilla SC,1.0,LDU de Quito,1.0,994.0,Estadio 9 de Mayo,Jhon Álvarez,,https://fbref.com/en/matches/e6ad6be2/Amarilla-SC-LDU-de-Quito-March-26-2017-Serie-A
Liga Profesional Ecuador,M,ECU,2017,1st,First stage,8,Sun,2017-03-26,15:30,Barcelona SC,1.0,Univ Católica,3.0,15.0,Estadio 7 de Octubre,Juan Bravo,,https://fbref.com/en/matches/6d9880b6/Barcelona-SC-Univ-Catolica-March-26-2017-Serie-A
Liga Profesional Ecuador,M,ECU,2017,1st,First stage,7,Thu,2017-03-30,19:30,CS Emelec,2.0,CD Cuenca,1.0,16.0,Estadio Banco del Pacífico,Fabricio Quintero,,https://fbref.com/en/matches/1b01d2cb/CS-Emelec-CD-Cuenca-March-30-2017-Serie-A
Liga Profesional Ecuador,M,ECU,2017,1st,First stage,8,Wed,2017-04-05,19:30,CS Emelec,0.0,El Nacional,0.0,1.0,Estadio Banco del Pacífico,Klever Rojas,,https://fbref.com/en/matches/647f2f22/CS-Emelec-El-Nacional-April-5-2017-Serie-A
Liga Profesional Ecuador,M,ECU,2017,1st,First stage,9,Fri,2017-04-07,19:30,Independiente,0.0,Barcelona SC,2.0,8.0,Estadio Gonzalo Pozo Ripalda,Jhon Álvarez,,https://fbref.com/en/matches/ad0c4ee2/Independiente-Barcelona-SC-April-7-2017-Serie-A
Liga Profesional Ecuador,M,ECU,2017,1st,First stage,9,Sat,2017-04-08,18:30,Guayaquil City,3.0,Macará,0.0,339.0,Estadio Christian Benítez Betancourt,Sandro Vera,,https://fbref.com/en/matches/08fcc738/Guayaquil-City-Macara-April-8-2017-Serie-A
Liga Profesional Ecuador,M,ECU,2017,1st,First stage,9,Sun,2017-04-09,12:00,Delfín SC,3.0,El Nacional,0.0,4.0,Estadio Jocay,Daniel Salazar,,https://fbref.com/en/matches/b303c1d3/Delfin-SC-El-Nacional-April-9-2017-Serie-A
Liga Profesional Ecuador,M,ECU,2017,1st,First stage,9,Sun,2017-04-09,16:00,Univ Católica,0.0,Amarilla SC,0.0,169.0,Estadio Olímpico Atahualpa,Franklin Congo,,https://fbref.com/en/matches/6e40871f/Univ-Catolica-Amarilla-SC-April-9-2017-Serie-A
Liga Profesional Ecuador,M,ECU,2017,1st,First stage,9,Sun,2017-04-09,16:00,CS Emelec,2.0,Clan Juvenil,0.0,17394.0,Estadio Banco del Pacífico,Roberto Sánchez,,https://fbref.com/en/matches/d5fdf72b/CS-Emelec-Clan-Juvenil-April-9-2017-Serie-A
Liga Profesional Ecuador,M,ECU,2017,1st,First stage,9,Mon,2017-04-10,19:15,LDU de Quito,1.0,CD Cuenca,1.0,4.0,Estadio de Liga Deportiva Universitaria,Jaime Sánchez,,https://fbref.com/en/matches/78f25556/LDU-de-Quito-CD-Cuenca-April-10-2017-Serie-A
Liga Profesional Ecuador,M,ECU,2017,1st,First stage,10,Sat,2017-04-15,12:00,CD Cuenca,2.0,Univ Católica,2.0,5.0,Estadio Alejandro Serrano Aguilar,Klever Rojas,,https://fbref.com/en/matches/9f8de175/CD-Cuenca-Univ-Catolica-April-15-2017-Serie-A
Liga Profesional Ecuador,M,ECU,2017,1st,First stage,10,Sat,2017-04-15,16:00,Clan Juvenil,0.0,Delfín SC,1.0,1200.0,Estadio General Rumiñahui del Valle de L...,Fabricio Quintero,,https://fbref.com/en/matches/ccc29959/Clan-Juvenil-Delfin-SC-April-15-2017-Serie-A
Liga Profesional Ecuador,M,ECU,2017,1st,First stage,10,Sun,2017-04-16,11:15,El Nacional,2.0,Guayaquil City,2.0,2.0,Estadio Olímpico Atahualpa,Luis Albarracin,,https://fbref.com/en/matches/a10c53c5/El-Nacional-Guayaquil-City-April-16-2017-Serie-A
Liga Profesional Ecuador,M,ECU,2017,1st,First stage,10,Sun,2017-04-16,12:00,Macará,1.0,LDU de Quito,0.0,8.0,Estadio Bellavista de Ambato,Vinício Espínel,,https://fbref.com/en/matches/5e79c3df/Macara-LDU-de-Quito-April-16-2017-Serie-A
Liga Profesional Ecuador,M,ECU,2017,1st,First stage,10,Sun,2017-04-16,15:00,Amarilla SC,1.0,Independiente,2.0,408.0,Estadio 9 de Mayo,Juan Bravo,,https://fbref.com/en/matches/1e3df66c/Amarilla-SC-Independiente-April-16-2017-Serie-A
Liga Profesional Ecuador,M,ECU,2017,1st,First stage,10,Sun,2017-04-16,17:30,CS Emelec,1.0,Barcelona SC,0.0,30.0,Estadio Banco del Pacífico,Mario Romero,,https://fbref.com/en/matches/53a3c9c8/CS-Emelec-Barcelona-SC-April-16-2017-Serie-A
Liga Profesional Ecuador,M,ECU,2017,1st,First stage,11,Sat,2017-04-22,15:30,Independiente,4.0,Clan Juvenil,1.0,4580.0,Estadio Folke Anderson,Franklin Congo,,https://fbref.com/en/matches/16c1311f/Independiente-Clan-Juvenil-April-22-2017-Serie-A
Liga Profesional Ecuador,M,ECU,2017,1st,First stage,11,Sat,2017-04-22,18:30,LDU de Quito,2.0,El Nacional,2.0,9.0,Estadio de Liga Deportiva Universitaria,Juan Bravo,,https://fbref.com/en/matches/2605fe1f/LDU-de-Quito-El-Nacional-April-22-2017-Serie-A
Liga Profesional Ecuador,M,ECU,2017,1st,First stage,11,Sat,2017-04-22,18:30,Guayaquil City,2.0,CD Cuenca,0.0,640.0,Estadio Christian Benítez Betancourt,Nestor Salazar,,https://fbref.com/en/matches/2ee77b49/Guayaquil-City-CD-Cuenca-April-22-2017-Serie-A
Liga Profesional Ecuador,M,ECU,2017,1st,First stage,11,Sun,2017-04-23,12:00,Univ Católica,1.0,Macará,3.0,761.0,Estadio Olímpico Atahualpa,Jefferson Macias,,https://fbref.com/en/matches/0ea49f33/Univ-Catolica-Macara-April-23-2017-Serie-A
Liga Profesional Ecuador,M,ECU,2017,1st,First stage,11,Sun,2017-04-23,15:00,Delfín SC,3.0,CS Emelec,3.0,11.0,Estadio Reales Tamarindos,Luis Albarracin,,https://fbref.com/en/matches/9a98e435/Delfin-SC-CS-Emelec-April-23-2017-Serie-A
Liga Profesional Ecuador,M,ECU,2017,1st,First stage,11,Sun,2017-04-23,17:00,Barcelona SC,2.0,Amarilla SC,0.0,19.0,Estadio Monumental Isidro Romero Carbo,Klever Rojas,,https://fbref.com/en/matches/e4748fd7/Barcelona-SC-Amarilla-SC-April-23-2017-Serie-A
Liga Profesional Ecuador,M,ECU,2017,1st,First stage,12,Fri,2017-04-28,16:00,Amarilla SC,0.0,Barcelona SC,3.0,4.0,Estadio 9 de Mayo,Daniel Salazar,,https://fbref.com/en/matches/9066e8b5/Amarilla-SC-Barcelona-SC-April-28-2017-Serie-A
Liga Profesional Ecuador,M,ECU,2017,1st,First stage,12,Fri,2017-04-28,20:00,CD Cuenca,2.0,Guayaquil City,1.0,4.0,Estadio Alejandro Serrano Aguilar,Vinício Espínel,,https://fbref.com/en/matches/a29fcc55/CD-Cuenca-Guayaquil-City-April-28-2017-Serie-A
Liga Profesional Ecuador,M,ECU,2017,1st,First stage,12,Sun,2017-04-30,11:15,El Nacional,1.0,LDU de Quito,1.0,14.0,Estadio Olímpico Atahualpa,Fabricio Quintero,,https://fbref.com/en/matches/76359447/El-Nacional-LDU-de-Quito-April-30-2017-Serie-A
Liga Profesional Ecuador,M,ECU,2017,1st,First stage,12,Sun,2017-04-30,12:00,Clan Juvenil,0.0,Independiente,2.0,1334.0,Estadio General Rumiñahui del Valle de L...,Ángel Hidalgo,,https://fbref.com/en/matches/26a1513a/Clan-Juvenil-Independiente-April-30-2017-Serie-A
Liga Profesional Ecuador,M,ECU,2017,1st,First stage,12,Sun,2017-04-30,13:30,Macará,0.0,Univ Católica,3.0,2.0,Estadio Bellavista de Ambato,Jhon Álvarez,,https://fbref.com/en/matches/7e281b68/Macara-Univ-Catolica-April-30-2017-Serie-A
Liga Profesional Ecuador,M,ECU,2017,1st,First stage,12,Sun,2017-04-30,17:30,CS Emelec,1.0,Delfín SC,1.0,35.0,Estadio Banco del Pacífico,Juan Bravo,,https://fbref.com/en/matches/c8c3b2a6/CS-Emelec-Delfin-SC-April-30-2017-Serie-A
Liga Profesional Ecuador,M,ECU,2017,1st,First stage,13,Fri,2017-05-05,12:00,Independiente,2.0,Amarilla SC,0.0,93.0,Estadio Olímpico Atahualpa,Luis Albarracin,,https://fbref.com/en/matches/8eeaf82f/Independiente-Amarilla-SC-May-5-2017-Serie-A
Liga Profesional Ecuador,M,ECU,2017,1st,First stage,13,Sat,2017-05-06,12:00,Univ Católica,0.0,CD Cuenca,1.0,353.0,Estadio Olímpico Atahualpa,Juan Bravo,,https://fbref.com/en/matches/e2b77538/Univ-Catolica-CD-Cuenca-May-6-2017-Serie-A
Liga Profesional Ecuador,M,ECU,2017,1st,First stage,13,Sat,2017-05-06,16:30,Guayaquil City,3.0,El Nacional,1.0,646.0,Estadio Christian Benítez Betancourt,Jhon Álvarez,,https://fbref.com/en/matches/2b8b2cbd/Guayaquil-City-El-Nacional-May-6-2017-Serie-A
Liga Profesional Ecuador,M,ECU,2017,1st,First stage,13,Sat,2017-05-06,18:30,LDU de Quito,2.0,Macará,3.0,5.0,Estadio de Liga Deportiva Universitaria,Klever Rojas,,https://fbref.com/en/matches/ed1f555c/LDU-de-Quito-Macara-May-6-2017-Serie-A
Liga Profesional Ecuador,M,ECU,2017,1st,First stage,13,Sun,2017-05-07,12:00,Delfín SC,1.0,Clan Juvenil,0.0,500.0,Estadio Jocay,Franklin Congo,,https://fbref.com/en/matches/7a80653b/Delfin-SC-Clan-Juvenil-May-7-2017-Serie-A
Liga Profesional Ecuador,M,ECU,2017,1st,First stage,7,Wed,2017-05-10,19:15,Barcelona SC,3.0,LDU de Quito,1.0,13.0,Estadio Monumental Isidro Romero Carbo,Nestor Salazar,,https://fbref.com/en/matches/dd767c7e/Barcelona-SC-LDU-de-Quito-May-10-2017-Serie-A
Liga Profesional Ecuador,M,ECU,2017,1st,First stage,14,Sat,2017-05-13,13:00,Macará,2.0,Guayaquil City,1.0,1.0,Estadio Bellavista de Ambato,Roberto Sánchez,,https://fbref.com/en/matches/c322a508/Macara-Guayaquil-City-May-13-2017-Serie-A
Liga Profesional Ecuador,M,ECU,2017,1st,First stage,14,Sun,2017-05-14,10:30,CD Cuenca,2.0,LDU de Quito,0.0,3.0,Estadio Alejandro Serrano Aguilar,Daniel Salazar,,https://fbref.com/en/matches/78a59485/CD-Cuenca-LDU-de-Quito-May-14-2017-Serie-A
Liga Profesional Ecuador,M,ECU,2017,1st,First stage,14,Sun,2017-05-14,11:15,El Nacional,0.0,Delfín SC,0.0,2.0,Estadio Olímpico Atahualpa,Mario Romero,,https://fbref.com/en/matches/50b4d7b4/El-Nacional-Delfin-SC-May-14-2017-Serie-A
Liga Profesional Ecuador,M,ECU,2017,1st,First stage,14,Sun,2017-05-14,15:00,Amarilla SC,3.0,Univ Católica,1.0,145.0,Estadio 9 de Mayo,Sandro Vera,,https://fbref.com/en/matches/5c4cff4e/Amarilla-SC-Univ-Catolica-May-14-2017-Serie-A
Liga Profesional Ecuador,M,ECU,2017,1st,First stage,14,Sun,2017-05-14,16:30,Barcelona SC,2.0,Independiente,1.0,8.0,Estadio Monumental Isidro Romero Carbo,Fabricio Quintero,,https://fbref.com/en/matches/2d5b0399/Barcelona-SC-Independiente-May-14-2017-Serie-A
Liga Profesional Ecuador,M,ECU,2017,1st,First stage,15,Sat,2017-05-20,16:00,Independiente,1.0,Macará,0.0,2.0,Estadio Olímpico Atahualpa,Nestor Salazar,,https://fbref.com/en/matches/32e5c481/Independiente-Macara-May-20-2017-Serie-A
Liga Profesional Ecuador,M,ECU,2017,1st,First stage,15,Sat,2017-05-20,16:15,Guayaquil City,2.0,Clan Juvenil,1.0,182.0,Estadio Christian Benítez Betancourt,Daniel Salazar,,https://fbref.com/en/matches/30a30164/Guayaquil-City-Clan-Juvenil-May-20-2017-Serie-A
Liga Profesional Ecuador,M,ECU,2017,1st,First stage,15,Sat,2017-05-20,18:30,LDU de Quito,1.0,Amarilla SC,1.0,4.0,Estadio de Liga Deportiva Universitaria,Ángel Hidalgo,,https://fbref.com/en/matches/1f10ffd7/LDU-de-Quito-Amarilla-SC-May-20-2017-Serie-A
Liga Profesional Ecuador,M,ECU,2017,1st,First stage,15,Sun,2017-05-21,12:00,Delfín SC,1.0,CD Cuenca,0.0,2.0,Estadio Jocay,Jhon Álvarez,,https://fbref.com/en/matches/23f1236e/Delfin-SC-CD-Cuenca-May-21-2017-Serie-A
Liga Profesional Ecuador,M,ECU,2017,1st,First stage,15,Sun,2017-05-21,12:00,Univ Católica,1.0,Barcelona SC,2.0,10.0,Estadio Olímpico Atahualpa,Luis Albarracin,,https://fbref.com/en/matches/5848a595/Univ-Catolica-Barcelona-SC-May-21-2017-Serie-A
Liga Profesional Ecuador,M,ECU,2017,1st,First stage,15,Sun,2017-05-21,16:00,El Nacional,0.0,CS Emelec,2.0,7.0,Estadio Olímpico Atahualpa,Vinício Espínel,,https://fbref.com/en/matches/7f59dc0c/El-Nacional-CS-Emelec-May-21-2017-Serie-A
Liga Profesional Ecuador,M,ECU,2017,1st,First stage,16,Fri,2017-05-26,16:00,Independiente,1.0,Univ Católica,0.0,493.0,Estadio Olímpico Atahualpa,Jhon Álvarez,,https://fbref.com/en/matches/4198a2e1/Independiente-Univ-Catolica-May-26-2017-Serie-A
Liga Profesional Ecuador,M,ECU,2017,1st,First stage,16,Sat,2017-05-27,12:00,El Nacional,3.0,Clan Juvenil,1.0,1472.0,Estadio Olímpico Atahualpa,Jefferson Macias,,https://fbref.com/en/matches/b76b8714/El-Nacional-Clan-Juvenil-May-27-2017-Serie-A
Liga Profesional Ecuador,M,ECU,2017,1st,First stage,16,Sat,2017-05-27,15:00,Amarilla SC,0.0,Guayaquil City,2.0,159.0,Estadio 9 de Mayo,Vinício Espínel,,https://fbref.com/en/matches/b8ed38e8/Amarilla-SC-Guayaquil-City-May-27-2017-Serie-A
Liga Profesional Ecuador,M,ECU,2017,1st,First stage,16,Sun,2017-05-28,12:00,Macará,1.0,Delfín SC,2.0,2.0,Estadio Bellavista de Ambato,Luis Quiroz,,https://fbref.com/en/matches/01a139b1/Macara-Delfin-SC-May-28-2017-Serie-A
Liga Profesional Ecuador,M,ECU,2017,1st,First stage,16,Sun,2017-05-28,12:00,CD Cuenca,2.0,CS Emelec,2.0,7.0,Estadio Alejandro Serrano Aguilar,Fabricio Quintero,,https://fbref.com/en/matches/ac37132e/CD-Cuenca-CS-Emelec-May-28-2017-Serie-A
Liga Profesional Ecuador,M,ECU,2017,1st,First stage,17,Fri,2017-06-02,15:00,Delfín SC,2.0,Independiente,1.0,4.0,Estadio Jocay,Daniel Salazar,,https://fbref.com/en/matches/8bd36aaa/Delfin-SC-Independiente-June-2-2017-Serie-A
Liga Profesional Ecuador,M,ECU,2017,1st,First stage,17,Fri,2017-06-02,19:30,CS Emelec,1.0,Amarilla SC,0.0,21.0,Estadio Banco del Pacífico,Mario Romero,,https://fbref.com/en/matches/0d940c1a/CS-Emelec-Amarilla-SC-June-2-2017-Serie-A
Liga Profesional Ecuador,M,ECU,2017,1st,First stage,17,Fri,2017-06-02,19:30,Guayaquil City,0.0,Barcelona SC,0.0,3737.0,Estadio Christian Benítez Betancourt,Nestor Salazar,,https://fbref.com/en/matches/59286592/Guayaquil-City-Barcelona-SC-June-2-2017-Serie-A
Liga Profesional Ecuador,M,ECU,2017,1st,First stage,17,Sat,2017-06-03,16:00,El Nacional,2.0,Macará,0.0,1314.0,Estadio Olímpico Atahualpa,Franklin Congo,,https://fbref.com/en/matches/5bd13c19/El-Nacional-Macara-June-3-2017-Serie-A
Liga Profesional Ecuador,M,ECU,2017,1st,First stage,17,Sun,2017-06-04,12:00,Clan Juvenil,2.0,CD Cuenca,0.0,232.0,Estadio General Rumiñahui del Valle de L...,Klever Rojas,,https://fbref.com/en/matches/8cc48efc/Clan-Juvenil-CD-Cuenca-June-4-2017-Serie-A
Liga Profesional Ecuador,M,ECU,2017,1st,First stage,18,Fri,2017-06-09,19:30,Barcelona SC,4.0,Clan Juvenil,1.0,10946.0,Estadio Monumental Isidro Romero Carbo,Fabricio Quintero,,https://fbref.com/en/matches/23500ab4/Barcelona-SC-Clan-Juvenil-June-9-2017-Serie-A
Liga Profesional Ecuador,M,ECU,2017,1st,First stage,18,Fri,2017-06-09,20:00,CD Cuenca,3.0,El Nacional,1.0,4229.0,Estadio Alejandro Serrano Aguilar,Ángel Hidalgo,,https://fbref.com/en/matches/41707fbf/CD-Cuenca-El-Nacional-June-9-2017-Serie-A
Liga Profesional Ecuador,M,ECU,2017,1st,First stage,18,Sat,2017-06-10,16:00,Independiente,2.0,LDU de Quito,1.0,5873.0,Estadio General Rumiñahui del Valle de L...,Luis Quiroz,,https://fbref.com/en/matches/16fe571c/Independiente-LDU-de-Quito-June-10-2017-Serie-A
Liga Profesional Ecuador,M,ECU,2017,1st,First stage,18,Sun,2017-06-11,15:00,Amarilla SC,1.0,Delfín SC,1.0,2665.0,Estadio 9 de Mayo,Klever Rojas,,https://fbref.com/en/matches/b34ba093/Amarilla-SC-Delfin-SC-June-11-2017-Serie-A
Liga Profesional Ecuador,M,ECU,2017,1st,First stage,14,Wed,2017-06-14,15:30,Clan Juvenil,2.0,CS Emelec,2.0,9000.0,Estadio Olímpico Etho Vega Baquero,Luis Quiroz,,https://fbref.com/en/matches/3c375c5b/Clan-Juvenil-CS-Emelec-June-14-2017-Serie-A
Liga Profesional Ecuador,M,ECU,2017,1st,First stage,19,Fri,2017-06-16,16:15,Guayaquil City,1.0,LDU de Quito,1.0,344.0,Estadio Christian Benítez Betancourt,Luis Albarracin,,https://fbref.com/en/matches/d80ece35/Guayaquil-City-LDU-de-Quito-June-16-2017-Serie-A
Liga Profesional Ecuador,M,ECU,2017,1st,First stage,19,Sat,2017-06-17,12:00,El Nacional,1.0,Barcelona SC,3.0,21153.0,Estadio Olímpico Atahualpa,Vinício Espínel,,https://fbref.com/en/matches/cc3f1b52/El-Nacional-Barcelona-SC-June-17-2017-Serie-A
Liga Profesional Ecuador,M,ECU,2017,1st,First stage,19,Sat,2017-06-17,15:00,Delfín SC,3.0,Univ Católica,1.0,1200.0,Estadio Jocay,Jhon Álvarez,,https://fbref.com/en/matches/4ba60b56/Delfin-SC-Univ-Catolica-June-17-2017-Serie-A
Liga Profesional Ecuador,M,ECU,2017,1st,First stage,19,Sat,2017-06-17,19:00,CD Cuenca,1.0,Macará,3.0,3771.0,Estadio Alejandro Serrano Aguilar,Roberto Sánchez,,https://fbref.com/en/matches/3b64dd5f/CD-Cuenca-Macara-June-17-2017-Serie-A
Liga Profesional Ecuador,M,ECU,2017,1st,First stage,19,Sun,2017-06-18,12:00,Clan Juvenil,1.0,Amarilla SC,1.0,128.0,Estadio Olímpico Atahualpa,Sandro Vera,,https://fbref.com/en/matches/4c2b33cb/Clan-Juvenil-Amarilla-SC-June-18-2017-Serie-A
Liga Profesional Ecuador,M,ECU,2017,1st,First stage,19,Sun,2017-06-18,16:30,CS Emelec,1.0,Independiente,1.0,23005.0,Estadio Banco del Pacífico,Juan Bravo,,https://fbref.com/en/matches/77b9f8cb/CS-Emelec-Independiente-June-18-2017-Serie-A
Liga Profesional Ecuador,M,ECU,2017,1st,First stage,18,Wed,2017-06-21,12:00,Univ Católica,4.0,Guayaquil City,0.0,80.0,Estadio Olímpico Atahualpa,Jefferson Macias,,https://fbref.com/en/matches/f8e28e36/Univ-Catolica-Guayaquil-City-June-21-2017-Serie-A
Liga Profesional Ecuador,M,ECU,2017,1st,First stage,18,Wed,2017-06-21,12:30,Macará,4.0,CS Emelec,3.0,3088.0,Estadio Bellavista de Ambato,Nestor Salazar,,https://fbref.com/en/matches/7926a742/Macara-CS-Emelec-June-21-2017-Serie-A
Liga Profesional Ecuador,M,ECU,2017,1st,First stage,16,Wed,2017-06-21,19:15,LDU de Quito,1.0,Barcelona SC,1.0,22192.0,Estadio de Liga Deportiva Universitaria,Daniel Salazar,,https://fbref.com/en/matches/c4eb9f51/LDU-de-Quito-Barcelona-SC-June-21-2017-Serie-A
Liga Profesional Ecuador,M,ECU,2017,1st,First stage,20,Fri,2017-06-23,16:00,Amarilla SC,0.0,CD Cuenca,0.0,505.0,Estadio 9 de Mayo,Nestor Salazar,,https://fbref.com/en/matches/6c256c2d/Amarilla-SC-CD-Cuenca-June-23-2017-Serie-A
Liga Profesional Ecuador,M,ECU,2017,1st,First stage,20,Sat,2017-06-24,12:00,Univ Católica,1.0,El Nacional,1.0,814.0,Estadio Olímpico Atahualpa,Daniel Salazar,,https://fbref.com/en/matches/0c308226/Univ-Catolica-El-Nacional-June-24-2017-Serie-A
Liga Profesional Ecuador,M,ECU,2017,1st,First stage,20,Sat,2017-06-24,16:00,Independiente,0.0,Guayaquil City,0.0,228.0,Estadio Olímpico Atahualpa,Omar Ponce,,https://fbref.com/en/matches/6adf89ac/Independiente-Guayaquil-City-June-24-2017-Serie-A
Liga Profesional Ecuador,M,ECU,2017,1st,First stage,20,Sun,2017-06-25,11:30,LDU de Quito,1.0,CS Emelec,1.0,8977.0,Estadio de Liga Deportiva Universitaria,Vinício Espínel,,https://fbref.com/en/matches/06a96004/LDU-de-Quito-CS-Emelec-June-25-2017-Serie-A
Liga Profesional Ecuador,M,ECU,2017,1st,First stage,20,Sun,2017-06-25,12:00,Macará,2.0,Clan Juvenil,2.0,1379.0,Estadio Bellavista de Ambato,Franklin Congo,,https://fbref.com/en/matches/96324f20/Macara-Clan-Juvenil-June-25-2017-Serie-A
Liga Profesional Ecuador,M,ECU,2017,1st,First stage,20,Sun,2017-06-25,17:00,Barcelona SC,1.0,Delfín SC,2.0,27654.0,Estadio Monumental Isidro Romero Carbo,Roddy Zambrano,,https://fbref.com/en/matches/1e1b9eca/Barcelona-SC-Delfin-SC-June-25-2017-Serie-A
Liga Profesional Ecuador,M,ECU,2017,1st,First stage,13,Wed,2017-06-28,19:45,Barcelona SC,2.0,CS Emelec,1.0,8057.0,Estadio Monumental Isidro Romero Carbo,Omar Ponce,,https://fbref.com/en/matches/3fba912f/Barcelona-SC-CS-Emelec-June-28-2017-Serie-A
Liga Profesional Ecuador,M,ECU,2017,1st,First stage,21,Fri,2017-06-30,20:00,CD Cuenca,2.0,Independiente,0.0,3637.0,Estadio Alejandro Serrano Aguilar,Franklin Congo,,https://fbref.com/en/matches/18258ed8/CD-Cuenca-Independiente-June-30-2017-Serie-A
Liga Profesional Ecuador,M,ECU,2017,1st,First stage,21,Sat,2017-07-01,12:00,El Nacional,4.0,Amarilla SC,2.0,1728.0,Estadio Olímpico Atahualpa,Ángel Hidalgo,,https://fbref.com/en/matches/6624c9b6/El-Nacional-Amarilla-SC-July-1-2017-Serie-A
Liga Profesional Ecuador,M,ECU,2017,1st,First stage,21,Sun,2017-07-02,12:00,Delfín SC,4.0,LDU de Quito,1.0,3500.0,Estadio Jocay,Diego Lara,,https://fbref.com/en/matches/396fbaaa/Delfin-SC-LDU-de-Quito-July-2-2017-Serie-A
Liga Profesional Ecuador,M,ECU,2017,1st,First stage,21,Sun,2017-07-02,12:00,Macará,2.0,Barcelona SC,1.0,10390.0,Estadio Bellavista de Ambato,Luis Quiroz,,https://fbref.com/en/matches/ca9f909a/Macara-Barcelona-SC-July-2-2017-Serie-A
Liga Profesional Ecuador,M,ECU,2017,1st,First stage,21,Sun,2017-07-02,16:30,CS Emelec,1.0,Guayaquil City,0.0,24689.0,Estadio Banco del Pacífico,José Espinel,,https://fbref.com/en/matches/ab23eedf/CS-Emelec-Guayaquil-City-July-2-2017-Serie-A
Liga Profesional Ecuador,M,ECU,2017,1st,First stage,21,Mon,2017-07-03,15:45,Clan Juvenil,0.0,Univ Católica,1.0,238.0,Estadio General Rumiñahui del Valle de L...,Guillermo Guerrero,,https://fbref.com/en/matches/4d7a3f19/Clan-Juvenil-Univ-Catolica-July-3-2017-Serie-A
Liga Profesional Ecuador,M,ECU,2017,1st,First stage,17,Wed,2017-07-05,19:15,LDU de Quito,1.0,Univ Católica,0.0,24688.0,Estadio de Liga Deportiva Universitaria,Marlon Vera,,https://fbref.com/en/matches/81a05ea5/LDU-de-Quito-Univ-Catolica-July-5-2017-Serie-A
Liga Profesional Ecuador,M,ECU,2017,1st,First stage,22,Fri,2017-07-07,19:00,Guayaquil City,1.0,Delfín SC,0.0,455.0,Estadio Christian Benítez Betancourt,Roberto Sánchez,,https://fbref.com/en/matches/32cf54a2/Guayaquil-City-Delfin-SC-July-7-2017-Serie-A
Liga Profesional Ecuador,M,ECU,2017,1st,First stage,22,Sat,2017-07-08,16:00,Amarilla SC,1.0,Macará,1.0,103.0,Estadio 9 de Mayo,Omar Ponce,,https://fbref.com/en/matches/930f413e/Amarilla-SC-Macara-July-8-2017-Serie-A
Liga Profesional Ecuador,M,ECU,2017,1st,First stage,22,Sat,2017-07-08,16:00,Independiente,0.0,El Nacional,2.0,1140.0,Estadio Olímpico Atahualpa,Vinício Espínel,,https://fbref.com/en/matches/b28545ea/Independiente-El-Nacional-July-8-2017-Serie-A
Liga Profesional Ecuador,M,ECU,2017,1st,First stage,22,Sat,2017-07-08,18:30,LDU de Quito,5.0,Clan Juvenil,0.0,4471.0,Estadio de Liga Deportiva Universitaria,Roddy Zambrano,,https://fbref.com/en/matches/e05cba92/LDU-de-Quito-Clan-Juvenil-July-8-2017-Serie-A
Liga Profesional Ecuador,M,ECU,2017,1st,First stage,22,Sun,2017-07-09,12:00,Univ Católica,1.0,CS Emelec,1.0,814.0,Estadio Olímpico Atahualpa,Ángel Hidalgo,,https://fbref.com/en/matches/fbe56942/Univ-Catolica-CS-Emelec-July-9-2017-Serie-A
Liga Profesional Ecuador,M,ECU,2017,1st,First stage,22,Sun,2017-07-09,16:30,Barcelona SC,1.0,CD Cuenca,0.0,7229.0,Estadio Monumental Isidro Romero Carbo,José Espinel,,https://fbref.com/en/matches/b107c643/Barcelona-SC-CD-Cuenca-July-9-2017-Serie-A
Liga Profesional Ecuador,M,ECU,2017,1st,Second stage,1,Fri,2017-07-14,20:00,CD Cuenca,3.0,Guayaquil City,0.0,3443.0,Estadio Alejandro Serrano Aguilar,Jefferson Macias,,https://fbref.com/en/matches/737b460f/CD-Cuenca-Guayaquil-City-July-14-2017-Serie-A
Liga Profesional Ecuador,M,ECU,2017,1st,Second stage,1,Sat,2017-07-15,12:00,Univ Católica,0.0,Independiente,3.0,183.0,Estadio Olímpico Atahualpa,Diego Lara,,https://fbref.com/en/matches/155e4c56/Univ-Catolica-Independiente-July-15-2017-Serie-A
Liga Profesional Ecuador,M,ECU,2017,1st,Second stage,1,Sun,2017-07-16,12:00,Clan Juvenil,0.0,LDU de Quito,0.0,2631.0,Estadio General Rumiñahui del Valle de L...,Roberto Sánchez,,https://fbref.com/en/matches/5b7efc39/Clan-Juvenil-LDU-de-Quito-July-16-2017-Serie-A
Liga Profesional Ecuador,M,ECU,2017,1st,Second stage,1,Sun,2017-07-16,12:00,Macará,1.0,Barcelona SC,0.0,7648.0,Estadio Bellavista de Ambato,Guillermo Guerrero,,https://fbref.com/en/matches/ad73b528/Macara-Barcelona-SC-July-16-2017-Serie-A
Liga Profesional Ecuador,M,ECU,2017,1st,Second stage,1,Sun,2017-07-16,16:00,Amarilla SC,1.0,Delfín SC,2.0,1160.0,Estadio 9 de Mayo,Luis Quiroz,,https://fbref.com/en/matches/5824d82a/Amarilla-SC-Delfin-SC-July-16-2017-Serie-A
Liga Profesional Ecuador,M,ECU,2017,1st,Second stage,1,Sun,2017-07-16,16:30,CS Emelec,2.0,El Nacional,1.0,17281.0,Estadio Banco del Pacífico,Franklin Congo,,https://fbref.com/en/matches/d2539933/CS-Emelec-El-Nacional-July-16-2017-Serie-A
Liga Profesional Ecuador,M,ECU,2017,1st,Second stage,2,Fri,2017-07-21,16:00,Delfín SC,2.0,Univ Católica,0.0,1400.0,Estadio Jocay,José Espinel,,https://fbref.com/en/matches/120dfa9e/Delfin-SC-Univ-Catolica-July-21-2017-Serie-A
Liga Profesional Ecuador,M,ECU,2017,1st,Second stage,2,Fri,2017-07-21,19:00,El Nacional,4.0,Clan Juvenil,0.0,2682.0,Estadio Olímpico Atahualpa,Juan Albarracín,,https://fbref.com/en/matches/83517ce2/El-Nacional-Clan-Juvenil-July-21-2017-Serie-A
Liga Profesional Ecuador,M,ECU,2017,1st,Second stage,2,Fri,2017-07-21,19:00,Independiente,1.0,Macará,1.0,703.0,Estadio General Rumiñahui del Valle de L...,Carlos Orbe,,https://fbref.com/en/matches/d19ab78b/Independiente-Macara-July-21-2017-Serie-A
Liga Profesional Ecuador,M,ECU,2017,1st,Second stage,2,Fri,2017-07-21,19:30,LDU de Quito,2.0,CD Cuenca,1.0,4538.0,Estadio de Liga Deportiva Universitaria,Daniel Salazar,,https://fbref.com/en/matches/96241378/LDU-de-Quito-CD-Cuenca-July-21-2017-Serie-A
Liga Profesional Ecuador,M,ECU,2017,1st,Second stage,2,Fri,2017-07-21,19:45,Barcelona SC,2.0,Amarilla SC,0.0,3192.0,Estadio Monumental Isidro Romero Carbo,Vinício Espínel,,https://fbref.com/en/matches/b012cf44/Barcelona-SC-Amarilla-SC-July-21-2017-Serie-A
Liga Profesional Ecuador,M,ECU,2017,1st,Second stage,2,Fri,2017-07-21,20:00,Guayaquil City,1.0,CS Emelec,1.0,3409.0,Estadio Christian Benítez Betancourt,Roddy Zambrano,,https://fbref.com/en/matches/c56faf27/Guayaquil-City-CS-Emelec-July-21-2017-Serie-A
Liga Profesional Ecuador,M,ECU,2017,1st,Second stage,3,Sat,2017-07-29,12:00,Clan Juvenil,1.0,Amarilla SC,0.0,108.0,Estadio General Rumiñahui del Valle de L...,Ángel Hidalgo,,https://fbref.com/en/matches/5273156f/Clan-Juvenil-Amarilla-SC-July-29-2017-Serie-A
Liga Profesional Ecuador,M,ECU,2017,1st,Second stage,3,Sat,2017-07-29,16:30,Guayaquil City,1.0,Independiente,2.0,563.0,Estadio Christian Benítez Betancourt,Luis Quiroz,,https://fbref.com/en/matches/cedac3ab/Guayaquil-City-Independiente-July-29-2017-Serie-A
Liga Profesional Ecuador,M,ECU,2017,1st,Second stage,3,Sun,2017-07-30,12:00,Univ Católica,1.0,El Nacional,2.0,1528.0,Estadio Olímpico Atahualpa,Jefferson Macias,,https://fbref.com/en/matches/aeae88b6/Univ-Catolica-El-Nacional-July-30-2017-Serie-A
Liga Profesional Ecuador,M,ECU,2017,1st,Second stage,3,Sun,2017-07-30,12:00,CD Cuenca,1.0,Barcelona SC,0.0,8672.0,Estadio Alejandro Serrano Aguilar,Omar Ponce,,https://fbref.com/en/matches/df636629/CD-Cuenca-Barcelona-SC-July-30-2017-Serie-A
Liga Profesional Ecuador,M,ECU,2017,1st,Second stage,3,Sun,2017-07-30,14:00,Macará,0.0,Delfín SC,0.0,2603.0,Estadio Bellavista de Ambato,Roddy Zambrano,,https://fbref.com/en/matches/51641ea8/Macara-Delfin-SC-July-30-2017-Serie-A
Liga Profesional Ecuador,M,ECU,2017,1st,Second stage,3,Sun,2017-07-30,16:00,CS Emelec,2.0,LDU de Quito,1.0,27259.0,Estadio Banco del Pacífico,Carlos Orbe,,https://fbref.com/en/matches/5ed86498/CS-Emelec-LDU-de-Quito-July-30-2017-Serie-A
Liga Profesional Ecuador,M,ECU,2017,1st,Second stage,4,Fri,2017-08-04,19:45,Barcelona SC,0.0,Univ Católica,1.0,5125.0,Estadio Monumental Isidro Romero Carbo,Daniel Salazar,,https://fbref.com/en/matches/f640b8ef/Barcelona-SC-Univ-Catolica-August-4-2017-Serie-A
Liga Profesional Ecuador,M,ECU,2017,1st,Second stage,4,Sat,2017-08-05,11:30,Independiente,2.0,CS Emelec,1.0,2509.0,Estadio Olímpico Atahualpa,Guillermo Guerrero,,https://fbref.com/en/matches/bb027ef7/Independiente-CS-Emelec-August-5-2017-Serie-A
Liga Profesional Ecuador,M,ECU,2017,1st,Second stage,4,Sat,2017-08-05,14:00,Delfín SC,3.0,Clan Juvenil,0.0,740.0,Estadio Jocay,Vinício Espínel,,https://fbref.com/en/matches/28ec9625/Delfin-SC-Clan-Juvenil-August-5-2017-Serie-A
Liga Profesional Ecuador,M,ECU,2017,1st,Second stage,4,Sun,2017-08-06,11:30,LDU de Quito,1.0,Guayaquil City,1.0,4986.0,Estadio de Liga Deportiva Universitaria,Juan Albarracín,,https://fbref.com/en/matches/d31b0b2b/LDU-de-Quito-Guayaquil-City-August-6-2017-Serie-A
Liga Profesional Ecuador,M,ECU,2017,1st,Second stage,4,Sun,2017-08-06,12:00,El Nacional,0.0,CD Cuenca,1.0,3502.0,Estadio Olímpico Atahualpa,Marlon Vera,,https://fbref.com/en/matches/a2561890/El-Nacional-CD-Cuenca-August-6-2017-Serie-A
Liga Profesional Ecuador,M,ECU,2017,1st,Second stage,4,Sun,2017-08-06,15:00,Amarilla SC,2.0,Macará,2.0,254.0,Estadio 9 de Mayo,Franklin Congo,,https://fbref.com/en/matches/d585aa4b/Amarilla-SC-Macara-August-6-2017-Serie-A
Liga Profesional Ecuador,M,ECU,2017,1st,Second stage,5,Sat,2017-08-12,12:00,Univ Católica,0.0,Macará,1.0,636.0,Estadio Olímpico Atahualpa,Luis Quiroz,,https://fbref.com/en/matches/fedce96b/Univ-Catolica-Macara-August-12-2017-Serie-A
Liga Profesional Ecuador,M,ECU,2017,1st,Second stage,5,Sat,2017-08-12,16:00,Guayaquil City,2.0,El Nacional,2.0,888.0,Estadio Christian Benítez Betancourt,Ángel Hidalgo,,https://fbref.com/en/matches/47c38861/Guayaquil-City-El-Nacional-August-12-2017-Serie-A
Liga Profesional Ecuador,M,ECU,2017,1st,Second stage,5,Sun,2017-08-13,11:30,LDU de Quito,3.0,Independiente,1.0,6854.0,Estadio de Liga Deportiva Universitaria,Roddy Zambrano,,https://fbref.com/en/matches/241d9a10/LDU-de-Quito-Independiente-August-13-2017-Serie-A
Liga Profesional Ecuador,M,ECU,2017,1st,Second stage,5,Sun,2017-08-13,12:00,Clan Juvenil,0.0,Barcelona SC,2.0,5517.0,Estadio Olímpico Atahualpa,José Espinel,,https://fbref.com/en/matches/4d88e544/Clan-Juvenil-Barcelona-SC-August-13-2017-Serie-A
Liga Profesional Ecuador,M,ECU,2017,1st,Second stage,5,Sun,2017-08-13,14:30,CD Cuenca,1.0,Delfín SC,1.0,4967.0,Estadio Alejandro Serrano Aguilar,Diego Lara,,https://fbref.com/en/matches/c3cc5291/CD-Cuenca-Delfin-SC-August-13-2017-Serie-A
Liga Profesional Ecuador,M,ECU,2017,1st,Second stage,5,Mon,2017-08-14,20:00,CS Emelec,2.0,Amarilla SC,0.0,20596.0,Estadio Banco del Pacífico,Omar Ponce,,https://fbref.com/en/matches/497a4f78/CS-Emelec-Amarilla-SC-August-14-2017-Serie-A
Liga Profesional Ecuador,M,ECU,2017,1st,Second stage,6,Fri,2017-08-18,19:30,Macará,7.0,Clan Juvenil,1.0,2717.0,Estadio Bellavista de Ambato,Jefferson Macias,,https://fbref.com/en/matches/e83f2d5a/Macara-Clan-Juvenil-August-18-2017-Serie-A
Liga Profesional Ecuador,M,ECU,2017,1st,Second stage,6,Sat,2017-08-19,11:30,Independiente,2.0,CD Cuenca,3.0,324.0,Estadio Olímpico Atahualpa,Juan Albarracín,,https://fbref.com/en/matches/29d35c80/Independiente-CD-Cuenca-August-19-2017-Serie-A
Liga Profesional Ecuador,M,ECU,2017,1st,Second stage,6,Sun,2017-08-20,12:00,Delfín SC,2.0,CS Emelec,1.0,4500.0,Estadio Jocay,Roddy Zambrano,,https://fbref.com/en/matches/1ea4074e/Delfin-SC-CS-Emelec-August-20-2017-Serie-A
Liga Profesional Ecuador,M,ECU,2017,1st,Second stage,6,Sun,2017-08-20,12:00,El Nacional,4.0,LDU de Quito,2.0,18772.0,Estadio Olímpico Atahualpa,Omar Ponce,,https://fbref.com/en/matches/38058cdd/El-Nacional-LDU-de-Quito-August-20-2017-Serie-A
Liga Profesional Ecuador,M,ECU,2017,1st,Second stage,6,Sun,2017-08-20,15:00,Amarilla SC,2.0,Univ Católica,0.0,598.0,Estadio 9 de Mayo,Guillermo Guerrero,,https://fbref.com/en/matches/1c459fba/Amarilla-SC-Univ-Catolica-August-20-2017-Serie-A
Liga Profesional Ecuador,M,ECU,2017,1st,Second stage,6,Sun,2017-08-20,17:00,Barcelona SC,0.0,Guayaquil City,0.0,9806.0,Estadio Monumental Isidro Romero Carbo,Diego Lara,,https://fbref.com/en/matches/f8cdc357/Barcelona-SC-Guayaquil-City-August-20-2017-Serie-A
Liga Profesional Ecuador,M,ECU,2017,1st,Second stage,7,Fri,2017-08-25,15:45,Clan Juvenil,6.0,Univ Católica,3.0,94.0,Estadio General Rumiñahui del Valle de L...,Daniel Salazar,,https://fbref.com/en/matches/caeda593/Clan-Juvenil-Univ-Catolica-August-25-2017-Serie-A
Liga Profesional Ecuador,M,ECU,2017,1st,Second stage,7,Fri,2017-08-25,19:30,LDU de Quito,0.0,Barcelona SC,0.0,12416.0,Estadio de Liga Deportiva Universitaria,Luis Quiroz,,https://fbref.com/en/matches/9b5d6933/LDU-de-Quito-Barcelona-SC-August-25-2017-Serie-A
Liga Profesional Ecuador,M,ECU,2017,1st,Second stage,7,Fri,2017-08-25,19:30,El Nacional,1.0,Independiente,1.0,2881.0,Estadio Olímpico Atahualpa,Carlos Orbe,,https://fbref.com/en/matches/f7ccef5d/El-Nacional-Independiente-August-25-2017-Serie-A
Liga Profesional Ecuador,M,ECU,2017,1st,Second stage,7,Fri,2017-08-25,20:00,CD Cuenca,2.0,Amarilla SC,1.0,5154.0,Estadio Alejandro Serrano Aguilar,Roberto Sánchez,,https://fbref.com/en/matches/2bcf7353/CD-Cuenca-Amarilla-SC-August-25-2017-Serie-A
Liga Profesional Ecuador,M,ECU,2017,1st,Second stage,7,Fri,2017-08-25,20:00,Guayaquil City,0.0,Delfín SC,0.0,808.0,Estadio Christian Benítez Betancourt,Omar Ponce,,https://fbref.com/en/matches/9b25790e/Guayaquil-City-Delfin-SC-August-25-2017-Serie-A
Liga Profesional Ecuador,M,ECU,2017,1st,Second stage,7,Fri,2017-08-25,20:00,CS Emelec,2.0,Macará,1.0,15949.0,Estadio Banco del Pacífico,Marlon Vera,,https://fbref.com/en/matches/c9911863/CS-Emelec-Macara-August-25-2017-Serie-A
Liga Profesional Ecuador,M,ECU,2017,1st,Second stage,8,Fri,2017-09-01,12:00,Clan Juvenil,4.0,Guayaquil City,1.0,,Estadio General Rumiñahui del Valle de L...,Franklin Congo,,https://fbref.com/en/matches/c17df57c/Clan-Juvenil-Guayaquil-City-September-1-2017-Serie-A
Liga Profesional Ecuador,M,ECU,2017,1st,Second stage,8,Fri,2017-09-01,19:30,Macará,1.0,CD Cuenca,1.0,3103.0,Estadio Bellavista de Ambato,Roddy Zambrano,,https://fbref.com/en/matches/25709c7d/Macara-CD-Cuenca-September-1-2017-Serie-A
Liga Profesional Ecuador,M,ECU,2017,1st,Second stage,8,Sat,2017-09-02,12:00,Univ Católica,3.0,CS Emelec,1.0,1177.0,Estadio Olímpico Atahualpa,Juan Albarracín,,https://fbref.com/en/matches/30fd07f0/Univ-Catolica-CS-Emelec-September-2-2017-Serie-A
Liga Profesional Ecuador,M,ECU,2017,1st,Second stage,8,Sat,2017-09-02,16:00,Amarilla SC,1.0,Independiente,2.0,987.0,Estadio 9 de Mayo,Jefferson Macias,,https://fbref.com/en/matches/5e69b3c5/Amarilla-SC-Independiente-September-2-2017-Serie-A
Liga Profesional Ecuador,M,ECU,2017,1st,Second stage,8,Sun,2017-09-03,12:00,Delfín SC,1.0,LDU de Quito,0.0,2010.0,Estadio Jocay,José Espinel,,https://fbref.com/en/matches/00279c87/Delfin-SC-LDU-de-Quito-September-3-2017-Serie-A
Liga Profesional Ecuador,M,ECU,2017,1st,Second stage,9,Sat,2017-09-09,11:30,Independiente,2.0,Barcelona SC,2.0,4785.0,Estadio Olímpico Atahualpa,Roddy Zambrano,,https://fbref.com/en/matches/ff32cd8f/Independiente-Barcelona-SC-September-9-2017-Serie-A
Liga Profesional Ecuador,M,ECU,2017,1st,Second stage,9,Sat,2017-09-09,18:00,Guayaquil City,0.0,Amarilla SC,2.0,1036.0,Estadio Christian Benítez Betancourt,Ángel Hidalgo,,https://fbref.com/en/matches/bcd3a01b/Guayaquil-City-Amarilla-SC-September-9-2017-Serie-A
Liga Profesional Ecuador,M,ECU,2017,1st,Second stage,9,Sat,2017-09-09,18:30,LDU de Quito,2.0,Macará,0.0,12469.0,Estadio de Liga Deportiva Universitaria,Carlos Orbe,,https://fbref.com/en/matches/f3a78f7f/LDU-de-Quito-Macara-September-9-2017-Serie-A
Liga Profesional Ecuador,M,ECU,2017,1st,Second stage,9,Sun,2017-09-10,11:30,CD Cuenca,3.0,Univ Católica,1.0,5116.0,Estadio Alejandro Serrano Aguilar,Vinício Espínel,,https://fbref.com/en/matches/88d9b6c3/CD-Cuenca-Univ-Catolica-September-10-2017-Serie-A
Liga Profesional Ecuador,M,ECU,2017,1st,Second stage,9,Sun,2017-09-10,12:00,El Nacional,1.0,Delfín SC,0.0,4702.0,Estadio Olímpico Atahualpa,Luis Quiroz,,https://fbref.com/en/matches/91b1deea/El-Nacional-Delfin-SC-September-10-2017-Serie-A
Liga Profesional Ecuador,M,ECU,2017,1st,Second stage,9,Sun,2017-09-10,16:00,CS Emelec,5.0,Clan Juvenil,1.0,15430.0,Estadio Banco del Pacífico,Diego Lara,,https://fbref.com/en/matches/56c6bf1b/CS-Emelec-Clan-Juvenil-September-10-2017-Serie-A
Liga Profesional Ecuador,M,ECU,2017,1st,Second stage,10,Sat,2017-09-16,12:00,Univ Católica,0.0,Guayaquil City,0.0,299.0,Estadio Olímpico Atahualpa,Roberto Sánchez,,https://fbref.com/en/matches/5bc2653e/Univ-Catolica-Guayaquil-City-September-16-2017-Serie-A
Liga Profesional Ecuador,M,ECU,2017,1st,Second stage,10,Sun,2017-09-17,12:00,Delfín SC,2.0,Independiente,0.0,608.0,Estadio Jocay,Daniel Salazar,,https://fbref.com/en/matches/50292ea6/Delfin-SC-Independiente-September-17-2017-Serie-A
Liga Profesional Ecuador,M,ECU,2017,1st,Second stage,10,Sun,2017-09-17,12:00,Macará,3.0,El Nacional,2.0,3689.0,Estadio Bellavista de Ambato,José Espinel,,https://fbref.com/en/matches/7da6629b/Macara-El-Nacional-September-17-2017-Serie-A
Liga Profesional Ecuador,M,ECU,2017,1st,Second stage,10,Sun,2017-09-17,14:30,Clan Juvenil,2.0,CD Cuenca,2.0,393.0,Estadio General Rumiñahui del Valle de L...,Guillermo Guerrero,,https://fbref.com/en/matches/4cd10ab9/Clan-Juvenil-CD-Cuenca-September-17-2017-Serie-A
Liga Profesional Ecuador,M,ECU,2017,1st,Second stage,11,Sat,2017-09-23,11:30,Independiente,2.0,Clan Juvenil,1.0,174.0,Estadio Olímpico Atahualpa,Augusto Aragón,,https://fbref.com/en/matches/58566a08/Independiente-Clan-Juvenil-September-23-2017-Serie-A
Liga Profesional Ecuador,M,ECU,2017,1st,Second stage,11,Sat,2017-09-23,18:00,Guayaquil City,0.0,Macará,3.0,470.0,Estadio Christian Benítez Betancourt,Marlon Vera,,https://fbref.com/en/matches/f5e3d41a/Guayaquil-City-Macara-September-23-2017-Serie-A
Liga Profesional Ecuador,M,ECU,2017,1st,Second stage,11,Sun,2017-09-24,12:00,CD Cuenca,0.0,CS Emelec,2.0,7843.0,Estadio Alejandro Serrano Aguilar,Omar Ponce,,https://fbref.com/en/matches/3ec692f6/CD-Cuenca-CS-Emelec-September-24-2017-Serie-A
Liga Profesional Ecuador,M,ECU,2017,1st,Second stage,11,Sun,2017-09-24,12:00,El Nacional,6.0,Amarilla SC,0.0,1973.0,Estadio Olímpico Atahualpa,Juan Albarracín,,https://fbref.com/en/matches/fdac373a/El-Nacional-Amarilla-SC-September-24-2017-Serie-A
Liga Profesional Ecuador,M,ECU,2017,1st,Second stage,11,Sun,2017-09-24,17:30,LDU de Quito,3.0,Univ Católica,0.0,13237.0,Estadio de Liga Deportiva Universitaria,Guillermo Guerrero,,https://fbref.com/en/matches/164de467/LDU-de-Quito-Univ-Catolica-September-24-2017-Serie-A
Liga Profesional Ecuador,M,ECU,2017,1st,Second stage,11,Mon,2017-09-25,19:30,Barcelona SC,1.0,Delfín SC,1.0,15140.0,Estadio Monumental Isidro Romero Carbo,Carlos Orbe,,https://fbref.com/en/matches/71318236/Barcelona-SC-Delfin-SC-September-25-2017-Serie-A
Liga Profesional Ecuador,M,ECU,2017,1st,Second stage,12,Fri,2017-09-29,15:30,Clan Juvenil,2.0,Independiente,4.0,377.0,Estadio General Rumiñahui del Valle de L...,Vinício Espínel,,https://fbref.com/en/matches/d1df365b/Clan-Juvenil-Independiente-September-29-2017-Serie-A
Liga Profesional Ecuador,M,ECU,2017,1st,Second stage,12,Fri,2017-09-29,16:00,Delfín SC,1.0,Barcelona SC,1.0,10000.0,Estadio Jocay,Roddy Zambrano,,https://fbref.com/en/matches/568e36cd/Delfin-SC-Barcelona-SC-September-29-2017-Serie-A
Liga Profesional Ecuador,M,ECU,2017,1st,Second stage,12,Fri,2017-09-29,16:00,Amarilla SC,1.0,El Nacional,0.0,710.0,Estadio 9 de Mayo,Diego Lara,,https://fbref.com/en/matches/c074c58a/Amarilla-SC-El-Nacional-September-29-2017-Serie-A
Liga Profesional Ecuador,M,ECU,2017,1st,Second stage,12,Fri,2017-09-29,19:30,Macará,0.0,Guayaquil City,1.0,3955.0,Estadio Bellavista de Ambato,Jefferson Macias,,https://fbref.com/en/matches/0413ae82/Macara-Guayaquil-City-September-29-2017-Serie-A
Liga Profesional Ecuador,M,ECU,2017,1st,Second stage,12,Fri,2017-09-29,19:30,Univ Católica,2.0,LDU de Quito,3.0,2740.0,Estadio Olímpico Atahualpa,Franklin Congo,,https://fbref.com/en/matches/2786f4da/Univ-Catolica-LDU-de-Quito-September-29-2017-Serie-A
Liga Profesional Ecuador,M,ECU,2017,1st,Second stage,12,Fri,2017-09-29,20:00,CS Emelec,1.0,CD Cuenca,0.0,21280.0,Estadio Banco del Pacífico,Carlos Orbe,,https://fbref.com/en/matches/97e1f98f/CS-Emelec-CD-Cuenca-September-29-2017-Serie-A
Liga Profesional Ecuador,M,ECU,2017,1st,Second stage,13,Sat,2017-10-07,15:30,Amarilla SC,1.0,LDU de Quito,1.0,1481.0,Estadio 9 de Mayo,Luis Quiroz,,https://fbref.com/en/matches/aac0604e/Amarilla-SC-LDU-de-Quito-October-7-2017-Serie-A
Liga Profesional Ecuador,M,ECU,2017,1st,Second stage,13,Sat,2017-10-07,16:00,El Nacional,1.0,Macará,0.0,1774.0,Estadio Olímpico Atahualpa,Guillermo Guerrero,,https://fbref.com/en/matches/a3ffa2ec/El-Nacional-Macara-October-7-2017-Serie-A
Liga Profesional Ecuador,M,ECU,2017,1st,Second stage,14,Fri,2017-10-13,19:30,Univ Católica,2.0,CD Cuenca,2.0,241.0,Estadio Olímpico Atahualpa,Marlon Vera,,https://fbref.com/en/matches/5e5f8e3f/Univ-Catolica-CD-Cuenca-October-13-2017-Serie-A
Liga Profesional Ecuador,M,ECU,2017,1st,Second stage,14,Fri,2017-10-13,19:30,Barcelona SC,1.0,Independiente,1.0,4138.0,Estadio Monumental Isidro Romero Carbo,Juan Albarracín,,https://fbref.com/en/matches/75e78dc0/Barcelona-SC-Independiente-October-13-2017-Serie-A
Liga Profesional Ecuador,M,ECU,2017,1st,Second stage,14,Sat,2017-10-14,15:00,Delfín SC,2.0,El Nacional,1.0,1150.0,Estadio Jocay,Carlos Orbe,,https://fbref.com/en/matches/b1104cff/Delfin-SC-El-Nacional-October-14-2017-Serie-A
Liga Profesional Ecuador,M,ECU,2017,1st,Second stage,14,Sat,2017-10-14,15:30,Amarilla SC,0.0,Guayaquil City,3.0,,Estadio 9 de Mayo,Daniel Salazar,Match awarded to Guayaquil City,https://fbref.com/en/matches/538379e5/Amarilla-SC-Guayaquil-City-October-14-2017-Serie-A
Liga Profesional Ecuador,M,ECU,2017,1st,Second stage,14,Sun,2017-10-15,12:00,Macará,1.0,LDU de Quito,1.0,8709.0,Estadio Bellavista de Ambato,Ángel Hidalgo,,https://fbref.com/en/matches/14bbb454/Macara-LDU-de-Quito-October-15-2017-Serie-A
Liga Profesional Ecuador,M,ECU,2017,1st,Second stage,14,Sun,2017-10-15,16:00,Clan Juvenil,1.0,CS Emelec,2.0,8725.0,Estadio Reales Tamarindos,Roberto Sánchez,,https://fbref.com/en/matches/ecb90ad8/Clan-Juvenil-CS-Emelec-October-15-2017-Serie-A
Liga Profesional Ecuador,M,ECU,2017,1st,Second stage,13,Wed,2017-10-18,11:30,Independiente,2.0,Delfín SC,2.0,112.0,Estadio General Rumiñahui del Valle de L...,Luis Quiroz,,https://fbref.com/en/matches/2147bb21/Independiente-Delfin-SC-October-18-2017-Serie-A
Liga Profesional Ecuador,M,ECU,2017,1st,Second stage,13,Wed,2017-10-18,18:00,Guayaquil City,2.0,Univ Católica,1.0,86.0,Estadio Christian Benítez Betancourt,Omar Ponce,,https://fbref.com/en/matches/321bc426/Guayaquil-City-Univ-Catolica-October-18-2017-Serie-A
Liga Profesional Ecuador,M,ECU,2017,1st,Second stage,10,Wed,2017-10-18,19:15,LDU de Quito,3.0,Amarilla SC,1.0,1471.0,Estadio 9 de Mayo,Jefferson Macias,,https://fbref.com/en/matches/eb2b3d07/LDU-de-Quito-Amarilla-SC-October-18-2017-Serie-A
Liga Profesional Ecuador,M,ECU,2017,1st,Second stage,8,Wed,2017-10-18,19:30,Barcelona SC,1.0,El Nacional,2.0,3544.0,Estadio Monumental Isidro Romero Carbo,Ángel Hidalgo,,https://fbref.com/en/matches/650f4d9b/Barcelona-SC-El-Nacional-October-18-2017-Serie-A
Liga Profesional Ecuador,M,ECU,2017,1st,Second stage,13,Wed,2017-10-18,20:15,CD Cuenca,3.0,Clan Juvenil,0.0,2579.0,Estadio Alejandro Serrano Aguilar,Vinício Espínel,,https://fbref.com/en/matches/724f01b7/CD-Cuenca-Clan-Juvenil-October-18-2017-Serie-A
Liga Profesional Ecuador,M,ECU,2017,1st,Second stage,15,Sun,2017-10-22,11:30,LDU de Quito,5.0,Delfín SC,2.0,7014.0,Estadio de Liga Deportiva Universitaria,Omar Ponce,,https://fbref.com/en/matches/44215611/LDU-de-Quito-Delfin-SC-October-22-2017-Serie-A
Liga Profesional Ecuador,M,ECU,2017,1st,Second stage,15,Sun,2017-10-22,11:30,Independiente,6.0,Amarilla SC,0.0,208.0,Estadio General Rumiñahui del Valle de L...,Franklin Congo,,https://fbref.com/en/matches/85729b4e/Independiente-Amarilla-SC-October-22-2017-Serie-A
Liga Profesional Ecuador,M,ECU,2017,1st,Second stage,15,Sun,2017-10-22,12:00,El Nacional,3.0,Barcelona SC,3.0,12633.0,Estadio Olímpico Atahualpa,Luis Quiroz,,https://fbref.com/en/matches/fec15e94/El-Nacional-Barcelona-SC-October-22-2017-Serie-A
Liga Profesional Ecuador,M,ECU,2017,1st,Second stage,15,Sun,2017-10-22,13:45,CD Cuenca,0.0,Macará,1.0,4162.0,Estadio Alejandro Serrano Aguilar,Diego Lara,,https://fbref.com/en/matches/79dfebe5/CD-Cuenca-Macara-October-22-2017-Serie-A
Liga Profesional Ecuador,M,ECU,2017,1st,Second stage,15,Sun,2017-10-22,16:00,Guayaquil City,0.0,Clan Juvenil,0.0,57.0,Estadio Christian Benítez Betancourt,Ángel Hidalgo,,https://fbref.com/en/matches/a09c97a0/Guayaquil-City-Clan-Juvenil-October-22-2017-Serie-A
Liga Profesional Ecuador,M,ECU,2017,1st,Second stage,15,Sun,2017-10-22,16:00,CS Emelec,2.0,Univ Católica,0.0,17822.0,Estadio Banco del Pacífico,Guillermo Guerrero,,https://fbref.com/en/matches/c7d7aaf4/CS-Emelec-Univ-Catolica-October-22-2017-Serie-A
Liga Profesional Ecuador,M,ECU,2017,1st,Second stage,16,Sat,2017-10-28,15:30,Amarilla SC,2.0,CD Cuenca,0.0,422.0,Estadio 9 de Mayo,Jefferson Macias,,https://fbref.com/en/matches/1bb418c1/Amarilla-SC-CD-Cuenca-October-28-2017-Serie-A
Liga Profesional Ecuador,M,ECU,2017,1st,Second stage,16,Sat,2017-10-28,16:00,Independiente,2.0,El Nacional,2.0,1784.0,Estadio General Rumiñahui del Valle de L...,Roberto Sánchez,,https://fbref.com/en/matches/c20ee9c3/Independiente-El-Nacional-October-28-2017-Serie-A
Liga Profesional Ecuador,M,ECU,2017,1st,Second stage,16,Sat,2017-10-28,16:30,Barcelona SC,2.0,LDU de Quito,0.0,8710.0,Estadio Monumental Isidro Romero Carbo,Vinício Espínel,,https://fbref.com/en/matches/c4811344/Barcelona-SC-LDU-de-Quito-October-28-2017-Serie-A
Liga Profesional Ecuador,M,ECU,2017,1st,Second stage,16,Sun,2017-10-29,12:00,Macará,1.0,CS Emelec,0.0,6587.0,Estadio Bellavista de Ambato,Omar Ponce,,https://fbref.com/en/matches/1c4877f1/Macara-CS-Emelec-October-29-2017-Serie-A
Liga Profesional Ecuador,M,ECU,2017,1st,Second stage,16,Sun,2017-10-29,12:00,Univ Católica,2.0,Clan Juvenil,0.0,225.0,Estadio Olímpico Atahualpa,Juan Albarracín,,https://fbref.com/en/matches/a61b72ff/Univ-Catolica-Clan-Juvenil-October-29-2017-Serie-A
Liga Profesional Ecuador,M,ECU,2017,1st,Second stage,16,Sun,2017-10-29,12:00,Delfín SC,2.0,Guayaquil City,0.0,118.0,Estadio Jocay,Guillermo Guerrero,,https://fbref.com/en/matches/bc438d37/Delfin-SC-Guayaquil-City-October-29-2017-Serie-A
Liga Profesional Ecuador,M,ECU,2017,1st,Second stage,17,Fri,2017-11-03,15:30,Clan Juvenil,1.0,Macará,0.0,2025.0,Estadio General Rumiñahui del Valle de L...,Marlon Vera,,https://fbref.com/en/matches/11a98fe8/Clan-Juvenil-Macara-November-3-2017-Serie-A
Liga Profesional Ecuador,M,ECU,2017,1st,Second stage,17,Fri,2017-11-03,20:00,CS Emelec,0.0,Delfín SC,0.0,34230.0,Estadio Banco del Pacífico,Daniel Salazar,,https://fbref.com/en/matches/4ef4565f/CS-Emelec-Delfin-SC-November-3-2017-Serie-A
Liga Profesional Ecuador,M,ECU,2017,1st,Second stage,17,Fri,2017-11-03,20:00,CD Cuenca,1.0,Independiente,0.0,3799.0,Estadio Alejandro Serrano Aguilar,Omar Ponce,,https://fbref.com/en/matches/de37169e/CD-Cuenca-Independiente-November-3-2017-Serie-A
Liga Profesional Ecuador,M,ECU,2017,1st,Second stage,17,Sat,2017-11-04,12:00,Univ Católica,2.0,Amarilla SC,0.0,107.0,Estadio Olímpico Atahualpa,Vinício Espínel,,https://fbref.com/en/matches/97bb288b/Univ-Catolica-Amarilla-SC-November-4-2017-Serie-A
Liga Profesional Ecuador,M,ECU,2017,1st,Second stage,17,Sat,2017-11-04,18:00,Guayaquil City,1.0,Barcelona SC,2.0,4491.0,Estadio Christian Benítez Betancourt,Franklin Congo,,https://fbref.com/en/matches/21f03ee2/Guayaquil-City-Barcelona-SC-November-4-2017-Serie-A
Liga Profesional Ecuador,M,ECU,2017,1st,Second stage,17,Sat,2017-11-04,18:30,LDU de Quito,0.0,El Nacional,3.0,13192.0,Estadio de Liga Deportiva Universitaria,Diego Lara,,https://fbref.com/en/matches/610ab567/LDU-de-Quito-El-Nacional-November-4-2017-Serie-A
Liga Profesional Ecuador,M,ECU,2017,1st,Second stage,10,Wed,2017-11-08,19:30,Barcelona SC,0.0,CS Emelec,0.0,14874.0,Estadio Monumental Isidro Romero Carbo,Carlos Orbe,,https://fbref.com/en/matches/cfc4196a/Barcelona-SC-CS-Emelec-November-8-2017-Serie-A
Liga Profesional Ecuador,M,ECU,2017,1st,Second stage,18,Fri,2017-11-10,19:30,El Nacional,1.0,Guayaquil City,0.0,4251.0,Estadio Olímpico Atahualpa,Daniel Salazar,,https://fbref.com/en/matches/cab16d33/El-Nacional-Guayaquil-City-November-10-2017-Serie-A
Liga Profesional Ecuador,M,ECU,2017,1st,Second stage,18,Fri,2017-11-10,19:30,Macará,2.0,Univ Católica,1.0,1812.0,Estadio Bellavista de Ambato,Guillermo Guerrero,,https://fbref.com/en/matches/d46a1c47/Macara-Univ-Catolica-November-10-2017-Serie-A
Liga Profesional Ecuador,M,ECU,2017,1st,Second stage,18,Sat,2017-11-11,16:00,Amarilla SC,0.0,CS Emelec,3.0,4112.0,Estadio 9 de Mayo,Diego Lara,,https://fbref.com/en/matches/4832ab1e/Amarilla-SC-CS-Emelec-November-11-2017-Serie-A
Liga Profesional Ecuador,M,ECU,2017,1st,Second stage,18,Sat,2017-11-11,16:30,Barcelona SC,2.0,Clan Juvenil,1.0,4118.0,Estadio Monumental Isidro Romero Carbo,Roberto Sánchez,,https://fbref.com/en/matches/12b53b29/Barcelona-SC-Clan-Juvenil-November-11-2017-Serie-A
Liga Profesional Ecuador,M,ECU,2017,1st,Second stage,18,Sun,2017-11-12,11:30,Independiente,1.0,LDU de Quito,3.0,2909.0,Estadio General Rumiñahui del Valle de L...,Roddy Zambrano,,https://fbref.com/en/matches/cdf60c8c/Independiente-LDU-de-Quito-November-12-2017-Serie-A
Liga Profesional Ecuador,M,ECU,2017,1st,Second stage,18,Sun,2017-11-12,12:00,Delfín SC,0.0,CD Cuenca,0.0,1736.0,Estadio Jocay,Carlos Orbe,,https://fbref.com/en/matches/78ffd71d/Delfin-SC-CD-Cuenca-November-12-2017-Serie-A
Liga Profesional Ecuador,M,ECU,2017,1st,Second stage,13,Wed,2017-11-15,20:00,CS Emelec,3.0,Barcelona SC,0.0,34704.0,Estadio Banco del Pacífico,Omar Ponce,,https://fbref.com/en/matches/b09f0183/CS-Emelec-Barcelona-SC-November-15-2017-Serie-A
Liga Profesional Ecuador,M,ECU,2017,1st,Second stage,19,Fri,2017-11-17,20:00,CD Cuenca,1.0,El Nacional,2.0,4496.0,Estadio Alejandro Serrano Aguilar,Roddy Zambrano,,https://fbref.com/en/matches/e2054e07/CD-Cuenca-El-Nacional-November-17-2017-Serie-A
Liga Profesional Ecuador,M,ECU,2017,1st,Second stage,19,Sat,2017-11-18,15:30,Clan Juvenil,3.0,Delfín SC,3.0,6728.0,Estadio General Rumiñahui del Valle de L...,Juan Albarracín,,https://fbref.com/en/matches/2a399ef8/Clan-Juvenil-Delfin-SC-November-18-2017-Serie-A
Liga Profesional Ecuador,M,ECU,2017,1st,Second stage,19,Sun,2017-11-19,12:00,Univ Católica,1.0,Barcelona SC,2.0,2859.0,Estadio Olímpico Atahualpa,Ángel Hidalgo,,https://fbref.com/en/matches/1e9b1f84/Univ-Catolica-Barcelona-SC-November-19-2017-Serie-A
Liga Profesional Ecuador,M,ECU,2017,1st,Second stage,19,Sun,2017-11-19,12:00,Macará,1.0,Amarilla SC,0.0,2343.0,Estadio Bellavista de Ambato,Daniel Salazar,,https://fbref.com/en/matches/29759973/Macara-Amarilla-SC-November-19-2017-Serie-A
Liga Profesional Ecuador,M,ECU,2017,1st,Second stage,19,Sun,2017-11-19,15:00,Guayaquil City,1.0,LDU de Quito,0.0,1123.0,Estadio Banco del Pacífico,Jefferson Macias,,https://fbref.com/en/matches/82e1d336/Guayaquil-City-LDU-de-Quito-November-19-2017-Serie-A
Liga Profesional Ecuador,M,ECU,2017,1st,Second stage,19,Sun,2017-11-19,17:30,CS Emelec,2.0,Independiente,1.0,29531.0,Estadio Banco del Pacífico,Vinício Espínel,,https://fbref.com/en/matches/857e43cd/CS-Emelec-Independiente-November-19-2017-Serie-A
Liga Profesional Ecuador,M,ECU,2017,1st,Second stage,20,Sat,2017-11-25,15:30,Amarilla SC,3.0,Clan Juvenil,2.0,21.0,Estadio 9 de Mayo,Franklin Congo,,https://fbref.com/en/matches/57290344/Amarilla-SC-Clan-Juvenil-November-25-2017-Serie-A
Liga Profesional Ecuador,M,ECU,2017,1st,Second stage,20,Sat,2017-11-25,16:00,Independiente,4.0,Guayaquil City,1.0,121.0,Estadio General Rumiñahui del Valle de L...,Carlos Orbe,,https://fbref.com/en/matches/f4e3d68a/Independiente-Guayaquil-City-November-25-2017-Serie-A
Liga Profesional Ecuador,M,ECU,2017,1st,Second stage,20,Sun,2017-11-26,11:30,LDU de Quito,2.0,CS Emelec,4.0,9206.0,Estadio de Liga Deportiva Universitaria,Daniel Salazar,,https://fbref.com/en/matches/f9e3c06d/LDU-de-Quito-CS-Emelec-November-26-2017-Serie-A
Liga Profesional Ecuador,M,ECU,2017,1st,Second stage,20,Sun,2017-11-26,12:00,Delfín SC,1.0,Macará,1.0,1000.0,Estadio Jocay,Diego Lara,,https://fbref.com/en/matches/5ee8a886/Delfin-SC-Macara-November-26-2017-Serie-A
Liga Profesional Ecuador,M,ECU,2017,1st,Second stage,20,Sun,2017-11-26,12:00,El Nacional,3.0,Univ Católica,1.0,6999.0,Estadio Olímpico Atahualpa,Omar Ponce,,https://fbref.com/en/matches/e081bbd1/El-Nacional-Univ-Catolica-November-26-2017-Serie-A
Liga Profesional Ecuador,M,ECU,2017,1st,Second stage,20,Sun,2017-11-26,16:30,Barcelona SC,3.0,CD Cuenca,0.0,2075.0,Estadio Monumental Isidro Romero Carbo,Vinício Espínel,,https://fbref.com/en/matches/7e3c79a6/Barcelona-SC-CD-Cuenca-November-26-2017-Serie-A
Liga Profesional Ecuador,M,ECU,2017,1st,Second stage,21,Sat,2017-12-02,15:00,Univ Católica,2.0,Delfín SC,0.0,148.0,Estadio de Liga Deportiva Universitaria,Carlos Orbe,,https://fbref.com/en/matches/25a5d4ec/Univ-Catolica-Delfin-SC-December-2-2017-Serie-A
Liga Profesional Ecuador,M,ECU,2017,1st,Second stage,21,Sat,2017-12-02,15:00,Clan Juvenil,2.0,El Nacional,2.0,1478.0,Estadio General Rumiñahui del Valle de L...,Vinício Espínel,,https://fbref.com/en/matches/b627feb1/Clan-Juvenil-El-Nacional-December-2-2017-Serie-A
Liga Profesional Ecuador,M,ECU,2017,1st,Second stage,21,Sat,2017-12-02,15:00,CS Emelec,2.0,Guayaquil City,0.0,29262.0,Estadio Banco del Pacífico,Guillermo Guerrero,,https://fbref.com/en/matches/c231a61b/CS-Emelec-Guayaquil-City-December-2-2017-Serie-A
Liga Profesional Ecuador,M,ECU,2017,1st,Second stage,21,Sat,2017-12-02,15:00,CD Cuenca,1.0,LDU de Quito,3.0,3520.0,Estadio Alejandro Serrano Aguilar,Luis Quiroz,,https://fbref.com/en/matches/eb7d7deb/CD-Cuenca-LDU-de-Quito-December-2-2017-Serie-A
Liga Profesional Ecuador,M,ECU,2017,1st,Second stage,21,Sun,2017-12-03,13:00,Macará,0.0,Independiente,0.0,5168.0,Estadio Bellavista de Ambato,Omar Ponce,,https://fbref.com/en/matches/396b386f/Macara-Independiente-December-3-2017-Serie-A
Liga Profesional Ecuador,M,ECU,2017,1st,Second stage,21,Sun,2017-12-03,13:00,Amarilla SC,0.0,Barcelona SC,2.0,8399.0,Estadio 9 de Mayo,Roddy Zambrano,,https://fbref.com/en/matches/57e05d3d/Amarilla-SC-Barcelona-SC-December-3-2017-Serie-A
Liga Profesional Ecuador,M,ECU,2017,1st,Second stage,22,Fri,2017-12-08,19:30,LDU de Quito,6.0,Clan Juvenil,3.0,2015.0,Estadio de Liga Deportiva Universitaria,Ángel Hidalgo,,https://fbref.com/en/matches/3616c417/LDU-de-Quito-Clan-Juvenil-December-8-2017-Serie-A
Liga Profesional Ecuador,M,ECU,2017,1st,Second stage,22,Sat,2017-12-09,15:00,Barcelona SC,0.0,Macará,1.0,4194.0,Estadio Monumental Isidro Romero Carbo,Luis Quiroz,,https://fbref.com/en/matches/21a3a837/Barcelona-SC-Macara-December-9-2017-Serie-A
Liga Profesional Ecuador,M,ECU,2017,1st,Second stage,22,Sat,2017-12-09,15:00,Delfín SC,3.0,Amarilla SC,0.0,680.0,Estadio Jocay,Roberto Sánchez,,https://fbref.com/en/matches/24677c13/Delfin-SC-Amarilla-SC-December-9-2017-Serie-A
Liga Profesional Ecuador,M,ECU,2017,1st,Second stage,22,Sat,2017-12-09,15:00,El Nacional,3.0,CS Emelec,1.0,5127.0,Estadio Olímpico Atahualpa,Juan Albarracín,,https://fbref.com/en/matches/33b6cbb7/El-Nacional-CS-Emelec-December-9-2017-Serie-A
Liga Profesional Ecuador,M,ECU,2017,1st,Second stage,22,Sat,2017-12-09,15:00,Independiente,2.0,Univ Católica,0.0,101.0,Estadio General Rumiñahui del Valle de L...,Roddy Zambrano,,https://fbref.com/en/matches/a67a7893/Independiente-Univ-Catolica-December-9-2017-Serie-A
Liga Profesional Ecuador,M,ECU,2017,1st,Second stage,22,Sat,2017-12-09,18:00,Guayaquil City,0.0,CD Cuenca,1.0,84.0,Estadio Christian Benítez Betancourt,Daniel Salazar,,https://fbref.com/en/matches/6ae627d3/Guayaquil-City-CD-Cuenca-December-9-2017-Serie-A
Liga Profesional Ecuador,M,ECU,2017,1st,Finals,,Wed,2017-12-13,20:00,CS Emelec,4.0,Delfín SC,2.0,34819.0,Estadio Banco del Pacífico,Roddy Zambrano,Leg 1 of 2,https://fbref.com/en/matches/3bfa07c7/CS-Emelec-Delfin-SC-December-13-2017-Serie-A
Liga Profesional Ecuador,M,ECU,2017,1st,Finals,,Sun,2017-12-17,12:00,Delfín SC,0.0,CS Emelec,2.0,11800.0,Estadio Jocay,Omar Ponce,Leg 2 of 2; CS Emelec won,https://fbref.com/en/matches/6b031d49/Delfin-SC-CS-Emelec-December-17-2017-Serie-A
Liga Profesional Ecuador,M,ECU,2018,1st,First stage,1,Fri,2018-02-16,19:30,Barcelona SC,3.0,Univ Católica,2.0,9641.0,Estadio Monumental Isidro Romero Carbo,Jefferson Macias,,https://fbref.com/en/matches/b4745600/Barcelona-SC-Univ-Catolica-February-16-2018-Serie-A
Liga Profesional Ecuador,M,ECU,2018,1st,First stage,1,Sat,2018-02-17,12:00,El Nacional,1.0,CS Emelec,2.0,8841.0,Estadio Olímpico Atahualpa,Carlos Orbe,,https://fbref.com/en/matches/1ddc0855/El-Nacional-CS-Emelec-February-17-2018-Serie-A
Liga Profesional Ecuador,M,ECU,2018,1st,First stage,1,Sat,2018-02-17,16:00,Macará,1.0,Independiente,3.0,2758.0,Estadio Bellavista de Ambato,Vinício Espínel,,https://fbref.com/en/matches/57dc70cf/Macara-Independiente-February-17-2018-Serie-A
Liga Profesional Ecuador,M,ECU,2018,1st,First stage,1,Sun,2018-02-18,12:00,CD Cuenca,2.0,LDU de Quito,1.0,9477.0,Estadio Alejandro Serrano Aguilar,Daniel Salazar,,https://fbref.com/en/matches/358b1fce/CD-Cuenca-LDU-de-Quito-February-18-2018-Serie-A
Liga Profesional Ecuador,M,ECU,2018,1st,First stage,1,Sun,2018-02-18,16:00,SD Aucas,0.0,Delfín SC,0.0,5994.0,Estadio Gonzalo Pozo Ripalda,Diego Lara,,https://fbref.com/en/matches/ef545261/SD-Aucas-Delfin-SC-February-18-2018-Serie-A
Liga Profesional Ecuador,M,ECU,2018,1st,First stage,1,Mon,2018-02-19,19:00,Guayaquil City,0.0,Técnico Univ.,0.0,211.0,Estadio Banco del Pacífico,Marlon Vera,,https://fbref.com/en/matches/254c72d1/Guayaquil-City-Tecnico-Univ-February-19-2018-Serie-A
Liga Profesional Ecuador,M,ECU,2018,1st,First stage,2,Fri,2018-02-23,19:30,CS Emelec,2.0,Macará,0.0,21059.0,Estadio Banco del Pacífico,Roberto Sánchez,,https://fbref.com/en/matches/413ec546/CS-Emelec-Macara-February-23-2018-Serie-A
Liga Profesional Ecuador,M,ECU,2018,1st,First stage,2,Sat,2018-02-24,12:00,Univ Católica,3.0,CD Cuenca,1.0,250.0,Estadio Olímpico Atahualpa,Ángel Hidalgo,,https://fbref.com/en/matches/f9f8105c/Univ-Catolica-CD-Cuenca-February-24-2018-Serie-A
Liga Profesional Ecuador,M,ECU,2018,1st,First stage,2,Sat,2018-02-24,16:00,Independiente,1.0,SD Aucas,0.0,2771.0,Estadio General Rumiñahui del Valle de L...,Roddy Zambrano,,https://fbref.com/en/matches/71193bde/Independiente-SD-Aucas-February-24-2018-Serie-A
Liga Profesional Ecuador,M,ECU,2018,1st,First stage,2,Sun,2018-02-25,12:00,Técnico Univ.,0.0,Barcelona SC,1.0,5454.0,Estadio Bellavista de Ambato,Omar Ponce,,https://fbref.com/en/matches/3cec0d88/Tecnico-Univ-Barcelona-SC-February-25-2018-Serie-A
Liga Profesional Ecuador,M,ECU,2018,1st,First stage,2,Sun,2018-02-25,17:00,Delfín SC,1.0,El Nacional,3.0,550.0,Estadio Jocay,Franklin Congo,,https://fbref.com/en/matches/be7cf579/Delfin-SC-El-Nacional-February-25-2018-Serie-A
Liga Profesional Ecuador,M,ECU,2018,1st,First stage,2,Mon,2018-02-26,19:30,LDU de Quito,2.0,Guayaquil City,1.0,4425.0,Estadio de Liga Deportiva Universitaria,Juan Albarracín,,https://fbref.com/en/matches/5e262538/LDU-de-Quito-Guayaquil-City-February-26-2018-Serie-A
Liga Profesional Ecuador,M,ECU,2018,1st,First stage,3,Fri,2018-03-02,19:30,Barcelona SC,0.0,Independiente,0.0,9854.0,Estadio Monumental Isidro Romero Carbo,Carlos Orbe,,https://fbref.com/en/matches/2e768906/Barcelona-SC-Independiente-March-2-2018-Serie-A
Liga Profesional Ecuador,M,ECU,2018,1st,First stage,3,Sat,2018-03-03,12:00,SD Aucas,3.0,El Nacional,0.0,8185.0,Estadio Gonzalo Pozo Ripalda,Guillermo Guerrero,,https://fbref.com/en/matches/add8e279/SD-Aucas-El-Nacional-March-3-2018-Serie-A
Liga Profesional Ecuador,M,ECU,2018,1st,First stage,3,Sat,2018-03-03,17:00,CD Cuenca,1.0,Técnico Univ.,1.0,3500.0,Estadio Alejandro Serrano Aguilar,Jefferson Macias,,https://fbref.com/en/matches/16aba371/CD-Cuenca-Tecnico-Univ-March-3-2018-Serie-A
Liga Profesional Ecuador,M,ECU,2018,1st,First stage,3,Sun,2018-03-04,12:00,Univ Católica,1.0,LDU de Quito,2.0,8544.0,Estadio Olímpico Atahualpa,Luis Quiroz,,https://fbref.com/en/matches/cd2786ab/Univ-Catolica-LDU-de-Quito-March-4-2018-Serie-A
Liga Profesional Ecuador,M,ECU,2018,1st,First stage,3,Mon,2018-03-05,19:30,Guayaquil City,0.0,CS Emelec,3.0,22610.0,Estadio Banco del Pacífico,Vinício Espínel,,https://fbref.com/en/matches/20e865ca/Guayaquil-City-CS-Emelec-March-5-2018-Serie-A
Liga Profesional Ecuador,M,ECU,2018,1st,First stage,3,Mon,2018-03-05,20:00,Macará,2.0,Delfín SC,1.0,,Estadio Bellavista de Ambato,Daniel Salazar,,https://fbref.com/en/matches/9755ca08/Macara-Delfin-SC-March-5-2018-Serie-A
Liga Profesional Ecuador,M,ECU,2018,1st,First stage,4,Fri,2018-03-09,20:00,Técnico Univ.,0.0,Univ Católica,2.0,2417.0,Estadio Bellavista de Ambato,Roberto Sánchez,,https://fbref.com/en/matches/2ac9cbe4/Tecnico-Univ-Univ-Catolica-March-9-2018-Serie-A
Liga Profesional Ecuador,M,ECU,2018,1st,First stage,4,Sat,2018-03-10,16:00,Independiente,1.0,Guayaquil City,1.0,395.0,Estadio General Rumiñahui del Valle de L...,Franklin Congo,,https://fbref.com/en/matches/84e9fce6/Independiente-Guayaquil-City-March-10-2018-Serie-A
Liga Profesional Ecuador,M,ECU,2018,1st,First stage,4,Sat,2018-03-10,16:30,CS Emelec,4.0,CD Cuenca,1.0,26834.0,Estadio Banco del Pacífico,Roddy Zambrano,,https://fbref.com/en/matches/c73fade7/CS-Emelec-CD-Cuenca-March-10-2018-Serie-A
Liga Profesional Ecuador,M,ECU,2018,1st,First stage,4,Sun,2018-03-11,12:00,LDU de Quito,1.0,SD Aucas,1.0,22294.0,Estadio de Liga Deportiva Universitaria,Omar Ponce,,https://fbref.com/en/matches/6eedc456/LDU-de-Quito-SD-Aucas-March-11-2018-Serie-A
Liga Profesional Ecuador,M,ECU,2018,1st,First stage,4,Sun,2018-03-11,12:00,Delfín SC,0.0,Barcelona SC,1.0,3300.0,Estadio Jocay,Luis Quiroz,,https://fbref.com/en/matches/b68a5eb1/Delfin-SC-Barcelona-SC-March-11-2018-Serie-A
Liga Profesional Ecuador,M,ECU,2018,1st,First stage,4,Mon,2018-03-12,19:30,El Nacional,1.0,Macará,2.0,4864.0,Estadio Olímpico Atahualpa,Diego Lara,,https://fbref.com/en/matches/5618e52b/El-Nacional-Macara-March-12-2018-Serie-A
Liga Profesional Ecuador,M,ECU,2018,1st,First stage,5,Fri,2018-03-16,20:00,CD Cuenca,1.0,Independiente,2.0,4489.0,Estadio Alejandro Serrano Aguilar,Omar Ponce,,https://fbref.com/en/matches/0f065cd1/CD-Cuenca-Independiente-March-16-2018-Serie-A
Liga Profesional Ecuador,M,ECU,2018,1st,First stage,5,Sat,2018-03-17,16:00,LDU de Quito,4.0,Técnico Univ.,0.0,5370.0,Estadio de Liga Deportiva Universitaria,Carlos Orbe,,https://fbref.com/en/matches/4d71ec0b/LDU-de-Quito-Tecnico-Univ-March-17-2018-Serie-A
Liga Profesional Ecuador,M,ECU,2018,1st,First stage,5,Sat,2018-03-17,16:00,Macará,1.0,SD Aucas,1.0,4086.0,Estadio Bellavista de Ambato,Juan Albarracín,,https://fbref.com/en/matches/78ef73ad/Macara-SD-Aucas-March-17-2018-Serie-A
Liga Profesional Ecuador,M,ECU,2018,1st,First stage,5,Sun,2018-03-18,17:00,Barcelona SC,5.0,El Nacional,1.0,,Estadio Monumental Isidro Romero Carbo,Vinício Espínel,,https://fbref.com/en/matches/83bebe1e/Barcelona-SC-El-Nacional-March-18-2018-Serie-A
Liga Profesional Ecuador,M,ECU,2018,1st,First stage,5,Sun,2018-03-18,19:30,Guayaquil City,0.0,Delfín SC,1.0,15974.0,Estadio Monumental Isidro Romero Carbo,Guillermo Guerrero,,https://fbref.com/en/matches/5b865fc4/Guayaquil-City-Delfin-SC-March-18-2018-Serie-A
Liga Profesional Ecuador,M,ECU,2018,1st,First stage,5,Mon,2018-03-19,19:30,Univ Católica,2.0,CS Emelec,0.0,2794.0,Estadio Olímpico Atahualpa,Daniel Salazar,,https://fbref.com/en/matches/da3ad59d/Univ-Catolica-CS-Emelec-March-19-2018-Serie-A
Liga Profesional Ecuador,M,ECU,2018,1st,First stage,6,Sat,2018-03-24,18:00,Independiente,2.0,Univ Católica,1.0,752.0,Estadio General Rumiñahui del Valle de L...,Jefferson Macias,,https://fbref.com/en/matches/4c559d01/Independiente-Univ-Catolica-March-24-2018-Serie-A
Liga Profesional Ecuador,M,ECU,2018,1st,First stage,6,Sun,2018-03-25,12:00,SD Aucas,1.0,Barcelona SC,1.0,16274.0,Estadio Gonzalo Pozo Ripalda,Daniel Salazar,,https://fbref.com/en/matches/24a8c76f/SD-Aucas-Barcelona-SC-March-25-2018-Serie-A
Liga Profesional Ecuador,M,ECU,2018,1st,First stage,6,Sun,2018-03-25,12:00,El Nacional,3.0,Guayaquil City,1.0,1792.0,Estadio Olímpico Atahualpa,Roberto Sánchez,,https://fbref.com/en/matches/65c54a64/El-Nacional-Guayaquil-City-March-25-2018-Serie-A
Liga Profesional Ecuador,M,ECU,2018,1st,First stage,6,Sun,2018-03-25,12:00,Macará,1.0,Técnico Univ.,1.0,8644.0,Estadio Bellavista de Ambato,Roddy Zambrano,,https://fbref.com/en/matches/87a0e8c5/Macara-Tecnico-Univ-March-25-2018-Serie-A
Liga Profesional Ecuador,M,ECU,2018,1st,First stage,6,Sun,2018-03-25,12:00,Delfín SC,4.0,CD Cuenca,2.0,867.0,Estadio Jocay,Marlon Vera,,https://fbref.com/en/matches/f39f572f/Delfin-SC-CD-Cuenca-March-25-2018-Serie-A
Liga Profesional Ecuador,M,ECU,2018,1st,First stage,6,Sun,2018-03-25,16:30,CS Emelec,0.0,LDU de Quito,1.0,27079.0,Estadio Banco del Pacífico,Vinício Espínel,,https://fbref.com/en/matches/b29c594b/CS-Emelec-LDU-de-Quito-March-25-2018-Serie-A
Liga Profesional Ecuador,M,ECU,2018,1st,First stage,7,Sat,2018-03-31,16:00,Univ Católica,3.0,Delfín SC,1.0,254.0,Estadio Olímpico Atahualpa,Omar Ponce,,https://fbref.com/en/matches/12d67d54/Univ-Catolica-Delfin-SC-March-31-2018-Serie-A
Liga Profesional Ecuador,M,ECU,2018,1st,First stage,7,Sun,2018-04-01,11:30,CD Cuenca,0.0,El Nacional,0.0,3472.0,Estadio Alejandro Serrano Aguilar,Carlos Orbe,,https://fbref.com/en/matches/e3a8854c/CD-Cuenca-El-Nacional-April-1-2018-Serie-A
Liga Profesional Ecuador,M,ECU,2018,1st,First stage,7,Sun,2018-04-01,12:00,Técnico Univ.,1.0,CS Emelec,1.0,4528.0,Estadio Bellavista de Ambato,Diego Lara,,https://fbref.com/en/matches/8f98e612/Tecnico-Univ-CS-Emelec-April-1-2018-Serie-A
Liga Profesional Ecuador,M,ECU,2018,1st,First stage,7,Sun,2018-04-01,12:00,LDU de Quito,2.0,Independiente,1.0,17946.0,Estadio de Liga Deportiva Universitaria,Roddy Zambrano,,https://fbref.com/en/matches/e05e6eba/LDU-de-Quito-Independiente-April-1-2018-Serie-A
Liga Profesional Ecuador,M,ECU,2018,1st,First stage,7,Sun,2018-04-01,17:00,Barcelona SC,4.0,Macará,1.0,100.0,Estadio Monumental Isidro Romero Carbo,Guillermo Guerrero,,https://fbref.com/en/matches/826f1042/Barcelona-SC-Macara-April-1-2018-Serie-A
Liga Profesional Ecuador,M,ECU,2018,1st,First stage,7,Sun,2018-04-01,19:30,Guayaquil City,2.0,SD Aucas,2.0,12973.0,Estadio Monumental Isidro Romero Carbo,Luis Quiroz,,https://fbref.com/en/matches/e026f3c2/Guayaquil-City-SD-Aucas-April-1-2018-Serie-A
Liga Profesional Ecuador,M,ECU,2018,1st,First stage,8,Fri,2018-04-06,21:15,El Nacional,0.0,Univ Católica,0.0,3494.0,Estadio Dr. Lisandro de la Torre,Marlon Vera,,https://fbref.com/en/matches/f2c3e480/El-Nacional-Univ-Catolica-April-6-2018-Serie-A
Liga Profesional Ecuador,M,ECU,2018,1st,First stage,8,Sat,2018-04-07,18:00,Independiente,3.0,Técnico Univ.,0.0,1074.0,Estadio General Rumiñahui del Valle de L...,Daniel Salazar,,https://fbref.com/en/matches/088c60ec/Independiente-Tecnico-Univ-April-7-2018-Serie-A
Liga Profesional Ecuador,M,ECU,2018,1st,First stage,8,Sun,2018-04-08,12:30,SD Aucas,4.0,CD Cuenca,0.0,3577.0,Estadio Gonzalo Pozo Ripalda,Vinício Espínel,,https://fbref.com/en/matches/5de80284/SD-Aucas-CD-Cuenca-April-8-2018-Serie-A
Liga Profesional Ecuador,M,ECU,2018,1st,First stage,8,Sun,2018-04-08,17:00,Barcelona SC,3.0,CS Emelec,1.0,33088.0,Estadio Monumental Isidro Romero Carbo,Carlos Orbe,,https://fbref.com/en/matches/7de91ae0/Barcelona-SC-CS-Emelec-April-8-2018-Serie-A
Liga Profesional Ecuador,M,ECU,2018,1st,First stage,8,Mon,2018-04-09,19:15,Macará,2.0,Guayaquil City,0.0,2261.0,Estadio Bellavista de Ambato,José Espinel,,https://fbref.com/en/matches/9af4534a/Macara-Guayaquil-City-April-9-2018-Serie-A
Liga Profesional Ecuador,M,ECU,2018,1st,First stage,9,Fri,2018-04-13,19:15,Técnico Univ.,3.0,Delfín SC,2.0,1433.0,Estadio Bellavista de Ambato,Juan Albarracín,,https://fbref.com/en/matches/ff6298f7/Tecnico-Univ-Delfin-SC-April-13-2018-Serie-A
Liga Profesional Ecuador,M,ECU,2018,1st,First stage,9,Sat,2018-04-14,16:00,Univ Católica,2.0,SD Aucas,0.0,2767.0,Estadio Olímpico Atahualpa,Guillermo Guerrero,,https://fbref.com/en/matches/8a80bb45/Univ-Catolica-SD-Aucas-April-14-2018-Serie-A
Liga Profesional Ecuador,M,ECU,2018,1st,First stage,9,Sat,2018-04-14,18:00,LDU de Quito,1.0,El Nacional,0.0,12412.0,Estadio de Liga Deportiva Universitaria,Daniel Salazar,,https://fbref.com/en/matches/5e43cf74/LDU-de-Quito-El-Nacional-April-14-2018-Serie-A
Liga Profesional Ecuador,M,ECU,2018,1st,First stage,9,Sun,2018-04-15,12:30,CD Cuenca,1.0,Macará,1.0,2917.0,Estadio Alejandro Serrano Aguilar,Franklin Congo,,https://fbref.com/en/matches/656f3672/CD-Cuenca-Macara-April-15-2018-Serie-A
Liga Profesional Ecuador,M,ECU,2018,1st,First stage,9,Sun,2018-04-15,16:30,CS Emelec,2.0,Independiente,1.0,21901.0,Estadio Banco del Pacífico,Omar Ponce,,https://fbref.com/en/matches/66ecf2f3/CS-Emelec-Independiente-April-15-2018-Serie-A
Liga Profesional Ecuador,M,ECU,2018,1st,First stage,9,Mon,2018-04-16,19:15,Guayaquil City,0.0,Barcelona SC,1.0,12886.0,Estadio Monumental Isidro Romero Carbo,Diego Lara,,https://fbref.com/en/matches/6ca573ba/Guayaquil-City-Barcelona-SC-April-16-2018-Serie-A
Liga Profesional Ecuador,M,ECU,2018,1st,First stage,8,Wed,2018-04-18,19:30,Delfín SC,2.0,LDU de Quito,1.0,5800.0,Estadio Jocay,Diego Lara,,https://fbref.com/en/matches/152d723a/Delfin-SC-LDU-de-Quito-April-18-2018-Serie-A
Liga Profesional Ecuador,M,ECU,2018,1st,First stage,10,Fri,2018-04-20,19:15,SD Aucas,1.0,Técnico Univ.,1.0,2581.0,Estadio Gonzalo Pozo Ripalda,Carlos Orbe,,https://fbref.com/en/matches/e4c43b69/SD-Aucas-Tecnico-Univ-April-20-2018-Serie-A
Liga Profesional Ecuador,M,ECU,2018,1st,First stage,10,Sat,2018-04-21,16:00,Guayaquil City,1.0,Univ Católica,1.0,16.0,Estadio Monumental Isidro Romero Carbo,Roddy Zambrano,,https://fbref.com/en/matches/19b1bc7b/Guayaquil-City-Univ-Catolica-April-21-2018-Serie-A
Liga Profesional Ecuador,M,ECU,2018,1st,First stage,10,Sat,2018-04-21,18:30,El Nacional,1.0,Independiente,2.0,2293.0,Estadio Olímpico Atahualpa,Luis Quiroz,,https://fbref.com/en/matches/4a143eb8/El-Nacional-Independiente-April-21-2018-Serie-A
Liga Profesional Ecuador,M,ECU,2018,1st,First stage,10,Sun,2018-04-22,12:00,Macará,0.0,LDU de Quito,1.0,10272.0,Estadio Bellavista de Ambato,Vinício Espínel,,https://fbref.com/en/matches/0cf04ab0/Macara-LDU-de-Quito-April-22-2018-Serie-A
Liga Profesional Ecuador,M,ECU,2018,1st,First stage,10,Sun,2018-04-22,15:00,Delfín SC,3.0,CS Emelec,1.0,3770.0,Estadio Jocay,Roberto Sánchez,,https://fbref.com/en/matches/50055ef6/Delfin-SC-CS-Emelec-April-22-2018-Serie-A
Liga Profesional Ecuador,M,ECU,2018,1st,First stage,10,Sun,2018-04-22,17:30,Barcelona SC,2.0,CD Cuenca,0.0,12799.0,Estadio Monumental Isidro Romero Carbo,Marlon Vera,,https://fbref.com/en/matches/efd5bccb/Barcelona-SC-CD-Cuenca-April-22-2018-Serie-A
Liga Profesional Ecuador,M,ECU,2018,1st,First stage,11,Fri,2018-04-27,19:15,CD Cuenca,1.0,Guayaquil City,1.0,2936.0,Estadio Alejandro Serrano Aguilar,Daniel Salazar,,https://fbref.com/en/matches/6f91c4f4/CD-Cuenca-Guayaquil-City-April-27-2018-Serie-A
Liga Profesional Ecuador,M,ECU,2018,1st,First stage,11,Sat,2018-04-28,16:00,Univ Católica,3.0,Macará,1.0,3637.0,Estadio Olímpico Atahualpa,Carlos Orbe,,https://fbref.com/en/matches/11d0678b/Univ-Catolica-Macara-April-28-2018-Serie-A
Liga Profesional Ecuador,M,ECU,2018,1st,First stage,11,Sat,2018-04-28,18:30,Independiente,0.0,Delfín SC,1.0,1155.0,Estadio General Rumiñahui del Valle de L...,Guillermo Guerrero,,https://fbref.com/en/matches/f66635a0/Independiente-Delfin-SC-April-28-2018-Serie-A
Liga Profesional Ecuador,M,ECU,2018,1st,First stage,11,Sun,2018-04-29,12:30,LDU de Quito,2.0,Barcelona SC,1.0,25108.0,Estadio de Liga Deportiva Universitaria,Luis Quiroz,,https://fbref.com/en/matches/6d26c3e6/LDU-de-Quito-Barcelona-SC-April-29-2018-Serie-A
Liga Profesional Ecuador,M,ECU,2018,1st,First stage,11,Sun,2018-04-29,16:30,Técnico Univ.,2.0,El Nacional,2.0,3652.0,Estadio Bellavista de Ambato,Omar Ponce,,https://fbref.com/en/matches/32f89611/Tecnico-Univ-El-Nacional-April-29-2018-Serie-A
Liga Profesional Ecuador,M,ECU,2018,1st,First stage,11,Mon,2018-04-30,19:30,CS Emelec,1.0,SD Aucas,0.0,18114.0,Estadio Banco del Pacífico,Jefferson Macias,,https://fbref.com/en/matches/5207fb14/CS-Emelec-SD-Aucas-April-30-2018-Serie-A
Liga Profesional Ecuador,M,ECU,2018,1st,First stage,12,Fri,2018-05-04,19:45,Barcelona SC,0.0,LDU de Quito,1.0,18539.0,Estadio Monumental Isidro Romero Carbo,Omar Ponce,,https://fbref.com/en/matches/0de11a29/Barcelona-SC-LDU-de-Quito-May-4-2018-Serie-A
Liga Profesional Ecuador,M,ECU,2018,1st,First stage,12,Sat,2018-05-05,16:00,Macará,1.0,Univ Católica,2.0,1157.0,Estadio Bellavista de Ambato,Daniel Salazar,,https://fbref.com/en/matches/0672dd4e/Macara-Univ-Catolica-May-5-2018-Serie-A
Liga Profesional Ecuador,M,ECU,2018,1st,First stage,12,Sat,2018-05-05,18:30,Guayaquil City,1.0,CD Cuenca,0.0,42.0,Estadio Monumental Isidro Romero Carbo,Roberto Sánchez,,https://fbref.com/en/matches/df56a16f/Guayaquil-City-CD-Cuenca-May-5-2018-Serie-A
Liga Profesional Ecuador,M,ECU,2018,1st,First stage,12,Sun,2018-05-06,12:00,Delfín SC,2.0,Independiente,1.0,841.0,Estadio Jocay,José Espinel,,https://fbref.com/en/matches/b754e6b1/Delfin-SC-Independiente-May-6-2018-Serie-A
Liga Profesional Ecuador,M,ECU,2018,1st,First stage,12,Sun,2018-05-06,14:30,SD Aucas,2.0,CS Emelec,0.0,5080.0,Estadio Gonzalo Pozo Ripalda,Roddy Zambrano,,https://fbref.com/en/matches/2dd0ed19/SD-Aucas-CS-Emelec-May-6-2018-Serie-A
Liga Profesional Ecuador,M,ECU,2018,1st,First stage,12,Mon,2018-05-07,19:15,El Nacional,3.0,Técnico Univ.,2.0,819.0,Estadio Olímpico Atahualpa,Guillermo Guerrero,,https://fbref.com/en/matches/cb2c539f/El-Nacional-Tecnico-Univ-May-7-2018-Serie-A
Liga Profesional Ecuador,M,ECU,2018,1st,First stage,13,Fri,2018-05-11,19:30,CS Emelec,2.0,Delfín SC,1.0,9970.0,Estadio Banco del Pacífico,Luis Quiroz,,https://fbref.com/en/matches/40574f62/CS-Emelec-Delfin-SC-May-11-2018-Serie-A
Liga Profesional Ecuador,M,ECU,2018,1st,First stage,13,Sat,2018-05-12,16:00,Univ Católica,2.0,Guayaquil City,1.0,3511.0,Estadio Olímpico Atahualpa,Franklin Congo,,https://fbref.com/en/matches/79a4f1d5/Univ-Catolica-Guayaquil-City-May-12-2018-Serie-A
Liga Profesional Ecuador,M,ECU,2018,1st,First stage,13,Sat,2018-05-12,18:30,Independiente,0.0,El Nacional,1.0,1343.0,Estadio General Rumiñahui del Valle de L...,Diego Lara,,https://fbref.com/en/matches/2451c394/Independiente-El-Nacional-May-12-2018-Serie-A
Liga Profesional Ecuador,M,ECU,2018,1st,First stage,13,Sun,2018-05-13,12:00,Técnico Univ.,0.0,SD Aucas,1.0,830.0,Estadio Bellavista de Ambato,Juan Albarracín,,https://fbref.com/en/matches/a3e14dad/Tecnico-Univ-SD-Aucas-May-13-2018-Serie-A
Liga Profesional Ecuador,M,ECU,2018,1st,First stage,13,Sun,2018-05-13,16:00,CD Cuenca,0.0,Barcelona SC,1.0,8061.0,Estadio Alejandro Serrano Aguilar,José Espinel,,https://fbref.com/en/matches/4400a284/CD-Cuenca-Barcelona-SC-May-13-2018-Serie-A
Liga Profesional Ecuador,M,ECU,2018,1st,First stage,13,Mon,2018-05-14,19:15,LDU de Quito,2.0,Macará,1.0,4666.0,Estadio de Liga Deportiva Universitaria,Roddy Zambrano,,https://fbref.com/en/matches/b89edb54/LDU-de-Quito-Macara-May-14-2018-Serie-A
Liga Profesional Ecuador,M,ECU,2018,1st,First stage,14,Fri,2018-05-18,19:15,Barcelona SC,0.0,Guayaquil City,2.0,3195.0,Estadio Monumental Isidro Romero Carbo,Roddy Zambrano,,https://fbref.com/en/matches/7ab695b1/Barcelona-SC-Guayaquil-City-May-18-2018-Serie-A
Liga Profesional Ecuador,M,ECU,2018,1st,First stage,14,Sat,2018-05-19,12:00,Macará,1.0,CD Cuenca,1.0,725.0,Estadio Bellavista de Ambato,Guillermo Guerrero,,https://fbref.com/en/matches/53c80acc/Macara-CD-Cuenca-May-19-2018-Serie-A
Liga Profesional Ecuador,M,ECU,2018,1st,First stage,14,Sat,2018-05-19,14:30,Independiente,0.0,CS Emelec,2.0,986.0,Estadio Olímpico Atahualpa,Vinício Espínel,,https://fbref.com/en/matches/1242291a/Independiente-CS-Emelec-May-19-2018-Serie-A
Liga Profesional Ecuador,M,ECU,2018,1st,First stage,14,Sat,2018-05-19,17:00,Delfín SC,3.0,Técnico Univ.,1.0,89.0,Estadio Jocay,Daniel Salazar,,https://fbref.com/en/matches/14f9e924/Delfin-SC-Tecnico-Univ-May-19-2018-Serie-A
Liga Profesional Ecuador,M,ECU,2018,1st,First stage,14,Sun,2018-05-20,12:00,El Nacional,2.0,LDU de Quito,1.0,19238.0,Estadio Olímpico Atahualpa,Carlos Orbe,,https://fbref.com/en/matches/1cbf0b90/El-Nacional-LDU-de-Quito-May-20-2018-Serie-A
Liga Profesional Ecuador,M,ECU,2018,1st,First stage,15,Fri,2018-05-25,19:15,Técnico Univ.,2.0,Independiente,1.0,977.0,Estadio Bellavista de Ambato,Luis Quiroz,,https://fbref.com/en/matches/67388e34/Tecnico-Univ-Independiente-May-25-2018-Serie-A
Liga Profesional Ecuador,M,ECU,2018,1st,First stage,15,Sat,2018-05-26,16:00,Univ Católica,1.0,El Nacional,1.0,1163.0,Estadio Olímpico Atahualpa,Vinício Espínel,,https://fbref.com/en/matches/7d2b505a/Univ-Catolica-El-Nacional-May-26-2018-Serie-A
Liga Profesional Ecuador,M,ECU,2018,1st,First stage,15,Sun,2018-05-27,12:00,CD Cuenca,1.0,SD Aucas,1.0,2310.0,Estadio Alejandro Serrano Aguilar,Carlos Orbe,,https://fbref.com/en/matches/a2d94248/CD-Cuenca-SD-Aucas-May-27-2018-Serie-A
Liga Profesional Ecuador,M,ECU,2018,1st,First stage,15,Sun,2018-05-27,16:00,Guayaquil City,0.0,Macará,2.0,120.0,Estadio Monumental Isidro Romero Carbo,Jefferson Macias,,https://fbref.com/en/matches/f35d1ef2/Guayaquil-City-Macara-May-27-2018-Serie-A
Liga Profesional Ecuador,M,ECU,2018,1st,First stage,15,Sun,2018-05-27,19:30,CS Emelec,2.0,Barcelona SC,2.0,22540.0,Estadio Banco del Pacífico,Omar Ponce,,https://fbref.com/en/matches/004c0c96/CS-Emelec-Barcelona-SC-May-27-2018-Serie-A
Liga Profesional Ecuador,M,ECU,2018,1st,First stage,15,Mon,2018-05-28,19:15,LDU de Quito,3.0,Delfín SC,0.0,4175.0,Estadio de Liga Deportiva Universitaria,Juan Albarracín,,https://fbref.com/en/matches/e7ab4df7/LDU-de-Quito-Delfin-SC-May-28-2018-Serie-A
Liga Profesional Ecuador,M,ECU,2018,1st,First stage,14,Wed,2018-05-30,19:15,SD Aucas,0.0,Univ Católica,1.0,1899.0,Estadio Gonzalo Pozo Ripalda,Omar Ponce,,https://fbref.com/en/matches/44340a0e/SD-Aucas-Univ-Catolica-May-30-2018-Serie-A
Liga Profesional Ecuador,M,ECU,2018,1st,First stage,16,Fri,2018-06-01,19:15,El Nacional,1.0,CD Cuenca,0.0,2330.0,Estadio Olímpico Atahualpa,Franklin Congo,,https://fbref.com/en/matches/dd3e4658/El-Nacional-CD-Cuenca-June-1-2018-Serie-A
Liga Profesional Ecuador,M,ECU,2018,1st,First stage,16,Sat,2018-06-02,12:00,Independiente,2.0,LDU de Quito,3.0,5982.0,Estadio Olímpico Atahualpa,Daniel Salazar,,https://fbref.com/en/matches/71a5e36e/Independiente-LDU-de-Quito-June-2-2018-Serie-A
Liga Profesional Ecuador,M,ECU,2018,1st,First stage,16,Sat,2018-06-02,17:00,CS Emelec,3.0,Técnico Univ.,0.0,9906.0,Estadio Banco del Pacífico,Marlon Vera,,https://fbref.com/en/matches/0954994e/CS-Emelec-Tecnico-Univ-June-2-2018-Serie-A
Liga Profesional Ecuador,M,ECU,2018,1st,First stage,16,Sun,2018-06-03,12:00,SD Aucas,1.0,Guayaquil City,1.0,1774.0,Estadio Gonzalo Pozo Ripalda,Diego Lara,,https://fbref.com/en/matches/4ddf83ca/SD-Aucas-Guayaquil-City-June-3-2018-Serie-A
Liga Profesional Ecuador,M,ECU,2018,1st,First stage,16,Sun,2018-06-03,17:00,Macará,0.0,Barcelona SC,1.0,7582.0,Estadio Bellavista de Ambato,Vinício Espínel,,https://fbref.com/en/matches/804ef0ca/Macara-Barcelona-SC-June-3-2018-Serie-A
Liga Profesional Ecuador,M,ECU,2018,1st,First stage,16,Mon,2018-06-04,19:15,Delfín SC,5.0,Univ Católica,2.0,472.0,Estadio Jocay,Carlos Orbe,,https://fbref.com/en/matches/d35a27cd/Delfin-SC-Univ-Catolica-June-4-2018-Serie-A
Liga Profesional Ecuador,M,ECU,2018,1st,First stage,17,Fri,2018-06-08,20:00,CD Cuenca,2.0,Delfín SC,1.0,2597.0,Estadio Alejandro Serrano Aguilar,Roddy Zambrano,,https://fbref.com/en/matches/17c96b60/CD-Cuenca-Delfin-SC-June-8-2018-Serie-A
Liga Profesional Ecuador,M,ECU,2018,1st,First stage,17,Sat,2018-06-09,16:00,Guayaquil City,2.0,El Nacional,1.0,100.0,Estadio Christian Benítez Betancourt,Guillermo Guerrero,,https://fbref.com/en/matches/79debacf/Guayaquil-City-El-Nacional-June-9-2018-Serie-A
Liga Profesional Ecuador,M,ECU,2018,1st,First stage,17,Sat,2018-06-09,18:30,LDU de Quito,1.0,CS Emelec,1.0,9230.0,Estadio de Liga Deportiva Universitaria,José Espinel,,https://fbref.com/en/matches/5b6fc701/LDU-de-Quito-CS-Emelec-June-9-2018-Serie-A
Liga Profesional Ecuador,M,ECU,2018,1st,First stage,17,Sun,2018-06-10,12:00,Técnico Univ.,0.0,Macará,2.0,4469.0,Estadio Bellavista de Ambato,Omar Ponce,,https://fbref.com/en/matches/e203ca02/Tecnico-Univ-Macara-June-10-2018-Serie-A
Liga Profesional Ecuador,M,ECU,2018,1st,First stage,17,Sun,2018-06-10,17:00,Barcelona SC,1.0,SD Aucas,1.0,6062.0,Estadio Monumental Isidro Romero Carbo,Luis Quiroz,,https://fbref.com/en/matches/d263cbc9/Barcelona-SC-SD-Aucas-June-10-2018-Serie-A
Liga Profesional Ecuador,M,ECU,2018,1st,First stage,17,Mon,2018-06-11,19:15,Univ Católica,1.0,Independiente,1.0,194.0,Estadio Olímpico Atahualpa,Juan Albarracín,,https://fbref.com/en/matches/0ae7d749/Univ-Catolica-Independiente-June-11-2018-Serie-A
Liga Profesional Ecuador,M,ECU,2018,1st,First stage,18,Fri,2018-06-15,20:00,Técnico Univ.,0.0,LDU de Quito,1.0,7181.0,Estadio Bellavista de Ambato,Vinício Espínel,,https://fbref.com/en/matches/895604da/Tecnico-Univ-LDU-de-Quito-June-15-2018-Serie-A
Liga Profesional Ecuador,M,ECU,2018,1st,First stage,18,Sat,2018-06-16,13:00,SD Aucas,0.0,Macará,1.0,1868.0,Estadio Gonzalo Pozo Ripalda,José Espinel,,https://fbref.com/en/matches/72f23ea9/SD-Aucas-Macara-June-16-2018-Serie-A
Liga Profesional Ecuador,M,ECU,2018,1st,First stage,18,Sat,2018-06-16,19:30,Delfín SC,1.0,Guayaquil City,0.0,,Estadio Jocay,Roberto Sánchez,,https://fbref.com/en/matches/7ccdb7c5/Delfin-SC-Guayaquil-City-June-16-2018-Serie-A
Liga Profesional Ecuador,M,ECU,2018,1st,First stage,18,Sun,2018-06-17,15:30,El Nacional,2.0,Barcelona SC,2.0,2311.0,Estadio Olímpico Atahualpa,Daniel Salazar,,https://fbref.com/en/matches/0847a893/El-Nacional-Barcelona-SC-June-17-2018-Serie-A
Liga Profesional Ecuador,M,ECU,2018,1st,First stage,18,Sun,2018-06-17,18:00,CS Emelec,2.0,Univ Católica,3.0,9253.0,Estadio Banco del Pacífico,Roddy Zambrano,,https://fbref.com/en/matches/43e52952/CS-Emelec-Univ-Catolica-June-17-2018-Serie-A
Liga Profesional Ecuador,M,ECU,2018,1st,First stage,18,Mon,2018-06-18,19:15,Independiente,3.0,CD Cuenca,1.0,197.0,Estadio General Rumiñahui del Valle de L...,Carlos Orbe,,https://fbref.com/en/matches/c1a0cf2c/Independiente-CD-Cuenca-June-18-2018-Serie-A
Liga Profesional Ecuador,M,ECU,2018,1st,First stage,19,Fri,2018-06-22,20:00,CD Cuenca,2.0,CS Emelec,0.0,4674.0,Estadio Alejandro Serrano Aguilar,Diego Lara,,https://fbref.com/en/matches/c79509f2/CD-Cuenca-CS-Emelec-June-22-2018-Serie-A
Liga Profesional Ecuador,M,ECU,2018,1st,First stage,19,Sat,2018-06-23,15:30,SD Aucas,0.0,LDU de Quito,0.0,9816.0,Estadio Gonzalo Pozo Ripalda,Carlos Orbe,,https://fbref.com/en/matches/0cbdccd9/SD-Aucas-LDU-de-Quito-June-23-2018-Serie-A
Liga Profesional Ecuador,M,ECU,2018,1st,First stage,19,Sat,2018-06-23,18:00,Univ Católica,4.0,Técnico Univ.,0.0,347.0,Estadio Olímpico Atahualpa,Franklin Congo,,https://fbref.com/en/matches/e36b270e/Univ-Catolica-Tecnico-Univ-June-23-2018-Serie-A
Liga Profesional Ecuador,M,ECU,2018,1st,First stage,19,Sun,2018-06-24,15:00,Macará,2.0,El Nacional,0.0,1952.0,Estadio Bellavista de Ambato,Roberto Sánchez,,https://fbref.com/en/matches/fb05ac99/Macara-El-Nacional-June-24-2018-Serie-A
Liga Profesional Ecuador,M,ECU,2018,1st,First stage,19,Sun,2018-06-24,17:30,Barcelona SC,5.0,Delfín SC,1.0,3911.0,Estadio Monumental Isidro Romero Carbo,Omar Ponce,,https://fbref.com/en/matches/1b03d109/Barcelona-SC-Delfin-SC-June-24-2018-Serie-A
Liga Profesional Ecuador,M,ECU,2018,1st,First stage,19,Mon,2018-06-25,19:15,Guayaquil City,0.0,Independiente,1.0,118.0,Estadio Christian Benítez Betancourt,Marlon Vera,,https://fbref.com/en/matches/188c0ab8/Guayaquil-City-Independiente-June-25-2018-Serie-A
Liga Profesional Ecuador,M,ECU,2018,1st,First stage,20,Fri,2018-06-29,20:00,Técnico Univ.,0.0,CD Cuenca,1.0,390.0,Estadio Bellavista de Ambato,Guillermo Guerrero,,https://fbref.com/en/matches/aaf511b2/Tecnico-Univ-CD-Cuenca-June-29-2018-Serie-A
Liga Profesional Ecuador,M,ECU,2018,1st,First stage,20,Sat,2018-06-30,15:00,Delfín SC,1.0,Macará,1.0,970.0,Estadio Jocay,Luis Quiroz,,https://fbref.com/en/matches/ca80b1a6/Delfin-SC-Macara-June-30-2018-Serie-A
Liga Profesional Ecuador,M,ECU,2018,1st,First stage,20,Sat,2018-06-30,18:00,Independiente,2.0,Barcelona SC,2.0,3725.0,Estadio Olímpico Atahualpa,Jorge Espinel,,https://fbref.com/en/matches/2f1dd7da/Independiente-Barcelona-SC-June-30-2018-Serie-A
Liga Profesional Ecuador,M,ECU,2018,1st,First stage,20,Sun,2018-07-01,15:00,El Nacional,1.0,SD Aucas,2.0,1940.0,Estadio Olímpico Atahualpa,Roddy Zambrano,,https://fbref.com/en/matches/fbb193ea/El-Nacional-SD-Aucas-July-1-2018-Serie-A
Liga Profesional Ecuador,M,ECU,2018,1st,First stage,20,Sun,2018-07-01,17:30,CS Emelec,2.0,Guayaquil City,1.0,6075.0,Estadio Banco del Pacífico,Jefferson Macias,,https://fbref.com/en/matches/6fa2c718/CS-Emelec-Guayaquil-City-July-1-2018-Serie-A
Liga Profesional Ecuador,M,ECU,2018,1st,First stage,20,Mon,2018-07-02,19:15,LDU de Quito,2.0,Univ Católica,1.0,11778.0,Estadio de Liga Deportiva Universitaria,Omar Ponce,,https://fbref.com/en/matches/f58c77a0/LDU-de-Quito-Univ-Catolica-July-2-2018-Serie-A
Liga Profesional Ecuador,M,ECU,2018,1st,First stage,21,Fri,2018-07-06,20:00,CD Cuenca,1.0,Univ Católica,1.0,3158.0,Estadio Alejandro Serrano Aguilar,Daniel Salazar,,https://fbref.com/en/matches/24a29940/CD-Cuenca-Univ-Catolica-July-6-2018-Serie-A
Liga Profesional Ecuador,M,ECU,2018,1st,First stage,21,Sat,2018-07-07,16:00,Guayaquil City,0.0,LDU de Quito,0.0,3162.0,Estadio Christian Benítez Betancourt,Roddy Zambrano,,https://fbref.com/en/matches/15d6b385/Guayaquil-City-LDU-de-Quito-July-7-2018-Serie-A
Liga Profesional Ecuador,M,ECU,2018,1st,First stage,21,Sat,2018-07-07,18:30,El Nacional,0.0,Delfín SC,3.0,424.0,Estadio Olímpico Atahualpa,Franklin Congo,,https://fbref.com/en/matches/fe0dfd0e/El-Nacional-Delfin-SC-July-7-2018-Serie-A
Liga Profesional Ecuador,M,ECU,2018,1st,First stage,21,Sun,2018-07-08,12:00,Macará,2.0,CS Emelec,2.0,2070.0,Estadio Bellavista de Ambato,Carlos Orbe,,https://fbref.com/en/matches/aa233158/Macara-CS-Emelec-July-8-2018-Serie-A
Liga Profesional Ecuador,M,ECU,2018,1st,First stage,21,Sun,2018-07-08,17:30,Barcelona SC,2.0,Técnico Univ.,0.0,19568.0,Estadio Monumental Isidro Romero Carbo,Roberto Sánchez,,https://fbref.com/en/matches/f2b77334/Barcelona-SC-Tecnico-Univ-July-8-2018-Serie-A
Liga Profesional Ecuador,M,ECU,2018,1st,First stage,21,Mon,2018-07-09,19:15,SD Aucas,3.0,Independiente,1.0,1313.0,Estadio Gonzalo Pozo Ripalda,Guillermo Guerrero,,https://fbref.com/en/matches/b2923169/SD-Aucas-Independiente-July-9-2018-Serie-A
Liga Profesional Ecuador,M,ECU,2018,1st,First stage,22,Fri,2018-07-13,19:15,Independiente,2.0,Macará,0.0,483.0,Estadio General Rumiñahui del Valle de L...,Diego Lara,,https://fbref.com/en/matches/e0bd1fe6/Independiente-Macara-July-13-2018-Serie-A
Liga Profesional Ecuador,M,ECU,2018,1st,First stage,22,Sat,2018-07-14,16:00,Delfín SC,1.0,SD Aucas,1.0,175.0,Estadio Jocay,Juan Albarracín,,https://fbref.com/en/matches/9761ffb8/Delfin-SC-SD-Aucas-July-14-2018-Serie-A
Liga Profesional Ecuador,M,ECU,2018,1st,First stage,22,Sat,2018-07-14,18:30,CS Emelec,1.0,El Nacional,0.0,5534.0,Estadio Banco del Pacífico,Luis Quiroz,,https://fbref.com/en/matches/7b8d85bc/CS-Emelec-El-Nacional-July-14-2018-Serie-A
Liga Profesional Ecuador,M,ECU,2018,1st,First stage,22,Sun,2018-07-15,15:00,LDU de Quito,0.0,CD Cuenca,2.0,5184.0,Estadio de Liga Deportiva Universitaria,Franklin Congo,,https://fbref.com/en/matches/7caeb1e8/LDU-de-Quito-CD-Cuenca-July-15-2018-Serie-A
Liga Profesional Ecuador,M,ECU,2018,1st,First stage,22,Sun,2018-07-15,18:00,Univ Católica,2.0,Barcelona SC,3.0,4570.0,Estadio Olímpico Atahualpa,Carlos Orbe,,https://fbref.com/en/matches/ad818ebd/Univ-Catolica-Barcelona-SC-July-15-2018-Serie-A
Liga Profesional Ecuador,M,ECU,2018,1st,First stage,22,Mon,2018-07-16,19:15,Técnico Univ.,1.0,Guayaquil City,0.0,125.0,Estadio Bellavista de Ambato,Omar Ponce,,https://fbref.com/en/matches/25661cc2/Tecnico-Univ-Guayaquil-City-July-16-2018-Serie-A
Liga Profesional Ecuador,M,ECU,2018,1st,Second stage,1,Fri,2018-07-20,19:15,Macará,2.0,Independiente,1.0,1038.0,Estadio Bellavista de Ambato,Daniel Salazar,,https://fbref.com/en/matches/26a63277/Macara-Independiente-July-20-2018-Serie-A
Liga Profesional Ecuador,M,ECU,2018,1st,Second stage,1,Sat,2018-07-21,15:30,Delfín SC,2.0,LDU de Quito,0.0,175.0,Estadio Jocay,Vinício Espínel,,https://fbref.com/en/matches/cb0b2537/Delfin-SC-LDU-de-Quito-July-21-2018-Serie-A
Liga Profesional Ecuador,M,ECU,2018,1st,Second stage,1,Sat,2018-07-21,18:00,CS Emelec,3.0,Técnico Univ.,0.0,7334.0,Estadio Banco del Pacífico,Franklin Congo,,https://fbref.com/en/matches/a60b20ac/CS-Emelec-Tecnico-Univ-July-21-2018-Serie-A
Liga Profesional Ecuador,M,ECU,2018,1st,Second stage,1,Sun,2018-07-22,15:00,SD Aucas,1.0,CD Cuenca,3.0,1889.0,Estadio Gonzalo Pozo Ripalda,Roberto Sánchez,,https://fbref.com/en/matches/767df688/SD-Aucas-CD-Cuenca-July-22-2018-Serie-A
Liga Profesional Ecuador,M,ECU,2018,1st,Second stage,1,Sun,2018-07-22,17:30,Barcelona SC,3.0,El Nacional,1.0,10596.0,Estadio Monumental Isidro Romero Carbo,Guillermo Guerrero,,https://fbref.com/en/matches/d344cca4/Barcelona-SC-El-Nacional-July-22-2018-Serie-A
Liga Profesional Ecuador,M,ECU,2018,1st,Second stage,1,Mon,2018-07-23,19:15,Univ Católica,0.0,Guayaquil City,0.0,104.0,Estadio Olímpico Atahualpa,Luis Quiroz,,https://fbref.com/en/matches/dba5a5e3/Univ-Catolica-Guayaquil-City-July-23-2018-Serie-A
Liga Profesional Ecuador,M,ECU,2018,1st,Second stage,2,Fri,2018-07-27,15:00,Guayaquil City,1.0,Macará,1.0,75.0,Estadio Christian Benítez Betancourt,Guillermo Guerrero,,https://fbref.com/en/matches/93d90b13/Guayaquil-City-Macara-July-27-2018-Serie-A
Liga Profesional Ecuador,M,ECU,2018,1st,Second stage,2,Fri,2018-07-27,20:00,CD Cuenca,2.0,Univ Católica,1.0,3660.0,Estadio Alejandro Serrano Aguilar,Diego Lara,,https://fbref.com/en/matches/9e72cb9e/CD-Cuenca-Univ-Catolica-July-27-2018-Serie-A
Liga Profesional Ecuador,M,ECU,2018,1st,Second stage,2,Sat,2018-07-28,15:00,El Nacional,3.0,Delfín SC,3.0,567.0,Estadio Olímpico Atahualpa,Roddy Zambrano,,https://fbref.com/en/matches/7c3a1d4c/El-Nacional-Delfin-SC-July-28-2018-Serie-A
Liga Profesional Ecuador,M,ECU,2018,1st,Second stage,2,Sat,2018-07-28,17:30,Técnico Univ.,1.0,Barcelona SC,2.0,5246.0,Estadio Bellavista de Ambato,Daniel Salazar,,https://fbref.com/en/matches/27c2294f/Tecnico-Univ-Barcelona-SC-July-28-2018-Serie-A
Liga Profesional Ecuador,M,ECU,2018,1st,Second stage,2,Sun,2018-07-29,16:00,LDU de Quito,2.0,CS Emelec,1.0,6789.0,Estadio de Liga Deportiva Universitaria,Omar Ponce,,https://fbref.com/en/matches/53c9f298/LDU-de-Quito-CS-Emelec-July-29-2018-Serie-A
Liga Profesional Ecuador,M,ECU,2018,1st,Second stage,2,Mon,2018-07-30,19:15,Independiente,0.0,SD Aucas,1.0,796.0,Estadio General Rumiñahui del Valle de L...,Vinício Espínel,,https://fbref.com/en/matches/6bf2c666/Independiente-SD-Aucas-July-30-2018-Serie-A
Liga Profesional Ecuador,M,ECU,2018,1st,Second stage,3,Sat,2018-08-04,15:30,El Nacional,2.0,LDU de Quito,2.0,7123.0,Estadio Olímpico Atahualpa,Roberto Sánchez,,https://fbref.com/en/matches/09be4ff3/El-Nacional-LDU-de-Quito-August-4-2018-Serie-A
Liga Profesional Ecuador,M,ECU,2018,1st,Second stage,3,Sat,2018-08-04,18:00,Delfín SC,1.0,Técnico Univ.,1.0,550.0,Estadio Jocay,José Espinel,,https://fbref.com/en/matches/1da31e40/Delfin-SC-Tecnico-Univ-August-4-2018-Serie-A
Liga Profesional Ecuador,M,ECU,2018,1st,Second stage,3,Sun,2018-08-05,12:30,SD Aucas,0.0,Univ Católica,1.0,2183.0,Estadio Gonzalo Pozo Ripalda,Franklin Congo,,https://fbref.com/en/matches/2876d7cc/SD-Aucas-Univ-Catolica-August-5-2018-Serie-A
Liga Profesional Ecuador,M,ECU,2018,1st,Second stage,3,Sun,2018-08-05,15:30,CS Emelec,3.0,Guayaquil City,0.0,11170.0,Estadio Banco del Pacífico,Juan Albarracín,,https://fbref.com/en/matches/5e492793/CS-Emelec-Guayaquil-City-August-5-2018-Serie-A
Liga Profesional Ecuador,M,ECU,2018,1st,Second stage,3,Sun,2018-08-05,17:30,Barcelona SC,2.0,Independiente,0.0,12379.0,Estadio Monumental Isidro Romero Carbo,Omar Ponce,,https://fbref.com/en/matches/ac1f0ffc/Barcelona-SC-Independiente-August-5-2018-Serie-A
Liga Profesional Ecuador,M,ECU,2018,1st,Second stage,3,Mon,2018-08-06,19:15,Macará,2.0,CD Cuenca,1.0,2443.0,Estadio Bellavista de Ambato,Roddy Zambrano,,https://fbref.com/en/matches/241410ba/Macara-CD-Cuenca-August-6-2018-Serie-A
Liga Profesional Ecuador,M,ECU,2018,1st,Second stage,4,Fri,2018-08-10,20:00,Técnico Univ.,1.0,El Nacional,3.0,2058.0,Estadio Bellavista de Ambato,Marlon Vera,,https://fbref.com/en/matches/5786b3be/Tecnico-Univ-El-Nacional-August-10-2018-Serie-A
Liga Profesional Ecuador,M,ECU,2018,1st,Second stage,4,Sat,2018-08-11,15:30,Univ Católica,0.0,Macará,1.0,944.0,Estadio Olímpico Atahualpa,Omar Ponce,,https://fbref.com/en/matches/16eb336e/Univ-Catolica-Macara-August-11-2018-Serie-A
Liga Profesional Ecuador,M,ECU,2018,1st,Second stage,4,Sat,2018-08-11,18:00,Independiente,3.0,CS Emelec,1.0,1795.0,Estadio General Rumiñahui del Valle de L...,Luis Quiroz,,https://fbref.com/en/matches/ce4026ba/Independiente-CS-Emelec-August-11-2018-Serie-A
Liga Profesional Ecuador,M,ECU,2018,1st,Second stage,4,Sun,2018-08-12,12:00,CD Cuenca,1.0,Barcelona SC,1.0,12813.0,Estadio Alejandro Serrano Aguilar,Vinício Espínel,,https://fbref.com/en/matches/ca7d25f1/CD-Cuenca-Barcelona-SC-August-12-2018-Serie-A
Liga Profesional Ecuador,M,ECU,2018,1st,Second stage,4,Sun,2018-08-12,17:00,Guayaquil City,0.0,Delfín SC,2.0,230.0,Estadio Christian Benítez Betancourt,Carlos Orbe,,https://fbref.com/en/matches/ac20542e/Guayaquil-City-Delfin-SC-August-12-2018-Serie-A
Liga Profesional Ecuador,M,ECU,2018,1st,Second stage,4,Mon,2018-08-13,19:15,LDU de Quito,1.0,SD Aucas,1.0,6906.0,Estadio de Liga Deportiva Universitaria,José Espinel,,https://fbref.com/en/matches/8aa1b257/LDU-de-Quito-SD-Aucas-August-13-2018-Serie-A
Liga Profesional Ecuador,M,ECU,2018,1st,Second stage,5,Fri,2018-08-17,20:00,Macará,2.0,SD Aucas,1.0,2841.0,Estadio Bellavista de Ambato,Diego Lara,,https://fbref.com/en/matches/d5c58a6b/Macara-SD-Aucas-August-17-2018-Serie-A
Liga Profesional Ecuador,M,ECU,2018,1st,Second stage,5,Sat,2018-08-18,15:30,LDU de Quito,1.0,Técnico Univ.,1.0,3359.0,Estadio de Liga Deportiva Universitaria,Juan Albarracín,,https://fbref.com/en/matches/16ae0462/LDU-de-Quito-Tecnico-Univ-August-18-2018-Serie-A
Liga Profesional Ecuador,M,ECU,2018,1st,Second stage,5,Sat,2018-08-18,18:00,Barcelona SC,2.0,Univ Católica,0.0,19177.0,Estadio Monumental Isidro Romero Carbo,Carlos Orbe,,https://fbref.com/en/matches/7a00d46a/Barcelona-SC-Univ-Catolica-August-18-2018-Serie-A
Liga Profesional Ecuador,M,ECU,2018,1st,Second stage,5,Sun,2018-08-19,12:00,Delfín SC,1.0,Independiente,1.0,550.0,Estadio Jocay,Roberto Sánchez,,https://fbref.com/en/matches/46c79d23/Delfin-SC-Independiente-August-19-2018-Serie-A
Liga Profesional Ecuador,M,ECU,2018,1st,Second stage,5,Sun,2018-08-19,17:00,CS Emelec,1.0,CD Cuenca,0.0,12078.0,Estadio Banco del Pacífico,Guillermo Guerrero,,https://fbref.com/en/matches/8214651f/CS-Emelec-CD-Cuenca-August-19-2018-Serie-A
Liga Profesional Ecuador,M,ECU,2018,1st,Second stage,5,Mon,2018-08-20,19:15,El Nacional,1.0,Guayaquil City,1.0,1396.0,Estadio Olímpico Atahualpa,Daniel Salazar,,https://fbref.com/en/matches/a4ab60ca/El-Nacional-Guayaquil-City-August-20-2018-Serie-A
Liga Profesional Ecuador,M,ECU,2018,1st,Second stage,6,Fri,2018-08-24,20:00,Macará,0.0,Técnico Univ.,3.0,2349.0,Estadio Bellavista de Ambato,Carlos Orbe,,https://fbref.com/en/matches/ccea9287/Macara-Tecnico-Univ-August-24-2018-Serie-A
Liga Profesional Ecuador,M,ECU,2018,1st,Second stage,6,Sat,2018-08-25,16:00,Guayaquil City,1.0,LDU de Quito,4.0,10.0,Estadio Christian Benítez Betancourt,Luis Quiroz,,https://fbref.com/en/matches/bd8eae37/Guayaquil-City-LDU-de-Quito-August-25-2018-Serie-A
Liga Profesional Ecuador,M,ECU,2018,1st,Second stage,6,Sat,2018-08-25,18:30,Independiente,4.0,El Nacional,2.0,1304.0,Estadio General Rumiñahui del Valle de L...,Roddy Zambrano,,https://fbref.com/en/matches/8d430e59/Independiente-El-Nacional-August-25-2018-Serie-A
Liga Profesional Ecuador,M,ECU,2018,1st,Second stage,6,Sun,2018-08-26,12:00,SD Aucas,0.0,Barcelona SC,0.0,10186.0,Estadio Gonzalo Pozo Ripalda,Omar Ponce,,https://fbref.com/en/matches/29cebcbd/SD-Aucas-Barcelona-SC-August-26-2018-Serie-A
Liga Profesional Ecuador,M,ECU,2018,1st,Second stage,6,Sun,2018-08-26,15:30,Univ Católica,1.0,CS Emelec,0.0,1440.0,Estadio Olímpico Atahualpa,Vinício Espínel,,https://fbref.com/en/matches/6cdfef95/Univ-Catolica-CS-Emelec-August-26-2018-Serie-A
Liga Profesional Ecuador,M,ECU,2018,1st,Second stage,6,Sun,2018-08-26,18:00,CD Cuenca,0.0,Delfín SC,1.0,3542.0,Estadio Alejandro Serrano Aguilar,Franklin Congo,,https://fbref.com/en/matches/3a3105ea/CD-Cuenca-Delfin-SC-August-26-2018-Serie-A
Liga Profesional Ecuador,M,ECU,2018,1st,Second stage,7,Wed,2018-08-29,12:30,Técnico Univ.,3.0,Guayaquil City,2.0,1070.0,Estadio Bellavista de Ambato,Diego Lara,,https://fbref.com/en/matches/be58c5d1/Tecnico-Univ-Guayaquil-City-August-29-2018-Serie-A
Liga Profesional Ecuador,M,ECU,2018,1st,Second stage,7,Wed,2018-08-29,14:30,Delfín SC,1.0,Univ Católica,2.0,320.0,Estadio Jocay,Omar Ponce,,https://fbref.com/en/matches/c821571a/Delfin-SC-Univ-Catolica-August-29-2018-Serie-A
Liga Profesional Ecuador,M,ECU,2018,1st,Second stage,7,Wed,2018-08-29,16:30,LDU de Quito,1.0,Independiente,0.0,4857.0,Estadio de Liga Deportiva Universitaria,Guillermo Guerrero,,https://fbref.com/en/matches/8215dcb2/LDU-de-Quito-Independiente-August-29-2018-Serie-A
Liga Profesional Ecuador,M,ECU,2018,1st,Second stage,7,Wed,2018-08-29,18:30,Barcelona SC,1.0,Macará,1.0,5394.0,Estadio Monumental Isidro Romero Carbo,Daniel Salazar,,https://fbref.com/en/matches/ffd70f22/Barcelona-SC-Macara-August-29-2018-Serie-A
Liga Profesional Ecuador,M,ECU,2018,1st,Second stage,7,Wed,2018-08-29,19:15,El Nacional,3.0,CD Cuenca,1.0,734.0,Estadio General Rumiñahui del Valle de L...,Luis Quiroz,,https://fbref.com/en/matches/cb13af31/El-Nacional-CD-Cuenca-August-29-2018-Serie-A
Liga Profesional Ecuador,M,ECU,2018,1st,Second stage,7,Wed,2018-08-29,20:30,CS Emelec,2.0,SD Aucas,0.0,10491.0,Estadio Banco del Pacífico,Juan Albarracín,,https://fbref.com/en/matches/78663346/CS-Emelec-SD-Aucas-August-29-2018-Serie-A
Liga Profesional Ecuador,M,ECU,2018,1st,Second stage,8,Sat,2018-09-01,15:30,Univ Católica,1.0,El Nacional,2.0,977.0,Estadio Olímpico Atahualpa,Marlon Vera,,https://fbref.com/en/matches/cc7b3667/Univ-Catolica-El-Nacional-September-1-2018-Serie-A
Liga Profesional Ecuador,M,ECU,2018,1st,Second stage,8,Sat,2018-09-01,18:00,SD Aucas,2.0,Delfín SC,0.0,1009.0,Estadio Gonzalo Pozo Ripalda,Vinício Espínel,,https://fbref.com/en/matches/29f0c777/SD-Aucas-Delfin-SC-September-1-2018-Serie-A
Liga Profesional Ecuador,M,ECU,2018,1st,Second stage,8,Sun,2018-09-02,12:00,Macará,1.0,CS Emelec,1.0,3260.0,Estadio Bellavista de Ambato,José Espinel,,https://fbref.com/en/matches/29b59894/Macara-CS-Emelec-September-2-2018-Serie-A
Liga Profesional Ecuador,M,ECU,2018,1st,Second stage,8,Sun,2018-09-02,12:00,CD Cuenca,2.0,LDU de Quito,2.0,6878.0,Estadio Alejandro Serrano Aguilar,Roddy Zambrano,,https://fbref.com/en/matches/44a39746/CD-Cuenca-LDU-de-Quito-September-2-2018-Serie-A
Liga Profesional Ecuador,M,ECU,2018,1st,Second stage,8,Sun,2018-09-02,14:30,Independiente,1.0,Técnico Univ.,1.0,644.0,Estadio General Rumiñahui del Valle de L...,Franklin Congo,,https://fbref.com/en/matches/94e1f262/Independiente-Tecnico-Univ-September-2-2018-Serie-A
Liga Profesional Ecuador,M,ECU,2018,1st,Second stage,8,Sun,2018-09-02,17:00,Barcelona SC,0.0,Guayaquil City,1.0,5266.0,Estadio Monumental Isidro Romero Carbo,Guillermo Guerrero,,https://fbref.com/en/matches/fb523aa1/Barcelona-SC-Guayaquil-City-September-2-2018-Serie-A
Liga Profesional Ecuador,M,ECU,2018,1st,Second stage,9,Fri,2018-09-07,18:00,Técnico Univ.,1.0,CD Cuenca,2.0,1354.0,Estadio Bellavista de Ambato,Roberto Sánchez,,https://fbref.com/en/matches/73cd9823/Tecnico-Univ-CD-Cuenca-September-7-2018-Serie-A
Liga Profesional Ecuador,M,ECU,2018,1st,Second stage,9,Sat,2018-09-08,18:30,El Nacional,1.0,SD Aucas,2.0,4641.0,Estadio Olímpico Atahualpa,Luis Quiroz,,https://fbref.com/en/matches/25a8f619/El-Nacional-SD-Aucas-September-8-2018-Serie-A
Liga Profesional Ecuador,M,ECU,2018,1st,Second stage,9,Sun,2018-09-09,12:00,Delfín SC,0.0,Macará,0.0,360.0,Estadio Jocay,Marlon Vera,,https://fbref.com/en/matches/59717df4/Delfin-SC-Macara-September-9-2018-Serie-A
Liga Profesional Ecuador,M,ECU,2018,1st,Second stage,9,Sun,2018-09-09,18:00,CS Emelec,2.0,Barcelona SC,0.0,33661.0,Estadio Banco del Pacífico,Omar Ponce,,https://fbref.com/en/matches/f7fce1b1/CS-Emelec-Barcelona-SC-September-9-2018-Serie-A
Liga Profesional Ecuador,M,ECU,2018,1st,Second stage,10,Fri,2018-09-14,20:00,SD Aucas,3.0,Técnico Univ.,0.0,1576.0,Estadio Gonzalo Pozo Ripalda,Diego Lara,,https://fbref.com/en/matches/75134d15/SD-Aucas-Tecnico-Univ-September-14-2018-Serie-A
Liga Profesional Ecuador,M,ECU,2018,1st,Second stage,10,Sat,2018-09-15,15:00,Macará,3.0,LDU de Quito,2.0,8923.0,Estadio Bellavista de Ambato,Luis Quiroz,,https://fbref.com/en/matches/54fdd0de/Macara-LDU-de-Quito-September-15-2018-Serie-A
Liga Profesional Ecuador,M,ECU,2018,1st,Second stage,10,Sat,2018-09-15,17:30,Barcelona SC,2.0,Delfín SC,2.0,5579.0,Estadio Monumental Isidro Romero Carbo,José Espinel,,https://fbref.com/en/matches/aa5968e1/Barcelona-SC-Delfin-SC-September-15-2018-Serie-A
Liga Profesional Ecuador,M,ECU,2018,1st,Second stage,10,Sat,2018-09-15,20:00,CD Cuenca,0.0,Guayaquil City,0.0,2426.0,Estadio Alejandro Serrano Aguilar,Juan Albarracín,,https://fbref.com/en/matches/6a037f1d/CD-Cuenca-Guayaquil-City-September-15-2018-Serie-A
Liga Profesional Ecuador,M,ECU,2018,1st,Second stage,10,Sun,2018-09-16,16:00,CS Emelec,3.0,El Nacional,1.0,20273.0,Estadio Banco del Pacífico,Franklin Congo,,https://fbref.com/en/matches/97f10b60/CS-Emelec-El-Nacional-September-16-2018-Serie-A
Liga Profesional Ecuador,M,ECU,2018,1st,Second stage,10,Mon,2018-09-17,19:15,Univ Católica,1.0,Independiente,2.0,298.0,Estadio Olímpico Atahualpa,Roberto Sánchez,,https://fbref.com/en/matches/2ed36a97/Univ-Catolica-Independiente-September-17-2018-Serie-A
Liga Profesional Ecuador,M,ECU,2018,1st,Second stage,11,Fri,2018-09-21,19:15,El Nacional,1.0,Macará,2.0,1958.0,Estadio Olímpico Atahualpa,Guillermo Guerrero,,https://fbref.com/en/matches/0e76858c/El-Nacional-Macara-September-21-2018-Serie-A
Liga Profesional Ecuador,M,ECU,2018,1st,Second stage,11,Sat,2018-09-22,16:30,Guayaquil City,0.0,SD Aucas,2.0,48.0,Estadio Christian Benítez Betancourt,Omar Ponce,,https://fbref.com/en/matches/cb0d3c92/Guayaquil-City-SD-Aucas-September-22-2018-Serie-A
Liga Profesional Ecuador,M,ECU,2018,1st,Second stage,11,Sat,2018-09-22,19:00,Delfín SC,2.0,CS Emelec,1.0,2917.0,Estadio Jocay,Vinício Espínel,,https://fbref.com/en/matches/852ad528/Delfin-SC-CS-Emelec-September-22-2018-Serie-A
Liga Profesional Ecuador,M,ECU,2018,1st,Second stage,11,Sun,2018-09-23,12:00,LDU de Quito,0.0,Barcelona SC,0.0,8662.0,Estadio de Liga Deportiva Universitaria,Carlos Orbe,,https://fbref.com/en/matches/8fde5785/LDU-de-Quito-Barcelona-SC-September-23-2018-Serie-A
Liga Profesional Ecuador,M,ECU,2018,1st,Second stage,11,Sun,2018-09-23,16:00,Independiente,2.0,CD Cuenca,3.0,1576.0,Estadio Folke Anderson,Marlon Vera,,https://fbref.com/en/matches/d07ce6a1/Independiente-CD-Cuenca-September-23-2018-Serie-A
Liga Profesional Ecuador,M,ECU,2018,1st,Second stage,11,Mon,2018-09-24,20:00,Técnico Univ.,4.0,Univ Católica,5.0,662.0,Estadio Bellavista de Ambato,Roddy Zambrano,,https://fbref.com/en/matches/bf92c204/Tecnico-Univ-Univ-Catolica-September-24-2018-Serie-A
Liga Profesional Ecuador,M,ECU,2018,1st,Second stage,12,Fri,2018-09-28,19:30,CD Cuenca,0.0,Independiente,1.0,2921.0,Estadio Alejandro Serrano Aguilar,Guillermo Guerrero,,https://fbref.com/en/matches/a283827e/CD-Cuenca-Independiente-September-28-2018-Serie-A
Liga Profesional Ecuador,M,ECU,2018,1st,Second stage,12,Sat,2018-09-29,16:00,SD Aucas,1.0,Guayaquil City,0.0,3243.0,Estadio Gonzalo Pozo Ripalda,Franklin Congo,,https://fbref.com/en/matches/b5e8cc42/SD-Aucas-Guayaquil-City-September-29-2018-Serie-A
Liga Profesional Ecuador,M,ECU,2018,1st,Second stage,12,Sat,2018-09-29,18:30,CS Emelec,1.0,Delfín SC,1.0,15812.0,Estadio Banco del Pacífico,Carlos Orbe,,https://fbref.com/en/matches/30c3391d/CS-Emelec-Delfin-SC-September-29-2018-Serie-A
Liga Profesional Ecuador,M,ECU,2018,1st,Second stage,12,Sun,2018-09-30,14:00,Univ Católica,2.0,Técnico Univ.,0.0,328.0,Estadio Olímpico Atahualpa,Luis Quiroz,,https://fbref.com/en/matches/8f13d20c/Univ-Catolica-Tecnico-Univ-September-30-2018-Serie-A
Liga Profesional Ecuador,M,ECU,2018,1st,Second stage,12,Sun,2018-09-30,16:30,Barcelona SC,1.0,LDU de Quito,1.0,20463.0,Estadio Monumental Isidro Romero Carbo,Vinício Espínel,,https://fbref.com/en/matches/7bf43325/Barcelona-SC-LDU-de-Quito-September-30-2018-Serie-A
Liga Profesional Ecuador,M,ECU,2018,1st,Second stage,12,Mon,2018-10-01,19:30,Macará,2.0,El Nacional,2.0,4930.0,Estadio Bellavista de Ambato,Roddy Zambrano,,https://fbref.com/en/matches/46522e36/Macara-El-Nacional-October-1-2018-Serie-A
Liga Profesional Ecuador,M,ECU,2018,1st,Second stage,9,Wed,2018-10-03,17:00,Guayaquil City,1.0,Independiente,2.0,41.0,Estadio Christian Benítez Betancourt,José Espinel,,https://fbref.com/en/matches/309b89cc/Guayaquil-City-Independiente-October-3-2018-Serie-A
Liga Profesional Ecuador,M,ECU,2018,1st,Second stage,9,Wed,2018-10-03,19:15,LDU de Quito,1.0,Univ Católica,0.0,2541.0,Estadio de Liga Deportiva Universitaria,Diego Lara,,https://fbref.com/en/matches/2caf8bfb/LDU-de-Quito-Univ-Catolica-October-3-2018-Serie-A
Liga Profesional Ecuador,M,ECU,2018,1st,Second stage,13,Fri,2018-10-05,20:00,Técnico Univ.,3.0,SD Aucas,0.0,809.0,Estadio Bellavista de Ambato,Daniel Salazar,,https://fbref.com/en/matches/d475a7cb/Tecnico-Univ-SD-Aucas-October-5-2018-Serie-A
Liga Profesional Ecuador,M,ECU,2018,1st,Second stage,13,Sat,2018-10-06,16:00,El Nacional,1.0,CS Emelec,1.0,3210.0,Estadio Olímpico Atahualpa,José Espinel,,https://fbref.com/en/matches/6765184f/El-Nacional-CS-Emelec-October-6-2018-Serie-A
Liga Profesional Ecuador,M,ECU,2018,1st,Second stage,13,Sat,2018-10-06,18:30,Delfín SC,1.0,Barcelona SC,0.0,6980.0,Estadio Jocay,Diego Lara,,https://fbref.com/en/matches/26922029/Delfin-SC-Barcelona-SC-October-6-2018-Serie-A
Liga Profesional Ecuador,M,ECU,2018,1st,Second stage,13,Sun,2018-10-07,14:00,Independiente,1.0,Univ Católica,3.0,323.0,Estadio General Rumiñahui del Valle de L...,Vinício Espínel,,https://fbref.com/en/matches/855f2514/Independiente-Univ-Catolica-October-7-2018-Serie-A
Liga Profesional Ecuador,M,ECU,2018,1st,Second stage,13,Sun,2018-10-07,16:30,LDU de Quito,0.0,Macará,0.0,10991.0,Estadio de Liga Deportiva Universitaria,Omar Ponce,,https://fbref.com/en/matches/8080cc31/LDU-de-Quito-Macara-October-7-2018-Serie-A
Liga Profesional Ecuador,M,ECU,2018,1st,Second stage,13,Mon,2018-10-08,19:15,Guayaquil City,1.0,CD Cuenca,1.0,276.0,Estadio Christian Benítez Betancourt,Roddy Zambrano,,https://fbref.com/en/matches/fde2970c/Guayaquil-City-CD-Cuenca-October-8-2018-Serie-A
Liga Profesional Ecuador,M,ECU,2018,1st,Second stage,14,Fri,2018-10-12,20:00,Macará,1.0,Delfín SC,1.0,4741.0,Estadio Bellavista de Ambato,Luis Quiroz,,https://fbref.com/en/matches/91e75c08/Macara-Delfin-SC-October-12-2018-Serie-A
Liga Profesional Ecuador,M,ECU,2018,1st,Second stage,14,Sat,2018-10-13,16:00,SD Aucas,3.0,El Nacional,2.0,4734.0,Estadio Gonzalo Pozo Ripalda,Carlos Orbe,,https://fbref.com/en/matches/59d24cc3/SD-Aucas-El-Nacional-October-13-2018-Serie-A
Liga Profesional Ecuador,M,ECU,2018,1st,Second stage,14,Sat,2018-10-13,18:30,Univ Católica,0.0,LDU de Quito,1.0,3978.0,Estadio Olímpico Atahualpa,Guillermo Guerrero,,https://fbref.com/en/matches/85269525/Univ-Catolica-LDU-de-Quito-October-13-2018-Serie-A
Liga Profesional Ecuador,M,ECU,2018,1st,Second stage,14,Sun,2018-10-14,14:00,CD Cuenca,1.0,Técnico Univ.,3.0,1824.0,Estadio Alejandro Serrano Aguilar,Franklin Congo,,https://fbref.com/en/matches/65ac9607/CD-Cuenca-Tecnico-Univ-October-14-2018-Serie-A
Liga Profesional Ecuador,M,ECU,2018,1st,Second stage,14,Sun,2018-10-14,17:00,Barcelona SC,1.0,CS Emelec,0.0,20360.0,Estadio Monumental Isidro Romero Carbo,Roddy Zambrano,,https://fbref.com/en/matches/6ffd4985/Barcelona-SC-CS-Emelec-October-14-2018-Serie-A
Liga Profesional Ecuador,M,ECU,2018,1st,Second stage,15,Fri,2018-10-19,19:15,El Nacional,1.0,Univ Católica,3.0,368.0,Estadio Olímpico Atahualpa,Luis Quiroz,,https://fbref.com/en/matches/85a1aa05/El-Nacional-Univ-Catolica-October-19-2018-Serie-A
Liga Profesional Ecuador,M,ECU,2018,1st,Second stage,15,Sat,2018-10-20,16:00,Guayaquil City,3.0,Barcelona SC,4.0,5206.0,Estadio Christian Benítez Betancourt,José Espinel,,https://fbref.com/en/matches/c5892151/Guayaquil-City-Barcelona-SC-October-20-2018-Serie-A
Liga Profesional Ecuador,M,ECU,2018,1st,Second stage,15,Sat,2018-10-20,18:10,LDU de Quito,1.0,CD Cuenca,0.0,7253.0,Estadio de Liga Deportiva Universitaria,Roberto Sánchez,,https://fbref.com/en/matches/782de0bc/LDU-de-Quito-CD-Cuenca-October-20-2018-Serie-A
Liga Profesional Ecuador,M,ECU,2018,1st,Second stage,15,Sat,2018-10-20,20:15,Delfín SC,1.0,SD Aucas,0.0,450.0,Estadio Jocay,Guillermo Guerrero,,https://fbref.com/en/matches/a01ceefa/Delfin-SC-SD-Aucas-October-20-2018-Serie-A
Liga Profesional Ecuador,M,ECU,2018,1st,Second stage,15,Sun,2018-10-21,16:30,CS Emelec,3.0,Macará,1.0,17275.0,Estadio Banco del Pacífico,Vinício Espínel,,https://fbref.com/en/matches/94e3447b/CS-Emelec-Macara-October-21-2018-Serie-A
Liga Profesional Ecuador,M,ECU,2018,1st,Second stage,15,Mon,2018-10-22,20:00,Técnico Univ.,0.0,Independiente,2.0,1180.0,Estadio Bellavista de Ambato,Juan Albarracín,,https://fbref.com/en/matches/d20c2e72/Tecnico-Univ-Independiente-October-22-2018-Serie-A
Liga Profesional Ecuador,M,ECU,2018,1st,Second stage,16,Fri,2018-10-26,20:00,CD Cuenca,2.0,El Nacional,0.0,2175.0,Estadio Alejandro Serrano Aguilar,Vinício Espínel,,https://fbref.com/en/matches/baf62679/CD-Cuenca-El-Nacional-October-26-2018-Serie-A
Liga Profesional Ecuador,M,ECU,2018,1st,Second stage,16,Sat,2018-10-27,16:00,Univ Católica,2.0,Delfín SC,2.0,390.0,Estadio Olímpico Atahualpa,Roddy Zambrano,,https://fbref.com/en/matches/4da68010/Univ-Catolica-Delfin-SC-October-27-2018-Serie-A
Liga Profesional Ecuador,M,ECU,2018,1st,Second stage,16,Sat,2018-10-27,18:30,Guayaquil City,2.0,Técnico Univ.,3.0,61.0,Estadio Christian Benítez Betancourt,Daniel Salazar,,https://fbref.com/en/matches/055f6439/Guayaquil-City-Tecnico-Univ-October-27-2018-Serie-A
Liga Profesional Ecuador,M,ECU,2018,1st,Second stage,16,Sun,2018-10-28,12:00,SD Aucas,0.0,CS Emelec,1.0,5462.0,Estadio Gonzalo Pozo Ripalda,Omar Ponce,,https://fbref.com/en/matches/4af4473a/SD-Aucas-CS-Emelec-October-28-2018-Serie-A
Liga Profesional Ecuador,M,ECU,2018,1st,Second stage,16,Sun,2018-10-28,15:00,Independiente,1.0,LDU de Quito,1.0,5061.0,Estadio Olímpico Atahualpa,Diego Lara,,https://fbref.com/en/matches/95a2f5ff/Independiente-LDU-de-Quito-October-28-2018-Serie-A
Liga Profesional Ecuador,M,ECU,2018,1st,Second stage,16,Sun,2018-10-28,17:30,Macará,1.0,Barcelona SC,0.0,10960.0,Estadio Bellavista de Ambato,Carlos Orbe,,https://fbref.com/en/matches/020f038c/Macara-Barcelona-SC-October-28-2018-Serie-A
Liga Profesional Ecuador,M,ECU,2018,1st,Second stage,14,Wed,2018-10-31,19:15,Independiente,4.0,Guayaquil City,0.0,124.0,Estadio General Rumiñahui del Valle de L...,Guillermo Guerrero,,https://fbref.com/en/matches/ddc190f6/Independiente-Guayaquil-City-October-31-2018-Serie-A
Liga Profesional Ecuador,M,ECU,2018,1st,Second stage,17,Fri,2018-11-02,19:15,Delfín SC,3.0,CD Cuenca,0.0,25.0,Estadio Jocay,Carlos Orbe,,https://fbref.com/en/matches/bc86aa61/Delfin-SC-CD-Cuenca-November-2-2018-Serie-A
Liga Profesional Ecuador,M,ECU,2018,1st,Second stage,17,Sat,2018-11-03,16:00,CS Emelec,3.0,Univ Católica,1.0,18375.0,Estadio Banco del Pacífico,Daniel Salazar,,https://fbref.com/en/matches/6858d103/CS-Emelec-Univ-Catolica-November-3-2018-Serie-A
Liga Profesional Ecuador,M,ECU,2018,1st,Second stage,17,Sat,2018-11-03,18:30,Técnico Univ.,0.0,Macará,1.0,10967.0,Estadio Bellavista de Ambato,Diego Lara,,https://fbref.com/en/matches/d073fe45/Tecnico-Univ-Macara-November-3-2018-Serie-A
Liga Profesional Ecuador,M,ECU,2018,1st,Second stage,17,Sun,2018-11-04,14:30,El Nacional,1.0,Independiente,1.0,799.0,Estadio Olímpico Atahualpa,Franklin Congo,,https://fbref.com/en/matches/afd8fc9d/El-Nacional-Independiente-November-4-2018-Serie-A
Liga Profesional Ecuador,M,ECU,2018,1st,Second stage,17,Sun,2018-11-04,17:00,Barcelona SC,3.0,SD Aucas,1.0,6214.0,Estadio Monumental Isidro Romero Carbo,Juan Albarracín,,https://fbref.com/en/matches/02e28d62/Barcelona-SC-SD-Aucas-November-4-2018-Serie-A
Liga Profesional Ecuador,M,ECU,2018,1st,Second stage,17,Mon,2018-11-05,19:15,LDU de Quito,4.0,Guayaquil City,1.0,2024.0,Estadio de Liga Deportiva Universitaria,Luis Quiroz,,https://fbref.com/en/matches/bd0fc91a/LDU-de-Quito-Guayaquil-City-November-5-2018-Serie-A
Liga Profesional Ecuador,M,ECU,2018,1st,Second stage,18,Fri,2018-11-09,19:15,Independiente,3.0,Delfín SC,1.0,147.0,Estadio General Rumiñahui del Valle de L...,Daniel Salazar,,https://fbref.com/en/matches/b1252171/Independiente-Delfin-SC-November-9-2018-Serie-A
Liga Profesional Ecuador,M,ECU,2018,1st,Second stage,18,Sat,2018-11-10,17:15,Técnico Univ.,2.0,LDU de Quito,1.0,5532.0,Estadio Bellavista de Ambato,Guillermo Guerrero,,https://fbref.com/en/matches/02b2ac12/Tecnico-Univ-LDU-de-Quito-November-10-2018-Serie-A
Liga Profesional Ecuador,M,ECU,2018,1st,Second stage,18,Sat,2018-11-10,19:30,CD Cuenca,0.0,CS Emelec,2.0,5441.0,Estadio Alejandro Serrano Aguilar,Luis Quiroz,,https://fbref.com/en/matches/f3506fce/CD-Cuenca-CS-Emelec-November-10-2018-Serie-A
Liga Profesional Ecuador,M,ECU,2018,1st,Second stage,18,Sun,2018-11-11,14:30,SD Aucas,2.0,Macará,1.0,4768.0,Estadio Gonzalo Pozo Ripalda,Roberto Sánchez,,https://fbref.com/en/matches/50b5a591/SD-Aucas-Macara-November-11-2018-Serie-A
Liga Profesional Ecuador,M,ECU,2018,1st,Second stage,18,Sun,2018-11-11,17:00,Univ Católica,2.0,Barcelona SC,2.0,7949.0,Estadio Olímpico Atahualpa,Vinício Espínel,,https://fbref.com/en/matches/b30b21a3/Univ-Catolica-Barcelona-SC-November-11-2018-Serie-A
Liga Profesional Ecuador,M,ECU,2018,1st,Second stage,18,Mon,2018-11-12,19:15,Guayaquil City,1.0,El Nacional,0.0,127.0,Estadio Christian Benítez Betancourt,Oscar Proaño,,https://fbref.com/en/matches/dd7ffe1d/Guayaquil-City-El-Nacional-November-12-2018-Serie-A
Liga Profesional Ecuador,M,ECU,2018,1st,Second stage,20,Fri,2018-11-23,16:00,Univ Católica,0.0,SD Aucas,2.0,720.0,Estadio Olímpico Atahualpa,Franklin Congo,,https://fbref.com/en/matches/0480eef7/Univ-Catolica-SD-Aucas-November-23-2018-Serie-A
Liga Profesional Ecuador,M,ECU,2018,1st,Second stage,20,Fri,2018-11-23,16:00,Técnico Univ.,2.0,Delfín SC,1.0,764.0,Estadio Bellavista de Ambato,José Espinel,,https://fbref.com/en/matches/6cbce001/Tecnico-Univ-Delfin-SC-November-23-2018-Serie-A
Liga Profesional Ecuador,M,ECU,2018,1st,Second stage,20,Fri,2018-11-23,20:10,CD Cuenca,1.0,Macará,1.0,1918.0,Estadio Alejandro Serrano Aguilar,Daniel Salazar,,https://fbref.com/en/matches/fa620c36/CD-Cuenca-Macara-November-23-2018-Serie-A
Liga Profesional Ecuador,M,ECU,2018,1st,Second stage,20,Sat,2018-11-24,12:00,LDU de Quito,4.0,El Nacional,0.0,5610.0,Estadio de Liga Deportiva Universitaria,Roddy Zambrano,,https://fbref.com/en/matches/f7d2dbcf/LDU-de-Quito-El-Nacional-November-24-2018-Serie-A
Liga Profesional Ecuador,M,ECU,2018,1st,Second stage,20,Sat,2018-11-24,18:25,Guayaquil City,1.0,CS Emelec,4.0,3905.0,Estadio Christian Benítez Betancourt,Juan Albarracín,,https://fbref.com/en/matches/365da3b8/Guayaquil-City-CS-Emelec-November-24-2018-Serie-A
Liga Profesional Ecuador,M,ECU,2018,1st,Second stage,20,Sat,2018-11-24,20:30,Independiente,1.0,Barcelona SC,0.0,1482.0,Estadio General Rumiñahui del Valle de L...,Luis Quiroz,,https://fbref.com/en/matches/92e200ed/Independiente-Barcelona-SC-November-24-2018-Serie-A
Liga Profesional Ecuador,M,ECU,2018,1st,Second stage,19,Wed,2018-11-28,12:00,Macará,1.0,Univ Católica,2.0,766.0,Estadio Bellavista de Ambato,Guillermo Guerrero,,https://fbref.com/en/matches/dd639b09/Macara-Univ-Catolica-November-28-2018-Serie-A
Liga Profesional Ecuador,M,ECU,2018,1st,Second stage,19,Wed,2018-11-28,14:00,Delfín SC,3.0,Guayaquil City,0.0,1106.0,Estadio Jocay,Roberto Sánchez,,https://fbref.com/en/matches/a92a5ac6/Delfin-SC-Guayaquil-City-November-28-2018-Serie-A
Liga Profesional Ecuador,M,ECU,2018,1st,Second stage,19,Wed,2018-11-28,16:15,SD Aucas,1.0,LDU de Quito,3.0,1882.0,Estadio Gonzalo Pozo Ripalda,Vinício Espínel,,https://fbref.com/en/matches/ae56761d/SD-Aucas-LDU-de-Quito-November-28-2018-Serie-A
Liga Profesional Ecuador,M,ECU,2018,1st,Second stage,19,Wed,2018-11-28,18:30,Barcelona SC,2.0,CD Cuenca,1.0,2297.0,Estadio Monumental Isidro Romero Carbo,Roddy Zambrano,,https://fbref.com/en/matches/06ec8d91/Barcelona-SC-CD-Cuenca-November-28-2018-Serie-A
Liga Profesional Ecuador,M,ECU,2018,1st,Second stage,19,Wed,2018-11-28,19:15,El Nacional,1.0,Técnico Univ.,2.0,2636.0,Estadio Olímpico Atahualpa,Luis Quiroz,,https://fbref.com/en/matches/0e215151/El-Nacional-Tecnico-Univ-November-28-2018-Serie-A
Liga Profesional Ecuador,M,ECU,2018,1st,Second stage,19,Wed,2018-11-28,20:30,CS Emelec,0.0,Independiente,0.0,21010.0,Estadio Banco del Pacífico,Carlos Orbe,,https://fbref.com/en/matches/d59aedd3/CS-Emelec-Independiente-November-28-2018-Serie-A
Liga Profesional Ecuador,M,ECU,2018,1st,Second stage,21,Sun,2018-12-02,12:00,Delfín SC,5.0,El Nacional,1.0,589.0,Estadio Jocay,Guillermo Guerrero,,https://fbref.com/en/matches/4c1418a6/Delfin-SC-El-Nacional-December-2-2018-Serie-A
Liga Profesional Ecuador,M,ECU,2018,1st,Second stage,21,Sun,2018-12-02,12:00,Barcelona SC,2.0,Técnico Univ.,1.0,4737.0,Estadio Monumental Isidro Romero Carbo,Franklin Congo,,https://fbref.com/en/matches/4e6f110e/Barcelona-SC-Tecnico-Univ-December-2-2018-Serie-A
Liga Profesional Ecuador,M,ECU,2018,1st,Second stage,21,Sun,2018-12-02,12:00,CS Emelec,0.0,LDU de Quito,0.0,31376.0,Estadio Banco del Pacífico,Luis Quiroz,,https://fbref.com/en/matches/67a979bd/CS-Emelec-LDU-de-Quito-December-2-2018-Serie-A
Liga Profesional Ecuador,M,ECU,2018,1st,Second stage,21,Sun,2018-12-02,12:00,Macará,6.0,Guayaquil City,1.0,663.0,Estadio Bellavista de Ambato,Jefferson Macias,,https://fbref.com/en/matches/6a8a3bbb/Macara-Guayaquil-City-December-2-2018-Serie-A
Liga Profesional Ecuador,M,ECU,2018,1st,Second stage,21,Sun,2018-12-02,12:00,SD Aucas,1.0,Independiente,1.0,780.0,Estadio Gonzalo Pozo Ripalda,José Espinel,,https://fbref.com/en/matches/6d4b59f7/SD-Aucas-Independiente-December-2-2018-Serie-A
Liga Profesional Ecuador,M,ECU,2018,1st,Second stage,21,Sun,2018-12-02,12:00,Univ Católica,1.0,CD Cuenca,2.0,145.0,Estadio Olímpico Atahualpa,Marlon Vera,,https://fbref.com/en/matches/c2f43d2b/Univ-Catolica-CD-Cuenca-December-2-2018-Serie-A
Liga Profesional Ecuador,M,ECU,2018,1st,Second stage,22,Sat,2018-12-08,12:00,Técnico Univ.,1.0,CS Emelec,2.0,5649.0,Estadio Bellavista de Ambato,Vinício Espínel,,https://fbref.com/en/matches/0419f52e/Tecnico-Univ-CS-Emelec-December-8-2018-Serie-A
Liga Profesional Ecuador,M,ECU,2018,1st,Second stage,22,Sat,2018-12-08,12:00,CD Cuenca,0.0,SD Aucas,1.0,1439.0,Estadio Alejandro Serrano Aguilar,Roberto Sánchez,,https://fbref.com/en/matches/3efb914a/CD-Cuenca-SD-Aucas-December-8-2018-Serie-A
Liga Profesional Ecuador,M,ECU,2018,1st,Second stage,22,Sat,2018-12-08,12:00,Independiente,0.0,Macará,1.0,607.0,Estadio General Rumiñahui del Valle de L...,Roddy Zambrano,,https://fbref.com/en/matches/56039990/Independiente-Macara-December-8-2018-Serie-A
Liga Profesional Ecuador,M,ECU,2018,1st,Second stage,22,Sat,2018-12-08,12:00,El Nacional,0.0,Barcelona SC,0.0,3585.0,Estadio Olímpico Atahualpa,Juan Albarracín,,https://fbref.com/en/matches/88e9a21b/El-Nacional-Barcelona-SC-December-8-2018-Serie-A
Liga Profesional Ecuador,M,ECU,2018,1st,Second stage,22,Sat,2018-12-08,12:00,Guayaquil City,2.0,Univ Católica,1.0,18.0,Estadio Christian Benítez Betancourt,Diego Lara,,https://fbref.com/en/matches/d3367e59/Guayaquil-City-Univ-Catolica-December-8-2018-Serie-A
Liga Profesional Ecuador,M,ECU,2018,1st,Second stage,22,Sat,2018-12-08,12:00,LDU de Quito,0.0,Delfín SC,0.0,16227.0,Estadio de Liga Deportiva Universitaria,Omar Ponce,,https://fbref.com/en/matches/f0caee81/LDU-de-Quito-Delfin-SC-December-8-2018-Serie-A
Liga Profesional Ecuador,M,ECU,2018,1st,Finals,,Wed,2018-12-12,20:00,CS Emelec,1.0,LDU de Quito,1.0,34902.0,Estadio Banco del Pacífico,Carlos Orbe,Leg 1 of 2,https://fbref.com/en/matches/e1953b20/CS-Emelec-LDU-de-Quito-December-12-2018-Serie-A
Liga Profesional Ecuador,M,ECU,2018,1st,Finals,,Sun,2018-12-16,12:00,LDU de Quito,1.0,CS Emelec,0.0,47225.0,Estadio de Liga Deportiva Universitaria,Luis Quiroz,Leg 2 of 2; LDU de Quito won,https://fbref.com/en/matches/12c242dc/LDU-de-Quito-CS-Emelec-December-16-2018-Serie-A
Liga Profesional Ecuador,M,ECU,2019,1st,Regular season,1,Fri,2019-02-08,20:00,Guayaquil City,1.0,Macará,1.0,,Estadio Christian Benítez Betancourt,Jefferson Macias,,https://fbref.com/en/matches/5d006fb4/Guayaquil-City-Macara-February-8-2019-Serie-A
Liga Profesional Ecuador,M,ECU,2019,1st,Regular season,1,Sat,2019-02-09,15:00,Amarilla SC,0.0,Delfín SC,2.0,,Estadio 9 de Mayo,Luis Quiroz,,https://fbref.com/en/matches/c61705b9/Amarilla-SC-Delfin-SC-February-9-2019-Serie-A
Liga Profesional Ecuador,M,ECU,2019,1st,Regular season,1,Sat,2019-02-09,17:15,LDU de Quito,3.0,CD Olmedo,2.0,,Estadio de Liga Deportiva Universitaria,Roberto Sánchez,,https://fbref.com/en/matches/e625c7e3/LDU-de-Quito-CD-Olmedo-February-9-2019-Serie-A
Liga Profesional Ecuador,M,ECU,2019,1st,Regular season,1,Sat,2019-02-09,19:30,Barcelona SC,5.0,El Nacional,2.0,,Estadio Monumental Isidro Romero Carbo,Juan Albarracín,,https://fbref.com/en/matches/25f25a18/Barcelona-SC-El-Nacional-February-9-2019-Serie-A
Liga Profesional Ecuador,M,ECU,2019,1st,Regular season,1,Sun,2019-02-10,14:00,CD Cuenca,3.0,Independiente,2.0,,Estadio Alejandro Serrano Aguilar,Guillermo Guerrero,,https://fbref.com/en/matches/235f3902/CD-Cuenca-Independiente-February-10-2019-Serie-A
Liga Profesional Ecuador,M,ECU,2019,1st,Regular season,1,Sun,2019-02-10,16:05,SD Aucas,0.0,CS Emelec,2.0,,Estadio Gonzalo Pozo Ripalda,Roddy Zambrano,,https://fbref.com/en/matches/2af8fbd5/SD-Aucas-CS-Emelec-February-10-2019-Serie-A
Liga Profesional Ecuador,M,ECU,2019,1st,Regular season,1,Sun,2019-02-10,18:30,Técnico Univ.,1.0,Univ Católica,2.0,,Estadio Bellavista de Ambato,José Espinel,,https://fbref.com/en/matches/50298601/Tecnico-Univ-Univ-Catolica-February-10-2019-Serie-A
Liga Profesional Ecuador,M,ECU,2019,1st,Regular season,1,Mon,2019-02-11,19:15,América Quito,0.0,Mushuc Runa,1.0,,Estadio Olímpico Atahualpa,Augusto Aragón,,https://fbref.com/en/matches/bcd1922b/America-Quito-Mushuc-Runa-February-11-2019-Serie-A
Liga Profesional Ecuador,M,ECU,2019,1st,Regular season,2,Fri,2019-02-15,19:15,El Nacional,1.0,SD Aucas,3.0,5556.0,Estadio Olímpico Atahualpa,Luis Quiroz,,https://fbref.com/en/matches/c7ef5f7a/El-Nacional-SD-Aucas-February-15-2019-Serie-A
Liga Profesional Ecuador,M,ECU,2019,1st,Regular season,2,Sat,2019-02-16,15:00,CD Olmedo,1.0,América Quito,0.0,2982.0,Estadio Olímpico de Riobamba,Diego Lara,,https://fbref.com/en/matches/ae978cda/CD-Olmedo-America-Quito-February-16-2019-Serie-A
Liga Profesional Ecuador,M,ECU,2019,1st,Regular season,2,Sat,2019-02-16,17:15,Univ Católica,0.0,LDU de Quito,0.0,6455.0,Estadio Olímpico Atahualpa,Franklin Congo,,https://fbref.com/en/matches/f5c54f62/Univ-Catolica-LDU-de-Quito-February-16-2019-Serie-A
Liga Profesional Ecuador,M,ECU,2019,1st,Regular season,2,Sat,2019-02-16,19:30,Macará,0.0,Barcelona SC,0.0,6438.0,Estadio Bellavista de Ambato,Vinício Espínel,,https://fbref.com/en/matches/f8964ff3/Macara-Barcelona-SC-February-16-2019-Serie-A
Liga Profesional Ecuador,M,ECU,2019,1st,Regular season,2,Sun,2019-02-17,14:00,Mushuc Runa,1.0,CD Cuenca,1.0,1741.0,Estadio del Mushuc Runa Sporting Club,Marlon Vera,,https://fbref.com/en/matches/e78ccb93/Mushuc-Runa-CD-Cuenca-February-17-2019-Serie-A
Liga Profesional Ecuador,M,ECU,2019,1st,Regular season,2,Sun,2019-02-17,16:15,CS Emelec,1.0,Amarilla SC,2.0,20000.0,Estadio Banco del Pacífico,Roberto Alarcón,,https://fbref.com/en/matches/74f4b21f/CS-Emelec-Amarilla-SC-February-17-2019-Serie-A
Liga Profesional Ecuador,M,ECU,2019,1st,Regular season,2,Sun,2019-02-17,18:30,Delfín SC,0.0,Guayaquil City,1.0,172.0,Estadio Jocay,Mario Romero,,https://fbref.com/en/matches/f6d46aa8/Delfin-SC-Guayaquil-City-February-17-2019-Serie-A
Liga Profesional Ecuador,M,ECU,2019,1st,Regular season,2,Mon,2019-02-18,19:15,Independiente,1.0,Técnico Univ.,0.0,552.0,Estadio General Rumiñahui del Valle de L...,Jefferson Macias,,https://fbref.com/en/matches/b1310d23/Independiente-Tecnico-Univ-February-18-2019-Serie-A
Liga Profesional Ecuador,M,ECU,2019,1st,Regular season,3,Fri,2019-02-22,19:15,CD Cuenca,1.0,CS Emelec,0.0,9184.0,Estadio Alejandro Serrano Aguilar,Mario Romero,,https://fbref.com/en/matches/43f7180d/CD-Cuenca-CS-Emelec-February-22-2019-Serie-A
Liga Profesional Ecuador,M,ECU,2019,1st,Regular season,3,Sat,2019-02-23,15:00,Amarilla SC,1.0,CD Olmedo,4.0,857.0,Estadio 9 de Mayo,José Espinel,,https://fbref.com/en/matches/9539b121/Amarilla-SC-CD-Olmedo-February-23-2019-Serie-A
Liga Profesional Ecuador,M,ECU,2019,1st,Regular season,3,Sat,2019-02-23,17:15,América Quito,0.0,LDU de Quito,1.0,4583.0,Estadio Olímpico Atahualpa,Guillermo Guerrero,,https://fbref.com/en/matches/261c6036/America-Quito-LDU-de-Quito-February-23-2019-Serie-A
Liga Profesional Ecuador,M,ECU,2019,1st,Regular season,3,Sat,2019-02-23,19:30,Técnico Univ.,0.0,Macará,2.0,5585.0,Estadio Bellavista de Ambato,Roddy Zambrano,,https://fbref.com/en/matches/e0adee80/Tecnico-Univ-Macara-February-23-2019-Serie-A
Liga Profesional Ecuador,M,ECU,2019,1st,Regular season,3,Sun,2019-02-24,14:00,SD Aucas,3.0,Univ Católica,1.0,2371.0,Estadio Gonzalo Pozo Ripalda,Vinício Espínel,,https://fbref.com/en/matches/fc174164/SD-Aucas-Univ-Catolica-February-24-2019-Serie-A
Liga Profesional Ecuador,M,ECU,2019,1st,Regular season,3,Sun,2019-02-24,16:15,Barcelona SC,2.0,Mushuc Runa,0.0,100.0,Estadio Monumental Isidro Romero Carbo,Diego Lara,,https://fbref.com/en/matches/2c1acc88/Barcelona-SC-Mushuc-Runa-February-24-2019-Serie-A
Liga Profesional Ecuador,M,ECU,2019,1st,Regular season,3,Sun,2019-02-24,18:30,El Nacional,0.0,Delfín SC,1.0,1595.0,Estadio Olímpico Atahualpa,Franklin Congo,,https://fbref.com/en/matches/62958aaa/El-Nacional-Delfin-SC-February-24-2019-Serie-A
Liga Profesional Ecuador,M,ECU,2019,1st,Regular season,3,Mon,2019-02-25,19:15,Guayaquil City,0.0,Independiente,1.0,282.0,Estadio Christian Benítez Betancourt,Juan Albarracín,,https://fbref.com/en/matches/f07d4e40/Guayaquil-City-Independiente-February-25-2019-Serie-A
Liga Profesional Ecuador,M,ECU,2019,1st,Regular season,4,Fri,2019-03-01,19:15,CD Cuenca,2.0,América Quito,0.0,5776.0,Estadio Alejandro Serrano Aguilar,Jefferson Macias,,https://fbref.com/en/matches/a9965c1a/CD-Cuenca-America-Quito-March-1-2019-Serie-A
Liga Profesional Ecuador,M,ECU,2019,1st,Regular season,4,Sat,2019-03-02,15:00,Delfín SC,4.0,SD Aucas,2.0,274.0,Estadio Jocay,Marlon Vera,,https://fbref.com/en/matches/c75f6a4e/Delfin-SC-SD-Aucas-March-2-2019-Serie-A
Liga Profesional Ecuador,M,ECU,2019,1st,Regular season,4,Sat,2019-03-02,17:30,LDU de Quito,4.0,Guayaquil City,0.0,4035.0,Estadio de Liga Deportiva Universitaria,Augusto Aragón,,https://fbref.com/en/matches/7d9efb8c/LDU-de-Quito-Guayaquil-City-March-2-2019-Serie-A
Liga Profesional Ecuador,M,ECU,2019,1st,Regular season,4,Sat,2019-03-02,20:00,CS Emelec,1.0,Técnico Univ.,0.0,75.0,Estadio Banco del Pacífico,Guillermo Guerrero,,https://fbref.com/en/matches/9470018e/CS-Emelec-Tecnico-Univ-March-2-2019-Serie-A
Liga Profesional Ecuador,M,ECU,2019,1st,Regular season,4,Sun,2019-03-03,14:00,Mushuc Runa,0.0,El Nacional,1.0,1933.0,Estadio del Mushuc Runa Sporting Club,Roddy Zambrano,,https://fbref.com/en/matches/55bfc662/Mushuc-Runa-El-Nacional-March-3-2019-Serie-A
Liga Profesional Ecuador,M,ECU,2019,1st,Regular season,4,Sun,2019-03-03,16:15,Independiente,3.0,Barcelona SC,0.0,4215.0,Estadio General Rumiñahui del Valle de L...,Luis Quiroz,,https://fbref.com/en/matches/cbd37e37/Independiente-Barcelona-SC-March-3-2019-Serie-A
Liga Profesional Ecuador,M,ECU,2019,1st,Regular season,4,Sun,2019-03-03,18:30,CD Olmedo,0.0,Macará,2.0,5482.0,Estadio Olímpico de Riobamba,Franklin Congo,,https://fbref.com/en/matches/efc0f368/CD-Olmedo-Macara-March-3-2019-Serie-A
Liga Profesional Ecuador,M,ECU,2019,1st,Regular season,4,Mon,2019-03-04,19:15,Univ Católica,6.0,Amarilla SC,0.0,409.0,Estadio Olímpico Atahualpa,Roberto Sánchez,,https://fbref.com/en/matches/3223a229/Univ-Catolica-Amarilla-SC-March-4-2019-Serie-A
Liga Profesional Ecuador,M,ECU,2019,1st,Regular season,5,Fri,2019-03-08,19:15,Técnico Univ.,0.0,CD Olmedo,3.0,5482.0,Estadio Bellavista de Ambato,Marlon Vera,,https://fbref.com/en/matches/175e56bd/Tecnico-Univ-CD-Olmedo-March-8-2019-Serie-A
Liga Profesional Ecuador,M,ECU,2019,1st,Regular season,5,Sat,2019-03-09,15:00,SD Aucas,1.0,Mushuc Runa,1.0,124.0,Estadio Gonzalo Pozo Ripalda,Diego Lara,,https://fbref.com/en/matches/d5b6c967/SD-Aucas-Mushuc-Runa-March-9-2019-Serie-A
Liga Profesional Ecuador,M,ECU,2019,1st,Regular season,5,Sat,2019-03-09,17:15,Macará,3.0,LDU de Quito,0.0,125.0,Estadio Bellavista de Ambato,Carlos Orbe,,https://fbref.com/en/matches/f306f62b/Macara-LDU-de-Quito-March-9-2019-Serie-A
Liga Profesional Ecuador,M,ECU,2019,1st,Regular season,5,Sat,2019-03-09,19:30,Guayaquil City,1.0,Amarilla SC,1.0,409.0,Estadio Christian Benítez Betancourt,Franklin Congo,,https://fbref.com/en/matches/9effb9d4/Guayaquil-City-Amarilla-SC-March-9-2019-Serie-A
Liga Profesional Ecuador,M,ECU,2019,1st,Regular season,5,Sun,2019-03-10,14:00,Independiente,0.0,América Quito,0.0,,Estadio General Rumiñahui del Valle de L...,Mario Romero,,https://fbref.com/en/matches/fc6f4593/Independiente-America-Quito-March-10-2019-Serie-A
Liga Profesional Ecuador,M,ECU,2019,1st,Regular season,5,Sun,2019-03-10,16:15,Barcelona SC,1.0,Univ Católica,2.0,,Estadio Monumental Isidro Romero Carbo,Jefferson Macias,,https://fbref.com/en/matches/184d79ea/Barcelona-SC-Univ-Catolica-March-10-2019-Serie-A
Liga Profesional Ecuador,M,ECU,2019,1st,Regular season,5,Sun,2019-03-10,18:30,Delfín SC,0.0,CS Emelec,0.0,,Estadio Jocay,Juan Albarracín,,https://fbref.com/en/matches/f0a3dbab/Delfin-SC-CS-Emelec-March-10-2019-Serie-A
Liga Profesional Ecuador,M,ECU,2019,1st,Regular season,5,Mon,2019-03-11,19:15,El Nacional,1.0,CD Cuenca,1.0,,Estadio Olímpico Atahualpa,Roberto Alarcón,,https://fbref.com/en/matches/82f1f5de/El-Nacional-CD-Cuenca-March-11-2019-Serie-A
Liga Profesional Ecuador,M,ECU,2019,1st,Regular season,6,Fri,2019-03-15,15:00,Mushuc Runa,0.0,Independiente,2.0,550.0,Estadio del Mushuc Runa Sporting Club,Augusto Aragón,,https://fbref.com/en/matches/7a9ede45/Mushuc-Runa-Independiente-March-15-2019-Serie-A
Liga Profesional Ecuador,M,ECU,2019,1st,Regular season,6,Sat,2019-03-16,15:00,CD Olmedo,1.0,Guayaquil City,1.0,1733.0,Estadio Olímpico de Riobamba,Vinício Espínel,,https://fbref.com/en/matches/563b24b5/CD-Olmedo-Guayaquil-City-March-16-2019-Serie-A
Liga Profesional Ecuador,M,ECU,2019,1st,Regular season,6,Sat,2019-03-16,17:15,Univ Católica,2.0,Delfín SC,1.0,700.0,Estadio Olímpico Atahualpa,Guillermo Guerrero,,https://fbref.com/en/matches/e2b08083/Univ-Catolica-Delfin-SC-March-16-2019-Serie-A
Liga Profesional Ecuador,M,ECU,2019,1st,Regular season,6,Sat,2019-03-16,19:30,América Quito,0.0,Macará,1.0,1980.0,Estadio Olímpico Atahualpa,Roberto Alarcón,,https://fbref.com/en/matches/a57bd629/America-Quito-Macara-March-16-2019-Serie-A
Liga Profesional Ecuador,M,ECU,2019,1st,Regular season,6,Sun,2019-03-17,12:00,LDU de Quito,0.0,SD Aucas,1.0,10325.0,Estadio de Liga Deportiva Universitaria,Roddy Zambrano,,https://fbref.com/en/matches/3fc38dc9/LDU-de-Quito-SD-Aucas-March-17-2019-Serie-A
Liga Profesional Ecuador,M,ECU,2019,1st,Regular season,6,Sun,2019-03-17,15:00,Amarilla SC,0.0,Barcelona SC,3.0,,Estadio 9 de Mayo,Carlos Orbe,,https://fbref.com/en/matches/46e7589a/Amarilla-SC-Barcelona-SC-March-17-2019-Serie-A
Liga Profesional Ecuador,M,ECU,2019,1st,Regular season,6,Sun,2019-03-17,17:30,CS Emelec,2.0,El Nacional,1.0,,Estadio Banco del Pacífico,Luis Quiroz,,https://fbref.com/en/matches/72b89da3/CS-Emelec-El-Nacional-March-17-2019-Serie-A
Liga Profesional Ecuador,M,ECU,2019,1st,Regular season,6,Mon,2019-03-18,20:00,CD Cuenca,4.0,Técnico Univ.,3.0,6820.0,Estadio Alejandro Serrano Aguilar,José Espinel,,https://fbref.com/en/matches/966043f9/CD-Cuenca-Tecnico-Univ-March-18-2019-Serie-A
Liga Profesional Ecuador,M,ECU,2019,1st,Regular season,7,Sat,2019-03-30,13:00,SD Aucas,1.0,CD Cuenca,0.0,,Estadio Gonzalo Pozo Ripalda,Jefferson Macias,,https://fbref.com/en/matches/549b497f/SD-Aucas-CD-Cuenca-March-30-2019-Serie-A
Liga Profesional Ecuador,M,ECU,2019,1st,Regular season,7,Sat,2019-03-30,15:10,Macará,1.0,Univ Católica,0.0,,Estadio Bellavista de Ambato,Roddy Zambrano,,https://fbref.com/en/matches/2e940c0b/Macara-Univ-Catolica-March-30-2019-Serie-A
Liga Profesional Ecuador,M,ECU,2019,1st,Regular season,7,Sat,2019-03-30,17:30,Barcelona SC,1.0,LDU de Quito,1.0,,Estadio Monumental Isidro Romero Carbo,Guillermo Guerrero,,https://fbref.com/en/matches/88e7368a/Barcelona-SC-LDU-de-Quito-March-30-2019-Serie-A
Liga Profesional Ecuador,M,ECU,2019,1st,Regular season,7,Sat,2019-03-30,20:00,Independiente,1.0,CS Emelec,0.0,,Estadio General Rumiñahui del Valle de L...,Diego Lara,,https://fbref.com/en/matches/8f7cbbe1/Independiente-CS-Emelec-March-30-2019-Serie-A
Liga Profesional Ecuador,M,ECU,2019,1st,Regular season,7,Sun,2019-03-31,13:00,El Nacional,1.0,CD Olmedo,1.0,,Estadio Olímpico Atahualpa,Mario Romero,,https://fbref.com/en/matches/2f9773c1/El-Nacional-CD-Olmedo-March-31-2019-Serie-A
Liga Profesional Ecuador,M,ECU,2019,1st,Regular season,7,Sun,2019-03-31,15:10,Delfín SC,1.0,Mushuc Runa,0.0,,Estadio Jocay,Roberto Sánchez,,https://fbref.com/en/matches/a4e67cdd/Delfin-SC-Mushuc-Runa-March-31-2019-Serie-A
Liga Profesional Ecuador,M,ECU,2019,1st,Regular season,7,Sun,2019-03-31,17:30,Técnico Univ.,2.0,Amarilla SC,1.0,,Estadio Bellavista de Ambato,Augusto Aragón,,https://fbref.com/en/matches/7833d50b/Tecnico-Univ-Amarilla-SC-March-31-2019-Serie-A
Liga Profesional Ecuador,M,ECU,2019,1st,Regular season,7,Mon,2019-04-01,19:15,Guayaquil City,1.0,América Quito,1.0,,Estadio Christian Benítez Betancourt,Marlon Vera,,https://fbref.com/en/matches/140b25dd/Guayaquil-City-America-Quito-April-1-2019-Serie-A
Liga Profesional Ecuador,M,ECU,2019,1st,Regular season,8,Fri,2019-04-05,19:15,LDU de Quito,0.0,Técnico Univ.,0.0,,Estadio de Liga Deportiva Universitaria,Oscar Proaño,,https://fbref.com/en/matches/73633e60/LDU-de-Quito-Tecnico-Univ-April-5-2019-Serie-A
Liga Profesional Ecuador,M,ECU,2019,1st,Regular season,8,Sat,2019-04-06,15:00,Mushuc Runa,3.0,Guayaquil City,2.0,,Estadio del Mushuc Runa Sporting Club,Gabriel González,,https://fbref.com/en/matches/7ce22aaf/Mushuc-Runa-Guayaquil-City-April-6-2019-Serie-A
Liga Profesional Ecuador,M,ECU,2019,1st,Regular season,8,Sat,2019-04-06,17:30,CD Cuenca,2.0,Delfín SC,3.0,,Estadio Alejandro Serrano Aguilar,Diego Lara,,https://fbref.com/en/matches/29aa7ee4/CD-Cuenca-Delfin-SC-April-6-2019-Serie-A
Liga Profesional Ecuador,M,ECU,2019,1st,Regular season,8,Sat,2019-04-06,20:00,América Quito,2.0,Barcelona SC,2.0,,Estadio Olímpico Atahualpa,Roddy Zambrano,,https://fbref.com/en/matches/b4f6e295/America-Quito-Barcelona-SC-April-6-2019-Serie-A
Liga Profesional Ecuador,M,ECU,2019,1st,Regular season,8,Sun,2019-04-07,14:00,Amarilla SC,0.0,Independiente,1.0,,Estadio 9 de Mayo,Franklin Congo,,https://fbref.com/en/matches/717407bd/Amarilla-SC-Independiente-April-7-2019-Serie-A
Liga Profesional Ecuador,M,ECU,2019,1st,Regular season,8,Sun,2019-04-07,16:15,CS Emelec,1.0,Macará,0.0,,Estadio Banco del Pacífico,Luis Quiroz,,https://fbref.com/en/matches/2f3e3fcd/CS-Emelec-Macara-April-7-2019-Serie-A
Liga Profesional Ecuador,M,ECU,2019,1st,Regular season,8,Sun,2019-04-07,18:30,Univ Católica,3.0,El Nacional,1.0,,Estadio Olímpico Atahualpa,Daniel Salazar,,https://fbref.com/en/matches/a5757e30/Univ-Catolica-El-Nacional-April-7-2019-Serie-A
Liga Profesional Ecuador,M,ECU,2019,1st,Regular season,8,Mon,2019-04-08,19:15,CD Olmedo,2.0,SD Aucas,1.0,,Estadio Olímpico de Riobamba,Guillermo Guerrero,,https://fbref.com/en/matches/e8a73efa/CD-Olmedo-SD-Aucas-April-8-2019-Serie-A
Liga Profesional Ecuador,M,ECU,2019,1st,Regular season,9,Fri,2019-04-12,19:15,Barcelona SC,6.0,CD Cuenca,2.0,,Estadio Monumental Isidro Romero Carbo,Franklin Congo,,https://fbref.com/en/matches/79a7a58b/Barcelona-SC-CD-Cuenca-April-12-2019-Serie-A
Liga Profesional Ecuador,M,ECU,2019,1st,Regular season,9,Sat,2019-04-13,15:00,Macará,1.0,Mushuc Runa,1.0,,Estadio Bellavista de Ambato,José Espinel,,https://fbref.com/en/matches/c4abc583/Macara-Mushuc-Runa-April-13-2019-Serie-A
Liga Profesional Ecuador,M,ECU,2019,1st,Regular season,9,Sat,2019-04-13,17:15,Independiente,2.0,Univ Católica,1.0,,Estadio General Rumiñahui del Valle de L...,Luis Quiroz,,https://fbref.com/en/matches/7bce89a2/Independiente-Univ-Catolica-April-13-2019-Serie-A
Liga Profesional Ecuador,M,ECU,2019,1st,Regular season,9,Sat,2019-04-13,19:30,Delfín SC,4.0,CD Olmedo,0.0,,Estadio Jocay,Edison Santana,,https://fbref.com/en/matches/437d0983/Delfin-SC-CD-Olmedo-April-13-2019-Serie-A
Liga Profesional Ecuador,M,ECU,2019,1st,Regular season,9,Sun,2019-04-14,12:00,El Nacional,2.0,LDU de Quito,2.0,,Estadio Olímpico Atahualpa,Carlos Orbe,,https://fbref.com/en/matches/b725dd92/El-Nacional-LDU-de-Quito-April-14-2019-Serie-A
Liga Profesional Ecuador,M,ECU,2019,1st,Regular season,9,Sun,2019-04-14,14:15,Técnico Univ.,3.0,América Quito,2.0,,Estadio Bellavista de Ambato,Jefferson Macias,,https://fbref.com/en/matches/ced0bcfa/Tecnico-Univ-America-Quito-April-14-2019-Serie-A
Liga Profesional Ecuador,M,ECU,2019,1st,Regular season,9,Sun,2019-04-14,17:00,Guayaquil City,1.0,CS Emelec,0.0,,Estadio Christian Benítez Betancourt,Roberto Sánchez,,https://fbref.com/en/matches/666bdab8/Guayaquil-City-CS-Emelec-April-14-2019-Serie-A
Liga Profesional Ecuador,M,ECU,2019,1st,Regular season,9,Mon,2019-04-15,19:15,SD Aucas,2.0,Amarilla SC,1.0,,Estadio Gonzalo Pozo Ripalda,Roberto Alarcón,,https://fbref.com/en/matches/ac0f6ecf/SD-Aucas-Amarilla-SC-April-15-2019-Serie-A
Liga Profesional Ecuador,M,ECU,2019,1st,Regular season,10,Fri,2019-04-19,19:15,CD Olmedo,2.0,CD Cuenca,1.0,,Estadio Olímpico de Riobamba,Augusto Aragón,,https://fbref.com/en/matches/587cb2b7/CD-Olmedo-CD-Cuenca-April-19-2019-Serie-A
Liga Profesional Ecuador,M,ECU,2019,1st,Regular season,10,Sat,2019-04-20,12:00,América Quito,1.0,SD Aucas,1.0,,Estadio Olímpico Atahualpa,Diego Lara,,https://fbref.com/en/matches/fed1f0b1/America-Quito-SD-Aucas-April-20-2019-Serie-A
Liga Profesional Ecuador,M,ECU,2019,1st,Regular season,10,Sat,2019-04-20,14:15,Univ Católica,1.0,Guayaquil City,0.0,,Estadio Olímpico Atahualpa,Mario Romero,,https://fbref.com/en/matches/fdea3ea6/Univ-Catolica-Guayaquil-City-April-20-2019-Serie-A
Liga Profesional Ecuador,M,ECU,2019,1st,Regular season,10,Sat,2019-04-20,17:00,LDU de Quito,2.0,CS Emelec,1.0,,Estadio de Liga Deportiva Universitaria,Franklin Congo,,https://fbref.com/en/matches/790fe48b/LDU-de-Quito-CS-Emelec-April-20-2019-Serie-A
Liga Profesional Ecuador,M,ECU,2019,1st,Regular season,10,Sun,2019-04-21,14:00,Amarilla SC,1.0,Mushuc Runa,2.0,,Estadio 9 de Mayo,Vinício Espínel,,https://fbref.com/en/matches/27ddd52b/Amarilla-SC-Mushuc-Runa-April-21-2019-Serie-A
Liga Profesional Ecuador,M,ECU,2019,1st,Regular season,10,Sun,2019-04-21,16:15,Barcelona SC,3.0,Delfín SC,1.0,,Estadio Monumental Isidro Romero Carbo,Marlon Vera,,https://fbref.com/en/matches/d9febe4a/Barcelona-SC-Delfin-SC-April-21-2019-Serie-A
Liga Profesional Ecuador,M,ECU,2019,1st,Regular season,10,Sun,2019-04-21,18:30,Macará,1.0,Independiente,1.0,,Estadio Bellavista de Ambato,Guillermo Guerrero,,https://fbref.com/en/matches/c035e68c/Macara-Independiente-April-21-2019-Serie-A
Liga Profesional Ecuador,M,ECU,2019,1st,Regular season,10,Mon,2019-04-22,19:15,Técnico Univ.,0.0,El Nacional,2.0,,Estadio Bellavista de Ambato,Juan Andrade,,https://fbref.com/en/matches/1e98cc83/Tecnico-Univ-El-Nacional-April-22-2019-Serie-A
Liga Profesional Ecuador,M,ECU,2019,1st,Regular season,11,Fri,2019-04-26,20:00,CD Cuenca,1.0,Univ Católica,2.0,,Estadio Alejandro Serrano Aguilar,Jefferson Macias,,https://fbref.com/en/matches/981c7714/CD-Cuenca-Univ-Catolica-April-26-2019-Serie-A
Liga Profesional Ecuador,M,ECU,2019,1st,Regular season,11,Sat,2019-04-27,14:00,El Nacional,3.0,Amarilla SC,0.0,,Estadio Olímpico Atahualpa,Byron Reinoso,,https://fbref.com/en/matches/ff71e2bc/El-Nacional-Amarilla-SC-April-27-2019-Serie-A
Liga Profesional Ecuador,M,ECU,2019,1st,Regular season,11,Sat,2019-04-27,16:15,Independiente,2.0,CD Olmedo,1.0,,Estadio General Rumiñahui del Valle de L...,Roberto Sánchez,,https://fbref.com/en/matches/19d52590/Independiente-CD-Olmedo-April-27-2019-Serie-A
Liga Profesional Ecuador,M,ECU,2019,1st,Regular season,11,Sat,2019-04-27,18:30,SD Aucas,3.0,Barcelona SC,4.0,,Estadio Gonzalo Pozo Ripalda,Luis Quiroz,,https://fbref.com/en/matches/c7d01cc0/SD-Aucas-Barcelona-SC-April-27-2019-Serie-A
Liga Profesional Ecuador,M,ECU,2019,1st,Regular season,11,Sun,2019-04-28,14:00,Mushuc Runa,0.0,LDU de Quito,4.0,,Estadio del Mushuc Runa Sporting Club,Daniel Salazar,,https://fbref.com/en/matches/fad5d54b/Mushuc-Runa-LDU-de-Quito-April-28-2019-Serie-A
Liga Profesional Ecuador,M,ECU,2019,1st,Regular season,11,Sun,2019-04-28,16:15,Guayaquil City,3.0,Técnico Univ.,1.0,,Estadio Christian Benítez Betancourt,Roberto Alarcón,,https://fbref.com/en/matches/f28e082e/Guayaquil-City-Tecnico-Univ-April-28-2019-Serie-A
Liga Profesional Ecuador,M,ECU,2019,1st,Regular season,11,Sun,2019-04-28,18:30,CS Emelec,3.0,América Quito,0.0,,Estadio Banco del Pacífico,Carlos Orbe,Match awarded to CS Emelec,https://fbref.com/en/matches/f99418cd/CS-Emelec-America-Quito-April-28-2019-Serie-A
Liga Profesional Ecuador,M,ECU,2019,1st,Regular season,11,Mon,2019-04-29,19:15,Delfín SC,1.0,Macará,1.0,,Estadio Jocay,Roddy Zambrano,,https://fbref.com/en/matches/43ff700f/Delfin-SC-Macara-April-29-2019-Serie-A
Liga Profesional Ecuador,M,ECU,2019,1st,Regular season,12,Fri,2019-05-03,19:15,Macará,3.0,SD Aucas,0.0,,Estadio Bellavista de Ambato,Franklin Congo,,https://fbref.com/en/matches/7c6b3796/Macara-SD-Aucas-May-3-2019-Serie-A
Liga Profesional Ecuador,M,ECU,2019,1st,Regular season,12,Sat,2019-05-04,15:00,CD Olmedo,3.0,CS Emelec,1.0,,Estadio Olímpico de Riobamba,Roddy Zambrano,,https://fbref.com/en/matches/12472841/CD-Olmedo-CS-Emelec-May-4-2019-Serie-A
Liga Profesional Ecuador,M,ECU,2019,1st,Regular season,12,Sat,2019-05-04,17:15,LDU de Quito,1.0,Independiente,1.0,,Estadio de Liga Deportiva Universitaria,Marlon Vera,,https://fbref.com/en/matches/b535f5df/LDU-de-Quito-Independiente-May-4-2019-Serie-A
Liga Profesional Ecuador,M,ECU,2019,1st,Regular season,12,Sat,2019-05-04,19:30,Univ Católica,1.0,Mushuc Runa,0.0,,Estadio Olímpico Atahualpa,Guillermo Guerrero,,https://fbref.com/en/matches/0288d552/Univ-Catolica-Mushuc-Runa-May-4-2019-Serie-A
Liga Profesional Ecuador,M,ECU,2019,1st,Regular season,12,Sun,2019-05-05,12:30,Amarilla SC,2.0,CD Cuenca,2.0,,Estadio 9 de Mayo,Mario Romero,,https://fbref.com/en/matches/87de6b02/Amarilla-SC-CD-Cuenca-May-5-2019-Serie-A
Liga Profesional Ecuador,M,ECU,2019,1st,Regular season,12,Sun,2019-05-05,15:00,Técnico Univ.,1.0,Delfín SC,2.0,,Estadio Bellavista de Ambato,José Espinel,,https://fbref.com/en/matches/ab27a280/Tecnico-Univ-Delfin-SC-May-5-2019-Serie-A
Liga Profesional Ecuador,M,ECU,2019,1st,Regular season,12,Sun,2019-05-05,18:00,Barcelona SC,1.0,Guayaquil City,0.0,,Estadio Monumental Isidro Romero Carbo,Diego Lara,,https://fbref.com/en/matches/682dabd3/Barcelona-SC-Guayaquil-City-May-5-2019-Serie-A
Liga Profesional Ecuador,M,ECU,2019,1st,Regular season,12,Mon,2019-05-06,19:15,América Quito,1.0,El Nacional,3.0,,Estadio Olímpico Atahualpa,Carlos Bayas,,https://fbref.com/en/matches/09c993dc/America-Quito-El-Nacional-May-6-2019-Serie-A
Liga Profesional Ecuador,M,ECU,2019,1st,Regular season,13,Fri,2019-05-10,20:00,CD Cuenca,1.0,Macará,2.0,,Estadio Alejandro Serrano Aguilar,Augusto Aragón,,https://fbref.com/en/matches/c9e9e625/CD-Cuenca-Macara-May-10-2019-Serie-A
Liga Profesional Ecuador,M,ECU,2019,1st,Regular season,13,Sat,2019-05-11,15:00,Amarilla SC,3.0,América Quito,0.0,,Estadio 9 de Mayo,Marlon Vera,,https://fbref.com/en/matches/9ba92cf1/Amarilla-SC-America-Quito-May-11-2019-Serie-A
Liga Profesional Ecuador,M,ECU,2019,1st,Regular season,13,Sat,2019-05-11,17:15,SD Aucas,2.0,Independiente,1.0,,Estadio Gonzalo Pozo Ripalda,Roddy Zambrano,,https://fbref.com/en/matches/16ea3fcf/SD-Aucas-Independiente-May-11-2019-Serie-A
Liga Profesional Ecuador,M,ECU,2019,1st,Regular season,13,Sat,2019-05-11,19:30,El Nacional,2.0,Guayaquil City,1.0,,Estadio Olímpico Atahualpa,Diego Armando Macias Chávez,,https://fbref.com/en/matches/4bd29dc1/El-Nacional-Guayaquil-City-May-11-2019-Serie-A
Liga Profesional Ecuador,M,ECU,2019,1st,Regular season,13,Sun,2019-05-12,13:00,Mushuc Runa,3.0,Técnico Univ.,4.0,,Estadio del Mushuc Runa Sporting Club,Carlos Orbe,,https://fbref.com/en/matches/75736a29/Mushuc-Runa-Tecnico-Univ-May-12-2019-Serie-A
Liga Profesional Ecuador,M,ECU,2019,1st,Regular season,13,Sun,2019-05-12,15:15,Delfín SC,2.0,LDU de Quito,1.0,,Estadio Jocay,Franklin Congo,,https://fbref.com/en/matches/84f1aad7/Delfin-SC-LDU-de-Quito-May-12-2019-Serie-A
Liga Profesional Ecuador,M,ECU,2019,1st,Regular season,13,Sun,2019-05-12,18:00,CS Emelec,0.0,Barcelona SC,1.0,,Estadio Banco del Pacífico,Guillermo Guerrero,,https://fbref.com/en/matches/c71a91f9/CS-Emelec-Barcelona-SC-May-12-2019-Serie-A
Liga Profesional Ecuador,M,ECU,2019,1st,Regular season,13,Mon,2019-05-13,19:15,Univ Católica,2.0,CD Olmedo,0.0,,Estadio Olímpico Atahualpa,Jefferson Macias,,https://fbref.com/en/matches/af50fc39/Univ-Catolica-CD-Olmedo-May-13-2019-Serie-A
Liga Profesional Ecuador,M,ECU,2019,1st,Regular season,14,Fri,2019-05-17,19:15,Independiente,1.0,El Nacional,0.0,,Estadio General Rumiñahui del Valle de L...,Carlos Orbe,,https://fbref.com/en/matches/2ab4c0c0/Independiente-El-Nacional-May-17-2019-Serie-A
Liga Profesional Ecuador,M,ECU,2019,1st,Regular season,14,Sat,2019-05-18,14:00,Macará,5.0,Amarilla SC,1.0,,Estadio Bellavista de Ambato,Vinício Espínel,,https://fbref.com/en/matches/ce31c224/Macara-Amarilla-SC-May-18-2019-Serie-A
Liga Profesional Ecuador,M,ECU,2019,1st,Regular season,14,Sat,2019-05-18,16:00,CS Emelec,1.0,Univ Católica,0.0,,Estadio Banco del Pacífico,Augusto Aragón,,https://fbref.com/en/matches/095c3705/CS-Emelec-Univ-Catolica-May-18-2019-Serie-A
Liga Profesional Ecuador,M,ECU,2019,1st,Regular season,14,Sat,2019-05-18,18:30,LDU de Quito,2.0,CD Cuenca,2.0,,Estadio de Liga Deportiva Universitaria,Roberto Alarcón,,https://fbref.com/en/matches/71defd47/LDU-de-Quito-CD-Cuenca-May-18-2019-Serie-A
Liga Profesional Ecuador,M,ECU,2019,1st,Regular season,14,Sun,2019-05-19,14:00,América Quito,1.0,Delfín SC,1.0,,Estadio Olímpico Atahualpa,Mario Romero,,https://fbref.com/en/matches/736b9f0c/America-Quito-Delfin-SC-May-19-2019-Serie-A
Liga Profesional Ecuador,M,ECU,2019,1st,Regular season,14,Sun,2019-05-19,16:15,Técnico Univ.,0.0,Barcelona SC,3.0,,Estadio Bellavista de Ambato,Franklin Congo,,https://fbref.com/en/matches/b4fd7664/Tecnico-Univ-Barcelona-SC-May-19-2019-Serie-A
Liga Profesional Ecuador,M,ECU,2019,1st,Regular season,14,Sun,2019-05-19,18:30,CD Olmedo,1.0,Mushuc Runa,1.0,,Estadio Olímpico de Riobamba,Luis Quiroz,,https://fbref.com/en/matches/ebda769b/CD-Olmedo-Mushuc-Runa-May-19-2019-Serie-A
Liga Profesional Ecuador,M,ECU,2019,1st,Regular season,14,Mon,2019-05-20,19:15,Guayaquil City,1.0,SD Aucas,1.0,,Estadio Christian Benítez Betancourt,Oscar Proaño,,https://fbref.com/en/matches/c9ac2271/Guayaquil-City-SD-Aucas-May-20-2019-Serie-A
Liga Profesional Ecuador,M,ECU,2019,1st,Regular season,15,Fri,2019-05-24,17:00,Univ Católica,1.0,América Quito,0.0,,Estadio Olímpico Atahualpa,Diego Lara,,https://fbref.com/en/matches/23d1a981/Univ-Catolica-America-Quito-May-24-2019-Serie-A
Liga Profesional Ecuador,M,ECU,2019,1st,Regular season,15,Fri,2019-05-24,19:30,Barcelona SC,2.0,CD Olmedo,0.0,,Estadio Monumental Isidro Romero Carbo,Carlos Orbe,,https://fbref.com/en/matches/4ac67cff/Barcelona-SC-CD-Olmedo-May-24-2019-Serie-A
Liga Profesional Ecuador,M,ECU,2019,1st,Regular season,15,Sat,2019-05-25,15:00,Amarilla SC,1.0,LDU de Quito,1.0,,Estadio 9 de Mayo,Luis Quiroz,,https://fbref.com/en/matches/2b32ce56/Amarilla-SC-LDU-de-Quito-May-25-2019-Serie-A
Liga Profesional Ecuador,M,ECU,2019,1st,Regular season,15,Sat,2019-05-25,17:15,El Nacional,1.0,Macará,2.0,,Estadio Olímpico Atahualpa,Guillermo Guerrero,,https://fbref.com/en/matches/84a4e7d0/El-Nacional-Macara-May-25-2019-Serie-A
Liga Profesional Ecuador,M,ECU,2019,1st,Regular season,15,Sat,2019-05-25,19:30,CD Cuenca,2.0,Guayaquil City,0.0,,Estadio Alejandro Serrano Aguilar,Daniel Salazar,,https://fbref.com/en/matches/94b3499e/CD-Cuenca-Guayaquil-City-May-25-2019-Serie-A
Liga Profesional Ecuador,M,ECU,2019,1st,Regular season,15,Sun,2019-05-26,12:00,SD Aucas,1.0,Técnico Univ.,0.0,,Estadio Gonzalo Pozo Ripalda,Marlon Vera,,https://fbref.com/en/matches/f3638289/SD-Aucas-Tecnico-Univ-May-26-2019-Serie-A
Liga Profesional Ecuador,M,ECU,2019,1st,Regular season,15,Sun,2019-05-26,14:15,Mushuc Runa,0.0,CS Emelec,2.0,,Estadio del Mushuc Runa Sporting Club,Roberto Sánchez,,https://fbref.com/en/matches/39114719/Mushuc-Runa-CS-Emelec-May-26-2019-Serie-A
Liga Profesional Ecuador,M,ECU,2019,1st,Regular season,15,Sun,2019-05-26,16:30,Delfín SC,0.0,Independiente,1.0,,Estadio Jocay,Roddy Zambrano,,https://fbref.com/en/matches/77e7fc46/Delfin-SC-Independiente-May-26-2019-Serie-A
Liga Profesional Ecuador,M,ECU,2019,1st,Regular season,16,Thu,2019-07-04,19:15,Independiente,2.0,CD Cuenca,0.0,,Estadio General Rumiñahui del Valle de L...,Jefferson Macias,,https://fbref.com/en/matches/483ebb8c/Independiente-CD-Cuenca-July-4-2019-Serie-A
Liga Profesional Ecuador,M,ECU,2019,1st,Regular season,16,Fri,2019-07-05,19:15,Univ Católica,6.0,Técnico Univ.,2.0,,Estadio Olímpico Atahualpa,José Espinel,,https://fbref.com/en/matches/e4309c9e/Univ-Catolica-Tecnico-Univ-July-5-2019-Serie-A
Liga Profesional Ecuador,M,ECU,2019,1st,Regular season,16,Sat,2019-07-06,11:30,Mushuc Runa,2.0,América Quito,1.0,,Estadio del Mushuc Runa Sporting Club,Daniel Salazar,,https://fbref.com/en/matches/0e2da403/Mushuc-Runa-America-Quito-July-6-2019-Serie-A
Liga Profesional Ecuador,M,ECU,2019,1st,Regular season,16,Sat,2019-07-06,17:00,CD Olmedo,0.0,LDU de Quito,2.0,,Estadio Olímpico de Riobamba,Roberto Alarcón,,https://fbref.com/en/matches/8bb8e210/CD-Olmedo-LDU-de-Quito-July-6-2019-Serie-A
Liga Profesional Ecuador,M,ECU,2019,1st,Regular season,16,Sat,2019-07-06,19:15,El Nacional,1.0,Barcelona SC,0.0,,Estadio Olímpico Atahualpa,Roberto Sánchez,,https://fbref.com/en/matches/4a8731d7/El-Nacional-Barcelona-SC-July-6-2019-Serie-A
Liga Profesional Ecuador,M,ECU,2019,1st,Regular season,16,Sun,2019-07-07,12:00,Delfín SC,1.0,Amarilla SC,0.0,,Estadio Jocay,Carlos Aroca,,https://fbref.com/en/matches/b713e510/Delfin-SC-Amarilla-SC-July-7-2019-Serie-A
Liga Profesional Ecuador,M,ECU,2019,1st,Regular season,16,Sun,2019-07-07,18:00,CS Emelec,2.0,SD Aucas,1.0,,Estadio Banco del Pacífico,Diego Lara,,https://fbref.com/en/matches/a643ed96/CS-Emelec-SD-Aucas-July-7-2019-Serie-A
Liga Profesional Ecuador,M,ECU,2019,1st,Regular season,16,Mon,2019-07-08,19:15,Macará,2.0,Guayaquil City,0.0,,Estadio Bellavista de Ambato,Vinício Espínel,,https://fbref.com/en/matches/556fa5c9/Macara-Guayaquil-City-July-8-2019-Serie-A
Liga Profesional Ecuador,M,ECU,2019,1st,Regular season,17,Fri,2019-07-12,20:00,CD Cuenca,3.0,Mushuc Runa,1.0,,Estadio Alejandro Serrano Aguilar,Oscar Proaño,,https://fbref.com/en/matches/d44298f7/CD-Cuenca-Mushuc-Runa-July-12-2019-Serie-A
Liga Profesional Ecuador,M,ECU,2019,1st,Regular season,17,Sat,2019-07-13,15:00,Amarilla SC,1.0,CS Emelec,4.0,,Estadio 9 de Mayo,Roberto Sánchez,,https://fbref.com/en/matches/5c306d5d/Amarilla-SC-CS-Emelec-July-13-2019-Serie-A
Liga Profesional Ecuador,M,ECU,2019,1st,Regular season,17,Sat,2019-07-13,18:00,LDU de Quito,1.0,Univ Católica,5.0,,Estadio de Liga Deportiva Universitaria,Augusto Aragón,,https://fbref.com/en/matches/ba039b11/LDU-de-Quito-Univ-Catolica-July-13-2019-Serie-A
Liga Profesional Ecuador,M,ECU,2019,1st,Regular season,17,Sat,2019-07-13,20:10,Técnico Univ.,1.0,Independiente,1.0,,Estadio Bellavista de Ambato,José Tapia,,https://fbref.com/en/matches/b4526d0d/Tecnico-Univ-Independiente-July-13-2019-Serie-A
Liga Profesional Ecuador,M,ECU,2019,1st,Regular season,17,Sun,2019-07-14,12:00,SD Aucas,0.0,El Nacional,0.0,,Estadio Gonzalo Pozo Ripalda,Marlon Vera,,https://fbref.com/en/matches/6fee1322/SD-Aucas-El-Nacional-July-14-2019-Serie-A
Liga Profesional Ecuador,M,ECU,2019,1st,Regular season,17,Sun,2019-07-14,16:15,Barcelona SC,1.0,Macará,2.0,,Estadio Monumental Isidro Romero Carbo,Guillermo Guerrero,,https://fbref.com/en/matches/aa1dcf8d/Barcelona-SC-Macara-July-14-2019-Serie-A
Liga Profesional Ecuador,M,ECU,2019,1st,Regular season,17,Sun,2019-07-14,18:30,Guayaquil City,1.0,Delfín SC,3.0,,Estadio Christian Benítez Betancourt,Mario Romero,,https://fbref.com/en/matches/08d218a3/Guayaquil-City-Delfin-SC-July-14-2019-Serie-A
Liga Profesional Ecuador,M,ECU,2019,1st,Regular season,17,Mon,2019-07-15,19:15,América Quito,1.0,CD Olmedo,1.0,,Estadio Olímpico Atahualpa,Franklin Congo,,https://fbref.com/en/matches/4dd0e8c2/America-Quito-CD-Olmedo-July-15-2019-Serie-A
Liga Profesional Ecuador,M,ECU,2019,1st,Regular season,18,Thu,2019-07-18,19:15,LDU de Quito,1.0,América Quito,0.0,,Estadio de Liga Deportiva Universitaria,Luis Quiroz,,https://fbref.com/en/matches/6353177a/LDU-de-Quito-America-Quito-July-18-2019-Serie-A
Liga Profesional Ecuador,M,ECU,2019,1st,Regular season,18,Fri,2019-07-19,20:00,CS Emelec,0.0,CD Cuenca,1.0,,Estadio Banco del Pacífico,Carlos Orbe,,https://fbref.com/en/matches/ac20f191/CS-Emelec-CD-Cuenca-July-19-2019-Serie-A
Liga Profesional Ecuador,M,ECU,2019,1st,Regular season,18,Sat,2019-07-20,14:00,Delfín SC,1.0,El Nacional,1.0,,Estadio Jocay,Augusto Aragón,,https://fbref.com/en/matches/8b6c3028/Delfin-SC-El-Nacional-July-20-2019-Serie-A
Liga Profesional Ecuador,M,ECU,2019,1st,Regular season,18,Sat,2019-07-20,16:15,CD Olmedo,1.0,Amarilla SC,0.0,,Estadio Olímpico de Riobamba,Marlon Vera,,https://fbref.com/en/matches/4317a482/CD-Olmedo-Amarilla-SC-July-20-2019-Serie-A
Liga Profesional Ecuador,M,ECU,2019,1st,Regular season,18,Sat,2019-07-20,18:30,Univ Católica,1.0,SD Aucas,1.0,,Estadio Olímpico Atahualpa,Franklin Congo,,https://fbref.com/en/matches/c284204d/Univ-Catolica-SD-Aucas-July-20-2019-Serie-A
Liga Profesional Ecuador,M,ECU,2019,1st,Regular season,18,Sun,2019-07-21,14:00,Mushuc Runa,5.0,Barcelona SC,1.0,,Estadio del Mushuc Runa Sporting Club,Roddy Zambrano,,https://fbref.com/en/matches/44a85b79/Mushuc-Runa-Barcelona-SC-July-21-2019-Serie-A
Liga Profesional Ecuador,M,ECU,2019,1st,Regular season,18,Sun,2019-07-21,16:15,Independiente,2.0,Guayaquil City,2.0,,Estadio General Rumiñahui del Valle de L...,Diego Lara,,https://fbref.com/en/matches/f291ecf6/Independiente-Guayaquil-City-July-21-2019-Serie-A
Liga Profesional Ecuador,M,ECU,2019,1st,Regular season,18,Mon,2019-07-22,19:15,Macará,2.0,Técnico Univ.,0.0,,Estadio Bellavista de Ambato,Daniel Salazar,,https://fbref.com/en/matches/78f5bee2/Macara-Tecnico-Univ-July-22-2019-Serie-A
Liga Profesional Ecuador,M,ECU,2019,1st,Regular season,19,Fri,2019-07-26,19:15,Guayaquil City,1.0,LDU de Quito,0.0,,Estadio Christian Benítez Betancourt,Mario Romero,,https://fbref.com/en/matches/8229152a/Guayaquil-City-LDU-de-Quito-July-26-2019-Serie-A
Liga Profesional Ecuador,M,ECU,2019,1st,Regular season,19,Sat,2019-07-27,15:00,SD Aucas,4.0,Delfín SC,2.0,,Estadio Gonzalo Pozo Ripalda,Roddy Zambrano,,https://fbref.com/en/matches/fec5d2aa/SD-Aucas-Delfin-SC-July-27-2019-Serie-A
Liga Profesional Ecuador,M,ECU,2019,1st,Regular season,19,Sat,2019-07-27,17:15,El Nacional,2.0,Mushuc Runa,0.0,,Estadio Olímpico Atahualpa,Vinício Espínel,,https://fbref.com/en/matches/da5a757c/El-Nacional-Mushuc-Runa-July-27-2019-Serie-A
Liga Profesional Ecuador,M,ECU,2019,1st,Regular season,19,Sat,2019-07-27,19:30,Técnico Univ.,2.0,CS Emelec,2.0,,Estadio Bellavista de Ambato,Marlon Vera,,https://fbref.com/en/matches/07e4aa62/Tecnico-Univ-CS-Emelec-July-27-2019-Serie-A
Liga Profesional Ecuador,M,ECU,2019,1st,Regular season,19,Sun,2019-07-28,14:00,Amarilla SC,1.0,Univ Católica,2.0,,Estadio 9 de Mayo,Carlos Bayas,,https://fbref.com/en/matches/1ffecb76/Amarilla-SC-Univ-Catolica-July-28-2019-Serie-A
Liga Profesional Ecuador,M,ECU,2019,1st,Regular season,19,Sun,2019-07-28,16:15,Barcelona SC,4.0,Independiente,1.0,,Estadio Monumental Isidro Romero Carbo,Franklin Congo,,https://fbref.com/en/matches/e3bab316/Barcelona-SC-Independiente-July-28-2019-Serie-A
Liga Profesional Ecuador,M,ECU,2019,1st,Regular season,19,Sun,2019-07-28,18:30,Macará,1.0,CD Olmedo,1.0,,Estadio Bellavista de Ambato,Diego Lara,,https://fbref.com/en/matches/13a2b59a/Macara-CD-Olmedo-July-28-2019-Serie-A
Liga Profesional Ecuador,M,ECU,2019,1st,Regular season,19,Mon,2019-07-29,19:15,América Quito,3.0,CD Cuenca,0.0,,Estadio Olímpico Atahualpa,,Match awarded to América Quito,https://fbref.com/en/matches/6fefd5f8/America-Quito-CD-Cuenca-July-29-2019-Serie-A
Liga Profesional Ecuador,M,ECU,2019,1st,Regular season,20,Fri,2019-08-02,20:00,CD Cuenca,2.0,El Nacional,2.0,,Estadio Alejandro Serrano Aguilar,Roberto Alarcón,,https://fbref.com/en/matches/cc879bc3/CD-Cuenca-El-Nacional-August-2-2019-Serie-A
Liga Profesional Ecuador,M,ECU,2019,1st,Regular season,20,Sat,2019-08-03,11:00,América Quito,1.0,Independiente,1.0,,Estadio Olímpico Atahualpa,José Espinel,,https://fbref.com/en/matches/93656bb6/America-Quito-Independiente-August-3-2019-Serie-A
Liga Profesional Ecuador,M,ECU,2019,1st,Regular season,20,Sat,2019-08-03,13:15,Mushuc Runa,1.0,SD Aucas,2.0,,Estadio del Mushuc Runa Sporting Club,Augusto Aragón,,https://fbref.com/en/matches/f1f2e72b/Mushuc-Runa-SD-Aucas-August-3-2019-Serie-A
Liga Profesional Ecuador,M,ECU,2019,1st,Regular season,20,Sat,2019-08-03,15:30,Amarilla SC,0.0,Guayaquil City,1.0,,Estadio 9 de Mayo,Jefferson Macias,,https://fbref.com/en/matches/894f9ac3/Amarilla-SC-Guayaquil-City-August-3-2019-Serie-A
Liga Profesional Ecuador,M,ECU,2019,1st,Regular season,20,Sun,2019-08-04,14:00,LDU de Quito,1.0,Macará,1.0,,Estadio de Liga Deportiva Universitaria,Roddy Zambrano,,https://fbref.com/en/matches/552372f2/LDU-de-Quito-Macara-August-4-2019-Serie-A
Liga Profesional Ecuador,M,ECU,2019,1st,Regular season,20,Sun,2019-08-04,16:15,Univ Católica,2.0,Barcelona SC,1.0,,Estadio Olímpico Atahualpa,Roberto Sánchez,,https://fbref.com/en/matches/b1080a42/Univ-Catolica-Barcelona-SC-August-4-2019-Serie-A
Liga Profesional Ecuador,M,ECU,2019,1st,Regular season,20,Sun,2019-08-04,18:30,CS Emelec,0.0,Delfín SC,1.0,,Estadio Banco del Pacífico,Guillermo Guerrero,,https://fbref.com/en/matches/e662891b/CS-Emelec-Delfin-SC-August-4-2019-Serie-A
Liga Profesional Ecuador,M,ECU,2019,1st,Regular season,20,Mon,2019-08-05,19:15,CD Olmedo,0.0,Técnico Univ.,2.0,,Estadio Olímpico de Riobamba,Franklin Congo,,https://fbref.com/en/matches/12318f33/CD-Olmedo-Tecnico-Univ-August-5-2019-Serie-A
Liga Profesional Ecuador,M,ECU,2019,1st,Regular season,21,Fri,2019-08-09,19:15,Macará,1.0,América Quito,0.0,,Estadio Bellavista de Ambato,Roberto Sánchez,,https://fbref.com/en/matches/05ced4f4/Macara-America-Quito-August-9-2019-Serie-A
Liga Profesional Ecuador,M,ECU,2019,1st,Regular season,21,Sat,2019-08-10,12:15,Independiente,2.0,Mushuc Runa,3.0,,Estadio General Rumiñahui del Valle de L...,Marlon Vera,,https://fbref.com/en/matches/b9e6b079/Independiente-Mushuc-Runa-August-10-2019-Serie-A
Liga Profesional Ecuador,M,ECU,2019,1st,Regular season,21,Sat,2019-08-10,14:30,Delfín SC,2.0,Univ Católica,1.0,,Estadio Jocay,Carlos Orbe,,https://fbref.com/en/matches/6756f2ca/Delfin-SC-Univ-Catolica-August-10-2019-Serie-A
Liga Profesional Ecuador,M,ECU,2019,1st,Regular season,21,Sat,2019-08-10,17:00,Guayaquil City,3.0,CD Olmedo,0.0,,Estadio Christian Benítez Betancourt,Oscar Proaño,,https://fbref.com/en/matches/232d8936/Guayaquil-City-CD-Olmedo-August-10-2019-Serie-A
Liga Profesional Ecuador,M,ECU,2019,1st,Regular season,21,Sun,2019-08-11,12:00,SD Aucas,2.0,LDU de Quito,1.0,,Estadio Gonzalo Pozo Ripalda,Daniel Salazar,,https://fbref.com/en/matches/305a3d7f/SD-Aucas-LDU-de-Quito-August-11-2019-Serie-A
Liga Profesional Ecuador,M,ECU,2019,1st,Regular season,21,Sun,2019-08-11,14:30,Técnico Univ.,1.0,CD Cuenca,2.0,,Estadio Bellavista de Ambato,Guillermo Guerrero,,https://fbref.com/en/matches/5f82f5d2/Tecnico-Univ-CD-Cuenca-August-11-2019-Serie-A
Liga Profesional Ecuador,M,ECU,2019,1st,Regular season,21,Sun,2019-08-11,17:00,El Nacional,1.0,CS Emelec,0.0,,Estadio Olímpico Atahualpa,Luis Quiroz,,https://fbref.com/en/matches/c15442e3/El-Nacional-CS-Emelec-August-11-2019-Serie-A
Liga Profesional Ecuador,M,ECU,2019,1st,Regular season,21,Mon,2019-08-12,19:30,Barcelona SC,2.0,Amarilla SC,1.0,,Estadio Monumental Isidro Romero Carbo,Vinício Espínel,,https://fbref.com/en/matches/cf0a9546/Barcelona-SC-Amarilla-SC-August-12-2019-Serie-A
Liga Profesional Ecuador,M,ECU,2019,1st,Regular season,22,Fri,2019-08-16,19:15,LDU de Quito,2.0,Barcelona SC,0.0,,Estadio de Liga Deportiva Universitaria,Augusto Aragón,,https://fbref.com/en/matches/5353fb95/LDU-de-Quito-Barcelona-SC-August-16-2019-Serie-A
Liga Profesional Ecuador,M,ECU,2019,1st,Regular season,22,Sat,2019-08-17,15:00,Mushuc Runa,2.0,Delfín SC,0.0,,Estadio del Mushuc Runa Sporting Club,José Espinel,,https://fbref.com/en/matches/b636f54f/Mushuc-Runa-Delfin-SC-August-17-2019-Serie-A
Liga Profesional Ecuador,M,ECU,2019,1st,Regular season,22,Sat,2019-08-17,17:15,América Quito,3.0,Guayaquil City,0.0,,Estadio Olímpico Atahualpa,Jefferson Macias,,https://fbref.com/en/matches/b1f8e190/America-Quito-Guayaquil-City-August-17-2019-Serie-A
Liga Profesional Ecuador,M,ECU,2019,1st,Regular season,22,Sat,2019-08-17,19:30,CD Cuenca,1.0,SD Aucas,2.0,,Estadio Alejandro Serrano Aguilar,Marlon Vera,,https://fbref.com/en/matches/53cfc0c4/CD-Cuenca-SD-Aucas-August-17-2019-Serie-A
Liga Profesional Ecuador,M,ECU,2019,1st,Regular season,22,Sun,2019-08-18,13:00,CD Olmedo,0.0,El Nacional,2.0,,Estadio Olímpico de Riobamba,Guillermo Guerrero,,https://fbref.com/en/matches/003d1a68/CD-Olmedo-El-Nacional-August-18-2019-Serie-A
Liga Profesional Ecuador,M,ECU,2019,1st,Regular season,22,Sun,2019-08-18,15:15,Amarilla SC,2.0,Técnico Univ.,2.0,,Estadio 9 de Mayo,Gabriel González,,https://fbref.com/en/matches/2542b673/Amarilla-SC-Tecnico-Univ-August-18-2019-Serie-A
Liga Profesional Ecuador,M,ECU,2019,1st,Regular season,22,Sun,2019-08-18,17:30,CS Emelec,1.0,Independiente,3.0,,Estadio Banco del Pacífico,Franklin Congo,,https://fbref.com/en/matches/45a349dd/CS-Emelec-Independiente-August-18-2019-Serie-A
Liga Profesional Ecuador,M,ECU,2019,1st,Regular season,22,Mon,2019-08-19,19:15,Univ Católica,1.0,Macará,3.0,,Estadio Olímpico Atahualpa,Mario Romero,,https://fbref.com/en/matches/edb8f677/Univ-Catolica-Macara-August-19-2019-Serie-A
Liga Profesional Ecuador,M,ECU,2019,1st,Regular season,23,Fri,2019-08-23,19:15,SD Aucas,1.0,CD Olmedo,0.0,,Estadio Gonzalo Pozo Ripalda,Jefferson Macias,,https://fbref.com/en/matches/59e1ed13/SD-Aucas-CD-Olmedo-August-23-2019-Serie-A
Liga Profesional Ecuador,M,ECU,2019,1st,Regular season,23,Sat,2019-08-24,15:00,Delfín SC,2.0,CD Cuenca,0.0,,Estadio Jocay,Franklin Congo,,https://fbref.com/en/matches/28872566/Delfin-SC-CD-Cuenca-August-24-2019-Serie-A
Liga Profesional Ecuador,M,ECU,2019,1st,Regular season,23,Sat,2019-08-24,17:15,Técnico Univ.,0.0,LDU de Quito,2.0,,Estadio Bellavista de Ambato,Vinício Espínel,,https://fbref.com/en/matches/da798773/Tecnico-Univ-LDU-de-Quito-August-24-2019-Serie-A
Liga Profesional Ecuador,M,ECU,2019,1st,Regular season,23,Sat,2019-08-24,19:30,Barcelona SC,4.0,América Quito,0.0,,Estadio Monumental Isidro Romero Carbo,Carlos Orbe,,https://fbref.com/en/matches/84ee3609/Barcelona-SC-America-Quito-August-24-2019-Serie-A
Liga Profesional Ecuador,M,ECU,2019,1st,Regular season,23,Sun,2019-08-25,12:15,El Nacional,0.0,Univ Católica,1.0,,Estadio Olímpico Atahualpa,Roddy Zambrano,,https://fbref.com/en/matches/2344327d/El-Nacional-Univ-Catolica-August-25-2019-Serie-A
Liga Profesional Ecuador,M,ECU,2019,1st,Regular season,23,Sun,2019-08-25,14:45,Guayaquil City,4.0,Mushuc Runa,2.0,,Estadio Christian Benítez Betancourt,Augusto Aragón,,https://fbref.com/en/matches/e4336707/Guayaquil-City-Mushuc-Runa-August-25-2019-Serie-A
Liga Profesional Ecuador,M,ECU,2019,1st,Regular season,23,Sun,2019-08-25,17:00,Macará,2.0,CS Emelec,1.0,,Estadio Bellavista de Ambato,Guillermo Guerrero,,https://fbref.com/en/matches/489325d8/Macara-CS-Emelec-August-25-2019-Serie-A
Liga Profesional Ecuador,M,ECU,2019,1st,Regular season,23,Mon,2019-08-26,19:15,Independiente,2.0,Amarilla SC,0.0,,Estadio General Rumiñahui del Valle de L...,Oscar Proaño,,https://fbref.com/en/matches/07db810d/Independiente-Amarilla-SC-August-26-2019-Serie-A
Liga Profesional Ecuador,M,ECU,2019,1st,Regular season,24,Fri,2019-08-30,20:00,CD Cuenca,1.0,Barcelona SC,1.0,,Estadio Alejandro Serrano Aguilar,Roberto Sánchez,,https://fbref.com/en/matches/b98c7b0a/CD-Cuenca-Barcelona-SC-August-30-2019-Serie-A
Liga Profesional Ecuador,M,ECU,2019,1st,Regular season,24,Sat,2019-08-31,13:00,América Quito,2.0,Técnico Univ.,0.0,,Estadio Olímpico Atahualpa,Franklin Congo,,https://fbref.com/en/matches/b4ef2407/America-Quito-Tecnico-Univ-August-31-2019-Serie-A
Liga Profesional Ecuador,M,ECU,2019,1st,Regular season,24,Sat,2019-08-31,15:15,Amarilla SC,3.0,SD Aucas,3.0,,Estadio 9 de Mayo,Mario Romero,,https://fbref.com/en/matches/89c79e88/Amarilla-SC-SD-Aucas-August-31-2019-Serie-A
Liga Profesional Ecuador,M,ECU,2019,1st,Regular season,24,Sat,2019-08-31,17:30,Univ Católica,0.0,Independiente,1.0,,Estadio Olímpico Atahualpa,Augusto Aragón,,https://fbref.com/en/matches/d98221ff/Univ-Catolica-Independiente-August-31-2019-Serie-A
Liga Profesional Ecuador,M,ECU,2019,1st,Regular season,24,Sun,2019-09-01,14:00,CD Olmedo,2.0,Delfín SC,2.0,,Estadio Olímpico de Riobamba,Roddy Zambrano,,https://fbref.com/en/matches/2ccc6302/CD-Olmedo-Delfin-SC-September-1-2019-Serie-A
Liga Profesional Ecuador,M,ECU,2019,1st,Regular season,24,Sun,2019-09-01,16:15,CS Emelec,2.0,Guayaquil City,1.0,,Estadio Banco del Pacífico,Luis Quiroz,,https://fbref.com/en/matches/c4946d8c/CS-Emelec-Guayaquil-City-September-1-2019-Serie-A
Liga Profesional Ecuador,M,ECU,2019,1st,Regular season,24,Sun,2019-09-01,18:30,LDU de Quito,2.0,El Nacional,0.0,,Estadio de Liga Deportiva Universitaria,Guillermo Guerrero,,https://fbref.com/en/matches/430b8928/LDU-de-Quito-El-Nacional-September-1-2019-Serie-A
Liga Profesional Ecuador,M,ECU,2019,1st,Regular season,24,Mon,2019-09-02,19:15,Mushuc Runa,1.0,Macará,1.0,,Estadio del Mushuc Runa Sporting Club,Marlon Vera,,https://fbref.com/en/matches/fe0d7456/Mushuc-Runa-Macara-September-2-2019-Serie-A
Liga Profesional Ecuador,M,ECU,2019,1st,Regular season,25,Wed,2019-09-11,19:15,Independiente,0.0,Macará,2.0,,Estadio General Rumiñahui del Valle de L...,Roddy Zambrano,,https://fbref.com/en/matches/0c46e948/Independiente-Macara-September-11-2019-Serie-A
Liga Profesional Ecuador,M,ECU,2019,1st,Regular season,25,Fri,2019-09-13,20:00,CD Cuenca,2.0,CD Olmedo,1.0,,Estadio Alejandro Serrano Aguilar,Vinício Espínel,,https://fbref.com/en/matches/1a991831/CD-Cuenca-CD-Olmedo-September-13-2019-Serie-A
Liga Profesional Ecuador,M,ECU,2019,1st,Regular season,25,Sat,2019-09-14,13:00,Mushuc Runa,3.0,Amarilla SC,0.0,,Estadio del Mushuc Runa Sporting Club,Luis Quiroz,,https://fbref.com/en/matches/923136fc/Mushuc-Runa-Amarilla-SC-September-14-2019-Serie-A
Liga Profesional Ecuador,M,ECU,2019,1st,Regular season,25,Sat,2019-09-14,15:15,Delfín SC,1.0,Barcelona SC,2.0,,Estadio Jocay,Guillermo Guerrero,,https://fbref.com/en/matches/e146caab/Delfin-SC-Barcelona-SC-September-14-2019-Serie-A
Liga Profesional Ecuador,M,ECU,2019,1st,Regular season,25,Sat,2019-09-14,17:30,SD Aucas,3.0,América Quito,0.0,,Estadio Gonzalo Pozo Ripalda,José Espinel,,https://fbref.com/en/matches/0b9c0c89/SD-Aucas-America-Quito-September-14-2019-Serie-A
Liga Profesional Ecuador,M,ECU,2019,1st,Regular season,25,Sun,2019-09-15,14:00,Guayaquil City,2.0,Univ Católica,1.0,,Estadio Christian Benítez Betancourt,Franklin Congo,,https://fbref.com/en/matches/9f1eb11f/Guayaquil-City-Univ-Catolica-September-15-2019-Serie-A
Liga Profesional Ecuador,M,ECU,2019,1st,Regular season,25,Sun,2019-09-15,16:15,CS Emelec,1.0,LDU de Quito,1.0,,Estadio Banco del Pacífico,Marlon Vera,,https://fbref.com/en/matches/ef685a41/CS-Emelec-LDU-de-Quito-September-15-2019-Serie-A
Liga Profesional Ecuador,M,ECU,2019,1st,Regular season,25,Mon,2019-09-16,19:15,El Nacional,1.0,Técnico Univ.,2.0,,Estadio Olímpico Atahualpa,Mario Romero,,https://fbref.com/en/matches/1c7ed43d/El-Nacional-Tecnico-Univ-September-16-2019-Serie-A
Liga Profesional Ecuador,M,ECU,2019,1st,Regular season,26,Fri,2019-09-20,19:15,Técnico Univ.,4.0,Guayaquil City,4.0,,Estadio Bellavista de Ambato,Augusto Aragón,,https://fbref.com/en/matches/f1240243/Tecnico-Univ-Guayaquil-City-September-20-2019-Serie-A
Liga Profesional Ecuador,M,ECU,2019,1st,Regular season,26,Sat,2019-09-21,15:15,América Quito,1.0,CS Emelec,2.0,,Estadio Olímpico Atahualpa,Diego Lara,,https://fbref.com/en/matches/6bb4e887/America-Quito-CS-Emelec-September-21-2019-Serie-A
Liga Profesional Ecuador,M,ECU,2019,1st,Regular season,26,Sat,2019-09-21,17:30,Macará,1.0,Delfín SC,1.0,,Estadio Bellavista de Ambato,Carlos Orbe,,https://fbref.com/en/matches/9c637ba5/Macara-Delfin-SC-September-21-2019-Serie-A
Liga Profesional Ecuador,M,ECU,2019,1st,Regular season,26,Sun,2019-09-22,12:00,LDU de Quito,4.0,Mushuc Runa,0.0,,Estadio de Liga Deportiva Universitaria,Jefferson Macias,,https://fbref.com/en/matches/9692f181/LDU-de-Quito-Mushuc-Runa-September-22-2019-Serie-A
Liga Profesional Ecuador,M,ECU,2019,1st,Regular season,26,Sun,2019-09-22,14:15,Amarilla SC,0.0,El Nacional,4.0,,Estadio 9 de Mayo,Roddy Zambrano,,https://fbref.com/en/matches/2e1e8c9b/Amarilla-SC-El-Nacional-September-22-2019-Serie-A
Liga Profesional Ecuador,M,ECU,2019,1st,Regular season,26,Sun,2019-09-22,16:30,Barcelona SC,2.0,SD Aucas,1.0,,Estadio Monumental Isidro Romero Carbo,Mario Romero,,https://fbref.com/en/matches/39863326/Barcelona-SC-SD-Aucas-September-22-2019-Serie-A
Liga Profesional Ecuador,M,ECU,2019,1st,Regular season,26,Mon,2019-09-23,19:15,Univ Católica,2.0,CD Cuenca,0.0,,Estadio Olímpico Atahualpa,Oscar Proaño,,https://fbref.com/en/matches/bab24271/Univ-Catolica-CD-Cuenca-September-23-2019-Serie-A
Liga Profesional Ecuador,M,ECU,2019,1st,Regular season,27,Fri,2019-09-27,20:00,CD Cuenca,3.0,Amarilla SC,0.0,,Estadio Alejandro Serrano Aguilar,Mario Romero,,https://fbref.com/en/matches/5d17a238/CD-Cuenca-Amarilla-SC-September-27-2019-Serie-A
Liga Profesional Ecuador,M,ECU,2019,1st,Regular season,27,Sat,2019-09-28,13:00,Mushuc Runa,1.0,Univ Católica,1.0,,Estadio del Mushuc Runa Sporting Club,Roberto Alarcón,,https://fbref.com/en/matches/7bec76bf/Mushuc-Runa-Univ-Catolica-September-28-2019-Serie-A
Liga Profesional Ecuador,M,ECU,2019,1st,Regular season,27,Sat,2019-09-28,15:15,SD Aucas,0.0,Macará,0.0,,Estadio Gonzalo Pozo Ripalda,Franklin Congo,,https://fbref.com/en/matches/d3c8102f/SD-Aucas-Macara-September-28-2019-Serie-A
Liga Profesional Ecuador,M,ECU,2019,1st,Regular season,27,Sat,2019-09-28,18:30,Guayaquil City,0.0,Barcelona SC,2.0,,Estadio Christian Benítez Betancourt,Carlos Orbe,,https://fbref.com/en/matches/5d061e6e/Guayaquil-City-Barcelona-SC-September-28-2019-Serie-A
Liga Profesional Ecuador,M,ECU,2019,1st,Regular season,27,Sun,2019-09-29,12:00,El Nacional,0.0,América Quito,1.0,,Estadio Olímpico Atahualpa,Augusto Aragón,,https://fbref.com/en/matches/27514368/El-Nacional-America-Quito-September-29-2019-Serie-A
Liga Profesional Ecuador,M,ECU,2019,1st,Regular season,27,Sun,2019-09-29,14:15,Delfín SC,4.0,Técnico Univ.,2.0,,Estadio Jocay,Luis Quiroz,,https://fbref.com/en/matches/6a3a1415/Delfin-SC-Tecnico-Univ-September-29-2019-Serie-A
Liga Profesional Ecuador,M,ECU,2019,1st,Regular season,27,Sun,2019-09-29,16:30,CS Emelec,3.0,CD Olmedo,1.0,,Estadio Banco del Pacífico,Jefferson Macias,,https://fbref.com/en/matches/3d7e0403/CS-Emelec-CD-Olmedo-September-29-2019-Serie-A
Liga Profesional Ecuador,M,ECU,2019,1st,Regular season,27,Mon,2019-09-30,19:30,Independiente,0.0,LDU de Quito,1.0,,Estadio General Rumiñahui del Valle de L...,Diego Lara,,https://fbref.com/en/matches/576b13a5/Independiente-LDU-de-Quito-September-30-2019-Serie-A
Liga Profesional Ecuador,M,ECU,2019,1st,Regular season,28,Fri,2019-10-18,19:15,CD Olmedo,0.0,Univ Católica,0.0,,Estadio Olímpico de Riobamba,Augusto Aragón,,https://fbref.com/en/matches/c9acb133/CD-Olmedo-Univ-Catolica-October-18-2019-Serie-A
Liga Profesional Ecuador,M,ECU,2019,1st,Regular season,28,Sat,2019-10-19,13:00,Independiente,4.0,SD Aucas,0.0,,Estadio General Rumiñahui del Valle de L...,Jaime Sánchez,,https://fbref.com/en/matches/0da9a770/Independiente-SD-Aucas-October-19-2019-Serie-A
Liga Profesional Ecuador,M,ECU,2019,1st,Regular season,28,Sat,2019-10-19,15:15,Guayaquil City,0.0,El Nacional,1.0,,Estadio Christian Benítez Betancourt,Luis Quiroz,,https://fbref.com/en/matches/aa733eee/Guayaquil-City-El-Nacional-October-19-2019-Serie-A
Liga Profesional Ecuador,M,ECU,2019,1st,Regular season,28,Sat,2019-10-19,17:30,Macará,1.0,CD Cuenca,1.0,,Estadio Bellavista de Ambato,Diego Lara,,https://fbref.com/en/matches/0e33696b/Macara-CD-Cuenca-October-19-2019-Serie-A
Liga Profesional Ecuador,M,ECU,2019,1st,Regular season,28,Sun,2019-10-20,12:00,América Quito,3.0,Amarilla SC,0.0,,Estadio Olímpico Atahualpa,José Espinel,Match awarded to América Quito,https://fbref.com/en/matches/2b85fd09/America-Quito-Amarilla-SC-October-20-2019-Serie-A
Liga Profesional Ecuador,M,ECU,2019,1st,Regular season,28,Sun,2019-10-20,14:15,LDU de Quito,1.0,Delfín SC,1.0,,Estadio de Liga Deportiva Universitaria,Alex Cajas,,https://fbref.com/en/matches/aa546b8b/LDU-de-Quito-Delfin-SC-October-20-2019-Serie-A
Liga Profesional Ecuador,M,ECU,2019,1st,Regular season,28,Sun,2019-10-20,17:00,Barcelona SC,0.0,CS Emelec,3.0,,Estadio Monumental Isidro Romero Carbo,Franklin Congo,,https://fbref.com/en/matches/eb8edf56/Barcelona-SC-CS-Emelec-October-20-2019-Serie-A
Liga Profesional Ecuador,M,ECU,2019,1st,Regular season,28,Mon,2019-10-21,19:15,Técnico Univ.,3.0,Mushuc Runa,0.0,,Estadio Bellavista de Ambato,Carlos Orbe,,https://fbref.com/en/matches/b6332bcd/Tecnico-Univ-Mushuc-Runa-October-21-2019-Serie-A
Liga Profesional Ecuador,M,ECU,2019,1st,Regular season,26,Wed,2019-10-23,16:00,CD Olmedo,1.0,Independiente,0.0,,Estadio Olímpico de Riobamba,Roberto Alarcón,,https://fbref.com/en/matches/6d22ee6b/CD-Olmedo-Independiente-October-23-2019-Serie-A
Liga Profesional Ecuador,M,ECU,2019,1st,Regular season,29,Fri,2019-10-25,19:15,SD Aucas,4.0,Guayaquil City,2.0,,Estadio Gonzalo Pozo Ripalda,Vinício Espínel,,https://fbref.com/en/matches/3a573e62/SD-Aucas-Guayaquil-City-October-25-2019-Serie-A
Liga Profesional Ecuador,M,ECU,2019,1st,Regular season,29,Sat,2019-10-26,13:00,Amarilla SC,0.0,Macará,3.0,,Estadio 9 de Mayo,René Marín,,https://fbref.com/en/matches/0ac9e953/Amarilla-SC-Macara-October-26-2019-Serie-A
Liga Profesional Ecuador,M,ECU,2019,1st,Regular season,29,Sat,2019-10-26,15:30,Univ Católica,1.0,CS Emelec,1.0,,Estadio Olímpico Atahualpa,Roberto Sánchez,,https://fbref.com/en/matches/354cde94/Univ-Catolica-CS-Emelec-October-26-2019-Serie-A
Liga Profesional Ecuador,M,ECU,2019,1st,Regular season,29,Sat,2019-10-26,15:30,El Nacional,4.0,Independiente,2.0,,Estadio Olímpico Atahualpa,Augusto Aragón,,https://fbref.com/en/matches/9c08ca55/El-Nacional-Independiente-October-26-2019-Serie-A
Liga Profesional Ecuador,M,ECU,2019,1st,Regular season,29,Sat,2019-10-26,18:00,CD Cuenca,1.0,LDU de Quito,0.0,,Estadio Alejandro Serrano Aguilar,Carlos Orbe,,https://fbref.com/en/matches/c0969498/CD-Cuenca-LDU-de-Quito-October-26-2019-Serie-A
Liga Profesional Ecuador,M,ECU,2019,1st,Regular season,29,Sun,2019-10-27,13:00,Mushuc Runa,1.0,CD Olmedo,4.0,,Estadio del Mushuc Runa Sporting Club,Luis Quiroz,,https://fbref.com/en/matches/c3516228/Mushuc-Runa-CD-Olmedo-October-27-2019-Serie-A
Liga Profesional Ecuador,M,ECU,2019,1st,Regular season,29,Sun,2019-10-27,15:30,Barcelona SC,0.0,Técnico Univ.,1.0,,Estadio Monumental Isidro Romero Carbo,José Espinel,,https://fbref.com/en/matches/2f515606/Barcelona-SC-Tecnico-Univ-October-27-2019-Serie-A
Liga Profesional Ecuador,M,ECU,2019,1st,Regular season,29,Sun,2019-10-27,15:30,Delfín SC,2.0,América Quito,1.0,,Estadio Jocay,Franklin Congo,,https://fbref.com/en/matches/ee8f4d1e/Delfin-SC-America-Quito-October-27-2019-Serie-A
Liga Profesional Ecuador,M,ECU,2019,1st,Regular season,30,Sat,2019-11-02,13:00,LDU de Quito,5.0,Amarilla SC,2.0,,Estadio de Liga Deportiva Universitaria,Henri Arizaga,,https://fbref.com/en/matches/db6db615/LDU-de-Quito-Amarilla-SC-November-2-2019-Serie-A
Liga Profesional Ecuador,M,ECU,2019,1st,Regular season,30,Sat,2019-11-02,15:15,Técnico Univ.,3.0,SD Aucas,2.0,,Estadio Bellavista de Ambato,Marlon Vera,,https://fbref.com/en/matches/0ababdec/Tecnico-Univ-SD-Aucas-November-2-2019-Serie-A
Liga Profesional Ecuador,M,ECU,2019,1st,Regular season,30,Sat,2019-11-02,15:15,América Quito,1.0,Univ Católica,0.0,,Estadio Olímpico Atahualpa,Alex Cajas,,https://fbref.com/en/matches/a005c4e1/America-Quito-Univ-Catolica-November-2-2019-Serie-A
Liga Profesional Ecuador,M,ECU,2019,1st,Regular season,30,Sat,2019-11-02,18:00,Independiente,0.0,Delfín SC,0.0,,Estadio General Rumiñahui del Valle de L...,Roberto Alarcón,,https://fbref.com/en/matches/407499b4/Independiente-Delfin-SC-November-2-2019-Serie-A
Liga Profesional Ecuador,M,ECU,2019,1st,Regular season,30,Sun,2019-11-03,13:00,CD Olmedo,1.0,Barcelona SC,2.0,,Estadio Olímpico de Riobamba,Oscar Proaño,,https://fbref.com/en/matches/75cd3047/CD-Olmedo-Barcelona-SC-November-3-2019-Serie-A
Liga Profesional Ecuador,M,ECU,2019,1st,Regular season,30,Sun,2019-11-03,13:00,Guayaquil City,1.0,CD Cuenca,2.0,,Estadio Christian Benítez Betancourt,Mario Romero,,https://fbref.com/en/matches/dea968a9/Guayaquil-City-CD-Cuenca-November-3-2019-Serie-A
Liga Profesional Ecuador,M,ECU,2019,1st,Regular season,30,Sun,2019-11-03,16:15,Macará,0.0,El Nacional,1.0,,Estadio Bellavista de Ambato,Roddy Zambrano,,https://fbref.com/en/matches/a791191f/Macara-El-Nacional-November-3-2019-Serie-A
Liga Profesional Ecuador,M,ECU,2019,1st,Regular season,30,Sun,2019-11-03,16:15,CS Emelec,6.0,Mushuc Runa,1.0,,Estadio Banco del Pacífico,Diego Lara,,https://fbref.com/en/matches/f2428b03/CS-Emelec-Mushuc-Runa-November-3-2019-Serie-A
Liga Profesional Ecuador,M,ECU,2019,1st,Quarter-finals,,Sat,2019-11-23,17:15,SD Aucas,1.0,Barcelona SC,0.0,,Estadio Gonzalo Pozo Ripalda,José Espinel,Leg 1 of 2,https://fbref.com/en/matches/27449b97/SD-Aucas-Barcelona-SC-November-23-2019-Serie-A
Liga Profesional Ecuador,M,ECU,2019,1st,Quarter-finals,,Sat,2019-11-23,19:30,LDU de Quito,2.0,Univ Católica,3.0,,Estadio de Liga Deportiva Universitaria,Marlon Vera,Leg 1 of 2,https://fbref.com/en/matches/02dab05e/LDU-de-Quito-Univ-Catolica-November-23-2019-Serie-A
Liga Profesional Ecuador,M,ECU,2019,1st,Quarter-finals,,Sun,2019-11-24,16:00,CS Emelec,1.0,Macará,2.0,,Estadio Banco del Pacífico,Roberto Sánchez,Leg 1 of 2,https://fbref.com/en/matches/5cde9196/CS-Emelec-Macara-November-24-2019-Serie-A
Liga Profesional Ecuador,M,ECU,2019,1st,Quarter-finals,,Sun,2019-11-24,18:15,Independiente,0.0,Delfín SC,0.0,,Estadio General Rumiñahui del Valle de L...,Carlos Orbe,Leg 1 of 2,https://fbref.com/en/matches/b97362cb/Independiente-Delfin-SC-November-24-2019-Serie-A
Liga Profesional Ecuador,M,ECU,2019,1st,Quarter-finals,,Wed,2019-11-27,17:30,Univ Católica,0.0,LDU de Quito,2.0,,Estadio Olímpico Atahualpa,Roberto Sánchez,Leg 2 of 2; LDU de Quito won,https://fbref.com/en/matches/c991000e/Univ-Catolica-LDU-de-Quito-November-27-2019-Serie-A
Liga Profesional Ecuador,M,ECU,2019,1st,Quarter-finals,,Wed,2019-11-27,19:45,Barcelona SC,0.0,SD Aucas,0.0,,Estadio Monumental Isidro Romero Carbo,Marlon Vera,Leg 2 of 2; SD Aucas won,https://fbref.com/en/matches/81b71562/Barcelona-SC-SD-Aucas-November-27-2019-Serie-A
Liga Profesional Ecuador,M,ECU,2019,1st,Quarter-finals,,Thu,2019-11-28,15:30,Delfín SC,2.0,Independiente,2.0,,Estadio Jocay,José Espinel,Leg 2 of 2; Independiente won,https://fbref.com/en/matches/1b1292c3/Delfin-SC-Independiente-November-28-2019-Serie-A
Liga Profesional Ecuador,M,ECU,2019,1st,Quarter-finals,,Thu,2019-11-28,19:30,Macará,1.0,CS Emelec,2.0,12548.0,Estadio Bellavista de Ambato,Diego Lara,Leg 2 of 2; CS Emelec won,https://fbref.com/en/matches/150319b0/Macara-CS-Emelec-November-28-2019-Serie-A
Liga Profesional Ecuador,M,ECU,2019,1st,Semi-finals,,Sat,2019-11-30,19:00,SD Aucas,1.0,LDU de Quito,3.0,,Estadio Gonzalo Pozo Ripalda,Guillermo Guerrero,Leg 1 of 2,https://fbref.com/en/matches/faabbbb1/SD-Aucas-LDU-de-Quito-November-30-2019-Serie-A
Liga Profesional Ecuador,M,ECU,2019,1st,Semi-finals,,Sun,2019-12-01,15:30,Delfín SC,2.0,Macará,1.0,,Estadio Jocay,Marlon Vera,Leg 1 of 2,https://fbref.com/en/matches/b25212c4/Delfin-SC-Macara-December-1-2019-Serie-A
Liga Profesional Ecuador,M,ECU,2019,1st,Semi-finals,,Sat,2019-12-07,16:00,Macará,1.0,Delfín SC,1.0,,Estadio Bellavista de Ambato,Guillermo Guerrero,Leg 2 of 2; Delfín SC won,https://fbref.com/en/matches/fc768cee/Macara-Delfin-SC-December-7-2019-Serie-A
Liga Profesional Ecuador,M,ECU,2019,1st,Semi-finals,,Sat,2019-12-07,19:00,LDU de Quito,0.0,SD Aucas,0.0,,Estadio de Liga Deportiva Universitaria,José Espinel,Leg 2 of 2; LDU de Quito won,https://fbref.com/en/matches/b06ef7b4/LDU-de-Quito-SD-Aucas-December-7-2019-Serie-A
Liga Profesional Ecuador,M,ECU,2019,1st,Finals,,Wed,2019-12-11,19:30,LDU de Quito,0.0,Delfín SC,0.0,,Estadio de Liga Deportiva Universitaria,Marlon Vera,Leg 1 of 2,https://fbref.com/en/matches/183467b6/LDU-de-Quito-Delfin-SC-December-11-2019-Serie-A
Liga Profesional Ecuador,M,ECU,2019,1st,Finals,,Sun,2019-12-15,15:00,Delfín SC,0.0,LDU de Quito,0.0,,Estadio Jocay,Roberto Sánchez,Leg 2 of 2; Delfín SC won; Delfín SC won on penalty kicks following extra time,https://fbref.com/en/matches/f0cd876b/Delfin-SC-LDU-de-Quito-December-15-2019-Serie-A
Liga Profesional Ecuador,M,ECU,2020,1st,First Phase,1,Fri,2020-02-14,15:00,Independiente,2.0,Mushuc Runa,1.0,,Estadio General Rumiñahui del Valle de L...,Jefferson Macias,,https://fbref.com/en/matches/d522921c/Independiente-Mushuc-Runa-February-14-2020-Serie-A
Liga Profesional Ecuador,M,ECU,2020,1st,First Phase,1,Fri,2020-02-14,20:00,CD Cuenca,1.0,LDU de Quito,2.0,,Estadio Alejandro Serrano Aguilar,Augusto Aragón,,https://fbref.com/en/matches/4a0c6359/CD-Cuenca-LDU-de-Quito-February-14-2020-Serie-A
Liga Profesional Ecuador,M,ECU,2020,1st,First Phase,1,Sat,2020-02-15,12:00,SD Aucas,1.0,Delfín SC,2.0,,Estadio Gonzalo Pozo Ripalda,Mario Romero,,https://fbref.com/en/matches/17a2533e/SD-Aucas-Delfin-SC-February-15-2020-Serie-A
Liga Profesional Ecuador,M,ECU,2020,1st,First Phase,1,Sat,2020-02-15,15:30,Orense,2.0,CS Emelec,2.0,,Estadio 9 de Mayo,Franklin Congo,,https://fbref.com/en/matches/4a263033/Orense-CS-Emelec-February-15-2020-Serie-A
Liga Profesional Ecuador,M,ECU,2020,1st,First Phase,1,Sat,2020-02-15,18:00,Macará,1.0,Univ Católica,1.0,,Estadio Bellavista de Ambato,Marlon Vera,,https://fbref.com/en/matches/79240b48/Macara-Univ-Catolica-February-15-2020-Serie-A
Liga Profesional Ecuador,M,ECU,2020,1st,First Phase,1,Sun,2020-02-16,13:00,El Nacional,2.0,LDU Portoviejo,1.0,,Estadio Olímpico Atahualpa,Luis Quiroz,,https://fbref.com/en/matches/94c27aa3/El-Nacional-LDU-Portoviejo-February-16-2020-Serie-A
Liga Profesional Ecuador,M,ECU,2020,1st,First Phase,1,Sun,2020-02-16,15:15,Guayaquil City,4.0,CD Olmedo,1.0,,Estadio Christian Benítez Betancourt,Jaime Sánchez,,https://fbref.com/en/matches/1bda5d69/Guayaquil-City-CD-Olmedo-February-16-2020-Serie-A
Liga Profesional Ecuador,M,ECU,2020,1st,First Phase,1,Sun,2020-02-16,17:45,Barcelona SC,0.0,Técnico Univ.,0.0,,Estadio Monumental Isidro Romero Carbo,Carlos Orbe,,https://fbref.com/en/matches/2faa79de/Barcelona-SC-Tecnico-Univ-February-16-2020-Serie-A
Liga Profesional Ecuador,M,ECU,2020,1st,First Phase,2,Fri,2020-02-21,19:15,LDU Portoviejo,2.0,CD Cuenca,4.0,,Estadio Reales Tamarindos,Roddy Zambrano,,https://fbref.com/en/matches/4fb40722/LDU-Portoviejo-CD-Cuenca-February-21-2020-Serie-A
Liga Profesional Ecuador,M,ECU,2020,1st,First Phase,2,Sat,2020-02-22,13:00,CD Olmedo,1.0,Macará,2.0,,Estadio Olímpico de Riobamba,Alex Cajas,,https://fbref.com/en/matches/9ef8e655/CD-Olmedo-Macara-February-22-2020-Serie-A
Liga Profesional Ecuador,M,ECU,2020,1st,First Phase,2,Sat,2020-02-22,15:30,Delfín SC,1.0,Barcelona SC,2.0,,Estadio Jocay,Marlon Vera,,https://fbref.com/en/matches/6e8823eb/Delfin-SC-Barcelona-SC-February-22-2020-Serie-A
Liga Profesional Ecuador,M,ECU,2020,1st,First Phase,2,Sat,2020-02-22,17:45,LDU de Quito,2.0,Independiente,3.0,,Estadio Rodrigo Paz Delgado,Guillermo Guerrero,,https://fbref.com/en/matches/371f04ad/LDU-de-Quito-Independiente-February-22-2020-Serie-A
Liga Profesional Ecuador,M,ECU,2020,1st,First Phase,2,Sat,2020-02-22,20:00,Univ Católica,4.0,Orense,0.0,,Estadio Olímpico Atahualpa,René Marín,,https://fbref.com/en/matches/b0e048c1/Univ-Catolica-Orense-February-22-2020-Serie-A
Liga Profesional Ecuador,M,ECU,2020,1st,First Phase,2,Sun,2020-02-23,13:30,Mushuc Runa,1.0,El Nacional,1.0,,Estadio del Mushuc Runa Sporting Club,Carlos Orbe,,https://fbref.com/en/matches/9e9ea41f/Mushuc-Runa-El-Nacional-February-23-2020-Serie-A
Liga Profesional Ecuador,M,ECU,2020,1st,First Phase,2,Sun,2020-02-23,16:00,CS Emelec,1.0,Guayaquil City,2.0,,Estadio Banco del Pacífico,Luis Quiroz,,https://fbref.com/en/matches/fca2d3de/CS-Emelec-Guayaquil-City-February-23-2020-Serie-A
Liga Profesional Ecuador,M,ECU,2020,1st,First Phase,2,Mon,2020-02-24,19:15,Técnico Univ.,2.0,SD Aucas,0.0,,Estadio Bellavista de Ambato,Franklin Congo,,https://fbref.com/en/matches/8fb4a9fc/Tecnico-Univ-SD-Aucas-February-24-2020-Serie-A
Liga Profesional Ecuador,M,ECU,2020,1st,First Phase,3,Fri,2020-02-28,16:30,Delfín SC,0.0,Técnico Univ.,2.0,,Estadio Jocay,Luis Quiroz,,https://fbref.com/en/matches/c67fd73d/Delfin-SC-Tecnico-Univ-February-28-2020-Serie-A
Liga Profesional Ecuador,M,ECU,2020,1st,First Phase,3,Fri,2020-02-28,19:00,El Nacional,0.0,LDU de Quito,3.0,,Estadio Olímpico Atahualpa,Roberto Sánchez,,https://fbref.com/en/matches/29bdcb6b/El-Nacional-LDU-de-Quito-February-28-2020-Serie-A
Liga Profesional Ecuador,M,ECU,2020,1st,First Phase,3,Sat,2020-02-29,15:30,Orense,1.0,Guayaquil City,0.0,,Estadio 9 de Mayo,Alex Cajas,,https://fbref.com/en/matches/c646f827/Orense-Guayaquil-City-February-29-2020-Serie-A
Liga Profesional Ecuador,M,ECU,2020,1st,First Phase,3,Sat,2020-02-29,19:00,Barcelona SC,1.0,LDU Portoviejo,1.0,,Estadio Monumental Isidro Romero Carbo,Gabriel González,,https://fbref.com/en/matches/a7080902/Barcelona-SC-LDU-Portoviejo-February-29-2020-Serie-A
Liga Profesional Ecuador,M,ECU,2020,1st,First Phase,3,Sun,2020-03-01,12:30,Independiente,1.0,CD Olmedo,2.0,,Estadio General Rumiñahui del Valle de L...,Carlos Orbe,,https://fbref.com/en/matches/17fe428c/Independiente-CD-Olmedo-March-1-2020-Serie-A
Liga Profesional Ecuador,M,ECU,2020,1st,First Phase,3,Sun,2020-03-01,15:00,SD Aucas,3.0,Mushuc Runa,0.0,,Estadio Gonzalo Pozo Ripalda,Henri Arizaga,,https://fbref.com/en/matches/5a44bb95/SD-Aucas-Mushuc-Runa-March-1-2020-Serie-A
Liga Profesional Ecuador,M,ECU,2020,1st,First Phase,3,Sun,2020-03-01,17:30,Macará,1.0,CS Emelec,0.0,,Estadio Bellavista de Ambato,Augusto Aragón,,https://fbref.com/en/matches/9dbadf51/Macara-CS-Emelec-March-1-2020-Serie-A
Liga Profesional Ecuador,M,ECU,2020,1st,First Phase,3,Mon,2020-03-02,19:15,CD Cuenca,1.0,Univ Católica,2.0,,Estadio Alejandro Serrano Aguilar,Juan Andrade,,https://fbref.com/en/matches/bb52246c/CD-Cuenca-Univ-Catolica-March-2-2020-Serie-A
Liga Profesional Ecuador,M,ECU,2020,1st,First Phase,4,Fri,2020-03-06,19:15,Técnico Univ.,1.0,Mushuc Runa,1.0,,Estadio Bellavista de Ambato,Roberto Sánchez,,https://fbref.com/en/matches/2421b5d6/Tecnico-Univ-Mushuc-Runa-March-6-2020-Serie-A
Liga Profesional Ecuador,M,ECU,2020,1st,First Phase,4,Sat,2020-03-07,12:15,LDU Portoviejo,2.0,Delfín SC,1.0,,Estadio Gonzalo Pozo Ripalda,Guillermo Guerrero,,https://fbref.com/en/matches/47a85ce0/LDU-Portoviejo-Delfin-SC-March-7-2020-Serie-A
Liga Profesional Ecuador,M,ECU,2020,1st,First Phase,4,Sat,2020-03-07,14:30,Independiente,2.0,Univ Católica,2.0,,Estadio General Rumiñahui del Valle de L...,Jaime Sánchez,,https://fbref.com/en/matches/8033fcb0/Independiente-Univ-Catolica-March-7-2020-Serie-A
Liga Profesional Ecuador,M,ECU,2020,1st,First Phase,4,Sat,2020-03-07,18:00,LDU de Quito,2.0,Barcelona SC,1.0,,Estadio Rodrigo Paz Delgado,Franklin Congo,,https://fbref.com/en/matches/bffdc5d1/LDU-de-Quito-Barcelona-SC-March-7-2020-Serie-A
Liga Profesional Ecuador,M,ECU,2020,1st,First Phase,4,Sun,2020-03-08,11:30,CD Olmedo,2.0,Orense,2.0,,Estadio Olímpico de Riobamba,Marlon Vera,,https://fbref.com/en/matches/68831800/CD-Olmedo-Orense-March-8-2020-Serie-A
Liga Profesional Ecuador,M,ECU,2020,1st,First Phase,4,Sun,2020-03-08,13:45,Guayaquil City,1.0,Macará,1.0,,Estadio Christian Benítez Betancourt,Jefferson Macias,,https://fbref.com/en/matches/83896172/Guayaquil-City-Macara-March-8-2020-Serie-A
Liga Profesional Ecuador,M,ECU,2020,1st,First Phase,4,Sun,2020-03-08,16:00,CS Emelec,4.0,SD Aucas,0.0,,Estadio Banco del Pacífico,Alex Cajas,,https://fbref.com/en/matches/ccf6598d/CS-Emelec-SD-Aucas-March-8-2020-Serie-A
Liga Profesional Ecuador,M,ECU,2020,1st,First Phase,4,Mon,2020-03-09,19:15,El Nacional,1.0,CD Cuenca,1.0,,Estadio Olímpico Atahualpa,Mario Romero,,https://fbref.com/en/matches/d5f5d895/El-Nacional-CD-Cuenca-March-9-2020-Serie-A
Liga Profesional Ecuador,M,ECU,2020,1st,First Phase,5,Fri,2020-03-13,19:15,Técnico Univ.,3.0,LDU Portoviejo,1.0,,Estadio Bellavista de Ambato,Marlon Vera,,https://fbref.com/en/matches/a4d56f87/Tecnico-Univ-LDU-Portoviejo-March-13-2020-Serie-A
Liga Profesional Ecuador,M,ECU,2020,1st,First Phase,5,Sat,2020-03-14,13:30,Mushuc Runa,2.0,Macará,0.0,,Estadio del Mushuc Runa Sporting Club,Luis Quiroz,,https://fbref.com/en/matches/aee4f628/Mushuc-Runa-Macara-March-14-2020-Serie-A
Liga Profesional Ecuador,M,ECU,2020,1st,First Phase,5,Fri,2020-08-14,17:00,CD Cuenca,1.0,Guayaquil City,1.0,,Estadio Alejandro Serrano Aguilar,Guillermo Guerrero,,https://fbref.com/en/matches/db3ebff2/CD-Cuenca-Guayaquil-City-August-14-2020-Serie-A
Liga Profesional Ecuador,M,ECU,2020,1st,First Phase,5,Fri,2020-08-14,19:15,Barcelona SC,1.0,Orense,0.0,,Estadio Monumental Isidro Romero Carbo,Augusto Aragón,,https://fbref.com/en/matches/485d03bb/Barcelona-SC-Orense-August-14-2020-Serie-A
Liga Profesional Ecuador,M,ECU,2020,1st,First Phase,5,Sat,2020-08-15,16:00,El Nacional,2.0,Independiente,4.0,,Estadio Olímpico Atahualpa,Roddy Zambrano,,https://fbref.com/en/matches/804bc73a/El-Nacional-Independiente-August-15-2020-Serie-A
Liga Profesional Ecuador,M,ECU,2020,1st,First Phase,5,Sat,2020-08-15,18:15,Delfín SC,2.0,CS Emelec,0.0,,Estadio Jocay,Roberto Sánchez,,https://fbref.com/en/matches/c035f4e6/Delfin-SC-CS-Emelec-August-15-2020-Serie-A
Liga Profesional Ecuador,M,ECU,2020,1st,First Phase,5,Sun,2020-08-16,16:00,CD Olmedo,2.0,LDU de Quito,3.0,,Estadio Olímpico de Riobamba,Gabriel González,,https://fbref.com/en/matches/f1f6d877/CD-Olmedo-LDU-de-Quito-August-16-2020-Serie-A
Liga Profesional Ecuador,M,ECU,2020,1st,First Phase,5,Sun,2020-08-16,18:15,Univ Católica,3.0,SD Aucas,1.0,,Estadio Olímpico Atahualpa,Diego Lara,,https://fbref.com/en/matches/09dff437/Univ-Catolica-SD-Aucas-August-16-2020-Serie-A
Liga Profesional Ecuador,M,ECU,2020,1st,First Phase,6,Tue,2020-08-18,12:30,Independiente,4.0,Macará,4.0,,Estadio General Rumiñahui del Valle de L...,Franklin Congo,,https://fbref.com/en/matches/b01ee08d/Independiente-Macara-August-18-2020-Serie-A
Liga Profesional Ecuador,M,ECU,2020,1st,First Phase,6,Tue,2020-08-18,14:45,Orense,1.0,LDU Portoviejo,1.0,,Estadio 9 de Mayo,Luis Quiroz,,https://fbref.com/en/matches/88743393/Orense-LDU-Portoviejo-August-18-2020-Serie-A
Liga Profesional Ecuador,M,ECU,2020,1st,First Phase,6,Tue,2020-08-18,17:00,CD Cuenca,0.0,Barcelona SC,3.0,,Estadio Alejandro Serrano Aguilar,Marlon Vera,,https://fbref.com/en/matches/727ceb3b/CD-Cuenca-Barcelona-SC-August-18-2020-Serie-A
Liga Profesional Ecuador,M,ECU,2020,1st,First Phase,6,Tue,2020-08-18,19:15,Guayaquil City,0.0,Delfín SC,0.0,,Estadio Christian Benítez Betancourt,Augusto Aragón,,https://fbref.com/en/matches/1e643857/Guayaquil-City-Delfin-SC-August-18-2020-Serie-A
Liga Profesional Ecuador,M,ECU,2020,1st,First Phase,6,Wed,2020-08-19,12:30,Técnico Univ.,1.0,CD Olmedo,3.0,,Estadio Bellavista de Ambato,Carlos Orbe,,https://fbref.com/en/matches/ead9f8fd/Tecnico-Univ-CD-Olmedo-August-19-2020-Serie-A
Liga Profesional Ecuador,M,ECU,2020,1st,First Phase,6,Wed,2020-08-19,14:45,SD Aucas,2.0,El Nacional,0.0,,Estadio Gonzalo Pozo Ripalda,Juan Andrade,,https://fbref.com/en/matches/d0ce147a/SD-Aucas-El-Nacional-August-19-2020-Serie-A
Liga Profesional Ecuador,M,ECU,2020,1st,First Phase,6,Wed,2020-08-19,17:00,LDU de Quito,2.0,Univ Católica,1.0,,Estadio Rodrigo Paz Delgado,Alex Cajas,,https://fbref.com/en/matches/279fa605/LDU-de-Quito-Univ-Catolica-August-19-2020-Serie-A
Liga Profesional Ecuador,M,ECU,2020,1st,First Phase,6,Wed,2020-08-19,19:15,CS Emelec,2.0,Mushuc Runa,0.0,,Estadio Banco del Pacífico,Mario Romero,,https://fbref.com/en/matches/0badae3c/CS-Emelec-Mushuc-Runa-August-19-2020-Serie-A
Liga Profesional Ecuador,M,ECU,2020,1st,First Phase,7,Fri,2020-08-21,17:00,Delfín SC,0.0,Orense,0.0,,Estadio Jocay,René Marín,,https://fbref.com/en/matches/1b621210/Delfin-SC-Orense-August-21-2020-Serie-A
Liga Profesional Ecuador,M,ECU,2020,1st,First Phase,7,Fri,2020-08-21,19:15,Macará,2.0,CD Cuenca,1.0,,Estadio Bellavista de Ambato,Roddy Zambrano,,https://fbref.com/en/matches/b5214389/Macara-CD-Cuenca-August-21-2020-Serie-A
Liga Profesional Ecuador,M,ECU,2020,1st,First Phase,7,Sat,2020-08-22,14:00,Técnico Univ.,0.0,Independiente,1.0,,Estadio Bellavista de Ambato,Jaime Sánchez,,https://fbref.com/en/matches/b5f03c3c/Tecnico-Univ-Independiente-August-22-2020-Serie-A
Liga Profesional Ecuador,M,ECU,2020,1st,First Phase,7,Sat,2020-08-22,16:15,LDU Portoviejo,3.0,Guayaquil City,1.0,,Estadio Reales Tamarindos,Roberto Sánchez,,https://fbref.com/en/matches/a1c6898a/LDU-Portoviejo-Guayaquil-City-August-22-2020-Serie-A
Liga Profesional Ecuador,M,ECU,2020,1st,First Phase,7,Sat,2020-08-22,18:30,SD Aucas,2.0,LDU de Quito,0.0,,Estadio Gonzalo Pozo Ripalda,Carlos Orbe,,https://fbref.com/en/matches/93e1eb39/SD-Aucas-LDU-de-Quito-August-22-2020-Serie-A
Liga Profesional Ecuador,M,ECU,2020,1st,First Phase,7,Sun,2020-08-23,13:15,CD Olmedo,1.0,Mushuc Runa,2.0,,Estadio Olímpico de Riobamba,Jefferson Macias,,https://fbref.com/en/matches/03d38bb2/CD-Olmedo-Mushuc-Runa-August-23-2020-Serie-A
Liga Profesional Ecuador,M,ECU,2020,1st,First Phase,7,Sun,2020-08-23,16:00,Univ Católica,1.0,El Nacional,1.0,,Estadio Olímpico Atahualpa,Franklin Congo,,https://fbref.com/en/matches/3d5a0f0b/Univ-Catolica-El-Nacional-August-23-2020-Serie-A
Liga Profesional Ecuador,M,ECU,2020,1st,First Phase,7,Sun,2020-08-23,18:30,Barcelona SC,2.0,CS Emelec,1.0,,Estadio Monumental Isidro Romero Carbo,Guillermo Guerrero,,https://fbref.com/en/matches/c9ddcc77/Barcelona-SC-CS-Emelec-August-23-2020-Serie-A
Liga Profesional Ecuador,M,ECU,2020,1st,First Phase,8,Tue,2020-08-25,12:15,CD Cuenca,2.0,Orense,2.0,,Estadio Alejandro Serrano Aguilar,Gabriel González,,https://fbref.com/en/matches/410ff674/CD-Cuenca-Orense-August-25-2020-Serie-A
Liga Profesional Ecuador,M,ECU,2020,1st,First Phase,8,Tue,2020-08-25,14:30,Macará,0.0,Técnico Univ.,0.0,,Estadio Bellavista de Ambato,Marlon Vera,,https://fbref.com/en/matches/4ddbbbea/Macara-Tecnico-Univ-August-25-2020-Serie-A
Liga Profesional Ecuador,M,ECU,2020,1st,First Phase,8,Tue,2020-08-25,16:45,Independiente,1.0,SD Aucas,1.0,,Estadio General Rumiñahui del Valle de L...,Augusto Aragón,,https://fbref.com/en/matches/0cd9b560/Independiente-SD-Aucas-August-25-2020-Serie-A
Liga Profesional Ecuador,M,ECU,2020,1st,First Phase,8,Tue,2020-08-25,19:00,LDU de Quito,1.0,Delfín SC,0.0,,Estadio Rodrigo Paz Delgado,Juan Andrade,,https://fbref.com/en/matches/36faa551/LDU-de-Quito-Delfin-SC-August-25-2020-Serie-A
Liga Profesional Ecuador,M,ECU,2020,1st,First Phase,8,Wed,2020-08-26,12:15,Mushuc Runa,1.0,Univ Católica,2.0,,Estadio Bellavista de Ambato,Guillermo Guerrero,,https://fbref.com/en/matches/5d621730/Mushuc-Runa-Univ-Catolica-August-26-2020-Serie-A
Liga Profesional Ecuador,M,ECU,2020,1st,First Phase,8,Wed,2020-08-26,14:30,El Nacional,3.0,CD Olmedo,2.0,,Estadio Olímpico Atahualpa,Diego Lara,,https://fbref.com/en/matches/472cb67b/El-Nacional-CD-Olmedo-August-26-2020-Serie-A
Liga Profesional Ecuador,M,ECU,2020,1st,First Phase,8,Wed,2020-08-26,16:45,CS Emelec,2.0,LDU Portoviejo,1.0,,Estadio Banco del Pacífico,Alex Cajas,,https://fbref.com/en/matches/bc2da0fa/CS-Emelec-LDU-Portoviejo-August-26-2020-Serie-A
Liga Profesional Ecuador,M,ECU,2020,1st,First Phase,8,Wed,2020-08-26,19:00,Guayaquil City,2.0,Barcelona SC,1.0,,Estadio Christian Benítez Betancourt,Franklin Congo,,https://fbref.com/en/matches/eb821b29/Guayaquil-City-Barcelona-SC-August-26-2020-Serie-A
Liga Profesional Ecuador,M,ECU,2020,1st,First Phase,9,Fri,2020-08-28,19:00,SD Aucas,1.0,Macará,0.0,,Estadio Gonzalo Pozo Ripalda,Roberto Sánchez,,https://fbref.com/en/matches/db3e728f/SD-Aucas-Macara-August-28-2020-Serie-A
Liga Profesional Ecuador,M,ECU,2020,1st,First Phase,9,Sat,2020-08-29,13:00,Mushuc Runa,1.0,CD Cuenca,1.0,,Estadio Bellavista de Ambato,Alex Cajas,,https://fbref.com/en/matches/981dcdaa/Mushuc-Runa-CD-Cuenca-August-29-2020-Serie-A
Liga Profesional Ecuador,M,ECU,2020,1st,First Phase,9,Sat,2020-08-29,15:15,Orense,1.0,LDU de Quito,2.0,,Estadio 9 de Mayo,Jaime Sánchez,,https://fbref.com/en/matches/e0f9836c/Orense-LDU-de-Quito-August-29-2020-Serie-A
Liga Profesional Ecuador,M,ECU,2020,1st,First Phase,9,Sat,2020-08-29,17:30,Barcelona SC,3.0,CD Olmedo,1.0,,Estadio Monumental Isidro Romero Carbo,Juan Andrade,,https://fbref.com/en/matches/bb896d4e/Barcelona-SC-CD-Olmedo-August-29-2020-Serie-A
Liga Profesional Ecuador,M,ECU,2020,1st,First Phase,9,Sat,2020-08-29,19:45,Técnico Univ.,2.0,CS Emelec,0.0,,Estadio Bellavista de Ambato,Diego Lara,,https://fbref.com/en/matches/2e47a9e0/Tecnico-Univ-CS-Emelec-August-29-2020-Serie-A
Liga Profesional Ecuador,M,ECU,2020,1st,First Phase,9,Sun,2020-08-30,13:15,Univ Católica,4.0,LDU Portoviejo,0.0,,Estadio Olímpico Atahualpa,René Marín,,https://fbref.com/en/matches/ffb1482f/Univ-Catolica-LDU-Portoviejo-August-30-2020-Serie-A
Liga Profesional Ecuador,M,ECU,2020,1st,First Phase,9,Sun,2020-08-30,15:30,Delfín SC,2.0,El Nacional,1.0,,Estadio Jocay,Marlon Vera,,https://fbref.com/en/matches/512a9284/Delfin-SC-El-Nacional-August-30-2020-Serie-A
Liga Profesional Ecuador,M,ECU,2020,1st,First Phase,9,Sun,2020-08-30,17:45,Independiente,3.0,Guayaquil City,0.0,,Estadio General Rumiñahui del Valle de L...,Roddy Zambrano,,https://fbref.com/en/matches/daf0a0d4/Independiente-Guayaquil-City-August-30-2020-Serie-A
Liga Profesional Ecuador,M,ECU,2020,1st,First Phase,10,Tue,2020-09-01,12:15,CD Cuenca,2.0,Técnico Univ.,2.0,,Estadio Alejandro Serrano Aguilar,Roddy Zambrano,,https://fbref.com/en/matches/ae828098/CD-Cuenca-Tecnico-Univ-September-1-2020-Serie-A
Liga Profesional Ecuador,M,ECU,2020,1st,First Phase,10,Tue,2020-09-01,14:30,Orense,0.0,Mushuc Runa,2.0,,Estadio 9 de Mayo,Roberto Sánchez,,https://fbref.com/en/matches/a430f6ff/Orense-Mushuc-Runa-September-1-2020-Serie-A
Liga Profesional Ecuador,M,ECU,2020,1st,First Phase,10,Tue,2020-09-01,16:45,LDU de Quito,1.0,Macará,0.0,,Estadio Rodrigo Paz Delgado,Marlon Vera,,https://fbref.com/en/matches/f3f78132/LDU-de-Quito-Macara-September-1-2020-Serie-A
Liga Profesional Ecuador,M,ECU,2020,1st,First Phase,10,Tue,2020-09-01,19:00,Barcelona SC,4.0,SD Aucas,2.0,,Estadio Monumental Isidro Romero Carbo,René Marín,,https://fbref.com/en/matches/488d5bfd/Barcelona-SC-SD-Aucas-September-1-2020-Serie-A
Liga Profesional Ecuador,M,ECU,2020,1st,First Phase,10,Wed,2020-09-02,12:15,CD Olmedo,2.0,Delfín SC,0.0,,Estadio Olímpico de Riobamba,Mario Romero,,https://fbref.com/en/matches/ff3451ef/CD-Olmedo-Delfin-SC-September-2-2020-Serie-A
Liga Profesional Ecuador,M,ECU,2020,1st,First Phase,10,Wed,2020-09-02,14:30,Guayaquil City,1.0,Univ Católica,3.0,,Estadio Christian Benítez Betancourt,Luis Quiroz,,https://fbref.com/en/matches/99e19985/Guayaquil-City-Univ-Catolica-September-2-2020-Serie-A
Liga Profesional Ecuador,M,ECU,2020,1st,First Phase,10,Wed,2020-09-02,16:45,LDU Portoviejo,1.0,Independiente,2.0,,Estadio Reales Tamarindos,Guillermo Guerrero,,https://fbref.com/en/matches/615bd693/LDU-Portoviejo-Independiente-September-2-2020-Serie-A
Liga Profesional Ecuador,M,ECU,2020,1st,First Phase,10,Wed,2020-09-02,19:00,El Nacional,2.0,CS Emelec,1.0,,Estadio Olímpico Atahualpa,Gabriel González,,https://fbref.com/en/matches/bc98dbca/El-Nacional-CS-Emelec-September-2-2020-Serie-A
Liga Profesional Ecuador,M,ECU,2020,1st,First Phase,11,Fri,2020-09-04,19:00,Mushuc Runa,1.0,Barcelona SC,2.0,,Estadio del Mushuc Runa Sporting Club,Luis Quiroz,,https://fbref.com/en/matches/cf87b262/Mushuc-Runa-Barcelona-SC-September-4-2020-Serie-A
Liga Profesional Ecuador,M,ECU,2020,1st,First Phase,11,Sat,2020-09-05,14:00,Univ Católica,3.0,CD Olmedo,1.0,,Estadio Olímpico Atahualpa,Jaime Sánchez,,https://fbref.com/en/matches/f0fe5daa/Univ-Catolica-CD-Olmedo-September-5-2020-Serie-A
Liga Profesional Ecuador,M,ECU,2020,1st,First Phase,11,Sat,2020-09-05,16:30,LDU Portoviejo,1.0,LDU de Quito,1.0,,Estadio Reales Tamarindos,Roberto Sánchez,,https://fbref.com/en/matches/dc4f1d03/LDU-Portoviejo-LDU-de-Quito-September-5-2020-Serie-A
Liga Profesional Ecuador,M,ECU,2020,1st,First Phase,11,Sat,2020-09-05,19:00,Macará,1.0,El Nacional,0.0,,Estadio Bellavista de Ambato,Mario Romero,,https://fbref.com/en/matches/606b0673/Macara-El-Nacional-September-5-2020-Serie-A
Liga Profesional Ecuador,M,ECU,2020,1st,First Phase,11,Sun,2020-09-06,13:15,Delfín SC,2.0,CD Cuenca,1.0,,Estadio Jocay,Diego Lara,,https://fbref.com/en/matches/c16c491d/Delfin-SC-CD-Cuenca-September-6-2020-Serie-A
Liga Profesional Ecuador,M,ECU,2020,1st,First Phase,11,Sun,2020-09-06,15:30,SD Aucas,3.0,Guayaquil City,1.0,,Estadio Gonzalo Pozo Ripalda,Gabriel González,,https://fbref.com/en/matches/7012a93c/SD-Aucas-Guayaquil-City-September-6-2020-Serie-A
Liga Profesional Ecuador,M,ECU,2020,1st,First Phase,11,Sun,2020-09-06,18:00,CS Emelec,2.0,Independiente,2.0,,Estadio Banco del Pacífico,Marlon Vera,,https://fbref.com/en/matches/896e103e/CS-Emelec-Independiente-September-6-2020-Serie-A
Liga Profesional Ecuador,M,ECU,2020,1st,First Phase,11,Mon,2020-09-07,19:00,Técnico Univ.,2.0,Orense,0.0,,Estadio Bellavista de Ambato,Juan Andrade,,https://fbref.com/en/matches/fd55ff43/Tecnico-Univ-Orense-September-7-2020-Serie-A
Liga Profesional Ecuador,M,ECU,2020,1st,First Phase,13,Wed,2020-09-09,16:30,CD Cuenca,1.0,Independiente,3.0,,Estadio Alejandro Serrano Aguilar,René Marín,,https://fbref.com/en/matches/4d5e7a50/CD-Cuenca-Independiente-September-9-2020-Serie-A
Liga Profesional Ecuador,M,ECU,2020,1st,First Phase,13,Wed,2020-09-09,19:00,Macará,1.0,Barcelona SC,1.0,,Estadio Bellavista de Ambato,Diego Lara,,https://fbref.com/en/matches/4cf0cc27/Macara-Barcelona-SC-September-9-2020-Serie-A
Liga Profesional Ecuador,M,ECU,2020,1st,First Phase,12,Fri,2020-09-11,16:30,Mushuc Runa,1.0,LDU Portoviejo,0.0,,Estadio del Mushuc Runa Sporting Club,René Marín,,https://fbref.com/en/matches/ed49f52c/Mushuc-Runa-LDU-Portoviejo-September-11-2020-Serie-A
Liga Profesional Ecuador,M,ECU,2020,1st,First Phase,12,Fri,2020-09-11,19:00,LDU de Quito,2.0,Guayaquil City,0.0,,Estadio Rodrigo Paz Delgado,Diego Lara,,https://fbref.com/en/matches/0471f743/LDU-de-Quito-Guayaquil-City-September-11-2020-Serie-A
Liga Profesional Ecuador,M,ECU,2020,1st,First Phase,12,Sat,2020-09-12,16:00,El Nacional,0.0,Técnico Univ.,1.0,,Estadio Olímpico Atahualpa,Carlos Bayas,,https://fbref.com/en/matches/f083ca60/El-Nacional-Tecnico-Univ-September-12-2020-Serie-A
Liga Profesional Ecuador,M,ECU,2020,1st,First Phase,12,Sat,2020-09-12,18:30,CD Olmedo,1.0,CS Emelec,1.0,,Estadio Olímpico de Riobamba,Alex Cajas,,https://fbref.com/en/matches/cf045ccd/CD-Olmedo-CS-Emelec-September-12-2020-Serie-A
Liga Profesional Ecuador,M,ECU,2020,1st,First Phase,12,Sun,2020-09-13,13:15,SD Aucas,2.0,CD Cuenca,0.0,,Estadio Gonzalo Pozo Ripalda,Mario Romero,,https://fbref.com/en/matches/f0130b7a/SD-Aucas-CD-Cuenca-September-13-2020-Serie-A
Liga Profesional Ecuador,M,ECU,2020,1st,First Phase,12,Sun,2020-09-13,15:30,Independiente,4.0,Delfín SC,2.0,,Estadio Olímpico Atahualpa,Jaime Sánchez,,https://fbref.com/en/matches/588e5247/Independiente-Delfin-SC-September-13-2020-Serie-A
Liga Profesional Ecuador,M,ECU,2020,1st,First Phase,12,Sun,2020-09-13,18:00,Barcelona SC,1.0,Univ Católica,0.0,,Estadio Monumental Isidro Romero Carbo,Juan Andrade,,https://fbref.com/en/matches/df9b7de9/Barcelona-SC-Univ-Catolica-September-13-2020-Serie-A
Liga Profesional Ecuador,M,ECU,2020,1st,First Phase,12,Mon,2020-09-14,15:30,Orense,1.0,Macará,2.0,,Estadio 9 de Mayo,Jefferson Macias,,https://fbref.com/en/matches/0261707c/Orense-Macara-September-14-2020-Serie-A
Liga Profesional Ecuador,M,ECU,2020,1st,First Phase,13,Fri,2020-09-18,19:00,LDU Portoviejo,2.0,CD Olmedo,1.0,,Estadio Reales Tamarindos,Marlon Vera,,https://fbref.com/en/matches/4236453f/LDU-Portoviejo-CD-Olmedo-September-18-2020-Serie-A
Liga Profesional Ecuador,M,ECU,2020,1st,First Phase,13,Sat,2020-09-19,15:30,Orense,2.0,SD Aucas,2.0,,Estadio 9 de Mayo,Roddy Zambrano,,https://fbref.com/en/matches/c455d9ba/Orense-SD-Aucas-September-19-2020-Serie-A
Liga Profesional Ecuador,M,ECU,2020,1st,First Phase,13,Sat,2020-09-19,18:00,CS Emelec,1.0,LDU de Quito,1.0,,Estadio Banco del Pacífico,Jaime Sánchez,,https://fbref.com/en/matches/d90e5a50/CS-Emelec-LDU-de-Quito-September-19-2020-Serie-A
Liga Profesional Ecuador,M,ECU,2020,1st,First Phase,13,Sun,2020-09-20,13:30,Univ Católica,2.0,Técnico Univ.,1.0,,Estadio Olímpico Atahualpa,Mario Romero,,https://fbref.com/en/matches/f51d1cf3/Univ-Catolica-Tecnico-Univ-September-20-2020-Serie-A
Liga Profesional Ecuador,M,ECU,2020,1st,First Phase,13,Sun,2020-09-20,18:00,Delfín SC,4.0,Mushuc Runa,1.0,,Estadio Jocay,Juan Andrade,,https://fbref.com/en/matches/a78a2b87/Delfin-SC-Mushuc-Runa-September-20-2020-Serie-A
Liga Profesional Ecuador,M,ECU,2020,1st,First Phase,14,Fri,2020-09-25,16:30,El Nacional,2.0,Orense,2.0,,Estadio Olímpico Atahualpa,Alex Cajas,,https://fbref.com/en/matches/b97b9a58/El-Nacional-Orense-September-25-2020-Serie-A
Liga Profesional Ecuador,M,ECU,2020,1st,First Phase,14,Sat,2020-09-26,14:45,Mushuc Runa,2.0,Guayaquil City,1.0,,Estadio del Mushuc Runa Sporting Club,Jaime Sánchez,,https://fbref.com/en/matches/f6b51d1b/Mushuc-Runa-Guayaquil-City-September-26-2020-Serie-A
Liga Profesional Ecuador,M,ECU,2020,1st,First Phase,14,Sat,2020-09-26,17:00,CD Olmedo,3.0,SD Aucas,2.0,,Estadio Olímpico de Riobamba,Juan Andrade,,https://fbref.com/en/matches/4928a946/CD-Olmedo-SD-Aucas-September-26-2020-Serie-A
Liga Profesional Ecuador,M,ECU,2020,1st,First Phase,14,Sat,2020-09-26,19:30,Independiente,1.0,Barcelona SC,1.0,,Estadio Olímpico Atahualpa,René Marín,,https://fbref.com/en/matches/bf7a4e8a/Independiente-Barcelona-SC-September-26-2020-Serie-A
Liga Profesional Ecuador,M,ECU,2020,1st,First Phase,14,Sat,2020-09-26,19:30,Técnico Univ.,0.0,LDU de Quito,5.0,,Estadio Bellavista de Ambato,Marlon Vera,,https://fbref.com/en/matches/c1090196/Tecnico-Univ-LDU-de-Quito-September-26-2020-Serie-A
Liga Profesional Ecuador,M,ECU,2020,1st,First Phase,14,Sun,2020-09-27,15:30,Delfín SC,0.0,Univ Católica,0.0,,Estadio Jocay,Roddy Zambrano,,https://fbref.com/en/matches/4f641c49/Delfin-SC-Univ-Catolica-September-27-2020-Serie-A
Liga Profesional Ecuador,M,ECU,2020,1st,First Phase,14,Sun,2020-09-27,18:00,CS Emelec,2.0,CD Cuenca,0.0,,Estadio Banco del Pacífico,Mario Romero,,https://fbref.com/en/matches/5a9520f9/CS-Emelec-CD-Cuenca-September-27-2020-Serie-A
Liga Profesional Ecuador,M,ECU,2020,1st,First Phase,14,Mon,2020-09-28,18:15,LDU Portoviejo,2.0,Macará,2.0,,Estadio Reales Tamarindos,Franklin Congo,,https://fbref.com/en/matches/b45f88a9/LDU-Portoviejo-Macara-September-28-2020-Serie-A
Liga Profesional Ecuador,M,ECU,2020,1st,First Phase,13,Wed,2020-09-30,17:00,Guayaquil City,2.0,El Nacional,1.0,,Estadio Christian Benítez Betancourt,Jefferson Macias,,https://fbref.com/en/matches/14a70831/Guayaquil-City-El-Nacional-September-30-2020-Serie-A
Liga Profesional Ecuador,M,ECU,2020,1st,First Phase,15,Fri,2020-10-02,16:30,CD Cuenca,0.0,CD Olmedo,3.0,,Estadio Alejandro Serrano Aguilar,,Match awarded to CD Olmedo,https://fbref.com/en/matches/70577c21/CD-Cuenca-CD-Olmedo-October-2-2020-Serie-A
Liga Profesional Ecuador,M,ECU,2020,1st,First Phase,15,Fri,2020-10-02,19:00,SD Aucas,4.0,LDU Portoviejo,1.0,,Estadio Gonzalo Pozo Ripalda,Henri Arizaga,,https://fbref.com/en/matches/8955af67/SD-Aucas-LDU-Portoviejo-October-2-2020-Serie-A
Liga Profesional Ecuador,M,ECU,2020,1st,First Phase,15,Sat,2020-10-03,15:30,Orense,1.0,Independiente,3.0,,Estadio 9 de Mayo,Franklin Congo,,https://fbref.com/en/matches/4e6a63e6/Orense-Independiente-October-3-2020-Serie-A
Liga Profesional Ecuador,M,ECU,2020,1st,First Phase,15,Sat,2020-10-03,15:30,LDU de Quito,2.0,Mushuc Runa,0.0,,Estadio Rodrigo Paz Delgado,Alex Cajas,,https://fbref.com/en/matches/538f2d1b/LDU-de-Quito-Mushuc-Runa-October-3-2020-Serie-A
Liga Profesional Ecuador,M,ECU,2020,1st,First Phase,15,Sat,2020-10-03,18:30,Barcelona SC,0.0,El Nacional,0.0,,Estadio Monumental Isidro Romero Carbo,Jaime Sánchez,,https://fbref.com/en/matches/c2a0071c/Barcelona-SC-El-Nacional-October-3-2020-Serie-A
Liga Profesional Ecuador,M,ECU,2020,1st,First Phase,15,Sun,2020-10-04,13:15,Macará,5.0,Delfín SC,1.0,,Estadio Bellavista de Ambato,Luis Quiroz,,https://fbref.com/en/matches/238d862a/Macara-Delfin-SC-October-4-2020-Serie-A
Liga Profesional Ecuador,M,ECU,2020,1st,First Phase,15,Sun,2020-10-04,15:30,Guayaquil City,1.0,Técnico Univ.,0.0,,Estadio Christian Benítez Betancourt,Juan Andrade,,https://fbref.com/en/matches/286eb2e1/Guayaquil-City-Tecnico-Univ-October-4-2020-Serie-A
Liga Profesional Ecuador,M,ECU,2020,1st,First Phase,15,Sun,2020-10-04,18:00,Univ Católica,4.0,CS Emelec,1.0,,Estadio Olímpico Atahualpa,Roberto Sánchez,,https://fbref.com/en/matches/4b296718/Univ-Catolica-CS-Emelec-October-4-2020-Serie-A
Liga Profesional Ecuador,M,ECU,2020,1st,Second Phase,1,Wed,2020-10-14,11:15,Mushuc Runa,3.0,Independiente,2.0,,Estadio del Mushuc Runa Sporting Club,Carlos Orbe,,https://fbref.com/en/matches/0c3f68e0/Mushuc-Runa-Independiente-October-14-2020-Serie-A
Liga Profesional Ecuador,M,ECU,2020,1st,Second Phase,1,Wed,2020-10-14,13:30,Delfín SC,2.0,SD Aucas,2.0,,Estadio Jocay,René Marín,,https://fbref.com/en/matches/2137eace/Delfin-SC-SD-Aucas-October-14-2020-Serie-A
Liga Profesional Ecuador,M,ECU,2020,1st,Second Phase,1,Wed,2020-10-14,16:00,LDU de Quito,5.0,CD Cuenca,0.0,,Estadio Rodrigo Paz Delgado,Roberto Sánchez,,https://fbref.com/en/matches/a83b4906/LDU-de-Quito-CD-Cuenca-October-14-2020-Serie-A
Liga Profesional Ecuador,M,ECU,2020,1st,Second Phase,1,Wed,2020-10-14,18:30,Técnico Univ.,0.0,Barcelona SC,2.0,,Estadio Bellavista de Ambato,Marlon Vera,,https://fbref.com/en/matches/e53d11be/Tecnico-Univ-Barcelona-SC-October-14-2020-Serie-A
Liga Profesional Ecuador,M,ECU,2020,1st,Second Phase,1,Wed,2020-10-14,21:00,CS Emelec,1.0,Orense,0.0,,Estadio Banco del Pacífico,Augusto Aragón,,https://fbref.com/en/matches/92594342/CS-Emelec-Orense-October-14-2020-Serie-A
Liga Profesional Ecuador,M,ECU,2020,1st,Second Phase,1,Thu,2020-10-15,14:15,CD Olmedo,1.0,Guayaquil City,2.0,,Estadio Olímpico de Riobamba,Luis Quiroz,,https://fbref.com/en/matches/99bd2241/CD-Olmedo-Guayaquil-City-October-15-2020-Serie-A
Liga Profesional Ecuador,M,ECU,2020,1st,Second Phase,1,Thu,2020-10-15,16:30,LDU Portoviejo,3.0,El Nacional,0.0,,Estadio Reales Tamarindos,Guillermo Guerrero,,https://fbref.com/en/matches/4cacd208/LDU-Portoviejo-El-Nacional-October-15-2020-Serie-A
Liga Profesional Ecuador,M,ECU,2020,1st,Second Phase,1,Thu,2020-10-15,19:00,Univ Católica,2.0,Macará,1.0,,Estadio Olímpico Atahualpa,Franklin Congo,,https://fbref.com/en/matches/b4d39818/Univ-Catolica-Macara-October-15-2020-Serie-A
Liga Profesional Ecuador,M,ECU,2020,1st,Second Phase,2,Sat,2020-10-17,14:30,SD Aucas,2.0,Técnico Univ.,1.0,,Estadio Gonzalo Pozo Ripalda,Roberto Sánchez,,https://fbref.com/en/matches/4daa2482/SD-Aucas-Tecnico-Univ-October-17-2020-Serie-A
Liga Profesional Ecuador,M,ECU,2020,1st,Second Phase,2,Sat,2020-10-17,17:00,Independiente,3.0,LDU de Quito,2.0,,Estadio Olímpico Atahualpa,Marlon Vera,,https://fbref.com/en/matches/42516219/Independiente-LDU-de-Quito-October-17-2020-Serie-A
Liga Profesional Ecuador,M,ECU,2020,1st,Second Phase,2,Sat,2020-10-17,19:30,Barcelona SC,1.0,Delfín SC,0.0,,Estadio Banco del Pacífico,Augusto Aragón,,https://fbref.com/en/matches/ec5134ac/Barcelona-SC-Delfin-SC-October-17-2020-Serie-A
Liga Profesional Ecuador,M,ECU,2020,1st,Second Phase,2,Sun,2020-10-18,13:00,El Nacional,2.0,Mushuc Runa,1.0,,Estadio Olímpico Atahualpa,Franklin Congo,,https://fbref.com/en/matches/3c43dd43/El-Nacional-Mushuc-Runa-October-18-2020-Serie-A
Liga Profesional Ecuador,M,ECU,2020,1st,Second Phase,2,Sun,2020-10-18,15:30,Orense,1.0,Univ Católica,1.0,,Estadio 9 de Mayo,Roddy Zambrano,,https://fbref.com/en/matches/b51a72fa/Orense-Univ-Catolica-October-18-2020-Serie-A
Liga Profesional Ecuador,M,ECU,2020,1st,Second Phase,2,Sun,2020-10-18,18:00,Macará,1.0,CD Olmedo,0.0,,Estadio Bellavista de Ambato,Carlos Orbe,,https://fbref.com/en/matches/5b420330/Macara-CD-Olmedo-October-18-2020-Serie-A
Liga Profesional Ecuador,M,ECU,2020,1st,Second Phase,2,Mon,2020-10-19,15:30,Guayaquil City,1.0,CS Emelec,0.0,,Estadio Christian Benítez Betancourt,Guillermo Guerrero,,https://fbref.com/en/matches/7c656ea1/Guayaquil-City-CS-Emelec-October-19-2020-Serie-A
Liga Profesional Ecuador,M,ECU,2020,1st,Second Phase,2,Mon,2020-10-19,18:00,CD Cuenca,2.0,LDU Portoviejo,1.0,,Estadio Alejandro Serrano Aguilar,Jaime Sánchez,,https://fbref.com/en/matches/bb699c94/CD-Cuenca-LDU-Portoviejo-October-19-2020-Serie-A
Liga Profesional Ecuador,M,ECU,2020,1st,Second Phase,3,Fri,2020-10-23,15:30,Mushuc Runa,1.0,SD Aucas,4.0,,Estadio Bellavista de Ambato,Juan Andrade,,https://fbref.com/en/matches/0734c274/Mushuc-Runa-SD-Aucas-October-23-2020-Serie-A
Liga Profesional Ecuador,M,ECU,2020,1st,Second Phase,3,Fri,2020-10-23,19:00,Univ Católica,0.0,CD Cuenca,1.0,,Estadio Olímpico Atahualpa,Mario Romero,,https://fbref.com/en/matches/528e04b9/Univ-Catolica-CD-Cuenca-October-23-2020-Serie-A
Liga Profesional Ecuador,M,ECU,2020,1st,Second Phase,3,Sat,2020-10-24,15:30,CS Emelec,0.0,Macará,0.0,,Estadio Banco del Pacífico,Luis Quiroz,,https://fbref.com/en/matches/b8c17f42/CS-Emelec-Macara-October-24-2020-Serie-A
Liga Profesional Ecuador,M,ECU,2020,1st,Second Phase,3,Sat,2020-10-24,18:00,Técnico Univ.,1.0,Delfín SC,1.0,,Estadio Bellavista de Ambato,Gabriel González,,https://fbref.com/en/matches/234483ea/Tecnico-Univ-Delfin-SC-October-24-2020-Serie-A
Liga Profesional Ecuador,M,ECU,2020,1st,Second Phase,3,Sat,2020-10-24,20:30,LDU de Quito,1.0,El Nacional,0.0,,Estadio Rodrigo Paz Delgado,Augusto Aragón,,https://fbref.com/en/matches/41ac4797/LDU-de-Quito-El-Nacional-October-24-2020-Serie-A
Liga Profesional Ecuador,M,ECU,2020,1st,Second Phase,3,Sun,2020-10-25,15:30,CD Olmedo,2.0,Independiente,1.0,,Estadio Olímpico de Riobamba,Alex Cajas,,https://fbref.com/en/matches/b9649b44/CD-Olmedo-Independiente-October-25-2020-Serie-A
Liga Profesional Ecuador,M,ECU,2020,1st,Second Phase,3,Sun,2020-10-25,18:00,LDU Portoviejo,0.0,Barcelona SC,2.0,,Estadio Reales Tamarindos,Diego Lara,,https://fbref.com/en/matches/5344afdf/LDU-Portoviejo-Barcelona-SC-October-25-2020-Serie-A
Liga Profesional Ecuador,M,ECU,2020,1st,Second Phase,3,Mon,2020-10-26,17:30,Guayaquil City,1.0,Orense,1.0,,Estadio Christian Benítez Betancourt,Roberto Sánchez,,https://fbref.com/en/matches/8d4cd3a1/Guayaquil-City-Orense-October-26-2020-Serie-A
Liga Profesional Ecuador,M,ECU,2020,1st,Second Phase,4,Fri,2020-10-30,19:00,CD Cuenca,0.0,El Nacional,0.0,,Estadio Alejandro Serrano Aguilar,Carlos Orbe,,https://fbref.com/en/matches/d1493237/CD-Cuenca-El-Nacional-October-30-2020-Serie-A
Liga Profesional Ecuador,M,ECU,2020,1st,Second Phase,4,Sat,2020-10-31,13:15,Mushuc Runa,0.0,Técnico Univ.,1.0,,Estadio Bellavista de Ambato,Henri Arizaga,,https://fbref.com/en/matches/293532f1/Mushuc-Runa-Tecnico-Univ-October-31-2020-Serie-A
Liga Profesional Ecuador,M,ECU,2020,1st,Second Phase,4,Sat,2020-10-31,15:30,Delfín SC,4.0,LDU Portoviejo,2.0,,Estadio Jocay,Guillermo Guerrero,,https://fbref.com/en/matches/f3838245/Delfin-SC-LDU-Portoviejo-October-31-2020-Serie-A
Liga Profesional Ecuador,M,ECU,2020,1st,Second Phase,4,Sat,2020-10-31,18:00,Univ Católica,3.0,Independiente,1.0,,Estadio Olímpico Atahualpa,Gabriel González,,https://fbref.com/en/matches/8f3ffd95/Univ-Catolica-Independiente-October-31-2020-Serie-A
Liga Profesional Ecuador,M,ECU,2020,1st,Second Phase,4,Sun,2020-11-01,13:00,Orense,2.0,CD Olmedo,1.0,,Estadio 9 de Mayo,Mario Romero,,https://fbref.com/en/matches/befe2762/Orense-CD-Olmedo-November-1-2020-Serie-A
Liga Profesional Ecuador,M,ECU,2020,1st,Second Phase,4,Sun,2020-11-01,15:15,SD Aucas,1.0,CS Emelec,1.0,,Estadio Gonzalo Pozo Ripalda,Alex Cajas,,https://fbref.com/en/matches/c65b86fa/SD-Aucas-CS-Emelec-November-1-2020-Serie-A
Liga Profesional Ecuador,M,ECU,2020,1st,Second Phase,4,Sun,2020-11-01,18:00,Barcelona SC,2.0,LDU de Quito,2.0,,Estadio Alejandro Ponce Noboa,René Marín,,https://fbref.com/en/matches/900e702f/Barcelona-SC-LDU-de-Quito-November-1-2020-Serie-A
Liga Profesional Ecuador,M,ECU,2020,1st,Second Phase,4,Mon,2020-11-02,18:30,Macará,1.0,Guayaquil City,1.0,,Estadio Bellavista de Ambato,Diego Lara,,https://fbref.com/en/matches/26cc7dbd/Macara-Guayaquil-City-November-2-2020-Serie-A
Liga Profesional Ecuador,M,ECU,2020,1st,Second Phase,5,Thu,2020-11-05,16:30,Macará,0.0,Mushuc Runa,3.0,,Estadio Bellavista de Ambato,Carlos Orbe,,https://fbref.com/en/matches/d1daab3c/Macara-Mushuc-Runa-November-5-2020-Serie-A
Liga Profesional Ecuador,M,ECU,2020,1st,Second Phase,5,Thu,2020-11-05,19:00,Independiente,2.0,CD Cuenca,1.0,,Estadio Olímpico Atahualpa,Jefferson Macias,,https://fbref.com/en/matches/db8ae8c1/Independiente-CD-Cuenca-November-5-2020-Serie-A
Liga Profesional Ecuador,M,ECU,2020,1st,Second Phase,5,Fri,2020-11-06,14:00,El Nacional,1.0,Delfín SC,3.0,,Estadio Olímpico Atahualpa,René Marín,,https://fbref.com/en/matches/529d5145/El-Nacional-Delfin-SC-November-6-2020-Serie-A
Liga Profesional Ecuador,M,ECU,2020,1st,Second Phase,5,Fri,2020-11-06,16:30,LDU de Quito,4.0,Orense,0.0,,Estadio Rodrigo Paz Delgado,Roddy Zambrano,,https://fbref.com/en/matches/104e71d8/LDU-de-Quito-Orense-November-6-2020-Serie-A
Liga Profesional Ecuador,M,ECU,2020,1st,Second Phase,5,Fri,2020-11-06,19:00,CD Olmedo,1.0,Barcelona SC,0.0,,Estadio Olímpico de Riobamba,Guillermo Guerrero,,https://fbref.com/en/matches/2d85420c/CD-Olmedo-Barcelona-SC-November-6-2020-Serie-A
Liga Profesional Ecuador,M,ECU,2020,1st,Second Phase,5,Sat,2020-11-07,16:30,LDU Portoviejo,0.0,Técnico Univ.,2.0,,Estadio Reales Tamarindos,Augusto Aragón,,https://fbref.com/en/matches/926f45ef/LDU-Portoviejo-Tecnico-Univ-November-7-2020-Serie-A
Liga Profesional Ecuador,M,ECU,2020,1st,Second Phase,5,Sat,2020-11-07,19:00,Guayaquil City,4.0,SD Aucas,2.0,,Estadio Christian Benítez Betancourt,Juan Andrade,,https://fbref.com/en/matches/26c9cc33/Guayaquil-City-SD-Aucas-November-7-2020-Serie-A
Liga Profesional Ecuador,M,ECU,2020,1st,Second Phase,5,Sun,2020-11-08,18:00,CS Emelec,2.0,Univ Católica,0.0,,Estadio Banco del Pacífico,Franklin Congo,,https://fbref.com/en/matches/816d4f55/CS-Emelec-Univ-Catolica-November-8-2020-Serie-A
Liga Profesional Ecuador,M,ECU,2020,1st,Second Phase,6,Tue,2020-11-10,12:15,Orense,1.0,CD Cuenca,1.0,,Estadio 9 de Mayo,Henri Arizaga,,https://fbref.com/en/matches/dc644dd9/Orense-CD-Cuenca-November-10-2020-Serie-A
Liga Profesional Ecuador,M,ECU,2020,1st,Second Phase,6,Tue,2020-11-10,14:30,Técnico Univ.,1.0,El Nacional,0.0,,Estadio Bellavista de Ambato,Juan Andrade,,https://fbref.com/en/matches/ff75c415/Tecnico-Univ-El-Nacional-November-10-2020-Serie-A
Liga Profesional Ecuador,M,ECU,2020,1st,Second Phase,6,Tue,2020-11-10,16:45,Delfín SC,1.0,Macará,2.0,,Estadio Jocay,Franklin Congo,,https://fbref.com/en/matches/67c767f7/Delfin-SC-Macara-November-10-2020-Serie-A
Liga Profesional Ecuador,M,ECU,2020,1st,Second Phase,6,Tue,2020-11-10,19:00,Barcelona SC,2.0,Independiente,0.0,,Estadio Monumental Isidro Romero Carbo,Augusto Aragón,,https://fbref.com/en/matches/53112d3a/Barcelona-SC-Independiente-November-10-2020-Serie-A
Liga Profesional Ecuador,M,ECU,2020,1st,Second Phase,6,Wed,2020-11-11,12:15,SD Aucas,3.0,CD Olmedo,3.0,,Estadio Gonzalo Pozo Ripalda,Roberto Sánchez,,https://fbref.com/en/matches/e51e4356/SD-Aucas-CD-Olmedo-November-11-2020-Serie-A
Liga Profesional Ecuador,M,ECU,2020,1st,Second Phase,6,Wed,2020-11-11,14:30,Mushuc Runa,1.0,LDU de Quito,2.0,,Estadio del Mushuc Runa Sporting Club,Guillermo Guerrero,,https://fbref.com/en/matches/43ea82b2/Mushuc-Runa-LDU-de-Quito-November-11-2020-Serie-A
Liga Profesional Ecuador,M,ECU,2020,1st,Second Phase,6,Wed,2020-11-11,16:45,Univ Católica,2.0,Guayaquil City,1.0,,Estadio Olímpico Atahualpa,Mario Romero,,https://fbref.com/en/matches/cd182c0f/Univ-Catolica-Guayaquil-City-November-11-2020-Serie-A
Liga Profesional Ecuador,M,ECU,2020,1st,Second Phase,6,Wed,2020-11-11,19:00,LDU Portoviejo,0.0,CS Emelec,6.0,,Estadio Reales Tamarindos,Luis Quiroz,,https://fbref.com/en/matches/a923d453/LDU-Portoviejo-CS-Emelec-November-11-2020-Serie-A
Liga Profesional Ecuador,M,ECU,2020,1st,Second Phase,7,Fri,2020-11-13,19:00,CD Cuenca,2.0,Delfín SC,1.0,,Estadio Alejandro Serrano Aguilar,Guillermo Guerrero,,https://fbref.com/en/matches/f629b934/CD-Cuenca-Delfin-SC-November-13-2020-Serie-A
Liga Profesional Ecuador,M,ECU,2020,1st,Second Phase,7,Sat,2020-11-14,13:00,Guayaquil City,3.0,Mushuc Runa,2.0,,Estadio Christian Benítez Betancourt,Augusto Aragón,,https://fbref.com/en/matches/87904852/Guayaquil-City-Mushuc-Runa-November-14-2020-Serie-A
Liga Profesional Ecuador,M,ECU,2020,1st,Second Phase,7,Sat,2020-11-14,18:15,Macará,0.0,Orense,1.0,,Estadio Bellavista de Ambato,Jaime Sánchez,,https://fbref.com/en/matches/699e8bfb/Macara-Orense-November-14-2020-Serie-A
Liga Profesional Ecuador,M,ECU,2020,1st,Second Phase,7,Sat,2020-11-14,20:30,LDU de Quito,4.0,SD Aucas,1.0,,Estadio Rodrigo Paz Delgado,Franklin Congo,,https://fbref.com/en/matches/00aaa551/LDU-de-Quito-SD-Aucas-November-14-2020-Serie-A
Liga Profesional Ecuador,M,ECU,2020,1st,Second Phase,7,Sun,2020-11-15,12:15,CD Olmedo,2.0,Univ Católica,1.0,,Estadio Olímpico de Riobamba,Alex Cajas,,https://fbref.com/en/matches/edc273b1/CD-Olmedo-Univ-Catolica-November-15-2020-Serie-A
Liga Profesional Ecuador,M,ECU,2020,1st,Second Phase,7,Sun,2020-11-15,14:30,Independiente,2.0,LDU Portoviejo,3.0,,Estadio Olímpico Atahualpa,Roddy Zambrano,,https://fbref.com/en/matches/baddeab8/Independiente-LDU-Portoviejo-November-15-2020-Serie-A
Liga Profesional Ecuador,M,ECU,2020,1st,Second Phase,7,Sun,2020-11-15,16:45,CS Emelec,1.0,Técnico Univ.,1.0,,Estadio Banco del Pacífico,Mario Romero,,https://fbref.com/en/matches/ef510dd0/CS-Emelec-Tecnico-Univ-November-15-2020-Serie-A
Liga Profesional Ecuador,M,ECU,2020,1st,Second Phase,7,Sun,2020-11-15,19:00,El Nacional,1.0,Barcelona SC,1.0,,Estadio Olímpico Atahualpa,Carlos Orbe,,https://fbref.com/en/matches/66abcee4/El-Nacional-Barcelona-SC-November-15-2020-Serie-A
Liga Profesional Ecuador,M,ECU,2020,1st,Second Phase,8,Wed,2020-11-18,12:15,SD Aucas,3.0,Independiente,3.0,,Estadio Gonzalo Pozo Ripalda,Carlos Orbe,,https://fbref.com/en/matches/e3823fa4/SD-Aucas-Independiente-November-18-2020-Serie-A
Liga Profesional Ecuador,M,ECU,2020,1st,Second Phase,8,Wed,2020-11-18,14:30,Delfín SC,1.0,Guayaquil City,1.0,,Estadio Jocay,Henri Arizaga,,https://fbref.com/en/matches/108ed0a3/Delfin-SC-Guayaquil-City-November-18-2020-Serie-A
Liga Profesional Ecuador,M,ECU,2020,1st,Second Phase,8,Wed,2020-11-18,16:45,Técnico Univ.,0.0,Macará,1.0,,Estadio Bellavista de Ambato,Guillermo Guerrero,,https://fbref.com/en/matches/9d258203/Tecnico-Univ-Macara-November-18-2020-Serie-A
Liga Profesional Ecuador,M,ECU,2020,1st,Second Phase,8,Wed,2020-11-18,19:00,LDU de Quito,1.0,CS Emelec,2.0,,Estadio Rodrigo Paz Delgado,Augusto Aragón,,https://fbref.com/en/matches/939d7bb7/LDU-de-Quito-CS-Emelec-November-18-2020-Serie-A
Liga Profesional Ecuador,M,ECU,2020,1st,Second Phase,8,Thu,2020-11-19,12:15,Mushuc Runa,1.0,CD Olmedo,1.0,,Estadio del Mushuc Runa Sporting Club,René Marín,,https://fbref.com/en/matches/d019d0f3/Mushuc-Runa-CD-Olmedo-November-19-2020-Serie-A
Liga Profesional Ecuador,M,ECU,2020,1st,Second Phase,8,Thu,2020-11-19,14:30,El Nacional,0.0,Univ Católica,2.0,,Estadio Olímpico Atahualpa,Jefferson Macias,,https://fbref.com/en/matches/d96c1826/El-Nacional-Univ-Catolica-November-19-2020-Serie-A
Liga Profesional Ecuador,M,ECU,2020,1st,Second Phase,8,Thu,2020-11-19,16:45,LDU Portoviejo,1.0,Orense,2.0,,Estadio Reales Tamarindos,Franklin Congo,,https://fbref.com/en/matches/50ab86d1/LDU-Portoviejo-Orense-November-19-2020-Serie-A
Liga Profesional Ecuador,M,ECU,2020,1st,Second Phase,8,Thu,2020-11-19,19:00,Barcelona SC,2.0,CD Cuenca,0.0,,Estadio Monumental Isidro Romero Carbo,Juan Andrade,,https://fbref.com/en/matches/9abe4d60/Barcelona-SC-CD-Cuenca-November-19-2020-Serie-A
Liga Profesional Ecuador,M,ECU,2020,1st,Second Phase,9,Sat,2020-11-21,17:30,Independiente,1.0,Técnico Univ.,0.0,,Estadio Olímpico Atahualpa,Marlon Vera,,https://fbref.com/en/matches/59ce1e21/Independiente-Tecnico-Univ-November-21-2020-Serie-A
Liga Profesional Ecuador,M,ECU,2020,1st,Second Phase,9,Sat,2020-11-21,20:00,Guayaquil City,1.0,LDU de Quito,1.0,,Estadio Christian Benítez Betancourt,Carlos Orbe,,https://fbref.com/en/matches/9035e27a/Guayaquil-City-LDU-de-Quito-November-21-2020-Serie-A
Liga Profesional Ecuador,M,ECU,2020,1st,Second Phase,9,Sun,2020-11-22,13:15,CD Olmedo,1.0,El Nacional,2.0,,Estadio Olímpico de Riobamba,Luis Quiroz,,https://fbref.com/en/matches/bcee8d26/CD-Olmedo-El-Nacional-November-22-2020-Serie-A
Liga Profesional Ecuador,M,ECU,2020,1st,Second Phase,9,Sun,2020-11-22,15:30,CD Cuenca,3.0,SD Aucas,3.0,,Estadio Alejandro Serrano Aguilar,Henri Arizaga,,https://fbref.com/en/matches/0eb17793/CD-Cuenca-SD-Aucas-November-22-2020-Serie-A
Liga Profesional Ecuador,M,ECU,2020,1st,Second Phase,9,Sun,2020-11-22,18:00,CS Emelec,3.0,Delfín SC,2.0,,Estadio Banco del Pacífico,Franklin Congo,,https://fbref.com/en/matches/3e36b45d/CS-Emelec-Delfin-SC-November-22-2020-Serie-A
Liga Profesional Ecuador,M,ECU,2020,1st,Second Phase,9,Mon,2020-11-23,13:00,Univ Católica,1.0,Mushuc Runa,1.0,,Estadio Olímpico Atahualpa,Jaime Sánchez,,https://fbref.com/en/matches/69661b26/Univ-Catolica-Mushuc-Runa-November-23-2020-Serie-A
Liga Profesional Ecuador,M,ECU,2020,1st,Second Phase,9,Mon,2020-11-23,15:30,Orense,0.0,Barcelona SC,0.0,,Estadio 9 de Mayo,Mario Romero,,https://fbref.com/en/matches/4ec0a2a6/Orense-Barcelona-SC-November-23-2020-Serie-A
Liga Profesional Ecuador,M,ECU,2020,1st,Second Phase,9,Mon,2020-11-23,18:00,Macará,1.0,LDU Portoviejo,0.0,,Estadio Bellavista de Ambato,René Marín,,https://fbref.com/en/matches/0b0bfa55/Macara-LDU-Portoviejo-November-23-2020-Serie-A
Liga Profesional Ecuador,M,ECU,2020,1st,Second Phase,10,Fri,2020-11-27,16:30,LDU de Quito,3.0,CD Olmedo,0.0,,Estadio Rodrigo Paz Delgado,Gabriel González,,https://fbref.com/en/matches/0583c268/LDU-de-Quito-CD-Olmedo-November-27-2020-Serie-A
Liga Profesional Ecuador,M,ECU,2020,1st,Second Phase,10,Fri,2020-11-27,19:00,Mushuc Runa,2.0,CS Emelec,3.0,,Estadio Bellavista de Ambato,René Marín,,https://fbref.com/en/matches/e0bb7399/Mushuc-Runa-CS-Emelec-November-27-2020-Serie-A
Liga Profesional Ecuador,M,ECU,2020,1st,Second Phase,10,Sat,2020-11-28,15:30,Técnico Univ.,1.0,CD Cuenca,1.0,,Estadio Bellavista de Ambato,Alex Cajas,,https://fbref.com/en/matches/85dd87a7/Tecnico-Univ-CD-Cuenca-November-28-2020-Serie-A
Liga Profesional Ecuador,M,ECU,2020,1st,Second Phase,10,Sat,2020-11-28,18:00,Delfín SC,1.0,Independiente,0.0,,Estadio Jocay,Luis Quiroz,,https://fbref.com/en/matches/240d136f/Delfin-SC-Independiente-November-28-2020-Serie-A
Liga Profesional Ecuador,M,ECU,2020,1st,Second Phase,10,Sat,2020-11-28,20:30,El Nacional,0.0,Guayaquil City,3.0,,Estadio Olímpico Atahualpa,,Match awarded to Guayaquil City,https://fbref.com/en/matches/93b16321/El-Nacional-Guayaquil-City-November-28-2020-Serie-A
Liga Profesional Ecuador,M,ECU,2020,1st,Second Phase,10,Sun,2020-11-29,13:00,SD Aucas,4.0,Orense,1.0,,Estadio Gonzalo Pozo Ripalda,Jefferson Macias,,https://fbref.com/en/matches/abaa4d44/SD-Aucas-Orense-November-29-2020-Serie-A
Liga Profesional Ecuador,M,ECU,2020,1st,Second Phase,10,Sun,2020-11-29,15:30,LDU Portoviejo,2.0,Univ Católica,1.0,,Estadio Reales Tamarindos,Roberto Sánchez,,https://fbref.com/en/matches/6cdcccc6/LDU-Portoviejo-Univ-Catolica-November-29-2020-Serie-A
Liga Profesional Ecuador,M,ECU,2020,1st,Second Phase,10,Sun,2020-11-29,18:00,Barcelona SC,3.0,Macará,0.0,,Estadio Monumental Isidro Romero Carbo,Jaime Sánchez,,https://fbref.com/en/matches/36f355ae/Barcelona-SC-Macara-November-29-2020-Serie-A
Liga Profesional Ecuador,M,ECU,2020,1st,Second Phase,11,Fri,2020-12-04,16:30,CD Olmedo,0.0,Técnico Univ.,0.0,,Estadio Olímpico de Riobamba,Carlos Orbe,,https://fbref.com/en/matches/df0e737f/CD-Olmedo-Tecnico-Univ-December-4-2020-Serie-A
Liga Profesional Ecuador,M,ECU,2020,1st,Second Phase,11,Fri,2020-12-04,19:00,CD Cuenca,1.0,Mushuc Runa,0.0,,Estadio Alejandro Serrano Aguilar,Marlon Vera,,https://fbref.com/en/matches/c7cd77d5/CD-Cuenca-Mushuc-Runa-December-4-2020-Serie-A
Liga Profesional Ecuador,M,ECU,2020,1st,Second Phase,11,Sat,2020-12-05,15:15,Orense,1.0,Delfín SC,1.0,,Estadio 9 de Mayo,Jaime Sánchez,,https://fbref.com/en/matches/5790cddc/Orense-Delfin-SC-December-5-2020-Serie-A
Liga Profesional Ecuador,M,ECU,2020,1st,Second Phase,11,Sat,2020-12-05,17:30,Macará,2.0,SD Aucas,1.0,,Estadio Bellavista de Ambato,Juan Andrade,,https://fbref.com/en/matches/5c1e2277/Macara-SD-Aucas-December-5-2020-Serie-A
Liga Profesional Ecuador,M,ECU,2020,1st,Second Phase,11,Sat,2020-12-05,20:00,Univ Católica,2.0,LDU de Quito,0.0,,Estadio Olímpico Atahualpa,René Marín,,https://fbref.com/en/matches/2ce3ca45/Univ-Catolica-LDU-de-Quito-December-5-2020-Serie-A
Liga Profesional Ecuador,M,ECU,2020,1st,Second Phase,11,Sun,2020-12-06,13:45,Independiente,2.0,El Nacional,0.0,,Estadio Olímpico Atahualpa,Henri Arizaga,,https://fbref.com/en/matches/77669dbd/Independiente-El-Nacional-December-6-2020-Serie-A
Liga Profesional Ecuador,M,ECU,2020,1st,Second Phase,11,Sun,2020-12-06,16:00,Guayaquil City,3.0,LDU Portoviejo,1.0,,Estadio Christian Benítez Betancourt,Augusto Aragón,,https://fbref.com/en/matches/ee907e06/Guayaquil-City-LDU-Portoviejo-December-6-2020-Serie-A
Liga Profesional Ecuador,M,ECU,2020,1st,Second Phase,11,Sun,2020-12-06,19:00,CS Emelec,1.0,Barcelona SC,1.0,,Estadio Banco del Pacífico,Guillermo Guerrero,,https://fbref.com/en/matches/aad0c74b/CS-Emelec-Barcelona-SC-December-6-2020-Serie-A
Liga Profesional Ecuador,M,ECU,2020,1st,Second Phase,12,Tue,2020-12-08,13:15,Mushuc Runa,0.0,Orense,0.0,,Estadio del Mushuc Runa Sporting Club,Roberto Sánchez,,https://fbref.com/en/matches/b63fb74d/Mushuc-Runa-Orense-December-8-2020-Serie-A
Liga Profesional Ecuador,M,ECU,2020,1st,Second Phase,12,Tue,2020-12-08,15:30,CD Cuenca,2.0,Macará,1.0,,Estadio Alejandro Serrano Aguilar,Diego Lara,,https://fbref.com/en/matches/48fb683f/CD-Cuenca-Macara-December-8-2020-Serie-A
Liga Profesional Ecuador,M,ECU,2020,1st,Second Phase,12,Tue,2020-12-08,17:45,Técnico Univ.,1.0,Univ Católica,0.0,,Estadio Bellavista de Ambato,Roddy Zambrano,,https://fbref.com/en/matches/360c12ba/Tecnico-Univ-Univ-Catolica-December-8-2020-Serie-A
Liga Profesional Ecuador,M,ECU,2020,1st,Second Phase,12,Tue,2020-12-08,20:00,Delfín SC,3.0,CD Olmedo,1.0,,Estadio Jocay,Mario Romero,,https://fbref.com/en/matches/e2e2b3ce/Delfin-SC-CD-Olmedo-December-8-2020-Serie-A
Liga Profesional Ecuador,M,ECU,2020,1st,Second Phase,12,Wed,2020-12-09,12:30,El Nacional,2.0,SD Aucas,2.0,,Estadio Olímpico Atahualpa,René Marín,,https://fbref.com/en/matches/bf6cc4aa/El-Nacional-SD-Aucas-December-9-2020-Serie-A
Liga Profesional Ecuador,M,ECU,2020,1st,Second Phase,12,Wed,2020-12-09,15:00,LDU de Quito,1.0,LDU Portoviejo,1.0,,Estadio Rodrigo Paz Delgado,Henri Arizaga,,https://fbref.com/en/matches/9f801edc/LDU-de-Quito-LDU-Portoviejo-December-9-2020-Serie-A
Liga Profesional Ecuador,M,ECU,2020,1st,Second Phase,12,Wed,2020-12-09,17:30,Independiente,3.0,CS Emelec,0.0,,Estadio Olímpico Atahualpa,Luis Quiroz,,https://fbref.com/en/matches/364db367/Independiente-CS-Emelec-December-9-2020-Serie-A
Liga Profesional Ecuador,M,ECU,2020,1st,Second Phase,12,Wed,2020-12-09,20:00,Barcelona SC,2.0,Guayaquil City,0.0,,Estadio Monumental Isidro Romero Carbo,Marlon Vera,,https://fbref.com/en/matches/3f953a57/Barcelona-SC-Guayaquil-City-December-9-2020-Serie-A
Liga Profesional Ecuador,M,ECU,2020,1st,Second Phase,13,Fri,2020-12-11,16:30,CD Olmedo,1.0,CD Cuenca,1.0,,Estadio Olímpico de Riobamba,Juan Andrade,,https://fbref.com/en/matches/98c6a712/CD-Olmedo-CD-Cuenca-December-11-2020-Serie-A
Liga Profesional Ecuador,M,ECU,2020,1st,Second Phase,13,Fri,2020-12-11,19:00,Univ Católica,0.0,Delfín SC,0.0,,Estadio Olímpico Atahualpa,Alex Cajas,,https://fbref.com/en/matches/3bb27b9a/Univ-Catolica-Delfin-SC-December-11-2020-Serie-A
Liga Profesional Ecuador,M,ECU,2020,1st,Second Phase,13,Sat,2020-12-12,15:30,Orense,1.0,Técnico Univ.,0.0,,Estadio 9 de Mayo,Marlon Vera,,https://fbref.com/en/matches/68bafeea/Orense-Tecnico-Univ-December-12-2020-Serie-A
Liga Profesional Ecuador,M,ECU,2020,1st,Second Phase,13,Sat,2020-12-12,18:00,LDU Portoviejo,0.0,Mushuc Runa,0.0,,Estadio Reales Tamarindos,Luis Quiroz,,https://fbref.com/en/matches/2af0a160/LDU-Portoviejo-Mushuc-Runa-December-12-2020-Serie-A
Liga Profesional Ecuador,M,ECU,2020,1st,Second Phase,13,Sat,2020-12-12,20:30,CS Emelec,3.0,El Nacional,0.0,,Estadio Banco del Pacífico,Jaime Sánchez,,https://fbref.com/en/matches/5d03cbd0/CS-Emelec-El-Nacional-December-12-2020-Serie-A
Liga Profesional Ecuador,M,ECU,2020,1st,Second Phase,13,Sun,2020-12-13,14:00,Macará,3.0,LDU de Quito,4.0,,Estadio Bellavista de Ambato,Augusto Aragón,,https://fbref.com/en/matches/4e26ada8/Macara-LDU-de-Quito-December-13-2020-Serie-A
Liga Profesional Ecuador,M,ECU,2020,1st,Second Phase,13,Sun,2020-12-13,16:30,Guayaquil City,0.0,Independiente,2.0,,Estadio Christian Benítez Betancourt,Guillermo Guerrero,,https://fbref.com/en/matches/9a863732/Guayaquil-City-Independiente-December-13-2020-Serie-A
Liga Profesional Ecuador,M,ECU,2020,1st,Second Phase,13,Sun,2020-12-13,19:00,SD Aucas,2.0,Barcelona SC,1.0,,Estadio Gonzalo Pozo Ripalda,Carlos Orbe,,https://fbref.com/en/matches/a31d88c8/SD-Aucas-Barcelona-SC-December-13-2020-Serie-A
Liga Profesional Ecuador,M,ECU,2020,1st,Second Phase,14,Wed,2020-12-16,19:00,Delfín SC,2.0,LDU de Quito,0.0,,Estadio Jocay,Gabriel González,,https://fbref.com/en/matches/42604b94/Delfin-SC-LDU-de-Quito-December-16-2020-Serie-A
Liga Profesional Ecuador,M,ECU,2020,1st,Second Phase,14,Wed,2020-12-16,19:00,Barcelona SC,3.0,Mushuc Runa,0.0,,Estadio Monumental Isidro Romero Carbo,Roberto Sánchez,,https://fbref.com/en/matches/8536ad5f/Barcelona-SC-Mushuc-Runa-December-16-2020-Serie-A
Liga Profesional Ecuador,M,ECU,2020,1st,Second Phase,14,Wed,2020-12-16,19:00,CD Cuenca,2.0,CS Emelec,1.0,,Estadio Alejandro Serrano Aguilar,Marlon Vera,,https://fbref.com/en/matches/8aa53c95/CD-Cuenca-CS-Emelec-December-16-2020-Serie-A
Liga Profesional Ecuador,M,ECU,2020,1st,Second Phase,14,Wed,2020-12-16,19:00,Técnico Univ.,0.0,Guayaquil City,0.0,,Estadio Bellavista de Ambato,Luis Quiroz,,https://fbref.com/en/matches/90979806/Tecnico-Univ-Guayaquil-City-December-16-2020-Serie-A
Liga Profesional Ecuador,M,ECU,2020,1st,Second Phase,14,Thu,2020-12-17,19:00,CD Olmedo,1.0,LDU Portoviejo,3.0,,Estadio Olímpico de Riobamba,Franklin Congo,,https://fbref.com/en/matches/579c4698/CD-Olmedo-LDU-Portoviejo-December-17-2020-Serie-A
Liga Profesional Ecuador,M,ECU,2020,1st,Second Phase,14,Thu,2020-12-17,19:00,Independiente,4.0,Orense,0.0,,Estadio Olímpico Atahualpa,Jefferson Macias,,https://fbref.com/en/matches/8d0d2e03/Independiente-Orense-December-17-2020-Serie-A
Liga Profesional Ecuador,M,ECU,2020,1st,Second Phase,14,Thu,2020-12-17,19:00,SD Aucas,1.0,Univ Católica,1.0,,Estadio Gonzalo Pozo Ripalda,Henri Arizaga,,https://fbref.com/en/matches/eeb39eea/SD-Aucas-Univ-Catolica-December-17-2020-Serie-A
Liga Profesional Ecuador,M,ECU,2020,1st,Second Phase,14,Thu,2020-12-17,19:00,El Nacional,2.0,Macará,1.0,,Estadio Olímpico Atahualpa,Roddy Zambrano,,https://fbref.com/en/matches/fe9439a4/El-Nacional-Macara-December-17-2020-Serie-A
Liga Profesional Ecuador,M,ECU,2020,1st,Second Phase,15,Sat,2020-12-19,15:30,Mushuc Runa,2.0,Delfín SC,0.0,,Estadio del Mushuc Runa Sporting Club,Marlon Vera,,https://fbref.com/en/matches/5179f5c7/Mushuc-Runa-Delfin-SC-December-19-2020-Serie-A
Liga Profesional Ecuador,M,ECU,2020,1st,Second Phase,15,Sat,2020-12-19,15:30,Guayaquil City,2.0,CD Cuenca,1.0,,Estadio Christian Benítez Betancourt,Franklin Congo,,https://fbref.com/en/matches/5444a9ac/Guayaquil-City-CD-Cuenca-December-19-2020-Serie-A
Liga Profesional Ecuador,M,ECU,2020,1st,Second Phase,15,Sun,2020-12-20,15:30,LDU Portoviejo,3.0,SD Aucas,2.0,,Estadio Reales Tamarindos,Augusto Aragón,,https://fbref.com/en/matches/857fc7d3/LDU-Portoviejo-SD-Aucas-December-20-2020-Serie-A
Liga Profesional Ecuador,M,ECU,2020,1st,Second Phase,15,Sun,2020-12-20,15:30,Orense,1.0,El Nacional,0.0,,Estadio 9 de Mayo,Guillermo Guerrero,,https://fbref.com/en/matches/ea0d8cf4/Orense-El-Nacional-December-20-2020-Serie-A
Liga Profesional Ecuador,M,ECU,2020,1st,Second Phase,15,Sun,2020-12-20,19:00,Macará,1.0,Independiente,0.0,,Estadio Bellavista de Ambato,Carlos Orbe,,https://fbref.com/en/matches/3112cb4c/Macara-Independiente-December-20-2020-Serie-A
Liga Profesional Ecuador,M,ECU,2020,1st,Second Phase,15,Sun,2020-12-20,19:00,Univ Católica,0.0,Barcelona SC,0.0,,Estadio Olímpico Atahualpa,Luis Quiroz,,https://fbref.com/en/matches/abf7a658/Univ-Catolica-Barcelona-SC-December-20-2020-Serie-A
Liga Profesional Ecuador,M,ECU,2020,1st,Second Phase,15,Sun,2020-12-20,19:00,LDU de Quito,1.0,Técnico Univ.,2.0,,Estadio Rodrigo Paz Delgado,René Marín,,https://fbref.com/en/matches/baad8e39/LDU-de-Quito-Tecnico-Univ-December-20-2020-Serie-A
Liga Profesional Ecuador,M,ECU,2020,1st,Second Phase,15,Sun,2020-12-20,19:00,CS Emelec,4.0,CD Olmedo,1.0,,Estadio Banco del Pacífico,Roberto Sánchez,,https://fbref.com/en/matches/c8bd07f2/CS-Emelec-CD-Olmedo-December-20-2020-Serie-A
Liga Profesional Ecuador,M,ECU,2020,1st,Finals,,Wed,2020-12-23,20:15,Barcelona SC,1.0,LDU de Quito,1.0,,Estadio Monumental Isidro Romero Carbo,Augusto Aragón,Leg 1 of 2,https://fbref.com/en/matches/ed1fc3ed/Barcelona-SC-LDU-de-Quito-December-23-2020-Serie-A
Liga Profesional Ecuador,M,ECU,2020,1st,Finals,,Tue,2020-12-29,20:15,LDU de Quito,0.0,Barcelona SC,0.0,,Estadio Rodrigo Paz Delgado,Guillermo Guerrero,Leg 2 of 2; LDU de Quito won,https://fbref.com/en/matches/0d719ec9/LDU-de-Quito-Barcelona-SC-December-29-2020-Serie-A
Liga Profesional Ecuador,M,ECU,2021,1st,First stage,1,Fri,2021-02-19,16:30,Univ Católica,3.0,CD Olmedo,0.0,,Estadio Olímpico Atahualpa,Mario Romero,Match awarded to Univ Católica,https://fbref.com/en/matches/bdf1ce97/Univ-Catolica-CD-Olmedo-February-19-2021-Serie-A
Liga Profesional Ecuador,M,ECU,2021,1st,First stage,1,Fri,2021-02-19,19:00,LDU de Quito,4.0,Club 9 de Octubre,2.0,,Estadio Rodrigo Paz Delgado,Guillermo Guerrero,,https://fbref.com/en/matches/3d1e6d35/LDU-de-Quito-Club-9-de-Octubre-February-19-2021-Serie-A
Liga Profesional Ecuador,M,ECU,2021,1st,First stage,1,Sat,2021-02-20,14:00,Mushuc Runa,1.0,SD Aucas,3.0,,Estadio del Mushuc Runa Sporting Club,Franklin Congo,,https://fbref.com/en/matches/b51a280b/Mushuc-Runa-SD-Aucas-February-20-2021-Serie-A
Liga Profesional Ecuador,M,ECU,2021,1st,First stage,1,Sat,2021-02-20,16:30,Guayaquil City,3.0,Macará,1.0,,Estadio Christian Benítez Betancourt,Roberto Sánchez,,https://fbref.com/en/matches/55596833/Guayaquil-City-Macara-February-20-2021-Serie-A
Liga Profesional Ecuador,M,ECU,2021,1st,First stage,1,Sat,2021-02-20,19:00,Manta Fútbol Club,2.0,Barcelona SC,3.0,,Estadio Jocay,Augusto Aragón,,https://fbref.com/en/matches/7212e1dc/Manta-Futbol-Club-Barcelona-SC-February-20-2021-Serie-A
Liga Profesional Ecuador,M,ECU,2021,1st,First stage,1,Sun,2021-02-21,13:00,Orense,2.0,Independiente,0.0,,Estadio 9 de Mayo,Jefferson Macias,,https://fbref.com/en/matches/91940ec7/Orense-Independiente-February-21-2021-Serie-A
Liga Profesional Ecuador,M,ECU,2021,1st,First stage,1,Sun,2021-02-21,15:30,Técnico Univ.,0.0,Delfín SC,1.0,,Estadio Bellavista de Ambato,Alex Cajas,,https://fbref.com/en/matches/b9ed1fd6/Tecnico-Univ-Delfin-SC-February-21-2021-Serie-A
Liga Profesional Ecuador,M,ECU,2021,1st,First stage,1,Sun,2021-02-21,18:00,CS Emelec,4.0,CD Cuenca,1.0,,Estadio Banco del Pacífico,Jaime Sánchez,,https://fbref.com/en/matches/1953de39/CS-Emelec-CD-Cuenca-February-21-2021-Serie-A
Liga Profesional Ecuador,M,ECU,2021,1st,First stage,2,Fri,2021-02-26,19:00,CD Cuenca,3.0,Guayaquil City,0.0,,Estadio Alejandro Serrano Aguilar,Alex Cajas,,https://fbref.com/en/matches/2b9b408b/CD-Cuenca-Guayaquil-City-February-26-2021-Serie-A
Liga Profesional Ecuador,M,ECU,2021,1st,First stage,2,Sat,2021-02-27,14:00,Univ Católica,3.0,Manta Fútbol Club,3.0,,Estadio Olímpico Atahualpa,Henri Arizaga,,https://fbref.com/en/matches/e401625e/Univ-Catolica-Manta-Futbol-Club-February-27-2021-Serie-A
Liga Profesional Ecuador,M,ECU,2021,1st,First stage,2,Sat,2021-02-27,16:30,Macará,3.0,Independiente,1.0,,Estadio Bellavista de Ambato,Augusto Aragón,,https://fbref.com/en/matches/e98686eb/Macara-Independiente-February-27-2021-Serie-A
Liga Profesional Ecuador,M,ECU,2021,1st,First stage,2,Sat,2021-02-27,19:00,SD Aucas,2.0,CS Emelec,3.0,,Estadio Gonzalo Pozo Ripalda,Guillermo Guerrero,,https://fbref.com/en/matches/93eee16a/SD-Aucas-CS-Emelec-February-27-2021-Serie-A
Liga Profesional Ecuador,M,ECU,2021,1st,First stage,2,Sun,2021-02-28,13:00,Club 9 de Octubre,1.0,Mushuc Runa,2.0,,Estadio Modelo Alberto Spencer Herrera,René Marín,,https://fbref.com/en/matches/1978c386/Club-9-de-Octubre-Mushuc-Runa-February-28-2021-Serie-A
Liga Profesional Ecuador,M,ECU,2021,1st,First stage,2,Sun,2021-02-28,15:30,CD Olmedo,0.0,LDU de Quito,0.0,,Estadio Olímpico de Riobamba,Juan Andrade,,https://fbref.com/en/matches/5c4c875c/CD-Olmedo-LDU-de-Quito-February-28-2021-Serie-A
Liga Profesional Ecuador,M,ECU,2021,1st,First stage,2,Sun,2021-02-28,18:00,Barcelona SC,3.0,Técnico Univ.,0.0,,Estadio Monumental Isidro Romero Carbo,Franklin Congo,,https://fbref.com/en/matches/805d9d0d/Barcelona-SC-Tecnico-Univ-February-28-2021-Serie-A
Liga Profesional Ecuador,M,ECU,2021,1st,First stage,2,Mon,2021-03-01,19:00,Delfín SC,1.0,Orense,1.0,,Estadio Jocay,Mario Romero,,https://fbref.com/en/matches/6511d5e6/Delfin-SC-Orense-March-1-2021-Serie-A
Liga Profesional Ecuador,M,ECU,2021,1st,First stage,3,Fri,2021-03-05,19:00,Independiente,2.0,Mushuc Runa,0.0,,Estadio Olímpico Atahualpa,Carlos Bayas,,https://fbref.com/en/matches/1b3e3f9d/Independiente-Mushuc-Runa-March-5-2021-Serie-A
Liga Profesional Ecuador,M,ECU,2021,1st,First stage,3,Sat,2021-03-06,15:00,Orense,2.0,SD Aucas,2.0,,Estadio 9 de Mayo,Augusto Aragón,,https://fbref.com/en/matches/5d82a1c9/Orense-SD-Aucas-March-6-2021-Serie-A
Liga Profesional Ecuador,M,ECU,2021,1st,First stage,3,Sat,2021-03-06,17:30,LDU de Quito,2.0,Univ Católica,1.0,,Estadio Rodrigo Paz Delgado,Franklin Congo,,https://fbref.com/en/matches/53e3629e/LDU-de-Quito-Univ-Catolica-March-6-2021-Serie-A
Liga Profesional Ecuador,M,ECU,2021,1st,First stage,3,Sat,2021-03-06,20:00,CS Emelec,1.0,Delfín SC,0.0,,Estadio Banco del Pacífico,Luis Quiroz,,https://fbref.com/en/matches/0b5969e5/CS-Emelec-Delfin-SC-March-6-2021-Serie-A
Liga Profesional Ecuador,M,ECU,2021,1st,First stage,3,Sun,2021-03-07,13:00,CD Olmedo,0.0,Macará,2.0,,Estadio Olímpico de Riobamba,Roddy Zambrano,,https://fbref.com/en/matches/6aef978b/CD-Olmedo-Macara-March-7-2021-Serie-A
Liga Profesional Ecuador,M,ECU,2021,1st,First stage,3,Sun,2021-03-07,15:30,Manta Fútbol Club,1.0,CD Cuenca,0.0,,Estadio Jocay,Leandro Angulo,,https://fbref.com/en/matches/bf47129f/Manta-Futbol-Club-CD-Cuenca-March-7-2021-Serie-A
Liga Profesional Ecuador,M,ECU,2021,1st,First stage,3,Sun,2021-03-07,18:00,Guayaquil City,0.0,Barcelona SC,3.0,,Estadio Christian Benítez Betancourt,Guillermo Guerrero,,https://fbref.com/en/matches/20475a19/Guayaquil-City-Barcelona-SC-March-7-2021-Serie-A
Liga Profesional Ecuador,M,ECU,2021,1st,First stage,3,Mon,2021-03-08,19:00,Técnico Univ.,0.0,Club 9 de Octubre,0.0,,Estadio Bellavista de Ambato,Edison Santana,,https://fbref.com/en/matches/0124c411/Tecnico-Univ-Club-9-de-Octubre-March-8-2021-Serie-A
Liga Profesional Ecuador,M,ECU,2021,1st,First stage,4,Thu,2021-03-11,19:00,Macará,1.0,CS Emelec,1.0,,Estadio Bellavista de Ambato,Marlon Vera,,https://fbref.com/en/matches/685e4d6e/Macara-CS-Emelec-March-11-2021-Serie-A
Liga Profesional Ecuador,M,ECU,2021,1st,First stage,4,Fri,2021-03-12,19:00,CD Cuenca,2.0,LDU de Quito,2.0,,Estadio Alejandro Serrano Aguilar,Guillermo Guerrero,,https://fbref.com/en/matches/0928afc2/CD-Cuenca-LDU-de-Quito-March-12-2021-Serie-A
Liga Profesional Ecuador,M,ECU,2021,1st,First stage,4,Sat,2021-03-13,15:00,Univ Católica,1.0,Técnico Univ.,1.0,,Estadio Olímpico Atahualpa,Jefferson Macias,,https://fbref.com/en/matches/ad4614ca/Univ-Catolica-Tecnico-Univ-March-13-2021-Serie-A
Liga Profesional Ecuador,M,ECU,2021,1st,First stage,4,Sat,2021-03-13,17:30,Delfín SC,1.0,Guayaquil City,1.0,,Estadio Jocay,Juan Andrade,,https://fbref.com/en/matches/65c9a3f7/Delfin-SC-Guayaquil-City-March-13-2021-Serie-A
Liga Profesional Ecuador,M,ECU,2021,1st,First stage,4,Sat,2021-03-13,20:00,SD Aucas,3.0,Independiente,4.0,,Estadio Gonzalo Pozo Ripalda,Roddy Zambrano,,https://fbref.com/en/matches/1f86885a/SD-Aucas-Independiente-March-13-2021-Serie-A
Liga Profesional Ecuador,M,ECU,2021,1st,First stage,4,Sun,2021-03-14,13:00,Mushuc Runa,4.0,Manta Fútbol Club,2.0,,Estadio del Mushuc Runa Sporting Club,Jaime Sánchez,,https://fbref.com/en/matches/c908eaa0/Mushuc-Runa-Manta-Futbol-Club-March-14-2021-Serie-A
Liga Profesional Ecuador,M,ECU,2021,1st,First stage,4,Sun,2021-03-14,15:30,Club 9 de Octubre,2.0,CD Olmedo,0.0,,Estadio Modelo Alberto Spencer Herrera,Mario Romero,,https://fbref.com/en/matches/069b6a60/Club-9-de-Octubre-CD-Olmedo-March-14-2021-Serie-A
Liga Profesional Ecuador,M,ECU,2021,1st,First stage,4,Sun,2021-03-14,18:00,Barcelona SC,2.0,Orense,0.0,,Estadio Monumental Isidro Romero Carbo,René Marín,,https://fbref.com/en/matches/f4b63bc5/Barcelona-SC-Orense-March-14-2021-Serie-A
Liga Profesional Ecuador,M,ECU,2021,1st,First stage,5,Fri,2021-03-19,19:00,Técnico Univ.,0.0,CD Olmedo,0.0,,Estadio Bellavista de Ambato,Carlos Aroca,,https://fbref.com/en/matches/196a801c/Tecnico-Univ-CD-Olmedo-March-19-2021-Serie-A
Liga Profesional Ecuador,M,ECU,2021,1st,First stage,5,Sat,2021-03-20,13:00,Mushuc Runa,0.0,Macará,0.0,,Estadio del Mushuc Runa Sporting Club,Gabriel González,,https://fbref.com/en/matches/f15ae428/Mushuc-Runa-Macara-March-20-2021-Serie-A
Liga Profesional Ecuador,M,ECU,2021,1st,First stage,5,Sat,2021-03-20,15:30,Independiente,2.0,Delfín SC,0.0,,Estadio General Rumiñahui del Valle de L...,Alex Cajas,,https://fbref.com/en/matches/d0cfe9d9/Independiente-Delfin-SC-March-20-2021-Serie-A
Liga Profesional Ecuador,M,ECU,2021,1st,First stage,5,Sat,2021-03-20,18:30,LDU de Quito,2.0,Barcelona SC,2.0,,Estadio Rodrigo Paz Delgado,Luis Quiroz,,https://fbref.com/en/matches/d909af67/LDU-de-Quito-Barcelona-SC-March-20-2021-Serie-A
Liga Profesional Ecuador,M,ECU,2021,1st,First stage,5,Sun,2021-03-21,13:00,Manta Fútbol Club,1.0,SD Aucas,1.0,,Estadio Jocay,Juan Andrade,,https://fbref.com/en/matches/1dbabf72/Manta-Futbol-Club-SD-Aucas-March-21-2021-Serie-A
Liga Profesional Ecuador,M,ECU,2021,1st,First stage,5,Sun,2021-03-21,15:30,Guayaquil City,1.0,Univ Católica,2.0,,Estadio Christian Benítez Betancourt,Augusto Aragón,,https://fbref.com/en/matches/7b59c92f/Guayaquil-City-Univ-Catolica-March-21-2021-Serie-A
Liga Profesional Ecuador,M,ECU,2021,1st,First stage,5,Sun,2021-03-21,18:00,CS Emelec,0.0,Club 9 de Octubre,1.0,,Estadio Banco del Pacífico,Franklin Congo,,https://fbref.com/en/matches/fde6dac3/CS-Emelec-Club-9-de-Octubre-March-21-2021-Serie-A
Liga Profesional Ecuador,M,ECU,2021,1st,First stage,5,Mon,2021-03-22,19:00,CD Cuenca,1.0,Orense,0.0,,Estadio Alejandro Serrano Aguilar,Roddy Zambrano,,https://fbref.com/en/matches/df3f4478/CD-Cuenca-Orense-March-22-2021-Serie-A
Liga Profesional Ecuador,M,ECU,2021,1st,First stage,7,Wed,2021-03-31,15:00,SD Aucas,3.0,Delfín SC,3.0,,Estadio Gonzalo Pozo Ripalda,Henri Arizaga,,https://fbref.com/en/matches/fae4c570/SD-Aucas-Delfin-SC-March-31-2021-Serie-A
Liga Profesional Ecuador,M,ECU,2021,1st,First stage,7,Wed,2021-03-31,17:30,Guayaquil City,4.0,Orense,1.0,,Estadio Christian Benítez Betancourt,Roberto Sánchez,,https://fbref.com/en/matches/690fcf44/Guayaquil-City-Orense-March-31-2021-Serie-A
Liga Profesional Ecuador,M,ECU,2021,1st,First stage,8,Wed,2021-03-31,20:00,Técnico Univ.,0.0,Independiente,2.0,,Estadio Bellavista de Ambato,Mario Romero,,https://fbref.com/en/matches/6e8e672e/Tecnico-Univ-Independiente-March-31-2021-Serie-A
Liga Profesional Ecuador,M,ECU,2021,1st,First stage,6,Thu,2021-04-01,17:30,Univ Católica,1.0,Macará,1.0,,Estadio Olímpico Atahualpa,Leandro Angulo,,https://fbref.com/en/matches/a1169d67/Univ-Catolica-Macara-April-1-2021-Serie-A
Liga Profesional Ecuador,M,ECU,2021,1st,First stage,6,Thu,2021-04-01,20:00,CD Olmedo,2.0,CS Emelec,3.0,,Estadio Olímpico de Riobamba,Álex Cajas,,https://fbref.com/en/matches/b894bb99/CD-Olmedo-CS-Emelec-April-1-2021-Serie-A
Liga Profesional Ecuador,M,ECU,2021,1st,First stage,6,Sat,2021-04-03,12:15,Delfín SC,1.0,CD Cuenca,1.0,,Estadio Jocay,René Marín,,https://fbref.com/en/matches/e98c0a9e/Delfin-SC-CD-Cuenca-April-3-2021-Serie-A
Liga Profesional Ecuador,M,ECU,2021,1st,First stage,6,Sat,2021-04-03,14:30,LDU de Quito,0.0,Mushuc Runa,0.0,,Estadio Rodrigo Paz Delgado,Roberto Sánchez,,https://fbref.com/en/matches/03e954d8/LDU-de-Quito-Mushuc-Runa-April-3-2021-Serie-A
Liga Profesional Ecuador,M,ECU,2021,1st,First stage,6,Sat,2021-04-03,17:00,Barcelona SC,2.0,Independiente,2.0,,Estadio Monumental Isidro Romero Carbo,Augusto Aragón,,https://fbref.com/en/matches/05f30cd7/Barcelona-SC-Independiente-April-3-2021-Serie-A
Liga Profesional Ecuador,M,ECU,2021,1st,First stage,6,Sun,2021-04-04,12:15,Orense,0.0,Manta Fútbol Club,1.0,,Estadio 9 de Mayo,Guillermo Guerrero,,https://fbref.com/en/matches/0c628d84/Orense-Manta-Futbol-Club-April-4-2021-Serie-A
Liga Profesional Ecuador,M,ECU,2021,1st,First stage,6,Sun,2021-04-04,14:30,Club 9 de Octubre,1.0,SD Aucas,3.0,,Estadio Modelo Alberto Spencer Herrera,Jaime Sánchez,,https://fbref.com/en/matches/966371c1/Club-9-de-Octubre-SD-Aucas-April-4-2021-Serie-A
Liga Profesional Ecuador,M,ECU,2021,1st,First stage,6,Sun,2021-04-04,17:00,Técnico Univ.,3.0,Guayaquil City,0.0,,Estadio Bellavista de Ambato,Gabriel González,,https://fbref.com/en/matches/dc0525dc/Tecnico-Univ-Guayaquil-City-April-4-2021-Serie-A
Liga Profesional Ecuador,M,ECU,2021,1st,First stage,7,Thu,2021-04-08,14:30,Mushuc Runa,4.0,CD Olmedo,0.0,,Estadio Bellavista de Ambato,Leandro Angulo,,https://fbref.com/en/matches/a6cb4990/Mushuc-Runa-CD-Olmedo-April-8-2021-Serie-A
Liga Profesional Ecuador,M,ECU,2021,1st,First stage,7,Thu,2021-04-08,17:00,CD Cuenca,1.0,Barcelona SC,0.0,,Estadio Alejandro Serrano Aguilar,Guillermo Guerrero,,https://fbref.com/en/matches/ec2104ad/CD-Cuenca-Barcelona-SC-April-8-2021-Serie-A
Liga Profesional Ecuador,M,ECU,2021,1st,First stage,7,Fri,2021-04-09,17:00,Manta Fútbol Club,0.0,Técnico Univ.,2.0,,Estadio Jocay,Carlos Bayas,,https://fbref.com/en/matches/ac0eafc6/Manta-Futbol-Club-Tecnico-Univ-April-9-2021-Serie-A
Liga Profesional Ecuador,M,ECU,2021,1st,First stage,7,Sat,2021-04-10,14:30,Macará,3.0,Club 9 de Octubre,2.0,,Estadio Bellavista de Ambato,Carlos Aroca,,https://fbref.com/en/matches/c375ddbb/Macara-Club-9-de-Octubre-April-10-2021-Serie-A
Liga Profesional Ecuador,M,ECU,2021,1st,First stage,7,Sat,2021-04-10,17:00,CS Emelec,1.0,LDU de Quito,1.0,,Estadio Banco del Pacífico,Diego Lara,,https://fbref.com/en/matches/6ea44559/CS-Emelec-LDU-de-Quito-April-10-2021-Serie-A
Liga Profesional Ecuador,M,ECU,2021,1st,First stage,8,Mon,2021-04-12,14:30,Orense,0.0,Mushuc Runa,2.0,,Estadio 9 de Mayo,Franklin Congo,,https://fbref.com/en/matches/51945f8c/Orense-Mushuc-Runa-April-12-2021-Serie-A
Liga Profesional Ecuador,M,ECU,2021,1st,First stage,8,Mon,2021-04-12,17:00,Barcelona SC,3.0,SD Aucas,0.0,,Estadio Monumental Isidro Romero Carbo,Álex Cajas,Match awarded to,https://fbref.com/en/matches/2ae3c263/Barcelona-SC-SD-Aucas-April-12-2021-Serie-A
Liga Profesional Ecuador,M,ECU,2021,1st,First stage,8,Tue,2021-04-13,14:30,Club 9 de Octubre,4.0,Guayaquil City,0.0,,Estadio Modelo Alberto Spencer Herrera,Carlos Orbe,,https://fbref.com/en/matches/2aee50d1/Club-9-de-Octubre-Guayaquil-City-April-13-2021-Serie-A
Liga Profesional Ecuador,M,ECU,2021,1st,First stage,8,Tue,2021-04-13,17:00,CD Olmedo,2.0,CD Cuenca,2.0,,Estadio Olímpico de Riobamba,Marlon Vera,,https://fbref.com/en/matches/f8080309/CD-Olmedo-CD-Cuenca-April-13-2021-Serie-A
Liga Profesional Ecuador,M,ECU,2021,1st,First stage,8,Wed,2021-04-14,12:15,Delfín SC,2.0,Macará,0.0,,Estadio Jocay,Juan Andrade,,https://fbref.com/en/matches/63787d7f/Delfin-SC-Macara-April-14-2021-Serie-A
Liga Profesional Ecuador,M,ECU,2021,1st,First stage,8,Wed,2021-04-14,14:30,LDU de Quito,1.0,Manta Fútbol Club,0.0,,Estadio Rodrigo Paz Delgado,Roddy Zambrano,,https://fbref.com/en/matches/1a05e23a/LDU-de-Quito-Manta-Futbol-Club-April-14-2021-Serie-A
Liga Profesional Ecuador,M,ECU,2021,1st,First stage,8,Wed,2021-04-14,17:00,Univ Católica,2.0,CS Emelec,3.0,,Estadio Olímpico Atahualpa,Roberto Sánchez,,https://fbref.com/en/matches/7a757337/Univ-Catolica-CS-Emelec-April-14-2021-Serie-A
Liga Profesional Ecuador,M,ECU,2021,1st,First stage,9,Fri,2021-04-16,19:00,Mushuc Runa,2.0,Barcelona SC,2.0,,Estadio del Mushuc Runa Sporting Club,Juan Andrade,,https://fbref.com/en/matches/faca7a41/Mushuc-Runa-Barcelona-SC-April-16-2021-Serie-A
Liga Profesional Ecuador,M,ECU,2021,1st,First stage,9,Sat,2021-04-17,15:00,Macará,1.0,Orense,0.0,,Estadio Bellavista de Ambato,Roberto Sánchez,,https://fbref.com/en/matches/bca89cbe/Macara-Orense-April-17-2021-Serie-A
Liga Profesional Ecuador,M,ECU,2021,1st,First stage,9,Sat,2021-04-17,17:30,SD Aucas,1.0,CD Olmedo,3.0,,Estadio Gonzalo Pozo Ripalda,Jefferson Macias,,https://fbref.com/en/matches/74a6675e/SD-Aucas-CD-Olmedo-April-17-2021-Serie-A
Liga Profesional Ecuador,M,ECU,2021,1st,First stage,9,Sat,2021-04-17,20:00,Guayaquil City,2.0,LDU de Quito,2.0,,Estadio Christian Benítez Betancourt,Leandro Angulo,,https://fbref.com/en/matches/d61ab689/Guayaquil-City-LDU-de-Quito-April-17-2021-Serie-A
Liga Profesional Ecuador,M,ECU,2021,1st,First stage,9,Sun,2021-04-18,13:00,CD Cuenca,0.0,Univ Católica,1.0,,Estadio Alejandro Serrano Aguilar,Carlos Orbe,,https://fbref.com/en/matches/d82646b1/CD-Cuenca-Univ-Catolica-April-18-2021-Serie-A
Liga Profesional Ecuador,M,ECU,2021,1st,First stage,9,Sun,2021-04-18,15:30,Independiente,2.0,Club 9 de Octubre,1.0,,Estadio General Rumiñahui del Valle de L...,Diego Lara,,https://fbref.com/en/matches/f9531438/Independiente-Club-9-de-Octubre-April-18-2021-Serie-A
Liga Profesional Ecuador,M,ECU,2021,1st,First stage,9,Sun,2021-04-18,18:00,CS Emelec,2.0,Técnico Univ.,0.0,,Estadio Banco del Pacífico,René Marín,,https://fbref.com/en/matches/af4d94ee/CS-Emelec-Tecnico-Univ-April-18-2021-Serie-A
Liga Profesional Ecuador,M,ECU,2021,1st,First stage,9,Mon,2021-04-19,19:00,Manta Fútbol Club,1.0,Delfín SC,2.0,,Estadio Jocay,Marlon Vera,,https://fbref.com/en/matches/681b5b66/Manta-Futbol-Club-Delfin-SC-April-19-2021-Serie-A
Liga Profesional Ecuador,M,ECU,2021,1st,First stage,10,Sat,2021-05-01,13:00,Univ Católica,1.0,SD Aucas,1.0,,Estadio Olímpico Atahualpa,Leandro Angulo,,https://fbref.com/en/matches/7b6442f3/Univ-Catolica-SD-Aucas-May-1-2021-Serie-A
Liga Profesional Ecuador,M,ECU,2021,1st,First stage,10,Sat,2021-05-01,15:30,Club 9 de Octubre,2.0,CD Cuenca,1.0,,Estadio Modelo Alberto Spencer Herrera,Gabriel González,,https://fbref.com/en/matches/18b256e1/Club-9-de-Octubre-CD-Cuenca-May-1-2021-Serie-A
Liga Profesional Ecuador,M,ECU,2021,1st,First stage,10,Sat,2021-05-01,18:00,LDU de Quito,2.0,Macará,1.0,,Estadio Rodrigo Paz Delgado,René Marín,,https://fbref.com/en/matches/89c59431/LDU-de-Quito-Macara-May-1-2021-Serie-A
Liga Profesional Ecuador,M,ECU,2021,1st,First stage,10,Sat,2021-05-01,20:30,Barcelona SC,2.0,Delfín SC,1.0,,Estadio Monumental Isidro Romero Carbo,Mario Romero,,https://fbref.com/en/matches/b47f7ccf/Barcelona-SC-Delfin-SC-May-1-2021-Serie-A
Liga Profesional Ecuador,M,ECU,2021,1st,First stage,10,Sun,2021-05-02,13:00,Técnico Univ.,1.0,Mushuc Runa,3.0,,Estadio Bellavista de Ambato,Roddy Zambrano,,https://fbref.com/en/matches/01bc1d44/Tecnico-Univ-Mushuc-Runa-May-2-2021-Serie-A
Liga Profesional Ecuador,M,ECU,2021,1st,First stage,10,Sun,2021-05-02,15:30,Orense,2.0,CS Emelec,3.0,,Estadio 9 de Mayo,Jaime Sánchez,,https://fbref.com/en/matches/85b2449c/Orense-CS-Emelec-May-2-2021-Serie-A
Liga Profesional Ecuador,M,ECU,2021,1st,First stage,10,Sun,2021-05-02,18:00,Manta Fútbol Club,2.0,Independiente,1.0,,Estadio Jocay,Roberto Sánchez,,https://fbref.com/en/matches/22cacfc2/Manta-Futbol-Club-Independiente-May-2-2021-Serie-A
Liga Profesional Ecuador,M,ECU,2021,1st,First stage,10,Mon,2021-05-03,19:00,CD Olmedo,0.0,Guayaquil City,0.0,,Estadio Olímpico de Riobamba,Diego Lara,,https://fbref.com/en/matches/a34528f1/CD-Olmedo-Guayaquil-City-May-3-2021-Serie-A
Liga Profesional Ecuador,M,ECU,2021,1st,First stage,11,Fri,2021-05-07,19:00,Macará,1.0,CD Cuenca,0.0,,Estadio Bellavista de Ambato,Leandro Angulo,,https://fbref.com/en/matches/6e296ee6/Macara-CD-Cuenca-May-7-2021-Serie-A
Liga Profesional Ecuador,M,ECU,2021,1st,First stage,11,Sat,2021-05-08,13:00,Orense,3.0,Club 9 de Octubre,1.0,,Estadio 9 de Mayo,René Marín,,https://fbref.com/en/matches/34866025/Orense-Club-9-de-Octubre-May-8-2021-Serie-A
Liga Profesional Ecuador,M,ECU,2021,1st,First stage,11,Sat,2021-05-08,15:30,Independiente,3.0,LDU de Quito,1.0,,Estadio Banco del Pacífico,Roddy Zambrano,,https://fbref.com/en/matches/d59a5bea/Independiente-LDU-de-Quito-May-8-2021-Serie-A
Liga Profesional Ecuador,M,ECU,2021,1st,First stage,11,Sun,2021-05-09,13:00,Mushuc Runa,2.0,Univ Católica,6.0,,Estadio del Mushuc Runa Sporting Club,Jefferson Macias,,https://fbref.com/en/matches/4d5eb3db/Mushuc-Runa-Univ-Catolica-May-9-2021-Serie-A
Liga Profesional Ecuador,M,ECU,2021,1st,First stage,11,Sun,2021-05-09,15:30,Delfín SC,2.0,CD Olmedo,4.0,,Estadio Jocay,Henri Arizaga,,https://fbref.com/en/matches/b43d7dc9/Delfin-SC-CD-Olmedo-May-9-2021-Serie-A
Liga Profesional Ecuador,M,ECU,2021,1st,First stage,11,Sun,2021-05-09,18:00,SD Aucas,0.0,Técnico Univ.,2.0,,Estadio Gonzalo Pozo Ripalda,Diego Lara,,https://fbref.com/en/matches/75e25db9/SD-Aucas-Tecnico-Univ-May-9-2021-Serie-A
Liga Profesional Ecuador,M,ECU,2021,1st,First stage,11,Mon,2021-05-10,19:00,Guayaquil City,0.0,Manta Fútbol Club,3.0,,Estadio Christian Benítez Betancourt,Jaime Sánchez,,https://fbref.com/en/matches/8b089ad8/Guayaquil-City-Manta-Futbol-Club-May-10-2021-Serie-A
Liga Profesional Ecuador,M,ECU,2021,1st,First stage,12,Fri,2021-05-14,19:00,CD Cuenca,1.0,Mushuc Runa,2.0,,Estadio Alejandro Serrano Aguilar,Marlon Vera,,https://fbref.com/en/matches/7f337b27/CD-Cuenca-Mushuc-Runa-May-14-2021-Serie-A
Liga Profesional Ecuador,M,ECU,2021,1st,First stage,12,Sat,2021-05-15,14:00,CD Olmedo,1.0,Independiente,3.0,,Estadio Olímpico de Riobamba,Luis Quiroz,,https://fbref.com/en/matches/540dc750/CD-Olmedo-Independiente-May-15-2021-Serie-A
Liga Profesional Ecuador,M,ECU,2021,1st,First stage,12,Sat,2021-05-15,16:30,Univ Católica,0.0,Delfín SC,1.0,,Estadio Olímpico Atahualpa,Carlos Orbe,,https://fbref.com/en/matches/004b2224/Univ-Catolica-Delfin-SC-May-15-2021-Serie-A
Liga Profesional Ecuador,M,ECU,2021,1st,First stage,12,Sat,2021-05-15,19:00,CS Emelec,1.0,Guayaquil City,0.0,,Estadio Banco del Pacífico,Guillermo Guerrero,,https://fbref.com/en/matches/d5e7bda4/CS-Emelec-Guayaquil-City-May-15-2021-Serie-A
Liga Profesional Ecuador,M,ECU,2021,1st,First stage,12,Sun,2021-05-16,14:00,Manta Fútbol Club,1.0,Macará,1.0,,Estadio Jocay,Augusto Aragón,,https://fbref.com/en/matches/544c7e73/Manta-Futbol-Club-Macara-May-16-2021-Serie-A
Liga Profesional Ecuador,M,ECU,2021,1st,First stage,12,Sun,2021-05-16,16:30,LDU de Quito,1.0,SD Aucas,3.0,,Estadio Rodrigo Paz Delgado,Franklin Congo,,https://fbref.com/en/matches/4890949a/LDU-de-Quito-SD-Aucas-May-16-2021-Serie-A
Liga Profesional Ecuador,M,ECU,2021,1st,First stage,12,Sun,2021-05-16,19:00,Club 9 de Octubre,0.0,Barcelona SC,1.0,,Estadio Modelo Alberto Spencer Herrera,Roberto Sánchez,,https://fbref.com/en/matches/630f0958/Club-9-de-Octubre-Barcelona-SC-May-16-2021-Serie-A
Liga Profesional Ecuador,M,ECU,2021,1st,First stage,12,Mon,2021-05-17,19:00,Técnico Univ.,1.0,Orense,2.0,,Estadio Bellavista de Ambato,Roddy Zambrano,,https://fbref.com/en/matches/91b9d7a1/Tecnico-Univ-Orense-May-17-2021-Serie-A
Liga Profesional Ecuador,M,ECU,2021,1st,First stage,13,Fri,2021-05-21,19:00,Club 9 de Octubre,2.0,Manta Fútbol Club,0.0,,Estadio Modelo Alberto Spencer Herrera,Juan Andrade,,https://fbref.com/en/matches/49bc87fd/Club-9-de-Octubre-Manta-Futbol-Club-May-21-2021-Serie-A
Liga Profesional Ecuador,M,ECU,2021,1st,First stage,13,Sat,2021-05-22,13:00,Orense,0.0,Univ Católica,3.0,,Estadio 9 de Mayo,Augusto Aragón,,https://fbref.com/en/matches/a6cf20e4/Orense-Univ-Catolica-May-22-2021-Serie-A
Liga Profesional Ecuador,M,ECU,2021,1st,First stage,13,Sat,2021-05-22,15:30,Independiente,3.0,Guayaquil City,0.0,,Estadio banco Guayaquil,Jefferson Macias,,https://fbref.com/en/matches/952da839/Independiente-Guayaquil-City-May-22-2021-Serie-A
Liga Profesional Ecuador,M,ECU,2021,1st,First stage,13,Sat,2021-05-22,18:00,Mushuc Runa,1.0,CS Emelec,2.0,,Estadio del Mushuc Runa Sporting Club,René Marín,,https://fbref.com/en/matches/01263424/Mushuc-Runa-CS-Emelec-May-22-2021-Serie-A
Liga Profesional Ecuador,M,ECU,2021,1st,First stage,13,Sun,2021-05-23,14:00,SD Aucas,2.0,CD Cuenca,0.0,,Estadio Gonzalo Pozo Ripalda,Carlos Orbe,,https://fbref.com/en/matches/58529f7c/SD-Aucas-CD-Cuenca-May-23-2021-Serie-A
Liga Profesional Ecuador,M,ECU,2021,1st,First stage,13,Sun,2021-05-23,16:30,Delfín SC,1.0,LDU de Quito,1.0,,Estadio Jocay,Luis Quiroz,,https://fbref.com/en/matches/a26ff97b/Delfin-SC-LDU-de-Quito-May-23-2021-Serie-A
Liga Profesional Ecuador,M,ECU,2021,1st,First stage,13,Sun,2021-05-23,19:00,Barcelona SC,4.0,CD Olmedo,0.0,,Estadio Monumental Isidro Romero Carbo,Jaime Sánchez,,https://fbref.com/en/matches/04f7d5a4/Barcelona-SC-CD-Olmedo-May-23-2021-Serie-A
Liga Profesional Ecuador,M,ECU,2021,1st,First stage,13,Mon,2021-05-24,19:00,Macará,1.0,Técnico Univ.,1.0,,Estadio Bellavista de Ambato,Franklin Congo,,https://fbref.com/en/matches/2a60e89a/Macara-Tecnico-Univ-May-24-2021-Serie-A
Liga Profesional Ecuador,M,ECU,2021,1st,First stage,14,Fri,2021-05-28,19:00,CD Olmedo,1.0,Manta Fútbol Club,1.0,,Estadio Olímpico de Riobamba,Mario Romero,,https://fbref.com/en/matches/d2a92a79/CD-Olmedo-Manta-Futbol-Club-May-28-2021-Serie-A
Liga Profesional Ecuador,M,ECU,2021,1st,First stage,14,Sat,2021-05-29,14:00,Delfín SC,2.0,Club 9 de Octubre,2.0,,Estadio Jocay,Jaime Sánchez,,https://fbref.com/en/matches/26703eb1/Delfin-SC-Club-9-de-Octubre-May-29-2021-Serie-A
Liga Profesional Ecuador,M,ECU,2021,1st,First stage,14,Sat,2021-05-29,16:30,Guayaquil City,0.0,Mushuc Runa,0.0,,Estadio Christian Benítez Betancourt,Roddy Zambrano,,https://fbref.com/en/matches/6c0e8e6b/Guayaquil-City-Mushuc-Runa-May-29-2021-Serie-A
Liga Profesional Ecuador,M,ECU,2021,1st,First stage,14,Sat,2021-05-29,19:00,CD Cuenca,1.0,Técnico Univ.,0.0,,Estadio Alejandro Serrano Aguilar,Carlos Aroca,,https://fbref.com/en/matches/20639f2b/CD-Cuenca-Tecnico-Univ-May-29-2021-Serie-A
Liga Profesional Ecuador,M,ECU,2021,1st,First stage,14,Sun,2021-05-30,13:30,Macará,1.0,SD Aucas,0.0,,Estadio Bellavista de Ambato,Henri Arizaga,,https://fbref.com/en/matches/c6e4fcf0/Macara-SD-Aucas-May-30-2021-Serie-A
Liga Profesional Ecuador,M,ECU,2021,1st,First stage,14,Sun,2021-05-30,16:00,LDU de Quito,2.0,Orense,1.0,,Estadio Rodrigo Paz Delgado,Jefferson Macias,,https://fbref.com/en/matches/8fd745c6/LDU-de-Quito-Orense-May-30-2021-Serie-A
Liga Profesional Ecuador,M,ECU,2021,1st,First stage,14,Sun,2021-05-30,19:00,CS Emelec,0.0,Independiente,0.0,,Estadio Banco del Pacífico,Franklin Congo,,https://fbref.com/en/matches/77b239a2/CS-Emelec-Independiente-May-30-2021-Serie-A
Liga Profesional Ecuador,M,ECU,2021,1st,First stage,14,Sun,2021-05-30,19:00,Univ Católica,2.0,Barcelona SC,0.0,,Estadio Olímpico Atahualpa,Diego Lara,,https://fbref.com/en/matches/91a73e88/Univ-Catolica-Barcelona-SC-May-30-2021-Serie-A
Liga Profesional Ecuador,M,ECU,2021,1st,First stage,7,Sat,2021-07-10,17:00,Independiente,2.0,Univ Católica,3.0,,Estadio General Rumiñahui del Valle de L...,Álex Cajas,,https://fbref.com/en/matches/b25c6308/Independiente-Univ-Catolica-July-10-2021-Serie-A
Liga Profesional Ecuador,M,ECU,2021,1st,First stage,11,Sat,2021-07-10,17:00,Barcelona SC,1.0,CS Emelec,1.0,,Estadio Monumental Isidro Romero Carbo,Luis Quiroz,,https://fbref.com/en/matches/869b0ef7/Barcelona-SC-CS-Emelec-July-10-2021-Serie-A
Liga Profesional Ecuador,M,ECU,2021,1st,First stage,15,Fri,2021-07-16,19:00,Técnico Univ.,0.0,LDU de Quito,1.0,,Estadio Bellavista de Ambato,Leandro Angulo,,https://fbref.com/en/matches/6aaec3e1/Tecnico-Univ-LDU-de-Quito-July-16-2021-Serie-A
Liga Profesional Ecuador,M,ECU,2021,1st,First stage,15,Sat,2021-07-17,12:30,Mushuc Runa,6.0,Delfín SC,1.0,,Estadio del Mushuc Runa Sporting Club,Carlos Orbe,,https://fbref.com/en/matches/bd060dde/Mushuc-Runa-Delfin-SC-July-17-2021-Serie-A
Liga Profesional Ecuador,M,ECU,2021,1st,First stage,15,Sat,2021-07-17,15:00,Orense,0.0,CD Olmedo,0.0,,Estadio 9 de Mayo,Carlos Aroca,,https://fbref.com/en/matches/e8d1b969/Orense-CD-Olmedo-July-17-2021-Serie-A
Liga Profesional Ecuador,M,ECU,2021,1st,First stage,15,Sat,2021-07-17,17:30,SD Aucas,3.0,Guayaquil City,0.0,,Estadio Gonzalo Pozo Ripalda,Marlon Vera,,https://fbref.com/en/matches/8b7a191f/SD-Aucas-Guayaquil-City-July-17-2021-Serie-A
Liga Profesional Ecuador,M,ECU,2021,1st,First stage,15,Sat,2021-07-17,20:00,Independiente,0.0,CD Cuenca,0.0,,Estadio banco Guayaquil,Roddy Zambrano,,https://fbref.com/en/matches/85af1d7e/Independiente-CD-Cuenca-July-17-2021-Serie-A
Liga Profesional Ecuador,M,ECU,2021,1st,First stage,15,Sun,2021-07-18,15:30,Manta Fútbol Club,0.0,CS Emelec,4.0,,Estadio Jocay,René Marín,,https://fbref.com/en/matches/af4792c7/Manta-Futbol-Club-CS-Emelec-July-18-2021-Serie-A
Liga Profesional Ecuador,M,ECU,2021,1st,First stage,15,Sun,2021-07-18,15:30,Barcelona SC,3.0,Macará,0.0,,Estadio Monumental Isidro Romero Carbo,Álex Cajas,,https://fbref.com/en/matches/e7e087c2/Barcelona-SC-Macara-July-18-2021-Serie-A
Liga Profesional Ecuador,M,ECU,2021,1st,First stage,15,Mon,2021-07-19,19:00,Club 9 de Octubre,1.0,Univ Católica,0.0,,Estadio Modelo Alberto Spencer Herrera,Franklin Congo,,https://fbref.com/en/matches/60582db9/Club-9-de-Octubre-Univ-Catolica-July-19-2021-Serie-A
Liga Profesional Ecuador,M,ECU,2021,1st,Second stage,1,Fri,2021-07-23,19:00,SD Aucas,1.0,Mushuc Runa,1.0,,Estadio Gonzalo Pozo Ripalda,Augusto Aragón,,https://fbref.com/en/matches/7c71374a/SD-Aucas-Mushuc-Runa-July-23-2021-Serie-A
Liga Profesional Ecuador,M,ECU,2021,1st,Second stage,1,Sat,2021-07-24,15:00,CD Olmedo,0.0,Univ Católica,3.0,,Estadio Olímpico de Riobamba,Roddy Zambrano,,https://fbref.com/en/matches/09917646/CD-Olmedo-Univ-Catolica-July-24-2021-Serie-A
Liga Profesional Ecuador,M,ECU,2021,1st,Second stage,1,Sat,2021-07-24,17:30,Macará,0.0,Guayaquil City,2.0,,Estadio Bellavista de Ambato,René Marín,,https://fbref.com/en/matches/223a87e5/Macara-Guayaquil-City-July-24-2021-Serie-A
Liga Profesional Ecuador,M,ECU,2021,1st,Second stage,1,Sat,2021-07-24,20:00,CD Cuenca,0.0,CS Emelec,1.0,,Estadio Alejandro Serrano Aguilar,Roberto Sánchez,,https://fbref.com/en/matches/cbc3fde9/CD-Cuenca-CS-Emelec-July-24-2021-Serie-A
Liga Profesional Ecuador,M,ECU,2021,1st,Second stage,1,Sun,2021-07-25,14:00,Independiente,3.0,Orense,2.0,,Estadio banco Guayaquil,Juan Andrade,,https://fbref.com/en/matches/a3b06e8a/Independiente-Orense-July-25-2021-Serie-A
Liga Profesional Ecuador,M,ECU,2021,1st,Second stage,1,Sun,2021-07-25,16:30,Club 9 de Octubre,4.0,LDU de Quito,1.0,,Estadio Modelo Alberto Spencer Herrera,Carlos Orbe,,https://fbref.com/en/matches/ad492734/Club-9-de-Octubre-LDU-de-Quito-July-25-2021-Serie-A
Liga Profesional Ecuador,M,ECU,2021,1st,Second stage,1,Sun,2021-07-25,19:00,Barcelona SC,2.0,Manta Fútbol Club,0.0,,Estadio Monumental Isidro Romero Carbo,Jaime Sánchez,,https://fbref.com/en/matches/b57e4f14/Barcelona-SC-Manta-Futbol-Club-July-25-2021-Serie-A
Liga Profesional Ecuador,M,ECU,2021,1st,Second stage,1,Mon,2021-07-26,19:00,Delfín SC,1.0,Técnico Univ.,1.0,,Estadio Jocay,Guillermo Guerrero,,https://fbref.com/en/matches/ca9a1c76/Delfin-SC-Tecnico-Univ-July-26-2021-Serie-A
Liga Profesional Ecuador,M,ECU,2021,1st,Second stage,2,Fri,2021-07-30,19:00,Manta Fútbol Club,0.0,Univ Católica,1.0,,Estadio Jocay,Mario Romero,,https://fbref.com/en/matches/90bb441d/Manta-Futbol-Club-Univ-Catolica-July-30-2021-Serie-A
Liga Profesional Ecuador,M,ECU,2021,1st,Second stage,2,Sat,2021-07-31,14:00,Mushuc Runa,1.0,Club 9 de Octubre,2.0,,Estadio del Mushuc Runa Sporting Club,Guillermo Guerrero,,https://fbref.com/en/matches/5ebd3a9d/Mushuc-Runa-Club-9-de-Octubre-July-31-2021-Serie-A
Liga Profesional Ecuador,M,ECU,2021,1st,Second stage,2,Sat,2021-07-31,16:30,Guayaquil City,2.0,CD Cuenca,1.0,,Estadio Christian Benítez Betancourt,Juan Andrade,,https://fbref.com/en/matches/9519ea60/Guayaquil-City-CD-Cuenca-July-31-2021-Serie-A
Liga Profesional Ecuador,M,ECU,2021,1st,Second stage,2,Sat,2021-07-31,19:00,Técnico Univ.,1.0,Barcelona SC,2.0,,Estadio Bellavista de Ambato,Roddy Zambrano,,https://fbref.com/en/matches/e27885bc/Tecnico-Univ-Barcelona-SC-July-31-2021-Serie-A
Liga Profesional Ecuador,M,ECU,2021,1st,Second stage,2,Sun,2021-08-01,14:00,Orense,2.0,Delfín SC,2.0,,Estadio 9 de Mayo,Franklin Congo,,https://fbref.com/en/matches/d1f3af88/Orense-Delfin-SC-August-1-2021-Serie-A
Liga Profesional Ecuador,M,ECU,2021,1st,Second stage,2,Sun,2021-08-01,16:30,Independiente,4.0,Macará,0.0,,Estadio banco Guayaquil,Roberto Sánchez,,https://fbref.com/en/matches/5686245d/Independiente-Macara-August-1-2021-Serie-A
Liga Profesional Ecuador,M,ECU,2021,1st,Second stage,2,Sun,2021-08-01,19:00,CS Emelec,2.0,SD Aucas,2.0,,Estadio Banco del Pacífico,Diego Lara,,https://fbref.com/en/matches/c18bae17/CS-Emelec-SD-Aucas-August-1-2021-Serie-A
Liga Profesional Ecuador,M,ECU,2021,1st,Second stage,2,Mon,2021-08-02,19:00,LDU de Quito,4.0,CD Olmedo,0.0,,Estadio Rodrigo Paz Delgado,Álex Cajas,,https://fbref.com/en/matches/cfa663a8/LDU-de-Quito-CD-Olmedo-August-2-2021-Serie-A
Liga Profesional Ecuador,M,ECU,2021,1st,Second stage,3,Fri,2021-08-06,19:00,CD Cuenca,1.0,Manta Fútbol Club,0.0,,Estadio Alejandro Serrano Aguilar,Leandro Angulo,,https://fbref.com/en/matches/4807c71a/CD-Cuenca-Manta-Futbol-Club-August-6-2021-Serie-A
Liga Profesional Ecuador,M,ECU,2021,1st,Second stage,3,Sat,2021-08-07,15:00,Mushuc Runa,0.0,Independiente,2.0,,Estadio Bellavista de Ambato,Jefferson Macias,,https://fbref.com/en/matches/ecb850e7/Mushuc-Runa-Independiente-August-7-2021-Serie-A
Liga Profesional Ecuador,M,ECU,2021,1st,Second stage,3,Sat,2021-08-07,17:30,Univ Católica,2.0,LDU de Quito,2.0,,Estadio Olímpico Atahualpa,Augusto Aragón,,https://fbref.com/en/matches/b9430e88/Univ-Catolica-LDU-de-Quito-August-7-2021-Serie-A
Liga Profesional Ecuador,M,ECU,2021,1st,Second stage,3,Sat,2021-08-07,20:00,Barcelona SC,2.0,Guayaquil City,1.0,,Estadio Monumental Isidro Romero Carbo,Álex Cajas,,https://fbref.com/en/matches/b96ed1ae/Barcelona-SC-Guayaquil-City-August-7-2021-Serie-A
Liga Profesional Ecuador,M,ECU,2021,1st,Second stage,3,Sun,2021-08-08,14:00,SD Aucas,0.0,Orense,0.0,,Estadio Gonzalo Pozo Ripalda,Anthony Yamil Díaz,,https://fbref.com/en/matches/70d3024a/SD-Aucas-Orense-August-8-2021-Serie-A
Liga Profesional Ecuador,M,ECU,2021,1st,Second stage,3,Sun,2021-08-08,16:30,Club 9 de Octubre,0.0,Técnico Univ.,1.0,,Estadio Modelo Alberto Spencer Herrera,Luis Quiroz,,https://fbref.com/en/matches/814198e1/Club-9-de-Octubre-Tecnico-Univ-August-8-2021-Serie-A
Liga Profesional Ecuador,M,ECU,2021,1st,Second stage,3,Sun,2021-08-08,19:00,Delfín SC,1.0,CS Emelec,2.0,,Estadio Jocay,Jaime Sánchez,,https://fbref.com/en/matches/4eb6765c/Delfin-SC-CS-Emelec-August-8-2021-Serie-A
Liga Profesional Ecuador,M,ECU,2021,1st,Second stage,3,Mon,2021-08-09,19:00,Macará,3.0,CD Olmedo,2.0,,Estadio Bellavista de Ambato,Carlos Orbe,,https://fbref.com/en/matches/342cb2d3/Macara-CD-Olmedo-August-9-2021-Serie-A
Liga Profesional Ecuador,M,ECU,2021,1st,Second stage,4,Fri,2021-08-13,19:00,Técnico Univ.,1.0,Univ Católica,1.0,,Estadio Bellavista de Ambato,Diego Lara,,https://fbref.com/en/matches/67c28205/Tecnico-Univ-Univ-Catolica-August-13-2021-Serie-A
Liga Profesional Ecuador,M,ECU,2021,1st,Second stage,4,Sat,2021-08-14,15:00,Independiente,1.0,SD Aucas,0.0,,Estadio banco Guayaquil,Mario Romero,,https://fbref.com/en/matches/2920e5df/Independiente-SD-Aucas-August-14-2021-Serie-A
Liga Profesional Ecuador,M,ECU,2021,1st,Second stage,4,Sat,2021-08-14,17:30,Guayaquil City,2.0,Delfín SC,1.0,,Estadio Christian Benítez Betancourt,Augusto Aragón,,https://fbref.com/en/matches/a88db5f4/Guayaquil-City-Delfin-SC-August-14-2021-Serie-A
Liga Profesional Ecuador,M,ECU,2021,1st,Second stage,4,Sat,2021-08-14,20:00,CS Emelec,3.0,Macará,0.0,,Estadio Banco del Pacífico,Jefferson Macias,,https://fbref.com/en/matches/146d41ef/CS-Emelec-Macara-August-14-2021-Serie-A
Liga Profesional Ecuador,M,ECU,2021,1st,Second stage,4,Sun,2021-08-15,13:00,Manta Fútbol Club,0.0,Mushuc Runa,0.0,,Estadio Jocay,Marlon Vera,,https://fbref.com/en/matches/b1890344/Manta-Futbol-Club-Mushuc-Runa-August-15-2021-Serie-A
Liga Profesional Ecuador,M,ECU,2021,1st,Second stage,4,Sun,2021-08-15,15:30,Orense,1.0,Barcelona SC,0.0,,Estadio 9 de Mayo,René Marín,,https://fbref.com/en/matches/4fe12bb3/Orense-Barcelona-SC-August-15-2021-Serie-A
Liga Profesional Ecuador,M,ECU,2021,1st,Second stage,4,Sun,2021-08-15,18:00,LDU de Quito,3.0,CD Cuenca,3.0,,Estadio Rodrigo Paz Delgado,Guillermo Guerrero,,https://fbref.com/en/matches/47e76185/LDU-de-Quito-CD-Cuenca-August-15-2021-Serie-A
Liga Profesional Ecuador,M,ECU,2021,1st,Second stage,4,Mon,2021-08-16,19:00,CD Olmedo,1.0,Club 9 de Octubre,2.0,,Estadio Olímpico de Riobamba,Gorky Araujo,,https://fbref.com/en/matches/34f9c415/CD-Olmedo-Club-9-de-Octubre-August-16-2021-Serie-A
Liga Profesional Ecuador,M,ECU,2021,1st,Second stage,5,Fri,2021-08-20,19:00,Macará,1.0,Mushuc Runa,1.0,,Estadio Bellavista de Ambato,Augusto Aragón,,https://fbref.com/en/matches/d590231f/Macara-Mushuc-Runa-August-20-2021-Serie-A
Liga Profesional Ecuador,M,ECU,2021,1st,Second stage,5,Sat,2021-08-21,15:00,CD Olmedo,0.0,Técnico Univ.,0.0,,Estadio Olímpico de Riobamba,Franklin Congo,,https://fbref.com/en/matches/bf6bee6d/CD-Olmedo-Tecnico-Univ-August-21-2021-Serie-A
Liga Profesional Ecuador,M,ECU,2021,1st,Second stage,5,Sat,2021-08-21,17:30,Univ Católica,1.0,Guayaquil City,1.0,,Estadio Olímpico Atahualpa,Jaime Sánchez,,https://fbref.com/en/matches/eab7d6dc/Univ-Catolica-Guayaquil-City-August-21-2021-Serie-A
Liga Profesional Ecuador,M,ECU,2021,1st,Second stage,5,Sat,2021-08-21,20:00,Club 9 de Octubre,2.0,CS Emelec,2.0,,Estadio Modelo Alberto Spencer Herrera,René Marín,,https://fbref.com/en/matches/ba418da2/Club-9-de-Octubre-CS-Emelec-August-21-2021-Serie-A
Liga Profesional Ecuador,M,ECU,2021,1st,Second stage,5,Sun,2021-08-22,14:00,Orense,1.0,CD Cuenca,1.0,,Estadio 9 de Mayo,Guillermo Guerrero,,https://fbref.com/en/matches/5d6f7284/Orense-CD-Cuenca-August-22-2021-Serie-A
Liga Profesional Ecuador,M,ECU,2021,1st,Second stage,5,Sun,2021-08-22,16:30,SD Aucas,3.0,Manta Fútbol Club,0.0,,Estadio Gonzalo Pozo Ripalda,Álex Cajas,,https://fbref.com/en/matches/e9b573e7/SD-Aucas-Manta-Futbol-Club-August-22-2021-Serie-A
Liga Profesional Ecuador,M,ECU,2021,1st,Second stage,5,Sun,2021-08-22,19:00,Delfín SC,0.0,Independiente,0.0,,Estadio Jocay,Roddy Zambrano,,https://fbref.com/en/matches/731dbb21/Delfin-SC-Independiente-August-22-2021-Serie-A
Liga Profesional Ecuador,M,ECU,2021,1st,Second stage,5,Mon,2021-08-23,19:00,Barcelona SC,0.0,LDU de Quito,2.0,,Estadio Monumental Isidro Romero Carbo,Diego Lara,,https://fbref.com/en/matches/4dc20682/Barcelona-SC-LDU-de-Quito-August-23-2021-Serie-A
Liga Profesional Ecuador,M,ECU,2021,1st,Second stage,6,Fri,2021-08-27,19:00,CS Emelec,4.0,CD Olmedo,0.0,,Estadio Banco del Pacífico,Roberto Sánchez,,https://fbref.com/en/matches/27b15fb9/CS-Emelec-CD-Olmedo-August-27-2021-Serie-A
Liga Profesional Ecuador,M,ECU,2021,1st,Second stage,6,Sat,2021-08-28,15:00,SD Aucas,1.0,Club 9 de Octubre,1.0,,Estadio Gonzalo Pozo Ripalda,Roddy Zambrano,,https://fbref.com/en/matches/a07259d8/SD-Aucas-Club-9-de-Octubre-August-28-2021-Serie-A
Liga Profesional Ecuador,M,ECU,2021,1st,Second stage,6,Sat,2021-08-28,17:30,Manta Fútbol Club,0.0,Orense,0.0,,Estadio Jocay,René Marín,,https://fbref.com/en/matches/49301b68/Manta-Futbol-Club-Orense-August-28-2021-Serie-A
Liga Profesional Ecuador,M,ECU,2021,1st,Second stage,6,Sat,2021-08-28,20:00,Mushuc Runa,1.0,LDU de Quito,3.0,,Estadio del Mushuc Runa Sporting Club,Álex Cajas,,https://fbref.com/en/matches/1214892c/Mushuc-Runa-LDU-de-Quito-August-28-2021-Serie-A
Liga Profesional Ecuador,M,ECU,2021,1st,Second stage,6,Sun,2021-08-29,14:00,Guayaquil City,1.0,Técnico Univ.,0.0,,Estadio Christian Benítez Betancourt,Jefferson Macias,,https://fbref.com/en/matches/d986ca3a/Guayaquil-City-Tecnico-Univ-August-29-2021-Serie-A
Liga Profesional Ecuador,M,ECU,2021,1st,Second stage,6,Sun,2021-08-29,16:30,Macará,1.0,Univ Católica,2.0,,Estadio Bellavista de Ambato,Juan Andrade,,https://fbref.com/en/matches/9bf5920b/Macara-Univ-Catolica-August-29-2021-Serie-A
Liga Profesional Ecuador,M,ECU,2021,1st,Second stage,6,Sun,2021-08-29,19:00,Independiente,1.0,Barcelona SC,0.0,,Estadio banco Guayaquil,Carlos Orbe,,https://fbref.com/en/matches/8012adc3/Independiente-Barcelona-SC-August-29-2021-Serie-A
Liga Profesional Ecuador,M,ECU,2021,1st,Second stage,6,Mon,2021-08-30,19:00,CD Cuenca,2.0,Delfín SC,3.0,,Estadio Alejandro Serrano Aguilar,Marlon Vera,,https://fbref.com/en/matches/ae4b9319/CD-Cuenca-Delfin-SC-August-30-2021-Serie-A
Liga Profesional Ecuador,M,ECU,2021,1st,Second stage,7,Mon,2021-09-13,19:00,Univ Católica,1.0,Independiente,3.0,,Estadio Olímpico Atahualpa,Luis Quiroz,,https://fbref.com/en/matches/947ccb43/Univ-Catolica-Independiente-September-13-2021-Serie-A
Liga Profesional Ecuador,M,ECU,2021,1st,Second stage,7,Fri,2021-09-17,19:00,Barcelona SC,3.0,CD Cuenca,2.0,,Estadio Monumental Isidro Romero Carbo,Augusto Aragón,,https://fbref.com/en/matches/b228e192/Barcelona-SC-CD-Cuenca-September-17-2021-Serie-A
Liga Profesional Ecuador,M,ECU,2021,1st,Second stage,7,Sat,2021-09-18,15:00,Orense,2.0,Guayaquil City,0.0,,Estadio 9 de Mayo,Marlon Vera,,https://fbref.com/en/matches/355aa114/Orense-Guayaquil-City-September-18-2021-Serie-A
Liga Profesional Ecuador,M,ECU,2021,1st,Second stage,7,Sat,2021-09-18,17:30,Delfín SC,1.0,SD Aucas,2.0,,Estadio Jocay,René Marín,,https://fbref.com/en/matches/a6e7fa0f/Delfin-SC-SD-Aucas-September-18-2021-Serie-A
Liga Profesional Ecuador,M,ECU,2021,1st,Second stage,7,Sat,2021-09-18,20:00,Club 9 de Octubre,1.0,Macará,1.0,,Estadio Modelo Alberto Spencer Herrera,Franklin Congo,,https://fbref.com/en/matches/83ee35fa/Club-9-de-Octubre-Macara-September-18-2021-Serie-A
Liga Profesional Ecuador,M,ECU,2021,1st,Second stage,7,Sun,2021-09-19,14:00,CD Olmedo,2.0,Mushuc Runa,5.0,,Estadio Olímpico de Riobamba,Gabriel González,,https://fbref.com/en/matches/fe7c703b/CD-Olmedo-Mushuc-Runa-September-19-2021-Serie-A
Liga Profesional Ecuador,M,ECU,2021,1st,Second stage,7,Sun,2021-09-19,16:30,Técnico Univ.,0.0,Manta Fútbol Club,0.0,,Estadio Bellavista de Ambato,Carlos Orbe,,https://fbref.com/en/matches/0181140b/Tecnico-Univ-Manta-Futbol-Club-September-19-2021-Serie-A
Liga Profesional Ecuador,M,ECU,2021,1st,Second stage,7,Sun,2021-09-19,19:00,LDU de Quito,3.0,CS Emelec,2.0,,Estadio Rodrigo Paz Delgado,Roddy Zambrano,,https://fbref.com/en/matches/3d9b13b1/LDU-de-Quito-CS-Emelec-September-19-2021-Serie-A
Liga Profesional Ecuador,M,ECU,2021,1st,Second stage,8,Fri,2021-09-24,19:00,Independiente,1.0,Técnico Univ.,1.0,,Estadio banco Guayaquil,Juan Andrade,,https://fbref.com/en/matches/b6d3fea1/Independiente-Tecnico-Univ-September-24-2021-Serie-A
Liga Profesional Ecuador,M,ECU,2021,1st,Second stage,8,Sat,2021-09-25,15:00,Mushuc Runa,0.0,Orense,0.0,,Estadio del Mushuc Runa Sporting Club,Roberto Sánchez,,https://fbref.com/en/matches/e9c71c24/Mushuc-Runa-Orense-September-25-2021-Serie-A
Liga Profesional Ecuador,M,ECU,2021,1st,Second stage,8,Sat,2021-09-25,17:30,Guayaquil City,0.0,Club 9 de Octubre,1.0,,Estadio Christian Benítez Betancourt,Carlos Orbe,,https://fbref.com/en/matches/4b4194fd/Guayaquil-City-Club-9-de-Octubre-September-25-2021-Serie-A
Liga Profesional Ecuador,M,ECU,2021,1st,Second stage,8,Sat,2021-09-25,20:00,Manta Fútbol Club,2.0,LDU de Quito,2.0,,Estadio Jocay,Guillermo Guerrero,,https://fbref.com/en/matches/eb8b1ac1/Manta-Futbol-Club-LDU-de-Quito-September-25-2021-Serie-A
Liga Profesional Ecuador,M,ECU,2021,1st,Second stage,8,Sun,2021-09-26,14:00,CD Cuenca,5.0,CD Olmedo,0.0,,Estadio Alejandro Serrano Aguilar,Mario Romero,,https://fbref.com/en/matches/b25df636/CD-Cuenca-CD-Olmedo-September-26-2021-Serie-A
Liga Profesional Ecuador,M,ECU,2021,1st,Second stage,8,Sun,2021-09-26,16:30,Macará,2.0,Delfín SC,3.0,,Estadio Bellavista de Ambato,Luis Quiroz,,https://fbref.com/en/matches/0d24a581/Macara-Delfin-SC-September-26-2021-Serie-A
Liga Profesional Ecuador,M,ECU,2021,1st,Second stage,8,Sun,2021-09-26,19:00,CS Emelec,2.0,Univ Católica,2.0,,Estadio Banco del Pacífico,Augusto Aragón,,https://fbref.com/en/matches/8673460e/CS-Emelec-Univ-Catolica-September-26-2021-Serie-A
Liga Profesional Ecuador,M,ECU,2021,1st,Second stage,9,Fri,2021-10-01,19:00,Univ Católica,3.0,CD Cuenca,2.0,,Estadio Olímpico Atahualpa,Henri Arizaga,,https://fbref.com/en/matches/e99b97e0/Univ-Catolica-CD-Cuenca-October-1-2021-Serie-A
Liga Profesional Ecuador,M,ECU,2021,1st,Second stage,9,Sat,2021-10-02,15:00,Orense,2.0,Macará,1.0,,Estadio 9 de Mayo,Juan Andrade,,https://fbref.com/en/matches/7443b5a2/Orense-Macara-October-2-2021-Serie-A
Liga Profesional Ecuador,M,ECU,2021,1st,Second stage,9,Sat,2021-10-02,17:30,Club 9 de Octubre,1.0,Independiente,0.0,,Estadio Modelo Alberto Spencer Herrera,Augusto Aragón,,https://fbref.com/en/matches/7006f7e3/Club-9-de-Octubre-Independiente-October-2-2021-Serie-A
Liga Profesional Ecuador,M,ECU,2021,1st,Second stage,9,Sat,2021-10-02,20:00,LDU de Quito,3.0,Guayaquil City,1.0,,Estadio Rodrigo Paz Delgado,Luis Quiroz,,https://fbref.com/en/matches/d4bebd09/LDU-de-Quito-Guayaquil-City-October-2-2021-Serie-A
Liga Profesional Ecuador,M,ECU,2021,1st,Second stage,9,Sun,2021-10-03,14:00,CD Olmedo,1.0,SD Aucas,4.0,,Estadio Olímpico de Riobamba,Guillermo Guerrero,,https://fbref.com/en/matches/132cf599/CD-Olmedo-SD-Aucas-October-3-2021-Serie-A
Liga Profesional Ecuador,M,ECU,2021,1st,Second stage,9,Sun,2021-10-03,16:30,Barcelona SC,4.0,Mushuc Runa,0.0,,Estadio Monumental Isidro Romero Carbo,Marlon Vera,,https://fbref.com/en/matches/918b66e6/Barcelona-SC-Mushuc-Runa-October-3-2021-Serie-A
Liga Profesional Ecuador,M,ECU,2021,1st,Second stage,9,Sun,2021-10-03,19:00,Técnico Univ.,1.0,CS Emelec,0.0,,Estadio Bellavista de Ambato,Jaime Sánchez,,https://fbref.com/en/matches/61d5981b/Tecnico-Univ-CS-Emelec-October-3-2021-Serie-A
Liga Profesional Ecuador,M,ECU,2021,1st,Second stage,9,Mon,2021-10-04,19:00,Delfín SC,2.0,Manta Fútbol Club,1.0,,Estadio Jocay,Roddy Zambrano,,https://fbref.com/en/matches/ab49c5ea/Delfin-SC-Manta-Futbol-Club-October-4-2021-Serie-A
Liga Profesional Ecuador,M,ECU,2021,1st,Second stage,10,Fri,2021-10-15,19:00,CS Emelec,1.0,Orense,0.0,,Estadio Banco del Pacífico,Álex Cajas,,https://fbref.com/en/matches/1dd03e3d/CS-Emelec-Orense-October-15-2021-Serie-A
Liga Profesional Ecuador,M,ECU,2021,1st,Second stage,10,Sat,2021-10-16,15:00,Guayaquil City,4.0,CD Olmedo,2.0,,Estadio Christian Benítez Betancourt,Roddy Zambrano,,https://fbref.com/en/matches/90cc56cc/Guayaquil-City-CD-Olmedo-October-16-2021-Serie-A
Liga Profesional Ecuador,M,ECU,2021,1st,Second stage,10,Sat,2021-10-16,17:30,SD Aucas,1.0,Univ Católica,2.0,,Estadio Gonzalo Pozo Ripalda,Marlon Vera,,https://fbref.com/en/matches/31e7bb6d/SD-Aucas-Univ-Catolica-October-16-2021-Serie-A
Liga Profesional Ecuador,M,ECU,2021,1st,Second stage,10,Sat,2021-10-16,20:00,Macará,2.0,LDU de Quito,1.0,,Estadio Bellavista de Ambato,René Marín,,https://fbref.com/en/matches/fdf79af4/Macara-LDU-de-Quito-October-16-2021-Serie-A
Liga Profesional Ecuador,M,ECU,2021,1st,Second stage,10,Sun,2021-10-17,14:00,Mushuc Runa,0.0,Técnico Univ.,1.0,,Estadio Bellavista de Ambato,Augusto Aragón,,https://fbref.com/en/matches/8c24b109/Mushuc-Runa-Tecnico-Univ-October-17-2021-Serie-A
Liga Profesional Ecuador,M,ECU,2021,1st,Second stage,10,Sun,2021-10-17,16:30,CD Cuenca,3.0,Club 9 de Octubre,1.0,,Estadio Alejandro Serrano Aguilar,Jaime Sánchez,,https://fbref.com/en/matches/ae49c2d7/CD-Cuenca-Club-9-de-Octubre-October-17-2021-Serie-A
Liga Profesional Ecuador,M,ECU,2021,1st,Second stage,10,Sun,2021-10-17,19:00,Delfín SC,4.0,Barcelona SC,1.0,,Estadio Jocay,Roberto Sánchez,,https://fbref.com/en/matches/d0a787a5/Delfin-SC-Barcelona-SC-October-17-2021-Serie-A
Liga Profesional Ecuador,M,ECU,2021,1st,Second stage,10,Mon,2021-10-18,19:00,Independiente,1.0,Manta Fútbol Club,1.0,,Estadio banco Guayaquil,Diego Lara,,https://fbref.com/en/matches/082ca9a3/Independiente-Manta-Futbol-Club-October-18-2021-Serie-A
Liga Profesional Ecuador,M,ECU,2021,1st,Second stage,11,Fri,2021-10-22,19:00,Técnico Univ.,1.0,SD Aucas,1.0,,Estadio Bellavista de Ambato,Franklin Congo,,https://fbref.com/en/matches/0102b949/Tecnico-Univ-SD-Aucas-October-22-2021-Serie-A
Liga Profesional Ecuador,M,ECU,2021,1st,Second stage,11,Sat,2021-10-23,15:00,Univ Católica,0.0,Mushuc Runa,1.0,,Estadio Olímpico Atahualpa,Anthony Yamil Díaz,,https://fbref.com/en/matches/f982e53e/Univ-Catolica-Mushuc-Runa-October-23-2021-Serie-A
Liga Profesional Ecuador,M,ECU,2021,1st,Second stage,11,Sat,2021-10-23,17:30,Club 9 de Octubre,3.0,Orense,1.0,,Estadio Modelo Alberto Spencer Herrera,Diego Lara,,https://fbref.com/en/matches/ce5e7aad/Club-9-de-Octubre-Orense-October-23-2021-Serie-A
Liga Profesional Ecuador,M,ECU,2021,1st,Second stage,11,Sat,2021-10-23,20:00,LDU de Quito,0.0,Independiente,2.0,,Estadio Rodrigo Paz Delgado,Guillermo Guerrero,,https://fbref.com/en/matches/e7d66f8a/LDU-de-Quito-Independiente-October-23-2021-Serie-A
Liga Profesional Ecuador,M,ECU,2021,1st,Second stage,11,Sun,2021-10-24,13:30,CD Olmedo,1.0,Delfín SC,3.0,,Estadio Olímpico de Riobamba,Leandro Angulo,,https://fbref.com/en/matches/04a3dc93/CD-Olmedo-Delfin-SC-October-24-2021-Serie-A
Liga Profesional Ecuador,M,ECU,2021,1st,Second stage,11,Sun,2021-10-24,16:00,Manta Fútbol Club,1.0,Guayaquil City,1.0,,Estadio Jocay,Roberto Sánchez,,https://fbref.com/en/matches/b4be429c/Manta-Futbol-Club-Guayaquil-City-October-24-2021-Serie-A
Liga Profesional Ecuador,M,ECU,2021,1st,Second stage,11,Sun,2021-10-24,18:30,CS Emelec,2.0,Barcelona SC,1.0,,Estadio Banco del Pacífico,Augusto Aragón,,https://fbref.com/en/matches/368c4d54/CS-Emelec-Barcelona-SC-October-24-2021-Serie-A
Liga Profesional Ecuador,M,ECU,2021,1st,Second stage,11,Mon,2021-10-25,19:00,CD Cuenca,1.0,Macará,1.0,,Estadio Alejandro Serrano Aguilar,Byran Loayza,,https://fbref.com/en/matches/3a893716/CD-Cuenca-Macara-October-25-2021-Serie-A
Liga Profesional Ecuador,M,ECU,2021,1st,Second stage,8,Wed,2021-10-27,19:00,SD Aucas,1.0,Barcelona SC,0.0,,Estadio Gonzalo Pozo Ripalda,Jaime Sánchez,,https://fbref.com/en/matches/d10fd024/SD-Aucas-Barcelona-SC-October-27-2021-Serie-A
Liga Profesional Ecuador,M,ECU,2021,1st,Second stage,12,Fri,2021-10-29,19:00,Delfín SC,0.0,Univ Católica,2.0,,Estadio Jocay,Juan Andrade,,https://fbref.com/en/matches/13e00cb0/Delfin-SC-Univ-Catolica-October-29-2021-Serie-A
Liga Profesional Ecuador,M,ECU,2021,1st,Second stage,12,Sat,2021-10-30,15:00,Orense,0.0,Técnico Univ.,0.0,,Estadio 9 de Mayo,Marlon Vera,,https://fbref.com/en/matches/48336d10/Orense-Tecnico-Univ-October-30-2021-Serie-A
Liga Profesional Ecuador,M,ECU,2021,1st,Second stage,12,Sat,2021-10-30,17:30,Macará,1.0,Manta Fútbol Club,2.0,,Estadio Bellavista de Ambato,Luis Quiroz,,https://fbref.com/en/matches/22a765a6/Macara-Manta-Futbol-Club-October-30-2021-Serie-A
Liga Profesional Ecuador,M,ECU,2021,1st,Second stage,12,Sat,2021-10-30,20:00,Guayaquil City,0.0,CS Emelec,1.0,,Estadio Christian Benítez Betancourt,Franklin Congo,,https://fbref.com/en/matches/1dd0cb17/Guayaquil-City-CS-Emelec-October-30-2021-Serie-A
Liga Profesional Ecuador,M,ECU,2021,1st,Second stage,12,Sun,2021-10-31,14:00,Mushuc Runa,1.0,CD Cuenca,0.0,,Estadio del Mushuc Runa Sporting Club,Carlos Orbe,,https://fbref.com/en/matches/0940f244/Mushuc-Runa-CD-Cuenca-October-31-2021-Serie-A
Liga Profesional Ecuador,M,ECU,2021,1st,Second stage,12,Sun,2021-10-31,16:30,Independiente,5.0,CD Olmedo,0.0,,Estadio banco Guayaquil,Roberto Sánchez,,https://fbref.com/en/matches/65032aa6/Independiente-CD-Olmedo-October-31-2021-Serie-A
Liga Profesional Ecuador,M,ECU,2021,1st,Second stage,12,Sun,2021-10-31,19:00,SD Aucas,1.0,LDU de Quito,0.0,,Estadio Gonzalo Pozo Ripalda,Roddy Zambrano,,https://fbref.com/en/matches/78bd47a4/SD-Aucas-LDU-de-Quito-October-31-2021-Serie-A
Liga Profesional Ecuador,M,ECU,2021,1st,Second stage,12,Mon,2021-11-01,19:00,Barcelona SC,1.0,Club 9 de Octubre,3.0,,Estadio Monumental Isidro Romero Carbo,Álex Cajas,,https://fbref.com/en/matches/2d7dd5a9/Barcelona-SC-Club-9-de-Octubre-November-1-2021-Serie-A
Liga Profesional Ecuador,M,ECU,2021,1st,Second stage,13,Fri,2021-11-05,19:00,CS Emelec,2.0,Mushuc Runa,0.0,,Estadio Banco del Pacífico,Marlon Vera,,https://fbref.com/en/matches/67d1e31c/CS-Emelec-Mushuc-Runa-November-5-2021-Serie-A
Liga Profesional Ecuador,M,ECU,2021,1st,Second stage,13,Sat,2021-11-06,15:00,Univ Católica,1.0,Orense,0.0,,Estadio Olímpico Atahualpa,Roddy Zambrano,,https://fbref.com/en/matches/6353ad52/Univ-Catolica-Orense-November-6-2021-Serie-A
Liga Profesional Ecuador,M,ECU,2021,1st,Second stage,13,Sat,2021-11-06,17:30,CD Cuenca,2.0,SD Aucas,1.0,,Estadio Alejandro Serrano Aguilar,Roberto Sánchez,,https://fbref.com/en/matches/5211e654/CD-Cuenca-SD-Aucas-November-6-2021-Serie-A
Liga Profesional Ecuador,M,ECU,2021,1st,Second stage,13,Sat,2021-11-06,20:00,CD Olmedo,0.0,Barcelona SC,2.0,,Estadio Olímpico de Riobamba,Franklin Congo,,https://fbref.com/en/matches/295f2bdf/CD-Olmedo-Barcelona-SC-November-6-2021-Serie-A
Liga Profesional Ecuador,M,ECU,2021,1st,Second stage,13,Sun,2021-11-07,14:00,Técnico Univ.,2.0,Macará,0.0,,Estadio Bellavista de Ambato,Guillermo Guerrero,,https://fbref.com/en/matches/cec0bd4d/Tecnico-Univ-Macara-November-7-2021-Serie-A
Liga Profesional Ecuador,M,ECU,2021,1st,Second stage,13,Sun,2021-11-07,16:30,LDU de Quito,1.0,Delfín SC,1.0,,Estadio Rodrigo Paz Delgado,Jaime Sánchez,,https://fbref.com/en/matches/28fcbdbe/LDU-de-Quito-Delfin-SC-November-7-2021-Serie-A
Liga Profesional Ecuador,M,ECU,2021,1st,Second stage,13,Sun,2021-11-07,19:00,Guayaquil City,0.0,Independiente,2.0,,Estadio Christian Benítez Betancourt,Luis Quiroz,,https://fbref.com/en/matches/d385bab9/Guayaquil-City-Independiente-November-7-2021-Serie-A
Liga Profesional Ecuador,M,ECU,2021,1st,Second stage,13,Mon,2021-11-08,19:00,Manta Fútbol Club,1.0,Club 9 de Octubre,3.0,,Estadio Jocay,Augusto Aragón,,https://fbref.com/en/matches/3765dc4c/Manta-Futbol-Club-Club-9-de-Octubre-November-8-2021-Serie-A
Liga Profesional Ecuador,M,ECU,2021,1st,Second stage,14,Fri,2021-11-19,19:00,SD Aucas,2.0,Macará,4.0,,Estadio Gonzalo Pozo Ripalda,Álex Cajas,,https://fbref.com/en/matches/815792b4/SD-Aucas-Macara-November-19-2021-Serie-A
Liga Profesional Ecuador,M,ECU,2021,1st,Second stage,14,Sat,2021-11-20,20:00,Barcelona SC,1.0,Univ Católica,1.0,,Estadio Monumental Isidro Romero Carbo,Roberto Sánchez,,https://fbref.com/en/matches/53a48b9d/Barcelona-SC-Univ-Catolica-November-20-2021-Serie-A
Liga Profesional Ecuador,M,ECU,2021,1st,Second stage,14,Sat,2021-11-20,20:00,Independiente,3.0,CS Emelec,2.0,,Estadio banco Guayaquil,Guillermo Guerrero,,https://fbref.com/en/matches/598d77e2/Independiente-CS-Emelec-November-20-2021-Serie-A
Liga Profesional Ecuador,M,ECU,2021,1st,Second stage,14,Sat,2021-11-20,20:00,Club 9 de Octubre,1.0,Delfín SC,0.0,,Estadio Modelo Alberto Spencer Herrera,René Marín,,https://fbref.com/en/matches/d15491f5/Club-9-de-Octubre-Delfin-SC-November-20-2021-Serie-A
Liga Profesional Ecuador,M,ECU,2021,1st,Second stage,14,Sun,2021-11-21,15:30,Manta Fútbol Club,3.0,CD Olmedo,0.0,,Estadio Jocay,Marlon Vera,,https://fbref.com/en/matches/58b3e1a0/Manta-Futbol-Club-CD-Olmedo-November-21-2021-Serie-A
Liga Profesional Ecuador,M,ECU,2021,1st,Second stage,14,Sun,2021-11-21,15:30,Orense,1.0,LDU de Quito,1.0,,Estadio 9 de Mayo,Luis Quiroz,,https://fbref.com/en/matches/80bc6ae2/Orense-LDU-de-Quito-November-21-2021-Serie-A
Liga Profesional Ecuador,M,ECU,2021,1st,Second stage,14,Sun,2021-11-21,15:30,Mushuc Runa,1.0,Guayaquil City,0.0,,Estadio Cooperativa de Ahorro y Crédito ...,Augusto Aragón,,https://fbref.com/en/matches/d190a553/Mushuc-Runa-Guayaquil-City-November-21-2021-Serie-A
Liga Profesional Ecuador,M,ECU,2021,1st,Second stage,14,Mon,2021-11-22,19:00,Técnico Univ.,3.0,CD Cuenca,1.0,,Estadio Bellavista de Ambato,Anthony Yamil Díaz,,https://fbref.com/en/matches/94fe1696/Tecnico-Univ-CD-Cuenca-November-22-2021-Serie-A
Liga Profesional Ecuador,M,ECU,2021,1st,Second stage,15,Fri,2021-11-26,19:00,LDU de Quito,1.0,Técnico Univ.,0.0,,Estadio Rodrigo Paz Delgado,Byran Loayza,,https://fbref.com/en/matches/951c037f/LDU-de-Quito-Tecnico-Univ-November-26-2021-Serie-A
Liga Profesional Ecuador,M,ECU,2021,1st,Second stage,15,Sat,2021-11-27,20:00,CD Olmedo,0.0,Orense,2.0,,Estadio Olímpico de Riobamba,Diego Lara,,https://fbref.com/en/matches/72141dac/CD-Olmedo-Orense-November-27-2021-Serie-A
Liga Profesional Ecuador,M,ECU,2021,1st,Second stage,15,Sat,2021-11-27,20:00,Delfín SC,3.0,Mushuc Runa,0.0,,Estadio Jocay,Marlon Vera,,https://fbref.com/en/matches/aca4de72/Delfin-SC-Mushuc-Runa-November-27-2021-Serie-A
Liga Profesional Ecuador,M,ECU,2021,1st,Second stage,15,Sat,2021-11-27,20:00,CD Cuenca,1.0,Independiente,1.0,,Estadio Alejandro Serrano Aguilar,Franklin Congo,,https://fbref.com/en/matches/ae30730d/CD-Cuenca-Independiente-November-27-2021-Serie-A
Liga Profesional Ecuador,M,ECU,2021,1st,Second stage,15,Sat,2021-11-27,20:00,Guayaquil City,1.0,SD Aucas,0.0,,Estadio Christian Benítez Betancourt,Roddy Zambrano,,https://fbref.com/en/matches/e68071f8/Guayaquil-City-SD-Aucas-November-27-2021-Serie-A
Liga Profesional Ecuador,M,ECU,2021,1st,Second stage,15,Sat,2021-11-27,20:00,CS Emelec,4.0,Manta Fútbol Club,0.0,,Estadio Banco del Pacífico,Roberto Sánchez,,https://fbref.com/en/matches/ef9cfead/CS-Emelec-Manta-Futbol-Club-November-27-2021-Serie-A
Liga Profesional Ecuador,M,ECU,2021,1st,Second stage,15,Sun,2021-11-28,19:00,Univ Católica,3.0,Club 9 de Octubre,0.0,,Estadio Olímpico Atahualpa,Juan Andrade,,https://fbref.com/en/matches/3891ed54/Univ-Catolica-Club-9-de-Octubre-November-28-2021-Serie-A
Liga Profesional Ecuador,M,ECU,2021,1st,Second stage,15,Sun,2021-11-28,19:00,Macará,1.0,Barcelona SC,1.0,,Estadio Bellavista de Ambato,Luis Quiroz,,https://fbref.com/en/matches/3cc9d829/Macara-Barcelona-SC-November-28-2021-Serie-A
Liga Profesional Ecuador,M,ECU,2021,1st,Final,,Sun,2021-12-05,19:00,Independiente,3.0,CS Emelec,1.0,,Estadio banco Guayaquil,Luis Quiroz,Leg 1 of 2,https://fbref.com/en/matches/56467039/Independiente-CS-Emelec-December-5-2021-Serie-A
Liga Profesional Ecuador,M,ECU,2021,1st,Final,,Sun,2021-12-12,19:00,CS Emelec,1.0,Independiente,1.0,,Estadio Banco del Pacífico,Augusto Aragón,Leg 2 of 2; Independiente won,https://fbref.com/en/matches/0230db16/CS-Emelec-Independiente-December-12-2021-Serie-A
Liga Profesional Ecuador,M,ECU,2022,1st,First stage,1,Fri,2022-02-18,19:00,CS Emelec,4.0,Macará,0.0,,Estadio Banco del Pacífico,Franklin Congo,,https://fbref.com/en/matches/605182ba/CS-Emelec-Macara-February-18-2022-Serie-A
Liga Profesional Ecuador,M,ECU,2022,1st,First stage,1,Sat,2022-02-19,15:00,Mushuc Runa,1.0,Univ Católica,2.0,,Estadio Cooperativa de Ahorro y Crédito ...,René Marín,,https://fbref.com/en/matches/409fa16f/Mushuc-Runa-Univ-Catolica-February-19-2022-Serie-A
Liga Profesional Ecuador,M,ECU,2022,1st,First stage,1,Sat,2022-02-19,17:30,LDU de Quito,1.0,Gualaceo Sporting Club,0.0,,Estadio Rodrigo Paz Delgado,Mario Romero,,https://fbref.com/en/matches/e6464cbc/LDU-de-Quito-Gualaceo-Sporting-Club-February-19-2022-Serie-A
Liga Profesional Ecuador,M,ECU,2022,1st,First stage,1,Sat,2022-02-19,20:00,Delfín SC,0.0,Barcelona SC,1.0,,Estadio Jocay,Carlos Orbe,,https://fbref.com/en/matches/b7cabc00/Delfin-SC-Barcelona-SC-February-19-2022-Serie-A
Liga Profesional Ecuador,M,ECU,2022,1st,First stage,1,Sun,2022-02-20,14:00,Orense,1.0,SD Aucas,1.0,,Estadio 9 de Mayo,Luis Quiroz,,https://fbref.com/en/matches/a7b96af1/Orense-SD-Aucas-February-20-2022-Serie-A
Liga Profesional Ecuador,M,ECU,2022,1st,First stage,1,Sun,2022-02-20,16:30,Guayaquil City,3.0,CD Cuenca,0.0,,Estadio Christian Benítez Betancourt,Juan Andrade,Match awarded to Guayaquil City,https://fbref.com/en/matches/262ef18a/Guayaquil-City-CD-Cuenca-February-20-2022-Serie-A
Liga Profesional Ecuador,M,ECU,2022,1st,First stage,1,Sun,2022-02-20,19:00,Cumbayá FC,0.0,Independiente,1.0,,Estadio Gerardo León Pozo,Anthony Yamil Díaz,,https://fbref.com/en/matches/3558803d/Cumbaya-FC-Independiente-February-20-2022-Serie-A
Liga Profesional Ecuador,M,ECU,2022,1st,First stage,1,Mon,2022-02-21,19:00,Técnico Univ.,2.0,Club 9 de Octubre,1.0,,Estadio Bellavista de Ambato,Roberto Sánchez,,https://fbref.com/en/matches/1a083d56/Tecnico-Univ-Club-9-de-Octubre-February-21-2022-Serie-A
Liga Profesional Ecuador,M,ECU,2022,1st,First stage,2,Fri,2022-02-25,19:00,CD Cuenca,2.0,LDU de Quito,0.0,,Estadio Alejandro Serrano Aguilar,Álex Cajas,,https://fbref.com/en/matches/7f149ccf/CD-Cuenca-LDU-de-Quito-February-25-2022-Serie-A
Liga Profesional Ecuador,M,ECU,2022,1st,First stage,2,Sat,2022-02-26,15:00,SD Aucas,3.0,Delfín SC,0.0,,Estadio Gonzalo Pozo Ripalda,Jaime Sánchez,,https://fbref.com/en/matches/c0fb9f82/SD-Aucas-Delfin-SC-February-26-2022-Serie-A
Liga Profesional Ecuador,M,ECU,2022,1st,First stage,2,Sat,2022-02-26,17:30,Univ Católica,1.0,Guayaquil City,1.0,,Estadio Olímpico Atahualpa,Byran Loayza,,https://fbref.com/en/matches/677f0158/Univ-Catolica-Guayaquil-City-February-26-2022-Serie-A
Liga Profesional Ecuador,M,ECU,2022,1st,First stage,2,Sat,2022-02-26,20:00,Barcelona SC,1.0,Técnico Univ.,0.0,,Estadio Monumental Isidro Romero Carbo,René Marín,,https://fbref.com/en/matches/57cb5be8/Barcelona-SC-Tecnico-Univ-February-26-2022-Serie-A
Liga Profesional Ecuador,M,ECU,2022,1st,First stage,2,Sun,2022-02-27,14:00,Gualaceo Sporting Club,0.0,Cumbayá FC,1.0,,Estadio Gerardo León Pozo,Franklin Congo,,https://fbref.com/en/matches/bbde95ca/Gualaceo-Sporting-Club-Cumbaya-FC-February-27-2022-Serie-A
Liga Profesional Ecuador,M,ECU,2022,1st,First stage,2,Sun,2022-02-27,16:30,Club 9 de Octubre,2.0,Mushuc Runa,0.0,,Estadio Modelo Alberto Spencer Herrera,Juan Andrade,,https://fbref.com/en/matches/8a203d48/Club-9-de-Octubre-Mushuc-Runa-February-27-2022-Serie-A
Liga Profesional Ecuador,M,ECU,2022,1st,First stage,2,Sun,2022-02-27,19:00,Independiente,0.0,CS Emelec,1.0,,Estadio banco Guayaquil,Luis Quiroz,,https://fbref.com/en/matches/d930fd80/Independiente-CS-Emelec-February-27-2022-Serie-A
Liga Profesional Ecuador,M,ECU,2022,1st,First stage,2,Mon,2022-02-28,19:00,Macará,1.0,Orense,0.0,,Estadio Bellavista de Ambato,Guillermo Guerrero,,https://fbref.com/en/matches/c68a4508/Macara-Orense-February-28-2022-Serie-A
Liga Profesional Ecuador,M,ECU,2022,1st,First stage,3,Fri,2022-03-04,19:00,CS Emelec,2.0,Guayaquil City,2.0,,Estadio Banco del Pacífico,Guillermo Guerrero,,https://fbref.com/en/matches/b9f7b85c/CS-Emelec-Guayaquil-City-March-4-2022-Serie-A
Liga Profesional Ecuador,M,ECU,2022,1st,First stage,3,Sat,2022-03-05,15:00,Técnico Univ.,1.0,Mushuc Runa,3.0,,Estadio Bellavista de Ambato,Jaime Sánchez,,https://fbref.com/en/matches/4c5e16bc/Tecnico-Univ-Mushuc-Runa-March-5-2022-Serie-A
Liga Profesional Ecuador,M,ECU,2022,1st,First stage,3,Sat,2022-03-05,17:30,LDU de Quito,2.0,Univ Católica,1.0,,Estadio Rodrigo Paz Delgado,Franklin Congo,,https://fbref.com/en/matches/7bc6d791/LDU-de-Quito-Univ-Catolica-March-5-2022-Serie-A
Liga Profesional Ecuador,M,ECU,2022,1st,First stage,3,Sat,2022-03-05,20:00,Club 9 de Octubre,1.0,Barcelona SC,3.0,,Estadio Modelo Alberto Spencer Herrera,Carlos Orbe,,https://fbref.com/en/matches/06f3b4dc/Club-9-de-Octubre-Barcelona-SC-March-5-2022-Serie-A
Liga Profesional Ecuador,M,ECU,2022,1st,First stage,3,Sun,2022-03-06,14:00,Cumbayá FC,1.0,Orense,1.0,,Estadio Olímpico Atahualpa,Mario Romero,,https://fbref.com/en/matches/ce09bb9e/Cumbaya-FC-Orense-March-6-2022-Serie-A
Liga Profesional Ecuador,M,ECU,2022,1st,First stage,3,Sun,2022-03-06,16:30,Delfín SC,1.0,Macará,0.0,,Estadio Jocay,Diego Lara,,https://fbref.com/en/matches/8d9f03e2/Delfin-SC-Macara-March-6-2022-Serie-A
Liga Profesional Ecuador,M,ECU,2022,1st,First stage,3,Sun,2022-03-06,19:00,Independiente,1.0,SD Aucas,0.0,,Estadio banco Guayaquil,Marlon Vera,,https://fbref.com/en/matches/cb7147e4/Independiente-SD-Aucas-March-6-2022-Serie-A
Liga Profesional Ecuador,M,ECU,2022,1st,First stage,3,Mon,2022-03-07,19:00,CD Cuenca,2.0,Gualaceo Sporting Club,1.0,9600.0,Estadio Alejandro Serrano Aguilar,Jefferson Macias,,https://fbref.com/en/matches/9cd0755e/CD-Cuenca-Gualaceo-Sporting-Club-March-7-2022-Serie-A
Liga Profesional Ecuador,M,ECU,2022,1st,First stage,4,Fri,2022-03-11,19:00,SD Aucas,0.0,CD Cuenca,0.0,,Estadio Gonzalo Pozo Ripalda,Augusto Aragón,,https://fbref.com/en/matches/c5f78f8d/SD-Aucas-CD-Cuenca-March-11-2022-Serie-A
Liga Profesional Ecuador,M,ECU,2022,1st,First stage,4,Sat,2022-03-12,15:00,Mushuc Runa,4.0,Cumbayá FC,2.0,,Estadio Cooperativa de Ahorro y Crédito ...,Carlos Orbe,,https://fbref.com/en/matches/c1ef365c/Mushuc-Runa-Cumbaya-FC-March-12-2022-Serie-A
Liga Profesional Ecuador,M,ECU,2022,1st,First stage,4,Sat,2022-03-12,17:30,Técnico Univ.,1.0,LDU de Quito,2.0,,Estadio Bellavista de Ambato,Luis Quiroz,,https://fbref.com/en/matches/65e49b14/Tecnico-Univ-LDU-de-Quito-March-12-2022-Serie-A
Liga Profesional Ecuador,M,ECU,2022,1st,First stage,4,Sat,2022-03-12,20:00,Barcelona SC,2.0,Independiente,0.0,,Estadio Monumental Isidro Romero Carbo,Guillermo Guerrero,,https://fbref.com/en/matches/8e7f34ce/Barcelona-SC-Independiente-March-12-2022-Serie-A
Liga Profesional Ecuador,M,ECU,2022,1st,First stage,4,Sun,2022-03-13,14:00,Orense,2.0,Club 9 de Octubre,1.0,,Estadio 9 de Mayo,René Marín,,https://fbref.com/en/matches/6a47e69d/Orense-Club-9-de-Octubre-March-13-2022-Serie-A
Liga Profesional Ecuador,M,ECU,2022,1st,First stage,4,Sun,2022-03-13,16:30,Univ Católica,2.0,Macará,2.0,,Estadio Olímpico Atahualpa,Gabriel González,,https://fbref.com/en/matches/c81d20e5/Univ-Catolica-Macara-March-13-2022-Serie-A
Liga Profesional Ecuador,M,ECU,2022,1st,First stage,4,Sun,2022-03-13,19:00,Gualaceo Sporting Club,2.0,CS Emelec,1.0,,Estadio Gerardo León Pozo,Byran Loayza,,https://fbref.com/en/matches/cbe740a3/Gualaceo-Sporting-Club-CS-Emelec-March-13-2022-Serie-A
Liga Profesional Ecuador,M,ECU,2022,1st,First stage,4,Mon,2022-03-14,19:00,Guayaquil City,1.0,Delfín SC,1.0,,Estadio Christian Benítez Betancourt,Roberto Sánchez,,https://fbref.com/en/matches/ecf81005/Guayaquil-City-Delfin-SC-March-14-2022-Serie-A
Liga Profesional Ecuador,M,ECU,2022,1st,First stage,5,Fri,2022-03-18,19:00,Independiente,1.0,Orense,1.0,,Estadio banco Guayaquil,Franklin Congo,,https://fbref.com/en/matches/235c1043/Independiente-Orense-March-18-2022-Serie-A
Liga Profesional Ecuador,M,ECU,2022,1st,First stage,5,Sat,2022-03-19,15:00,Cumbayá FC,2.0,Técnico Univ.,0.0,,Estadio Prof. Javier Cruz,Byran Loayza,,https://fbref.com/en/matches/8389d97e/Cumbaya-FC-Tecnico-Univ-March-19-2022-Serie-A
Liga Profesional Ecuador,M,ECU,2022,1st,First stage,5,Sat,2022-03-19,17:30,LDU de Quito,4.0,SD Aucas,4.0,,Estadio Rodrigo Paz Delgado,Marlon Vera,,https://fbref.com/en/matches/a9c27d4a/LDU-de-Quito-SD-Aucas-March-19-2022-Serie-A
Liga Profesional Ecuador,M,ECU,2022,1st,First stage,5,Sat,2022-03-19,20:00,Mushuc Runa,1.0,Barcelona SC,1.0,,Estadio Cooperativa de Ahorro y Crédito ...,Luis Quiroz,,https://fbref.com/en/matches/fb194fd4/Mushuc-Runa-Barcelona-SC-March-19-2022-Serie-A
Liga Profesional Ecuador,M,ECU,2022,1st,First stage,5,Sun,2022-03-20,14:00,Club 9 de Octubre,1.0,Gualaceo Sporting Club,1.0,,Estadio Modelo Alberto Spencer Herrera,Mario Romero,,https://fbref.com/en/matches/49c45c0f/Club-9-de-Octubre-Gualaceo-Sporting-Club-March-20-2022-Serie-A
Liga Profesional Ecuador,M,ECU,2022,1st,First stage,5,Sun,2022-03-20,16:30,Macará,2.0,Guayaquil City,0.0,,Estadio Bellavista de Ambato,Jaime Sánchez,,https://fbref.com/en/matches/40f44104/Macara-Guayaquil-City-March-20-2022-Serie-A
Liga Profesional Ecuador,M,ECU,2022,1st,First stage,5,Mon,2022-03-21,12:00,CS Emelec,1.0,Delfín SC,2.0,,Estadio Banco del Pacífico,Juan Andrade,,https://fbref.com/en/matches/343abc5a/CS-Emelec-Delfin-SC-March-21-2022-Serie-A
Liga Profesional Ecuador,M,ECU,2022,1st,First stage,5,Mon,2022-03-21,19:00,CD Cuenca,0.0,Univ Católica,2.0,,Estadio Alejandro Serrano Aguilar,Guillermo Guerrero,,https://fbref.com/en/matches/7e2a9427/CD-Cuenca-Univ-Catolica-March-21-2022-Serie-A
Liga Profesional Ecuador,M,ECU,2022,1st,First stage,6,Fri,2022-04-01,19:00,Univ Católica,1.0,Barcelona SC,2.0,,Estadio Olímpico Atahualpa,Carlos Orbe,,https://fbref.com/en/matches/235d9eed/Univ-Catolica-Barcelona-SC-April-1-2022-Serie-A
Liga Profesional Ecuador,M,ECU,2022,1st,First stage,6,Fri,2022-04-01,21:00,CS Emelec,2.0,LDU de Quito,0.0,,Estadio Banco del Pacífico,Jaime Sánchez,,https://fbref.com/en/matches/891bf112/CS-Emelec-LDU-de-Quito-April-1-2022-Serie-A
Liga Profesional Ecuador,M,ECU,2022,1st,First stage,6,Sat,2022-04-02,16:30,Gualaceo Sporting Club,1.0,Independiente,3.0,,Estadio Gerardo León Pozo,Álex Cajas,,https://fbref.com/en/matches/ba295495/Gualaceo-Sporting-Club-Independiente-April-2-2022-Serie-A
Liga Profesional Ecuador,M,ECU,2022,1st,First stage,6,Sat,2022-04-02,19:00,SD Aucas,1.0,Club 9 de Octubre,1.0,,Estadio Gonzalo Pozo Ripalda,Guillermo Guerrero,,https://fbref.com/en/matches/d4bc64ef/SD-Aucas-Club-9-de-Octubre-April-2-2022-Serie-A
Liga Profesional Ecuador,M,ECU,2022,1st,First stage,6,Sun,2022-04-03,14:00,Orense,0.0,Mushuc Runa,0.0,,Estadio 9 de Mayo,Byran Loayza,,https://fbref.com/en/matches/abd9482d/Orense-Mushuc-Runa-April-3-2022-Serie-A
Liga Profesional Ecuador,M,ECU,2022,1st,First stage,6,Sun,2022-04-03,16:30,Guayaquil City,0.0,Técnico Univ.,1.0,,Estadio Christian Benítez Betancourt,Gorky Araujo,,https://fbref.com/en/matches/0eb7aca9/Guayaquil-City-Tecnico-Univ-April-3-2022-Serie-A
Liga Profesional Ecuador,M,ECU,2022,1st,First stage,6,Sun,2022-04-03,19:00,Delfín SC,0.0,CD Cuenca,0.0,,Estadio Jocay,Anthony Yamil Díaz,,https://fbref.com/en/matches/6c3c3706/Delfin-SC-CD-Cuenca-April-3-2022-Serie-A
Liga Profesional Ecuador,M,ECU,2022,1st,First stage,6,Mon,2022-04-04,19:00,Macará,0.0,Cumbayá FC,0.0,,Estadio Bellavista de Ambato,Marlon Vera,,https://fbref.com/en/matches/b324925c/Macara-Cumbaya-FC-April-4-2022-Serie-A
Liga Profesional Ecuador,M,ECU,2022,1st,First stage,7,Fri,2022-04-08,19:00,Técnico Univ.,1.0,Gualaceo Sporting Club,1.0,,Estadio Bellavista de Ambato,Jefferson Macias,,https://fbref.com/en/matches/43a95dbf/Tecnico-Univ-Gualaceo-Sporting-Club-April-8-2022-Serie-A
Liga Profesional Ecuador,M,ECU,2022,1st,First stage,7,Sat,2022-04-09,14:30,Mushuc Runa,1.0,Delfín SC,2.0,,Estadio Cooperativa de Ahorro y Crédito ...,Gorky Araujo,,https://fbref.com/en/matches/f593535b/Mushuc-Runa-Delfin-SC-April-9-2022-Serie-A
Liga Profesional Ecuador,M,ECU,2022,1st,First stage,7,Sat,2022-04-09,17:00,Club 9 de Octubre,0.0,Univ Católica,4.0,,Estadio Modelo Alberto Spencer Herrera,Roddy Zambrano,,https://fbref.com/en/matches/31817088/Club-9-de-Octubre-Univ-Catolica-April-9-2022-Serie-A
Liga Profesional Ecuador,M,ECU,2022,1st,First stage,7,Sat,2022-04-09,19:30,Cumbayá FC,0.0,LDU de Quito,2.0,,Estadio Universitario Dr. Xavier Fernánd...,Diego Lara,,https://fbref.com/en/matches/c821131d/Cumbaya-FC-LDU-de-Quito-April-9-2022-Serie-A
Liga Profesional Ecuador,M,ECU,2022,1st,First stage,7,Sun,2022-04-10,13:00,Independiente,0.0,Guayaquil City,0.0,,Estadio banco Guayaquil,Marlon Vera,,https://fbref.com/en/matches/eed8ea6f/Independiente-Guayaquil-City-April-10-2022-Serie-A
Liga Profesional Ecuador,M,ECU,2022,1st,First stage,7,Sun,2022-04-10,15:30,CD Cuenca,2.0,CS Emelec,2.0,,Estadio Alejandro Serrano Aguilar,Franklin Congo,,https://fbref.com/en/matches/9bfafc65/CD-Cuenca-CS-Emelec-April-10-2022-Serie-A
Liga Profesional Ecuador,M,ECU,2022,1st,First stage,7,Sun,2022-04-10,18:00,Barcelona SC,2.0,Orense,0.0,,Estadio Monumental Isidro Romero Carbo,Guillermo Guerrero,,https://fbref.com/en/matches/0faea4bd/Barcelona-SC-Orense-April-10-2022-Serie-A
Liga Profesional Ecuador,M,ECU,2022,1st,First stage,7,Mon,2022-04-11,19:00,SD Aucas,2.0,Macará,0.0,,Estadio Gonzalo Pozo Ripalda,Luis Quiroz,,https://fbref.com/en/matches/110f9258/SD-Aucas-Macara-April-11-2022-Serie-A
Liga Profesional Ecuador,M,ECU,2022,1st,First stage,8,Fri,2022-04-15,19:00,Gualaceo Sporting Club,3.0,Mushuc Runa,2.0,,Estadio Gerardo León Pozo,Álex Cajas,,https://fbref.com/en/matches/bb6b9a55/Gualaceo-Sporting-Club-Mushuc-Runa-April-15-2022-Serie-A
Liga Profesional Ecuador,M,ECU,2022,1st,First stage,8,Sat,2022-04-16,12:30,Orense,0.0,Técnico Univ.,0.0,,Estadio 9 de Mayo,Marlon Vera,,https://fbref.com/en/matches/c5bf63b3/Orense-Tecnico-Univ-April-16-2022-Serie-A
Liga Profesional Ecuador,M,ECU,2022,1st,First stage,8,Sat,2022-04-16,15:00,Delfín SC,1.0,Cumbayá FC,1.0,,Estadio Jocay,Roddy Zambrano,,https://fbref.com/en/matches/5a3c4887/Delfin-SC-Cumbaya-FC-April-16-2022-Serie-A
Liga Profesional Ecuador,M,ECU,2022,1st,First stage,8,Sat,2022-04-16,17:30,Guayaquil City,4.0,SD Aucas,0.0,,Estadio Christian Benítez Betancourt,René Marín,,https://fbref.com/en/matches/a981932d/Guayaquil-City-SD-Aucas-April-16-2022-Serie-A
Liga Profesional Ecuador,M,ECU,2022,1st,First stage,8,Sat,2022-04-16,20:00,Univ Católica,3.0,Independiente,1.0,,Estadio Olímpico Atahualpa,Juan Andrade,,https://fbref.com/en/matches/bb55881e/Univ-Catolica-Independiente-April-16-2022-Serie-A
Liga Profesional Ecuador,M,ECU,2022,1st,First stage,8,Sun,2022-04-17,13:00,Macará,0.0,CD Cuenca,1.0,,Estadio Bellavista de Ambato,Jaime Sánchez,,https://fbref.com/en/matches/c1c038a8/Macara-CD-Cuenca-April-17-2022-Serie-A
Liga Profesional Ecuador,M,ECU,2022,1st,First stage,8,Sun,2022-04-17,15:30,CS Emelec,2.0,Club 9 de Octubre,1.0,,Estadio Banco del Pacífico,Carlos Orbe,,https://fbref.com/en/matches/1fbf2233/CS-Emelec-Club-9-de-Octubre-April-17-2022-Serie-A
Liga Profesional Ecuador,M,ECU,2022,1st,First stage,8,Sun,2022-04-17,18:00,LDU de Quito,2.0,Barcelona SC,0.0,,Estadio Rodrigo Paz Delgado,Augusto Aragón,,https://fbref.com/en/matches/c713e953/LDU-de-Quito-Barcelona-SC-April-17-2022-Serie-A
Liga Profesional Ecuador,M,ECU,2022,1st,First stage,9,Tue,2022-04-19,19:00,Técnico Univ.,1.0,Delfín SC,1.0,,Estadio Bellavista de Ambato,Álex Cajas,,https://fbref.com/en/matches/2b4f4c63/Tecnico-Univ-Delfin-SC-April-19-2022-Serie-A
Liga Profesional Ecuador,M,ECU,2022,1st,First stage,9,Wed,2022-04-20,12:30,Independiente,2.0,CD Cuenca,0.0,,Estadio banco Guayaquil,Roddy Zambrano,,https://fbref.com/en/matches/ff2ae3e1/Independiente-CD-Cuenca-April-20-2022-Serie-A
Liga Profesional Ecuador,M,ECU,2022,1st,First stage,9,Wed,2022-04-20,15:00,Orense,3.0,LDU de Quito,0.0,,Estadio 9 de Mayo,Franklin Congo,,https://fbref.com/en/matches/6295c10f/Orense-LDU-de-Quito-April-20-2022-Serie-A
Liga Profesional Ecuador,M,ECU,2022,1st,First stage,9,Wed,2022-04-20,20:00,Barcelona SC,0.0,Gualaceo Sporting Club,1.0,,Estadio Monumental Isidro Romero Carbo,Carlos Orbe,,https://fbref.com/en/matches/5fe572de/Barcelona-SC-Gualaceo-Sporting-Club-April-20-2022-Serie-A
Liga Profesional Ecuador,M,ECU,2022,1st,First stage,9,Thu,2022-04-21,13:00,Mushuc Runa,0.0,Macará,0.0,,Estadio Cooperativa de Ahorro y Crédito ...,Roberto Sánchez,,https://fbref.com/en/matches/d795f06a/Mushuc-Runa-Macara-April-21-2022-Serie-A
Liga Profesional Ecuador,M,ECU,2022,1st,First stage,9,Thu,2022-04-21,15:30,SD Aucas,3.0,Univ Católica,2.0,,Estadio Gonzalo Pozo Ripalda,Guillermo Guerrero,,https://fbref.com/en/matches/1746f46b/SD-Aucas-Univ-Catolica-April-21-2022-Serie-A
Liga Profesional Ecuador,M,ECU,2022,1st,First stage,9,Thu,2022-04-21,18:00,Cumbayá FC,1.0,CS Emelec,1.0,,Estadio Universitario Dr. Xavier Fernánd...,Marlon Vera,,https://fbref.com/en/matches/0a3505ea/Cumbaya-FC-CS-Emelec-April-21-2022-Serie-A
Liga Profesional Ecuador,M,ECU,2022,1st,First stage,10,Sat,2022-04-23,14:00,Gualaceo Sporting Club,2.0,Orense,1.0,,Estadio Gerardo León Pozo,Roddy Zambrano,,https://fbref.com/en/matches/d1629ba8/Gualaceo-Sporting-Club-Orense-April-23-2022-Serie-A
Liga Profesional Ecuador,M,ECU,2022,1st,First stage,10,Sat,2022-04-23,16:30,CD Cuenca,1.0,Club 9 de Octubre,1.0,,Estadio Alejandro Serrano Aguilar,Álex Cajas,,https://fbref.com/en/matches/c255be90/CD-Cuenca-Club-9-de-Octubre-April-23-2022-Serie-A
Liga Profesional Ecuador,M,ECU,2022,1st,First stage,10,Sat,2022-04-23,19:00,Delfín SC,0.0,Independiente,1.0,,Estadio Jocay,Roberto Sánchez,,https://fbref.com/en/matches/09381824/Delfin-SC-Independiente-April-23-2022-Serie-A
Liga Profesional Ecuador,M,ECU,2022,1st,First stage,10,Sun,2022-04-24,12:00,Univ Católica,4.0,Técnico Univ.,1.0,,Estadio Olímpico Atahualpa,Franklin Congo,,https://fbref.com/en/matches/2fb3590c/Univ-Catolica-Tecnico-Univ-April-24-2022-Serie-A
Liga Profesional Ecuador,M,ECU,2022,1st,First stage,10,Sun,2022-04-24,14:30,LDU de Quito,3.0,Mushuc Runa,2.0,,Estadio Rodrigo Paz Delgado,Diego Lara,,https://fbref.com/en/matches/cd2e0b1d/LDU-de-Quito-Mushuc-Runa-April-24-2022-Serie-A
Liga Profesional Ecuador,M,ECU,2022,1st,First stage,10,Sun,2022-04-24,17:00,CS Emelec,1.0,SD Aucas,0.0,,Estadio Banco del Pacífico,Carlos Orbe,,https://fbref.com/en/matches/bb58c391/CS-Emelec-SD-Aucas-April-24-2022-Serie-A
Liga Profesional Ecuador,M,ECU,2022,1st,First stage,10,Sun,2022-04-24,19:30,Macará,0.0,Barcelona SC,1.0,,Estadio Bellavista de Ambato,Augusto Aragón,,https://fbref.com/en/matches/783b8d7a/Macara-Barcelona-SC-April-24-2022-Serie-A
Liga Profesional Ecuador,M,ECU,2022,1st,First stage,10,Mon,2022-04-25,19:00,Guayaquil City,4.0,Cumbayá FC,1.0,,Estadio Christian Benítez Betancourt,Juan Andrade,,https://fbref.com/en/matches/540cf087/Guayaquil-City-Cumbaya-FC-April-25-2022-Serie-A
Liga Profesional Ecuador,M,ECU,2022,1st,First stage,11,Fri,2022-04-29,19:00,Gualaceo Sporting Club,2.0,Macará,1.0,,Estadio Gerardo León Pozo,Diego Lara,,https://fbref.com/en/matches/40f2d736/Gualaceo-Sporting-Club-Macara-April-29-2022-Serie-A
Liga Profesional Ecuador,M,ECU,2022,1st,First stage,11,Sat,2022-04-30,15:00,Mushuc Runa,2.0,Guayaquil City,0.0,,Estadio Cooperativa de Ahorro y Crédito ...,Álex Cajas,,https://fbref.com/en/matches/b4fece97/Mushuc-Runa-Guayaquil-City-April-30-2022-Serie-A
Liga Profesional Ecuador,M,ECU,2022,1st,First stage,11,Sat,2022-04-30,17:30,Club 9 de Octubre,0.0,Delfín SC,1.0,,Estadio Modelo Alberto Spencer Herrera,Jaime Sánchez,,https://fbref.com/en/matches/07c0d7f2/Club-9-de-Octubre-Delfin-SC-April-30-2022-Serie-A
Liga Profesional Ecuador,M,ECU,2022,1st,First stage,11,Sat,2022-04-30,20:00,Técnico Univ.,0.0,SD Aucas,1.0,,Estadio Bellavista de Ambato,Roddy Zambrano,,https://fbref.com/en/matches/3f1d3ebd/Tecnico-Univ-SD-Aucas-April-30-2022-Serie-A
Liga Profesional Ecuador,M,ECU,2022,1st,First stage,11,Sun,2022-05-01,14:00,Orense,1.0,Univ Católica,0.0,,Estadio 9 de Mayo,Roberto Sánchez,,https://fbref.com/en/matches/20c789c3/Orense-Univ-Catolica-May-1-2022-Serie-A
Liga Profesional Ecuador,M,ECU,2022,1st,First stage,11,Sun,2022-05-01,16:30,Cumbayá FC,0.0,CD Cuenca,1.0,,Estadio Olímpico Atahualpa,Byran Loayza,,https://fbref.com/en/matches/8777f812/Cumbaya-FC-CD-Cuenca-May-1-2022-Serie-A
Liga Profesional Ecuador,M,ECU,2022,1st,First stage,11,Sun,2022-05-01,19:00,Independiente,1.0,LDU de Quito,0.0,,Estadio banco Guayaquil,Luis Quiroz,,https://fbref.com/en/matches/82db88ec/Independiente-LDU-de-Quito-May-1-2022-Serie-A
Liga Profesional Ecuador,M,ECU,2022,1st,First stage,12,Fri,2022-05-06,19:00,CD Cuenca,1.0,Técnico Univ.,0.0,,Estadio Alejandro Serrano Aguilar,Gorky Araujo,,https://fbref.com/en/matches/2d525d27/CD-Cuenca-Tecnico-Univ-May-6-2022-Serie-A
Liga Profesional Ecuador,M,ECU,2022,1st,First stage,12,Sat,2022-05-07,15:00,Delfín SC,2.0,Orense,1.0,,Estadio Jocay,Augusto Aragón,,https://fbref.com/en/matches/e86275cf/Delfin-SC-Orense-May-7-2022-Serie-A
Liga Profesional Ecuador,M,ECU,2022,1st,First stage,12,Sat,2022-05-07,17:30,SD Aucas,1.0,Cumbayá FC,0.0,,Estadio Gonzalo Pozo Ripalda,Luis Quiroz,,https://fbref.com/en/matches/50a2cedf/SD-Aucas-Cumbaya-FC-May-7-2022-Serie-A
Liga Profesional Ecuador,M,ECU,2022,1st,First stage,12,Sat,2022-05-07,20:00,CS Emelec,4.0,Mushuc Runa,0.0,,Estadio Banco del Pacífico,Juan Andrade,,https://fbref.com/en/matches/245211f1/CS-Emelec-Mushuc-Runa-May-7-2022-Serie-A
Liga Profesional Ecuador,M,ECU,2022,1st,First stage,12,Sun,2022-05-08,14:00,Univ Católica,3.0,Gualaceo Sporting Club,1.0,,Estadio Olímpico Atahualpa,Mario Romero,,https://fbref.com/en/matches/da29370f/Univ-Catolica-Gualaceo-Sporting-Club-May-8-2022-Serie-A
Liga Profesional Ecuador,M,ECU,2022,1st,First stage,12,Sun,2022-05-08,16:30,LDU de Quito,2.0,Club 9 de Octubre,0.0,,Estadio Rodrigo Paz Delgado,Carlos Orbe,,https://fbref.com/en/matches/51b44b17/LDU-de-Quito-Club-9-de-Octubre-May-8-2022-Serie-A
Liga Profesional Ecuador,M,ECU,2022,1st,First stage,12,Sun,2022-05-08,19:00,Guayaquil City,1.0,Barcelona SC,4.0,,Estadio Christian Benítez Betancourt,Roddy Zambrano,,https://fbref.com/en/matches/7f761ea7/Guayaquil-City-Barcelona-SC-May-8-2022-Serie-A
Liga Profesional Ecuador,M,ECU,2022,1st,First stage,12,Mon,2022-05-09,19:00,Macará,0.0,Independiente,1.0,,Estadio Bellavista de Ambato,Franklin Congo,,https://fbref.com/en/matches/ca1b023c/Macara-Independiente-May-9-2022-Serie-A
Liga Profesional Ecuador,M,ECU,2022,1st,First stage,9,Wed,2022-05-11,17:00,Club 9 de Octubre,2.0,Guayaquil City,2.0,,Estadio Modelo Alberto Spencer Herrera,Augusto Aragón,,https://fbref.com/en/matches/a6da9285/Club-9-de-Octubre-Guayaquil-City-May-11-2022-Serie-A
Liga Profesional Ecuador,M,ECU,2022,1st,First stage,11,Wed,2022-05-11,20:00,Barcelona SC,1.0,CS Emelec,1.0,,Estadio Monumental Isidro Romero Carbo,Guillermo Guerrero,,https://fbref.com/en/matches/c3125cc7/Barcelona-SC-CS-Emelec-May-11-2022-Serie-A
Liga Profesional Ecuador,M,ECU,2022,1st,First stage,13,Fri,2022-05-13,19:00,Univ Católica,1.0,Cumbayá FC,0.0,,Estadio Olímpico Atahualpa,Álex Cajas,,https://fbref.com/en/matches/d2b16aaf/Univ-Catolica-Cumbaya-FC-May-13-2022-Serie-A
Liga Profesional Ecuador,M,ECU,2022,1st,First stage,13,Sat,2022-05-14,14:00,Mushuc Runa,1.0,SD Aucas,1.0,,Estadio Cooperativa de Ahorro y Crédito ...,Roberto Sánchez,,https://fbref.com/en/matches/ed7aef72/Mushuc-Runa-SD-Aucas-May-14-2022-Serie-A
Liga Profesional Ecuador,M,ECU,2022,1st,First stage,13,Sat,2022-05-14,16:30,Club 9 de Octubre,1.0,Macará,1.0,,Estadio Modelo Alberto Spencer Herrera,Byran Loayza,,https://fbref.com/en/matches/7b88b735/Club-9-de-Octubre-Macara-May-14-2022-Serie-A
Liga Profesional Ecuador,M,ECU,2022,1st,First stage,13,Sat,2022-05-14,19:00,LDU de Quito,3.0,Delfín SC,2.0,,Estadio Rodrigo Paz Delgado,Franklin Congo,,https://fbref.com/en/matches/76168330/LDU-de-Quito-Delfin-SC-May-14-2022-Serie-A
Liga Profesional Ecuador,M,ECU,2022,1st,First stage,13,Sun,2022-05-15,13:00,Técnico Univ.,2.0,Independiente,3.0,,Estadio Bellavista de Ambato,Juan Andrade,,https://fbref.com/en/matches/09430946/Tecnico-Univ-Independiente-May-15-2022-Serie-A
Liga Profesional Ecuador,M,ECU,2022,1st,First stage,13,Sun,2022-05-15,15:30,Orense,2.0,CS Emelec,0.0,,Estadio 9 de Mayo,Roddy Zambrano,,https://fbref.com/en/matches/780f7339/Orense-CS-Emelec-May-15-2022-Serie-A
Liga Profesional Ecuador,M,ECU,2022,1st,First stage,13,Sun,2022-05-15,18:00,Barcelona SC,1.0,CD Cuenca,1.0,,Estadio Monumental Isidro Romero Carbo,Augusto Aragón,,https://fbref.com/en/matches/af6f8fd9/Barcelona-SC-CD-Cuenca-May-15-2022-Serie-A
Liga Profesional Ecuador,M,ECU,2022,1st,First stage,13,Mon,2022-05-16,19:00,Gualaceo Sporting Club,2.0,Guayaquil City,1.0,,Estadio Gerardo León Pozo,Gabriel González,,https://fbref.com/en/matches/d9a533ae/Gualaceo-Sporting-Club-Guayaquil-City-May-16-2022-Serie-A
Liga Profesional Ecuador,M,ECU,2022,1st,First stage,14,Fri,2022-05-20,19:00,Cumbayá FC,3.0,Club 9 de Octubre,2.0,,Estadio Olímpico Atahualpa,Mario Romero,,https://fbref.com/en/matches/66d4bad9/Cumbaya-FC-Club-9-de-Octubre-May-20-2022-Serie-A
Liga Profesional Ecuador,M,ECU,2022,1st,First stage,14,Sat,2022-05-21,15:00,Delfín SC,1.0,Gualaceo Sporting Club,0.0,,Estadio Jocay,Álex Cajas,,https://fbref.com/en/matches/7df23a12/Delfin-SC-Gualaceo-Sporting-Club-May-21-2022-Serie-A
Liga Profesional Ecuador,M,ECU,2022,1st,First stage,14,Sat,2022-05-21,17:30,CS Emelec,0.0,Univ Católica,1.0,,Estadio Banco del Pacífico,Carlos Orbe,,https://fbref.com/en/matches/8c6df2e7/CS-Emelec-Univ-Catolica-May-21-2022-Serie-A
Liga Profesional Ecuador,M,ECU,2022,1st,First stage,14,Sat,2022-05-21,20:00,Guayaquil City,2.0,LDU de Quito,2.0,,Estadio Christian Benítez Betancourt,Augusto Aragón,,https://fbref.com/en/matches/136d7057/Guayaquil-City-LDU-de-Quito-May-21-2022-Serie-A
Liga Profesional Ecuador,M,ECU,2022,1st,First stage,14,Sun,2022-05-22,16:30,Macará,3.0,Técnico Univ.,1.0,,Estadio Bellavista de Ambato,Roberto Sánchez,,https://fbref.com/en/matches/1a4967e3/Macara-Tecnico-Univ-May-22-2022-Serie-A
Liga Profesional Ecuador,M,ECU,2022,1st,First stage,14,Sun,2022-05-22,19:00,SD Aucas,2.0,Barcelona SC,1.0,,Estadio Gonzalo Pozo Ripalda,Luis Quiroz,,https://fbref.com/en/matches/731f2c22/SD-Aucas-Barcelona-SC-May-22-2022-Serie-A
Liga Profesional Ecuador,M,ECU,2022,1st,First stage,14,Sun,2022-05-22,19:00,Independiente,0.0,Mushuc Runa,1.0,,Estadio banco Guayaquil,Roddy Zambrano,,https://fbref.com/en/matches/9b02ab9c/Independiente-Mushuc-Runa-May-22-2022-Serie-A
Liga Profesional Ecuador,M,ECU,2022,1st,First stage,14,Mon,2022-05-23,19:00,CD Cuenca,1.0,Orense,1.0,,Estadio Alejandro Serrano Aguilar,Diego Lara,,https://fbref.com/en/matches/1fb42433/CD-Cuenca-Orense-May-23-2022-Serie-A
Liga Profesional Ecuador,M,ECU,2022,1st,First stage,15,Fri,2022-05-27,19:00,Gualaceo Sporting Club,1.0,SD Aucas,4.0,,Estadio Gerardo León Pozo,Roberto Sánchez,,https://fbref.com/en/matches/8a728380/Gualaceo-Sporting-Club-SD-Aucas-May-27-2022-Serie-A
Liga Profesional Ecuador,M,ECU,2022,1st,First stage,15,Sat,2022-05-28,13:00,Mushuc Runa,1.0,CD Cuenca,0.0,,Estadio Cooperativa de Ahorro y Crédito ...,Gabriel González,,https://fbref.com/en/matches/d414631b/Mushuc-Runa-CD-Cuenca-May-28-2022-Serie-A
Liga Profesional Ecuador,M,ECU,2022,1st,First stage,15,Sat,2022-05-28,15:30,Orense,0.0,Guayaquil City,1.0,,Estadio 9 de Mayo,Gorky Araujo,,https://fbref.com/en/matches/1282b8d7/Orense-Guayaquil-City-May-28-2022-Serie-A
Liga Profesional Ecuador,M,ECU,2022,1st,First stage,15,Sat,2022-05-28,18:00,Técnico Univ.,1.0,CS Emelec,1.0,,Estadio Bellavista de Ambato,Byran Loayza,,https://fbref.com/en/matches/6d9adb32/Tecnico-Univ-CS-Emelec-May-28-2022-Serie-A
Liga Profesional Ecuador,M,ECU,2022,1st,First stage,15,Sun,2022-05-29,18:00,LDU de Quito,3.0,Macará,2.0,,Estadio Rodrigo Paz Delgado,Carlos Orbe,,https://fbref.com/en/matches/836e7a3f/LDU-de-Quito-Macara-May-29-2022-Serie-A
Liga Profesional Ecuador,M,ECU,2022,1st,First stage,15,Sun,2022-05-29,18:00,Univ Católica,4.0,Delfín SC,2.0,,Estadio Olímpico Atahualpa,Augusto Aragón,,https://fbref.com/en/matches/b9b7c8ef/Univ-Catolica-Delfin-SC-May-29-2022-Serie-A
Liga Profesional Ecuador,M,ECU,2022,1st,First stage,15,Sun,2022-05-29,18:00,Barcelona SC,4.0,Cumbayá FC,0.0,,Estadio Monumental Isidro Romero Carbo,Roddy Zambrano,,https://fbref.com/en/matches/e4e24631/Barcelona-SC-Cumbaya-FC-May-29-2022-Serie-A
Liga Profesional Ecuador,M,ECU,2022,1st,First stage,15,Sun,2022-05-29,18:00,Club 9 de Octubre,1.0,Independiente,1.0,10000.0,Estadio Modelo Alberto Spencer Herrera,Franklin Congo,,https://fbref.com/en/matches/f49eb551/Club-9-de-Octubre-Independiente-May-29-2022-Serie-A
Liga Profesional Ecuador,M,ECU,2022,1st,Second stage,1,Fri,2022-07-08,19:00,Univ Católica,2.0,Mushuc Runa,1.0,,Estadio Olímpico Atahualpa,René Marín,,https://fbref.com/en/matches/a39dfad4/Univ-Catolica-Mushuc-Runa-July-8-2022-Serie-A
Liga Profesional Ecuador,M,ECU,2022,1st,Second stage,1,Sat,2022-07-09,15:00,SD Aucas,2.0,Orense,0.0,,Estadio Gonzalo Pozo Ripalda,Augusto Aragón,,https://fbref.com/en/matches/57baf42f/SD-Aucas-Orense-July-9-2022-Serie-A
Liga Profesional Ecuador,M,ECU,2022,1st,Second stage,1,Sat,2022-07-09,17:30,Club 9 de Octubre,2.0,Técnico Univ.,0.0,,Estadio Modelo Alberto Spencer Herrera,Gabriel González,,https://fbref.com/en/matches/9a565ac7/Club-9-de-Octubre-Tecnico-Univ-July-9-2022-Serie-A
Liga Profesional Ecuador,M,ECU,2022,1st,Second stage,1,Sat,2022-07-09,20:00,Gualaceo Sporting Club,0.0,LDU de Quito,1.0,,Estadio Municipal Jorge Andrade Cantos,Franklin Congo,,https://fbref.com/en/matches/7cf42ea4/Gualaceo-Sporting-Club-LDU-de-Quito-July-9-2022-Serie-A
Liga Profesional Ecuador,M,ECU,2022,1st,Second stage,1,Sun,2022-07-10,14:00,Independiente,2.0,Cumbayá FC,0.0,,Estadio banco Guayaquil,Guillermo Guerrero,,https://fbref.com/en/matches/7aa87377/Independiente-Cumbaya-FC-July-10-2022-Serie-A
Liga Profesional Ecuador,M,ECU,2022,1st,Second stage,1,Sun,2022-07-10,16:30,Macará,1.0,CS Emelec,3.0,,Estadio Bellavista de Ambato,Juan Andrade,,https://fbref.com/en/matches/5cd4d02a/Macara-CS-Emelec-July-10-2022-Serie-A
Liga Profesional Ecuador,M,ECU,2022,1st,Second stage,1,Sun,2022-07-10,19:00,Barcelona SC,0.0,Delfín SC,1.0,,Estadio Monumental Isidro Romero Carbo,Carlos Orbe,,https://fbref.com/en/matches/1f5abf6d/Barcelona-SC-Delfin-SC-July-10-2022-Serie-A
Liga Profesional Ecuador,M,ECU,2022,1st,Second stage,1,Mon,2022-07-11,19:00,CD Cuenca,1.0,Guayaquil City,0.0,,Estadio Alejandro Serrano Aguilar,Byran Loayza,,https://fbref.com/en/matches/39a24be9/CD-Cuenca-Guayaquil-City-July-11-2022-Serie-A
Liga Profesional Ecuador,M,ECU,2022,1st,Second stage,2,Fri,2022-07-15,19:00,Cumbayá FC,1.0,Gualaceo Sporting Club,2.0,,Estadio Olímpico Atahualpa,René Marín,,https://fbref.com/en/matches/affc5374/Cumbaya-FC-Gualaceo-Sporting-Club-July-15-2022-Serie-A
Liga Profesional Ecuador,M,ECU,2022,1st,Second stage,2,Sat,2022-07-16,15:00,Orense,1.0,Macará,1.0,,Estadio 9 de Mayo,Gorky Araujo,,https://fbref.com/en/matches/6b42e873/Orense-Macara-July-16-2022-Serie-A
Liga Profesional Ecuador,M,ECU,2022,1st,Second stage,2,Sat,2022-07-16,17:30,LDU de Quito,1.0,CD Cuenca,1.0,,Estadio Rodrigo Paz Delgado,Guillermo Guerrero,,https://fbref.com/en/matches/d08ec0a0/LDU-de-Quito-CD-Cuenca-July-16-2022-Serie-A
Liga Profesional Ecuador,M,ECU,2022,1st,Second stage,2,Sat,2022-07-16,20:00,Técnico Univ.,0.0,Barcelona SC,2.0,,Estadio Bellavista de Ambato,Roberto Sánchez,,https://fbref.com/en/matches/61a3a3c1/Tecnico-Univ-Barcelona-SC-July-16-2022-Serie-A
Liga Profesional Ecuador,M,ECU,2022,1st,Second stage,2,Sun,2022-07-17,14:00,Mushuc Runa,3.0,Club 9 de Octubre,1.0,,Estadio Cooperativa de Ahorro y Crédito ...,Augusto Aragón,,https://fbref.com/en/matches/f14210a8/Mushuc-Runa-Club-9-de-Octubre-July-17-2022-Serie-A
Liga Profesional Ecuador,M,ECU,2022,1st,Second stage,2,Sun,2022-07-17,16:30,Guayaquil City,2.0,Univ Católica,0.0,,Estadio Christian Benítez Betancourt,Álex Cajas,,https://fbref.com/en/matches/3d31fb3b/Guayaquil-City-Univ-Catolica-July-17-2022-Serie-A
Liga Profesional Ecuador,M,ECU,2022,1st,Second stage,2,Sun,2022-07-17,19:00,CS Emelec,2.0,Independiente,3.0,,Estadio Banco del Pacífico,Franklin Congo,,https://fbref.com/en/matches/77570877/CS-Emelec-Independiente-July-17-2022-Serie-A
Liga Profesional Ecuador,M,ECU,2022,1st,Second stage,2,Mon,2022-07-18,19:00,Delfín SC,0.0,SD Aucas,0.0,,Estadio Jocay,Gabriel González,,https://fbref.com/en/matches/3be1c34e/Delfin-SC-SD-Aucas-July-18-2022-Serie-A
Liga Profesional Ecuador,M,ECU,2022,1st,Second stage,3,Fri,2022-07-22,19:00,Gualaceo Sporting Club,0.0,CD Cuenca,0.0,,Estadio Municipal Jorge Andrade Cantos,Marlon Vera,,https://fbref.com/en/matches/679124d8/Gualaceo-Sporting-Club-CD-Cuenca-July-22-2022-Serie-A
Liga Profesional Ecuador,M,ECU,2022,1st,Second stage,3,Sat,2022-07-23,15:00,Orense,3.0,Cumbayá FC,1.0,,Estadio 9 de Mayo,Juan Andrade,,https://fbref.com/en/matches/0bdecefb/Orense-Cumbaya-FC-July-23-2022-Serie-A
Liga Profesional Ecuador,M,ECU,2022,1st,Second stage,3,Sat,2022-07-23,17:30,SD Aucas,5.0,Independiente,0.0,,Estadio Gonzalo Pozo Ripalda,Álex Cajas,,https://fbref.com/en/matches/1bc6141a/SD-Aucas-Independiente-July-23-2022-Serie-A
Liga Profesional Ecuador,M,ECU,2022,1st,Second stage,3,Sat,2022-07-23,20:00,Guayaquil City,0.0,CS Emelec,0.0,,Estadio Christian Benítez Betancourt,Jaime Sánchez,,https://fbref.com/en/matches/4b2fb233/Guayaquil-City-CS-Emelec-July-23-2022-Serie-A
Liga Profesional Ecuador,M,ECU,2022,1st,Second stage,3,Sun,2022-07-24,14:00,Mushuc Runa,0.0,Técnico Univ.,0.0,,Estadio Cooperativa de Ahorro y Crédito ...,Mario Romero,,https://fbref.com/en/matches/b6868f06/Mushuc-Runa-Tecnico-Univ-July-24-2022-Serie-A
Liga Profesional Ecuador,M,ECU,2022,1st,Second stage,3,Sun,2022-07-24,16:30,Univ Católica,4.0,LDU de Quito,0.0,,Estadio Olímpico Atahualpa,Luis Quiroz,,https://fbref.com/en/matches/d1547aae/Univ-Catolica-LDU-de-Quito-July-24-2022-Serie-A
Liga Profesional Ecuador,M,ECU,2022,1st,Second stage,3,Sun,2022-07-24,19:00,Barcelona SC,2.0,Club 9 de Octubre,2.0,,Estadio Monumental Isidro Romero Carbo,Roddy Zambrano,,https://fbref.com/en/matches/a9986fc5/Barcelona-SC-Club-9-de-Octubre-July-24-2022-Serie-A
Liga Profesional Ecuador,M,ECU,2022,1st,Second stage,3,Mon,2022-07-25,19:00,Macará,1.0,Delfín SC,2.0,,Estadio Bellavista de Ambato,Byran Loayza,,https://fbref.com/en/matches/7bed2670/Macara-Delfin-SC-July-25-2022-Serie-A
Liga Profesional Ecuador,M,ECU,2022,1st,Second stage,4,Fri,2022-07-29,19:00,CD Cuenca,1.0,SD Aucas,2.0,,Estadio Alejandro Serrano Aguilar,Jaime Sánchez,,https://fbref.com/en/matches/f8a79e6f/CD-Cuenca-SD-Aucas-July-29-2022-Serie-A
Liga Profesional Ecuador,M,ECU,2022,1st,Second stage,4,Sat,2022-07-30,15:00,Delfín SC,1.0,Guayaquil City,3.0,,Estadio Jocay,Mario Romero,,https://fbref.com/en/matches/b4c2e7e0/Delfin-SC-Guayaquil-City-July-30-2022-Serie-A
Liga Profesional Ecuador,M,ECU,2022,1st,Second stage,4,Sat,2022-07-30,17:30,LDU de Quito,2.0,Técnico Univ.,0.0,,Estadio Rodrigo Paz Delgado,Augusto Aragón,,https://fbref.com/en/matches/bacf4be9/LDU-de-Quito-Tecnico-Univ-July-30-2022-Serie-A
Liga Profesional Ecuador,M,ECU,2022,1st,Second stage,4,Sat,2022-07-30,20:00,Independiente,1.0,Barcelona SC,1.0,,Estadio banco Guayaquil,Luis Quiroz,,https://fbref.com/en/matches/6eb4a3d4/Independiente-Barcelona-SC-July-30-2022-Serie-A
Liga Profesional Ecuador,M,ECU,2022,1st,Second stage,4,Sun,2022-07-31,14:00,Cumbayá FC,1.0,Mushuc Runa,1.0,,Estadio Olímpico Atahualpa,Anthony Yamil Díaz,,https://fbref.com/en/matches/cf90c669/Cumbaya-FC-Mushuc-Runa-July-31-2022-Serie-A
Liga Profesional Ecuador,M,ECU,2022,1st,Second stage,4,Sun,2022-07-31,16:30,Macará,1.0,Univ Católica,3.0,,Estadio Bellavista de Ambato,Guillermo Guerrero,,https://fbref.com/en/matches/83e0098a/Macara-Univ-Catolica-July-31-2022-Serie-A
Liga Profesional Ecuador,M,ECU,2022,1st,Second stage,4,Sun,2022-07-31,19:00,CS Emelec,2.0,Gualaceo Sporting Club,1.0,,Estadio Banco del Pacífico,Gabriel González,,https://fbref.com/en/matches/d456c42b/CS-Emelec-Gualaceo-Sporting-Club-July-31-2022-Serie-A
Liga Profesional Ecuador,M,ECU,2022,1st,Second stage,4,Mon,2022-08-01,19:00,Club 9 de Octubre,0.0,Orense,0.0,,Estadio Modelo Alberto Spencer Herrera,Franklin Congo,,https://fbref.com/en/matches/7b2b628c/Club-9-de-Octubre-Orense-August-1-2022-Serie-A
Liga Profesional Ecuador,M,ECU,2022,1st,Second stage,5,Fri,2022-08-05,19:00,Técnico Univ.,3.0,Cumbayá FC,3.0,,Estadio Bellavista de Ambato,Jaime Sánchez,,https://fbref.com/en/matches/f3d4b3c4/Tecnico-Univ-Cumbaya-FC-August-5-2022-Serie-A
Liga Profesional Ecuador,M,ECU,2022,1st,Second stage,5,Sat,2022-08-06,15:00,Orense,1.0,Independiente,2.0,,Estadio 9 de Mayo,Guillermo Guerrero,,https://fbref.com/en/matches/3525d657/Orense-Independiente-August-6-2022-Serie-A
Liga Profesional Ecuador,M,ECU,2022,1st,Second stage,5,Sat,2022-08-06,17:30,Guayaquil City,0.0,Macará,0.0,,Estadio Christian Benítez Betancourt,Roberto Sánchez,,https://fbref.com/en/matches/1acff4fc/Guayaquil-City-Macara-August-6-2022-Serie-A
Liga Profesional Ecuador,M,ECU,2022,1st,Second stage,5,Sat,2022-08-06,20:00,Delfín SC,0.0,CS Emelec,3.0,,Estadio Jocay,Augusto Aragón,,https://fbref.com/en/matches/8d4c3873/Delfin-SC-CS-Emelec-August-6-2022-Serie-A
Liga Profesional Ecuador,M,ECU,2022,1st,Second stage,5,Sun,2022-08-07,14:00,SD Aucas,1.0,LDU de Quito,1.0,,Estadio Gonzalo Pozo Ripalda,Franklin Congo,,https://fbref.com/en/matches/6643bc50/SD-Aucas-LDU-de-Quito-August-7-2022-Serie-A
Liga Profesional Ecuador,M,ECU,2022,1st,Second stage,5,Sun,2022-08-07,16:30,Univ Católica,0.0,CD Cuenca,2.0,,Estadio Olímpico Atahualpa,Byran Loayza,,https://fbref.com/en/matches/6c23b597/Univ-Catolica-CD-Cuenca-August-7-2022-Serie-A
Liga Profesional Ecuador,M,ECU,2022,1st,Second stage,5,Sun,2022-08-07,19:00,Barcelona SC,4.0,Mushuc Runa,1.0,,Estadio Monumental Isidro Romero Carbo,Gabriel Gonzales,,https://fbref.com/en/matches/b73fe6b2/Barcelona-SC-Mushuc-Runa-August-7-2022-Serie-A
Liga Profesional Ecuador,M,ECU,2022,1st,Second stage,5,Mon,2022-08-08,19:00,Gualaceo Sporting Club,1.0,Club 9 de Octubre,0.0,,Estadio Municipal Jorge Andrade Cantos,Álex Cajas,,https://fbref.com/en/matches/af56371a/Gualaceo-Sporting-Club-Club-9-de-Octubre-August-8-2022-Serie-A
Liga Profesional Ecuador,M,ECU,2022,1st,Second stage,6,Fri,2022-08-12,19:00,Mushuc Runa,1.0,Orense,1.0,,Estadio Cooperativa de Ahorro y Crédito ...,Roddy Zambrano,,https://fbref.com/en/matches/adc0f23b/Mushuc-Runa-Orense-August-12-2022-Serie-A
Liga Profesional Ecuador,M,ECU,2022,1st,Second stage,6,Sat,2022-08-13,15:00,Independiente,2.0,Gualaceo Sporting Club,0.0,,Estadio banco Guayaquil,Jaime Sánchez,,https://fbref.com/en/matches/5b3bee6a/Independiente-Gualaceo-Sporting-Club-August-13-2022-Serie-A
Liga Profesional Ecuador,M,ECU,2022,1st,Second stage,6,Sat,2022-08-13,17:30,Club 9 de Octubre,1.0,SD Aucas,2.0,,Estadio Modelo Alberto Spencer Herrera,Byran Loayza,,https://fbref.com/en/matches/0fd702ff/Club-9-de-Octubre-SD-Aucas-August-13-2022-Serie-A
Liga Profesional Ecuador,M,ECU,2022,1st,Second stage,6,Sat,2022-08-13,20:00,Barcelona SC,0.0,Univ Católica,0.0,,Estadio Monumental Isidro Romero Carbo,Franklin Congo,,https://fbref.com/en/matches/4e49991b/Barcelona-SC-Univ-Catolica-August-13-2022-Serie-A
Liga Profesional Ecuador,M,ECU,2022,1st,Second stage,6,Sun,2022-08-14,13:00,Cumbayá FC,1.0,Macará,0.0,,Estadio Olímpico Atahualpa,Augusto Aragón,,https://fbref.com/en/matches/77bf5e29/Cumbaya-FC-Macara-August-14-2022-Serie-A
Liga Profesional Ecuador,M,ECU,2022,1st,Second stage,6,Sun,2022-08-14,15:30,Técnico Univ.,3.0,Guayaquil City,1.0,,Estadio Bellavista de Ambato,Juan Andrade,,https://fbref.com/en/matches/d6576f8e/Tecnico-Univ-Guayaquil-City-August-14-2022-Serie-A
Liga Profesional Ecuador,M,ECU,2022,1st,Second stage,6,Sun,2022-08-14,18:00,LDU de Quito,2.0,CS Emelec,0.0,,Estadio Rodrigo Paz Delgado,Luis Quiroz,,https://fbref.com/en/matches/b8717cf0/LDU-de-Quito-CS-Emelec-August-14-2022-Serie-A
Liga Profesional Ecuador,M,ECU,2022,1st,Second stage,6,Mon,2022-08-15,19:00,CD Cuenca,3.0,Delfín SC,2.0,,Estadio Alejandro Serrano Aguilar,Marlon Vera,,https://fbref.com/en/matches/6948205a/CD-Cuenca-Delfin-SC-August-15-2022-Serie-A
Liga Profesional Ecuador,M,ECU,2022,1st,Second stage,7,Fri,2022-08-19,19:00,Gualaceo Sporting Club,0.0,Técnico Univ.,3.0,,Estadio Municipal Jorge Andrade Cantos,Guillermo Guerrero,,https://fbref.com/en/matches/a22a9df4/Gualaceo-Sporting-Club-Tecnico-Univ-August-19-2022-Serie-A
Liga Profesional Ecuador,M,ECU,2022,1st,Second stage,7,Sat,2022-08-20,15:00,Orense,1.0,Barcelona SC,2.0,,Estadio 9 de Mayo,René Marín,,https://fbref.com/en/matches/18f6d539/Orense-Barcelona-SC-August-20-2022-Serie-A
Liga Profesional Ecuador,M,ECU,2022,1st,Second stage,7,Sat,2022-08-20,17:30,LDU de Quito,1.0,Cumbayá FC,0.0,,Estadio Rodrigo Paz Delgado,Gabriel González,,https://fbref.com/en/matches/271b3fc8/LDU-de-Quito-Cumbaya-FC-August-20-2022-Serie-A
Liga Profesional Ecuador,M,ECU,2022,1st,Second stage,7,Sat,2022-08-20,20:00,Macará,1.0,SD Aucas,1.0,,Estadio Bellavista de Ambato,Álex Cajas,,https://fbref.com/en/matches/4a1f5b96/Macara-SD-Aucas-August-20-2022-Serie-A
Liga Profesional Ecuador,M,ECU,2022,1st,Second stage,7,Mon,2022-08-22,19:00,Guayaquil City,0.0,Independiente,1.0,,Estadio Christian Benítez Betancourt,Franklin Congo,,https://fbref.com/en/matches/ace10861/Guayaquil-City-Independiente-August-22-2022-Serie-A
Liga Profesional Ecuador,M,ECU,2022,1st,Second stage,8,Fri,2022-08-26,19:00,CD Cuenca,1.0,Macará,1.0,,Estadio Alejandro Serrano Aguilar,Franklin Congo,,https://fbref.com/en/matches/a10e5a80/CD-Cuenca-Macara-August-26-2022-Serie-A
Liga Profesional Ecuador,M,ECU,2022,1st,Second stage,8,Sat,2022-08-27,15:00,Cumbayá FC,2.0,Delfín SC,1.0,,Estadio Olímpico Atahualpa,Mario Romero,,https://fbref.com/en/matches/93e511d9/Cumbaya-FC-Delfin-SC-August-27-2022-Serie-A
Liga Profesional Ecuador,M,ECU,2022,1st,Second stage,8,Sat,2022-08-27,17:30,SD Aucas,2.0,Guayaquil City,1.0,,Estadio Gonzalo Pozo Ripalda,Jaime Sánchez,,https://fbref.com/en/matches/f8b06613/SD-Aucas-Guayaquil-City-August-27-2022-Serie-A
Liga Profesional Ecuador,M,ECU,2022,1st,Second stage,8,Sat,2022-08-27,20:00,Club 9 de Octubre,0.0,CS Emelec,3.0,,Estadio Los Chirijos,Guillermo Guerrero,,https://fbref.com/en/matches/e47f9fac/Club-9-de-Octubre-CS-Emelec-August-27-2022-Serie-A
Liga Profesional Ecuador,M,ECU,2022,1st,Second stage,8,Sun,2022-08-28,14:00,Mushuc Runa,2.0,Gualaceo Sporting Club,0.0,,Estadio Bellavista de Ambato,Juan Andrade,,https://fbref.com/en/matches/8a73cc98/Mushuc-Runa-Gualaceo-Sporting-Club-August-28-2022-Serie-A
Liga Profesional Ecuador,M,ECU,2022,1st,Second stage,8,Sun,2022-08-28,16:30,Independiente,1.0,Univ Católica,2.0,,Estadio banco Guayaquil,Roberto Sánchez,,https://fbref.com/en/matches/c4fa48fb/Independiente-Univ-Catolica-August-28-2022-Serie-A
Liga Profesional Ecuador,M,ECU,2022,1st,Second stage,8,Sun,2022-08-28,19:00,Barcelona SC,1.0,LDU de Quito,1.0,,Estadio Monumental Isidro Romero Carbo,Augusto Aragón,,https://fbref.com/en/matches/1a252db7/Barcelona-SC-LDU-de-Quito-August-28-2022-Serie-A
Liga Profesional Ecuador,M,ECU,2022,1st,Second stage,8,Mon,2022-08-29,19:00,Técnico Univ.,2.0,Orense,0.0,,Estadio Bellavista de Ambato,Carlos Orbe,,https://fbref.com/en/matches/f0d254d6/Tecnico-Univ-Orense-August-29-2022-Serie-A
Liga Profesional Ecuador,M,ECU,2022,1st,Second stage,9,Fri,2022-09-02,19:00,CS Emelec,1.0,Cumbayá FC,0.0,,Estadio Banco del Pacífico,Juan Andrade,,https://fbref.com/en/matches/d0acf5a7/CS-Emelec-Cumbaya-FC-September-2-2022-Serie-A
Liga Profesional Ecuador,M,ECU,2022,1st,Second stage,9,Sat,2022-09-03,14:00,CD Cuenca,2.0,Independiente,1.0,,Estadio Alejandro Serrano Aguilar,Augusto Aragón,,https://fbref.com/en/matches/cc97f02b/CD-Cuenca-Independiente-September-3-2022-Serie-A
Liga Profesional Ecuador,M,ECU,2022,1st,Second stage,9,Sat,2022-09-03,16:30,Guayaquil City,1.0,Club 9 de Octubre,1.0,,Estadio Christian Benítez Betancourt,Gabriel González,,https://fbref.com/en/matches/17b1e275/Guayaquil-City-Club-9-de-Octubre-September-3-2022-Serie-A
Liga Profesional Ecuador,M,ECU,2022,1st,Second stage,9,Sat,2022-09-03,19:00,Gualaceo Sporting Club,2.0,Barcelona SC,1.0,,Estadio Municipal Jorge Andrade Cantos,Roberto Sánchez,,https://fbref.com/en/matches/be52ea61/Gualaceo-Sporting-Club-Barcelona-SC-September-3-2022-Serie-A
Liga Profesional Ecuador,M,ECU,2022,1st,Second stage,9,Sun,2022-09-04,14:00,Macará,3.0,Mushuc Runa,0.0,,Estadio Bellavista de Ambato,Byran Loayza,,https://fbref.com/en/matches/fe666790/Macara-Mushuc-Runa-September-4-2022-Serie-A
Liga Profesional Ecuador,M,ECU,2022,1st,Second stage,9,Sun,2022-09-04,16:30,LDU de Quito,1.0,Orense,2.0,,Estadio Rodrigo Paz Delgado,Marlon Vera,,https://fbref.com/en/matches/d6de73ee/LDU-de-Quito-Orense-September-4-2022-Serie-A
Liga Profesional Ecuador,M,ECU,2022,1st,Second stage,9,Sun,2022-09-04,19:00,Univ Católica,1.0,SD Aucas,2.0,,Estadio Olímpico Atahualpa,Franklin Congo,,https://fbref.com/en/matches/1c44a30b/Univ-Catolica-SD-Aucas-September-4-2022-Serie-A
Liga Profesional Ecuador,M,ECU,2022,1st,Second stage,9,Mon,2022-09-05,19:00,Delfín SC,0.0,Técnico Univ.,0.0,,Estadio Jocay,Luis Quiroz,,https://fbref.com/en/matches/778e4600/Delfin-SC-Tecnico-Univ-September-5-2022-Serie-A
Liga Profesional Ecuador,M,ECU,2022,1st,Second stage,10,Fri,2022-09-09,19:00,Mushuc Runa,1.0,LDU de Quito,2.0,,Estadio Bellavista de Ambato,Franklin Congo,,https://fbref.com/en/matches/722a92ae/Mushuc-Runa-LDU-de-Quito-September-9-2022-Serie-A
Liga Profesional Ecuador,M,ECU,2022,1st,Second stage,10,Sat,2022-09-10,14:00,Orense,4.0,Gualaceo Sporting Club,1.0,,Estadio 9 de Mayo,Álex Cajas,,https://fbref.com/en/matches/b619e2b5/Orense-Gualaceo-Sporting-Club-September-10-2022-Serie-A
Liga Profesional Ecuador,M,ECU,2022,1st,Second stage,10,Sat,2022-09-10,16:30,Cumbayá FC,3.0,Guayaquil City,0.0,,Estadio Bellavista de Ambato,Augusto Aragón,,https://fbref.com/en/matches/48dadc07/Cumbaya-FC-Guayaquil-City-September-10-2022-Serie-A
Liga Profesional Ecuador,M,ECU,2022,1st,Second stage,10,Sat,2022-09-10,19:00,Barcelona SC,5.0,Macará,3.0,,Estadio Christian Benítez Betancourt,Jaime Sánchez,,https://fbref.com/en/matches/e92f5a4f/Barcelona-SC-Macara-September-10-2022-Serie-A
Liga Profesional Ecuador,M,ECU,2022,1st,Second stage,10,Sun,2022-09-11,14:00,Independiente,2.0,Delfín SC,0.0,,Estadio banco Guayaquil,Guillermo Guerrero,,https://fbref.com/en/matches/3831099c/Independiente-Delfin-SC-September-11-2022-Serie-A
Liga Profesional Ecuador,M,ECU,2022,1st,Second stage,10,Sun,2022-09-11,16:30,SD Aucas,1.0,CS Emelec,1.0,,Estadio Gonzalo Pozo Ripalda,Luis Quiroz,,https://fbref.com/en/matches/ec043c8b/SD-Aucas-CS-Emelec-September-11-2022-Serie-A
Liga Profesional Ecuador,M,ECU,2022,1st,Second stage,10,Sun,2022-09-11,19:00,Club 9 de Octubre,1.0,CD Cuenca,0.0,,Estadio Los Chirijos,Juan Andrade,,https://fbref.com/en/matches/bd87006b/Club-9-de-Octubre-CD-Cuenca-September-11-2022-Serie-A
Liga Profesional Ecuador,M,ECU,2022,1st,Second stage,10,Mon,2022-09-12,19:00,Técnico Univ.,1.0,Univ Católica,1.0,,Estadio Bellavista de Ambato,Byran Loayza,,https://fbref.com/en/matches/e030b154/Tecnico-Univ-Univ-Catolica-September-12-2022-Serie-A
Liga Profesional Ecuador,M,ECU,2022,1st,Second stage,11,Fri,2022-09-16,19:00,CD Cuenca,1.0,Cumbayá FC,1.0,,Estadio Alejandro Serrano Aguilar,Mario Romero,,https://fbref.com/en/matches/7b4dab9a/CD-Cuenca-Cumbaya-FC-September-16-2022-Serie-A
Liga Profesional Ecuador,M,ECU,2022,1st,Second stage,11,Sat,2022-09-17,13:00,Macará,1.0,Gualaceo Sporting Club,1.0,,Estadio Bellavista de Ambato,Byran Loayza,,https://fbref.com/en/matches/f4898758/Macara-Gualaceo-Sporting-Club-September-17-2022-Serie-A
Liga Profesional Ecuador,M,ECU,2022,1st,Second stage,11,Sat,2022-09-17,15:30,Delfín SC,3.0,Club 9 de Octubre,1.0,,Estadio Jocay,Augusto Aragón,,https://fbref.com/en/matches/94757ed8/Delfin-SC-Club-9-de-Octubre-September-17-2022-Serie-A
Liga Profesional Ecuador,M,ECU,2022,1st,Second stage,11,Sat,2022-09-17,18:00,LDU de Quito,2.0,Independiente,2.0,,Estadio Rodrigo Paz Delgado,Roberto Sánchez,,https://fbref.com/en/matches/da4fc2e9/LDU-de-Quito-Independiente-September-17-2022-Serie-A
Liga Profesional Ecuador,M,ECU,2022,1st,Second stage,11,Sun,2022-09-18,13:00,Univ Católica,2.0,Orense,0.0,,Estadio Olímpico Atahualpa,Luis Quiroz,,https://fbref.com/en/matches/7c9bfefe/Univ-Catolica-Orense-September-18-2022-Serie-A
Liga Profesional Ecuador,M,ECU,2022,1st,Second stage,11,Sun,2022-09-18,15:30,SD Aucas,5.0,Técnico Univ.,2.0,,Estadio Gonzalo Pozo Ripalda,Marlon Vera,,https://fbref.com/en/matches/45434978/SD-Aucas-Tecnico-Univ-September-18-2022-Serie-A
Liga Profesional Ecuador,M,ECU,2022,1st,Second stage,11,Mon,2022-09-19,12:00,CS Emelec,1.0,Barcelona SC,3.0,,Estadio Banco del Pacífico,Franklin Congo,,https://fbref.com/en/matches/0a6b6bb5/CS-Emelec-Barcelona-SC-September-19-2022-Serie-A
Liga Profesional Ecuador,M,ECU,2022,1st,Second stage,11,Mon,2022-09-19,19:00,Guayaquil City,4.0,Mushuc Runa,1.0,,Estadio Christian Benítez Betancourt,Álex Cajas,,https://fbref.com/en/matches/e189bade/Guayaquil-City-Mushuc-Runa-September-19-2022-Serie-A
Liga Profesional Ecuador,M,ECU,2022,1st,Second stage,7,Sat,2022-09-24,16:30,Univ Católica,3.0,Club 9 de Octubre,0.0,,Estadio Olímpico Atahualpa,Mario Romero,,https://fbref.com/en/matches/6f6ff87f/Univ-Catolica-Club-9-de-Octubre-September-24-2022-Serie-A
Liga Profesional Ecuador,M,ECU,2022,1st,Second stage,12,Sat,2022-09-24,19:00,Independiente,1.0,Macará,0.0,,Estadio banco Guayaquil,Luis Quiroz,,https://fbref.com/en/matches/5ba478b3/Independiente-Macara-September-24-2022-Serie-A
Liga Profesional Ecuador,M,ECU,2022,1st,Second stage,7,Sun,2022-09-25,15:30,Delfín SC,0.0,Mushuc Runa,0.0,,Estadio Jocay,Roberto Sánchez,,https://fbref.com/en/matches/9162cc3d/Delfin-SC-Mushuc-Runa-September-25-2022-Serie-A
Liga Profesional Ecuador,M,ECU,2022,1st,Second stage,7,Sun,2022-09-25,18:00,CS Emelec,3.0,CD Cuenca,1.0,,Estadio Banco del Pacífico,Carlos Orbe,,https://fbref.com/en/matches/98d47d59/CS-Emelec-CD-Cuenca-September-25-2022-Serie-A
Liga Profesional Ecuador,M,ECU,2022,1st,Second stage,12,Fri,2022-09-30,19:00,Gualaceo Sporting Club,0.0,Univ Católica,1.0,,Estadio Municipal Jorge Andrade Cantos,Roberto Sánchez,,https://fbref.com/en/matches/011b0188/Gualaceo-Sporting-Club-Univ-Catolica-September-30-2022-Serie-A
Liga Profesional Ecuador,M,ECU,2022,1st,Second stage,12,Sat,2022-10-01,17:45,Club 9 de Octubre,2.0,LDU de Quito,2.0,,Estadio Modelo Alberto Spencer Herrera,Marlon Vera,,https://fbref.com/en/matches/5fc93424/Club-9-de-Octubre-LDU-de-Quito-October-1-2022-Serie-A
Liga Profesional Ecuador,M,ECU,2022,1st,Second stage,12,Sat,2022-10-01,20:00,Mushuc Runa,0.0,CS Emelec,0.0,,Estadio Cooperativa de Ahorro y Crédito ...,Juan Andrade,,https://fbref.com/en/matches/a5db9c96/Mushuc-Runa-CS-Emelec-October-1-2022-Serie-A
Liga Profesional Ecuador,M,ECU,2022,1st,Second stage,12,Sun,2022-10-02,13:00,Orense,1.0,Delfín SC,1.0,,Estadio 9 de Mayo,Guillermo Guerrero,,https://fbref.com/en/matches/ec78e37d/Orense-Delfin-SC-October-2-2022-Serie-A
Liga Profesional Ecuador,M,ECU,2022,1st,Second stage,12,Sun,2022-10-02,15:30,Cumbayá FC,0.0,SD Aucas,0.0,,Estadio Olímpico Atahualpa,Franklin Congo,,https://fbref.com/en/matches/02139839/Cumbaya-FC-SD-Aucas-October-2-2022-Serie-A
Liga Profesional Ecuador,M,ECU,2022,1st,Second stage,12,Sun,2022-10-02,18:00,Barcelona SC,1.0,Guayaquil City,1.0,,Estadio Monumental Isidro Romero Carbo,Augusto Aragón,,https://fbref.com/en/matches/b658544f/Barcelona-SC-Guayaquil-City-October-2-2022-Serie-A
Liga Profesional Ecuador,M,ECU,2022,1st,Second stage,12,Mon,2022-10-03,19:00,Técnico Univ.,1.0,CD Cuenca,0.0,,Estadio Bellavista de Ambato,Álex Cajas,,https://fbref.com/en/matches/f7b720dd/Tecnico-Univ-CD-Cuenca-October-3-2022-Serie-A
Liga Profesional Ecuador,M,ECU,2022,1st,Second stage,13,Fri,2022-10-07,19:00,Delfín SC,3.0,LDU de Quito,0.0,,Estadio Jocay,Luis Quiroz,,https://fbref.com/en/matches/d4630785/Delfin-SC-LDU-de-Quito-October-7-2022-Serie-A
Liga Profesional Ecuador,M,ECU,2022,1st,Second stage,13,Sat,2022-10-08,13:00,Cumbayá FC,0.0,Univ Católica,0.0,,Estadio Olímpico Atahualpa,Juan Andrade,,https://fbref.com/en/matches/ab2040d2/Cumbaya-FC-Univ-Catolica-October-8-2022-Serie-A
Liga Profesional Ecuador,M,ECU,2022,1st,Second stage,13,Sat,2022-10-08,15:30,Macará,3.0,Club 9 de Octubre,1.0,,Estadio Bellavista de Ambato,Roberto Sánchez,,https://fbref.com/en/matches/54077be8/Macara-Club-9-de-Octubre-October-8-2022-Serie-A
Liga Profesional Ecuador,M,ECU,2022,1st,Second stage,13,Sat,2022-10-08,18:00,CD Cuenca,2.0,Barcelona SC,1.0,,Estadio Alejandro Serrano Aguilar,Byran Loayza,,https://fbref.com/en/matches/677d1684/CD-Cuenca-Barcelona-SC-October-8-2022-Serie-A
Liga Profesional Ecuador,M,ECU,2022,1st,Second stage,13,Sun,2022-10-09,13:00,Guayaquil City,1.0,Gualaceo Sporting Club,0.0,,Estadio Christian Benítez Betancourt,Jaime Sánchez,,https://fbref.com/en/matches/5da22221/Guayaquil-City-Gualaceo-Sporting-Club-October-9-2022-Serie-A
Liga Profesional Ecuador,M,ECU,2022,1st,Second stage,13,Sun,2022-10-09,15:30,SD Aucas,0.0,Mushuc Runa,0.0,,Estadio Gonzalo Pozo Ripalda,Guillermo Guerrero,,https://fbref.com/en/matches/d5fab20c/SD-Aucas-Mushuc-Runa-October-9-2022-Serie-A
Liga Profesional Ecuador,M,ECU,2022,1st,Second stage,13,Sun,2022-10-09,18:00,CS Emelec,0.0,Orense,0.0,,Estadio Banco del Pacífico,Augusto Aragón,,https://fbref.com/en/matches/e85d295f/CS-Emelec-Orense-October-9-2022-Serie-A
Liga Profesional Ecuador,M,ECU,2022,1st,Second stage,13,Mon,2022-10-10,19:00,Independiente,0.0,Técnico Univ.,1.0,,Estadio banco Guayaquil,Franklin Congo,,https://fbref.com/en/matches/0386ebc3/Independiente-Tecnico-Univ-October-10-2022-Serie-A
Liga Profesional Ecuador,M,ECU,2022,1st,Second stage,14,Sat,2022-10-15,18:00,LDU de Quito,2.0,Guayaquil City,0.0,,Estadio Rodrigo Paz Delgado,Guillermo Guerrero,,https://fbref.com/en/matches/3a2f4844/LDU-de-Quito-Guayaquil-City-October-15-2022-Serie-A
Liga Profesional Ecuador,M,ECU,2022,1st,Second stage,14,Sat,2022-10-15,18:00,Orense,1.0,CD Cuenca,0.0,,Estadio 9 de Mayo,Carlos Orbe,,https://fbref.com/en/matches/487b200d/Orense-CD-Cuenca-October-15-2022-Serie-A
Liga Profesional Ecuador,M,ECU,2022,1st,Second stage,14,Sat,2022-10-15,18:00,Gualaceo Sporting Club,2.0,Delfín SC,1.0,,Estadio Municipal Jorge Andrade Cantos,Juan Andrade,,https://fbref.com/en/matches/c1690d2d/Gualaceo-Sporting-Club-Delfin-SC-October-15-2022-Serie-A
Liga Profesional Ecuador,M,ECU,2022,1st,Second stage,14,Sun,2022-10-16,18:00,Univ Católica,2.0,CS Emelec,0.0,,Estadio Olímpico Atahualpa,Luis Quiroz,,https://fbref.com/en/matches/0ca4e54d/Univ-Catolica-CS-Emelec-October-16-2022-Serie-A
Liga Profesional Ecuador,M,ECU,2022,1st,Second stage,14,Sun,2022-10-16,18:00,Mushuc Runa,0.0,Independiente,1.0,,Estadio Cooperativa de Ahorro y Crédito ...,Byran Loayza,,https://fbref.com/en/matches/6946507d/Mushuc-Runa-Independiente-October-16-2022-Serie-A
Liga Profesional Ecuador,M,ECU,2022,1st,Second stage,14,Sun,2022-10-16,18:00,Barcelona SC,0.0,SD Aucas,2.0,,Estadio Monumental Isidro Romero Carbo,Roberto Sánchez,,https://fbref.com/en/matches/d9db8456/Barcelona-SC-SD-Aucas-October-16-2022-Serie-A
Liga Profesional Ecuador,M,ECU,2022,1st,Second stage,14,Mon,2022-10-17,19:00,Club 9 de Octubre,0.0,Cumbayá FC,1.0,,Estadio Modelo Alberto Spencer Herrera,Jaime Sánchez,,https://fbref.com/en/matches/2ff21fd0/Club-9-de-Octubre-Cumbaya-FC-October-17-2022-Serie-A
Liga Profesional Ecuador,M,ECU,2022,1st,Second stage,14,Mon,2022-10-17,19:00,Técnico Univ.,3.0,Macará,1.0,,Estadio Bellavista de Ambato,Augusto Aragón,,https://fbref.com/en/matches/4b0d474d/Tecnico-Univ-Macara-October-17-2022-Serie-A
Liga Profesional Ecuador,M,ECU,2022,1st,Second stage,15,Fri,2022-10-21,19:00,CD Cuenca,3.0,Mushuc Runa,1.0,,Estadio Alejandro Serrano Aguilar,Kevin Pazmiño,,https://fbref.com/en/matches/c84c6515/CD-Cuenca-Mushuc-Runa-October-21-2022-Serie-A
Liga Profesional Ecuador,M,ECU,2022,1st,Second stage,15,Sat,2022-10-22,13:00,Macará,0.0,LDU de Quito,5.0,,Estadio Bellavista de Ambato,Anthony Yamil Díaz,,https://fbref.com/en/matches/820fbdce/Macara-LDU-de-Quito-October-22-2022-Serie-A
Liga Profesional Ecuador,M,ECU,2022,1st,Second stage,15,Sat,2022-10-22,15:30,CS Emelec,3.0,Técnico Univ.,1.0,,Estadio Banco del Pacífico,Gabriel González,,https://fbref.com/en/matches/10a384ea/CS-Emelec-Tecnico-Univ-October-22-2022-Serie-A
Liga Profesional Ecuador,M,ECU,2022,1st,Second stage,15,Sat,2022-10-22,18:00,Cumbayá FC,1.0,Barcelona SC,1.0,,Estadio Olímpico Atahualpa,Juan Andrade,,https://fbref.com/en/matches/2125844a/Cumbaya-FC-Barcelona-SC-October-22-2022-Serie-A
Liga Profesional Ecuador,M,ECU,2022,1st,Second stage,15,Sun,2022-10-23,15:30,Independiente,1.0,Club 9 de Octubre,0.0,,Estadio banco Guayaquil,Oswaldo Contreras,,https://fbref.com/en/matches/f446e04f/Independiente-Club-9-de-Octubre-October-23-2022-Serie-A
Liga Profesional Ecuador,M,ECU,2022,1st,Second stage,15,Sun,2022-10-23,18:00,Guayaquil City,1.0,Orense,1.0,,Estadio Christian Benítez Betancourt,Luis Quiroz,,https://fbref.com/en/matches/80ab36e3/Guayaquil-City-Orense-October-23-2022-Serie-A
Liga Profesional Ecuador,M,ECU,2022,1st,Second stage,15,Sun,2022-10-23,18:00,Delfín SC,2.0,Univ Católica,1.0,,Estadio Jocay,Guillermo Guerrero,,https://fbref.com/en/matches/b1a29e68/Delfin-SC-Univ-Catolica-October-23-2022-Serie-A
Liga Profesional Ecuador,M,ECU,2022,1st,Second stage,15,Sun,2022-10-23,18:00,SD Aucas,3.0,Gualaceo Sporting Club,0.0,,Estadio Gonzalo Pozo Ripalda,Carlos Orbe,,https://fbref.com/en/matches/f3152b8d/SD-Aucas-Gualaceo-Sporting-Club-October-23-2022-Serie-A
Liga Profesional Ecuador,M,ECU,2022,1st,Final,,Sun,2022-11-06,16:00,Barcelona SC,0.0,SD Aucas,1.0,,Estadio Monumental Isidro Romero Carbo,Augusto Aragón,Leg 1 of 2,https://fbref.com/en/matches/cb4a7057/Barcelona-SC-SD-Aucas-November-6-2022-Serie-A
Liga Profesional Ecuador,M,ECU,2022,1st,Final,,Sun,2022-11-13,18:00,SD Aucas,0.0,Barcelona SC,0.0,,Estadio Gonzalo Pozo Ripalda,Luis Quiroz,Leg 2 of 2; SD Aucas won,https://fbref.com/en/matches/9e49db54/SD-Aucas-Barcelona-SC-November-13-2022-Serie-A
Liga Profesional Ecuador,M,ECU,2023,1st,First stage,1,Fri,2023-02-24,19:00,CD Cuenca,2.0,LDU de Quito,0.0,,Estadio Alejandro Serrano Aguilar,Augusto Aragón,,https://fbref.com/en/matches/c4c358f1/CD-Cuenca-LDU-de-Quito-February-24-2023-Serie-A
Liga Profesional Ecuador,M,ECU,2023,1st,First stage,1,Sat,2023-02-25,14:00,Independiente,3.0,Mushuc Runa,1.0,,Estadio banco Guayaquil,Jaime Sánchez,,https://fbref.com/en/matches/151e6c19/Independiente-Mushuc-Runa-February-25-2023-Serie-A
Liga Profesional Ecuador,M,ECU,2023,1st,First stage,1,Sat,2023-02-25,16:30,Guayaquil City,1.0,Cumbayá FC,1.0,,Estadio Christian Benítez Betancourt,Luis Quiroz,,https://fbref.com/en/matches/67c9fcdd/Guayaquil-City-Cumbaya-FC-February-25-2023-Serie-A
Liga Profesional Ecuador,M,ECU,2023,1st,First stage,1,Sat,2023-02-25,19:00,Gualaceo Sporting Club,2.0,Barcelona SC,1.0,,Estadio Municipal Jorge Andrade Cantos,Roberto Sánchez,,https://fbref.com/en/matches/e8641e54/Gualaceo-Sporting-Club-Barcelona-SC-February-25-2023-Serie-A
Liga Profesional Ecuador,M,ECU,2023,1st,First stage,1,Sun,2023-02-26,14:00,Técnico Univ.,4.0,Univ Católica,1.0,,Estadio Bellavista de Ambato,Guillermo Guerrero,,https://fbref.com/en/matches/26dafe8c/Tecnico-Univ-Univ-Catolica-February-26-2023-Serie-A
Liga Profesional Ecuador,M,ECU,2023,1st,First stage,1,Sun,2023-02-26,16:30,SD Aucas,0.0,El Nacional,2.0,,Estadio Gonzalo Pozo Ripalda,Carlos Orbe,,https://fbref.com/en/matches/b5aaf285/SD-Aucas-El-Nacional-February-26-2023-Serie-A
Liga Profesional Ecuador,M,ECU,2023,1st,First stage,1,Sun,2023-02-26,19:00,CS Emelec,2.0,Libertad FC,0.0,,Estadio Banco del Pacífico,Gabriel González,,https://fbref.com/en/matches/16b31efa/CS-Emelec-Libertad-FC-February-26-2023-Serie-A
Liga Profesional Ecuador,M,ECU,2023,1st,First stage,1,Mon,2023-02-27,19:00,Delfín SC,1.0,Orense,1.0,,Estadio Jocay,Kevin Pazmiño,,https://fbref.com/en/matches/c5e7f8e9/Delfin-SC-Orense-February-27-2023-Serie-A
Liga Profesional Ecuador,M,ECU,2023,1st,First stage,2,Fri,2023-03-03,19:00,Libertad FC,3.0,CD Cuenca,1.0,,Estadio Federativo Reina del Cisne,Roddy Zambrano,,https://fbref.com/en/matches/f729153e/Libertad-FC-CD-Cuenca-March-3-2023-Serie-A
Liga Profesional Ecuador,M,ECU,2023,1st,First stage,2,Sat,2023-03-04,14:00,El Nacional,3.0,Técnico Univ.,2.0,,Estadio Olímpico Atahualpa,Oswaldo Contreras,,https://fbref.com/en/matches/66010675/El-Nacional-Tecnico-Univ-March-4-2023-Serie-A
Liga Profesional Ecuador,M,ECU,2023,1st,First stage,2,Sat,2023-03-04,16:30,LDU de Quito,1.0,SD Aucas,1.0,,Estadio Rodrigo Paz Delgado,Juan Andrade,,https://fbref.com/en/matches/9a5d265f/LDU-de-Quito-SD-Aucas-March-4-2023-Serie-A
Liga Profesional Ecuador,M,ECU,2023,1st,First stage,2,Sat,2023-03-04,19:00,Barcelona SC,5.0,Delfín SC,0.0,,Estadio Monumental Isidro Romero Carbo,Luis Quiroz,,https://fbref.com/en/matches/ff60baea/Barcelona-SC-Delfin-SC-March-4-2023-Serie-A
Liga Profesional Ecuador,M,ECU,2023,1st,First stage,2,Sun,2023-03-05,14:00,Mushuc Runa,2.0,Gualaceo Sporting Club,1.0,,Estadio Cooperativa de Ahorro y Crédito ...,Franklin Congo,,https://fbref.com/en/matches/1bb5d593/Mushuc-Runa-Gualaceo-Sporting-Club-March-5-2023-Serie-A
Liga Profesional Ecuador,M,ECU,2023,1st,First stage,2,Sun,2023-03-05,16:30,Univ Católica,3.0,Guayaquil City,0.0,,Estadio Olímpico Atahualpa,Byran Loayza,,https://fbref.com/en/matches/fc8ed6d4/Univ-Catolica-Guayaquil-City-March-5-2023-Serie-A
Liga Profesional Ecuador,M,ECU,2023,1st,First stage,2,Sun,2023-03-05,19:00,Orense,2.0,CS Emelec,1.0,,Estadio 9 de Mayo,Álex Cajas,,https://fbref.com/en/matches/778c20f1/Orense-CS-Emelec-March-5-2023-Serie-A
Liga Profesional Ecuador,M,ECU,2023,1st,First stage,2,Mon,2023-03-06,19:00,Cumbayá FC,1.0,Independiente,0.0,,Estadio Olímpico Atahualpa,Robert Cabrera,,https://fbref.com/en/matches/0041a112/Cumbaya-FC-Independiente-March-6-2023-Serie-A
Liga Profesional Ecuador,M,ECU,2023,1st,First stage,3,Fri,2023-03-17,19:00,Gualaceo Sporting Club,2.0,Orense,1.0,,Estadio Municipal Jorge Andrade Cantos,Gorky Araujo,,https://fbref.com/en/matches/0f74b065/Gualaceo-Sporting-Club-Orense-March-17-2023-Serie-A
Liga Profesional Ecuador,M,ECU,2023,1st,First stage,3,Sat,2023-03-18,14:00,Delfín SC,3.0,Libertad FC,2.0,,Estadio Jocay,Jaime Sánchez,,https://fbref.com/en/matches/92c9a80d/Delfin-SC-Libertad-FC-March-18-2023-Serie-A
Liga Profesional Ecuador,M,ECU,2023,1st,First stage,3,Sat,2023-03-18,16:30,Guayaquil City,4.0,Mushuc Runa,1.0,,Estadio Christian Benítez Betancourt,Gabriel González,,https://fbref.com/en/matches/f5d3d153/Guayaquil-City-Mushuc-Runa-March-18-2023-Serie-A
Liga Profesional Ecuador,M,ECU,2023,1st,First stage,3,Sat,2023-03-18,19:00,Independiente,1.0,Barcelona SC,0.0,,Estadio banco Guayaquil,Augusto Aragón,,https://fbref.com/en/matches/66aea556/Independiente-Barcelona-SC-March-18-2023-Serie-A
Liga Profesional Ecuador,M,ECU,2023,1st,First stage,3,Sun,2023-03-19,14:00,SD Aucas,4.0,Univ Católica,1.0,,Estadio Gonzalo Pozo Ripalda,Franklin Congo,,https://fbref.com/en/matches/d3cd52c2/SD-Aucas-Univ-Catolica-March-19-2023-Serie-A
Liga Profesional Ecuador,M,ECU,2023,1st,First stage,3,Sun,2023-03-19,16:30,El Nacional,0.0,LDU de Quito,2.0,,Estadio Olímpico Atahualpa,Guillermo Guerrero,,https://fbref.com/en/matches/7ab36e09/El-Nacional-LDU-de-Quito-March-19-2023-Serie-A
Liga Profesional Ecuador,M,ECU,2023,1st,First stage,3,Sun,2023-03-19,19:00,CS Emelec,1.0,Técnico Univ.,0.0,,Estadio Banco del Pacífico,Luis Quiroz,,https://fbref.com/en/matches/5998cfeb/CS-Emelec-Tecnico-Univ-March-19-2023-Serie-A
Liga Profesional Ecuador,M,ECU,2023,1st,First stage,3,Mon,2023-03-20,19:00,CD Cuenca,1.0,Cumbayá FC,0.0,,Estadio Alejandro Serrano Aguilar,René Marín,,https://fbref.com/en/matches/06c767db/CD-Cuenca-Cumbaya-FC-March-20-2023-Serie-A
Liga Profesional Ecuador,M,ECU,2023,1st,First stage,4,Fri,2023-03-31,17:30,Univ Católica,2.0,Independiente,3.0,,Estadio Olímpico Atahualpa,Roberto Sánchez,,https://fbref.com/en/matches/030d18f1/Univ-Catolica-Independiente-March-31-2023-Serie-A
Liga Profesional Ecuador,M,ECU,2023,1st,First stage,4,Fri,2023-03-31,20:00,LDU de Quito,6.0,Gualaceo Sporting Club,1.0,,Estadio Rodrigo Paz Delgado,Luis Quiroz,,https://fbref.com/en/matches/8ccb2faf/LDU-de-Quito-Gualaceo-Sporting-Club-March-31-2023-Serie-A
Liga Profesional Ecuador,M,ECU,2023,1st,First stage,4,Sat,2023-04-01,14:00,Libertad FC,2.0,SD Aucas,2.0,,Estadio Federativo Reina del Cisne,Robert Cabrera,,https://fbref.com/en/matches/78123a56/Libertad-FC-SD-Aucas-April-1-2023-Serie-A
Liga Profesional Ecuador,M,ECU,2023,1st,First stage,4,Sat,2023-04-01,16:30,Barcelona SC,1.0,Mushuc Runa,0.0,,Estadio Monumental Isidro Romero Carbo,René Marín,,https://fbref.com/en/matches/f12a90e1/Barcelona-SC-Mushuc-Runa-April-1-2023-Serie-A
Liga Profesional Ecuador,M,ECU,2023,1st,First stage,4,Sat,2023-04-01,19:00,Delfín SC,3.0,CS Emelec,2.0,,Estadio Jocay,Byran Loayza,,https://fbref.com/en/matches/bd1e65db/Delfin-SC-CS-Emelec-April-1-2023-Serie-A
Liga Profesional Ecuador,M,ECU,2023,1st,First stage,4,Sun,2023-04-02,14:00,Técnico Univ.,3.0,CD Cuenca,0.0,,Estadio Bellavista de Ambato,Anthony Yamil Díaz,,https://fbref.com/en/matches/9bcb367f/Tecnico-Univ-CD-Cuenca-April-2-2023-Serie-A
Liga Profesional Ecuador,M,ECU,2023,1st,First stage,4,Sun,2023-04-02,16:30,Cumbayá FC,2.0,El Nacional,0.0,,Estadio Olímpico Atahualpa,Franklin Congo,,https://fbref.com/en/matches/b3fb82e3/Cumbaya-FC-El-Nacional-April-2-2023-Serie-A
Liga Profesional Ecuador,M,ECU,2023,1st,First stage,4,Sun,2023-04-02,19:00,Orense,3.0,Guayaquil City,2.0,,Estadio 9 de Mayo,Guillermo Guerrero,,https://fbref.com/en/matches/00e5b28d/Orense-Guayaquil-City-April-2-2023-Serie-A
Liga Profesional Ecuador,M,ECU,2023,1st,First stage,5,Fri,2023-04-07,19:00,Orense,2.0,CD Cuenca,0.0,,Estadio 9 de Mayo,Roberto Sánchez,,https://fbref.com/en/matches/c4da34c3/Orense-CD-Cuenca-April-7-2023-Serie-A
Liga Profesional Ecuador,M,ECU,2023,1st,First stage,5,Sat,2023-04-08,13:00,Gualaceo Sporting Club,1.0,Técnico Univ.,1.0,,Estadio Municipal Jorge Andrade Cantos,Yerson Zambrano,,https://fbref.com/en/matches/e4d3566d/Gualaceo-Sporting-Club-Tecnico-Univ-April-8-2023-Serie-A
Liga Profesional Ecuador,M,ECU,2023,1st,First stage,5,Sat,2023-04-08,15:30,El Nacional,1.0,Univ Católica,2.0,,Estadio General Rumiñahui del Valle de L...,Luis Quiroz,,https://fbref.com/en/matches/a869c6fa/El-Nacional-Univ-Catolica-April-8-2023-Serie-A
Liga Profesional Ecuador,M,ECU,2023,1st,First stage,5,Sat,2023-04-08,18:00,Independiente,3.0,Delfín SC,0.0,,Estadio banco Guayaquil,Franklin Congo,,https://fbref.com/en/matches/50c99223/Independiente-Delfin-SC-April-8-2023-Serie-A
Liga Profesional Ecuador,M,ECU,2023,1st,First stage,5,Sun,2023-04-09,13:00,Mushuc Runa,2.0,Libertad FC,1.0,,Estadio Cooperativa de Ahorro y Crédito ...,Oswaldo Contreras,,https://fbref.com/en/matches/5ed422d0/Mushuc-Runa-Libertad-FC-April-9-2023-Serie-A
Liga Profesional Ecuador,M,ECU,2023,1st,First stage,5,Sun,2023-04-09,15:30,Guayaquil City,1.0,LDU de Quito,2.0,,Estadio Christian Benítez Betancourt,Jaime Sánchez,,https://fbref.com/en/matches/7c18e35b/Guayaquil-City-LDU-de-Quito-April-9-2023-Serie-A
Liga Profesional Ecuador,M,ECU,2023,1st,First stage,5,Sun,2023-04-09,18:00,SD Aucas,2.0,CS Emelec,1.0,,Estadio Gonzalo Pozo Ripalda,René Marín,,https://fbref.com/en/matches/637f7255/SD-Aucas-CS-Emelec-April-9-2023-Serie-A
Liga Profesional Ecuador,M,ECU,2023,1st,First stage,5,Mon,2023-04-10,19:00,Barcelona SC,4.0,Cumbayá FC,1.0,,Estadio Monumental Isidro Romero Carbo,Byran Loayza,,https://fbref.com/en/matches/b335507a/Barcelona-SC-Cumbaya-FC-April-10-2023-Serie-A
Liga Profesional Ecuador,M,ECU,2023,1st,First stage,6,Fri,2023-04-14,19:00,Libertad FC,0.0,Independiente,0.0,,Estadio Federativo Reina del Cisne,Gabriel González,,https://fbref.com/en/matches/140bdaca/Libertad-FC-Independiente-April-14-2023-Serie-A
Liga Profesional Ecuador,M,ECU,2023,1st,First stage,6,Sat,2023-04-15,12:30,Técnico Univ.,0.0,SD Aucas,1.0,,Estadio Bellavista de Ambato,Juan Andrade,,https://fbref.com/en/matches/96b9bd15/Tecnico-Univ-SD-Aucas-April-15-2023-Serie-A
Liga Profesional Ecuador,M,ECU,2023,1st,First stage,6,Sat,2023-04-15,15:00,CD Cuenca,4.0,Guayaquil City,1.0,,Estadio Alejandro Serrano Aguilar,Byran Loayza,,https://fbref.com/en/matches/dfc913b2/CD-Cuenca-Guayaquil-City-April-15-2023-Serie-A
Liga Profesional Ecuador,M,ECU,2023,1st,First stage,6,Sat,2023-04-15,18:00,LDU de Quito,0.0,Barcelona SC,1.0,,Estadio Rodrigo Paz Delgado,René Marín,,https://fbref.com/en/matches/6bd2aacc/LDU-de-Quito-Barcelona-SC-April-15-2023-Serie-A
Liga Profesional Ecuador,M,ECU,2023,1st,First stage,6,Sun,2023-04-16,13:00,Cumbayá FC,1.0,Gualaceo Sporting Club,0.0,,Estadio Olímpico Atahualpa,Guillermo Guerrero,,https://fbref.com/en/matches/7dc50f8b/Cumbaya-FC-Gualaceo-Sporting-Club-April-16-2023-Serie-A
Liga Profesional Ecuador,M,ECU,2023,1st,First stage,6,Sun,2023-04-16,15:30,Delfín SC,3.0,Mushuc Runa,0.0,,Estadio Jocay,Jordan Montece,,https://fbref.com/en/matches/1ad0b263/Delfin-SC-Mushuc-Runa-April-16-2023-Serie-A
Liga Profesional Ecuador,M,ECU,2023,1st,First stage,6,Mon,2023-04-17,12:00,CS Emelec,1.0,El Nacional,2.0,,Estadio Banco del Pacífico,Oswaldo Contreras,,https://fbref.com/en/matches/64dde01b/CS-Emelec-El-Nacional-April-17-2023-Serie-A
Liga Profesional Ecuador,M,ECU,2023,1st,First stage,6,Mon,2023-04-17,19:00,Univ Católica,1.0,Orense,1.0,,Estadio Municipal La Cocha,Yerson Zambrano,,https://fbref.com/en/matches/80933b12/Univ-Catolica-Orense-April-17-2023-Serie-A
Liga Profesional Ecuador,M,ECU,2023,1st,First stage,7,Fri,2023-04-21,19:00,Guayaquil City,2.0,Delfín SC,1.0,,Estadio Christian Benítez Betancourt,Álex Cajas,,https://fbref.com/en/matches/00ecab4b/Guayaquil-City-Delfin-SC-April-21-2023-Serie-A
Liga Profesional Ecuador,M,ECU,2023,1st,First stage,7,Sat,2023-04-22,13:00,Gualaceo Sporting Club,1.0,Univ Católica,0.0,,Estadio Municipal Jorge Andrade Cantos,Jaime Sánchez,,https://fbref.com/en/matches/959b339a/Gualaceo-Sporting-Club-Univ-Catolica-April-22-2023-Serie-A
Liga Profesional Ecuador,M,ECU,2023,1st,First stage,7,Sat,2023-04-22,15:30,Independiente,1.0,Técnico Univ.,0.0,,Estadio banco Guayaquil,Luis Quiroz,,https://fbref.com/en/matches/0b892732/Independiente-Tecnico-Univ-April-22-2023-Serie-A
Liga Profesional Ecuador,M,ECU,2023,1st,First stage,7,Sat,2023-04-22,18:00,Orense,2.0,LDU de Quito,1.0,,Estadio 9 de Mayo,Carlos Orbe,,https://fbref.com/en/matches/92a65aa6/Orense-LDU-de-Quito-April-22-2023-Serie-A
Liga Profesional Ecuador,M,ECU,2023,1st,First stage,7,Sun,2023-04-23,13:00,El Nacional,4.0,Libertad FC,2.0,,Estadio Olímpico Atahualpa,Christian Guillen,,https://fbref.com/en/matches/133c75fb/El-Nacional-Libertad-FC-April-23-2023-Serie-A
Liga Profesional Ecuador,M,ECU,2023,1st,First stage,7,Sun,2023-04-23,15:30,Barcelona SC,2.0,CD Cuenca,1.0,,Estadio Monumental Isidro Romero Carbo,Franklin Congo,,https://fbref.com/en/matches/f7cbe77d/Barcelona-SC-CD-Cuenca-April-23-2023-Serie-A
Liga Profesional Ecuador,M,ECU,2023,1st,First stage,7,Sun,2023-04-23,18:00,Mushuc Runa,0.0,CS Emelec,0.0,,Estadio Cooperativa de Ahorro y Crédito ...,Roberto Sánchez,,https://fbref.com/en/matches/206ce428/Mushuc-Runa-CS-Emelec-April-23-2023-Serie-A
Liga Profesional Ecuador,M,ECU,2023,1st,First stage,7,Mon,2023-04-24,19:00,SD Aucas,2.0,Cumbayá FC,1.0,,Estadio Gonzalo Pozo Ripalda,Robert Cabrera,,https://fbref.com/en/matches/ed195e33/SD-Aucas-Cumbaya-FC-April-24-2023-Serie-A
Liga Profesional Ecuador,M,ECU,2023,1st,First stage,8,Fri,2023-04-28,17:30,SD Aucas,1.0,Guayaquil City,0.0,,Estadio Gonzalo Pozo Ripalda,Augusto Aragón,,https://fbref.com/en/matches/951e837c/SD-Aucas-Guayaquil-City-April-28-2023-Serie-A
Liga Profesional Ecuador,M,ECU,2023,1st,First stage,8,Fri,2023-04-28,20:00,CS Emelec,2.0,Independiente,3.0,,Estadio Banco del Pacífico,Byran Loayza,,https://fbref.com/en/matches/fadf1594/CS-Emelec-Independiente-April-28-2023-Serie-A
Liga Profesional Ecuador,M,ECU,2023,1st,First stage,8,Sat,2023-04-29,13:00,CD Cuenca,1.0,Gualaceo Sporting Club,2.0,,Estadio Alejandro Serrano Aguilar,René Marín,,https://fbref.com/en/matches/9f2cf86b/CD-Cuenca-Gualaceo-Sporting-Club-April-29-2023-Serie-A
Liga Profesional Ecuador,M,ECU,2023,1st,First stage,8,Sat,2023-04-29,15:30,Univ Católica,0.0,LDU de Quito,4.0,,Estadio Olímpico Atahualpa,Guillermo Guerrero,,https://fbref.com/en/matches/533373d6/Univ-Catolica-LDU-de-Quito-April-29-2023-Serie-A
Liga Profesional Ecuador,M,ECU,2023,1st,First stage,8,Sat,2023-04-29,18:00,Técnico Univ.,2.0,Barcelona SC,2.0,,Estadio Bellavista de Ambato,Jaime Sánchez,,https://fbref.com/en/matches/c1fc8786/Tecnico-Univ-Barcelona-SC-April-29-2023-Serie-A
Liga Profesional Ecuador,M,ECU,2023,1st,First stage,8,Sun,2023-04-30,13:00,Cumbayá FC,1.0,Mushuc Runa,1.0,,Estadio Olímpico Atahualpa,Oswaldo Contreras,,https://fbref.com/en/matches/919bc607/Cumbaya-FC-Mushuc-Runa-April-30-2023-Serie-A
Liga Profesional Ecuador,M,ECU,2023,1st,First stage,8,Sun,2023-04-30,15:30,Libertad FC,0.0,Orense,0.0,,Estadio Federativo Reina del Cisne,Franklin Congo,,https://fbref.com/en/matches/d6520bd6/Libertad-FC-Orense-April-30-2023-Serie-A
Liga Profesional Ecuador,M,ECU,2023,1st,First stage,8,Sun,2023-04-30,18:00,Delfín SC,2.0,El Nacional,0.0,,Estadio Jocay,Gabriel González,,https://fbref.com/en/matches/a3422eaf/Delfin-SC-El-Nacional-April-30-2023-Serie-A
Liga Profesional Ecuador,M,ECU,2023,1st,First stage,9,Fri,2023-05-05,19:00,Orense,2.0,Técnico Univ.,1.0,,Estadio 9 de Mayo,Guillermo Guerrero,,https://fbref.com/en/matches/a82d5bf2/Orense-Tecnico-Univ-May-5-2023-Serie-A
Liga Profesional Ecuador,M,ECU,2023,1st,First stage,9,Sat,2023-05-06,13:00,Univ Católica,1.0,CD Cuenca,0.0,,Estadio Olímpico Atahualpa,Álex Cajas,,https://fbref.com/en/matches/32b3ccf0/Univ-Catolica-CD-Cuenca-May-6-2023-Serie-A
Liga Profesional Ecuador,M,ECU,2023,1st,First stage,9,Sat,2023-05-06,15:30,Guayaquil City,1.0,Libertad FC,1.0,,Estadio Christian Benítez Betancourt,Luis Quiroz,,https://fbref.com/en/matches/ed2ec926/Guayaquil-City-Libertad-FC-May-6-2023-Serie-A
Liga Profesional Ecuador,M,ECU,2023,1st,First stage,9,Sat,2023-05-06,18:00,Gualaceo Sporting Club,1.0,Independiente,2.0,,Estadio Municipal Jorge Andrade Cantos,Mario Romero,,https://fbref.com/en/matches/a5c06d5e/Gualaceo-Sporting-Club-Independiente-May-6-2023-Serie-A
Liga Profesional Ecuador,M,ECU,2023,1st,First stage,9,Sun,2023-05-07,13:00,Mushuc Runa,0.0,El Nacional,1.0,,Estadio Bellavista de Ambato,Yerson Zambrano,,https://fbref.com/en/matches/73de3c32/Mushuc-Runa-El-Nacional-May-7-2023-Serie-A
Liga Profesional Ecuador,M,ECU,2023,1st,First stage,9,Sun,2023-05-07,15:30,Cumbayá FC,0.0,CS Emelec,0.0,,Estadio Olímpico Atahualpa,René Marín,,https://fbref.com/en/matches/fd8453fc/Cumbaya-FC-CS-Emelec-May-7-2023-Serie-A
Liga Profesional Ecuador,M,ECU,2023,1st,First stage,9,Sun,2023-05-07,18:00,Barcelona SC,5.0,SD Aucas,1.0,,Estadio Monumental Isidro Romero Carbo,Gabriel González,,https://fbref.com/en/matches/526833a8/Barcelona-SC-SD-Aucas-May-7-2023-Serie-A
Liga Profesional Ecuador,M,ECU,2023,1st,First stage,9,Mon,2023-05-08,19:00,LDU de Quito,1.0,Delfín SC,1.0,,Estadio Rodrigo Paz Delgado,Roberto Sánchez,,https://fbref.com/en/matches/3affd1d5/LDU-de-Quito-Delfin-SC-May-8-2023-Serie-A
Liga Profesional Ecuador,M,ECU,2023,1st,First stage,10,Fri,2023-05-12,19:00,CD Cuenca,3.0,Mushuc Runa,0.0,,Estadio Alejandro Serrano Aguilar,Gorky Araujo,,https://fbref.com/en/matches/22f94279/CD-Cuenca-Mushuc-Runa-May-12-2023-Serie-A
Liga Profesional Ecuador,M,ECU,2023,1st,First stage,10,Sat,2023-05-13,13:00,El Nacional,3.0,Orense,1.0,,Estadio Olímpico Atahualpa,Robert Cabrera,,https://fbref.com/en/matches/493b7fd2/El-Nacional-Orense-May-13-2023-Serie-A
Liga Profesional Ecuador,M,ECU,2023,1st,First stage,10,Sat,2023-05-13,15:30,SD Aucas,1.0,Gualaceo Sporting Club,0.0,,Estadio Gonzalo Pozo Ripalda,Yerson Zambrano,,https://fbref.com/en/matches/3e539d7d/SD-Aucas-Gualaceo-Sporting-Club-May-13-2023-Serie-A
Liga Profesional Ecuador,M,ECU,2023,1st,First stage,10,Sat,2023-05-13,18:00,Libertad FC,2.0,Barcelona SC,2.0,,Estadio Federativo Reina del Cisne,Roberto Sánchez,,https://fbref.com/en/matches/f40b2b2f/Libertad-FC-Barcelona-SC-May-13-2023-Serie-A
Liga Profesional Ecuador,M,ECU,2023,1st,First stage,10,Sun,2023-05-14,13:00,Delfín SC,0.0,Univ Católica,0.0,,Estadio Jocay,Mario Romero,,https://fbref.com/en/matches/274e7d7f/Delfin-SC-Univ-Catolica-May-14-2023-Serie-A
Liga Profesional Ecuador,M,ECU,2023,1st,First stage,10,Sun,2023-05-14,15:30,Independiente,4.0,Guayaquil City,0.0,,Estadio banco Guayaquil,René Marín,,https://fbref.com/en/matches/66308bed/Independiente-Guayaquil-City-May-14-2023-Serie-A
Liga Profesional Ecuador,M,ECU,2023,1st,First stage,10,Sun,2023-05-14,18:00,CS Emelec,1.0,LDU de Quito,1.0,,Estadio Banco del Pacífico,Juan Andrade,,https://fbref.com/en/matches/098b053a/CS-Emelec-LDU-de-Quito-May-14-2023-Serie-A
Liga Profesional Ecuador,M,ECU,2023,1st,First stage,10,Mon,2023-05-15,19:00,Técnico Univ.,0.0,Cumbayá FC,0.0,,Estadio Bellavista de Ambato,Oswaldo Contreras,,https://fbref.com/en/matches/4a2c8ef4/Tecnico-Univ-Cumbaya-FC-May-15-2023-Serie-A
Liga Profesional Ecuador,M,ECU,2023,1st,First stage,11,Fri,2023-05-19,17:30,LDU de Quito,2.0,Técnico Univ.,1.0,,Estadio Rodrigo Paz Delgado,Byran Loayza,,https://fbref.com/en/matches/7640004c/LDU-de-Quito-Tecnico-Univ-May-19-2023-Serie-A
Liga Profesional Ecuador,M,ECU,2023,1st,First stage,11,Fri,2023-05-19,20:00,Barcelona SC,2.0,Orense,0.0,,Estadio Monumental Isidro Romero Carbo,Augusto Aragón,,https://fbref.com/en/matches/dbf5448f/Barcelona-SC-Orense-May-19-2023-Serie-A
Liga Profesional Ecuador,M,ECU,2023,1st,First stage,11,Sat,2023-05-20,13:00,Mushuc Runa,0.0,SD Aucas,0.0,,Estadio Cooperativa de Ahorro y Crédito ...,Guillermo Guerrero,,https://fbref.com/en/matches/71b7a32e/Mushuc-Runa-SD-Aucas-May-20-2023-Serie-A
Liga Profesional Ecuador,M,ECU,2023,1st,First stage,11,Sat,2023-05-20,15:30,CD Cuenca,1.0,Independiente,2.0,,Estadio Alejandro Serrano Aguilar,Robert Cabrera,,https://fbref.com/en/matches/3fa4f480/CD-Cuenca-Independiente-May-20-2023-Serie-A
Liga Profesional Ecuador,M,ECU,2023,1st,First stage,11,Sat,2023-05-20,18:30,Univ Católica,3.0,CS Emelec,2.0,,Estadio Olímpico Atahualpa,Gabriel González,,https://fbref.com/en/matches/18b68dc5/Univ-Catolica-CS-Emelec-May-20-2023-Serie-A
Liga Profesional Ecuador,M,ECU,2023,1st,First stage,11,Sun,2023-05-21,13:00,Gualaceo Sporting Club,1.0,Libertad FC,1.0,,Estadio Municipal Jorge Andrade Cantos,Anthony Yamil Díaz,,https://fbref.com/en/matches/6bf04425/Gualaceo-Sporting-Club-Libertad-FC-May-21-2023-Serie-A
Liga Profesional Ecuador,M,ECU,2023,1st,First stage,11,Sun,2023-05-21,15:30,Cumbayá FC,0.0,Delfín SC,1.0,,Estadio Olímpico Atahualpa,Christian Guillen,,https://fbref.com/en/matches/af2f1539/Cumbaya-FC-Delfin-SC-May-21-2023-Serie-A
Liga Profesional Ecuador,M,ECU,2023,1st,First stage,11,Sun,2023-05-21,18:00,Guayaquil City,3.0,El Nacional,1.0,,Estadio Christian Benítez Betancourt,Roddy Zambrano,,https://fbref.com/en/matches/bbb67add/Guayaquil-City-El-Nacional-May-21-2023-Serie-A
Liga Profesional Ecuador,M,ECU,2023,1st,First stage,12,Fri,2023-05-26,19:00,Libertad FC,2.0,Univ Católica,2.0,,Estadio Federativo Reina del Cisne,Oswaldo Contreras,,https://fbref.com/en/matches/25d7ac11/Libertad-FC-Univ-Catolica-May-26-2023-Serie-A
Liga Profesional Ecuador,M,ECU,2023,1st,First stage,12,Sat,2023-05-27,13:00,Técnico Univ.,1.0,Mushuc Runa,0.0,,Estadio Bellavista de Ambato,Mario Romero,,https://fbref.com/en/matches/7c273a2d/Tecnico-Univ-Mushuc-Runa-May-27-2023-Serie-A
Liga Profesional Ecuador,M,ECU,2023,1st,First stage,12,Sat,2023-05-27,15:30,Orense,1.0,Cumbayá FC,0.0,,Estadio 9 de Mayo,Guillermo Guerrero,,https://fbref.com/en/matches/56989f4b/Orense-Cumbaya-FC-May-27-2023-Serie-A
Liga Profesional Ecuador,M,ECU,2023,1st,First stage,12,Sat,2023-05-27,18:00,Delfín SC,1.0,Gualaceo Sporting Club,0.0,,Estadio Jocay,René Marín,,https://fbref.com/en/matches/0284d3c9/Delfin-SC-Gualaceo-Sporting-Club-May-27-2023-Serie-A
Liga Profesional Ecuador,M,ECU,2023,1st,First stage,12,Sun,2023-05-28,13:00,SD Aucas,0.0,CD Cuenca,2.0,,Estadio Gonzalo Pozo Ripalda,Byran Loayza,,https://fbref.com/en/matches/dfd4bd58/SD-Aucas-CD-Cuenca-May-28-2023-Serie-A
Liga Profesional Ecuador,M,ECU,2023,1st,First stage,12,Sun,2023-05-28,15:30,Independiente,2.0,LDU de Quito,3.0,,Estadio banco Guayaquil,Augusto Aragón,,https://fbref.com/en/matches/8af4c72b/Independiente-LDU-de-Quito-May-28-2023-Serie-A
Liga Profesional Ecuador,M,ECU,2023,1st,First stage,12,Sun,2023-05-28,18:00,El Nacional,4.0,Barcelona SC,1.0,,Estadio Olímpico Atahualpa,Luis Quiroz,,https://fbref.com/en/matches/bed6d611/El-Nacional-Barcelona-SC-May-28-2023-Serie-A
Liga Profesional Ecuador,M,ECU,2023,1st,First stage,12,Mon,2023-05-29,19:00,CS Emelec,0.0,Guayaquil City,0.0,,Estadio Banco del Pacífico,Franklin Congo,,https://fbref.com/en/matches/9c44156d/CS-Emelec-Guayaquil-City-May-29-2023-Serie-A
Liga Profesional Ecuador,M,ECU,2023,1st,First stage,13,Fri,2023-06-02,17:00,Independiente,2.0,SD Aucas,0.0,,Estadio banco Guayaquil,Guillermo Guerrero,,https://fbref.com/en/matches/55412bf6/Independiente-SD-Aucas-June-2-2023-Serie-A
Liga Profesional Ecuador,M,ECU,2023,1st,First stage,13,Fri,2023-06-02,19:30,LDU de Quito,4.0,Libertad FC,2.0,,Estadio Rodrigo Paz Delgado,Luis Quiroz,,https://fbref.com/en/matches/fd37dbfe/LDU-de-Quito-Libertad-FC-June-2-2023-Serie-A
Liga Profesional Ecuador,M,ECU,2023,1st,First stage,13,Sat,2023-06-03,15:00,Mushuc Runa,3.0,Orense,1.0,,Estadio Cooperativa de Ahorro y Crédito ...,René Marín,,https://fbref.com/en/matches/9dd43131/Mushuc-Runa-Orense-June-3-2023-Serie-A
Liga Profesional Ecuador,M,ECU,2023,1st,First stage,13,Sat,2023-06-03,18:00,Barcelona SC,1.0,CS Emelec,3.0,,Estadio Monumental Isidro Romero Carbo,Byran Loayza,,https://fbref.com/en/matches/4ffcf597/Barcelona-SC-CS-Emelec-June-3-2023-Serie-A
Liga Profesional Ecuador,M,ECU,2023,1st,First stage,13,Sun,2023-06-04,13:00,Cumbayá FC,0.0,Univ Católica,1.0,,Estadio Municipal La Cocha,Christian Guillen,,https://fbref.com/en/matches/020f007a/Cumbaya-FC-Univ-Catolica-June-4-2023-Serie-A
Liga Profesional Ecuador,M,ECU,2023,1st,First stage,13,Sun,2023-06-04,15:30,Técnico Univ.,3.0,Guayaquil City,0.0,,Estadio Bellavista de Ambato,Oswaldo Contreras,,https://fbref.com/en/matches/171e23d6/Tecnico-Univ-Guayaquil-City-June-4-2023-Serie-A
Liga Profesional Ecuador,M,ECU,2023,1st,First stage,13,Sun,2023-06-04,18:00,Gualaceo Sporting Club,3.0,El Nacional,4.0,,Estadio Municipal Jorge Andrade Cantos,Augusto Aragón,,https://fbref.com/en/matches/7309f3d8/Gualaceo-Sporting-Club-El-Nacional-June-4-2023-Serie-A
Liga Profesional Ecuador,M,ECU,2023,1st,First stage,13,Mon,2023-06-05,19:00,CD Cuenca,4.0,Delfín SC,0.0,,Estadio Alejandro Serrano Aguilar,Mario Romero,,https://fbref.com/en/matches/e698cd27/CD-Cuenca-Delfin-SC-June-5-2023-Serie-A
Liga Profesional Ecuador,M,ECU,2023,1st,First stage,14,Fri,2023-06-09,19:00,Univ Católica,3.0,Mushuc Runa,2.0,,Estadio Olímpico Atahualpa,Álex Cajas,,https://fbref.com/en/matches/7d1af3f0/Univ-Catolica-Mushuc-Runa-June-9-2023-Serie-A
Liga Profesional Ecuador,M,ECU,2023,1st,First stage,14,Sat,2023-06-10,13:00,Libertad FC,1.0,Técnico Univ.,0.0,,Estadio Federativo Reina del Cisne,Christian Guillen,,https://fbref.com/en/matches/dd457a4a/Libertad-FC-Tecnico-Univ-June-10-2023-Serie-A
Liga Profesional Ecuador,M,ECU,2023,1st,First stage,14,Sat,2023-06-10,15:30,LDU de Quito,0.0,Cumbayá FC,0.0,,Estadio Rodrigo Paz Delgado,Yerson Zambrano,,https://fbref.com/en/matches/a913154b/LDU-de-Quito-Cumbaya-FC-June-10-2023-Serie-A
Liga Profesional Ecuador,M,ECU,2023,1st,First stage,14,Sat,2023-06-10,18:00,El Nacional,3.0,CD Cuenca,1.0,,Estadio Municipal La Cocha,Jaime Sánchez,,https://fbref.com/en/matches/d0b4b235/El-Nacional-CD-Cuenca-June-10-2023-Serie-A
Liga Profesional Ecuador,M,ECU,2023,1st,First stage,14,Sun,2023-06-11,13:00,Delfín SC,2.0,SD Aucas,0.0,,Estadio Jocay,Gabriel González,,https://fbref.com/en/matches/1cce0b5c/Delfin-SC-SD-Aucas-June-11-2023-Serie-A
Liga Profesional Ecuador,M,ECU,2023,1st,First stage,14,Sun,2023-06-11,15:30,Guayaquil City,1.0,Barcelona SC,2.0,,Estadio Christian Benítez Betancourt,Juan Andrade,,https://fbref.com/en/matches/6b0ce91a/Guayaquil-City-Barcelona-SC-June-11-2023-Serie-A
Liga Profesional Ecuador,M,ECU,2023,1st,First stage,14,Sun,2023-06-11,18:00,Orense,0.0,Independiente,2.0,,Estadio 9 de Mayo,Anthony Yamil Díaz,,https://fbref.com/en/matches/c919b373/Orense-Independiente-June-11-2023-Serie-A
Liga Profesional Ecuador,M,ECU,2023,1st,First stage,14,Mon,2023-06-12,19:00,CS Emelec,0.0,Gualaceo Sporting Club,0.0,,Estadio Banco del Pacífico,Robert Cabrera,,https://fbref.com/en/matches/0459c455/CS-Emelec-Gualaceo-Sporting-Club-June-12-2023-Serie-A
Liga Profesional Ecuador,M,ECU,2023,1st,First stage,15,Fri,2023-06-16,19:00,Independiente,3.0,El Nacional,4.0,,Estadio banco Guayaquil,Byran Loayza,,https://fbref.com/en/matches/f497242d/Independiente-El-Nacional-June-16-2023-Serie-A
Liga Profesional Ecuador,M,ECU,2023,1st,First stage,15,Sat,2023-06-17,13:00,Cumbayá FC,2.0,Libertad FC,1.0,,Estadio Olímpico Atahualpa,Mario Romero,,https://fbref.com/en/matches/96989dcf/Cumbaya-FC-Libertad-FC-June-17-2023-Serie-A
Liga Profesional Ecuador,M,ECU,2023,1st,First stage,15,Sat,2023-06-17,15:30,Gualaceo Sporting Club,2.0,Guayaquil City,1.0,,Estadio Municipal Jorge Andrade Cantos,Guillermo Guerrero,,https://fbref.com/en/matches/5da4781b/Gualaceo-Sporting-Club-Guayaquil-City-June-17-2023-Serie-A
Liga Profesional Ecuador,M,ECU,2023,1st,First stage,15,Sat,2023-06-17,18:00,Mushuc Runa,2.0,LDU de Quito,2.0,,Estadio Bellavista de Ambato,Roberto Sánchez,,https://fbref.com/en/matches/ef0d9a36/Mushuc-Runa-LDU-de-Quito-June-17-2023-Serie-A
Liga Profesional Ecuador,M,ECU,2023,1st,First stage,15,Sun,2023-06-18,15:30,CD Cuenca,3.0,CS Emelec,2.0,,Estadio Alejandro Serrano Aguilar,René Marín,,https://fbref.com/en/matches/e96a8114/CD-Cuenca-CS-Emelec-June-18-2023-Serie-A
Liga Profesional Ecuador,M,ECU,2023,1st,First stage,15,Sun,2023-06-18,18:00,Barcelona SC,1.0,Univ Católica,2.0,,Estadio Monumental Isidro Romero Carbo,Robert Cabrera,,https://fbref.com/en/matches/39c0b25e/Barcelona-SC-Univ-Catolica-June-18-2023-Serie-A
Liga Profesional Ecuador,M,ECU,2023,1st,First stage,15,Mon,2023-06-19,19:00,Técnico Univ.,3.0,Delfín SC,0.0,,Estadio Bellavista de Ambato,Augusto Aragón,,https://fbref.com/en/matches/bcddf8c7/Tecnico-Univ-Delfin-SC-June-19-2023-Serie-A
Liga Profesional Ecuador,M,ECU,2023,1st,First stage,15,Fri,2023-06-23,19:00,SD Aucas,2.0,Orense,0.0,,Estadio Gonzalo Pozo Ripalda,Juan Andrade,,https://fbref.com/en/matches/77d1890d/SD-Aucas-Orense-June-23-2023-Serie-A
Liga Profesional Ecuador,M,ECU,2023,1st,Second stage,1,Fri,2023-08-04,19:00,Libertad FC,0.0,CS Emelec,0.0,,Estadio Federativo Reina del Cisne,Augusto Aragón,,https://fbref.com/en/matches/9b0486b8/Libertad-FC-CS-Emelec-August-4-2023-Serie-A
Liga Profesional Ecuador,M,ECU,2023,1st,Second stage,1,Sat,2023-08-05,13:00,Univ Católica,0.0,Técnico Univ.,0.0,,Estadio Olímpico Atahualpa,Anthony Yamil Díaz,,https://fbref.com/en/matches/04d71c00/Univ-Catolica-Tecnico-Univ-August-5-2023-Serie-A
Liga Profesional Ecuador,M,ECU,2023,1st,Second stage,1,Sat,2023-08-05,15:30,Orense,0.0,Delfín SC,0.0,,Estadio 9 de Mayo,Guillermo Guerrero,,https://fbref.com/en/matches/5c85ffe5/Orense-Delfin-SC-August-5-2023-Serie-A
Liga Profesional Ecuador,M,ECU,2023,1st,Second stage,1,Sat,2023-08-05,18:00,El Nacional,2.0,SD Aucas,2.0,,Estadio Olímpico Atahualpa,Carlos Orbe,,https://fbref.com/en/matches/1952f633/El-Nacional-SD-Aucas-August-5-2023-Serie-A
Liga Profesional Ecuador,M,ECU,2023,1st,Second stage,1,Sun,2023-08-06,13:00,Mushuc Runa,1.0,Independiente,0.0,,Estadio Cooperativa de Ahorro y Crédito ...,Oswaldo Contreras,,https://fbref.com/en/matches/ad4f1622/Mushuc-Runa-Independiente-August-6-2023-Serie-A
Liga Profesional Ecuador,M,ECU,2023,1st,Second stage,1,Sun,2023-08-06,15:30,Cumbayá FC,2.0,Guayaquil City,2.0,,Estadio Olímpico Atahualpa,Robert Cabrera,,https://fbref.com/en/matches/4118d824/Cumbaya-FC-Guayaquil-City-August-6-2023-Serie-A
Liga Profesional Ecuador,M,ECU,2023,1st,Second stage,1,Sun,2023-08-06,18:00,Barcelona SC,2.0,Gualaceo Sporting Club,0.0,,Estadio Monumental Isidro Romero Carbo,Franklin Congo,,https://fbref.com/en/matches/84b6f0fe/Barcelona-SC-Gualaceo-Sporting-Club-August-6-2023-Serie-A
Liga Profesional Ecuador,M,ECU,2023,1st,Second stage,1,Mon,2023-08-07,19:00,LDU de Quito,2.0,CD Cuenca,0.0,,Estadio Rodrigo Paz Delgado,Jaime Sánchez,,https://fbref.com/en/matches/13ce934a/LDU-de-Quito-CD-Cuenca-August-7-2023-Serie-A
Liga Profesional Ecuador,M,ECU,2023,1st,Second stage,2,Fri,2023-08-11,17:30,Guayaquil City,0.0,Univ Católica,0.0,,Estadio Christian Benítez Betancourt,René Marín,,https://fbref.com/en/matches/212aa57c/Guayaquil-City-Univ-Catolica-August-11-2023-Serie-A
Liga Profesional Ecuador,M,ECU,2023,1st,Second stage,2,Fri,2023-08-11,20:00,Gualaceo Sporting Club,0.0,Mushuc Runa,0.0,,Estadio Municipal Jorge Andrade Cantos,Anthony Yamil Díaz,,https://fbref.com/en/matches/ef51dd6c/Gualaceo-Sporting-Club-Mushuc-Runa-August-11-2023-Serie-A
Liga Profesional Ecuador,M,ECU,2023,1st,Second stage,2,Sat,2023-08-12,13:00,CD Cuenca,2.0,Libertad FC,1.0,,Estadio Alejandro Serrano Aguilar,Yerson Zambrano,,https://fbref.com/en/matches/004fd91b/CD-Cuenca-Libertad-FC-August-12-2023-Serie-A
Liga Profesional Ecuador,M,ECU,2023,1st,Second stage,2,Sat,2023-08-12,15:30,Técnico Univ.,3.0,El Nacional,3.0,,Estadio Bellavista de Ambato,Oswaldo Contreras,,https://fbref.com/en/matches/f4106cbc/Tecnico-Univ-El-Nacional-August-12-2023-Serie-A
Liga Profesional Ecuador,M,ECU,2023,1st,Second stage,2,Sat,2023-08-12,18:00,Delfín SC,1.0,Barcelona SC,1.0,,Estadio Jocay,Augusto Aragón,,https://fbref.com/en/matches/5e93dce7/Delfin-SC-Barcelona-SC-August-12-2023-Serie-A
Liga Profesional Ecuador,M,ECU,2023,1st,Second stage,2,Sun,2023-08-13,13:00,Independiente,2.0,Cumbayá FC,0.0,,Estadio banco Guayaquil,Kevin Pazmiño,,https://fbref.com/en/matches/cc329d86/Independiente-Cumbaya-FC-August-13-2023-Serie-A
Liga Profesional Ecuador,M,ECU,2023,1st,Second stage,2,Sun,2023-08-13,15:30,CS Emelec,0.0,Orense,0.0,,Estadio Banco del Pacífico,Gabriel González,,https://fbref.com/en/matches/5af1a433/CS-Emelec-Orense-August-13-2023-Serie-A
Liga Profesional Ecuador,M,ECU,2023,1st,Second stage,2,Sun,2023-08-13,18:00,SD Aucas,0.0,LDU de Quito,0.0,,Estadio Gonzalo Pozo Ripalda,Álex Cajas,,https://fbref.com/en/matches/f68442b7/SD-Aucas-LDU-de-Quito-August-13-2023-Serie-A
Liga Profesional Ecuador,M,ECU,2023,1st,Second stage,3,Wed,2023-08-16,16:30,Mushuc Runa,3.0,Guayaquil City,0.0,,Estadio Cooperativa de Ahorro y Crédito ...,Álex Cajas,,https://fbref.com/en/matches/80861569/Mushuc-Runa-Guayaquil-City-August-16-2023-Serie-A
Liga Profesional Ecuador,M,ECU,2023,1st,Second stage,3,Wed,2023-08-16,19:00,Orense,2.0,Gualaceo Sporting Club,0.0,,Estadio 9 de Mayo,Augusto Aragón,,https://fbref.com/en/matches/257c460a/Orense-Gualaceo-Sporting-Club-August-16-2023-Serie-A
Liga Profesional Ecuador,M,ECU,2023,1st,Second stage,3,Thu,2023-08-17,14:00,Libertad FC,1.0,Delfín SC,3.0,,Estadio Federativo Reina del Cisne,Robert Cabrera,,https://fbref.com/en/matches/82e3baa4/Libertad-FC-Delfin-SC-August-17-2023-Serie-A
Liga Profesional Ecuador,M,ECU,2023,1st,Second stage,3,Thu,2023-08-17,16:30,Univ Católica,2.0,SD Aucas,2.0,,Estadio Olímpico Atahualpa,Jaime Sánchez,,https://fbref.com/en/matches/1d111bdd/Univ-Catolica-SD-Aucas-August-17-2023-Serie-A
Liga Profesional Ecuador,M,ECU,2023,1st,Second stage,3,Thu,2023-08-17,19:00,Técnico Univ.,0.0,CS Emelec,0.0,,Estadio Bellavista de Ambato,Byran Loayza,,https://fbref.com/en/matches/c2105196/Tecnico-Univ-CS-Emelec-August-17-2023-Serie-A
Liga Profesional Ecuador,M,ECU,2023,1st,Second stage,3,Fri,2023-08-18,15:00,Cumbayá FC,1.0,CD Cuenca,1.0,,Estadio Olímpico Atahualpa,Mario Romero,,https://fbref.com/en/matches/e572b0ef/Cumbaya-FC-CD-Cuenca-August-18-2023-Serie-A
Liga Profesional Ecuador,M,ECU,2023,1st,Second stage,3,Fri,2023-08-18,17:30,LDU de Quito,0.0,El Nacional,0.0,,Estadio Rodrigo Paz Delgado,Guillermo Guerrero,,https://fbref.com/en/matches/c1670db4/LDU-de-Quito-El-Nacional-August-18-2023-Serie-A
Liga Profesional Ecuador,M,ECU,2023,1st,Second stage,3,Fri,2023-08-18,20:00,Barcelona SC,1.0,Independiente,1.0,,Estadio Monumental Isidro Romero Carbo,Gabriel González,,https://fbref.com/en/matches/3370310a/Barcelona-SC-Independiente-August-18-2023-Serie-A
Liga Profesional Ecuador,M,ECU,2023,1st,Second stage,4,Fri,2023-08-25,19:00,El Nacional,2.0,Cumbayá FC,2.0,,Estadio Olímpico Atahualpa,Franklin Congo,,https://fbref.com/en/matches/6381b38b/El-Nacional-Cumbaya-FC-August-25-2023-Serie-A
Liga Profesional Ecuador,M,ECU,2023,1st,Second stage,4,Sat,2023-08-26,13:00,Independiente,0.0,Univ Católica,1.0,,Estadio banco Guayaquil,Álex Cajas,,https://fbref.com/en/matches/6adeec93/Independiente-Univ-Catolica-August-26-2023-Serie-A
Liga Profesional Ecuador,M,ECU,2023,1st,Second stage,4,Sat,2023-08-26,15:30,Guayaquil City,1.0,Orense,0.0,,Estadio Christian Benítez Betancourt,Juan Andrade,,https://fbref.com/en/matches/91428812/Guayaquil-City-Orense-August-26-2023-Serie-A
Liga Profesional Ecuador,M,ECU,2023,1st,Second stage,4,Sat,2023-08-26,18:00,Mushuc Runa,2.0,Barcelona SC,2.0,,Estadio Cooperativa de Ahorro y Crédito ...,Jaime Sánchez,,https://fbref.com/en/matches/bf3bc004/Mushuc-Runa-Barcelona-SC-August-26-2023-Serie-A
Liga Profesional Ecuador,M,ECU,2023,1st,Second stage,4,Sun,2023-08-27,13:00,SD Aucas,1.0,Libertad FC,2.0,,Estadio Gonzalo Pozo Ripalda,Anthony Yamil Díaz,,https://fbref.com/en/matches/003651a9/SD-Aucas-Libertad-FC-August-27-2023-Serie-A
Liga Profesional Ecuador,M,ECU,2023,1st,Second stage,4,Sun,2023-08-27,15:30,CS Emelec,0.0,Delfín SC,1.0,,Estadio Banco del Pacífico,Carlos Orbe,,https://fbref.com/en/matches/426b0ef3/CS-Emelec-Delfin-SC-August-27-2023-Serie-A
Liga Profesional Ecuador,M,ECU,2023,1st,Second stage,4,Sun,2023-08-27,18:00,Gualaceo Sporting Club,1.0,LDU de Quito,3.0,,Estadio Municipal Jorge Andrade Cantos,Yerson Zambrano,,https://fbref.com/en/matches/e722abf8/Gualaceo-Sporting-Club-LDU-de-Quito-August-27-2023-Serie-A
Liga Profesional Ecuador,M,ECU,2023,1st,Second stage,4,Mon,2023-08-28,19:00,CD Cuenca,1.0,Técnico Univ.,1.0,,Estadio Alejandro Serrano Aguilar,Guillermo Guerrero,,https://fbref.com/en/matches/268a104a/CD-Cuenca-Tecnico-Univ-August-28-2023-Serie-A
Liga Profesional Ecuador,M,ECU,2023,1st,Second stage,5,Fri,2023-09-01,19:00,Delfín SC,1.0,Independiente,0.0,,Estadio Jocay,Roberto Sánchez,,https://fbref.com/en/matches/b06292f2/Delfin-SC-Independiente-September-1-2023-Serie-A
Liga Profesional Ecuador,M,ECU,2023,1st,Second stage,5,Sat,2023-09-02,13:00,Libertad FC,0.0,Mushuc Runa,1.0,,Estadio Federativo Reina del Cisne,Yerson Zambrano,,https://fbref.com/en/matches/4e7dc59e/Libertad-FC-Mushuc-Runa-September-2-2023-Serie-A
Liga Profesional Ecuador,M,ECU,2023,1st,Second stage,5,Sat,2023-09-02,15:30,Univ Católica,1.0,El Nacional,1.0,,Estadio Olímpico Atahualpa,Augusto Aragón,,https://fbref.com/en/matches/19435733/Univ-Catolica-El-Nacional-September-2-2023-Serie-A
Liga Profesional Ecuador,M,ECU,2023,1st,Second stage,5,Sat,2023-09-02,18:00,CS Emelec,0.0,SD Aucas,0.0,,Estadio Banco del Pacífico,Franklin Congo,,https://fbref.com/en/matches/4cdc1cc7/CS-Emelec-SD-Aucas-September-2-2023-Serie-A
Liga Profesional Ecuador,M,ECU,2023,1st,Second stage,5,Sun,2023-09-03,13:00,CD Cuenca,1.0,Orense,0.0,,Estadio Alejandro Serrano Aguilar,Anthony Yamil Díaz,,https://fbref.com/en/matches/2561c4aa/CD-Cuenca-Orense-September-3-2023-Serie-A
Liga Profesional Ecuador,M,ECU,2023,1st,Second stage,5,Sun,2023-09-03,15:30,Técnico Univ.,4.0,Gualaceo Sporting Club,0.0,,Estadio Bellavista de Ambato,Robert Cabrera,,https://fbref.com/en/matches/ab7af6f7/Tecnico-Univ-Gualaceo-Sporting-Club-September-3-2023-Serie-A
Liga Profesional Ecuador,M,ECU,2023,1st,Second stage,5,Sun,2023-09-03,18:00,Cumbayá FC,2.0,Barcelona SC,2.0,,Estadio Olímpico Atahualpa,Álex Cajas,,https://fbref.com/en/matches/3cbb6710/Cumbaya-FC-Barcelona-SC-September-3-2023-Serie-A
Liga Profesional Ecuador,M,ECU,2023,1st,Second stage,5,Mon,2023-09-04,19:00,LDU de Quito,2.0,Guayaquil City,0.0,,Estadio Rodrigo Paz Delgado,Kevin Pazmiño,,https://fbref.com/en/matches/cbabf58d/LDU-de-Quito-Guayaquil-City-September-4-2023-Serie-A
Liga Profesional Ecuador,M,ECU,2023,1st,Second stage,6,Fri,2023-09-15,19:00,Orense,1.0,Univ Católica,2.0,,Estadio 9 de Mayo,Yerson Zambrano,,https://fbref.com/en/matches/ac1d9598/Orense-Univ-Catolica-September-15-2023-Serie-A
Liga Profesional Ecuador,M,ECU,2023,1st,Second stage,6,Sat,2023-09-16,13:00,Mushuc Runa,2.0,Delfín SC,0.0,,Estadio Cooperativa de Ahorro y Crédito ...,Gabriel González,,https://fbref.com/en/matches/60235918/Mushuc-Runa-Delfin-SC-September-16-2023-Serie-A
Liga Profesional Ecuador,M,ECU,2023,1st,Second stage,6,Sat,2023-09-16,15:30,Guayaquil City,0.0,CD Cuenca,0.0,,Estadio Christian Benítez Betancourt,Oswaldo Contreras,,https://fbref.com/en/matches/f3b72ce8/Guayaquil-City-CD-Cuenca-September-16-2023-Serie-A
Liga Profesional Ecuador,M,ECU,2023,1st,Second stage,6,Sat,2023-09-16,18:00,El Nacional,1.0,CS Emelec,1.0,,Estadio Olímpico Atahualpa,Luis Quiroz,,https://fbref.com/en/matches/a986dad9/El-Nacional-CS-Emelec-September-16-2023-Serie-A
Liga Profesional Ecuador,M,ECU,2023,1st,Second stage,6,Sun,2023-09-17,12:30,SD Aucas,2.0,Técnico Univ.,4.0,,Estadio Gonzalo Pozo Ripalda,Jaime Sánchez,,https://fbref.com/en/matches/4e2acf7a/SD-Aucas-Tecnico-Univ-September-17-2023-Serie-A
Liga Profesional Ecuador,M,ECU,2023,1st,Second stage,6,Sun,2023-09-17,15:00,Independiente,2.0,Libertad FC,0.0,,Estadio banco Guayaquil,Byran Loayza,,https://fbref.com/en/matches/ac8054c1/Independiente-Libertad-FC-September-17-2023-Serie-A
Liga Profesional Ecuador,M,ECU,2023,1st,Second stage,6,Sun,2023-09-17,18:00,Barcelona SC,1.0,LDU de Quito,0.0,,Estadio Monumental Isidro Romero Carbo,Augusto Aragón,,https://fbref.com/en/matches/14412566/Barcelona-SC-LDU-de-Quito-September-17-2023-Serie-A
Liga Profesional Ecuador,M,ECU,2023,1st,Second stage,6,Mon,2023-09-18,19:00,Gualaceo Sporting Club,0.0,Cumbayá FC,3.0,,Estadio Municipal Jorge Andrade Cantos,Roddy Zambrano,,https://fbref.com/en/matches/bd272c96/Gualaceo-Sporting-Club-Cumbaya-FC-September-18-2023-Serie-A
Liga Profesional Ecuador,M,ECU,2023,1st,Second stage,7,Fri,2023-09-22,19:00,LDU de Quito,1.0,Orense,0.0,,Estadio Rodrigo Paz Delgado,Robert Cabrera,,https://fbref.com/en/matches/b9068b37/LDU-de-Quito-Orense-September-22-2023-Serie-A
Liga Profesional Ecuador,M,ECU,2023,1st,Second stage,7,Sat,2023-09-23,13:00,Univ Católica,0.0,Gualaceo Sporting Club,0.0,,Estadio Olímpico Atahualpa,Mario Romero,,https://fbref.com/en/matches/04d4b54a/Univ-Catolica-Gualaceo-Sporting-Club-September-23-2023-Serie-A
Liga Profesional Ecuador,M,ECU,2023,1st,Second stage,7,Sat,2023-09-23,15:30,CS Emelec,3.0,Mushuc Runa,1.0,,Estadio Banco del Pacífico,Augusto Aragón,,https://fbref.com/en/matches/d1e767b2/CS-Emelec-Mushuc-Runa-September-23-2023-Serie-A
Liga Profesional Ecuador,M,ECU,2023,1st,Second stage,7,Sat,2023-09-23,18:00,Técnico Univ.,2.0,Independiente,2.0,,Estadio Bellavista de Ambato,Gabriel González,,https://fbref.com/en/matches/061e7b67/Tecnico-Univ-Independiente-September-23-2023-Serie-A
Liga Profesional Ecuador,M,ECU,2023,1st,Second stage,7,Sun,2023-09-24,14:00,Cumbayá FC,1.0,SD Aucas,1.0,,Estadio Olímpico Atahualpa,Anthony Yamil Díaz,,https://fbref.com/en/matches/bf8484aa/Cumbaya-FC-SD-Aucas-September-24-2023-Serie-A
Liga Profesional Ecuador,M,ECU,2023,1st,Second stage,7,Sun,2023-09-24,16:30,Delfín SC,1.0,Guayaquil City,0.0,,Estadio Jocay,Luis Quiroz,,https://fbref.com/en/matches/e2e7a2d9/Delfin-SC-Guayaquil-City-September-24-2023-Serie-A
Liga Profesional Ecuador,M,ECU,2023,1st,Second stage,7,Sun,2023-09-24,19:00,CD Cuenca,1.0,Barcelona SC,2.0,,Estadio Alejandro Serrano Aguilar,Byran Loayza,,https://fbref.com/en/matches/e2573e9f/CD-Cuenca-Barcelona-SC-September-24-2023-Serie-A
Liga Profesional Ecuador,M,ECU,2023,1st,Second stage,7,Mon,2023-09-25,19:00,Libertad FC,0.0,El Nacional,1.0,,Estadio Federativo Reina del Cisne,Guillermo Guerrero,,https://fbref.com/en/matches/328cce50/Libertad-FC-El-Nacional-September-25-2023-Serie-A
Liga Profesional Ecuador,M,ECU,2023,1st,Second stage,8,Fri,2023-09-29,19:00,Gualaceo Sporting Club,1.0,CD Cuenca,1.0,,Estadio Municipal Jorge Andrade Cantos,Jaime Sánchez,,https://fbref.com/en/matches/3b683e29/Gualaceo-Sporting-Club-CD-Cuenca-September-29-2023-Serie-A
Liga Profesional Ecuador,M,ECU,2023,1st,Second stage,8,Sat,2023-09-30,13:00,Mushuc Runa,1.0,Cumbayá FC,1.0,,Estadio Cooperativa de Ahorro y Crédito ...,Guillermo Guerrero,,https://fbref.com/en/matches/0bf30975/Mushuc-Runa-Cumbaya-FC-September-30-2023-Serie-A
Liga Profesional Ecuador,M,ECU,2023,1st,Second stage,8,Sat,2023-09-30,15:30,El Nacional,2.0,Delfín SC,2.0,,Estadio Olímpico Atahualpa,Gabriel González,,https://fbref.com/en/matches/5c9dcd74/El-Nacional-Delfin-SC-September-30-2023-Serie-A
Liga Profesional Ecuador,M,ECU,2023,1st,Second stage,8,Sat,2023-09-30,18:00,Independiente,2.0,CS Emelec,1.0,,Estadio banco Guayaquil,Byran Loayza,,https://fbref.com/en/matches/66f8531b/Independiente-CS-Emelec-September-30-2023-Serie-A
Liga Profesional Ecuador,M,ECU,2023,1st,Second stage,8,Sun,2023-10-01,13:00,Guayaquil City,0.0,SD Aucas,1.0,,Estadio Christian Benítez Betancourt,Augusto Aragón,,https://fbref.com/en/matches/e2df2e4c/Guayaquil-City-SD-Aucas-October-1-2023-Serie-A
Liga Profesional Ecuador,M,ECU,2023,1st,Second stage,8,Sun,2023-10-01,15:30,Orense,3.0,Libertad FC,0.0,,Estadio 9 de Mayo,Oswaldo Contreras,,https://fbref.com/en/matches/8ed034e3/Orense-Libertad-FC-October-1-2023-Serie-A
Liga Profesional Ecuador,M,ECU,2023,1st,Second stage,8,Sun,2023-10-01,18:00,Barcelona SC,1.0,Técnico Univ.,0.0,,Estadio Monumental Isidro Romero Carbo,Luis Quiroz,,https://fbref.com/en/matches/eb7a9c7c/Barcelona-SC-Tecnico-Univ-October-1-2023-Serie-A
Liga Profesional Ecuador,M,ECU,2023,1st,Second stage,9,Fri,2023-10-06,19:00,CD Cuenca,2.0,Univ Católica,3.0,,Estadio Alejandro Serrano Aguilar,Anthony Yamil Díaz,,https://fbref.com/en/matches/20023bdc/CD-Cuenca-Univ-Catolica-October-6-2023-Serie-A
Liga Profesional Ecuador,M,ECU,2023,1st,Second stage,9,Sat,2023-10-07,13:00,Técnico Univ.,2.0,Orense,1.0,,Estadio Bellavista de Ambato,Augusto Aragón,,https://fbref.com/en/matches/00ad343c/Tecnico-Univ-Orense-October-7-2023-Serie-A
Liga Profesional Ecuador,M,ECU,2023,1st,Second stage,9,Sat,2023-10-07,15:30,CS Emelec,3.0,Cumbayá FC,0.0,,Estadio Banco del Pacífico,Oswaldo Contreras,,https://fbref.com/en/matches/7ba5947e/CS-Emelec-Cumbaya-FC-October-7-2023-Serie-A
Liga Profesional Ecuador,M,ECU,2023,1st,Second stage,9,Sat,2023-10-07,18:00,SD Aucas,3.0,Barcelona SC,2.0,,Estadio Gonzalo Pozo Ripalda,Jaime Sánchez,,https://fbref.com/en/matches/db779c38/SD-Aucas-Barcelona-SC-October-7-2023-Serie-A
Liga Profesional Ecuador,M,ECU,2023,1st,Second stage,9,Sun,2023-10-08,13:00,El Nacional,2.0,Mushuc Runa,0.0,,Estadio Olímpico Atahualpa,Luis Quiroz,,https://fbref.com/en/matches/659d7eeb/El-Nacional-Mushuc-Runa-October-8-2023-Serie-A
Liga Profesional Ecuador,M,ECU,2023,1st,Second stage,9,Sun,2023-10-08,15:30,Independiente,2.0,Gualaceo Sporting Club,0.0,,Estadio banco Guayaquil,Álex Cajas,,https://fbref.com/en/matches/83e5dcda/Independiente-Gualaceo-Sporting-Club-October-8-2023-Serie-A
Liga Profesional Ecuador,M,ECU,2023,1st,Second stage,9,Sun,2023-10-08,18:00,Delfín SC,0.0,LDU de Quito,0.0,,Estadio Jocay,Guillermo Guerrero,,https://fbref.com/en/matches/79ea7175/Delfin-SC-LDU-de-Quito-October-8-2023-Serie-A
Liga Profesional Ecuador,M,ECU,2023,1st,Second stage,9,Mon,2023-10-09,19:00,Libertad FC,1.0,Guayaquil City,0.0,,Estadio Federativo Reina del Cisne,Byran Loayza,,https://fbref.com/en/matches/ff1257af/Libertad-FC-Guayaquil-City-October-9-2023-Serie-A
Liga Profesional Ecuador,M,ECU,2023,1st,Second stage,10,Fri,2023-10-20,19:00,Orense,1.0,El Nacional,1.0,,Estadio 9 de Mayo,Anthony Yamil Díaz,,https://fbref.com/en/matches/f6f724f5/Orense-El-Nacional-October-20-2023-Serie-A
Liga Profesional Ecuador,M,ECU,2023,1st,Second stage,10,Sat,2023-10-21,13:00,Cumbayá FC,0.0,Técnico Univ.,1.0,,Estadio Olímpico Atahualpa,Yerson Zambrano,,https://fbref.com/en/matches/3224424b/Cumbaya-FC-Tecnico-Univ-October-21-2023-Serie-A
Liga Profesional Ecuador,M,ECU,2023,1st,Second stage,10,Sat,2023-10-21,15:30,Mushuc Runa,1.0,CD Cuenca,1.0,,Estadio Cooperativa de Ahorro y Crédito ...,Robert Cabrera,,https://fbref.com/en/matches/120183f0/Mushuc-Runa-CD-Cuenca-October-21-2023-Serie-A
Liga Profesional Ecuador,M,ECU,2023,1st,Second stage,10,Sat,2023-10-21,18:00,Barcelona SC,1.0,Libertad FC,0.0,,Estadio Monumental Isidro Romero Carbo,Oswaldo Contreras,,https://fbref.com/en/matches/14c06fdc/Barcelona-SC-Libertad-FC-October-21-2023-Serie-A
Liga Profesional Ecuador,M,ECU,2023,1st,Second stage,10,Sun,2023-10-22,12:30,Gualaceo Sporting Club,1.0,SD Aucas,2.0,,Estadio Municipal Jorge Andrade Cantos,Guillermo Guerrero,,https://fbref.com/en/matches/91c83778/Gualaceo-Sporting-Club-SD-Aucas-October-22-2023-Serie-A
Liga Profesional Ecuador,M,ECU,2023,1st,Second stage,10,Sun,2023-10-22,15:00,Guayaquil City,0.0,Independiente,2.0,,Estadio Christian Benítez Betancourt,Carlos Orbe,,https://fbref.com/en/matches/748c5153/Guayaquil-City-Independiente-October-22-2023-Serie-A
Liga Profesional Ecuador,M,ECU,2023,1st,Second stage,10,Mon,2023-10-23,12:00,LDU de Quito,1.0,CS Emelec,0.0,,Estadio Rodrigo Paz Delgado,Augusto Aragón,,https://fbref.com/en/matches/0c570b1e/LDU-de-Quito-CS-Emelec-October-23-2023-Serie-A
Liga Profesional Ecuador,M,ECU,2023,1st,Second stage,10,Mon,2023-10-23,19:00,Univ Católica,2.0,Delfín SC,2.0,,Estadio Olímpico Atahualpa,Luis Quiroz,,https://fbref.com/en/matches/6303e1f4/Univ-Catolica-Delfin-SC-October-23-2023-Serie-A
Liga Profesional Ecuador,M,ECU,2023,1st,Second stage,11,Fri,2023-10-27,19:00,Libertad FC,3.0,Gualaceo Sporting Club,0.0,,Estadio Federativo Reina del Cisne,Jaime Sánchez,,https://fbref.com/en/matches/6f8ce7f0/Libertad-FC-Gualaceo-Sporting-Club-October-27-2023-Serie-A
Liga Profesional Ecuador,M,ECU,2023,1st,Second stage,11,Sat,2023-10-28,13:00,Independiente,2.0,CD Cuenca,0.0,,Estadio banco Guayaquil,Guillermo Guerrero,,https://fbref.com/en/matches/8c4fa6a6/Independiente-CD-Cuenca-October-28-2023-Serie-A
Liga Profesional Ecuador,M,ECU,2023,1st,Second stage,11,Sat,2023-10-28,18:00,CS Emelec,2.0,Univ Católica,1.0,,Estadio Banco del Pacífico,Yerson Zambrano,,https://fbref.com/en/matches/ec6d4bea/CS-Emelec-Univ-Catolica-October-28-2023-Serie-A
Liga Profesional Ecuador,M,ECU,2023,1st,Second stage,11,Sun,2023-10-29,13:00,Delfín SC,4.0,Cumbayá FC,0.0,,Estadio Jocay,Robert Cabrera,,https://fbref.com/en/matches/2ed8f247/Delfin-SC-Cumbaya-FC-October-29-2023-Serie-A
Liga Profesional Ecuador,M,ECU,2023,1st,Second stage,11,Sun,2023-10-29,15:30,SD Aucas,4.0,Mushuc Runa,0.0,,Estadio Gonzalo Pozo Ripalda,Oswaldo Contreras,,https://fbref.com/en/matches/b9d54af8/SD-Aucas-Mushuc-Runa-October-29-2023-Serie-A
Liga Profesional Ecuador,M,ECU,2023,1st,Second stage,11,Sun,2023-10-29,18:00,Orense,2.0,Barcelona SC,3.0,,Estadio 9 de Mayo,Carlos Orbe,,https://fbref.com/en/matches/ca178f5d/Orense-Barcelona-SC-October-29-2023-Serie-A
Liga Profesional Ecuador,M,ECU,2023,1st,Second stage,11,Mon,2023-10-30,19:00,El Nacional,2.0,Guayaquil City,0.0,,Estadio Olímpico Atahualpa,Augusto Aragón,,https://fbref.com/en/matches/b5a5823a/El-Nacional-Guayaquil-City-October-30-2023-Serie-A
Liga Profesional Ecuador,M,ECU,2023,1st,Second stage,8,Wed,2023-11-01,19:00,LDU de Quito,1.0,Univ Católica,0.0,,Estadio Rodrigo Paz Delgado,Robert Cabrera,,https://fbref.com/en/matches/91091d15/LDU-de-Quito-Univ-Catolica-November-1-2023-Serie-A
Liga Profesional Ecuador,M,ECU,2023,1st,Second stage,12,Fri,2023-11-03,19:00,CD Cuenca,0.0,SD Aucas,0.0,,Estadio Alejandro Serrano Aguilar,Anthony Yamil Díaz,,https://fbref.com/en/matches/258a7181/CD-Cuenca-SD-Aucas-November-3-2023-Serie-A
Liga Profesional Ecuador,M,ECU,2023,1st,Second stage,12,Sat,2023-11-04,13:00,Gualaceo Sporting Club,2.0,Delfín SC,2.0,,Estadio Alejandro Serrano Aguilar,Álex Cajas,,https://fbref.com/en/matches/1d6f3f07/Gualaceo-Sporting-Club-Delfin-SC-November-4-2023-Serie-A
Liga Profesional Ecuador,M,ECU,2023,1st,Second stage,12,Sat,2023-11-04,15:30,Guayaquil City,0.0,CS Emelec,0.0,,Estadio Christian Benítez Betancourt,Robert Cabrera,,https://fbref.com/en/matches/f7e19617/Guayaquil-City-CS-Emelec-November-4-2023-Serie-A
Liga Profesional Ecuador,M,ECU,2023,1st,Second stage,12,Sat,2023-11-04,18:00,LDU de Quito,2.0,Independiente,0.0,,Estadio Rodrigo Paz Delgado,Luis Quiroz,,https://fbref.com/en/matches/f08d7053/LDU-de-Quito-Independiente-November-4-2023-Serie-A
Liga Profesional Ecuador,M,ECU,2023,1st,Second stage,12,Sun,2023-11-05,12:30,Mushuc Runa,1.0,Técnico Univ.,0.0,,Estadio Cooperativa de Ahorro y Crédito ...,Mario Romero,,https://fbref.com/en/matches/d00d5bdd/Mushuc-Runa-Tecnico-Univ-November-5-2023-Serie-A
Liga Profesional Ecuador,M,ECU,2023,1st,Second stage,12,Sun,2023-11-05,15:00,Cumbayá FC,0.0,Orense,1.0,,Estadio Olímpico Atahualpa,Roberto Sánchez,,https://fbref.com/en/matches/98b8c32d/Cumbaya-FC-Orense-November-5-2023-Serie-A
Liga Profesional Ecuador,M,ECU,2023,1st,Second stage,12,Sun,2023-11-05,18:00,Barcelona SC,3.0,El Nacional,2.0,,Estadio Monumental Isidro Romero Carbo,Oswaldo Contreras,,https://fbref.com/en/matches/1841ed9c/Barcelona-SC-El-Nacional-November-5-2023-Serie-A
Liga Profesional Ecuador,M,ECU,2023,1st,Second stage,12,Mon,2023-11-06,19:00,Univ Católica,0.0,Libertad FC,0.0,,Estadio Olímpico Atahualpa,René Marín,,https://fbref.com/en/matches/9915d34e/Univ-Catolica-Libertad-FC-November-6-2023-Serie-A
Liga Profesional Ecuador,M,ECU,2023,1st,Second stage,11,Wed,2023-11-08,19:00,Técnico Univ.,0.0,LDU de Quito,2.0,,Estadio Bellavista de Ambato,Guillermo Guerrero,,https://fbref.com/en/matches/bd70d3f9/Tecnico-Univ-LDU-de-Quito-November-8-2023-Serie-A
Liga Profesional Ecuador,M,ECU,2023,1st,Second stage,13,Fri,2023-11-10,19:00,Orense,1.0,Mushuc Runa,0.0,,Estadio 9 de Mayo,Luis Quiroz,,https://fbref.com/en/matches/7b427875/Orense-Mushuc-Runa-November-10-2023-Serie-A
Liga Profesional Ecuador,M,ECU,2023,1st,Second stage,13,Sat,2023-11-11,13:00,Univ Católica,1.0,Cumbayá FC,0.0,,Estadio Olímpico Atahualpa,Oswaldo Contreras,,https://fbref.com/en/matches/7254ff43/Univ-Catolica-Cumbaya-FC-November-11-2023-Serie-A
Liga Profesional Ecuador,M,ECU,2023,1st,Second stage,13,Sat,2023-11-11,15:30,Guayaquil City,1.0,Técnico Univ.,0.0,,Estadio Christian Benítez Betancourt,Yerson Zambrano,,https://fbref.com/en/matches/3d70c285/Guayaquil-City-Tecnico-Univ-November-11-2023-Serie-A
Liga Profesional Ecuador,M,ECU,2023,1st,Second stage,13,Sat,2023-11-11,18:00,SD Aucas,2.0,Independiente,0.0,,Estadio Gonzalo Pozo Ripalda,Robert Cabrera,,https://fbref.com/en/matches/4bf7e846/SD-Aucas-Independiente-November-11-2023-Serie-A
Liga Profesional Ecuador,M,ECU,2023,1st,Second stage,13,Sun,2023-11-12,12:30,El Nacional,4.0,Gualaceo Sporting Club,2.0,,Estadio Olímpico Atahualpa,Anthony Yamil Díaz,,https://fbref.com/en/matches/39e30a44/El-Nacional-Gualaceo-Sporting-Club-November-12-2023-Serie-A
Liga Profesional Ecuador,M,ECU,2023,1st,Second stage,13,Sun,2023-11-12,15:00,Libertad FC,0.0,LDU de Quito,2.0,,Estadio Federativo Reina del Cisne,Roberto Sánchez,,https://fbref.com/en/matches/bf396d90/Libertad-FC-LDU-de-Quito-November-12-2023-Serie-A
Liga Profesional Ecuador,M,ECU,2023,1st,Second stage,13,Sun,2023-11-12,18:00,CS Emelec,0.0,Barcelona SC,0.0,,Estadio Banco del Pacífico,Byran Loayza,,https://fbref.com/en/matches/14c5a74d/CS-Emelec-Barcelona-SC-November-12-2023-Serie-A
Liga Profesional Ecuador,M,ECU,2023,1st,Second stage,13,Mon,2023-11-13,19:00,Delfín SC,0.0,CD Cuenca,0.0,,Estadio Jocay,René Marín,,https://fbref.com/en/matches/126a9f53/Delfin-SC-CD-Cuenca-November-13-2023-Serie-A
Liga Profesional Ecuador,M,ECU,2023,1st,Second stage,14,Sat,2023-11-25,18:00,Independiente,2.0,Orense,2.0,,Estadio banco Guayaquil,Oswaldo Contreras,,https://fbref.com/en/matches/3ddca7e8/Independiente-Orense-November-25-2023-Serie-A
Liga Profesional Ecuador,M,ECU,2023,1st,Second stage,14,Sat,2023-11-25,18:00,Mushuc Runa,0.0,Univ Católica,2.0,,Estadio Bellavista de Ambato,Juan Andrade,,https://fbref.com/en/matches/53f4dcb8/Mushuc-Runa-Univ-Catolica-November-25-2023-Serie-A
Liga Profesional Ecuador,M,ECU,2023,1st,Second stage,14,Sat,2023-11-25,18:00,CD Cuenca,1.0,El Nacional,0.0,,Estadio Alejandro Serrano Aguilar,Robert Cabrera,,https://fbref.com/en/matches/b2e90823/CD-Cuenca-El-Nacional-November-25-2023-Serie-A
Liga Profesional Ecuador,M,ECU,2023,1st,Second stage,14,Sat,2023-11-25,18:00,SD Aucas,0.0,Delfín SC,0.0,,Estadio Gonzalo Pozo Ripalda,Mario Romero,,https://fbref.com/en/matches/c608b333/SD-Aucas-Delfin-SC-November-25-2023-Serie-A
Liga Profesional Ecuador,M,ECU,2023,1st,Second stage,14,Sun,2023-11-26,18:00,Barcelona SC,2.0,Guayaquil City,1.0,,Estadio Monumental Isidro Romero Carbo,Luis Quiroz,,https://fbref.com/en/matches/2642e8e0/Barcelona-SC-Guayaquil-City-November-26-2023-Serie-A
Liga Profesional Ecuador,M,ECU,2023,1st,Second stage,14,Sun,2023-11-26,18:00,Cumbayá FC,1.0,LDU de Quito,2.0,,Estadio Olímpico Atahualpa,Guillermo Guerrero,,https://fbref.com/en/matches/7443054f/Cumbaya-FC-LDU-de-Quito-November-26-2023-Serie-A
Liga Profesional Ecuador,M,ECU,2023,1st,Second stage,14,Sun,2023-11-26,18:00,Gualaceo Sporting Club,0.0,CS Emelec,2.0,,Estadio Municipal Jorge Andrade Cantos,Roberto Sánchez,,https://fbref.com/en/matches/8073e1f1/Gualaceo-Sporting-Club-CS-Emelec-November-26-2023-Serie-A
Liga Profesional Ecuador,M,ECU,2023,1st,Second stage,14,Sun,2023-11-26,18:00,Técnico Univ.,1.0,Libertad FC,1.0,,Estadio Bellavista de Ambato,Byran Loayza,,https://fbref.com/en/matches/e64feff4/Tecnico-Univ-Libertad-FC-November-26-2023-Serie-A
Liga Profesional Ecuador,M,ECU,2023,1st,Second stage,15,Sat,2023-12-02,12:30,El Nacional,2.0,Independiente,1.0,,Estadio Municipal La Cocha,Kleber Aroca,,https://fbref.com/en/matches/988eadbe/El-Nacional-Independiente-December-2-2023-Serie-A
Liga Profesional Ecuador,M,ECU,2023,1st,Second stage,15,Sat,2023-12-02,15:00,Guayaquil City,0.0,Gualaceo Sporting Club,2.0,,Estadio Christian Benítez Betancourt,René Marín,,https://fbref.com/en/matches/750bcb44/Guayaquil-City-Gualaceo-Sporting-Club-December-2-2023-Serie-A
Liga Profesional Ecuador,M,ECU,2023,1st,Second stage,15,Sat,2023-12-02,15:00,Libertad FC,3.0,Cumbayá FC,1.0,,Estadio Federativo Reina del Cisne,Álex Cajas,,https://fbref.com/en/matches/96485a0d/Libertad-FC-Cumbaya-FC-December-2-2023-Serie-A
Liga Profesional Ecuador,M,ECU,2023,1st,Second stage,15,Sat,2023-12-02,18:00,LDU de Quito,3.0,Mushuc Runa,1.0,,Estadio Rodrigo Paz Delgado,Anthony Yamil Díaz,,https://fbref.com/en/matches/e0b0abf0/LDU-de-Quito-Mushuc-Runa-December-2-2023-Serie-A
Liga Profesional Ecuador,M,ECU,2023,1st,Second stage,15,Sun,2023-12-03,18:00,Orense,1.0,SD Aucas,2.0,,Estadio 9 de Mayo,Byran Loayza,,https://fbref.com/en/matches/2eef6342/Orense-SD-Aucas-December-3-2023-Serie-A
Liga Profesional Ecuador,M,ECU,2023,1st,Second stage,15,Sun,2023-12-03,18:00,CS Emelec,2.0,CD Cuenca,1.0,,Estadio Banco del Pacífico,Juan Andrade,,https://fbref.com/en/matches/78e51c82/CS-Emelec-CD-Cuenca-December-3-2023-Serie-A
Liga Profesional Ecuador,M,ECU,2023,1st,Second stage,15,Sun,2023-12-03,18:00,Univ Católica,0.0,Barcelona SC,1.0,,Estadio Municipal La Cocha,Mario Romero,,https://fbref.com/en/matches/dff1f786/Univ-Catolica-Barcelona-SC-December-3-2023-Serie-A
Liga Profesional Ecuador,M,ECU,2023,1st,Second stage,15,Sun,2023-12-03,18:00,Delfín SC,2.0,Técnico Univ.,2.0,,Estadio Jocay,Luis Quiroz,,https://fbref.com/en/matches/f6adcbe9/Delfin-SC-Tecnico-Univ-December-3-2023-Serie-A
Liga Profesional Ecuador,M,ECU,2023,1st,Final,,Sun,2023-12-10,16:30,Independiente,0.0,LDU de Quito,0.0,,Estadio banco Guayaquil,Guillermo Guerrero,Leg 1 of 2,https://fbref.com/en/matches/fdcd317d/Independiente-LDU-de-Quito-December-10-2023-Serie-A
Liga Profesional Ecuador,M,ECU,2023,1st,Final,,Sun,2023-12-17,16:30,LDU de Quito,1.0,Independiente,1.0,,Estadio Rodrigo Paz Delgado,Augusto Aragón,Leg 2 of 2; LDU de Quito won; LDU de Quito won on penalty kicks following extra time,https://fbref.com/en/matches/27e823af/LDU-de-Quito-Independiente-December-17-2023-Serie-A
Liga Profesional Ecuador,M,ECU,2024,1st,First stage,1,Fri,2024-03-01,19:00,Delfín,0.0,Independiente,1.0,,Estadio Jocay,,,https://fbref.com/en/matches/fca627bf/Delfin-Independiente-del-Valle-March-1-2024-Serie-A
Liga Profesional Ecuador,M,ECU,2024,1st,First stage,1,Sat,2024-03-02,13:00,Mushuc Runa,2.0,Libertad FC,1.0,,Estadio Cooperativa de Ahorro y Crédito ...,,,https://fbref.com/en/matches/edfaf175/Mushuc-Runa-Libertad-FC-March-2-2024-Serie-A
Liga Profesional Ecuador,M,ECU,2024,1st,First stage,1,Sat,2024-03-02,15:30,SD Aucas,2.0,Orense,0.0,,Estadio Gonzalo Pozo Ripalda,,,https://fbref.com/en/matches/4433dafe/SD-Aucas-Orense-March-2-2024-Serie-A
Liga Profesional Ecuador,M,ECU,2024,1st,First stage,1,Sat,2024-03-02,18:00,Deportivo Cuenca,1.0,CS Emelec,2.0,,Estadio Alejandro Serrano Aguilar Banco ...,,,https://fbref.com/en/matches/3877ad89/Deportivo-Cuenca-CS-Emelec-March-2-2024-Serie-A
Liga Profesional Ecuador,M,ECU,2024,1st,First stage,1,Sun,2024-03-03,13:00,Univ Católica,3.0,El Nacional,0.0,,Estadio Olímpico Atahualpa,,,https://fbref.com/en/matches/bdde8fda/Universidad-Catolica-El-Nacional-March-3-2024-Serie-A
Liga Profesional Ecuador,M,ECU,2024,1st,First stage,1,Sun,2024-03-03,15:30,Técnico Univ.,1.0,Cumbayá FC,0.0,,Estadio Bellavista Universidad Indoaméri...,,,https://fbref.com/en/matches/d8d92f3b/Tecnico-Univ-Cumbaya-FC-March-3-2024-Serie-A
Liga Profesional Ecuador,M,ECU,2024,1st,First stage,1,Sun,2024-03-03,18:00,Barcelona,2.0,Imbabura Sporting Club,0.0,,Estadio Monumental Banco Pichincha,,,https://fbref.com/en/matches/183b1eb9/Barcelona-Imbabura-Sporting-Club-March-3-2024-Serie-A
Liga Profesional Ecuador,M,ECU,2024,1st,First stage,1,Mon,2024-03-04,19:00,LDU de Quito,2.0,Macará,1.0,,Estadio Rodrigo Paz Delgado,,,https://fbref.com/en/matches/bbe442eb/LDU-de-Quito-Macara-March-4-2024-Serie-A
Liga Profesional Ecuador,M,ECU,2024,1st,First stage,2,Fri,2024-03-08,19:00,CS Emelec,0.0,Mushuc Runa,0.0,,Estadio George Capwell Banco del Austro,,,https://fbref.com/en/matches/dac3ab60/CS-Emelec-Mushuc-Runa-March-8-2024-Serie-A
Liga Profesional Ecuador,M,ECU,2024,1st,First stage,2,Sat,2024-03-09,13:00,Macará,1.0,El Nacional,0.0,,Estadio Bellavista Universidad Indoaméri...,,,https://fbref.com/en/matches/010172d5/Macara-El-Nacional-March-9-2024-Serie-A
Liga Profesional Ecuador,M,ECU,2024,1st,First stage,2,Sat,2024-03-09,15:30,Imbabura Sporting Club,3.0,Delfín,0.0,,Estadio Olímpico de Ibarra,,,https://fbref.com/en/matches/5a24f36f/Imbabura-Sporting-Club-Delfin-March-9-2024-Serie-A
Liga Profesional Ecuador,M,ECU,2024,1st,First stage,2,Sat,2024-03-09,18:00,Independiente,3.0,Barcelona,1.0,,Estadio banco Guayaquil,,,https://fbref.com/en/matches/e88ee6a2/Independiente-del-Valle-Barcelona-March-9-2024-Serie-A
Liga Profesional Ecuador,M,ECU,2024,1st,First stage,2,Sun,2024-03-10,13:00,SD Aucas,3.0,Técnico Univ.,1.0,,Estadio Gonzalo Pozo Ripalda,,,https://fbref.com/en/matches/1badaf30/SD-Aucas-Tecnico-Univ-March-10-2024-Serie-A
Liga Profesional Ecuador,M,ECU,2024,1st,First stage,2,Sun,2024-03-10,15:30,Orense,1.0,Deportivo Cuenca,1.0,,Estadio 9 de Mayo Banco de Machala,,,https://fbref.com/en/matches/24284eb5/Orense-Deportivo-Cuenca-March-10-2024-Serie-A
Liga Profesional Ecuador,M,ECU,2024,1st,First stage,2,Sun,2024-03-10,18:00,Cumbayá FC,1.0,LDU de Quito,3.0,,Estadio Olímpico Atahualpa,,,https://fbref.com/en/matches/7912a338/Cumbaya-FC-LDU-de-Quito-March-10-2024-Serie-A
Liga Profesional Ecuador,M,ECU,2024,1st,First stage,2,Mon,2024-03-11,19:00,Libertad FC,0.0,Univ Católica,1.0,,Estadio Federativo Reina del Cisne,,,https://fbref.com/en/matches/1dd28bcf/Libertad-FC-Universidad-Catolica-March-11-2024-Serie-A
Liga Profesional Ecuador,M,ECU,2024,1st,First stage,3,Fri,2024-03-15,16:30,Macará,3.0,Libertad FC,0.0,,Estadio Bellavista Universidad Indoaméri...,,,https://fbref.com/en/matches/4864b0ef/Macara-Libertad-FC-March-15-2024-Serie-A
Liga Profesional Ecuador,M,ECU,2024,1st,First stage,3,Fri,2024-03-15,19:00,Independiente,3.0,Cumbayá FC,0.0,,Estadio banco Guayaquil,,,https://fbref.com/en/matches/4c9bede2/Independiente-del-Valle-Cumbaya-FC-March-15-2024-Serie-A
Liga Profesional Ecuador,M,ECU,2024,1st,First stage,3,Sat,2024-03-16,13:00,Mushuc Runa,3.0,Imbabura Sporting Club,0.0,,Estadio Cooperativa de Ahorro y Crédito ...,,,https://fbref.com/en/matches/e9fb74ab/Mushuc-Runa-Imbabura-Sporting-Club-March-16-2024-Serie-A
Liga Profesional Ecuador,M,ECU,2024,1st,First stage,3,Sat,2024-03-16,15:30,LDU de Quito,1.0,SD Aucas,2.0,,Estadio Rodrigo Paz Delgado,,,https://fbref.com/en/matches/0029988a/LDU-de-Quito-SD-Aucas-March-16-2024-Serie-A
Liga Profesional Ecuador,M,ECU,2024,1st,First stage,3,Sat,2024-03-16,18:00,Barcelona,0.0,Orense,0.0,,Estadio Monumental Banco Pichincha,,,https://fbref.com/en/matches/2400a0f1/Barcelona-Orense-March-16-2024-Serie-A
Liga Profesional Ecuador,M,ECU,2024,1st,First stage,3,Sun,2024-03-17,13:00,Univ Católica,3.0,Deportivo Cuenca,3.0,,Estadio Olímpico Atahualpa,,,https://fbref.com/en/matches/0eaf2650/Universidad-Catolica-Deportivo-Cuenca-March-17-2024-Serie-A
Liga Profesional Ecuador,M,ECU,2024,1st,First stage,3,Sun,2024-03-17,15:30,Delfín,2.0,Técnico Univ.,0.0,,Estadio Jocay,,,https://fbref.com/en/matches/f7432b95/Delfin-Tecnico-Univ-March-17-2024-Serie-A
Liga Profesional Ecuador,M,ECU,2024,1st,First stage,3,Sun,2024-03-17,18:00,El Nacional,0.0,CS Emelec,1.0,,Estadio Olímpico Atahualpa,,,https://fbref.com/en/matches/691a14c2/El-Nacional-CS-Emelec-March-17-2024-Serie-A
Liga Profesional Ecuador,M,ECU,2024,1st,First stage,4,Tue,2024-03-19,16:30,Cumbayá FC,2.0,Mushuc Runa,1.0,,Estadio Olímpico Atahualpa,,,https://fbref.com/en/matches/cb1aaf4d/Cumbaya-FC-Mushuc-Runa-March-19-2024-Serie-A
Liga Profesional Ecuador,M,ECU,2024,1st,First stage,4,Tue,2024-03-19,19:00,Orense,1.0,Imbabura Sporting Club,2.0,,Estadio 9 de Mayo Banco de Machala,,,https://fbref.com/en/matches/47ef9581/Orense-Imbabura-Sporting-Club-March-19-2024-Serie-A
Liga Profesional Ecuador,M,ECU,2024,1st,First stage,4,Wed,2024-03-20,16:30,Deportivo Cuenca,1.0,Macará,1.0,,Estadio Alejandro Serrano Aguilar Banco ...,,,https://fbref.com/en/matches/85abac4a/Deportivo-Cuenca-Macara-March-20-2024-Serie-A
Liga Profesional Ecuador,M,ECU,2024,1st,First stage,4,Wed,2024-03-20,19:00,SD Aucas,3.0,El Nacional,4.0,,Estadio Gonzalo Pozo Ripalda,,,https://fbref.com/en/matches/2818d165/SD-Aucas-El-Nacional-March-20-2024-Serie-A
Liga Profesional Ecuador,M,ECU,2024,1st,First stage,4,Thu,2024-03-21,16:30,Técnico Univ.,1.0,Independiente,1.0,,Estadio Bellavista Universidad Indoaméri...,,,https://fbref.com/en/matches/87199338/Tecnico-Univ-Independiente-del-Valle-March-21-2024-Serie-A
Liga Profesional Ecuador,M,ECU,2024,1st,First stage,4,Thu,2024-03-21,19:00,CS Emelec,2.0,Delfín,0.0,,Estadio George Capwell Banco del Austro,,,https://fbref.com/en/matches/26aca9a0/CS-Emelec-Delfin-March-21-2024-Serie-A
Liga Profesional Ecuador,M,ECU,2024,1st,First stage,5,Sat,2024-03-23,15:30,Imbabura Sporting Club,0.0,Cumbayá FC,0.0,,Estadio Olímpico de Ibarra,,,https://fbref.com/en/matches/336adc08/Imbabura-Sporting-Club-Cumbaya-FC-March-23-2024-Serie-A
Liga Profesional Ecuador,M,ECU,2024,1st,First stage,5,Sun,2024-03-24,12:00,El Nacional,2.0,Deportivo Cuenca,1.0,,Estadio Municipal La Cocha,,,https://fbref.com/en/matches/ab215e5f/El-Nacional-Deportivo-Cuenca-March-24-2024-Serie-A
Liga Profesional Ecuador,M,ECU,2024,1st,First stage,5,Sun,2024-03-24,15:30,Técnico Univ.,1.0,Macará,1.0,,Estadio Bellavista Universidad Indoaméri...,,,https://fbref.com/en/matches/1db7e18d/Tecnico-Univ-Macara-March-24-2024-Serie-A
Liga Profesional Ecuador,M,ECU,2024,1st,First stage,5,Sun,2024-03-24,18:00,Independiente,1.0,SD Aucas,1.0,,Estadio banco Guayaquil,,,https://fbref.com/en/matches/4c3d5065/Independiente-del-Valle-SD-Aucas-March-24-2024-Serie-A
Liga Profesional Ecuador,M,ECU,2024,1st,First stage,5,Mon,2024-03-25,16:30,Delfín,1.0,Libertad FC,1.0,,Estadio Jocay,,,https://fbref.com/en/matches/499c9cb2/Delfin-Libertad-FC-March-25-2024-Serie-A
Liga Profesional Ecuador,M,ECU,2024,1st,First stage,5,Mon,2024-03-25,19:00,Orense,1.0,CS Emelec,1.0,,Estadio 9 de Mayo Banco de Machala,,,https://fbref.com/en/matches/9f9c722a/Orense-CS-Emelec-March-25-2024-Serie-A
Liga Profesional Ecuador,M,ECU,2024,1st,First stage,6,Thu,2024-03-28,19:00,LDU de Quito,5.0,Imbabura Sporting Club,0.0,,Estadio Rodrigo Paz Delgado,,,https://fbref.com/en/matches/8872607c/LDU-de-Quito-Imbabura-Sporting-Club-March-28-2024-Serie-A
Liga Profesional Ecuador,M,ECU,2024,1st,First stage,6,Fri,2024-03-29,19:00,Macará,1.0,Barcelona,1.0,,Estadio Bellavista Universidad Indoaméri...,,,https://fbref.com/en/matches/bf8636fc/Macara-Barcelona-March-29-2024-Serie-A
Liga Profesional Ecuador,M,ECU,2024,1st,First stage,6,Sat,2024-03-30,13:00,Mushuc Runa,0.0,SD Aucas,2.0,,Estadio Cooperativa de Ahorro y Crédito ...,,,https://fbref.com/en/matches/c68e34f5/Mushuc-Runa-SD-Aucas-March-30-2024-Serie-A
Liga Profesional Ecuador,M,ECU,2024,1st,First stage,6,Sat,2024-03-30,15:30,Libertad FC,1.0,Técnico Univ.,0.0,,Estadio Federativo Reina del Cisne,,,https://fbref.com/en/matches/8f12964f/Libertad-FC-Tecnico-Univ-March-30-2024-Serie-A
Liga Profesional Ecuador,M,ECU,2024,1st,First stage,6,Sat,2024-03-30,18:00,Cumbayá FC,1.0,El Nacional,0.0,,Estadio Olímpico Atahualpa,,,https://fbref.com/en/matches/088be708/Cumbaya-FC-El-Nacional-March-30-2024-Serie-A
Liga Profesional Ecuador,M,ECU,2024,1st,First stage,6,Sun,2024-03-31,13:00,Univ Católica,5.0,Orense,1.0,,Estadio Olímpico Atahualpa,,,https://fbref.com/en/matches/66a94ed7/Universidad-Catolica-Orense-March-31-2024-Serie-A
Liga Profesional Ecuador,M,ECU,2024,1st,First stage,6,Sun,2024-03-31,15:30,Deportivo Cuenca,0.0,Delfín,0.0,,Estadio Alejandro Serrano Aguilar Banco ...,,,https://fbref.com/en/matches/57ab429a/Deportivo-Cuenca-Delfin-March-31-2024-Serie-A
Liga Profesional Ecuador,M,ECU,2024,1st,First stage,6,Sun,2024-03-31,18:00,CS Emelec,0.0,Independiente,0.0,,Estadio George Capwell Banco del Austro,,,https://fbref.com/en/matches/78bedc4a/CS-Emelec-Independiente-del-Valle-March-31-2024-Serie-A
Liga Profesional Ecuador,M,ECU,2024,1st,First stage,7,Fri,2024-04-05,19:00,Orense,2.0,Mushuc Runa,2.0,,Estadio 9 de Mayo Banco de Machala,,,https://fbref.com/en/matches/0e1bf332/Orense-Mushuc-Runa-April-5-2024-Serie-A
Liga Profesional Ecuador,M,ECU,2024,1st,First stage,7,Sat,2024-04-06,13:00,SD Aucas,3.0,Cumbayá FC,0.0,,Estadio Gonzalo Pozo Ripalda,,,https://fbref.com/en/matches/6c254c03/SD-Aucas-Cumbaya-FC-April-6-2024-Serie-A
Liga Profesional Ecuador,M,ECU,2024,1st,First stage,7,Sat,2024-04-06,15:30,El Nacional,1.0,LDU de Quito,2.0,,Estadio Olímpico Atahualpa,,,https://fbref.com/en/matches/7c5575dd/El-Nacional-LDU-de-Quito-April-6-2024-Serie-A
Liga Profesional Ecuador,M,ECU,2024,1st,First stage,7,Sat,2024-04-06,18:00,Barcelona,4.0,Deportivo Cuenca,0.0,,Estadio Monumental Banco Pichincha,,,https://fbref.com/en/matches/75c181cc/Barcelona-Deportivo-Cuenca-April-6-2024-Serie-A
Liga Profesional Ecuador,M,ECU,2024,1st,First stage,7,Sun,2024-04-07,13:00,Independiente,3.0,Libertad FC,0.0,,Estadio banco Guayaquil,,,https://fbref.com/en/matches/24dcaade/Independiente-del-Valle-Libertad-FC-April-7-2024-Serie-A
Liga Profesional Ecuador,M,ECU,2024,1st,First stage,7,Sun,2024-04-07,15:30,Delfín,0.0,Univ Católica,2.0,,Estadio Jocay,,,https://fbref.com/en/matches/5052d4ef/Delfin-Universidad-Catolica-April-7-2024-Serie-A
Liga Profesional Ecuador,M,ECU,2024,1st,First stage,7,Sun,2024-04-07,18:00,Técnico Univ.,1.0,CS Emelec,1.0,,Estadio Bellavista Universidad Indoaméri...,,,https://fbref.com/en/matches/9b8128dd/Tecnico-Univ-CS-Emelec-April-7-2024-Serie-A
Liga Profesional Ecuador,M,ECU,2024,1st,First stage,7,Mon,2024-04-08,19:00,Imbabura Sporting Club,0.0,Macará,1.0,,Estadio Olímpico de Ibarra,,,https://fbref.com/en/matches/7ee0091e/Imbabura-Sporting-Club-Macara-April-8-2024-Serie-A
Liga Profesional Ecuador,M,ECU,2024,1st,First stage,8,Fri,2024-04-12,19:00,Deportivo Cuenca,3.0,SD Aucas,3.0,,Estadio Alejandro Serrano Aguilar Banco ...,,,https://fbref.com/en/matches/4068e2b7/Deportivo-Cuenca-SD-Aucas-April-12-2024-Serie-A
Liga Profesional Ecuador,M,ECU,2024,1st,First stage,8,Sat,2024-04-13,13:00,Mushuc Runa,1.0,Técnico Univ.,2.0,,Estadio Cooperativa de Ahorro y Crédito ...,,,https://fbref.com/en/matches/6f6724b6/Mushuc-Runa-Tecnico-Univ-April-13-2024-Serie-A
Liga Profesional Ecuador,M,ECU,2024,1st,First stage,8,Sat,2024-04-13,15:30,Macará,0.0,Orense,0.0,,Estadio Bellavista Universidad Indoaméri...,,,https://fbref.com/en/matches/2ce537f8/Macara-Orense-April-13-2024-Serie-A
Liga Profesional Ecuador,M,ECU,2024,1st,First stage,8,Sat,2024-04-13,18:00,CS Emelec,2.0,Cumbayá FC,0.0,,Estadio George Capwell Banco del Austro,,,https://fbref.com/en/matches/8d438cb2/CS-Emelec-Cumbaya-FC-April-13-2024-Serie-A
Liga Profesional Ecuador,M,ECU,2024,1st,First stage,8,Sun,2024-04-14,13:00,Univ Católica,2.0,Independiente,2.0,,Estadio Rodrigo Paz Delgado,,,https://fbref.com/en/matches/a6dfc97d/Universidad-Catolica-Independiente-del-Valle-April-14-2024-Serie-A
Liga Profesional Ecuador,M,ECU,2024,1st,First stage,8,Sun,2024-04-14,15:30,El Nacional,2.0,Imbabura Sporting Club,0.0,,Estadio Gonzalo Pozo Ripalda,,,https://fbref.com/en/matches/b4606197/El-Nacional-Imbabura-Sporting-Club-April-14-2024-Serie-A
Liga Profesional Ecuador,M,ECU,2024,1st,First stage,8,Sun,2024-04-14,18:00,Libertad FC,0.0,Barcelona,3.0,,Estadio Federativo Reina del Cisne,,,https://fbref.com/en/matches/5e40a723/Libertad-FC-Barcelona-April-14-2024-Serie-A
Liga Profesional Ecuador,M,ECU,2024,1st,First stage,8,Mon,2024-04-15,19:00,LDU de Quito,2.0,Delfín,1.0,,Estadio Rodrigo Paz Delgado,,,https://fbref.com/en/matches/837dc142/LDU-de-Quito-Delfin-April-15-2024-Serie-A
Liga Profesional Ecuador,M,ECU,2024,1st,First stage,9,Wed,2024-04-17,16:30,Cumbayá FC,0.0,Libertad FC,0.0,,Estadio Municipal La Cocha,,,https://fbref.com/en/matches/e4f4ed0e/Cumbaya-FC-Libertad-FC-April-17-2024-Serie-A
Liga Profesional Ecuador,M,ECU,2024,1st,First stage,9,Wed,2024-04-17,19:00,Técnico Univ.,2.0,Deportivo Cuenca,1.0,,Estadio Bellavista Universidad Indoaméri...,,,https://fbref.com/en/matches/29fd2ff7/Tecnico-Univ-Deportivo-Cuenca-April-17-2024-Serie-A
Liga Profesional Ecuador,M,ECU,2024,1st,First stage,9,Thu,2024-04-18,14:00,Imbabura Sporting Club,2.0,Univ Católica,2.0,,Estadio Olímpico de Ibarra,,,https://fbref.com/en/matches/658f986f/Imbabura-Sporting-Club-Universidad-Catolica-April-18-2024-Serie-A
Liga Profesional Ecuador,M,ECU,2024,1st,First stage,9,Thu,2024-04-18,16:30,Independiente,2.0,Mushuc Runa,1.0,,Estadio banco Guayaquil,,,https://fbref.com/en/matches/69e39fc6/Independiente-del-Valle-Mushuc-Runa-April-18-2024-Serie-A
Liga Profesional Ecuador,M,ECU,2024,1st,First stage,9,Thu,2024-04-18,19:00,Barcelona,1.0,El Nacional,0.0,,Estadio Monumental Banco Pichincha,,,https://fbref.com/en/matches/2a44eb93/Barcelona-El-Nacional-April-18-2024-Serie-A
Liga Profesional Ecuador,M,ECU,2024,1st,First stage,9,Fri,2024-04-19,14:00,Delfín,1.0,Macará,1.0,,Estadio Jocay,,,https://fbref.com/en/matches/2498d879/Delfin-Macara-April-19-2024-Serie-A
Liga Profesional Ecuador,M,ECU,2024,1st,First stage,9,Fri,2024-04-19,16:30,SD Aucas,3.0,CS Emelec,1.0,,Estadio Gonzalo Pozo Ripalda,,,https://fbref.com/en/matches/38dd9d05/SD-Aucas-CS-Emelec-April-19-2024-Serie-A
Liga Profesional Ecuador,M,ECU,2024,1st,First stage,9,Fri,2024-04-19,16:30,Orense,1.0,LDU de Quito,0.0,,Estadio 9 de Mayo Banco de Machala,,,https://fbref.com/en/matches/f0518918/Orense-LDU-de-Quito-April-19-2024-Serie-A
Liga Profesional Ecuador,M,ECU,2024,1st,First stage,10,Fri,2024-04-26,19:00,Deportivo Cuenca,5.0,Mushuc Runa,0.0,,Estadio Alejandro Serrano Aguilar Banco ...,,,https://fbref.com/en/matches/8beef7bb/Deportivo-Cuenca-Mushuc-Runa-April-26-2024-Serie-A
Liga Profesional Ecuador,M,ECU,2024,1st,First stage,10,Sat,2024-04-27,13:00,Univ Católica,2.0,Cumbayá FC,1.0,,Estadio Olímpico Atahualpa,,,https://fbref.com/en/matches/4957f60b/Universidad-Catolica-Cumbaya-FC-April-27-2024-Serie-A
Liga Profesional Ecuador,M,ECU,2024,1st,First stage,10,Sat,2024-04-27,15:30,Libertad FC,1.0,Orense,1.0,,Estadio Federativo Reina del Cisne,,,https://fbref.com/en/matches/d9aef28f/Libertad-FC-Orense-April-27-2024-Serie-A
Liga Profesional Ecuador,M,ECU,2024,1st,First stage,10,Sat,2024-04-27,18:00,LDU de Quito,1.0,Técnico Univ.,0.0,,Estadio Rodrigo Paz Delgado,,,https://fbref.com/en/matches/21665e6b/LDU-de-Quito-Tecnico-Univ-April-27-2024-Serie-A
Liga Profesional Ecuador,M,ECU,2024,1st,First stage,10,Sun,2024-04-28,12:30,Imbabura Sporting Club,0.0,Independiente,1.0,,Estadio Olímpico de Ibarra,,,https://fbref.com/en/matches/bfb60d04/Imbabura-Sporting-Club-Independiente-del-Valle-April-28-2024-Serie-A
Liga Profesional Ecuador,M,ECU,2024,1st,First stage,10,Sun,2024-04-28,15:00,Macará,0.0,SD Aucas,2.0,,Estadio Bellavista Universidad Indoaméri...,,,https://fbref.com/en/matches/362cfa7d/Macara-SD-Aucas-April-28-2024-Serie-A
Liga Profesional Ecuador,M,ECU,2024,1st,First stage,10,Sun,2024-04-28,18:00,CS Emelec,1.0,Barcelona,1.0,,Estadio George Capwell Banco del Austro,,,https://fbref.com/en/matches/d09179c2/CS-Emelec-Barcelona-April-28-2024-Serie-A
Liga Profesional Ecuador,M,ECU,2024,1st,First stage,10,Mon,2024-04-29,19:00,El Nacional,1.0,Delfín,0.0,,Estadio Olímpico Atahualpa,,,https://fbref.com/en/matches/90f8a631/El-Nacional-Delfin-April-29-2024-Serie-A
Liga Profesional Ecuador,M,ECU,2024,1st,First stage,4,Tue,2024-04-30,19:00,Libertad FC,2.0,LDU de Quito,3.0,,Estadio Federativo Reina del Cisne,,,https://fbref.com/en/matches/feac604b/Libertad-FC-LDU-de-Quito-April-30-2024-Serie-A
Liga Profesional Ecuador,M,ECU,2024,1st,First stage,4,Wed,2024-05-01,19:00,Univ Católica,0.0,Barcelona,1.0,,Estadio Olímpico Atahualpa,,,https://fbref.com/en/matches/6195dd64/Universidad-Catolica-Barcelona-May-1-2024-Serie-A
Liga Profesional Ecuador,M,ECU,2024,1st,First stage,11,Fri,2024-05-03,19:00,Orense,0.0,El Nacional,1.0,,Estadio 9 de Mayo Banco de Machala,,,https://fbref.com/en/matches/efbe4b95/Orense-El-Nacional-May-3-2024-Serie-A
Liga Profesional Ecuador,M,ECU,2024,1st,First stage,11,Sat,2024-05-04,13:00,Cumbayá FC,1.0,Macará,0.0,,Estadio Olímpico Atahualpa,,,https://fbref.com/en/matches/e4569600/Cumbaya-FC-Macara-May-4-2024-Serie-A
Liga Profesional Ecuador,M,ECU,2024,1st,First stage,11,Sat,2024-05-04,15:30,Mushuc Runa,0.0,LDU de Quito,1.0,,Estadio Cooperativa de Ahorro y Crédito ...,,,https://fbref.com/en/matches/17ab95b4/Mushuc-Runa-LDU-de-Quito-May-4-2024-Serie-A
Liga Profesional Ecuador,M,ECU,2024,1st,First stage,11,Sat,2024-05-04,18:00,Delfín,1.0,Barcelona,3.0,,Estadio Jocay,,,https://fbref.com/en/matches/f57c38c2/Delfin-Barcelona-May-4-2024-Serie-A
Liga Profesional Ecuador,M,ECU,2024,1st,First stage,11,Sun,2024-05-05,13:00,SD Aucas,2.0,Libertad FC,0.0,,Estadio Gonzalo Pozo Ripalda,,,https://fbref.com/en/matches/3cf87716/SD-Aucas-Libertad-FC-May-5-2024-Serie-A
Liga Profesional Ecuador,M,ECU,2024,1st,First stage,11,Sun,2024-05-05,15:30,Independiente,1.0,Deportivo Cuenca,0.0,,Estadio banco Guayaquil,,,https://fbref.com/en/matches/b50e6e81/Independiente-del-Valle-Deportivo-Cuenca-May-5-2024-Serie-A
Liga Profesional Ecuador,M,ECU,2024,1st,First stage,11,Sun,2024-05-05,18:00,CS Emelec,2.0,Univ Católica,1.0,,Estadio George Capwell Banco del Austro,,,https://fbref.com/en/matches/7c994715/CS-Emelec-Universidad-Catolica-May-5-2024-Serie-A
Liga Profesional Ecuador,M,ECU,2024,1st,First stage,11,Mon,2024-05-06,19:00,Técnico Univ.,1.0,Imbabura Sporting Club,1.0,,Estadio Bellavista Universidad Indoaméri...,,,https://fbref.com/en/matches/04619964/Tecnico-Univ-Imbabura-Sporting-Club-May-6-2024-Serie-A
Liga Profesional Ecuador,M,ECU,2024,1st,First stage,12,Fri,2024-05-10,19:00,Deportivo Cuenca,2.0,Cumbayá FC,1.0,,Estadio Alejandro Serrano Aguilar Banco ...,,,https://fbref.com/en/matches/9d584d82/Deportivo-Cuenca-Cumbaya-FC-May-10-2024-Serie-A
Liga Profesional Ecuador,M,ECU,2024,1st,First stage,12,Sat,2024-05-11,13:00,Imbabura Sporting Club,4.0,Libertad FC,2.0,,Estadio Olímpico de Ibarra,,,https://fbref.com/en/matches/795d68a0/Imbabura-Sporting-Club-Libertad-FC-May-11-2024-Serie-A
Liga Profesional Ecuador,M,ECU,2024,1st,First stage,12,Sat,2024-05-11,15:30,Macará,0.0,Mushuc Runa,0.0,,Estadio Bellavista Universidad Indoaméri...,,,https://fbref.com/en/matches/e1e1f164/Macara-Mushuc-Runa-May-11-2024-Serie-A
Liga Profesional Ecuador,M,ECU,2024,1st,First stage,12,Sat,2024-05-11,18:00,LDU de Quito,2.0,CS Emelec,2.0,,Estadio Rodrigo Paz Delgado,,,https://fbref.com/en/matches/b5d71766/LDU-de-Quito-CS-Emelec-May-11-2024-Serie-A
Liga Profesional Ecuador,M,ECU,2024,1st,First stage,12,Sun,2024-05-12,13:00,El Nacional,1.0,Independiente,2.0,,Estadio Olímpico Atahualpa,,,https://fbref.com/en/matches/7b44e437/El-Nacional-Independiente-del-Valle-May-12-2024-Serie-A
Liga Profesional Ecuador,M,ECU,2024,1st,First stage,12,Sun,2024-05-12,15:30,Delfín,0.0,Orense,1.0,,Estadio Jocay,,,https://fbref.com/en/matches/1b17afe6/Delfin-Orense-May-12-2024-Serie-A
Liga Profesional Ecuador,M,ECU,2024,1st,First stage,12,Sun,2024-05-12,18:00,Barcelona,1.0,SD Aucas,1.0,,Estadio Monumental Banco Pichincha,,,https://fbref.com/en/matches/0acd7925/Barcelona-SD-Aucas-May-12-2024-Serie-A
Liga Profesional Ecuador,M,ECU,2024,1st,First stage,12,Mon,2024-05-13,19:00,Univ Católica,3.0,Técnico Univ.,2.0,,Estadio Olímpico Atahualpa,,,https://fbref.com/en/matches/91cd5f8e/Universidad-Catolica-Tecnico-Univ-May-13-2024-Serie-A
Liga Profesional Ecuador,M,ECU,2024,1st,First stage,13,Fri,2024-05-17,19:00,Deportivo Cuenca,5.0,Imbabura Sporting Club,2.0,,Estadio Alejandro Serrano Aguilar Banco ...,,,https://fbref.com/en/matches/cb2373f6/Deportivo-Cuenca-Imbabura-Sporting-Club-May-17-2024-Serie-A
Liga Profesional Ecuador,M,ECU,2024,1st,First stage,13,Sat,2024-05-18,13:00,Libertad FC,0.0,El Nacional,2.0,,Estadio Federativo Reina del Cisne,,,https://fbref.com/en/matches/3138e70a/Libertad-FC-El-Nacional-May-18-2024-Serie-A
Liga Profesional Ecuador,M,ECU,2024,1st,First stage,13,Sat,2024-05-18,15:30,CS Emelec,0.0,Macará,1.0,,Estadio George Capwell Banco del Austro,,,https://fbref.com/en/matches/414f0e61/CS-Emelec-Macara-May-18-2024-Serie-A
Liga Profesional Ecuador,M,ECU,2024,1st,First stage,13,Sat,2024-05-18,18:00,Independiente,1.0,LDU de Quito,1.0,,Estadio banco Guayaquil,,,https://fbref.com/en/matches/983d38b4/Independiente-del-Valle-LDU-de-Quito-May-18-2024-Serie-A
Liga Profesional Ecuador,M,ECU,2024,1st,First stage,13,Sun,2024-05-19,13:00,Mushuc Runa,5.0,Delfín,0.0,,Estadio Cooperativa de Ahorro y Crédito ...,,,https://fbref.com/en/matches/0cb7e997/Mushuc-Runa-Delfin-May-19-2024-Serie-A
Liga Profesional Ecuador,M,ECU,2024,1st,First stage,13,Sun,2024-05-19,15:30,SD Aucas,2.0,Univ Católica,2.0,,Estadio Gonzalo Pozo Ripalda,,,https://fbref.com/en/matches/42ae2b14/SD-Aucas-Universidad-Catolica-May-19-2024-Serie-A
Liga Profesional Ecuador,M,ECU,2024,1st,First stage,13,Sun,2024-05-19,18:00,Cumbayá FC,0.0,Barcelona,1.0,,Estadio Olímpico Atahualpa,,,https://fbref.com/en/matches/744f4cf8/Cumbaya-FC-Barcelona-May-19-2024-Serie-A
Liga Profesional Ecuador,M,ECU,2024,1st,First stage,13,Mon,2024-05-20,19:00,Técnico Univ.,1.0,Orense,0.0,,Estadio Bellavista Universidad Indoaméri...,,,https://fbref.com/en/matches/d322e60e/Tecnico-Univ-Orense-May-20-2024-Serie-A
Liga Profesional Ecuador,M,ECU,2024,1st,First stage,5,Wed,2024-05-22,15:30,Mushuc Runa,2.0,Univ Católica,1.0,,Estadio Cooperativa de Ahorro y Crédito ...,,,https://fbref.com/en/matches/781ebde2/Mushuc-Runa-Universidad-Catolica-May-22-2024-Serie-A
Liga Profesional Ecuador,M,ECU,2024,1st,First stage,5,Wed,2024-05-22,19:00,Barcelona,2.0,LDU de Quito,0.0,,Estadio Monumental Banco Pichincha,,,https://fbref.com/en/matches/61118802/Barcelona-LDU-de-Quito-May-22-2024-Serie-A
Liga Profesional Ecuador,M,ECU,2024,1st,First stage,14,Fri,2024-05-24,19:00,Imbabura Sporting Club,1.0,CS Emelec,2.0,,Estadio Olímpico de Ibarra,,,https://fbref.com/en/matches/ee2900a2/Imbabura-Sporting-Club-CS-Emelec-May-24-2024-Serie-A
Liga Profesional Ecuador,M,ECU,2024,1st,First stage,14,Sat,2024-05-25,20:00,Barcelona,3.0,Técnico Univ.,0.0,,Estadio Monumental Banco Pichincha,,,https://fbref.com/en/matches/03244f7c/Barcelona-Tecnico-Univ-May-25-2024-Serie-A
Liga Profesional Ecuador,M,ECU,2024,1st,First stage,14,Sat,2024-05-25,20:00,LDU de Quito,2.0,Univ Católica,1.0,,Estadio Rodrigo Paz Delgado,,,https://fbref.com/en/matches/bb5e2053/LDU-de-Quito-Universidad-Catolica-May-25-2024-Serie-A
Liga Profesional Ecuador,M,ECU,2024,1st,First stage,14,Sat,2024-05-25,20:00,Delfín,2.0,SD Aucas,0.0,,Estadio Jocay,,,https://fbref.com/en/matches/d12b719e/Delfin-SD-Aucas-May-25-2024-Serie-A
Liga Profesional Ecuador,M,ECU,2024,1st,First stage,14,Sat,2024-05-25,20:00,Macará,0.0,Independiente,1.0,,Estadio Bellavista Universidad Indoaméri...,,,https://fbref.com/en/matches/e085928d/Macara-Independiente-del-Valle-May-25-2024-Serie-A
Liga Profesional Ecuador,M,ECU,2024,1st,First stage,14,Sun,2024-05-26,15:30,El Nacional,1.0,Mushuc Runa,0.0,,Estadio Olímpico Atahualpa,,,https://fbref.com/en/matches/8e69ce05/El-Nacional-Mushuc-Runa-May-26-2024-Serie-A
Liga Profesional Ecuador,M,ECU,2024,1st,First stage,14,Sun,2024-05-26,18:00,Orense,1.0,Cumbayá FC,0.0,,Estadio 9 de Mayo Banco de Machala,,,https://fbref.com/en/matches/721b4ec8/Orense-Cumbaya-FC-May-26-2024-Serie-A
Liga Profesional Ecuador,M,ECU,2024,1st,First stage,14,Mon,2024-05-27,19:00,Libertad FC,0.0,Deportivo Cuenca,0.0,,Estadio Federativo Reina del Cisne,,,https://fbref.com/en/matches/f70b3c1d/Libertad-FC-Deportivo-Cuenca-May-27-2024-Serie-A
Liga Profesional Ecuador,M,ECU,2024,1st,First stage,15,Fri,2024-05-31,19:00,Técnico Univ.,1.0,El Nacional,2.0,,Estadio Bellavista Universidad Indoaméri...,,,https://fbref.com/en/matches/c1f1bcbb/Tecnico-Univ-El-Nacional-May-31-2024-Serie-A
Liga Profesional Ecuador,M,ECU,2024,1st,First stage,15,Sat,2024-06-01,13:00,SD Aucas,2.0,Imbabura Sporting Club,2.0,,Estadio Gonzalo Pozo Ripalda,,,https://fbref.com/en/matches/67c0d7f4/SD-Aucas-Imbabura-Sporting-Club-June-1-2024-Serie-A
Liga Profesional Ecuador,M,ECU,2024,1st,First stage,15,Sat,2024-06-01,15:30,Cumbayá FC,1.0,Delfín,0.0,,Estadio Olímpico Atahualpa,,,https://fbref.com/en/matches/7726deeb/Cumbaya-FC-Delfin-June-1-2024-Serie-A
Liga Profesional Ecuador,M,ECU,2024,1st,First stage,15,Sat,2024-06-01,18:00,CS Emelec,0.0,Libertad FC,0.0,,Estadio George Capwell Banco del Austro,,,https://fbref.com/en/matches/cebd0606/CS-Emelec-Libertad-FC-June-1-2024-Serie-A
Liga Profesional Ecuador,M,ECU,2024,1st,First stage,15,Sun,2024-06-02,15:00,Univ Católica,3.0,Macará,0.0,,Estadio Olímpico Atahualpa,,,https://fbref.com/en/matches/7d6c749c/Universidad-Catolica-Macara-June-2-2024-Serie-A
Liga Profesional Ecuador,M,ECU,2024,1st,First stage,15,Sun,2024-06-02,18:00,Deportivo Cuenca,2.0,LDU de Quito,2.0,,Estadio Alejandro Serrano Aguilar Banco ...,,,https://fbref.com/en/matches/7cf2c28e/Deportivo-Cuenca-LDU-de-Quito-June-2-2024-Serie-A
Liga Profesional Ecuador,M,ECU,2024,1st,First stage,15,Sun,2024-06-02,18:00,Mushuc Runa,1.0,Barcelona,0.0,,Estadio Cooperativa de Ahorro y Crédito ...,,,https://fbref.com/en/matches/c3a4c68a/Mushuc-Runa-Barcelona-June-2-2024-Serie-A
Liga Profesional Ecuador,M,ECU,2024,1st,First stage,15,Sun,2024-06-02,18:00,Independiente,1.0,Orense,0.0,,Estadio banco Guayaquil,,,https://fbref.com/en/matches/d84c7af7/Independiente-del-Valle-Orense-June-2-2024-Serie-A
Liga Profesional Ecuador,M,ECU,2024,1st,Second stage,1,Fri,2024-08-02,19:00,Orense,4.0,SD Aucas,0.0,,Estadio 9 de Mayo Banco de Machala,,,https://fbref.com/en/matches/bea9130b/Orense-SD-Aucas-August-2-2024-Serie-A
Liga Profesional Ecuador,M,ECU,2024,1st,Second stage,1,Sat,2024-08-03,14:00,Libertad FC,2.0,Mushuc Runa,2.0,,Estadio Federativo Reina del Cisne,,,https://fbref.com/en/matches/391a1593/Libertad-FC-Mushuc-Runa-August-3-2024-Serie-A
Liga Profesional Ecuador,M,ECU,2024,1st,Second stage,1,Sat,2024-08-03,16:30,Independiente,1.0,Delfín,2.0,,Estadio banco Guayaquil,,,https://fbref.com/en/matches/123e2643/Independiente-del-Valle-Delfin-August-3-2024-Serie-A
Liga Profesional Ecuador,M,ECU,2024,1st,Second stage,1,Sat,2024-08-03,19:00,Imbabura Sporting Club,1.0,Barcelona,3.0,,Estadio Olímpico de Ibarra,,,https://fbref.com/en/matches/20569301/Imbabura-Sporting-Club-Barcelona-August-3-2024-Serie-A
Liga Profesional Ecuador,M,ECU,2024,1st,Second stage,1,Sun,2024-08-04,13:00,El Nacional,0.0,Univ Católica,2.0,,Estadio Olímpico Atahualpa,,,https://fbref.com/en/matches/67c6ece0/El-Nacional-Universidad-Catolica-August-4-2024-Serie-A
Liga Profesional Ecuador,M,ECU,2024,1st,Second stage,1,Sun,2024-08-04,15:30,Macará,0.0,LDU de Quito,4.0,,Estadio Bellavista Universidad Indoaméri...,,,https://fbref.com/en/matches/58963106/Macara-LDU-de-Quito-August-4-2024-Serie-A
Liga Profesional Ecuador,M,ECU,2024,1st,Second stage,1,Sun,2024-08-04,18:00,CS Emelec,0.0,Deportivo Cuenca,1.0,,Estadio George Capwell Banco del Austro,,,https://fbref.com/en/matches/10a11ac6/CS-Emelec-Deportivo-Cuenca-August-4-2024-Serie-A
Liga Profesional Ecuador,M,ECU,2024,1st,Second stage,1,Mon,2024-08-05,19:00,Cumbayá FC,1.0,Técnico Univ.,2.0,,Estadio Olímpico Atahualpa,Robert Cabrera,,https://fbref.com/en/matches/e24b2496/Cumbaya-FC-Tecnico-Univ-August-5-2024-Serie-A
Liga Profesional Ecuador,M,ECU,2024,1st,Second stage,2,Fri,2024-08-09,19:00,Deportivo Cuenca,1.0,Orense,2.0,,Estadio Alejandro Serrano Aguilar Banco ...,,,https://fbref.com/en/matches/c4e3f7bc/Deportivo-Cuenca-Orense-August-9-2024-Serie-A
Liga Profesional Ecuador,M,ECU,2024,1st,Second stage,2,Sat,2024-08-10,12:30,Univ Católica,1.0,Libertad FC,2.0,,Estadio Olímpico Atahualpa,,,https://fbref.com/en/matches/e98cda1e/Universidad-Catolica-Libertad-FC-August-10-2024-Serie-A
Liga Profesional Ecuador,M,ECU,2024,1st,Second stage,2,Sat,2024-08-10,15:00,LDU de Quito,2.0,Cumbayá FC,1.0,,Estadio Rodrigo Paz Delgado,Guillermo Guerrero,,https://fbref.com/en/matches/c8b2b4f7/LDU-de-Quito-Cumbaya-FC-August-10-2024-Serie-A
Liga Profesional Ecuador,M,ECU,2024,1st,Second stage,2,Sat,2024-08-10,18:00,Barcelona,3.0,Independiente,2.0,,Estadio Monumental Banco Pichincha,,,https://fbref.com/en/matches/fe260d13/Barcelona-Independiente-del-Valle-August-10-2024-Serie-A
Liga Profesional Ecuador,M,ECU,2024,1st,Second stage,2,Sun,2024-08-11,13:00,El Nacional,1.0,Macará,3.0,,Estadio Olímpico Atahualpa,,,https://fbref.com/en/matches/d764cb1c/El-Nacional-Macara-August-11-2024-Serie-A
Liga Profesional Ecuador,M,ECU,2024,1st,Second stage,2,Sun,2024-08-11,15:30,Delfín,1.0,Imbabura Sporting Club,1.0,,Estadio Jocay,,,https://fbref.com/en/matches/631a4a21/Delfin-Imbabura-Sporting-Club-August-11-2024-Serie-A
Liga Profesional Ecuador,M,ECU,2024,1st,Second stage,2,Sun,2024-08-11,18:00,Mushuc Runa,3.0,CS Emelec,0.0,,Estadio Cooperativa de Ahorro y Crédito ...,,,https://fbref.com/en/matches/3780e660/Mushuc-Runa-CS-Emelec-August-11-2024-Serie-A
Liga Profesional Ecuador,M,ECU,2024,1st,Second stage,2,Mon,2024-08-12,19:00,Técnico Univ.,2.0,SD Aucas,0.0,,Estadio Bellavista Universidad Indoaméri...,,,https://fbref.com/en/matches/4c67ab5a/Tecnico-Univ-SD-Aucas-August-12-2024-Serie-A
Liga Profesional Ecuador,M,ECU,2024,1st,Second stage,3,Fri,2024-08-16,19:00,Libertad FC,0.0,Macará,1.0,,Estadio Federativo Reina del Cisne,,,https://fbref.com/en/matches/dd8a7384/Libertad-FC-Macara-August-16-2024-Serie-A
Liga Profesional Ecuador,M,ECU,2024,1st,Second stage,3,Sat,2024-08-17,14:00,Cumbayá FC,1.0,Independiente,3.0,,Estadio Olímpico Atahualpa,Álex Cajas,,https://fbref.com/en/matches/721dbd5f/Cumbaya-FC-Independiente-del-Valle-August-17-2024-Serie-A
Liga Profesional Ecuador,M,ECU,2024,1st,Second stage,3,Sat,2024-08-17,16:30,SD Aucas,0.0,LDU de Quito,1.0,,Estadio Gonzalo Pozo Ripalda,,,https://fbref.com/en/matches/42420c27/SD-Aucas-LDU-de-Quito-August-17-2024-Serie-A
Liga Profesional Ecuador,M,ECU,2024,1st,Second stage,3,Sat,2024-08-17,19:00,Orense,3.0,Barcelona,2.0,,Estadio 9 de Mayo Banco de Machala,,,https://fbref.com/en/matches/a9523df7/Orense-Barcelona-August-17-2024-Serie-A
Liga Profesional Ecuador,M,ECU,2024,1st,Second stage,3,Sun,2024-08-18,13:00,Imbabura Sporting Club,2.0,Mushuc Runa,3.0,,Estadio Olímpico de Ibarra,,,https://fbref.com/en/matches/3802010b/Imbabura-Sporting-Club-Mushuc-Runa-August-18-2024-Serie-A
Liga Profesional Ecuador,M,ECU,2024,1st,Second stage,3,Sun,2024-08-18,15:30,Deportivo Cuenca,1.0,Univ Católica,2.0,,Estadio Alejandro Serrano Aguilar Banco ...,,,https://fbref.com/en/matches/bad38b49/Deportivo-Cuenca-Universidad-Catolica-August-18-2024-Serie-A
Liga Profesional Ecuador,M,ECU,2024,1st,Second stage,3,Sun,2024-08-18,18:00,CS Emelec,0.0,El Nacional,1.0,,Estadio George Capwell Banco del Austro,,,https://fbref.com/en/matches/8e274530/CS-Emelec-El-Nacional-August-18-2024-Serie-A
Liga Profesional Ecuador,M,ECU,2024,1st,Second stage,3,Mon,2024-08-19,19:00,Técnico Univ.,0.0,Delfín,1.0,,Estadio Bellavista Universidad Indoaméri...,,,https://fbref.com/en/matches/5d33414f/Tecnico-Univ-Delfin-August-19-2024-Serie-A
Liga Profesional Ecuador,M,ECU,2024,1st,Second stage,4,Fri,2024-08-23,19:00,Macará,3.0,Deportivo Cuenca,1.0,,Estadio Bellavista Universidad Indoaméri...,,,https://fbref.com/en/matches/ca456f56/Macara-Deportivo-Cuenca-August-23-2024-Serie-A
Liga Profesional Ecuador,M,ECU,2024,1st,Second stage,4,Sat,2024-08-24,13:00,Mushuc Runa,0.0,Cumbayá FC,0.0,,Estadio Cooperativa de Ahorro y Crédito ...,Gabriel González,,https://fbref.com/en/matches/0b77aba1/Mushuc-Runa-Cumbaya-FC-August-24-2024-Serie-A
Liga Profesional Ecuador,M,ECU,2024,1st,Second stage,4,Sat,2024-08-24,15:30,El Nacional,0.0,SD Aucas,0.0,,Estadio Olímpico Atahualpa,,,https://fbref.com/en/matches/03853720/El-Nacional-SD-Aucas-August-24-2024-Serie-A
Liga Profesional Ecuador,M,ECU,2024,1st,Second stage,4,Sat,2024-08-24,18:00,Delfín,0.0,CS Emelec,1.0,,Estadio Jocay,,,https://fbref.com/en/matches/946cf179/Delfin-CS-Emelec-August-24-2024-Serie-A
Liga Profesional Ecuador,M,ECU,2024,1st,Second stage,4,Sun,2024-08-25,13:00,Independiente,1.0,Técnico Univ.,0.0,,Estadio banco Guayaquil,,,https://fbref.com/en/matches/3968bc72/Independiente-del-Valle-Tecnico-Univ-August-25-2024-Serie-A
Liga Profesional Ecuador,M,ECU,2024,1st,Second stage,4,Sun,2024-08-25,15:30,LDU de Quito,3.0,Libertad FC,0.0,,Estadio Federativo Reina del Cisne,,,https://fbref.com/en/matches/19e6479a/LDU-de-Quito-Libertad-FC-August-25-2024-Serie-A
Liga Profesional Ecuador,M,ECU,2024,1st,Second stage,4,Sun,2024-08-25,18:00,Barcelona,1.0,Univ Católica,0.0,,Estadio Monumental Banco Pichincha,,,https://fbref.com/en/matches/c3a631b2/Barcelona-Universidad-Catolica-August-25-2024-Serie-A
Liga Profesional Ecuador,M,ECU,2024,1st,Second stage,4,Mon,2024-08-26,19:00,Imbabura Sporting Club,0.0,Orense,1.0,,Estadio Olímpico de Ibarra,,,https://fbref.com/en/matches/0133a493/Imbabura-Sporting-Club-Orense-August-26-2024-Serie-A
Liga Profesional Ecuador,M,ECU,2024,1st,Second stage,5,Fri,2024-08-30,19:00,Univ Católica,5.0,Mushuc Runa,1.0,,Estadio Olímpico Atahualpa,Yerson Zambrano,,https://fbref.com/en/matches/5f15e001/Universidad-Catolica-Mushuc-Runa-August-30-2024-Serie-A
Liga Profesional Ecuador,M,ECU,2024,1st,Second stage,5,Sat,2024-08-31,12:30,Deportivo Cuenca,1.0,El Nacional,2.0,,Estadio Alejandro Serrano Aguilar Banco ...,Juan Andrade,,https://fbref.com/en/matches/a1ebd1c7/Deportivo-Cuenca-El-Nacional-August-31-2024-Serie-A
Liga Profesional Ecuador,M,ECU,2024,1st,Second stage,5,Sat,2024-08-31,15:00,Libertad FC,2.0,Delfín,0.0,,Estadio Federativo Reina del Cisne,Álex Cajas,,https://fbref.com/en/matches/761e8171/Libertad-FC-Delfin-August-31-2024-Serie-A
Liga Profesional Ecuador,M,ECU,2024,1st,Second stage,5,Sat,2024-08-31,18:00,LDU de Quito,3.0,Barcelona,0.0,,Estadio Rodrigo Paz Delgado,Gabriel González,,https://fbref.com/en/matches/4a6123c5/LDU-de-Quito-Barcelona-August-31-2024-Serie-A
Liga Profesional Ecuador,M,ECU,2024,1st,Second stage,5,Sun,2024-09-01,13:00,Macará,0.0,Técnico Univ.,0.0,,Estadio Bellavista Universidad Indoaméri...,Bryan Loayza,,https://fbref.com/en/matches/96d65794/Macara-Tecnico-Univ-September-1-2024-Serie-A
Liga Profesional Ecuador,M,ECU,2024,1st,Second stage,5,Sun,2024-09-01,15:30,SD Aucas,0.0,Independiente,2.0,,Estadio Gonzalo Pozo Ripalda,Guillermo Guerrero,,https://fbref.com/en/matches/a1924f8f/SD-Aucas-Independiente-del-Valle-September-1-2024-Serie-A
Liga Profesional Ecuador,M,ECU,2024,1st,Second stage,5,Sun,2024-09-01,18:00,CS Emelec,2.0,Orense,1.0,,Estadio George Capwell Banco del Austro,Augusto Aragón,,https://fbref.com/en/matches/27703061/CS-Emelec-Orense-September-1-2024-Serie-A
Liga Profesional Ecuador,M,ECU,2024,1st,Second stage,5,Mon,2024-09-02,19:00,Cumbayá FC,1.0,Imbabura Sporting Club,2.0,,Estadio Olímpico Atahualpa,Anthony Yamil Díaz,,https://fbref.com/en/matches/6d275bbf/Cumbaya-FC-Imbabura-Sporting-Club-September-2-2024-Serie-A
Liga Profesional Ecuador,M,ECU,2024,1st,Second stage,6,Fri,2024-09-13,19:00,Orense,2.0,Univ Católica,2.0,,Estadio 9 de Mayo Banco de Machala,Gabriel González,,https://fbref.com/en/matches/9b37c011/Orense-Universidad-Catolica-September-13-2024-Serie-A
Liga Profesional Ecuador,M,ECU,2024,1st,Second stage,6,Sat,2024-09-14,14:00,Delfín,0.0,Deportivo Cuenca,0.0,,Estadio Jocay,Augusto Aragón,,https://fbref.com/en/matches/8a93625c/Delfin-Deportivo-Cuenca-September-14-2024-Serie-A
Liga Profesional Ecuador,M,ECU,2024,1st,Second stage,6,Sat,2024-09-14,16:30,Imbabura Sporting Club,4.0,LDU de Quito,0.0,,Estadio Olímpico de Ibarra,Guillermo Guerrero,,https://fbref.com/en/matches/b7740a76/Imbabura-Sporting-Club-LDU-de-Quito-September-14-2024-Serie-A
Liga Profesional Ecuador,M,ECU,2024,1st,Second stage,6,Sat,2024-09-14,19:00,Independiente,2.0,CS Emelec,1.0,,Estadio banco Guayaquil,Bryan Loayza,,https://fbref.com/en/matches/eb67c72d/Independiente-del-Valle-CS-Emelec-September-14-2024-Serie-A
Liga Profesional Ecuador,M,ECU,2024,1st,Second stage,6,Sun,2024-09-15,12:30,El Nacional,2.0,Cumbayá FC,1.0,,Estadio Olímpico Atahualpa,Yerson Zambrano,,https://fbref.com/en/matches/99869226/El-Nacional-Cumbaya-FC-September-15-2024-Serie-A
Liga Profesional Ecuador,M,ECU,2024,1st,Second stage,6,Sun,2024-09-15,15:00,SD Aucas,1.0,Mushuc Runa,2.0,,Estadio Gonzalo Pozo Ripalda,Anthony Yamil Díaz,,https://fbref.com/en/matches/96ba8577/SD-Aucas-Mushuc-Runa-September-15-2024-Serie-A
Liga Profesional Ecuador,M,ECU,2024,1st,Second stage,6,Sun,2024-09-15,17:30,Barcelona,2.0,Macará,1.0,,Estadio Monumental Banco Pichincha,Juan Andrade,,https://fbref.com/en/matches/ba55347e/Barcelona-Macara-September-15-2024-Serie-A
Liga Profesional Ecuador,M,ECU,2024,1st,Second stage,6,Mon,2024-09-16,19:00,Técnico Univ.,3.0,Libertad FC,0.0,,Estadio Bellavista Universidad Indoaméri...,Robert Cabrera,,https://fbref.com/en/matches/cd8f3a2f/Tecnico-Univ-Libertad-FC-September-16-2024-Serie-A
Liga Profesional Ecuador,M,ECU,2024,1st,Second stage,7,Fri,2024-09-20,19:00,Libertad FC,1.0,Independiente,1.0,,Estadio Federativo Reina del Cisne,Russell Teran,,https://fbref.com/en/matches/9d65f3ef/Libertad-FC-Independiente-del-Valle-September-20-2024-Serie-A
Liga Profesional Ecuador,M,ECU,2024,1st,Second stage,7,Sat,2024-09-21,14:00,Cumbayá FC,0.0,SD Aucas,3.0,,Estadio Olímpico Atahualpa,Franklin Congo,,https://fbref.com/en/matches/68f911b8/Cumbaya-FC-SD-Aucas-September-21-2024-Serie-A
Liga Profesional Ecuador,M,ECU,2024,1st,Second stage,7,Sat,2024-09-21,16:30,LDU de Quito,1.0,El Nacional,1.0,,Estadio Rodrigo Paz Delgado,Augusto Aragón,,https://fbref.com/en/matches/0dacf650/LDU-de-Quito-El-Nacional-September-21-2024-Serie-A
Liga Profesional Ecuador,M,ECU,2024,1st,Second stage,7,Sat,2024-09-21,19:00,Deportivo Cuenca,1.0,Barcelona,0.0,,Estadio Alejandro Serrano Aguilar Banco ...,Yerson Zambrano,,https://fbref.com/en/matches/fc50fd6e/Deportivo-Cuenca-Barcelona-September-21-2024-Serie-A
Liga Profesional Ecuador,M,ECU,2024,1st,Second stage,7,Sun,2024-09-22,13:00,Macará,2.0,Imbabura Sporting Club,0.0,,Estadio Bellavista Universidad Indoaméri...,Robert Cabrera,,https://fbref.com/en/matches/e65090d2/Macara-Imbabura-Sporting-Club-September-22-2024-Serie-A
Liga Profesional Ecuador,M,ECU,2024,1st,Second stage,7,Sun,2024-09-22,15:30,Mushuc Runa,3.0,Orense,0.0,,Estadio Cooperativa de Ahorro y Crédito ...,Guillermo Guerrero,,https://fbref.com/en/matches/c511504f/Mushuc-Runa-Orense-September-22-2024-Serie-A
Liga Profesional Ecuador,M,ECU,2024,1st,Second stage,7,Sun,2024-09-22,18:00,CS Emelec,3.0,Técnico Univ.,1.0,,Estadio George Capwell Banco del Austro,Gabriel González,,https://fbref.com/en/matches/70a32b51/CS-Emelec-Tecnico-Univ-September-22-2024-Serie-A
Liga Profesional Ecuador,M,ECU,2024,1st,Second stage,7,Mon,2024-09-23,17:00,Univ Católica,2.0,Delfín,1.0,,Estadio Olímpico Atahualpa,Anthony Yamil Díaz,,https://fbref.com/en/matches/1e7bcfbc/Universidad-Catolica-Delfin-September-23-2024-Serie-A
Liga Profesional Ecuador,M,ECU,2024,1st,Second stage,8,Fri,2024-09-27,17:00,Orense,1.0,Macará,0.0,,Estadio 9 de Mayo Banco de Machala,Yerson Zambrano,,https://fbref.com/en/matches/9abc3df6/Orense-Macara-September-27-2024-Serie-A
Liga Profesional Ecuador,M,ECU,2024,1st,Second stage,8,Sat,2024-09-28,11:00,Imbabura Sporting Club,1.0,El Nacional,0.0,,Estadio Olímpico de Ibarra,Anthony Yamil Díaz,,https://fbref.com/en/matches/e31c0141/Imbabura-Sporting-Club-El-Nacional-September-28-2024-Serie-A
Liga Profesional Ecuador,M,ECU,2024,1st,Second stage,8,Sat,2024-09-28,13:30,Independiente,5.0,Univ Católica,2.0,,Estadio banco Guayaquil,Guillermo Guerrero,,https://fbref.com/en/matches/d731059a/Independiente-del-Valle-Universidad-Catolica-September-28-2024-Serie-A
Liga Profesional Ecuador,M,ECU,2024,1st,Second stage,8,Sat,2024-09-28,16:00,Cumbayá FC,1.0,CS Emelec,0.0,,Estadio Olímpico Atahualpa,Álex Cajas,,https://fbref.com/en/matches/7f2372eb/Cumbaya-FC-CS-Emelec-September-28-2024-Serie-A
Liga Profesional Ecuador,M,ECU,2024,1st,Second stage,8,Sun,2024-09-29,12:30,SD Aucas,1.0,Deportivo Cuenca,4.0,,Estadio Gonzalo Pozo Ripalda,Bryan Loayza,,https://fbref.com/en/matches/4d9b6c7d/SD-Aucas-Deportivo-Cuenca-September-29-2024-Serie-A
Liga Profesional Ecuador,M,ECU,2024,1st,Second stage,8,Sun,2024-09-29,15:00,Delfín,3.0,LDU de Quito,2.0,,Estadio Jocay,Franklin Congo,,https://fbref.com/en/matches/a7e90030/Delfin-LDU-de-Quito-September-29-2024-Serie-A
Liga Profesional Ecuador,M,ECU,2024,1st,Second stage,8,Sun,2024-09-29,17:30,Barcelona,0.0,Libertad FC,0.0,,Estadio Monumental Banco Pichincha,Augusto Aragón,,https://fbref.com/en/matches/9d3c2ce2/Barcelona-Libertad-FC-September-29-2024-Serie-A
Liga Profesional Ecuador,M,ECU,2024,1st,Second stage,8,Mon,2024-09-30,15:30,Técnico Univ.,2.0,Mushuc Runa,2.0,,Estadio Bellavista Universidad Indoaméri...,Oswaldo Contreras,,https://fbref.com/en/matches/2d5b8f78/Tecnico-Univ-Mushuc-Runa-September-30-2024-Serie-A
Liga Profesional Ecuador,M,ECU,2024,1st,Second stage,9,Fri,2024-10-04,19:00,Libertad FC,2.0,Cumbayá FC,1.0,,Estadio Federativo Reina del Cisne,Oswaldo Contreras,,https://fbref.com/en/matches/73f6bc32/Libertad-FC-Cumbaya-FC-October-4-2024-Serie-A
Liga Profesional Ecuador,M,ECU,2024,1st,Second stage,9,Sat,2024-10-05,11:00,Mushuc Runa,1.0,Independiente,1.0,,Estadio Cooperativa de Ahorro y Crédito ...,Augusto Aragón,,https://fbref.com/en/matches/fb4ad107/Mushuc-Runa-Independiente-del-Valle-October-5-2024-Serie-A
Liga Profesional Ecuador,M,ECU,2024,1st,Second stage,9,Sat,2024-10-05,13:30,Deportivo Cuenca,1.0,Técnico Univ.,1.0,,Estadio Alejandro Serrano Aguilar Banco ...,Anthony Yamil Díaz,,https://fbref.com/en/matches/c868803c/Deportivo-Cuenca-Tecnico-Univ-October-5-2024-Serie-A
Liga Profesional Ecuador,M,ECU,2024,1st,Second stage,9,Sat,2024-10-05,16:00,El Nacional,3.0,Barcelona,0.0,,Estadio Olímpico Atahualpa,Álex Cajas,,https://fbref.com/en/matches/5270dd8e/El-Nacional-Barcelona-October-5-2024-Serie-A
Liga Profesional Ecuador,M,ECU,2024,1st,Second stage,9,Sun,2024-10-06,12:00,Univ Católica,2.0,Imbabura Sporting Club,1.0,,Estadio Olímpico Atahualpa,Russell Teran,,https://fbref.com/en/matches/be142fd5/Universidad-Catolica-Imbabura-Sporting-Club-October-6-2024-Serie-A
Liga Profesional Ecuador,M,ECU,2024,1st,Second stage,9,Sun,2024-10-06,14:30,LDU de Quito,2.0,Orense,0.0,,Estadio Rodrigo Paz Delgado,Bryan Loayza,,https://fbref.com/en/matches/6c0744a5/LDU-de-Quito-Orense-October-6-2024-Serie-A
Liga Profesional Ecuador,M,ECU,2024,1st,Second stage,9,Sun,2024-10-06,17:00,CS Emelec,0.0,SD Aucas,0.0,,Estadio George Capwell Banco del Austro,Juan Andrade,,https://fbref.com/en/matches/c4a84f3c/CS-Emelec-SD-Aucas-October-6-2024-Serie-A
Liga Profesional Ecuador,M,ECU,2024,1st,Second stage,9,Mon,2024-10-07,15:30,Macará,0.0,Delfín,2.0,,Estadio Bellavista Universidad Indoaméri...,Guillermo Guerrero,,https://fbref.com/en/matches/e767ce1f/Macara-Delfin-October-7-2024-Serie-A
Liga Profesional Ecuador,M,ECU,2024,1st,Second stage,10,Fri,2024-10-18,14:30,Cumbayá FC,1.0,Univ Católica,1.0,,Estadio Olímpico Atahualpa,Anthony Yamil Díaz,,https://fbref.com/en/matches/78b00228/Cumbaya-FC-Universidad-Catolica-October-18-2024-Serie-A
Liga Profesional Ecuador,M,ECU,2024,1st,Second stage,10,Fri,2024-10-18,18:00,Orense,1.0,Libertad FC,0.0,,Estadio 9 de Mayo Banco de Machala,Robert Cabrera,,https://fbref.com/en/matches/328d8ba0/Orense-Libertad-FC-October-18-2024-Serie-A
Liga Profesional Ecuador,M,ECU,2024,1st,Second stage,10,Sat,2024-10-19,13:00,Mushuc Runa,1.0,Deportivo Cuenca,1.0,,Estadio Cooperativa de Ahorro y Crédito ...,Juan Andrade,,https://fbref.com/en/matches/eecb042d/Mushuc-Runa-Deportivo-Cuenca-October-19-2024-Serie-A
Liga Profesional Ecuador,M,ECU,2024,1st,Second stage,10,Sat,2024-10-19,15:30,Técnico Univ.,1.0,LDU de Quito,2.0,,Estadio Bellavista Universidad Indoaméri...,Guillermo Guerrero,,https://fbref.com/en/matches/6f9597e3/Tecnico-Univ-LDU-de-Quito-October-19-2024-Serie-A
Liga Profesional Ecuador,M,ECU,2024,1st,Second stage,10,Sat,2024-10-19,18:00,Independiente,3.0,Imbabura Sporting Club,1.0,,Estadio banco Guayaquil,Álex Cajas,,https://fbref.com/en/matches/2373a963/Independiente-del-Valle-Imbabura-Sporting-Club-October-19-2024-Serie-A
Liga Profesional Ecuador,M,ECU,2024,1st,Second stage,10,Sun,2024-10-20,11:00,SD Aucas,3.0,Macará,1.0,,Estadio Gonzalo Pozo Ripalda,Augusto Aragón,,https://fbref.com/en/matches/ad522ed9/SD-Aucas-Macara-October-20-2024-Serie-A
Liga Profesional Ecuador,M,ECU,2024,1st,Second stage,10,Sun,2024-10-20,13:30,Delfín,1.0,El Nacional,1.0,,Estadio Jocay,Bryan Loayza,,https://fbref.com/en/matches/9a72ae16/Delfin-El-Nacional-October-20-2024-Serie-A
Liga Profesional Ecuador,M,ECU,2024,1st,Second stage,10,Sun,2024-10-20,17:00,Barcelona,2.0,CS Emelec,1.0,,Estadio Monumental Banco Pichincha,Yerson Zambrano,,https://fbref.com/en/matches/7c1d1d90/Barcelona-CS-Emelec-October-20-2024-Serie-A
Liga Profesional Ecuador,M,ECU,2024,1st,Second stage,11,Fri,2024-10-25,15:00,Deportivo Cuenca,0.0,Independiente,2.0,,Estadio Alejandro Serrano Aguilar Banco ...,Yerson Zambrano,,https://fbref.com/en/matches/7a74f8ad/Deportivo-Cuenca-Independiente-del-Valle-October-25-2024-Serie-A
Liga Profesional Ecuador,M,ECU,2024,1st,Second stage,11,Sat,2024-10-26,10:30,Libertad FC,1.0,SD Aucas,1.0,,Estadio Federativo Reina del Cisne,Anthony Yamil Díaz,,https://fbref.com/en/matches/08632d96/Libertad-FC-SD-Aucas-October-26-2024-Serie-A
Liga Profesional Ecuador,M,ECU,2024,1st,Second stage,11,Sat,2024-10-26,13:00,Univ Católica,2.0,CS Emelec,0.0,,Estadio Olímpico Atahualpa,Bryan Loayza,,https://fbref.com/en/matches/54eddb8f/Universidad-Catolica-CS-Emelec-October-26-2024-Serie-A
Liga Profesional Ecuador,M,ECU,2024,1st,Second stage,11,Sat,2024-10-26,15:30,LDU de Quito,1.0,Mushuc Runa,1.0,,Estadio Rodrigo Paz Delgado,Robert Cabrera,,https://fbref.com/en/matches/0b627bd1/LDU-de-Quito-Mushuc-Runa-October-26-2024-Serie-A
Liga Profesional Ecuador,M,ECU,2024,1st,Second stage,11,Sun,2024-10-27,10:30,Macará,1.0,Cumbayá FC,1.0,,Estadio Bellavista Universidad Indoaméri...,Álex Cajas,,https://fbref.com/en/matches/a51cc65a/Macara-Cumbaya-FC-October-27-2024-Serie-A
Liga Profesional Ecuador,M,ECU,2024,1st,Second stage,11,Sun,2024-10-27,13:00,El Nacional,0.0,Orense,1.0,,Estadio Olímpico Atahualpa,Guillermo Guerrero,,https://fbref.com/en/matches/6f8b5a8c/El-Nacional-Orense-October-27-2024-Serie-A
Liga Profesional Ecuador,M,ECU,2024,1st,Second stage,11,Sun,2024-10-27,15:30,Barcelona,4.0,Delfín,0.0,,Estadio Monumental Banco Pichincha,Juan Andrade,,https://fbref.com/en/matches/6e6620dd/Barcelona-Delfin-October-27-2024-Serie-A
Liga Profesional Ecuador,M,ECU,2024,1st,Second stage,11,Mon,2024-10-28,15:00,Imbabura Sporting Club,0.0,Técnico Univ.,6.0,,Estadio Olímpico de Ibarra,Augusto Aragón,,https://fbref.com/en/matches/30f9c5ce/Imbabura-Sporting-Club-Tecnico-Univ-October-28-2024-Serie-A
Liga Profesional Ecuador,M,ECU,2024,1st,Second stage,12,Fri,2024-11-01,15:30,Orense,0.0,Delfín,0.0,,Estadio 9 de Mayo Banco de Machala,Augusto Aragón,,https://fbref.com/en/matches/93eb2077/Orense-Delfin-November-1-2024-Serie-A
Liga Profesional Ecuador,M,ECU,2024,1st,Second stage,12,Sat,2024-11-02,10:30,Cumbayá FC,1.0,Deportivo Cuenca,0.0,,Estadio Olímpico Atahualpa,Bryan Loayza,,https://fbref.com/en/matches/99fdde3a/Cumbaya-FC-Deportivo-Cuenca-November-2-2024-Serie-A
Liga Profesional Ecuador,M,ECU,2024,1st,Second stage,12,Sat,2024-11-02,13:00,Libertad FC,3.0,Imbabura Sporting Club,1.0,,Estadio Federativo Reina del Cisne,Yerson Zambrano,,https://fbref.com/en/matches/1f3cc549/Libertad-FC-Imbabura-Sporting-Club-November-2-2024-Serie-A
Liga Profesional Ecuador,M,ECU,2024,1st,Second stage,12,Sat,2024-11-02,15:30,SD Aucas,1.0,Barcelona,1.0,,Estadio Gonzalo Pozo Ripalda,Álex Cajas,,https://fbref.com/en/matches/30b3e2d1/SD-Aucas-Barcelona-November-2-2024-Serie-A
Liga Profesional Ecuador,M,ECU,2024,1st,Second stage,12,Sun,2024-11-03,10:30,Mushuc Runa,2.0,Macará,1.0,,Estadio Cooperativa de Ahorro y Crédito ...,Guillermo Guerrero,,https://fbref.com/en/matches/de8b633b/Mushuc-Runa-Macara-November-3-2024-Serie-A
Liga Profesional Ecuador,M,ECU,2024,1st,Second stage,12,Sun,2024-11-03,13:00,Independiente,2.0,El Nacional,0.0,,Estadio banco Guayaquil,Oswaldo Contreras,,https://fbref.com/en/matches/8c64e00f/Independiente-del-Valle-El-Nacional-November-3-2024-Serie-A
Liga Profesional Ecuador,M,ECU,2024,1st,Second stage,12,Sun,2024-11-03,15:30,CS Emelec,0.0,LDU de Quito,1.0,,Estadio George Capwell Banco del Austro,Juan Andrade,,https://fbref.com/en/matches/894ee540/CS-Emelec-LDU-de-Quito-November-3-2024-Serie-A
Liga Profesional Ecuador,M,ECU,2024,1st,Second stage,12,Mon,2024-11-04,15:00,Técnico Univ.,2.0,Univ Católica,0.0,,Estadio Bellavista Universidad Indoaméri...,Gabriel González,,https://fbref.com/en/matches/57d47eca/Tecnico-Univ-Universidad-Catolica-November-4-2024-Serie-A
Liga Profesional Ecuador,M,ECU,2024,1st,Second stage,13,Fri,2024-11-08,15:00,Delfín,4.0,Mushuc Runa,2.0,,Estadio Jocay,Álex Cajas,,https://fbref.com/en/matches/ec2522cd/Delfin-Mushuc-Runa-November-8-2024-Serie-A
Liga Profesional Ecuador,M,ECU,2024,1st,Second stage,13,Sat,2024-11-09,10:00,Univ Católica,3.0,SD Aucas,2.0,,Estadio Olímpico Atahualpa,Yerson Zambrano,,https://fbref.com/en/matches/00554599/Universidad-Catolica-SD-Aucas-November-9-2024-Serie-A
Liga Profesional Ecuador,M,ECU,2024,1st,Second stage,13,Sat,2024-11-09,12:30,Macará,1.0,CS Emelec,1.0,,Estadio Bellavista Universidad Indoaméri...,Oswaldo Contreras,,https://fbref.com/en/matches/b2906923/Macara-CS-Emelec-November-9-2024-Serie-A
Liga Profesional Ecuador,M,ECU,2024,1st,Second stage,13,Sat,2024-11-09,15:30,LDU de Quito,2.0,Independiente,1.0,,Estadio Rodrigo Paz Delgado,Guillermo Guerrero,,https://fbref.com/en/matches/4f976673/LDU-de-Quito-Independiente-del-Valle-November-9-2024-Serie-A
Liga Profesional Ecuador,M,ECU,2024,1st,Second stage,13,Sun,2024-11-10,10:30,El Nacional,1.0,Libertad FC,4.0,,Estadio Olímpico Atahualpa,Augusto Aragón,,https://fbref.com/en/matches/79dd453d/El-Nacional-Libertad-FC-November-10-2024-Serie-A
Liga Profesional Ecuador,M,ECU,2024,1st,Second stage,13,Sun,2024-11-10,13:00,Orense,0.0,Técnico Univ.,2.0,,Estadio 9 de Mayo Banco de Machala,Bryan Loayza,,https://fbref.com/en/matches/f9988442/Orense-Tecnico-Univ-November-10-2024-Serie-A
Liga Profesional Ecuador,M,ECU,2024,1st,Second stage,13,Sun,2024-11-10,15:30,Barcelona,8.0,Cumbayá FC,1.0,,Estadio Monumental Banco Pichincha,Gabriel González,,https://fbref.com/en/matches/2520118f/Barcelona-Cumbaya-FC-November-10-2024-Serie-A
Liga Profesional Ecuador,M,ECU,2024,1st,Second stage,13,Mon,2024-11-11,15:00,Imbabura Sporting Club,0.0,Deportivo Cuenca,2.0,,Estadio Olímpico de Ibarra,Juan Andrade,,https://fbref.com/en/matches/98a0d451/Imbabura-Sporting-Club-Deportivo-Cuenca-November-11-2024-Serie-A
Liga Profesional Ecuador,M,ECU,2024,1st,Second stage,14,Sat,2024-11-23,15:30,Técnico Univ.,2.0,Barcelona,2.0,,Estadio Bellavista Universidad Indoaméri...,Yerson Zambrano,,https://fbref.com/en/matches/3d0dd8fd/Tecnico-Univ-Barcelona-November-23-2024-Serie-A
Liga Profesional Ecuador,M,ECU,2024,1st,Second stage,14,Sat,2024-11-23,15:30,Deportivo Cuenca,1.0,Libertad FC,1.0,,Estadio Alejandro Serrano Aguilar Banco ...,Álex Cajas,,https://fbref.com/en/matches/5441eba5/Deportivo-Cuenca-Libertad-FC-November-23-2024-Serie-A
Liga Profesional Ecuador,M,ECU,2024,1st,Second stage,14,Sat,2024-11-23,15:30,CS Emelec,2.0,Imbabura Sporting Club,2.0,,Estadio George Capwell Banco del Austro,Gabriel González,,https://fbref.com/en/matches/89f752a4/CS-Emelec-Imbabura-Sporting-Club-November-23-2024-Serie-A
Liga Profesional Ecuador,M,ECU,2024,1st,Second stage,14,Sat,2024-11-23,15:30,Cumbayá FC,2.0,Orense,2.0,,Estadio Olímpico Atahualpa,Guillermo Guerrero,,https://fbref.com/en/matches/f6aed161/Cumbaya-FC-Orense-November-23-2024-Serie-A
Liga Profesional Ecuador,M,ECU,2024,1st,Second stage,14,Sun,2024-11-24,10:30,Mushuc Runa,2.0,El Nacional,2.0,,Estadio Cooperativa de Ahorro y Crédito ...,Russell Teran,,https://fbref.com/en/matches/74f9fb13/Mushuc-Runa-El-Nacional-November-24-2024-Serie-A
Liga Profesional Ecuador,M,ECU,2024,1st,Second stage,14,Sun,2024-11-24,13:00,SD Aucas,2.0,Delfín,0.0,,Estadio Gonzalo Pozo Ripalda,Robert Cabrera,,https://fbref.com/en/matches/759bc456/SD-Aucas-Delfin-November-24-2024-Serie-A
Liga Profesional Ecuador,M,ECU,2024,1st,Second stage,14,Sun,2024-11-24,15:30,Univ Católica,2.0,LDU de Quito,4.0,,Estadio Olímpico Atahualpa,Bryan Loayza,,https://fbref.com/en/matches/89c0dc05/Universidad-Catolica-LDU-de-Quito-November-24-2024-Serie-A
Liga Profesional Ecuador,M,ECU,2024,1st,Second stage,14,Sun,2024-11-24,15:30,Independiente,7.0,Macará,0.0,,Estadio banco Guayaquil,Juan Andrade,,https://fbref.com/en/matches/d587262f/Independiente-del-Valle-Macara-November-24-2024-Serie-A
Liga Profesional Ecuador,M,ECU,2024,1st,Second stage,15,Sat,2024-11-30,13:00,Macará,1.0,Univ Católica,2.0,,Estadio Bellavista Universidad Indoaméri...,Henri Arizaga,,https://fbref.com/en/matches/9e2d7da7/Macara-Universidad-Catolica-November-30-2024-Serie-A
Liga Profesional Ecuador,M,ECU,2024,1st,Second stage,15,Sat,2024-11-30,15:30,Imbabura Sporting Club,1.0,SD Aucas,2.0,,Estadio Olímpico de Ibarra,Guillermo Guerrero,,https://fbref.com/en/matches/82d593c0/Imbabura-Sporting-Club-SD-Aucas-November-30-2024-Serie-A
Liga Profesional Ecuador,M,ECU,2024,1st,Second stage,15,Sat,2024-11-30,15:30,Delfín,6.0,Cumbayá FC,4.0,,Estadio Jocay,Anthony Yamil Díaz,,https://fbref.com/en/matches/8e62d386/Delfin-Cumbaya-FC-November-30-2024-Serie-A
Liga Profesional Ecuador,M,ECU,2024,1st,Second stage,15,Sat,2024-11-30,15:30,Libertad FC,2.0,CS Emelec,1.0,,Estadio Federativo Reina del Cisne,Juan Andrade,,https://fbref.com/en/matches/92aa7d4a/Libertad-FC-CS-Emelec-November-30-2024-Serie-A
Liga Profesional Ecuador,M,ECU,2024,1st,Second stage,15,Sun,2024-12-01,15:30,Orense,0.0,Independiente,0.0,,Estadio 9 de Mayo Banco de Machala,Álex Cajas,,https://fbref.com/en/matches/603017c6/Orense-Independiente-del-Valle-December-1-2024-Serie-A
Liga Profesional Ecuador,M,ECU,2024,1st,Second stage,15,Sun,2024-12-01,15:30,LDU de Quito,5.0,Deportivo Cuenca,0.0,,Estadio Rodrigo Paz Delgado,Augusto Aragón,,https://fbref.com/en/matches/72dcf8ae/LDU-de-Quito-Deportivo-Cuenca-December-1-2024-Serie-A
Liga Profesional Ecuador,M,ECU,2024,1st,Second stage,15,Sun,2024-12-01,15:30,Barcelona,2.0,Mushuc Runa,2.0,,Estadio Monumental Banco Pichincha,Robert Cabrera,,https://fbref.com/en/matches/85cef834/Barcelona-Mushuc-Runa-December-1-2024-Serie-A
Liga Profesional Ecuador,M,ECU,2024,1st,Second stage,15,Sun,2024-12-01,15:30,El Nacional,2.0,Técnico Univ.,1.0,,Estadio Olímpico Atahualpa,Oswaldo Contreras,,https://fbref.com/en/matches/a161b12e/El-Nacional-Tecnico-Univ-December-1-2024-Serie-A
Liga Profesional Ecuador,M,ECU,2024,1st,Final,,Sat,2024-12-07,15:30,LDU de Quito,3.0,Independiente,0.0,,Estadio Rodrigo Paz Delgado,Bryan Loayza,Leg 1 of 2,https://fbref.com/en/matches/34b46d41/LDU-de-Quito-Independiente-del-Valle-December-7-2024-Serie-A
Liga Profesional Ecuador,M,ECU,2024,1st,Final,,Sat,2024-12-14,15:30,Independiente,1.0,LDU de Quito,0.0,,Estadio banco Guayaquil,Guillermo Guerrero,Leg 2 of 2; LDU de Quito won,https://fbref.com/en/matches/632b2c1d/Independiente-del-Valle-LDU-de-Quito-December-14-2024-Serie-A
Liga Profesional Ecuador,M,ECU,2025,1st,,1,Fri,2025-02-14,19:00,Manta Fútbol Club,2.0,Barcelona,3.0,,Estadio Jocay,Bryan Loayza,,https://fbref.com/en/matches/141ec504/Manta-Futbol-Club-Barcelona-February-14-2025-Serie-A
Liga Profesional Ecuador,M,ECU,2025,1st,,1,Sat,2025-02-15,14:00,SD Aucas,4.0,Técnico Univ.,1.0,,Estadio Gonzalo Pozo Ripalda,Oswaldo Contreras,,https://fbref.com/en/matches/a463baa8/SD-Aucas-Tecnico-Univ-February-15-2025-Serie-A
Liga Profesional Ecuador,M,ECU,2025,1st,,1,Sat,2025-02-15,16:30,Libertad,2.0,Independiente,0.0,,Estadio Federativo Reina del Cisne,Robert Cabrera,,https://fbref.com/en/matches/9570724a/Libertad-Independiente-del-Valle-February-15-2025-Serie-A
Liga Profesional Ecuador,M,ECU,2025,1st,,1,Sat,2025-02-15,19:00,Macará,1.0,Orense,0.0,,Estadio Bellavista Universidad Indoaméri...,Guillermo Guerrero,,https://fbref.com/en/matches/ca805e26/Macara-Orense-February-15-2025-Serie-A
Liga Profesional Ecuador,M,ECU,2025,1st,,1,Sun,2025-02-16,12:45,LDU de Quito,0.0,Vinotinto,0.0,,Estadio Rodrigo Paz Delgado,Juan Andrade,,https://fbref.com/en/matches/8fecc1b0/LDU-de-Quito-Vinotinto-Ecuador-February-16-2025-Serie-A
Liga Profesional Ecuador,M,ECU,2025,1st,,1,Sun,2025-02-16,15:15,El Nacional,0.0,Deportivo Cuenca,1.0,,Estadio Olímpico Atahualpa,Augusto Aragón,,https://fbref.com/en/matches/fae0b092/El-Nacional-Deportivo-Cuenca-February-16-2025-Serie-A
Liga Profesional Ecuador,M,ECU,2025,1st,,1,Sun,2025-02-16,18:00,CS Emelec,0.0,Univ Católica,4.0,,Estadio George Capwell Banco del Austro,Yerson Zambrano,,https://fbref.com/en/matches/fa22653d/CS-Emelec-Universidad-Catolica-February-16-2025-Serie-A
Liga Profesional Ecuador,M,ECU,2025,1st,,1,Mon,2025-02-17,19:00,Mushuc Runa,2.0,Delfín,0.0,,Estadio Olímpico de Riobamba,Russell Teran,,https://fbref.com/en/matches/f698140e/Mushuc-Runa-Delfin-February-17-2025-Serie-A
Liga Profesional Ecuador,M,ECU,2025,1st,,2,Fri,2025-02-21,19:00,Deportivo Cuenca,2.0,SD Aucas,0.0,,Estadio Alejandro Serrano Aguilar Banco ...,Gorky Araujo,,https://fbref.com/en/matches/cc82a223/Deportivo-Cuenca-SD-Aucas-February-21-2025-Serie-A
Liga Profesional Ecuador,M,ECU,2025,1st,,2,Sat,2025-02-22,14:00,Vinotinto,1.0,Macará,2.0,,Estadio Olímpico Atahualpa,Robert Cabrera,,https://fbref.com/en/matches/fd620747/Vinotinto-Ecuador-Macara-February-22-2025-Serie-A
Liga Profesional Ecuador,M,ECU,2025,1st,,2,Sat,2025-02-22,16:30,Delfín,2.0,CS Emelec,0.0,,Estadio Jocay,Guillermo Guerrero,,https://fbref.com/en/matches/a9770699/Delfin-CS-Emelec-February-22-2025-Serie-A
Liga Profesional Ecuador,M,ECU,2025,1st,,2,Sat,2025-02-22,19:00,Independiente,1.0,LDU de Quito,1.0,,Estadio banco Guayaquil,Álex Cajas,,https://fbref.com/en/matches/8367cf5c/Independiente-del-Valle-LDU-de-Quito-February-22-2025-Serie-A
Liga Profesional Ecuador,M,ECU,2025,1st,,2,Sun,2025-02-23,12:45,Univ Católica,1.0,El Nacional,1.0,,Estadio Olímpico Atahualpa,Oswaldo Contreras,,https://fbref.com/en/matches/5f795076/Universidad-Catolica-El-Nacional-February-23-2025-Serie-A
Liga Profesional Ecuador,M,ECU,2025,1st,,2,Sun,2025-02-23,15:15,Orense,2.0,Manta Fútbol Club,1.0,,Estadio 9 de Mayo Banco de Machala,Gabriel González,,https://fbref.com/en/matches/0e8d8255/Orense-Manta-Futbol-Club-February-23-2025-Serie-A
Liga Profesional Ecuador,M,ECU,2025,1st,,2,Sun,2025-02-23,18:00,Barcelona,1.0,Mushuc Runa,0.0,,Estadio Monumental Banco Pichincha,Yerson Zambrano,,https://fbref.com/en/matches/28a905d9/Barcelona-Mushuc-Runa-February-23-2025-Serie-A
Liga Profesional Ecuador,M,ECU,2025,1st,,2,Mon,2025-02-24,19:00,Técnico Univ.,2.0,Libertad,2.0,,Estadio Bellavista Universidad Indoaméri...,Bryan Loayza,,https://fbref.com/en/matches/5cea14c5/Tecnico-Univ-Libertad-February-24-2025-Serie-A
Liga Profesional Ecuador,M,ECU,2025,1st,,3,Fri,2025-02-28,19:00,CS Emelec,0.0,Macará,0.0,,Estadio George Capwell Banco del Austro,Bryan Loayza,,https://fbref.com/en/matches/ed4c0e9e/CS-Emelec-Macara-February-28-2025-Serie-A
Liga Profesional Ecuador,M,ECU,2025,1st,,3,Sat,2025-03-01,14:00,Mushuc Runa,3.0,Deportivo Cuenca,1.0,,Estadio Cooperativa de Ahorro y Crédito ...,Jaime Sánchez,,https://fbref.com/en/matches/82535183/Mushuc-Runa-Deportivo-Cuenca-March-1-2025-Serie-A
Liga Profesional Ecuador,M,ECU,2025,1st,,3,Sat,2025-03-01,16:30,LDU de Quito,4.0,Orense,0.0,,Estadio Rodrigo Paz Delgado,Yerson Zambrano,,https://fbref.com/en/matches/e6f5ace8/LDU-de-Quito-Orense-March-1-2025-Serie-A
Liga Profesional Ecuador,M,ECU,2025,1st,,3,Sat,2025-03-01,19:00,Libertad,1.0,Barcelona,4.0,,Estadio Federativo Reina del Cisne,Oswaldo Contreras,,https://fbref.com/en/matches/e812222e/Libertad-Barcelona-March-1-2025-Serie-A
Liga Profesional Ecuador,M,ECU,2025,1st,,3,Sun,2025-03-02,13:00,Independiente,1.0,Univ Católica,1.0,,Estadio banco Guayaquil,Augusto Aragón,,https://fbref.com/en/matches/096f4c2e/Independiente-del-Valle-Universidad-Catolica-March-2-2025-Serie-A
Liga Profesional Ecuador,M,ECU,2025,1st,,3,Sun,2025-03-02,15:30,SD Aucas,2.0,Vinotinto,2.0,,Estadio Gonzalo Pozo Ripalda,René Marín,,https://fbref.com/en/matches/331df97f/SD-Aucas-Vinotinto-Ecuador-March-2-2025-Serie-A
Liga Profesional Ecuador,M,ECU,2025,1st,,3,Sun,2025-03-02,18:00,El Nacional,0.0,Técnico Univ.,0.0,,Estadio Olímpico Atahualpa,Álex Cajas,,https://fbref.com/en/matches/8df432ba/El-Nacional-Tecnico-Univ-March-2-2025-Serie-A
Liga Profesional Ecuador,M,ECU,2025,1st,,3,Mon,2025-03-03,19:00,Manta Fútbol Club,2.0,Delfín,2.0,,Estadio Jocay,Robert Cabrera,,https://fbref.com/en/matches/ab3c6df9/Manta-Futbol-Club-Delfin-March-3-2025-Serie-A
Liga Profesional Ecuador,M,ECU,2025,1st,,4,Fri,2025-03-07,19:00,Deportivo Cuenca,0.0,Libertad,1.0,,Estadio Alejandro Serrano Aguilar Banco ...,Russell Teran,,https://fbref.com/en/matches/f3b2cabc/Deportivo-Cuenca-Libertad-March-7-2025-Serie-A
Liga Profesional Ecuador,M,ECU,2025,1st,,4,Sat,2025-03-08,14:00,LDU de Quito,3.0,Delfín,0.0,,Estadio Rodrigo Paz Delgado,Augusto Aragón,,https://fbref.com/en/matches/c0be35d0/LDU-de-Quito-Delfin-March-8-2025-Serie-A
Liga Profesional Ecuador,M,ECU,2025,1st,,4,Sat,2025-03-08,16:30,Manta Fútbol Club,4.0,El Nacional,3.0,,Estadio Jocay,Álex Cajas,,https://fbref.com/en/matches/9466fa80/Manta-Futbol-Club-El-Nacional-March-8-2025-Serie-A
Liga Profesional Ecuador,M,ECU,2025,1st,,4,Sat,2025-03-08,19:00,Barcelona,0.0,Independiente,4.0,,Estadio Monumental Banco Pichincha,Bryan Loayza,,https://fbref.com/en/matches/06dee502/Barcelona-Independiente-del-Valle-March-8-2025-Serie-A
Liga Profesional Ecuador,M,ECU,2025,1st,,4,Sun,2025-03-09,13:00,Univ Católica,1.0,Mushuc Runa,1.0,,Estadio Olímpico Atahualpa,Gabriel González,,https://fbref.com/en/matches/ad53c36a/Universidad-Catolica-Mushuc-Runa-March-9-2025-Serie-A
Liga Profesional Ecuador,M,ECU,2025,1st,,4,Sun,2025-03-09,15:30,Macará,1.0,SD Aucas,1.0,,Estadio Bellavista Universidad Indoaméri...,Guillermo Guerrero,,https://fbref.com/en/matches/cc466619/Macara-SD-Aucas-March-9-2025-Serie-A
Liga Profesional Ecuador,M,ECU,2025,1st,,4,Sun,2025-03-09,18:00,Vinotinto,2.0,CS Emelec,1.0,,Estadio Olímpico Atahualpa,Oswaldo Contreras,,https://fbref.com/en/matches/df7f42e5/Vinotinto-Ecuador-CS-Emelec-March-9-2025-Serie-A
Liga Profesional Ecuador,M,ECU,2025,1st,,4,Mon,2025-03-10,19:00,Orense,2.0,Técnico Univ.,1.0,,Estadio 9 de Mayo Banco de Machala,Robert Cabrera,,https://fbref.com/en/matches/2b43482d/Orense-Tecnico-Univ-March-10-2025-Serie-A
Liga Profesional Ecuador,M,ECU,2025,1st,,5,Fri,2025-03-14,19:00,Mushuc Runa,1.0,Vinotinto,2.0,,Estadio Cooperativa de Ahorro y Crédito ...,Yerson Zambrano,,https://fbref.com/en/matches/248e7c84/Mushuc-Runa-Vinotinto-Ecuador-March-14-2025-Serie-A
Liga Profesional Ecuador,M,ECU,2025,1st,,5,Sat,2025-03-15,14:00,Libertad,4.0,Orense,1.0,,Estadio Federativo Reina del Cisne,Augusto Aragón,,https://fbref.com/en/matches/2fe142f9/Libertad-Orense-March-15-2025-Serie-A
Liga Profesional Ecuador,M,ECU,2025,1st,,5,Sat,2025-03-15,16:30,Univ Católica,3.0,Manta Fútbol Club,0.0,,Estadio Olímpico Atahualpa,Kleber Aroca,,https://fbref.com/en/matches/a9552a20/Universidad-Catolica-Manta-Futbol-Club-March-15-2025-Serie-A
Liga Profesional Ecuador,M,ECU,2025,1st,,5,Sat,2025-03-15,19:00,Delfín,0.0,Deportivo Cuenca,0.0,,Estadio Jocay,Anthony Yamil Díaz,,https://fbref.com/en/matches/53373cf9/Delfin-Deportivo-Cuenca-March-15-2025-Serie-A
Liga Profesional Ecuador,M,ECU,2025,1st,,5,Sun,2025-03-16,13:00,Independiente,1.0,Macará,1.0,,Estadio banco Guayaquil,Oswaldo Contreras,,https://fbref.com/en/matches/8b4dad06/Independiente-del-Valle-Macara-March-16-2025-Serie-A
Liga Profesional Ecuador,M,ECU,2025,1st,,5,Sun,2025-03-16,15:30,El Nacional,0.0,SD Aucas,1.0,,Estadio Olímpico Atahualpa,Robert Cabrera,,https://fbref.com/en/matches/382065d1/El-Nacional-SD-Aucas-March-16-2025-Serie-A
Liga Profesional Ecuador,M,ECU,2025,1st,,5,Sun,2025-03-16,18:00,CS Emelec,1.0,LDU de Quito,0.0,,Estadio George Capwell Banco del Austro,Guillermo Guerrero,,https://fbref.com/en/matches/84e92ee8/CS-Emelec-LDU-de-Quito-March-16-2025-Serie-A
Liga Profesional Ecuador,M,ECU,2025,1st,,5,Mon,2025-03-17,19:00,Técnico Univ.,0.0,Barcelona,1.0,,Estadio Bellavista Universidad Indoaméri...,Gabriel González,,https://fbref.com/en/matches/aba40e87/Tecnico-Univ-Barcelona-March-17-2025-Serie-A
Liga Profesional Ecuador,M,ECU,2025,1st,,6,Fri,2025-03-28,16:30,SD Aucas,1.0,Independiente,2.0,,Estadio Gonzalo Pozo Ripalda,Yerson Zambrano,,https://fbref.com/en/matches/d92e6ec8/SD-Aucas-Independiente-del-Valle-March-28-2025-Serie-A
Liga Profesional Ecuador,M,ECU,2025,1st,,6,Fri,2025-03-28,19:00,Barcelona,2.0,Delfín,0.0,,Estadio Monumental Banco Pichincha,Álex Cajas,,https://fbref.com/en/matches/7a7851ab/Barcelona-Delfin-March-28-2025-Serie-A
Liga Profesional Ecuador,M,ECU,2025,1st,,6,Sat,2025-03-29,14:00,Vinotinto,3.0,Univ Católica,2.0,,Estadio Olímpico Atahualpa,Robert Cabrera,,https://fbref.com/en/matches/0d649e4f/Vinotinto-Ecuador-Universidad-Catolica-March-29-2025-Serie-A
Liga Profesional Ecuador,M,ECU,2025,1st,,6,Sat,2025-03-29,16:30,Deportivo Cuenca,1.0,LDU de Quito,2.0,,Estadio Alejandro Serrano Aguilar Banco ...,Oswaldo Contreras,,https://fbref.com/en/matches/2c4adc96/Deportivo-Cuenca-LDU-de-Quito-March-29-2025-Serie-A
Liga Profesional Ecuador,M,ECU,2025,1st,,6,Sat,2025-03-29,19:00,Mushuc Runa,1.0,CS Emelec,1.0,,Estadio Olímpico de Riobamba,Juan Andrade,,https://fbref.com/en/matches/85a11781/Mushuc-Runa-CS-Emelec-March-29-2025-Serie-A
Liga Profesional Ecuador,M,ECU,2025,1st,,6,Sun,2025-03-30,13:00,Macará,0.0,Técnico Univ.,1.0,,Estadio Bellavista Universidad Indoaméri...,Augusto Aragón,,https://fbref.com/en/matches/93208fd9/Macara-Tecnico-Univ-March-30-2025-Serie-A
Liga Profesional Ecuador,M,ECU,2025,1st,,6,Sun,2025-03-30,15:30,Manta Fútbol Club,1.0,Libertad,1.0,,Estadio Jocay,Guillermo Guerrero,,https://fbref.com/en/matches/f065d608/Manta-Futbol-Club-Libertad-March-30-2025-Serie-A
Liga Profesional Ecuador,M,ECU,2025,1st,,6,Sun,2025-03-30,18:00,El Nacional,0.0,Orense,1.0,,Estadio Olímpico Atahualpa,Gabriel González,,https://fbref.com/en/matches/198b9b8c/El-Nacional-Orense-March-30-2025-Serie-A
Liga Profesional Ecuador,M,ECU,2025,1st,,7,Fri,2025-04-04,19:00,Libertad,1.0,El Nacional,3.0,,Estadio Federativo Reina del Cisne,Gorky Araujo,,https://fbref.com/en/matches/c49364b2/Libertad-El-Nacional-April-4-2025-Serie-A
Liga Profesional Ecuador,M,ECU,2025,1st,,7,Sat,2025-04-05,14:00,Delfín,1.0,SD Aucas,1.0,,Estadio Jocay,Guillermo Guerrero,,https://fbref.com/en/matches/36902bb6/Delfin-SD-Aucas-April-5-2025-Serie-A
Liga Profesional Ecuador,M,ECU,2025,1st,,7,Sat,2025-04-05,16:30,Orense,0.0,Vinotinto,0.0,,Estadio 9 de Mayo Banco de Machala,Juan Andrade,,https://fbref.com/en/matches/d595b320/Orense-Vinotinto-Ecuador-April-5-2025-Serie-A
Liga Profesional Ecuador,M,ECU,2025,1st,,7,Sat,2025-04-05,19:00,Independiente,4.0,Deportivo Cuenca,0.0,,Estadio banco Guayaquil,Augusto Aragón,,https://fbref.com/en/matches/dbd89d92/Independiente-del-Valle-Deportivo-Cuenca-April-5-2025-Serie-A
Liga Profesional Ecuador,M,ECU,2025,1st,,7,Sun,2025-04-06,13:00,Técnico Univ.,1.0,Mushuc Runa,1.0,,Estadio Bellavista Universidad Indoaméri...,Álex Cajas,,https://fbref.com/en/matches/9473c658/Tecnico-Univ-Mushuc-Runa-April-6-2025-Serie-A
Liga Profesional Ecuador,M,ECU,2025,1st,,7,Sun,2025-04-06,15:30,Univ Católica,1.0,Macará,0.0,,Estadio Olímpico Atahualpa,Christian Guillen,,https://fbref.com/en/matches/1c6c64c8/Universidad-Catolica-Macara-April-6-2025-Serie-A
Liga Profesional Ecuador,M,ECU,2025,1st,,7,Sun,2025-04-06,18:00,CS Emelec,1.0,Manta Fútbol Club,1.0,,Estadio George Capwell Banco del Austro,Bryan Loayza,,https://fbref.com/en/matches/7d21cef3/CS-Emelec-Manta-Futbol-Club-April-6-2025-Serie-A
Liga Profesional Ecuador,M,ECU,2025,1st,,8,Wed,2025-04-09,19:00,Vinotinto,5.0,Delfín,0.0,,Estadio Gonzalo Pozo Ripalda,Christian Guillen,,https://fbref.com/en/matches/18d8004a/Vinotinto-Ecuador-Delfin-April-9-2025-Serie-A
Liga Profesional Ecuador,M,ECU,2025,1st,,8,Thu,2025-04-10,16:30,Macará,0.0,Deportivo Cuenca,1.0,,Estadio Bellavista Universidad Indoaméri...,Gorky Araujo,,https://fbref.com/en/matches/34314462/Macara-Deportivo-Cuenca-April-10-2025-Serie-A
Liga Profesional Ecuador,M,ECU,2025,1st,,8,Thu,2025-04-10,19:00,Manta Fútbol Club,2.0,Técnico Univ.,1.0,,Estadio Jocay,Russell Teran,,https://fbref.com/en/matches/8fd8dadc/Manta-Futbol-Club-Tecnico-Univ-April-10-2025-Serie-A
Liga Profesional Ecuador,M,ECU,2025,1st,,8,Fri,2025-04-11,19:00,CS Emelec,1.0,Libertad,1.0,,Estadio George Capwell Banco del Austro,Robert Cabrera,,https://fbref.com/en/matches/700317fa/CS-Emelec-Libertad-April-11-2025-Serie-A
Liga Profesional Ecuador,M,ECU,2025,1st,,8,Mon,2025-04-14,14:00,Mushuc Runa,1.0,LDU de Quito,0.0,,Estadio Olímpico de Riobamba,Gabriel González,,https://fbref.com/en/matches/e9139f9d/Mushuc-Runa-LDU-de-Quito-April-14-2025-Serie-A
Liga Profesional Ecuador,M,ECU,2025,1st,,8,Mon,2025-04-14,16:30,El Nacional,1.0,Independiente,3.0,,Estadio Olímpico Atahualpa,Franklin Congo,,https://fbref.com/en/matches/9ea96f6e/El-Nacional-Independiente-del-Valle-April-14-2025-Serie-A
Liga Profesional Ecuador,M,ECU,2025,1st,,8,Mon,2025-04-14,19:00,Orense,3.0,Barcelona,1.0,,Estadio 9 de Mayo Banco de Machala,Augusto Aragón,,https://fbref.com/en/matches/9fb7165c/Orense-Barcelona-April-14-2025-Serie-A
Liga Profesional Ecuador,M,ECU,2025,1st,,8,Tue,2025-04-15,19:00,SD Aucas,2.0,Univ Católica,1.0,,Estadio Gonzalo Pozo Ripalda,Álex Cajas,,https://fbref.com/en/matches/22db29ec/SD-Aucas-Universidad-Catolica-April-15-2025-Serie-A
Liga Profesional Ecuador,M,ECU,2025,1st,,9,Fri,2025-04-18,16:30,LDU de Quito,3.0,SD Aucas,1.0,,Estadio Rodrigo Paz Delgado,Robert Cabrera,,https://fbref.com/en/matches/f1f4a1d1/LDU-de-Quito-SD-Aucas-April-18-2025-Serie-A
Liga Profesional Ecuador,M,ECU,2025,1st,,9,Fri,2025-04-18,19:00,Barcelona,1.0,El Nacional,0.0,,Estadio Monumental Banco Pichincha,Guillermo Guerrero,,https://fbref.com/en/matches/f1bb1217/Barcelona-El-Nacional-April-18-2025-Serie-A
Liga Profesional Ecuador,M,ECU,2025,1st,,9,Sat,2025-04-19,14:00,Libertad,2.0,Mushuc Runa,1.0,,Estadio Federativo Reina del Cisne,Cristian Arízaga,,https://fbref.com/en/matches/6eece8aa/Libertad-Mushuc-Runa-April-19-2025-Serie-A
Liga Profesional Ecuador,M,ECU,2025,1st,,9,Sat,2025-04-19,16:30,Deportivo Cuenca,0.0,CS Emelec,1.0,,Estadio Alejandro Serrano Aguilar Banco ...,Franklin Congo,,https://fbref.com/en/matches/49e0e6f2/Deportivo-Cuenca-CS-Emelec-April-19-2025-Serie-A
Liga Profesional Ecuador,M,ECU,2025,1st,,9,Sat,2025-04-19,19:00,Independiente,2.0,Manta Fútbol Club,0.0,,Estadio banco Guayaquil,Anthony Yamil Díaz,,https://fbref.com/en/matches/95cae820/Independiente-del-Valle-Manta-Futbol-Club-April-19-2025-Serie-A
Liga Profesional Ecuador,M,ECU,2025,1st,,9,Sun,2025-04-20,13:00,Técnico Univ.,1.0,Vinotinto,3.0,,Estadio Bellavista Universidad Indoaméri...,Oswaldo Contreras,,https://fbref.com/en/matches/aba00447/Tecnico-Univ-Vinotinto-Ecuador-April-20-2025-Serie-A
Liga Profesional Ecuador,M,ECU,2025,1st,,9,Sun,2025-04-20,15:30,Univ Católica,2.0,Orense,0.0,,Estadio Olímpico Atahualpa,Yerson Zambrano,,https://fbref.com/en/matches/0230fb92/Universidad-Catolica-Orense-April-20-2025-Serie-A
Liga Profesional Ecuador,M,ECU,2025,1st,,9,Sun,2025-04-20,18:00,Delfín,0.0,Macará,0.0,,Estadio Jocay,Gabriel González,,https://fbref.com/en/matches/306fcbc8/Delfin-Macara-April-20-2025-Serie-A
Liga Profesional Ecuador,M,ECU,2025,1st,,10,Fri,2025-04-25,19:00,El Nacional,3.0,Delfín,2.0,,Estadio Olímpico Atahualpa,Juan Andrade,,https://fbref.com/en/matches/6d7e7dd4/El-Nacional-Delfin-April-25-2025-Serie-A
Liga Profesional Ecuador,M,ECU,2025,1st,,10,Sat,2025-04-26,14:00,Vinotinto,0.0,Deportivo Cuenca,1.0,,Estadio banco Guayaquil,Yerson Zambrano,,https://fbref.com/en/matches/617f0461/Vinotinto-Ecuador-Deportivo-Cuenca-April-26-2025-Serie-A
Liga Profesional Ecuador,M,ECU,2025,1st,,10,Sat,2025-04-26,16:30,Manta Fútbol Club,1.0,LDU de Quito,1.0,,Estadio Jocay,Álex Cajas,,https://fbref.com/en/matches/b4bb0f12/Manta-Futbol-Club-LDU-de-Quito-April-26-2025-Serie-A
Liga Profesional Ecuador,M,ECU,2025,1st,,10,Sat,2025-04-26,19:00,Macará,0.0,Barcelona,1.0,,Estadio Bellavista Universidad Indoaméri...,Bryan Loayza,,https://fbref.com/en/matches/66b147ea/Macara-Barcelona-April-26-2025-Serie-A
Liga Profesional Ecuador,M,ECU,2025,1st,,10,Sun,2025-04-27,13:00,SD Aucas,2.0,Mushuc Runa,0.0,,Estadio Olímpico Atahualpa,Augusto Aragón,,https://fbref.com/en/matches/0cba890a/SD-Aucas-Mushuc-Runa-April-27-2025-Serie-A
Liga Profesional Ecuador,M,ECU,2025,1st,,10,Sun,2025-04-27,15:30,Orense,1.0,Independiente,2.0,,Estadio 9 de Mayo Banco de Machala,Oswaldo Contreras,,https://fbref.com/en/matches/b26cbf05/Orense-Independiente-del-Valle-April-27-2025-Serie-A
Liga Profesional Ecuador,M,ECU,2025,1st,,10,Sun,2025-04-27,18:00,CS Emelec,0.0,Técnico Univ.,1.0,,Estadio George Capwell Banco del Austro,Gabriel González,,https://fbref.com/en/matches/5c3bd651/CS-Emelec-Tecnico-Univ-April-27-2025-Serie-A
Liga Profesional Ecuador,M,ECU,2025,1st,,10,Mon,2025-04-28,19:00,Libertad,3.0,Univ Católica,1.0,,Estadio Federativo Reina del Cisne,Anthony Yamil Díaz,,https://fbref.com/en/matches/911dace4/Libertad-Universidad-Catolica-April-28-2025-Serie-A
Liga Profesional Ecuador,M,ECU,2025,1st,,11,Fri,2025-05-02,19:00,Deportivo Cuenca,2.0,Manta Fútbol Club,0.0,,Estadio Alejandro Serrano Aguilar Banco ...,Gabriel González,,https://fbref.com/en/matches/8fd25d8e/Deportivo-Cuenca-Manta-Futbol-Club-May-2-2025-Serie-A
Liga Profesional Ecuador,M,ECU,2025,1st,,11,Sat,2025-05-03,14:00,LDU de Quito,2.0,El Nacional,2.0,,Estadio Rodrigo Paz Delgado,Bryan Loayza,,https://fbref.com/en/matches/6b8574c3/LDU-de-Quito-El-Nacional-May-3-2025-Serie-A
Liga Profesional Ecuador,M,ECU,2025,1st,,11,Sat,2025-05-03,16:30,Técnico Univ.,1.0,Univ Católica,1.0,,Estadio Bellavista Universidad Indoaméri...,Guillermo Guerrero,,https://fbref.com/en/matches/89ec9f42/Tecnico-Univ-Universidad-Catolica-May-3-2025-Serie-A
Liga Profesional Ecuador,M,ECU,2025,1st,,11,Sat,2025-05-03,19:00,Mushuc Runa,4.0,Macará,3.0,,Estadio Olímpico de Riobamba,Oswaldo Contreras,,https://fbref.com/en/matches/0aea3cca/Mushuc-Runa-Macara-May-3-2025-Serie-A
Liga Profesional Ecuador,M,ECU,2025,1st,,11,Sun,2025-05-04,13:00,Delfín,0.0,Orense,0.0,,Estadio Jocay,Anthony Yamil Díaz,,https://fbref.com/en/matches/f82592e4/Delfin-Orense-May-4-2025-Serie-A
Liga Profesional Ecuador,M,ECU,2025,1st,,11,Sun,2025-05-04,16:30,Barcelona,2.0,Vinotinto,1.0,,Estadio Monumental Banco Pichincha,Álex Cajas,,https://fbref.com/en/matches/327ca211/Barcelona-Vinotinto-Ecuador-May-4-2025-Serie-A
Liga Profesional Ecuador,M,ECU,2025,1st,,11,Sun,2025-05-04,18:00,Independiente,1.0,CS Emelec,2.0,,Estadio banco Guayaquil,Yerson Zambrano,,https://fbref.com/en/matches/bdefd926/Independiente-del-Valle-CS-Emelec-May-4-2025-Serie-A
Liga Profesional Ecuador,M,ECU,2025,1st,,11,Mon,2025-05-05,19:00,SD Aucas,2.0,Libertad,0.0,,Estadio Gonzalo Pozo Ripalda,Juan Andrade,,https://fbref.com/en/matches/98239b26/SD-Aucas-Libertad-May-5-2025-Serie-A
Liga Profesional Ecuador,M,ECU,2025,1st,,12,Fri,2025-05-09,19:00,Orense,1.0,Deportivo Cuenca,0.0,,Estadio 9 de Mayo Banco de Machala,Robert Cabrera,,https://fbref.com/en/matches/e077f3c4/Orense-Deportivo-Cuenca-May-9-2025-Serie-A
Liga Profesional Ecuador,M,ECU,2025,1st,,12,Sat,2025-05-10,13:00,Manta Fútbol Club,2.0,Mushuc Runa,1.0,,Estadio Jocay,Franklin Congo,,https://fbref.com/en/matches/ef6c9609/Manta-Futbol-Club-Mushuc-Runa-May-10-2025-Serie-A
Liga Profesional Ecuador,M,ECU,2025,1st,,12,Sat,2025-05-10,15:30,Macará,0.0,LDU de Quito,1.0,,Estadio Bellavista Universidad Indoaméri...,Yerson Zambrano,,https://fbref.com/en/matches/6057ed05/Macara-LDU-de-Quito-May-10-2025-Serie-A
Liga Profesional Ecuador,M,ECU,2025,1st,,12,Sat,2025-05-10,19:00,Libertad,0.0,Delfín,1.0,,Estadio Federativo Reina del Cisne,Bryan Loayza,,https://fbref.com/en/matches/cb951973/Libertad-Delfin-May-10-2025-Serie-A
Liga Profesional Ecuador,M,ECU,2025,1st,,12,Sun,2025-05-11,13:00,Técnico Univ.,1.0,Independiente,2.0,,Estadio Bellavista Universidad Indoaméri...,Álex Cajas,,https://fbref.com/en/matches/45e93af2/Tecnico-Univ-Independiente-del-Valle-May-11-2025-Serie-A
Liga Profesional Ecuador,M,ECU,2025,1st,,12,Sun,2025-05-11,15:30,Univ Católica,2.0,Barcelona,2.0,,Estadio Olímpico Atahualpa,Gabriel González,,https://fbref.com/en/matches/1840084e/Universidad-Catolica-Barcelona-May-11-2025-Serie-A
Liga Profesional Ecuador,M,ECU,2025,1st,,12,Sun,2025-05-11,18:00,CS Emelec,0.0,SD Aucas,1.0,,Estadio George Capwell Banco del Austro,Oswaldo Contreras,,https://fbref.com/en/matches/3f186f34/CS-Emelec-SD-Aucas-May-11-2025-Serie-A
Liga Profesional Ecuador,M,ECU,2025,1st,,12,Mon,2025-05-12,19:00,El Nacional,2.0,Vinotinto,1.0,,Estadio Olímpico Atahualpa,Augusto Aragón,,https://fbref.com/en/matches/1e4b1473/El-Nacional-Vinotinto-Ecuador-May-12-2025-Serie-A
Liga Profesional Ecuador,M,ECU,2025,1st,,13,Fri,2025-05-16,19:00,Deportivo Cuenca,2.0,Técnico Univ.,0.0,,Estadio Alejandro Serrano Aguilar Banco ...,Yerson Zambrano,,https://fbref.com/en/matches/4a3e0e5a/Deportivo-Cuenca-Tecnico-Univ-May-16-2025-Serie-A
Liga Profesional Ecuador,M,ECU,2025,1st,,13,Sat,2025-05-17,14:00,SD Aucas,1.0,Manta Fútbol Club,1.0,,Estadio Gonzalo Pozo Ripalda,Anthony Yamil Díaz,,https://fbref.com/en/matches/298dc779/SD-Aucas-Manta-Futbol-Club-May-17-2025-Serie-A
Liga Profesional Ecuador,M,ECU,2025,1st,,13,Sat,2025-05-17,16:30,Mushuc Runa,2.0,Orense,5.0,,Estadio Cooperativa de Ahorro y Crédito ...,Juan Andrade,,https://fbref.com/en/matches/5cd85bb8/Mushuc-Runa-Orense-May-17-2025-Serie-A
Liga Profesional Ecuador,M,ECU,2025,1st,,13,Sat,2025-05-17,19:00,Macará,1.0,El Nacional,1.0,,Estadio Bellavista Universidad Indoaméri...,Álex Cajas,,https://fbref.com/en/matches/8097ad2d/Macara-El-Nacional-May-17-2025-Serie-A
Liga Profesional Ecuador,M,ECU,2025,1st,,13,Sun,2025-05-18,13:00,Vinotinto,1.0,Independiente,3.0,,Estadio Olímpico Atahualpa,Bryan Loayza,,https://fbref.com/en/matches/30ef0959/Vinotinto-Ecuador-Independiente-del-Valle-May-18-2025-Serie-A
Liga Profesional Ecuador,M,ECU,2025,1st,,13,Sun,2025-05-18,15:30,Delfín,1.0,Univ Católica,0.0,,Estadio Jocay,Russell Teran,,https://fbref.com/en/matches/8f771980/Delfin-Universidad-Catolica-May-18-2025-Serie-A
Liga Profesional Ecuador,M,ECU,2025,1st,,13,Sun,2025-05-18,17:00,Barcelona,2.0,CS Emelec,0.0,,Estadio Monumental Banco Pichincha,Augusto Aragón,,https://fbref.com/en/matches/8257a312/Barcelona-CS-Emelec-May-18-2025-Serie-A
Liga Profesional Ecuador,M,ECU,2025,1st,,13,Mon,2025-05-19,19:00,LDU de Quito,1.0,Libertad,1.0,,Estadio Rodrigo Paz Delgado,Guillermo Guerrero,,https://fbref.com/en/matches/f230beba/LDU-de-Quito-Libertad-May-19-2025-Serie-A
Liga Profesional Ecuador,M,ECU,2025,1st,,14,Fri,2025-05-23,16:30,Independiente,2.0,Mushuc Runa,1.0,,Estadio banco Guayaquil,Robert Cabrera,,https://fbref.com/en/matches/f4a077f2/Independiente-del-Valle-Mushuc-Runa-May-23-2025-Serie-A
Liga Profesional Ecuador,M,ECU,2025,1st,,14,Fri,2025-05-23,19:00,Barcelona,0.0,Deportivo Cuenca,0.0,,Estadio Monumental Banco Pichincha,Bryan Loayza,,https://fbref.com/en/matches/796b314b/Barcelona-Deportivo-Cuenca-May-23-2025-Serie-A
Liga Profesional Ecuador,M,ECU,2025,1st,,14,Sat,2025-05-24,14:00,Manta Fútbol Club,2.0,Vinotinto,2.0,,Estadio Jocay,Juan Andrade,,https://fbref.com/en/matches/ac0a900c/Manta-Futbol-Club-Vinotinto-Ecuador-May-24-2025-Serie-A
Liga Profesional Ecuador,M,ECU,2025,1st,,14,Sat,2025-05-24,16:30,Univ Católica,3.0,LDU de Quito,1.0,,Estadio Olímpico Atahualpa,Álex Cajas,,https://fbref.com/en/matches/dcb8fe47/Universidad-Catolica-LDU-de-Quito-May-24-2025-Serie-A
Liga Profesional Ecuador,M,ECU,2025,1st,,14,Sat,2025-05-24,19:00,Orense,2.0,SD Aucas,1.0,,Estadio 9 de Mayo Banco de Machala,Guillermo Guerrero,,https://fbref.com/en/matches/6b25ff36/Orense-SD-Aucas-May-24-2025-Serie-A
Liga Profesional Ecuador,M,ECU,2025,1st,,14,Sun,2025-05-25,13:00,Libertad,0.0,Macará,1.0,,Estadio Federativo Reina del Cisne,Augusto Aragón,,https://fbref.com/en/matches/319278fb/Libertad-Macara-May-25-2025-Serie-A
Liga Profesional Ecuador,M,ECU,2025,1st,,14,Sun,2025-05-25,15:30,Técnico Univ.,1.0,Delfín,2.0,,Estadio Bellavista Universidad Indoaméri...,Anthony Yamil Díaz,,https://fbref.com/en/matches/bcbc16f7/Tecnico-Univ-Delfin-May-25-2025-Serie-A
Liga Profesional Ecuador,M,ECU,2025,1st,,14,Sun,2025-05-25,18:00,El Nacional,2.0,CS Emelec,0.0,,Estadio Olímpico Atahualpa,Yerson Zambrano,,https://fbref.com/en/matches/ce49ae7a/El-Nacional-CS-Emelec-May-25-2025-Serie-A
Liga Profesional Ecuador,M,ECU,2025,1st,,15,Fri,2025-05-30,19:00,Macará,2.0,Manta Fútbol Club,2.0,,Estadio Bellavista Universidad Indoaméri...,Guillermo Guerrero,,https://fbref.com/en/matches/757e036e/Macara-Manta-Futbol-Club-May-30-2025-Serie-A
Liga Profesional Ecuador,M,ECU,2025,1st,,15,Sat,2025-05-31,11:30,LDU de Quito,3.0,Técnico Univ.,2.0,,Estadio Rodrigo Paz Delgado,Oswaldo Contreras,,https://fbref.com/en/matches/74a9544d/LDU-de-Quito-Tecnico-Univ-May-31-2025-Serie-A
Liga Profesional Ecuador,M,ECU,2025,1st,,15,Sat,2025-05-31,16:30,Delfín,1.0,Independiente,1.0,,Estadio Jocay,Kleber Aroca,,https://fbref.com/en/matches/40681a69/Delfin-Independiente-del-Valle-May-31-2025-Serie-A
Liga Profesional Ecuador,M,ECU,2025,1st,,15,Sat,2025-05-31,19:00,CS Emelec,1.0,Orense,0.0,,Estadio George Capwell Banco del Austro,Gabriel González,,https://fbref.com/en/matches/85747297/CS-Emelec-Orense-May-31-2025-Serie-A
Liga Profesional Ecuador,M,ECU,2025,1st,,15,Sun,2025-06-01,13:00,Mushuc Runa,2.0,El Nacional,3.0,,Estadio Olímpico de Riobamba,Anthony Yamil Díaz,,https://fbref.com/en/matches/bfe611f3/Mushuc-Runa-El-Nacional-June-1-2025-Serie-A
Liga Profesional Ecuador,M,ECU,2025,1st,,15,Sun,2025-06-01,15:30,Deportivo Cuenca,3.0,Univ Católica,1.0,,Estadio Alejandro Serrano Aguilar Banco ...,Juan Andrade,,https://fbref.com/en/matches/0705b0fa/Deportivo-Cuenca-Universidad-Catolica-June-1-2025-Serie-A
Liga Profesional Ecuador,M,ECU,2025,1st,,15,Sun,2025-06-01,18:00,SD Aucas,2.0,Barcelona,0.0,,Estadio Gonzalo Pozo Ripalda,Yerson Zambrano,,https://fbref.com/en/matches/c55e163a/SD-Aucas-Barcelona-June-1-2025-Serie-A
Liga Profesional Ecuador,M,ECU,2025,1st,,15,Mon,2025-06-02,19:00,Vinotinto,1.0,Libertad,0.0,,Estadio Olímpico Atahualpa,Gorky Araujo,,https://fbref.com/en/matches/a4d62680/Vinotinto-Ecuador-Libertad-June-2-2025-Serie-A
Liga Profesional Ecuador,M,ECU,2025,1st,,16,Sat,2025-06-14,14:00,Independiente,1.0,Libertad,1.0,,Estadio banco Guayaquil,Juan Andrade,,https://fbref.com/en/matches/324ddf89/Independiente-del-Valle-Libertad-June-14-2025-Serie-A
Liga Profesional Ecuador,M,ECU,2025,1st,,16,Sat,2025-06-14,16:30,Barcelona,1.0,Manta Fútbol Club,2.0,,Estadio Monumental Banco Pichincha,Álex Cajas,,https://fbref.com/en/matches/c79d614d/Barcelona-Manta-Futbol-Club-June-14-2025-Serie-A
Liga Profesional Ecuador,M,ECU,2025,1st,,16,Sat,2025-06-14,19:00,Vinotinto,1.0,LDU de Quito,2.0,,Estadio Gonzalo Pozo Ripalda,Yerson Zambrano,,https://fbref.com/en/matches/374265da/Vinotinto-Ecuador-LDU-de-Quito-June-14-2025-Serie-A
Liga Profesional Ecuador,M,ECU,2025,1st,,16,Sun,2025-06-15,13:00,Técnico Univ.,1.0,SD Aucas,1.0,,Estadio Bellavista Universidad Indoaméri...,Lenin Quiñónez,,https://fbref.com/en/matches/2f12a29a/Tecnico-Univ-SD-Aucas-June-15-2025-Serie-A
Liga Profesional Ecuador,M,ECU,2025,1st,,16,Sun,2025-06-15,15:30,Deportivo Cuenca,4.0,El Nacional,1.0,,Estadio Alejandro Serrano Aguilar Banco ...,Gabriel González,,https://fbref.com/en/matches/4afed97b/Deportivo-Cuenca-El-Nacional-June-15-2025-Serie-A
Liga Profesional Ecuador,M,ECU,2025,1st,,16,Sun,2025-06-15,18:00,Delfín,3.0,Mushuc Runa,1.0,,Estadio Jocay,Augusto Aragón,,https://fbref.com/en/matches/6094e11e/Delfin-Mushuc-Runa-June-15-2025-Serie-A
Liga Profesional Ecuador,M,ECU,2025,1st,,16,Mon,2025-06-16,19:00,Orense,1.0,Macará,0.0,,Estadio 9 de Mayo Banco de Machala,Russell Teran,,https://fbref.com/en/matches/04edb151/Orense-Macara-June-16-2025-Serie-A
Liga Profesional Ecuador,M,ECU,2025,1st,,7,Wed,2025-06-18,19:00,LDU de Quito,3.0,Barcelona,1.0,,Estadio Rodrigo Paz Delgado,Anthony Yamil Díaz,,https://fbref.com/en/matches/7b6e053c/LDU-de-Quito-Barcelona-June-18-2025-Serie-A
Liga Profesional Ecuador,M,ECU,2025,1st,,17,Fri,2025-06-20,19:00,Libertad,4.0,Técnico Univ.,1.0,,Estadio Federativo Reina del Cisne,Yerson Zambrano,,https://fbref.com/en/matches/bc7d945a/Libertad-Tecnico-Univ-June-20-2025-Serie-A
Liga Profesional Ecuador,M,ECU,2025,1st,,17,Sat,2025-06-21,14:00,El Nacional,0.0,Univ Católica,3.0,,Estadio Olímpico Atahualpa,Anthony Yamil Díaz,,https://fbref.com/en/matches/ac567317/El-Nacional-Universidad-Catolica-June-21-2025-Serie-A
Liga Profesional Ecuador,M,ECU,2025,1st,,17,Sat,2025-06-21,16:30,CS Emelec,2.0,Delfín,2.0,,Estadio George Capwell Banco del Austro,Juan Andrade,,https://fbref.com/en/matches/e700b920/CS-Emelec-Delfin-June-21-2025-Serie-A
Liga Profesional Ecuador,M,ECU,2025,1st,,17,Sat,2025-06-21,19:00,Macará,1.0,Vinotinto,0.0,,Estadio Bellavista Universidad Indoaméri...,Lenin Quiñónez,,https://fbref.com/en/matches/31fa38b5/Macara-Vinotinto-Ecuador-June-21-2025-Serie-A
Liga Profesional Ecuador,M,ECU,2025,1st,,17,Sun,2025-06-22,12:00,LDU de Quito,1.0,Independiente,1.0,,Estadio Rodrigo Paz Delgado,Gabriel González,,https://fbref.com/en/matches/a50d2c7c/LDU-de-Quito-Independiente-del-Valle-June-22-2025-Serie-A
Liga Profesional Ecuador,M,ECU,2025,1st,,17,Sun,2025-06-22,15:00,SD Aucas,1.0,Deportivo Cuenca,3.0,,Estadio Gonzalo Pozo Ripalda,Álex Cajas,,https://fbref.com/en/matches/2e47c34e/SD-Aucas-Deportivo-Cuenca-June-22-2025-Serie-A
Liga Profesional Ecuador,M,ECU,2025,1st,,17,Sun,2025-06-22,18:00,Mushuc Runa,0.0,Barcelona,5.0,,Estadio Olímpico de Riobamba,Oswaldo Contreras,,https://fbref.com/en/matches/87d42e0c/Mushuc-Runa-Barcelona-June-22-2025-Serie-A
Liga Profesional Ecuador,M,ECU,2025,1st,,17,Mon,2025-06-23,19:00,Manta Fútbol Club,0.0,Orense,0.0,,Estadio Jocay,Kleber Aroca,,https://fbref.com/en/matches/af9a6952/Manta-Futbol-Club-Orense-June-23-2025-Serie-A
Liga Profesional Ecuador,M,ECU,2025,1st,,16,Wed,2025-06-25,19:00,Univ Católica,1.0,CS Emelec,1.0,,Estadio banco Guayaquil,Robert Cabrera,,https://fbref.com/en/matches/566ec49f/Universidad-Catolica-CS-Emelec-June-25-2025-Serie-A
Liga Profesional Ecuador,M,ECU,2025,1st,,18,Fri,2025-06-27,19:00,Deportivo Cuenca,1.0,Mushuc Runa,0.0,,Estadio Alejandro Serrano Aguilar Banco ...,Russell Teran,,https://fbref.com/en/matches/015c0437/Deportivo-Cuenca-Mushuc-Runa-June-27-2025-Serie-A
Liga Profesional Ecuador,M,ECU,2025,1st,,18,Sat,2025-06-28,14:00,Delfín,2.0,Manta Fútbol Club,0.0,,Estadio Jocay,Gabriel González,,https://fbref.com/en/matches/b292aab2/Delfin-Manta-Futbol-Club-June-28-2025-Serie-A
Liga Profesional Ecuador,M,ECU,2025,1st,,18,Sat,2025-06-28,16:30,Barcelona,3.0,Libertad,3.0,,Estadio Monumental Banco Pichincha,Lenin Quiñónez,,https://fbref.com/en/matches/e4775e01/Barcelona-Libertad-June-28-2025-Serie-A
Liga Profesional Ecuador,M,ECU,2025,1st,,18,Sat,2025-06-28,19:00,Orense,2.0,LDU de Quito,1.0,,Estadio 9 de Mayo Banco de Machala,Bryan Loayza,,https://fbref.com/en/matches/dff809ba/Orense-LDU-de-Quito-June-28-2025-Serie-A
Liga Profesional Ecuador,M,ECU,2025,1st,,18,Sun,2025-06-29,13:00,Técnico Univ.,0.0,El Nacional,0.0,,Estadio Bellavista Universidad Indoaméri...,Guillermo Guerrero,,https://fbref.com/en/matches/9a6a34ba/Tecnico-Univ-El-Nacional-June-29-2025-Serie-A
Liga Profesional Ecuador,M,ECU,2025,1st,,18,Sun,2025-06-29,15:30,Univ Católica,0.0,Independiente,3.0,,Estadio Olímpico Atahualpa,Álex Cajas,,https://fbref.com/en/matches/f595d8c6/Universidad-Catolica-Independiente-del-Valle-June-29-2025-Serie-A
Liga Profesional Ecuador,M,ECU,2025,1st,,18,Sun,2025-06-29,18:00,Macará,1.0,CS Emelec,1.0,,Estadio Bellavista Universidad Indoaméri...,Yerson Zambrano,,https://fbref.com/en/matches/9b30a7d5/Macara-CS-Emelec-June-29-2025-Serie-A
Liga Profesional Ecuador,M,ECU,2025,1st,,18,Mon,2025-06-30,19:00,Vinotinto,0.0,SD Aucas,1.0,,Estadio Olímpico Atahualpa,Oswaldo Contreras,,https://fbref.com/en/matches/371ec7e0/Vinotinto-Ecuador-SD-Aucas-June-30-2025-Serie-A
Liga Profesional Ecuador,M,ECU,2025,1st,,19,Fri,2025-07-04,19:00,Libertad,2.0,Deportivo Cuenca,1.0,,Estadio Federativo Reina del Cisne,Oswaldo Contreras,,https://fbref.com/en/matches/d15e11f9/Libertad-Deportivo-Cuenca-July-4-2025-Serie-A
Liga Profesional Ecuador,M,ECU,2025,1st,,19,Sat,2025-07-05,14:00,Mushuc Runa,1.0,Univ Católica,1.0,,Estadio Olímpico de Riobamba,Gorky Araujo,,https://fbref.com/en/matches/2e4859a0/Mushuc-Runa-Universidad-Catolica-July-5-2025-Serie-A
Liga Profesional Ecuador,M,ECU,2025,1st,,19,Sat,2025-07-05,16:30,CS Emelec,2.0,Vinotinto,0.0,,Estadio George Capwell Banco del Austro,Álex Cajas,,https://fbref.com/en/matches/b8232b61/CS-Emelec-Vinotinto-Ecuador-July-5-2025-Serie-A
Liga Profesional Ecuador,M,ECU,2025,1st,,19,Sat,2025-07-05,19:00,Independiente,1.0,Barcelona,1.0,,Estadio banco Guayaquil,Yerson Zambrano,,https://fbref.com/en/matches/b4dedbef/Independiente-del-Valle-Barcelona-July-5-2025-Serie-A
Liga Profesional Ecuador,M,ECU,2025,1st,,19,Sun,2025-07-06,13:00,SD Aucas,1.0,Macará,4.0,,Estadio Gonzalo Pozo Ripalda,Augusto Aragón,,https://fbref.com/en/matches/f1879ecd/SD-Aucas-Macara-July-6-2025-Serie-A
Liga Profesional Ecuador,M,ECU,2025,1st,,19,Sun,2025-07-06,15:30,El Nacional,1.0,Manta Fútbol Club,0.0,,Estadio Municipal La Cocha,Russell Teran,,https://fbref.com/en/matches/7f905193/El-Nacional-Manta-Futbol-Club-July-6-2025-Serie-A
Liga Profesional Ecuador,M,ECU,2025,1st,,19,Sun,2025-07-06,18:00,Delfín,0.0,LDU de Quito,4.0,,Estadio Jocay,Lenin Quiñónez,,https://fbref.com/en/matches/1d1cbddb/Delfin-LDU-de-Quito-July-6-2025-Serie-A
Liga Profesional Ecuador,M,ECU,2025,1st,,19,Mon,2025-07-07,19:00,Técnico Univ.,1.0,Orense,2.0,,Estadio Bellavista Universidad Indoaméri...,Gabriel González,,https://fbref.com/en/matches/04fa9d9e/Tecnico-Univ-Orense-July-7-2025-Serie-A
Liga Profesional Ecuador,M,ECU,2025,1st,,20,Fri,2025-07-11,19:00,Macará,1.0,Independiente,2.0,,Estadio Bellavista Universidad Indoaméri...,Bryan Loayza,,https://fbref.com/en/matches/d9de0cbf/Macara-Independiente-del-Valle-July-11-2025-Serie-A
Liga Profesional Ecuador,M,ECU,2025,1st,,20,Sat,2025-07-12,14:00,Manta Fútbol Club,4.0,Univ Católica,2.0,,Estadio Jocay,Guillermo Guerrero,,https://fbref.com/en/matches/5f4cbe85/Manta-Futbol-Club-Universidad-Catolica-July-12-2025-Serie-A
Liga Profesional Ecuador,M,ECU,2025,1st,,20,Sat,2025-07-12,16:30,LDU de Quito,2.0,CS Emelec,0.0,,Estadio Rodrigo Paz Delgado,Oswaldo Contreras,,https://fbref.com/en/matches/ff9dc5f1/LDU-de-Quito-CS-Emelec-July-12-2025-Serie-A
Liga Profesional Ecuador,M,ECU,2025,1st,,20,Sat,2025-07-12,19:00,Barcelona,1.0,Técnico Univ.,1.0,,Estadio Monumental Banco Pichincha,Augusto Aragón,,https://fbref.com/en/matches/bed76773/Barcelona-Tecnico-Univ-July-12-2025-Serie-A
Liga Profesional Ecuador,M,ECU,2025,1st,,20,Sun,2025-07-13,13:00,Vinotinto,1.0,Mushuc Runa,1.0,,Estadio Olímpico Atahualpa,Robert Cabrera,,https://fbref.com/en/matches/7918d04d/Vinotinto-Ecuador-Mushuc-Runa-July-13-2025-Serie-A
Liga Profesional Ecuador,M,ECU,2025,1st,,20,Sun,2025-07-13,15:30,Orense,0.0,Libertad,1.0,,Estadio 9 de Mayo Banco de Machala,Álex Cajas,,https://fbref.com/en/matches/08a761de/Orense-Libertad-July-13-2025-Serie-A
Liga Profesional Ecuador,M,ECU,2025,1st,,20,Sun,2025-07-13,18:00,Deportivo Cuenca,1.0,Delfín,1.0,,Estadio Alejandro Serrano Aguilar Banco ...,Anthony Yamil Díaz,,https://fbref.com/en/matches/0026771d/Deportivo-Cuenca-Delfin-July-13-2025-Serie-A
Liga Profesional Ecuador,M,ECU,2025,1st,,20,Mon,2025-07-14,19:00,SD Aucas,1.0,El Nacional,0.0,,Estadio Gonzalo Pozo Ripalda,Juan Andrade,,https://fbref.com/en/matches/80aafa0c/SD-Aucas-El-Nacional-July-14-2025-Serie-A
Liga Profesional Ecuador,M,ECU,2025,1st,,21,Fri,2025-07-18,19:00,Independiente,2.0,SD Aucas,1.0,,Estadio Olímpico Atahualpa,Robert Cabrera,,https://fbref.com/en/matches/7de5c8cb/Independiente-del-Valle-SD-Aucas-July-18-2025-Serie-A
Liga Profesional Ecuador,M,ECU,2025,1st,,21,Sat,2025-07-19,14:00,Univ Católica,3.0,Vinotinto,0.0,,Estadio Olímpico Atahualpa,Kleber Aroca,,https://fbref.com/en/matches/c0708530/Universidad-Catolica-Vinotinto-Ecuador-July-19-2025-Serie-A
Liga Profesional Ecuador,M,ECU,2025,1st,,21,Sat,2025-07-19,16:30,Orense,1.0,El Nacional,1.0,,Estadio 9 de Mayo Banco de Machala,Franklin Congo,,https://fbref.com/en/matches/1086bc31/Orense-El-Nacional-July-19-2025-Serie-A
Liga Profesional Ecuador,M,ECU,2025,1st,,21,Sat,2025-07-19,19:00,Delfín,0.0,Barcelona,1.0,,Estadio Jocay,Guillermo Guerrero,,https://fbref.com/en/matches/54e42471/Delfin-Barcelona-July-19-2025-Serie-A
Liga Profesional Ecuador,M,ECU,2025,1st,,21,Sun,2025-07-20,13:00,Técnico Univ.,1.0,Macará,0.0,,Estadio Bellavista Universidad Indoaméri...,Oswaldo Contreras,,https://fbref.com/en/matches/8c19c012/Tecnico-Univ-Macara-July-20-2025-Serie-A
Liga Profesional Ecuador,M,ECU,2025,1st,,21,Sun,2025-07-20,15:30,CS Emelec,1.0,Mushuc Runa,0.0,,Estadio George Capwell Banco del Austro,Anthony Yamil Díaz,,https://fbref.com/en/matches/9f12e68c/CS-Emelec-Mushuc-Runa-July-20-2025-Serie-A
Liga Profesional Ecuador,M,ECU,2025,1st,,21,Sun,2025-07-20,18:00,LDU de Quito,2.0,Deportivo Cuenca,2.0,,Estadio Rodrigo Paz Delgado,Augusto Aragón,,https://fbref.com/en/matches/e35b16f1/LDU-de-Quito-Deportivo-Cuenca-July-20-2025-Serie-A
Liga Profesional Ecuador,M,ECU,2025,1st,,21,Mon,2025-07-21,19:00,Libertad,1.0,Manta Fútbol Club,0.0,,Estadio Alejandro Serrano Aguilar Banco ...,Juan Andrade,,https://fbref.com/en/matches/5cdb9003/Libertad-Manta-Futbol-Club-July-21-2025-Serie-A
Liga Profesional Ecuador,M,ECU,2025,1st,,22,Thu,2025-07-24,19:00,Barcelona,0.0,LDU de Quito,1.0,,Estadio Monumental Banco Pichincha,Robert Cabrera,,https://fbref.com/en/matches/fa955f76/Barcelona-LDU-de-Quito-July-24-2025-Serie-A
Liga Profesional Ecuador,M,ECU,2025,1st,,22,Fri,2025-07-25,19:00,El Nacional,2.0,Libertad,2.0,,Estadio Municipal La Cocha,Augusto Aragón,,https://fbref.com/en/matches/319e1d0f/El-Nacional-Libertad-July-25-2025-Serie-A
Liga Profesional Ecuador,M,ECU,2025,1st,,22,Sat,2025-07-26,14:00,SD Aucas,2.0,Delfín,1.0,,Estadio Gonzalo Pozo Ripalda,Bryan Loayza,,https://fbref.com/en/matches/17e570c0/SD-Aucas-Delfin-July-26-2025-Serie-A
Liga Profesional Ecuador,M,ECU,2025,1st,,22,Sat,2025-07-26,16:30,Manta Fútbol Club,2.0,CS Emelec,4.0,,Estadio Jocay,Franklin Congo,,https://fbref.com/en/matches/e3d6af4a/Manta-Futbol-Club-CS-Emelec-July-26-2025-Serie-A
Liga Profesional Ecuador,M,ECU,2025,1st,,22,Sat,2025-07-26,19:00,Vinotinto,0.0,Orense,1.0,,Estadio Olímpico Atahualpa,Oswaldo Contreras,,https://fbref.com/en/matches/2ca3ecde/Vinotinto-Ecuador-Orense-July-26-2025-Serie-A
Liga Profesional Ecuador,M,ECU,2025,1st,,22,Sun,2025-07-27,13:00,Mushuc Runa,0.0,Técnico Univ.,1.0,,Estadio Olímpico de Riobamba,Álex Cajas,,https://fbref.com/en/matches/f8b82ff6/Mushuc-Runa-Tecnico-Univ-July-27-2025-Serie-A
Liga Profesional Ecuador,M,ECU,2025,1st,,22,Sun,2025-07-27,15:30,Macará,1.0,Univ Católica,4.0,,Estadio Bellavista Universidad Indoaméri...,Russell Teran,,https://fbref.com/en/matches/63753e2d/Macara-Universidad-Catolica-July-27-2025-Serie-A
Liga Profesional Ecuador,M,ECU,2025,1st,,22,Sun,2025-07-27,18:00,Deportivo Cuenca,0.0,Independiente,3.0,,Estadio Alejandro Serrano Aguilar Banco ...,Guillermo Guerrero,,https://fbref.com/en/matches/8a389205/Deportivo-Cuenca-Independiente-del-Valle-July-27-2025-Serie-A
Liga Profesional Ecuador,M,ECU,2025,1st,,23,Fri,2025-08-01,19:00,Deportivo Cuenca,1.0,Macará,1.0,,Estadio Alejandro Serrano Aguilar Banco ...,Robert Cabrera,,https://fbref.com/en/matches/2514f90f/Deportivo-Cuenca-Macara-August-1-2025-Serie-A
Liga Profesional Ecuador,M,ECU,2025,1st,,23,Sat,2025-08-02,16:30,Barcelona,2.0,Orense,0.0,,Estadio Monumental Banco Pichincha,Bryan Loayza,,https://fbref.com/en/matches/f2b0b5e5/Barcelona-Orense-August-2-2025-Serie-A
Liga Profesional Ecuador,M,ECU,2025,1st,,23,Sat,2025-08-02,19:00,Independiente,1.0,El Nacional,0.0,,Estadio banco Guayaquil,Oswaldo Contreras,,https://fbref.com/en/matches/95b112ce/Independiente-del-Valle-El-Nacional-August-2-2025-Serie-A
Liga Profesional Ecuador,M,ECU,2025,1st,,23,Sun,2025-08-03,11:00,LDU de Quito,2.0,Mushuc Runa,1.0,,Estadio Rodrigo Paz Delgado,Yerson Zambrano,,https://fbref.com/en/matches/5e5250ae/LDU-de-Quito-Mushuc-Runa-August-3-2025-Serie-A
Liga Profesional Ecuador,M,ECU,2025,1st,,23,Sun,2025-08-03,13:15,Univ Católica,6.0,SD Aucas,2.0,,Estadio Olímpico Atahualpa,Augusto Aragón,,https://fbref.com/en/matches/adaee0ba/Universidad-Catolica-SD-Aucas-August-3-2025-Serie-A
Liga Profesional Ecuador,M,ECU,2025,1st,,23,Sun,2025-08-03,15:30,Técnico Univ.,3.0,Manta Fútbol Club,1.0,,Estadio Bellavista Universidad Indoaméri...,Anthony Yamil Díaz,,https://fbref.com/en/matches/86da9762/Tecnico-Univ-Manta-Futbol-Club-August-3-2025-Serie-A
Liga Profesional Ecuador,M,ECU,2025,1st,,23,Sun,2025-08-03,18:00,Libertad,1.0,CS Emelec,2.0,,Estadio Federativo Reina del Cisne,Guillermo Guerrero,,https://fbref.com/en/matches/9ad5dc86/Libertad-CS-Emelec-August-3-2025-Serie-A
Liga Profesional Ecuador,M,ECU,2025,1st,,23,Mon,2025-08-04,19:00,Delfín,3.0,Vinotinto,3.0,,Estadio Jocay,Álex Cajas,,https://fbref.com/en/matches/b0409701/Delfin-Vinotinto-Ecuador-August-4-2025-Serie-A
Liga Profesional Ecuador,M,ECU,2025,1st,,24,Fri,2025-08-08,19:00,Orense,1.0,Univ Católica,1.0,,Estadio 9 de Mayo Banco de Machala,Juan Andrade,,https://fbref.com/en/matches/380d54af/Orense-Universidad-Catolica-August-8-2025-Serie-A
Liga Profesional Ecuador,M,ECU,2025,1st,,24,Sat,2025-08-09,14:00,Mushuc Runa,1.0,Libertad,2.0,,Estadio Bellavista Universidad Indoaméri...,Oswaldo Contreras,,https://fbref.com/en/matches/9fc2cecf/Mushuc-Runa-Libertad-August-9-2025-Serie-A
Liga Profesional Ecuador,M,ECU,2025,1st,,24,Sat,2025-08-09,16:30,SD Aucas,1.0,LDU de Quito,0.0,,Estadio Gonzalo Pozo Ripalda,Álex Cajas,,https://fbref.com/en/matches/af4047bb/SD-Aucas-LDU-de-Quito-August-9-2025-Serie-A
Liga Profesional Ecuador,M,ECU,2025,1st,,24,Sat,2025-08-09,19:00,Manta Fútbol Club,0.0,Independiente,0.0,,Estadio Jocay,Augusto Aragón,,https://fbref.com/en/matches/a437dc54/Manta-Futbol-Club-Independiente-del-Valle-August-9-2025-Serie-A
Liga Profesional Ecuador,M,ECU,2025,1st,,24,Sun,2025-08-10,13:00,Vinotinto,0.0,Técnico Univ.,1.0,,Estadio Olímpico Atahualpa,Robert Cabrera,,https://fbref.com/en/matches/3ebb1147/Vinotinto-Ecuador-Tecnico-Univ-August-10-2025-Serie-A
Liga Profesional Ecuador,M,ECU,2025,1st,,24,Sun,2025-08-10,16:00,Macará,0.0,Delfín,0.0,,Estadio Bellavista Universidad Indoaméri...,Franklin Congo,,https://fbref.com/en/matches/550390df/Macara-Delfin-August-10-2025-Serie-A
Liga Profesional Ecuador,M,ECU,2025,1st,,24,Sun,2025-08-10,18:00,El Nacional,1.0,Barcelona,2.0,,Estadio Olímpico Atahualpa,Anthony Yamil Díaz,,https://fbref.com/en/matches/6ebf6a5a/El-Nacional-Barcelona-August-10-2025-Serie-A
Liga Profesional Ecuador,M,ECU,2025,1st,,24,Mon,2025-08-11,16:00,CS Emelec,1.0,Deportivo Cuenca,1.0,,Estadio George Capwell Banco del Austro,Bryan Loayza,,https://fbref.com/en/matches/045bc45e/CS-Emelec-Deportivo-Cuenca-August-11-2025-Serie-A
Liga Profesional Ecuador,M,ECU,2025,1st,,25,Fri,2025-08-15,19:00,Delfín,0.0,El Nacional,3.0,,Estadio Jocay,Robert Cabrera,,https://fbref.com/en/matches/a4a8a276/Delfin-El-Nacional-August-15-2025-Serie-A
Liga Profesional Ecuador,M,ECU,2025,1st,,25,Sat,2025-08-16,14:00,Mushuc Runa,1.0,SD Aucas,0.0,,Estadio Bellavista Universidad Indoaméri...,Russell Teran,,https://fbref.com/en/matches/155afae0/Mushuc-Runa-SD-Aucas-August-16-2025-Serie-A
Liga Profesional Ecuador,M,ECU,2025,1st,,25,Sat,2025-08-16,16:30,Univ Católica,1.0,Libertad,1.0,,Estadio Olímpico Atahualpa,Anthony Yamil Díaz,,https://fbref.com/en/matches/de01c0c3/Universidad-Catolica-Libertad-August-16-2025-Serie-A
Liga Profesional Ecuador,M,ECU,2025,1st,,25,Sat,2025-08-16,19:00,Independiente,2.0,Orense,1.0,,Estadio banco Guayaquil,Álex Cajas,,https://fbref.com/en/matches/e69ce169/Independiente-del-Valle-Orense-August-16-2025-Serie-A
Liga Profesional Ecuador,M,ECU,2025,1st,,25,Sun,2025-08-17,13:00,LDU de Quito,1.0,Manta Fútbol Club,1.0,,Estadio Rodrigo Paz Delgado,Juan Andrade,,https://fbref.com/en/matches/fff6d017/LDU-de-Quito-Manta-Futbol-Club-August-17-2025-Serie-A
Liga Profesional Ecuador,M,ECU,2025,1st,,25,Sun,2025-08-17,15:30,Técnico Univ.,0.0,CS Emelec,1.0,,Estadio Bellavista Universidad Indoaméri...,Yerson Zambrano,,https://fbref.com/en/matches/38a88a22/Tecnico-Univ-CS-Emelec-August-17-2025-Serie-A
Liga Profesional Ecuador,M,ECU,2025,1st,,25,Sun,2025-08-17,18:00,Barcelona,0.0,Macará,2.0,,Estadio Monumental Banco Pichincha,Augusto Aragón,,https://fbref.com/en/matches/c3c21cf6/Barcelona-Macara-August-17-2025-Serie-A
Liga Profesional Ecuador,M,ECU,2025,1st,,25,Mon,2025-08-18,19:00,Deportivo Cuenca,2.0,Vinotinto,0.0,,Estadio Alejandro Serrano Aguilar Banco ...,Franklin Congo,,https://fbref.com/en/matches/63835624/Deportivo-Cuenca-Vinotinto-Ecuador-August-18-2025-Serie-A
Liga Profesional Ecuador,M,ECU,2025,1st,,26,Fri,2025-08-22,19:00,Libertad,3.0,SD Aucas,2.0,,Estadio Federativo Reina del Cisne,Robert Cabrera,,https://fbref.com/en/matches/db8c9cd1/Libertad-SD-Aucas-August-22-2025-Serie-A
Liga Profesional Ecuador,M,ECU,2025,1st,,26,Sat,2025-08-23,14:00,Macará,2.0,Mushuc Runa,1.0,,Estadio Bellavista Universidad Indoaméri...,Juan Andrade,,https://fbref.com/en/matches/a5627b46/Macara-Mushuc-Runa-August-23-2025-Serie-A
Liga Profesional Ecuador,M,ECU,2025,1st,,26,Sat,2025-08-23,16:30,Manta Fútbol Club,0.0,Deportivo Cuenca,1.0,,Estadio Jocay,Álex Cajas,,https://fbref.com/en/matches/c50082ef/Manta-Futbol-Club-Deportivo-Cuenca-August-23-2025-Serie-A
Liga Profesional Ecuador,M,ECU,2025,1st,,26,Sat,2025-08-23,19:00,Vinotinto,0.0,Barcelona,1.0,,Estadio Olímpico Atahualpa,Gabriel González,,https://fbref.com/en/matches/078f710c/Vinotinto-Ecuador-Barcelona-August-23-2025-Serie-A
Liga Profesional Ecuador,M,ECU,2025,1st,,26,Sun,2025-08-24,13:00,El Nacional,1.0,LDU de Quito,0.0,,Estadio Olímpico Atahualpa,Franklin Congo,,https://fbref.com/en/matches/7fa465e2/El-Nacional-LDU-de-Quito-August-24-2025-Serie-A
Liga Profesional Ecuador,M,ECU,2025,1st,,26,Sun,2025-08-24,15:30,CS Emelec,0.0,Independiente,1.0,,Estadio George Capwell Banco del Austro,Anthony Yamil Díaz,,https://fbref.com/en/matches/934dbe49/CS-Emelec-Independiente-del-Valle-August-24-2025-Serie-A
Liga Profesional Ecuador,M,ECU,2025,1st,,26,Sun,2025-08-24,18:00,Univ Católica,2.0,Técnico Univ.,0.0,,Estadio Olímpico Atahualpa,Oswaldo Contreras,,https://fbref.com/en/matches/0efab9df/Universidad-Catolica-Tecnico-Univ-August-24-2025-Serie-A
Liga Profesional Ecuador,M,ECU,2025,1st,,26,Mon,2025-08-25,19:00,Orense,3.0,Delfín,1.0,,Estadio 9 de Mayo Banco de Machala,Russell Teran,,https://fbref.com/en/matches/f7fe7bbb/Orense-Delfin-August-25-2025-Serie-A
Liga Profesional Ecuador,M,ECU,2025,1st,,27,Fri,2025-08-29,19:00,Vinotinto,0.0,El Nacional,1.0,,Estadio Olímpico Atahualpa,Yerson Zambrano,,https://fbref.com/en/matches/7ac325a2/Vinotinto-Ecuador-El-Nacional-August-29-2025-Serie-A
Liga Profesional Ecuador,M,ECU,2025,1st,,27,Sat,2025-08-30,14:00,Independiente,4.0,Técnico Univ.,0.0,,Estadio banco Guayaquil,Bryan Loayza,,https://fbref.com/en/matches/fa0283aa/Independiente-del-Valle-Tecnico-Univ-August-30-2025-Serie-A
Liga Profesional Ecuador,M,ECU,2025,1st,,27,Sat,2025-08-30,16:30,LDU de Quito,1.0,Macará,1.0,,Estadio Rodrigo Paz Delgado,Anthony Yamil Díaz,,https://fbref.com/en/matches/1e626fc1/LDU-de-Quito-Macara-August-30-2025-Serie-A
Liga Profesional Ecuador,M,ECU,2025,1st,,27,Sat,2025-08-30,16:30,Mushuc Runa,2.0,Manta Fútbol Club,0.0,,Estadio Bellavista Universidad Indoaméri...,Guillermo Guerrero,,https://fbref.com/en/matches/17384526/Mushuc-Runa-Manta-Futbol-Club-August-30-2025-Serie-A
Liga Profesional Ecuador,M,ECU,2025,1st,,27,Sat,2025-08-30,19:00,SD Aucas,1.0,CS Emelec,2.0,,Estadio Gonzalo Pozo Ripalda,Oswaldo Contreras,,https://fbref.com/en/matches/4922dd25/SD-Aucas-CS-Emelec-August-30-2025-Serie-A
Liga Profesional Ecuador,M,ECU,2025,1st,,27,Sun,2025-08-31,15:30,Deportivo Cuenca,1.0,Orense,1.0,,Estadio Alejandro Serrano Aguilar Banco ...,Robert Cabrera,,https://fbref.com/en/matches/e99d3b67/Deportivo-Cuenca-Orense-August-31-2025-Serie-A
Liga Profesional Ecuador,M,ECU,2025,1st,,27,Sun,2025-08-31,18:00,Barcelona,2.0,Univ Católica,3.0,,Estadio Monumental Banco Pichincha,Álex Cajas,,https://fbref.com/en/matches/dbeda593/Barcelona-Universidad-Catolica-August-31-2025-Serie-A
Liga Profesional Ecuador,M,ECU,2025,1st,,27,Mon,2025-09-01,19:00,Delfín,0.0,Libertad,0.0,,Estadio Jocay,Augusto Aragón,,https://fbref.com/en/matches/5ff8f676/Delfin-Libertad-September-1-2025-Serie-A
Liga Profesional Ecuador,M,ECU,2025,1st,,28,Fri,2025-09-12,19:00,Libertad,0.0,LDU de Quito,1.0,,Estadio Federativo Reina del Cisne,Yerson Zambrano,,https://fbref.com/en/matches/6fb5d078/Libertad-LDU-de-Quito-September-12-2025-Serie-A
Liga Profesional Ecuador,M,ECU,2025,1st,,28,Sat,2025-09-13,14:00,Independiente,3.0,Vinotinto,1.0,,Estadio banco Guayaquil,Álex Cajas,,https://fbref.com/en/matches/58239d69/Independiente-del-Valle-Vinotinto-Ecuador-September-13-2025-Serie-A
Liga Profesional Ecuador,M,ECU,2025,1st,,28,Sat,2025-09-13,16:30,Univ Católica,1.0,Delfín,1.0,,Estadio Olímpico Atahualpa,Gabriel González,,https://fbref.com/en/matches/108b9578/Universidad-Catolica-Delfin-September-13-2025-Serie-A
Liga Profesional Ecuador,M,ECU,2025,1st,,28,Sat,2025-09-13,19:00,Orense,3.0,Mushuc Runa,1.0,,Estadio 9 de Mayo Banco de Machala,Anthony Yamil Díaz,,https://fbref.com/en/matches/7291b56a/Orense-Mushuc-Runa-September-13-2025-Serie-A
Liga Profesional Ecuador,M,ECU,2025,1st,,28,Sun,2025-09-14,11:45,El Nacional,0.0,Macará,2.0,,Estadio Olímpico Atahualpa,Oswaldo Contreras,,https://fbref.com/en/matches/259f93eb/El-Nacional-Macara-September-14-2025-Serie-A
Liga Profesional Ecuador,M,ECU,2025,1st,,28,Sun,2025-09-14,14:00,Técnico Univ.,0.0,Deportivo Cuenca,2.0,,Estadio Bellavista Universidad Indoaméri...,Augusto Aragón,,https://fbref.com/en/matches/087af20b/Tecnico-Univ-Deportivo-Cuenca-September-14-2025-Serie-A
Liga Profesional Ecuador,M,ECU,2025,1st,,28,Sun,2025-09-14,17:30,CS Emelec,0.0,Barcelona,4.0,,Estadio George Capwell Banco del Austro,Robert Cabrera,,https://fbref.com/en/matches/ad98a337/CS-Emelec-Barcelona-September-14-2025-Serie-A
Liga Profesional Ecuador,M,ECU,2025,1st,,28,Mon,2025-09-15,19:00,Manta Fútbol Club,1.0,SD Aucas,1.0,,Estadio Jocay,Bryan Loayza,,https://fbref.com/en/matches/f3df44b8/Manta-Futbol-Club-SD-Aucas-September-15-2025-Serie-A
