Competition_Name,Gender,Country,Season_End_Year,Tier,Round,Wk,Day,Date,Time,Home,HomeGoals,Home_xG,Away,AwayGoals,Away_xG,Attendance,Venue,Referee,Notes,MatchURL,home_cc,Home_clean,away_cc,Away_clean
Copa Libertadores de América,M,,2014,,First stage,,Tue,2014-01-28,19:00,Oriente Petrolero bo,1.0,,uy Nacional,0.0,,19884.0,Estadio Ramón Aguilera Costas,Enrique Cáceres,Leg 1 of 2,https://fbref.com/en/matches/40ef2a5e/Oriente-Petrolero-Nacional-January-28-2014-Copa-Libertadores,bo,Oriente Petrolero,uy,Nacional
Copa Libertadores de América,M,,2014,,First stage,,Tue,2014-01-28,19:15,Morelia mx,2.0,,co Santa Fe,1.0,,24031.0,Estadio Generalísimo José María Morelos ...,Juan Soto,Leg 1 of 2,https://fbref.com/en/matches/2abc76be/Morelia-Santa-Fe-January-28-2014-Copa-Libertadores,mx,Morelia,co,Santa Fe
Copa Libertadores de América,M,,2014,,First stage,,Wed,2014-01-29,19:00,Sporting Cristal pe,2.0,,br Ath Paranaense,1.0,,23752.0,Estadio Nacional,Enrique Osses,Leg 1 of 2,https://fbref.com/en/matches/1ee780d5/Sporting-Cristal-Athletico-Paranaense-January-29-2014-Copa-Libertadores,pe,Sporting Cristal,br,Ath Paranaense
Copa Libertadores de América,M,,2014,,First stage,,Wed,2014-01-29,19:00,SD Quito ec,1.0,,br Botafogo (RJ),0.0,,4123.0,Estadio Olímpico Atahualpa,Wilmar Roldán,Leg 1 of 2,https://fbref.com/en/matches/be9f235c/SD-Quito-Botafogo-RJ-January-29-2014-Copa-Libertadores,ec,SD Quito,br,Botafogo (RJ)
Copa Libertadores de América,M,,2014,,First stage,,Thu,2014-01-30,20:00,U de Chile cl,1.0,,py Guaraní,0.0,,34569.0,Estadio Nacional Julio Martínez Prádanos,Martín Vázquez,Leg 1 of 2,https://fbref.com/en/matches/40448340/Universidad-de-Chile-Guarani-January-30-2014-Copa-Libertadores,cl,U de Chile,py,Guaraní
Copa Libertadores de América,M,,2014,,First stage,,Thu,2014-01-30,20:45,Caracas FC ve,0.0,,ar Lanús,2.0,,12602.0,Estadio Olímpico,Víctor Carrillo,Leg 1 of 2,https://fbref.com/en/matches/3d2880b5/Caracas-FC-Lanus-January-30-2014-Copa-Libertadores,ve,Caracas FC,ar,Lanús
Copa Libertadores de América,M,,2014,,First stage,,Tue,2014-02-04,20:30,Santa Fe co,1.0,,mx Morelia,0.0,,27566.0,Estadio Nemesio Camacho El Campín,Raúl Orozco,Leg 2 of 2; Santa Fe won,https://fbref.com/en/matches/362c9da8/Santa-Fe-Morelia-February-4-2014-Copa-Libertadores,co,Santa Fe,mx,Morelia
Copa Libertadores de América,M,,2014,,First stage,,Tue,2014-02-04,21:00,Nacional uy,2.0,,bo Oriente Petrolero,0.0,,23991.0,Estadio Gran Parque Central,Carlos Vera,Leg 2 of 2; Nacional won,https://fbref.com/en/matches/c50a41c9/Nacional-Oriente-Petrolero-February-4-2014-Copa-Libertadores,uy,Nacional,bo,Oriente Petrolero
Copa Libertadores de América,M,,2014,,First stage,,Wed,2014-02-05,22:00,Botafogo (RJ) br,4.0,,ec SD Quito,0.0,,45154.0,Estadio Jornalista Mário Filho,Silvio Trucco,Leg 2 of 2; Botafogo (RJ) won,https://fbref.com/en/matches/aa59f495/Botafogo-RJ-SD-Quito-February-5-2014-Copa-Libertadores,br,Botafogo (RJ),ec,SD Quito
Copa Libertadores de América,M,,2014,,First stage,,Wed,2014-02-05,22:00,Ath Paranaense br,2.0,,pe Sporting Cristal,2.0,,9156.0,Estádio Durival de Brito e Silva,Antonio Arias,Leg 2 of 2; Ath Paranaense won; Ath Paranaense won on penalty kicks following extra time,https://fbref.com/en/matches/b0f476ec/Athletico-Paranaense-Sporting-Cristal-February-5-2014-Copa-Libertadores,br,Ath Paranaense,pe,Sporting Cristal
Copa Libertadores de América,M,,2014,,First stage,,Thu,2014-02-06,19:30,Guaraní py,2.0,,cl U de Chile,3.0,,4410.0,Estadio Rogelio Lorenzo Livieres,Pablo Díaz,Leg 2 of 2; U de Chile won,https://fbref.com/en/matches/002d49b6/Guarani-Universidad-de-Chile-February-6-2014-Copa-Libertadores,py,Guaraní,cl,U de Chile
Copa Libertadores de América,M,,2014,,First stage,,Thu,2014-02-06,22:00,Lanús ar,1.0,,ve Caracas FC,0.0,,19789.0,Estadio Ciudad de Lanús,Sandro Ricci,Leg 2 of 2; Lanús won,https://fbref.com/en/matches/7c409bd7/Lanus-Caracas-FC-February-6-2014-Copa-Libertadores,ar,Lanús,ve,Caracas FC
Copa Libertadores de América,M,,2014,,Round of 16,,Wed,2014-04-16,19:45,Lanús ar,2.0,,mx Santos,1.0,,,Estadio Ciudad de Lanús,Patricio Polic,Leg 1 of 2,https://fbref.com/en/matches/caace4d7/Lanus-Santos-Laguna-April-16-2014-Copa-Libertadores,ar,Lanús,mx,Santos
Copa Libertadores de América,M,,2014,,Round of 16,,Wed,2014-04-16,20:00,León mx,2.0,,bo Bolívar,2.0,,,Estadio León,Carlos Amarilla,Leg 1 of 2,https://fbref.com/en/matches/46c27767/Leon-Bolivar-April-16-2014-Copa-Libertadores,mx,León,bo,Bolívar
Copa Libertadores de América,M,,2014,,Round of 16,,Wed,2014-04-16,22:00,Cruzeiro br,1.0,,py Cerro Porteño,1.0,,,Estádio Governador Magalhães Pinto,Daniel Fedorczuk,Leg 1 of 2,https://fbref.com/en/matches/3c7f4e7a/Cruzeiro-Cerro-Porteno-April-16-2014-Copa-Libertadores,br,Cruzeiro,py,Cerro Porteño
Copa Libertadores de América,M,,2014,,Round of 16,,Thu,2014-04-17,20:15,The Strongest bo,2.0,,uy Defensor,0.0,,,Estadio Hernando Siles,Marcelo de Lima Henrique,Leg 1 of 2,https://fbref.com/en/matches/5a434011/The-Strongest-Defensor-Sporting-April-17-2014-Copa-Libertadores,bo,The Strongest,uy,Defensor
Copa Libertadores de América,M,,2014,,Round of 16,,Tue,2014-04-22,20:15,Bolívar bo,1.0,,mx León,1.0,,,Estadio Hernando Siles,Adrián Vélez,Leg 2 of 2; Bolívar won,https://fbref.com/en/matches/ebb82745/Bolivar-Leon-April-22-2014-Copa-Libertadores,bo,Bolívar,mx,León
Copa Libertadores de América,M,,2014,,Round of 16,,Wed,2014-04-23,18:45,Nacional py,1.0,,ar Vélez Sarsfield,0.0,,,Estadio Defensores del Chaco,Heber Roberto Lopes,Leg 1 of 2,https://fbref.com/en/matches/4ea8cbbf/Nacional-Asuncion-Velez-Sarsfield-April-23-2014-Copa-Libertadores,py,Nacional,ar,Vélez Sarsfield
Copa Libertadores de América,M,,2014,,Round of 16,,Wed,2014-04-23,20:00,Nacional co,1.0,,br Atlético Mineiro,0.0,,,Estadio Atanasio Girardot,Martín Vázquez,Leg 1 of 2,https://fbref.com/en/matches/48762f26/Atletico-Nacional-Atletico-Mineiro-April-23-2014-Copa-Libertadores,co,Nacional,br,Atlético Mineiro
Copa Libertadores de América,M,,2014,,Round of 16,,Wed,2014-04-23,22:00,San Lorenzo ar,1.0,,br Grêmio,0.0,,,Estadio Pedro Bidegaín,Enrique Osses,Leg 1 of 2,https://fbref.com/en/matches/0587a306/San-Lorenzo-Gremio-April-23-2014-Copa-Libertadores,ar,San Lorenzo,br,Grêmio
Copa Libertadores de América,M,,2014,,Round of 16,,Wed,2014-04-23,22:10,Santos mx,0.0,,ar Lanús,2.0,,,Estadio Nuevo Corona,Darío Ubríaco,Leg 2 of 2; Lanús won,https://fbref.com/en/matches/08c383be/Santos-Laguna-Lanus-April-23-2014-Copa-Libertadores,mx,Santos,ar,Lanús
Copa Libertadores de América,M,,2014,,Round of 16,,Thu,2014-04-24,21:15,Arsenal ar,0.0,,cl Unión Española,0.0,,,Estadio Julio Humberto Grondona,Víctor Carrillo,Leg 1 of 2,https://fbref.com/en/matches/322dfed2/Arsenal-de-Sarandi-Union-Espanola-April-24-2014-Copa-Libertadores,ar,Arsenal,cl,Unión Española
Copa Libertadores de América,M,,2014,,Round of 16,,Tue,2014-04-29,19:15,Defensor uy,2.0,,bo The Strongest,2.0,,,Estadio Luis Franzini,Antonio Arias,Leg 2 of 2; Defensor won; Defensor won on penalty kicks following extra time,https://fbref.com/en/matches/dd645cbd/Defensor-Sporting-The-Strongest-April-29-2014-Copa-Libertadores,uy,Defensor,bo,The Strongest
Copa Libertadores de América,M,,2014,,Round of 16,,Tue,2014-04-29,21:45,Vélez Sarsfield ar,2.0,,py Nacional,2.0,,,Estadio José Amalfitani,Sandro Ricci,Leg 2 of 2; Nacional won,https://fbref.com/en/matches/bd04ac26/Velez-Sarsfield-Nacional-Asuncion-April-29-2014-Copa-Libertadores,ar,Vélez Sarsfield,py,Nacional
Copa Libertadores de América,M,,2014,,Round of 16,,Wed,2014-04-30,17:30,Unión Española cl,0.0,,ar Arsenal,1.0,,,Estadio Santa Laura-Universidad SEK,Ricardo Marques Ribeiro,Leg 2 of 2; Arsenal won,https://fbref.com/en/matches/0821ad93/Union-Espanola-Arsenal-de-Sarandi-April-30-2014-Copa-Libertadores,cl,Unión Española,ar,Arsenal
Copa Libertadores de América,M,,2014,,Round of 16,,Wed,2014-04-30,21:00,Cerro Porteño py,0.0,,br Cruzeiro,2.0,,,Estadio General Pablo Rojas,Darío Ubríaco,Leg 2 of 2; Cruzeiro won,https://fbref.com/en/matches/878dc9aa/Cerro-Porteno-Cruzeiro-April-30-2014-Copa-Libertadores,py,Cerro Porteño,br,Cruzeiro
Copa Libertadores de América,M,,2014,,Round of 16,,Wed,2014-04-30,22:00,Grêmio br,1.0,,ar San Lorenzo,1.0,,,Arena do Grêmio,Roberto Silvera,Leg 2 of 2; San Lorenzo won; San Lorenzo won on penalty kicks following extra time,https://fbref.com/en/matches/24d7ae11/Gremio-San-Lorenzo-April-30-2014-Copa-Libertadores,br,Grêmio,ar,San Lorenzo
Copa Libertadores de América,M,,2014,,Round of 16,,Thu,2014-05-01,19:15,Atlético Mineiro br,1.0,,co Nacional,1.0,,,Estádio Raimundo Sampaio,Patricio Loustau,Leg 2 of 2; Nacional won,https://fbref.com/en/matches/837a4eb9/Atletico-Mineiro-Atletico-Nacional-May-1-2014-Copa-Libertadores,br,Atlético Mineiro,co,Nacional
Copa Libertadores de América,M,,2014,,Quarter-finals,,Wed,2014-05-07,18:30,Nacional py,1.0,,ar Arsenal,0.0,,,Estadio Defensores del Chaco,Wilmar Roldán,Leg 1 of 2,https://fbref.com/en/matches/9d7cea6e/Nacional-Asuncion-Arsenal-de-Sarandi-May-7-2014-Copa-Libertadores,py,Nacional,ar,Arsenal
Copa Libertadores de América,M,,2014,,Quarter-finals,,Wed,2014-05-07,21:00,San Lorenzo ar,1.0,,br Cruzeiro,0.0,,,Estadio Pedro Bidegaín,Antonio Arias,Leg 1 of 2,https://fbref.com/en/matches/ff24825b/San-Lorenzo-Cruzeiro-May-7-2014-Copa-Libertadores,ar,San Lorenzo,br,Cruzeiro
Copa Libertadores de América,M,,2014,,Quarter-finals,,Thu,2014-05-08,19:45,Lanús ar,1.0,,bo Bolívar,1.0,,,Estadio Ciudad de Lanús,Víctor Carrillo,Leg 1 of 2,https://fbref.com/en/matches/be5d49eb/Lanus-Bolivar-May-8-2014-Copa-Libertadores,ar,Lanús,bo,Bolívar
Copa Libertadores de América,M,,2014,,Quarter-finals,,Thu,2014-05-08,20:00,Nacional co,0.0,,uy Defensor,2.0,,,Estadio Atanasio Girardot,Néstor Pitana,Leg 1 of 2,https://fbref.com/en/matches/8efae47a/Atletico-Nacional-Defensor-Sporting-May-8-2014-Copa-Libertadores,co,Nacional,uy,Defensor
Copa Libertadores de América,M,,2014,,Quarter-finals,,Wed,2014-05-14,19:30,Arsenal ar,0.0,,py Nacional,0.0,,,Estadio Julio Humberto Grondona,Leandro Pedro Vuaden,Leg 2 of 2; Nacional won,https://fbref.com/en/matches/9c7eb822/Arsenal-de-Sarandi-Nacional-Asuncion-May-14-2014-Copa-Libertadores,ar,Arsenal,py,Nacional
Copa Libertadores de América,M,,2014,,Quarter-finals,,Wed,2014-05-14,22:00,Cruzeiro br,1.0,,ar San Lorenzo,1.0,,,Estádio Governador Magalhães Pinto,Martín Vázquez,Leg 2 of 2; San Lorenzo won,https://fbref.com/en/matches/e9331a4a/Cruzeiro-San-Lorenzo-May-14-2014-Copa-Libertadores,br,Cruzeiro,ar,San Lorenzo
Copa Libertadores de América,M,,2014,,Quarter-finals,,Thu,2014-05-15,18:30,Bolívar bo,1.0,,ar Lanús,0.0,,,Estadio Hernando Siles,Roddy Zambrano,Leg 2 of 2; Bolívar won,https://fbref.com/en/matches/4f21ad5f/Bolivar-Lanus-May-15-2014-Copa-Libertadores,bo,Bolívar,ar,Lanús
Copa Libertadores de América,M,,2014,,Quarter-finals,,Thu,2014-05-15,22:00,Defensor uy,1.0,,co Nacional,0.0,,,Estadio Centenario,Enrique Osses,Leg 2 of 2; Defensor won,https://fbref.com/en/matches/d3803a89/Defensor-Sporting-Atletico-Nacional-May-15-2014-Copa-Libertadores,uy,Defensor,co,Nacional
Copa Libertadores de América,M,,2014,,Semi-finals,,Mon,2014-07-21,20:15,Nacional py,2.0,,uy Defensor,0.0,,,Estadio Defensores del Chaco,Víctor Carrillo,Leg 1 of 2,https://fbref.com/en/matches/5c109c77/Nacional-Asuncion-Defensor-Sporting-July-21-2014-Copa-Libertadores,py,Nacional,uy,Defensor
Copa Libertadores de América,M,,2014,,Semi-finals,,Tue,2014-07-22,20:45,San Lorenzo ar,5.0,,bo Bolívar,0.0,,,Estadio Pedro Bidegaín,Hernando Buitrago,Leg 1 of 2,https://fbref.com/en/matches/0fd6ef92/San-Lorenzo-Bolivar-July-22-2014-Copa-Libertadores,ar,San Lorenzo,bo,Bolívar
Copa Libertadores de América,M,,2014,,Semi-finals,,Mon,2014-07-28,22:15,Defensor uy,1.0,,py Nacional,0.0,,,Estadio Centenario,Ricardo Marques Ribeiro,Leg 2 of 2; Nacional won,https://fbref.com/en/matches/9e0a990b/Defensor-Sporting-Nacional-Asuncion-July-28-2014-Copa-Libertadores,uy,Defensor,py,Nacional
Copa Libertadores de América,M,,2014,,Semi-finals,,Tue,2014-07-29,20:15,Bolívar bo,1.0,,ar San Lorenzo,0.0,,,Estadio Hernando Siles,Carlos Vera,Leg 2 of 2; San Lorenzo won,https://fbref.com/en/matches/9342816b/Bolivar-San-Lorenzo-July-29-2014-Copa-Libertadores,bo,Bolívar,ar,San Lorenzo
Copa Libertadores de América,M,,2014,,Finals,,Tue,2014-08-05,20:15,Nacional py,1.0,,ar San Lorenzo,1.0,,,Estadio Defensores del Chaco,Wilmar Roldán,Leg 1 of 2,https://fbref.com/en/matches/39583f59/Nacional-Asuncion-San-Lorenzo-August-5-2014-Copa-Libertadores,py,Nacional,ar,San Lorenzo
Copa Libertadores de América,M,,2014,,Finals,,Tue,2014-08-12,22:15,San Lorenzo ar,1.0,,py Nacional,0.0,,,Estadio Pedro Bidegaín,Sandro Ricci,Leg 2 of 2; San Lorenzo won,https://fbref.com/en/matches/1311849c/San-Lorenzo-Nacional-Asuncion-August-12-2014-Copa-Libertadores,ar,San Lorenzo,py,Nacional
Copa Libertadores de América,M,,2014,,Second stage,1,Tue,2014-02-11,18:15,Santos mx,1.0,,ar Arsenal,0.0,,15000.0,Estadio Nuevo Corona,Adrián Vélez,,https://fbref.com/en/matches/f00f3667/Santos-Laguna-Arsenal-de-Sarandi-February-11-2014-Copa-Libertadores,mx,Santos,ar,Arsenal
Copa Libertadores de América,M,,2014,,Second stage,1,Tue,2014-02-11,19:45,Zamora ve,0.0,,br Atlético Mineiro,1.0,,30000.0,Estadio Rafael Agustín Tovar,Mauro Vigliano,,https://fbref.com/en/matches/2c3a9431/Zamora-Atletico-Mineiro-February-11-2014-Copa-Libertadores,ve,Zamora,br,Atlético Mineiro
Copa Libertadores de América,M,,2014,,Second stage,1,Tue,2014-02-11,20:00,Botafogo (RJ) br,2.0,,ar San Lorenzo,0.0,,28116.0,Estadio Jornalista Mário Filho,Roberto Silvera,,https://fbref.com/en/matches/39bf6205/Botafogo-RJ-San-Lorenzo-February-11-2014-Copa-Libertadores,br,Botafogo (RJ),ar,San Lorenzo
Copa Libertadores de América,M,,2014,,Second stage,1,Tue,2014-02-11,21:30,Santa Fe co,3.0,,py Nacional,1.0,,12000.0,Estadio Nemesio Camacho El Campín,Germán Delfino,,https://fbref.com/en/matches/df62d140/Santa-Fe-Nacional-Asuncion-February-11-2014-Copa-Libertadores,co,Santa Fe,py,Nacional
Copa Libertadores de América,M,,2014,,Second stage,1,Tue,2014-02-11,21:30,Universitario pe,0.0,,ar Vélez Sarsfield,1.0,,37500.0,Estadio Monumental,Roddy Zambrano,,https://fbref.com/en/matches/4fe34c67/Universitario-Velez-Sarsfield-February-11-2014-Copa-Libertadores,pe,Universitario,ar,Vélez Sarsfield
Copa Libertadores de América,M,,2014,,Second stage,1,Wed,2014-02-12,17:15,Anzoátegui ve,1.0,,uy Peñarol,1.0,,3500.0,Estadio Olímpico General José Antonio An...,Diego Lara,,https://fbref.com/en/matches/339d79e3/Anzoategui-Penarol-February-12-2014-Copa-Libertadores,ve,Anzoátegui,uy,Peñarol
Copa Libertadores de América,M,,2014,,Second stage,1,Wed,2014-02-12,18:00,León mx,2.0,,br Flamengo,1.0,,33000.0,Estadio León,Hernando Buitrago,,https://fbref.com/en/matches/74d73b33/Leon-Flamengo-February-12-2014-Copa-Libertadores,mx,León,br,Flamengo
Copa Libertadores de América,M,,2014,,Second stage,1,Wed,2014-02-12,19:00,Real Garcilaso pe,2.0,,br Cruzeiro,1.0,,10000.0,Estadio Huancayo,José Argote,,https://fbref.com/en/matches/bd5d60b0/Real-Garcilaso-Cruzeiro-February-12-2014-Copa-Libertadores,pe,Real Garcilaso,br,Cruzeiro
Copa Libertadores de América,M,,2014,,Second stage,1,Wed,2014-02-12,21:15,AD Cali co,1.0,,py Cerro Porteño,0.0,,18531.0,Estadio Olímpico Pascual Guerrero,Paulo César de Oliveira,,https://fbref.com/en/matches/34244fbe/AD-Cali-Cerro-Porteno-February-12-2014-Copa-Libertadores,co,AD Cali,py,Cerro Porteño
Copa Libertadores de América,M,,2014,,Second stage,1,Thu,2014-02-13,19:00,U de Chile cl,1.0,,uy Defensor,0.0,,18531.0,Estadio Nacional Julio Martínez Prádanos,Enrique Cáceres,,https://fbref.com/en/matches/9c4254b0/Universidad-de-Chile-Defensor-Sporting-February-13-2014-Copa-Libertadores,cl,U de Chile,uy,Defensor
Copa Libertadores de América,M,,2014,,Second stage,1,Thu,2014-02-13,20:00,Ath Paranaense br,1.0,,bo The Strongest,0.0,,11731.0,Estádio Durival de Brito e Silva,Daniel Fedorczuk,,https://fbref.com/en/matches/e7aa0c66/Athletico-Paranaense-The-Strongest-February-13-2014-Copa-Libertadores,br,Ath Paranaense,bo,The Strongest
Copa Libertadores de América,M,,2014,,Second stage,1,Thu,2014-02-13,21:15,Lanús ar,0.0,,cl O'Higgins,0.0,,25600.0,Estadio Ciudad de Lanús,Óscar Maldonado,,https://fbref.com/en/matches/f6b206b2/Lanus-OHiggins-February-13-2014-Copa-Libertadores,ar,Lanús,cl,O'Higgins
Copa Libertadores de América,M,,2014,,Second stage,1,Thu,2014-02-13,21:30,CS Emelec ec,2.0,,bo Bolívar,1.0,,13000.0,Estadio Banco del Pacífico,Patricio Polic,,https://fbref.com/en/matches/debca153/CS-Emelec-Bolivar-February-13-2014-Copa-Libertadores,ec,CS Emelec,bo,Bolívar
Copa Libertadores de América,M,,2014,,Second stage,1,Thu,2014-02-13,21:30,Nacional co,1.0,,ar Newell's OB,0.0,,40000.0,Estadio Atanasio Girardot,Julio Bascuñán,,https://fbref.com/en/matches/5400c0c6/Atletico-Nacional-Newells-Old-Boys-February-13-2014-Copa-Libertadores,co,Nacional,ar,Newell's OB
Copa Libertadores de América,M,,2014,,Second stage,1,Thu,2014-02-13,22:15,Nacional uy,0.0,,br Grêmio,1.0,,25000.0,Estadio Gran Parque Central,Antonio Arias,,https://fbref.com/en/matches/9d1ec2d2/Nacional-Gremio-February-13-2014-Copa-Libertadores,uy,Nacional,br,Grêmio
Copa Libertadores de América,M,,2014,,Second stage,1,Tue,2014-02-18,20:30,Independiente ec,2.0,,cl Unión Española,2.0,,5000.0,Estadio General Rumiñahui del Valle de L...,Raúl Orozco,,https://fbref.com/en/matches/5402ca4d/Independiente-del-Valle-Union-Espanola-February-18-2014-Copa-Libertadores,ec,Independiente,cl,Unión Española
Copa Libertadores de América,M,,2014,,Second stage,2,Tue,2014-02-18,22:15,Peñarol uy,0.0,,mx Santos,2.0,,35000.0,Estadio Centenario,Heber Roberto Lopes,,https://fbref.com/en/matches/94a42b27/Penarol-Santos-Laguna-February-18-2014-Copa-Libertadores,uy,Peñarol,mx,Santos
Copa Libertadores de América,M,,2014,,Second stage,2,Wed,2014-02-19,20:30,Defensor uy,4.0,,pe Real Garcilaso,1.0,,8000.0,Estadio Centenario,Roddy Zambrano,,https://fbref.com/en/matches/0c7563bd/Defensor-Sporting-Real-Garcilaso-February-19-2014-Copa-Libertadores,uy,Defensor,pe,Real Garcilaso
Copa Libertadores de América,M,,2014,,Second stage,2,Wed,2014-02-19,20:45,Bolívar bo,1.0,,mx León,1.0,,18000.0,Estadio Hernando Siles,Manuel Garay,,https://fbref.com/en/matches/2bc5f3f5/Bolivar-Leon-February-19-2014-Copa-Libertadores,bo,Bolívar,mx,León
Copa Libertadores de América,M,,2014,,Second stage,2,Wed,2014-02-19,21:45,O'Higgins cl,1.0,,co AD Cali,0.0,,10000.0,Estadio Monumental David Arellano,Ricardo Marques Ribeiro,,https://fbref.com/en/matches/f2e52c74/OHiggins-AD-Cali-February-19-2014-Copa-Libertadores,cl,O'Higgins,co,AD Cali
Copa Libertadores de América,M,,2014,,Second stage,2,Thu,2014-02-20,20:00,Nacional py,1.0,,ve Zamora,0.0,,2000.0,Estadio Defensores del Chaco,Christian Ferreyra,,https://fbref.com/en/matches/9cf499f3/Nacional-Asuncion-Zamora-February-20-2014-Copa-Libertadores,py,Nacional,ve,Zamora
Copa Libertadores de América,M,,2014,,Second stage,2,Thu,2014-02-20,21:15,The Strongest bo,1.0,,pe Universitario,0.0,,25000.0,Estadio Hernando Siles,Julio Quintana,,https://fbref.com/en/matches/de2cdc5c/The-Strongest-Universitario-February-20-2014-Copa-Libertadores,bo,The Strongest,pe,Universitario
Copa Libertadores de América,M,,2014,,Second stage,2,Tue,2014-02-25,17:30,Cruzeiro br,5.0,,cl U de Chile,1.0,,25000.0,Estádio Governador Magalhães Pinto,Saúl Laverni,,https://fbref.com/en/matches/7f105e82/Cruzeiro-Universidad-de-Chile-February-25-2014-Copa-Libertadores,br,Cruzeiro,cl,U de Chile
Copa Libertadores de América,M,,2014,,Second stage,2,Tue,2014-02-25,19:45,Vélez Sarsfield ar,2.0,,br Ath Paranaense,0.0,,15000.0,Estadio José Amalfitani,Roberto Silvera,,https://fbref.com/en/matches/931f07ff/Velez-Sarsfield-Athletico-Paranaense-February-25-2014-Copa-Libertadores,ar,Vélez Sarsfield,br,Ath Paranaense
Copa Libertadores de América,M,,2014,,Second stage,2,Tue,2014-02-25,22:00,Arsenal ar,3.0,,ve Anzoátegui,0.0,,1000.0,Estadio Julio Humberto Grondona,Víctor Carrillo,,https://fbref.com/en/matches/b8df4556/Arsenal-de-Sarandi-Anzoategui-February-25-2014-Copa-Libertadores,ar,Arsenal,ve,Anzoátegui
Copa Libertadores de América,M,,2014,,Second stage,2,Tue,2014-02-25,22:00,Grêmio br,3.0,,co Nacional,0.0,,30000.0,Arena do Grêmio,Patricio Polic,,https://fbref.com/en/matches/eef0d24c/Gremio-Atletico-Nacional-February-25-2014-Copa-Libertadores,br,Grêmio,co,Nacional
Copa Libertadores de América,M,,2014,,Second stage,2,Wed,2014-02-26,19:45,Unión Española cl,1.0,,br Botafogo (RJ),1.0,,7000.0,Estadio Santa Laura-Universidad SEK,Juan Soto,,https://fbref.com/en/matches/fdf6f28c/Union-Espanola-Botafogo-RJ-February-26-2014-Copa-Libertadores,cl,Unión Española,br,Botafogo (RJ)
Copa Libertadores de América,M,,2014,,Second stage,2,Wed,2014-02-26,19:45,Cerro Porteño py,3.0,,ar Lanús,1.0,,30000.0,Estadio General Pablo Rojas,Heber Roberto Lopes,,https://fbref.com/en/matches/ec011b0b/Cerro-Porteno-Lanus-February-26-2014-Copa-Libertadores,py,Cerro Porteño,ar,Lanús
Copa Libertadores de América,M,,2014,,Second stage,2,Wed,2014-02-26,22:00,Flamengo br,3.0,,ec CS Emelec,1.0,,60000.0,Estadio Jornalista Mário Filho,Néstor Pitana,,https://fbref.com/en/matches/34420e5d/Flamengo-CS-Emelec-February-26-2014-Copa-Libertadores,br,Flamengo,ec,CS Emelec
Copa Libertadores de América,M,,2014,,Second stage,2,Wed,2014-02-26,22:00,Atlético Mineiro br,2.0,,co Santa Fe,1.0,,20000.0,Estádio Raimundo Sampaio,Daniel Fedorczuk,,https://fbref.com/en/matches/23077c89/Atletico-Mineiro-Santa-Fe-February-26-2014-Copa-Libertadores,br,Atlético Mineiro,co,Santa Fe
Copa Libertadores de América,M,,2014,,Second stage,2,Thu,2014-02-27,19:30,San Lorenzo ar,1.0,,ec Independiente,0.0,,,Estadio Pedro Bidegaín,Enrique Cáceres,,https://fbref.com/en/matches/43954ea4/San-Lorenzo-Independiente-del-Valle-February-27-2014-Copa-Libertadores,ar,San Lorenzo,ec,Independiente
Copa Libertadores de América,M,,2014,,Second stage,2,Thu,2014-02-27,21:45,Newell's OB ar,4.0,,uy Nacional,0.0,,42000.0,Estadio Marcelo Alberto Bielsa,Enrique Osses,,https://fbref.com/en/matches/3d08d1ed/Newells-Old-Boys-Nacional-February-27-2014-Copa-Libertadores,ar,Newell's OB,uy,Nacional
Copa Libertadores de América,M,,2014,,Second stage,3,Tue,2014-03-11,19:00,Defensor uy,2.0,,br Cruzeiro,0.0,,,Estadio Luis Franzini,Diego Abal,,https://fbref.com/en/matches/daa2ccd3/Defensor-Sporting-Cruzeiro-March-11-2014-Copa-Libertadores,uy,Defensor,br,Cruzeiro
Copa Libertadores de América,M,,2014,,Second stage,3,Tue,2014-03-11,19:15,Nacional co,2.0,,uy Nacional,2.0,,,Estadio Atanasio Girardot,Marco Antonio Rodríguez,,https://fbref.com/en/matches/1dc5a1dc/Atletico-Nacional-Nacional-March-11-2014-Copa-Libertadores,co,Nacional,uy,Nacional
Copa Libertadores de América,M,,2014,,Second stage,3,Tue,2014-03-11,19:45,Anzoátegui ve,1.0,,mx Santos,1.0,,,Estadio Olímpico General José Antonio An...,Raúl Orozco,,https://fbref.com/en/matches/162e6b17/Anzoategui-Santos-Laguna-March-11-2014-Copa-Libertadores,ve,Anzoátegui,mx,Santos
Copa Libertadores de América,M,,2014,,Second stage,3,Tue,2014-03-11,20:15,The Strongest bo,2.0,,ar Vélez Sarsfield,0.0,,,Estadio Hernando Siles,Julio Bascuñán,,https://fbref.com/en/matches/56c4da62/The-Strongest-Velez-Sarsfield-March-11-2014-Copa-Libertadores,bo,The Strongest,ar,Vélez Sarsfield
Copa Libertadores de América,M,,2014,,Second stage,3,Tue,2014-03-11,21:30,Real Garcilaso pe,1.0,,cl U de Chile,2.0,,,Estadio Huancayo,Wilmar Roldán,,https://fbref.com/en/matches/a18ef147/Real-Garcilaso-Universidad-de-Chile-March-11-2014-Copa-Libertadores,pe,Real Garcilaso,cl,U de Chile
Copa Libertadores de América,M,,2014,,Second stage,3,Tue,2014-03-11,21:30,CS Emelec ec,2.0,,mx León,1.0,,,Estadio Banco del Pacífico,José Argote,,https://fbref.com/en/matches/4a885f44/CS-Emelec-Leon-March-11-2014-Copa-Libertadores,ec,CS Emelec,mx,León
Copa Libertadores de América,M,,2014,,Second stage,3,Wed,2014-03-12,17:45,Independiente ec,2.0,,br Botafogo (RJ),1.0,,,Estadio General Rumiñahui del Valle de L...,Manuel Garay,,https://fbref.com/en/matches/c857133f/Independiente-del-Valle-Botafogo-RJ-March-12-2014-Copa-Libertadores,ec,Independiente,br,Botafogo (RJ)
Copa Libertadores de América,M,,2014,,Second stage,3,Wed,2014-03-12,19:45,San Lorenzo ar,1.0,,cl Unión Española,1.0,,,Estadio Pedro Bidegaín,Darío Ubríaco,,https://fbref.com/en/matches/6bdf4b3f/San-Lorenzo-Union-Espanola-March-12-2014-Copa-Libertadores,ar,San Lorenzo,cl,Unión Española
Copa Libertadores de América,M,,2014,,Second stage,3,Wed,2014-03-12,20:30,Zamora ve,2.0,,co Santa Fe,1.0,,,Estadio Rafael Agustín Tovar,Roddy Zambrano,,https://fbref.com/en/matches/fde7c12e/Zamora-Santa-Fe-March-12-2014-Copa-Libertadores,ve,Zamora,co,Santa Fe
Copa Libertadores de América,M,,2014,,Second stage,3,Wed,2014-03-12,22:00,Nacional py,2.0,,br Atlético Mineiro,2.0,,,Estadio Antonio Aranda,Patricio Loustau,,https://fbref.com/en/matches/b567a3c8/Nacional-Asuncion-Atletico-Mineiro-March-12-2014-Copa-Libertadores,py,Nacional,br,Atlético Mineiro
Copa Libertadores de América,M,,2014,,Second stage,3,Wed,2014-03-12,22:00,Flamengo br,2.0,,bo Bolívar,2.0,,,Estadio Jornalista Mário Filho,Enrique Osses,,https://fbref.com/en/matches/e13a7fb8/Flamengo-Bolivar-March-12-2014-Copa-Libertadores,br,Flamengo,bo,Bolívar
Copa Libertadores de América,M,,2014,,Second stage,3,Thu,2014-03-13,19:00,Arsenal ar,1.0,,uy Peñarol,0.0,,,Estadio Julio Humberto Grondona,Sandro Ricci,,https://fbref.com/en/matches/70997a85/Arsenal-de-Sarandi-Penarol-March-13-2014-Copa-Libertadores,ar,Arsenal,uy,Peñarol
Copa Libertadores de América,M,,2014,,Second stage,3,Thu,2014-03-13,21:15,Grêmio br,0.0,,ar Newell's OB,0.0,,,Arena do Grêmio,Carlos Amarilla,,https://fbref.com/en/matches/0ba19c8f/Gremio-Newells-Old-Boys-March-13-2014-Copa-Libertadores,br,Grêmio,ar,Newell's OB
Copa Libertadores de América,M,,2014,,Second stage,3,Thu,2014-03-13,21:15,O'Higgins cl,2.0,,py Cerro Porteño,2.0,,,Estadio Monumental David Arellano,Martín Vázquez,,https://fbref.com/en/matches/0a8cf5da/OHiggins-Cerro-Porteno-March-13-2014-Copa-Libertadores,cl,O'Higgins,py,Cerro Porteño
Copa Libertadores de América,M,,2014,,Second stage,3,Thu,2014-03-13,21:30,AD Cali co,2.0,,ar Lanús,1.0,,,Estadio Olímpico Pascual Guerrero,Leandro Pedro Vuaden,,https://fbref.com/en/matches/564a91cb/AD-Cali-Lanus-March-13-2014-Copa-Libertadores,co,AD Cali,ar,Lanús
Copa Libertadores de América,M,,2014,,Second stage,3,Thu,2014-03-13,21:30,Universitario pe,0.0,,br Ath Paranaense,1.0,,,Estadio Monumental,Ímer Machado,,https://fbref.com/en/matches/349502c0/Universitario-Athletico-Paranaense-March-13-2014-Copa-Libertadores,pe,Universitario,br,Ath Paranaense
Copa Libertadores de América,M,,2014,,Second stage,4,Tue,2014-03-18,19:45,Nacional uy,0.0,,co Nacional,1.0,,,Estadio Gran Parque Central,Raúl Orozco,,https://fbref.com/en/matches/b2311b65/Nacional-Atletico-Nacional-March-18-2014-Copa-Libertadores,uy,Nacional,co,Nacional
Copa Libertadores de América,M,,2014,,Second stage,4,Tue,2014-03-18,19:45,U de Chile cl,1.0,,pe Real Garcilaso,0.0,,,Estadio Santa Laura-Universidad SEK,Antonio Arias,,https://fbref.com/en/matches/9aa2fb67/Universidad-de-Chile-Real-Garcilaso-March-18-2014-Copa-Libertadores,cl,U de Chile,pe,Real Garcilaso
Copa Libertadores de América,M,,2014,,Second stage,4,Tue,2014-03-18,20:00,Santa Fe co,2.0,,ve Zamora,2.0,,,Estadio Nemesio Camacho El Campín,Óscar Maldonado,,https://fbref.com/en/matches/aafc1726/Santa-Fe-Zamora-March-18-2014-Copa-Libertadores,co,Santa Fe,ve,Zamora
Copa Libertadores de América,M,,2014,,Second stage,4,Tue,2014-03-18,21:15,Santos mx,3.0,,ve Anzoátegui,0.0,,,Estadio Nuevo Corona,Wilson Lamouroux,,https://fbref.com/en/matches/a2276144/Santos-Laguna-Anzoategui-March-18-2014-Copa-Libertadores,mx,Santos,ve,Anzoátegui
Copa Libertadores de América,M,,2014,,Second stage,4,Tue,2014-03-18,22:00,Vélez Sarsfield ar,2.0,,bo The Strongest,0.0,,,Estadio José Amalfitani,Juan Soto,,https://fbref.com/en/matches/260a239d/Velez-Sarsfield-The-Strongest-March-18-2014-Copa-Libertadores,ar,Vélez Sarsfield,bo,The Strongest
Copa Libertadores de América,M,,2014,,Second stage,4,Tue,2014-03-18,22:00,Botafogo (RJ) br,1.0,,ec Independiente,0.0,,,Estadio Jornalista Mário Filho,Darío Ubríaco,,https://fbref.com/en/matches/378f1e79/Botafogo-RJ-Independiente-del-Valle-March-18-2014-Copa-Libertadores,br,Botafogo (RJ),ec,Independiente
Copa Libertadores de América,M,,2014,,Second stage,4,Wed,2014-03-19,19:00,León mx,3.0,,ec CS Emelec,0.0,,,Estadio León,Diego Ceballos,,https://fbref.com/en/matches/84880968/Leon-CS-Emelec-March-19-2014-Copa-Libertadores,mx,León,ec,CS Emelec
Copa Libertadores de América,M,,2014,,Second stage,4,Wed,2014-03-19,19:45,Peñarol uy,2.0,,ar Arsenal,1.0,,,Estadio Centenario,Wilton Sampaio,,https://fbref.com/en/matches/843d6cc5/Penarol-Arsenal-de-Sarandi-March-19-2014-Copa-Libertadores,uy,Peñarol,ar,Arsenal
Copa Libertadores de América,M,,2014,,Second stage,4,Wed,2014-03-19,19:45,Atlético Mineiro br,1.0,,py Nacional,1.0,,,Estádio Governador Magalhães Pinto,Omar Ponce,,https://fbref.com/en/matches/353e81e5/Atletico-Mineiro-Nacional-Asuncion-March-19-2014-Copa-Libertadores,br,Atlético Mineiro,py,Nacional
Copa Libertadores de América,M,,2014,,Second stage,4,Wed,2014-03-19,21:00,Bolívar bo,1.0,,br Flamengo,0.0,,,Estadio Hernando Siles,Mario Díaz de Vivar,,https://fbref.com/en/matches/2559eaf1/Bolivar-Flamengo-March-19-2014-Copa-Libertadores,bo,Bolívar,br,Flamengo
Copa Libertadores de América,M,,2014,,Second stage,4,Wed,2014-03-19,22:00,Newell's OB ar,1.0,,br Grêmio,1.0,,,Estadio Marcelo Alberto Bielsa,Carlos Vera,,https://fbref.com/en/matches/aea884ff/Newells-Old-Boys-Gremio-March-19-2014-Copa-Libertadores,ar,Newell's OB,br,Grêmio
Copa Libertadores de América,M,,2014,,Second stage,4,Thu,2014-03-20,17:30,Ath Paranaense br,3.0,,pe Universitario,0.0,,,Estádio Durival de Brito e Silva,Patricio Polic,,https://fbref.com/en/matches/74c97a1d/Athletico-Paranaense-Universitario-March-20-2014-Copa-Libertadores,br,Ath Paranaense,pe,Universitario
Copa Libertadores de América,M,,2014,,Second stage,4,Thu,2014-03-20,19:45,Cerro Porteño py,2.0,,cl O'Higgins,1.0,,,Estadio General Pablo Rojas,Víctor Carrillo,,https://fbref.com/en/matches/2e7df8a2/Cerro-Porteno-OHiggins-March-20-2014-Copa-Libertadores,py,Cerro Porteño,cl,O'Higgins
Copa Libertadores de América,M,,2014,,Second stage,4,Thu,2014-03-20,19:45,Lanús ar,2.0,,co AD Cali,0.0,,,Estadio Ciudad de Lanús,Daniel Fedorczuk,,https://fbref.com/en/matches/43c6fabf/Lanus-AD-Cali-March-20-2014-Copa-Libertadores,ar,Lanús,co,AD Cali
Copa Libertadores de América,M,,2014,,Second stage,4,Thu,2014-03-20,22:00,Unión Española cl,1.0,,ar San Lorenzo,0.0,,,Estadio Santa Laura-Universidad SEK,Hernando Buitrago,,https://fbref.com/en/matches/dce81a95/Union-Espanola-San-Lorenzo-March-20-2014-Copa-Libertadores,cl,Unión Española,ar,San Lorenzo
Copa Libertadores de América,M,,2014,,Second stage,4,Thu,2014-03-20,22:00,Cruzeiro br,2.0,,uy Defensor,2.0,,,Estádio Governador Magalhães Pinto,Mauro Vigliano,,https://fbref.com/en/matches/78e928b2/Cruzeiro-Defensor-Sporting-March-20-2014-Copa-Libertadores,br,Cruzeiro,uy,Defensor
Copa Libertadores de América,M,,2014,,Second stage,5,Tue,2014-03-25,19:00,Zamora ve,2.0,,py Nacional,0.0,,,Estadio Rafael Agustín Tovar,Diego Abal,,https://fbref.com/en/matches/b97dd478/Zamora-Nacional-Asuncion-March-25-2014-Copa-Libertadores,ve,Zamora,py,Nacional
Copa Libertadores de América,M,,2014,,Second stage,5,Tue,2014-03-25,20:00,Santos mx,4.0,,uy Peñarol,1.0,,,Estadio Nuevo Corona,Leandro Pedro Vuaden,,https://fbref.com/en/matches/6f8530cb/Santos-Laguna-Penarol-March-25-2014-Copa-Libertadores,mx,Santos,uy,Peñarol
Copa Libertadores de América,M,,2014,,Second stage,5,Tue,2014-03-25,21:30,Anzoátegui ve,1.0,,ar Arsenal,3.0,,,Estadio Olímpico General José Antonio An...,Ricardo Marques Ribeiro,,https://fbref.com/en/matches/d773edb7/Anzoategui-Arsenal-de-Sarandi-March-25-2014-Copa-Libertadores,ve,Anzoátegui,ar,Arsenal
Copa Libertadores de América,M,,2014,,Second stage,5,Wed,2014-03-26,19:45,Nacional uy,2.0,,ar Newell's OB,4.0,,,Estadio Centenario,Patricio Polic,,https://fbref.com/en/matches/2cf26c55/Nacional-Newells-Old-Boys-March-26-2014-Copa-Libertadores,uy,Nacional,ar,Newell's OB
Copa Libertadores de América,M,,2014,,Second stage,5,Wed,2014-03-26,20:00,AD Cali co,1.0,,cl O'Higgins,1.0,,,Estadio Olímpico Pascual Guerrero,Roberto García,,https://fbref.com/en/matches/574a77e7/AD-Cali-OHiggins-March-26-2014-Copa-Libertadores,co,AD Cali,cl,O'Higgins
Copa Libertadores de América,M,,2014,,Second stage,5,Wed,2014-03-26,21:15,León mx,0.0,,bo Bolívar,1.0,,,Estadio León,Marlon Escalante,,https://fbref.com/en/matches/e0cfb951/Leon-Bolivar-March-26-2014-Copa-Libertadores,mx,León,bo,Bolívar
Copa Libertadores de América,M,,2014,,Second stage,5,Wed,2014-03-26,22:00,Ath Paranaense br,1.0,,ar Vélez Sarsfield,3.0,,,Estádio Durival de Brito e Silva,Wilmar Roldán,,https://fbref.com/en/matches/6948c397/Athletico-Paranaense-Velez-Sarsfield-March-26-2014-Copa-Libertadores,br,Ath Paranaense,ar,Vélez Sarsfield
Copa Libertadores de América,M,,2014,,Second stage,5,Thu,2014-03-27,18:30,Lanús ar,2.0,,py Cerro Porteño,0.0,,,Estadio Ciudad de Lanús,Roberto Silvera,,https://fbref.com/en/matches/cf6c20b5/Lanus-Cerro-Porteno-March-27-2014-Copa-Libertadores,ar,Lanús,py,Cerro Porteño
Copa Libertadores de América,M,,2014,,Second stage,5,Thu,2014-03-27,18:45,Independiente ec,1.0,,ar San Lorenzo,1.0,,,Estadio Olímpico Atahualpa,Carlos Amarilla,,https://fbref.com/en/matches/aea6a93a/Independiente-del-Valle-San-Lorenzo-March-27-2014-Copa-Libertadores,ec,Independiente,ar,San Lorenzo
Copa Libertadores de América,M,,2014,,Second stage,5,Thu,2014-03-27,23:00,Universitario pe,3.0,,bo The Strongest,3.0,,,Estadio Monumental Antonio Vespucio Libe...,Hernando Buitrago,,https://fbref.com/en/matches/d54ec869/Universitario-The-Strongest-March-27-2014-Copa-Libertadores,pe,Universitario,bo,The Strongest
Copa Libertadores de América,M,,2014,,Second stage,5,Tue,2014-04-01,18:00,Real Garcilaso pe,0.0,,uy Defensor,2.0,,,Estadio Huancayo,Julio Quintana,,https://fbref.com/en/matches/3a03b629/Real-Garcilaso-Defensor-Sporting-April-1-2014-Copa-Libertadores,pe,Real Garcilaso,uy,Defensor
Copa Libertadores de América,M,,2014,,Second stage,5,Wed,2014-04-02,19:00,Nacional co,0.0,,br Grêmio,2.0,,,Estadio Atanasio Girardot,Enrique Cáceres,,https://fbref.com/en/matches/ac44a912/Atletico-Nacional-Gremio-April-2-2014-Copa-Libertadores,co,Nacional,br,Grêmio
Copa Libertadores de América,M,,2014,,Second stage,5,Wed,2014-04-02,19:00,CS Emelec ec,1.0,,br Flamengo,2.0,,,Estadio Banco del Pacífico,Julio Bascuñán,,https://fbref.com/en/matches/36a58a84/CS-Emelec-Flamengo-April-2-2014-Copa-Libertadores,ec,CS Emelec,br,Flamengo
Copa Libertadores de América,M,,2014,,Second stage,5,Wed,2014-04-02,20:45,Botafogo (RJ) br,0.0,,cl Unión Española,1.0,,,Estadio Jornalista Mário Filho,Daniel Fedorczuk,,https://fbref.com/en/matches/3a66965c/Botafogo-RJ-Union-Espanola-April-2-2014-Copa-Libertadores,br,Botafogo (RJ),cl,Unión Española
Copa Libertadores de América,M,,2014,,Second stage,5,Thu,2014-04-03,20:00,U de Chile cl,0.0,,br Cruzeiro,2.0,,,Estadio Nacional Julio Martínez Prádanos,Germán Delfino,,https://fbref.com/en/matches/a1fb8a94/Universidad-de-Chile-Cruzeiro-April-3-2014-Copa-Libertadores,cl,U de Chile,br,Cruzeiro
Copa Libertadores de América,M,,2014,,Second stage,5,Thu,2014-04-03,21:00,Santa Fe co,1.0,,br Atlético Mineiro,1.0,,,Estadio Nemesio Camacho El Campín,Saúl Laverni,,https://fbref.com/en/matches/7c6abed0/Santa-Fe-Atletico-Mineiro-April-3-2014-Copa-Libertadores,co,Santa Fe,br,Atlético Mineiro
Copa Libertadores de América,M,,2014,,Second stage,6,Tue,2014-04-08,17:45,The Strongest bo,2.0,,br Ath Paranaense,1.0,,,Estadio Hernando Siles,Roddy Zambrano,,https://fbref.com/en/matches/944ee57d/The-Strongest-Athletico-Paranaense-April-8-2014-Copa-Libertadores,bo,The Strongest,br,Ath Paranaense
Copa Libertadores de América,M,,2014,,Second stage,6,Tue,2014-04-08,18:45,Vélez Sarsfield ar,1.0,,pe Universitario,0.0,,,Estadio José Amalfitani,Carlos Ulloa,,https://fbref.com/en/matches/a866ff30/Velez-Sarsfield-Universitario-April-8-2014-Copa-Libertadores,ar,Vélez Sarsfield,pe,Universitario
Copa Libertadores de América,M,,2014,,Second stage,6,Tue,2014-04-08,20:00,Cerro Porteño py,3.0,,co AD Cali,2.0,,,Estadio General Pablo Rojas,Darío Ubríaco,,https://fbref.com/en/matches/f26996ac/Cerro-Porteno-AD-Cali-April-8-2014-Copa-Libertadores,py,Cerro Porteño,co,AD Cali
Copa Libertadores de América,M,,2014,,Second stage,6,Tue,2014-04-08,21:00,O'Higgins cl,0.0,,ar Lanús,0.0,,,Estadio CODELCO-El Teniente,Wilton Sampaio,,https://fbref.com/en/matches/549af615/OHiggins-Lanus-April-8-2014-Copa-Libertadores,cl,O'Higgins,ar,Lanús
Copa Libertadores de América,M,,2014,,Second stage,6,Wed,2014-04-09,18:45,Unión Española cl,4.0,,ec Independiente,5.0,,,Estadio Santa Laura-Universidad SEK,Julio Quintana,,https://fbref.com/en/matches/bff2944d/Union-Espanola-Independiente-del-Valle-April-9-2014-Copa-Libertadores,cl,Unión Española,ec,Independiente
Copa Libertadores de América,M,,2014,,Second stage,6,Wed,2014-04-09,18:45,San Lorenzo ar,3.0,,br Botafogo (RJ),0.0,,,Estadio Pedro Bidegaín,Juan Soto,,https://fbref.com/en/matches/a40d1dc6/San-Lorenzo-Botafogo-RJ-April-9-2014-Copa-Libertadores,ar,San Lorenzo,br,Botafogo (RJ)
Copa Libertadores de América,M,,2014,,Second stage,6,Wed,2014-04-09,20:00,Bolívar bo,2.0,,ec CS Emelec,1.0,,,Estadio Hernando Siles,Mauro Vigliano,,https://fbref.com/en/matches/0b0f9ec2/Bolivar-CS-Emelec-April-9-2014-Copa-Libertadores,bo,Bolívar,ec,CS Emelec
Copa Libertadores de América,M,,2014,,Second stage,6,Wed,2014-04-09,21:00,Flamengo br,2.0,,mx León,3.0,,,Estadio Jornalista Mário Filho,Diego Abal,,https://fbref.com/en/matches/0ca940b0/Flamengo-Leon-April-9-2014-Copa-Libertadores,br,Flamengo,mx,León
Copa Libertadores de América,M,,2014,,Second stage,6,Wed,2014-04-09,21:00,Cruzeiro br,3.0,,pe Real Garcilaso,0.0,,,Estádio Governador Magalhães Pinto,Adrián Vélez,,https://fbref.com/en/matches/14b944ea/Cruzeiro-Real-Garcilaso-April-9-2014-Copa-Libertadores,br,Cruzeiro,pe,Real Garcilaso
Copa Libertadores de América,M,,2014,,Second stage,6,Wed,2014-04-09,21:00,Defensor uy,1.0,,cl U de Chile,1.0,,,Estadio Luis Franzini,Patricio Loustau,,https://fbref.com/en/matches/b15fc64e/Defensor-Sporting-Universidad-de-Chile-April-9-2014-Copa-Libertadores,uy,Defensor,cl,U de Chile
Copa Libertadores de América,M,,2014,,Second stage,6,Thu,2014-04-10,16:30,Nacional py,3.0,,co Santa Fe,2.0,,,Estadio Defensores del Chaco,Martín Vázquez,,https://fbref.com/en/matches/a6150aca/Nacional-Asuncion-Santa-Fe-April-10-2014-Copa-Libertadores,py,Nacional,co,Santa Fe
Copa Libertadores de América,M,,2014,,Second stage,6,Thu,2014-04-10,17:30,Atlético Mineiro br,1.0,,ve Zamora,0.0,,,Estádio Raimundo Sampaio,Roberto Tobar,,https://fbref.com/en/matches/00e76b99/Atletico-Mineiro-Zamora-April-10-2014-Copa-Libertadores,br,Atlético Mineiro,ve,Zamora
Copa Libertadores de América,M,,2014,,Second stage,6,Thu,2014-04-10,19:45,Arsenal ar,3.0,,mx Santos,0.0,,,Estadio Julio Humberto Grondona,Marcelo de Lima Henrique,,https://fbref.com/en/matches/8f6d85d7/Arsenal-de-Sarandi-Santos-Laguna-April-10-2014-Copa-Libertadores,ar,Arsenal,mx,Santos
Copa Libertadores de América,M,,2014,,Second stage,6,Thu,2014-04-10,19:45,Peñarol uy,1.0,,ve Anzoátegui,1.0,,,Estadio Centenario,Diego Haro,,https://fbref.com/en/matches/6e9610b4/Penarol-Anzoategui-April-10-2014-Copa-Libertadores,uy,Peñarol,ve,Anzoátegui
Copa Libertadores de América,M,,2014,,Second stage,6,Thu,2014-04-10,21:00,Grêmio br,1.0,,uy Nacional,0.0,,,Arena do Grêmio,Óscar Maldonado,,https://fbref.com/en/matches/c3045044/Gremio-Nacional-April-10-2014-Copa-Libertadores,br,Grêmio,uy,Nacional
Copa Libertadores de América,M,,2014,,Second stage,6,Thu,2014-04-10,21:00,Newell's OB ar,1.0,,co Nacional,3.0,,,Estadio Marcelo Alberto Bielsa,Antonio Arias,,https://fbref.com/en/matches/432c4606/Newells-Old-Boys-Atletico-Nacional-April-10-2014-Copa-Libertadores,ar,Newell's OB,co,Nacional
Copa Libertadores de América,M,,2015,,First stage,,Tue,2015-02-03,19:15,Alianza Lima pe,0.0,,ar Huracán,4.0,,,Estadio Alejandro Villanueva,Hernando Buitrago,Leg 1 of 2,https://fbref.com/en/matches/98dd0e81/Alianza-Lima-Huracan-February-3-2015-Copa-Libertadores,pe,Alianza Lima,ar,Huracán
Copa Libertadores de América,M,,2015,,First stage,,Tue,2015-02-03,20:30,Morelia mx,1.0,,bo The Strongest,1.0,,10000.0,Estadio Generalísimo José María Morelos ...,Jesús Valenzuela,Leg 1 of 2,https://fbref.com/en/matches/8648f39a/Morelia-The-Strongest-February-3-2015-Copa-Libertadores,mx,Morelia,bo,The Strongest
Copa Libertadores de América,M,,2015,,First stage,,Wed,2015-02-04,21:45,Dep Táchira ve,2.0,,py Cerro Porteño,1.0,,15000.0,Estadio Polideportivo de Pueblo Nuevo,Víctor Carrillo,Leg 1 of 2,https://fbref.com/en/matches/701ad31b/Deportivo-Tachira-Cerro-Porteno-February-4-2015-Copa-Libertadores,ve,Dep Táchira,py,Cerro Porteño
Copa Libertadores de América,M,,2015,,First stage,,Wed,2015-02-04,22:00,Corinthians br,4.0,,co Once Caldas,0.0,,35000.0,Arena Corinthians,Patricio Loustau,Leg 1 of 2,https://fbref.com/en/matches/dc501d63/Corinthians-Once-Caldas-February-4-2015-Copa-Libertadores,br,Corinthians,co,Once Caldas
Copa Libertadores de América,M,,2015,,First stage,,Thu,2015-02-05,19:45,Palestino cl,1.0,,uy Nacional,0.0,,5000.0,Estadio Santa Laura-Universidad SEK,Antonio Arias,Leg 1 of 2,https://fbref.com/en/matches/1f6fb8b8/Palestino-Nacional-February-5-2015-Copa-Libertadores,cl,Palestino,uy,Nacional
Copa Libertadores de América,M,,2015,,First stage,,Thu,2015-02-05,20:00,Independiente ec,1.0,,ar Estudiantes–LP,0.0,,,Estadio General Rumiñahui del Valle de L...,Roberto García,Leg 1 of 2,https://fbref.com/en/matches/111fcb66/Independiente-del-Valle-Estudiantes-LP-February-5-2015-Copa-Libertadores,ec,Independiente,ar,Estudiantes–LP
Copa Libertadores de América,M,,2015,,First stage,,Tue,2015-02-10,19:15,Huracán ar,0.0,,pe Alianza Lima,0.0,,,Estadio Tomás Adolfo Ducó,Óscar Maldonado,Leg 2 of 2; Huracán won,https://fbref.com/en/matches/ab7b1c9e/Huracan-Alianza-Lima-February-10-2015-Copa-Libertadores,ar,Huracán,pe,Alianza Lima
Copa Libertadores de América,M,,2015,,First stage,,Tue,2015-02-10,20:45,The Strongest bo,2.0,,mx Morelia,0.0,,20000.0,Estadio Hernando Siles,Omar Ponce,Leg 2 of 2; The Strongest won,https://fbref.com/en/matches/f1f101b4/The-Strongest-Morelia-February-10-2015-Copa-Libertadores,bo,The Strongest,mx,Morelia
Copa Libertadores de América,M,,2015,,First stage,,Wed,2015-02-11,19:00,Once Caldas co,1.0,,br Corinthians,1.0,,15000.0,Estadio Palogrande,Darío Ubríaco,Leg 2 of 2; Corinthians won,https://fbref.com/en/matches/4674b438/Once-Caldas-Corinthians-February-11-2015-Copa-Libertadores,co,Once Caldas,br,Corinthians
Copa Libertadores de América,M,,2015,,First stage,,Wed,2015-02-11,19:30,Cerro Porteño py,2.0,,ve Dep Táchira,2.0,,15000.0,Estadio Defensores del Chaco,Leandro Pedro Vuaden,Leg 2 of 2; Dep Táchira won,https://fbref.com/en/matches/74219c43/Cerro-Porteno-Deportivo-Tachira-February-11-2015-Copa-Libertadores,py,Cerro Porteño,ve,Dep Táchira
Copa Libertadores de América,M,,2015,,First stage,,Thu,2015-02-12,20:15,Nacional uy,2.0,,cl Palestino,1.0,,,Estadio Gran Parque Central,Heber Roberto Lopes,Leg 2 of 2; Palestino won,https://fbref.com/en/matches/28c5aebc/Nacional-Palestino-February-12-2015-Copa-Libertadores,uy,Nacional,cl,Palestino
Copa Libertadores de América,M,,2015,,First stage,,Thu,2015-02-12,21:45,Estudiantes–LP ar,4.0,,ec Independiente,0.0,,30000.0,Estadio Ciudad de La Plata,Enrique Osses,Leg 2 of 2; Estudiantes–LP won,https://fbref.com/en/matches/adf14cad/Estudiantes-LP-Independiente-del-Valle-February-12-2015-Copa-Libertadores,ar,Estudiantes–LP,ec,Independiente
Copa Libertadores de América,M,,2015,,Round of 16,,Tue,2015-04-28,20:30,Universitario bo,1.0,,mx UANL,2.0,,16000.0,Estadio Olímpico Patria,Patricio Loustau,Leg 1 of 2,https://fbref.com/en/matches/6128c905/Universitario-de-Sucre-UANL-April-28-2015-Copa-Libertadores,bo,Universitario,mx,UANL
Copa Libertadores de América,M,,2015,,Round of 16,,Tue,2015-05-05,20:45,Estudiantes–LP ar,2.0,,co Santa Fe,1.0,,,Estadio Ciudad de La Plata,Antonio Arias,Leg 1 of 2,https://fbref.com/en/matches/0123ecf7/Estudiantes-LP-Santa-Fe-May-5-2015-Copa-Libertadores,ar,Estudiantes–LP,co,Santa Fe
Copa Libertadores de América,M,,2015,,Round of 16,,Tue,2015-05-05,21:00,UANL mx,1.0,,bo Universitario,1.0,,,Estadio Universitario de Nuevo León,Julio Bascuñán,Leg 2 of 2; UANL won,https://fbref.com/en/matches/2c751fec/UANL-Universitario-de-Sucre-May-5-2015-Copa-Libertadores,mx,UANL,bo,Universitario
Copa Libertadores de América,M,,2015,,Round of 16,,Wed,2015-05-06,18:45,Guaraní py,2.0,,br Corinthians,0.0,,10000.0,Estadio Rogelio Lorenzo Livieres,Daniel Fedorczuk,Leg 1 of 2,https://fbref.com/en/matches/bb0489c4/Guarani-Corinthians-May-6-2015-Copa-Libertadores,py,Guaraní,br,Corinthians
Copa Libertadores de América,M,,2015,,Round of 16,,Wed,2015-05-06,22:00,Atlético Mineiro br,2.0,,br Internacional,2.0,,23000.0,Estádio Governador Magalhães Pinto,Wilmar Roldán,Leg 1 of 2,https://fbref.com/en/matches/9b71cafc/Atletico-Mineiro-Internacional-May-6-2015-Copa-Libertadores,br,Atlético Mineiro,br,Internacional
Copa Libertadores de América,M,,2015,,Round of 16,,Wed,2015-05-06,22:00,São Paulo br,1.0,,br Cruzeiro,0.0,,40000.0,Estádio do Morumbi,Carlos Amarilla,Leg 1 of 2,https://fbref.com/en/matches/aa7ed663/Sao-Paulo-Cruzeiro-May-6-2015-Copa-Libertadores,br,São Paulo,br,Cruzeiro
Copa Libertadores de América,M,,2015,,Round of 16,,Thu,2015-05-07,18:45,Wanderers uy,1.0,,ar Racing Club,1.0,,15000.0,Estadio Gran Parque Central,Péricles Bassols Pegado Cortez,Leg 1 of 2,https://fbref.com/en/matches/2a4c9724/Montevideo-Wanderers-Racing-Club-May-7-2015-Copa-Libertadores,uy,Wanderers,ar,Racing Club
Copa Libertadores de América,M,,2015,,Round of 16,,Thu,2015-05-07,21:00,River Plate ar,1.0,,ar Boca Juniors,0.0,,,Estadio Monumental Antonio Vespucio Libe...,Germán Delfino,Leg 1 of 2,https://fbref.com/en/matches/a75ce19c/Superclasico-River-Plate-Boca-Juniors-May-7-2015-Copa-Libertadores,ar,River Plate,ar,Boca Juniors
Copa Libertadores de América,M,,2015,,Round of 16,,Thu,2015-05-07,21:15,CS Emelec ec,2.0,,co Nacional,0.0,,15000.0,Estadio Jocay,Ricardo Marques Ribeiro,Leg 1 of 2,https://fbref.com/en/matches/0b907088/CS-Emelec-Atletico-Nacional-May-7-2015-Copa-Libertadores,ec,CS Emelec,co,Nacional
Copa Libertadores de América,M,,2015,,Round of 16,,Tue,2015-05-12,19:30,Santa Fe co,2.0,,ar Estudiantes–LP,0.0,,20000.0,Estadio Nemesio Camacho El Campín,Carlos Vera,Leg 2 of 2; Santa Fe won,https://fbref.com/en/matches/852fb272/Santa-Fe-Estudiantes-LP-May-12-2015-Copa-Libertadores,co,Santa Fe,ar,Estudiantes–LP
Copa Libertadores de América,M,,2015,,Round of 16,,Wed,2015-05-13,19:30,Cruzeiro br,1.0,,br São Paulo,1.0,,37719.0,Estádio Governador Magalhães Pinto,Andrés Cunha,Leg 2 of 2; Cruzeiro won,https://fbref.com/en/matches/a3ac789f/Cruzeiro-Sao-Paulo-May-13-2015-Copa-Libertadores,br,Cruzeiro,br,São Paulo
Copa Libertadores de América,M,,2015,,Round of 16,,Wed,2015-05-13,22:00,Corinthians br,0.0,,py Guaraní,1.0,,,Arena Corinthians,Enrique Osses,Leg 2 of 2; Guaraní won,https://fbref.com/en/matches/5c8a0fde/Corinthians-Guarani-May-13-2015-Copa-Libertadores,br,Corinthians,py,Guaraní
Copa Libertadores de América,M,,2015,,Round of 16,,Wed,2015-05-13,22:00,Internacional br,3.0,,br Atlético Mineiro,1.0,,34000.0,Estádio José Pinheiro Borba,Julio Bascuñán,Leg 2 of 2; Internacional won,https://fbref.com/en/matches/83ca76c4/Internacional-Atletico-Mineiro-May-13-2015-Copa-Libertadores,br,Internacional,br,Atlético Mineiro
Copa Libertadores de América,M,,2015,,Round of 16,,Thu,2015-05-14,18:30,Racing Club ar,2.0,,uy Wanderers,1.0,,45000.0,Estadio Presidente Juan Domingo Perón,Wilmar Roldán,Leg 2 of 2; Racing Club won,https://fbref.com/en/matches/c6d61128/Racing-Club-Montevideo-Wanderers-May-14-2015-Copa-Libertadores,ar,Racing Club,uy,Wanderers
Copa Libertadores de América,M,,2015,,Round of 16,,Thu,2015-05-14,21:00,Boca Juniors ar,0.0,,ar River Plate,3.0,,,Estadio Alberto José Armando,Darío Herrera,Leg 2 of 2; River Plate won; Match awarded to River Plate,https://fbref.com/en/matches/10959641/Superclasico-Boca-Juniors-River-Plate-May-14-2015-Copa-Libertadores,ar,Boca Juniors,ar,River Plate
Copa Libertadores de América,M,,2015,,Round of 16,,Thu,2015-05-14,21:30,Nacional co,1.0,,ec CS Emelec,0.0,,35000.0,Estadio Atanasio Girardot,Víctor Carrillo,Leg 2 of 2; CS Emelec won,https://fbref.com/en/matches/a1975622/Atletico-Nacional-CS-Emelec-May-14-2015-Copa-Libertadores,co,Nacional,ec,CS Emelec
Copa Libertadores de América,M,,2015,,Quarter-finals,,Tue,2015-05-19,20:00,CS Emelec ec,1.0,,mx UANL,0.0,,18000.0,Estadio Jocay,Fernando Rapallini,Leg 1 of 2,https://fbref.com/en/matches/10edfc3f/CS-Emelec-UANL-May-19-2015-Copa-Libertadores,ec,CS Emelec,mx,UANL
Copa Libertadores de América,M,,2015,,Quarter-finals,,Wed,2015-05-20,20:00,Santa Fe co,1.0,,br Internacional,0.0,,18860.0,Estadio Nemesio Camacho El Campín,Néstor Pitana,Leg 1 of 2,https://fbref.com/en/matches/00310d46/Santa-Fe-Internacional-May-20-2015-Copa-Libertadores,co,Santa Fe,br,Internacional
Copa Libertadores de América,M,,2015,,Quarter-finals,,Thu,2015-05-21,18:45,Guaraní py,1.0,,ar Racing Club,0.0,,18000.0,Estadio Defensores del Chaco,Sandro Ricci,Leg 1 of 2,https://fbref.com/en/matches/f2a4e76c/Guarani-Racing-Club-May-21-2015-Copa-Libertadores,py,Guaraní,ar,Racing Club
Copa Libertadores de América,M,,2015,,Quarter-finals,,Thu,2015-05-21,22:00,River Plate ar,0.0,,br Cruzeiro,1.0,,35000.0,Estadio Monumental Antonio Vespucio Libe...,Enrique Osses,Leg 1 of 2,https://fbref.com/en/matches/dd56951f/River-Plate-Cruzeiro-May-21-2015-Copa-Libertadores,ar,River Plate,br,Cruzeiro
Copa Libertadores de América,M,,2015,,Quarter-finals,,Tue,2015-05-26,20:00,UANL mx,2.0,,ec CS Emelec,0.0,,42000.0,Estadio Universitario de Nuevo León,Enrique Cáceres,Leg 2 of 2; UANL won,https://fbref.com/en/matches/3d3b4708/UANL-CS-Emelec-May-26-2015-Copa-Libertadores,mx,UANL,ec,CS Emelec
Copa Libertadores de América,M,,2015,,Quarter-finals,,Wed,2015-05-27,19:30,Internacional br,2.0,,co Santa Fe,0.0,,40000.0,Estádio José Pinheiro Borba,Víctor Carrillo,Leg 2 of 2; Internacional won,https://fbref.com/en/matches/94d2945d/Internacional-Santa-Fe-May-27-2015-Copa-Libertadores,br,Internacional,co,Santa Fe
Copa Libertadores de América,M,,2015,,Quarter-finals,,Wed,2015-05-27,22:00,Cruzeiro br,0.0,,ar River Plate,3.0,,54700.0,Estádio Governador Magalhães Pinto,Wilmar Roldán,Leg 2 of 2; River Plate won,https://fbref.com/en/matches/d04212be/Cruzeiro-River-Plate-May-27-2015-Copa-Libertadores,br,Cruzeiro,ar,River Plate
Copa Libertadores de América,M,,2015,,Quarter-finals,,Thu,2015-05-28,21:00,Racing Club ar,0.0,,py Guaraní,0.0,,50000.0,Estadio Presidente Juan Domingo Perón,Andrés Cunha,Leg 2 of 2; Guaraní won,https://fbref.com/en/matches/f560ecca/Racing-Club-Guarani-May-28-2015-Copa-Libertadores,ar,Racing Club,py,Guaraní
Copa Libertadores de América,M,,2015,,Semi-finals,,Tue,2015-07-14,21:00,River Plate ar,2.0,,py Guaraní,0.0,,,Estadio Monumental Antonio Vespucio Libe...,Daniel Fedorczuk,Leg 1 of 2,https://fbref.com/en/matches/c9b0b68d/River-Plate-Guarani-July-14-2015-Copa-Libertadores,ar,River Plate,py,Guaraní
Copa Libertadores de América,M,,2015,,Semi-finals,,Wed,2015-07-15,22:00,Internacional br,2.0,,mx UANL,1.0,,,Estádio José Pinheiro Borba,José Argote,Leg 1 of 2,https://fbref.com/en/matches/61307813/Internacional-UANL-July-15-2015-Copa-Libertadores,br,Internacional,mx,UANL
Copa Libertadores de América,M,,2015,,Semi-finals,,Tue,2015-07-21,21:00,Guaraní py,1.0,,ar River Plate,1.0,,,Estadio Monumental Antonio Vespucio Libe...,Julio Bascuñán,Leg 2 of 2; River Plate won,https://fbref.com/en/matches/561d3a14/Guarani-River-Plate-July-21-2015-Copa-Libertadores,py,Guaraní,ar,River Plate
Copa Libertadores de América,M,,2015,,Semi-finals,,Wed,2015-07-22,20:00,UANL mx,3.0,,br Internacional,1.0,,,Estadio Universitario de Nuevo León,Carlos Vera,Leg 2 of 2; UANL won,https://fbref.com/en/matches/e4644eb8/UANL-Internacional-July-22-2015-Copa-Libertadores,mx,UANL,br,Internacional
Copa Libertadores de América,M,,2015,,Finals,,Wed,2015-07-29,20:00,UANL mx,0.0,,ar River Plate,0.0,,40000.0,Estadio Universitario de Nuevo León,Antonio Arias,Leg 1 of 2,https://fbref.com/en/matches/83165b81/UANL-River-Plate-July-29-2015-Copa-Libertadores,mx,UANL,ar,River Plate
Copa Libertadores de América,M,,2015,,Finals,,Wed,2015-08-05,22:00,River Plate ar,3.0,,mx UANL,0.0,,69000.0,Estadio Monumental Antonio Vespucio Libe...,Darío Ubríaco,Leg 2 of 2; River Plate won,https://fbref.com/en/matches/03278ac9/River-Plate-UANL-August-5-2015-Copa-Libertadores,ar,River Plate,mx,UANL
Copa Libertadores de América,M,,2015,,Second stage,1,Tue,2015-02-17,19:15,U de Chile cl,0.0,,ec CS Emelec,1.0,,18000.0,Estadio Nacional Julio Martínez Prádanos,Silvio Trucco,,https://fbref.com/en/matches/8a5a4e45/Universidad-de-Chile-CS-Emelec-February-17-2015-Copa-Libertadores,cl,U de Chile,ec,CS Emelec
Copa Libertadores de América,M,,2015,,Second stage,1,Tue,2015-02-17,20:00,Dep Táchira ve,0.0,,ar Racing Club,5.0,,40000.0,Estadio Polideportivo de Pueblo Nuevo,Julio Bascuñán,,https://fbref.com/en/matches/b6c037a0/Deportivo-Tachira-Racing-Club-February-17-2015-Copa-Libertadores,ve,Dep Táchira,ar,Racing Club
Copa Libertadores de América,M,,2015,,Second stage,1,Tue,2015-02-17,20:15,Wanderers uy,3.0,,ve Zamora,2.0,,4000.0,Estadio Gran Parque Central,Raúl Orozco,,https://fbref.com/en/matches/6e5ac738/Montevideo-Wanderers-Zamora-February-17-2015-Copa-Libertadores,uy,Wanderers,ve,Zamora
Copa Libertadores de América,M,,2015,,Second stage,1,Tue,2015-02-17,20:30,The Strongest bo,3.0,,br Internacional,1.0,,10000.0,Estadio Hernando Siles,Adrián Vélez,,https://fbref.com/en/matches/c026686d/The-Strongest-Internacional-February-17-2015-Copa-Libertadores,bo,The Strongest,br,Internacional
Copa Libertadores de América,M,,2015,,Second stage,1,Tue,2015-02-17,20:45,Atlas mx,0.0,,co Santa Fe,1.0,,20000.0,Estadio Jalisco,Diego Haro,,https://fbref.com/en/matches/cb7afbd0/Atlas-Santa-Fe-February-17-2015-Copa-Libertadores,mx,Atlas,co,Santa Fe
Copa Libertadores de América,M,,2015,,Second stage,1,Wed,2015-02-18,18:45,Palestino cl,0.0,,ar Boca Juniors,2.0,,13382.0,Estadio Santa Laura-Universidad SEK,Wilmar Roldán,,https://fbref.com/en/matches/e2fc56cb/Palestino-Boca-Juniors-February-18-2015-Copa-Libertadores,cl,Palestino,ar,Boca Juniors
Copa Libertadores de América,M,,2015,,Second stage,1,Wed,2015-02-18,18:45,Guaraní py,2.0,,pe Sporting Cristal,2.0,,3000.0,Estadio Defensores del Chaco,Péricles Bassols Pegado Cortez,,https://fbref.com/en/matches/8acd9d2c/Guarani-Sporting-Cristal-February-18-2015-Copa-Libertadores,py,Guaraní,pe,Sporting Cristal
Copa Libertadores de América,M,,2015,,Second stage,1,Wed,2015-02-18,20:15,UANL mx,3.0,,pe Juan Aurich,0.0,,30000.0,Estadio Universitario de Nuevo León,Fernando Falce,,https://fbref.com/en/matches/72c85da3/UANL-Juan-Aurich-February-18-2015-Copa-Libertadores,mx,UANL,pe,Juan Aurich
Copa Libertadores de América,M,,2015,,Second stage,1,Wed,2015-02-18,21:00,Colo-Colo cl,2.0,,br Atlético Mineiro,0.0,,40000.0,Estadio Monumental David Arellano,Mauro Vigliano,,https://fbref.com/en/matches/9fb6a75d/Colo-Colo-Atletico-Mineiro-February-18-2015-Copa-Libertadores,cl,Colo-Colo,br,Atlético Mineiro
Copa Libertadores de América,M,,2015,,Second stage,1,Wed,2015-02-18,22:00,Corinthians br,2.0,,br São Paulo,0.0,,50000.0,Arena Corinthians,Ricardo Marques Ribeiro,,https://fbref.com/en/matches/b7341fef/Classico-Majestoso-Corinthians-Sao-Paulo-February-18-2015-Copa-Libertadores,br,Corinthians,br,São Paulo
Copa Libertadores de América,M,,2015,,Second stage,1,Thu,2015-02-19,19:45,Libertad py,2.0,,co Nacional,2.0,,5000.0,Estadio Dr. Nicolás Leoz,Sandro Ricci,,https://fbref.com/en/matches/3468d687/Libertad-Atletico-Nacional-February-19-2015-Copa-Libertadores,py,Libertad,co,Nacional
Copa Libertadores de América,M,,2015,,Second stage,1,Thu,2015-02-19,20:45,Danubio uy,1.0,,ar San Lorenzo,2.0,,10000.0,Estadio Centenario,Enrique Cáceres,,https://fbref.com/en/matches/e60ee7d0/Danubio-San-Lorenzo-February-19-2015-Copa-Libertadores,uy,Danubio,ar,San Lorenzo
Copa Libertadores de América,M,,2015,,Second stage,1,Thu,2015-02-19,21:00,San José bo,2.0,,ar River Plate,0.0,,30000.0,Estadio Jesús Bermúdez,Daniel Fedorczuk,,https://fbref.com/en/matches/d612fba3/San-Jose-River-Plate-February-19-2015-Copa-Libertadores,bo,San José,ar,River Plate
Copa Libertadores de América,M,,2015,,Second stage,1,Tue,2015-02-24,19:00,Huracán ar,2.0,,ve Mineros,2.0,,20000.0,Estadio Tomás Adolfo Ducó,Adrián Vélez,,https://fbref.com/en/matches/bbb52560/Huracan-Mineros-February-24-2015-Copa-Libertadores,ar,Huracán,ve,Mineros
Copa Libertadores de América,M,,2015,,Second stage,1,Wed,2015-02-25,19:45,Estudiantes–LP ar,3.0,,ec Barcelona,0.0,,30000.0,Estadio Ciudad de La Plata,Heber Roberto Lopes,,https://fbref.com/en/matches/ff8f941f/Estudiantes-LP-Barcelona-February-25-2015-Copa-Libertadores,ar,Estudiantes–LP,ec,Barcelona
Copa Libertadores de América,M,,2015,,Second stage,1,Wed,2015-02-25,21:00,Universitario bo,0.0,,br Cruzeiro,0.0,,,Estadio Olímpico Patria,Omar Ponce,,https://fbref.com/en/matches/fd49df83/Universitario-de-Sucre-Cruzeiro-February-25-2015-Copa-Libertadores,bo,Universitario,br,Cruzeiro
Copa Libertadores de América,M,,2015,,Second stage,2,Tue,2015-02-24,21:15,Racing Club ar,4.0,,py Guaraní,1.0,,30000.0,Estadio Presidente Juan Domingo Perón,Andrés Cunha,,https://fbref.com/en/matches/29e5762d/Racing-Club-Guarani-February-24-2015-Copa-Libertadores,ar,Racing Club,py,Guaraní
Copa Libertadores de América,M,,2015,,Second stage,2,Tue,2015-02-24,21:30,CS Emelec ec,3.0,,bo The Strongest,0.0,,10000.0,Estadio Modelo Alberto Spencer Herrera,José Argote,,https://fbref.com/en/matches/44969001/CS-Emelec-The-Strongest-February-24-2015-Copa-Libertadores,ec,CS Emelec,bo,The Strongest
Copa Libertadores de América,M,,2015,,Second stage,2,Tue,2015-02-24,21:30,Sporting Cristal pe,1.0,,ve Dep Táchira,1.0,,25000.0,Estadio Nacional,Ímer Machado,,https://fbref.com/en/matches/e23f4033/Sporting-Cristal-Deportivo-Tachira-February-24-2015-Copa-Libertadores,pe,Sporting Cristal,ve,Dep Táchira
Copa Libertadores de América,M,,2015,,Second stage,2,Wed,2015-02-25,19:45,Atlético Mineiro br,0.0,,mx Atlas,1.0,,19000.0,Estádio Raimundo Sampaio,Darío Ubríaco,,https://fbref.com/en/matches/1f0e2c8b/Atletico-Mineiro-Atlas-February-25-2015-Copa-Libertadores,br,Atlético Mineiro,mx,Atlas
Copa Libertadores de América,M,,2015,,Second stage,2,Wed,2015-02-25,22:00,São Paulo br,4.0,,uy Danubio,0.0,,,Estádio do Morumbi,Enrique Osses,,https://fbref.com/en/matches/afe6ce28/Sao-Paulo-Danubio-February-25-2015-Copa-Libertadores,br,São Paulo,uy,Danubio
Copa Libertadores de América,M,,2015,,Second stage,2,Thu,2015-02-26,20:15,Boca Juniors ar,2.0,,uy Wanderers,1.0,,,Estadio Alberto José Armando,Ricardo Marques Ribeiro,,https://fbref.com/en/matches/c4bb31a1/Boca-Juniors-Montevideo-Wanderers-February-26-2015-Copa-Libertadores,ar,Boca Juniors,uy,Wanderers
Copa Libertadores de América,M,,2015,,Second stage,2,Thu,2015-02-26,20:15,Internacional br,3.0,,cl U de Chile,1.0,,,Estádio José Pinheiro Borba,Víctor Carrillo,,https://fbref.com/en/matches/023c1a3b/Internacional-Universidad-de-Chile-February-26-2015-Copa-Libertadores,br,Internacional,cl,U de Chile
Copa Libertadores de América,M,,2015,,Second stage,2,Thu,2015-02-26,20:30,Santa Fe co,3.0,,cl Colo-Colo,1.0,,,Estadio Nemesio Camacho El Campín,Germán Delfino,,https://fbref.com/en/matches/1d9b572f/Santa-Fe-Colo-Colo-February-26-2015-Copa-Libertadores,co,Santa Fe,cl,Colo-Colo
Copa Libertadores de América,M,,2015,,Second stage,2,Thu,2015-02-26,21:00,Zamora ve,0.0,,cl Palestino,1.0,,,Estadio Rafael Agustín Tovar,Julio Quintana,,https://fbref.com/en/matches/ae72c650/Zamora-Palestino-February-26-2015-Copa-Libertadores,ve,Zamora,cl,Palestino
Copa Libertadores de América,M,,2015,,Second stage,2,Tue,2015-03-03,17:45,Barcelona ec,0.0,,py Libertad,1.0,,10000.0,Estadio Monumental Isidro Romero Carbo,Daniel Fedorczuk,,https://fbref.com/en/matches/ec7b3e18/Barcelona-Libertad-March-3-2015-Copa-Libertadores,ec,Barcelona,py,Libertad
Copa Libertadores de América,M,,2015,,Second stage,2,Tue,2015-03-03,18:15,Mineros ve,0.0,,bo Universitario,1.0,,15000.0,Centro Total de Entretenimiento Cachamay,Fernando Guerrero,,https://fbref.com/en/matches/6eb1cbd7/Mineros-Universitario-de-Sucre-March-3-2015-Copa-Libertadores,ve,Mineros,bo,Universitario
Copa Libertadores de América,M,,2015,,Second stage,2,Tue,2015-03-03,22:00,Cruzeiro br,0.0,,ar Huracán,0.0,,35000.0,Estádio Governador Magalhães Pinto,Enrique Cáceres,,https://fbref.com/en/matches/4a3fe611/Cruzeiro-Huracan-March-3-2015-Copa-Libertadores,br,Cruzeiro,ar,Huracán
Copa Libertadores de América,M,,2015,,Second stage,2,Wed,2015-03-04,22:00,San Lorenzo ar,0.0,,br Corinthians,1.0,,,Estadio Pedro Bidegaín,Carlos Vera,,https://fbref.com/en/matches/269a32e7/San-Lorenzo-Corinthians-March-4-2015-Copa-Libertadores,ar,San Lorenzo,br,Corinthians
Copa Libertadores de América,M,,2015,,Second stage,2,Thu,2015-03-05,20:15,River Plate ar,1.0,,mx UANL,1.0,,57000.0,Estadio Monumental Antonio Vespucio Libe...,Sandro Ricci,,https://fbref.com/en/matches/2b7d227a/River-Plate-UANL-March-5-2015-Copa-Libertadores,ar,River Plate,mx,UANL
Copa Libertadores de América,M,,2015,,Second stage,2,Thu,2015-03-05,20:30,Juan Aurich pe,2.0,,bo San José,0.0,,15000.0,Estadio Elías Aguirre,Eduardo Gamboa,,https://fbref.com/en/matches/9d402b43/Juan-Aurich-San-Jose-March-5-2015-Copa-Libertadores,pe,Juan Aurich,bo,San José
Copa Libertadores de América,M,,2015,,Second stage,2,Thu,2015-03-05,20:30,Nacional co,1.0,,ar Estudiantes–LP,1.0,,,Estadio Atanasio Girardot,Julio Bascuñán,,https://fbref.com/en/matches/fda1bd24/Atletico-Nacional-Estudiantes-LP-March-5-2015-Copa-Libertadores,co,Nacional,ar,Estudiantes–LP
Copa Libertadores de América,M,,2015,,Second stage,3,Wed,2015-03-04,19:45,Colo-Colo cl,2.0,,mx Atlas,0.0,,45000.0,Estadio Monumental David Arellano,Raúl Orozco,,https://fbref.com/en/matches/dad451d2/Colo-Colo-Atlas-March-4-2015-Copa-Libertadores,cl,Colo-Colo,mx,Atlas
Copa Libertadores de América,M,,2015,,Second stage,3,Wed,2015-03-04,22:00,Internacional br,3.0,,ec CS Emelec,2.0,,45000.0,Estádio José Pinheiro Borba,Néstor Pitana,,https://fbref.com/en/matches/a80d0dd2/Internacional-CS-Emelec-March-4-2015-Copa-Libertadores,br,Internacional,ec,CS Emelec
Copa Libertadores de América,M,,2015,,Second stage,3,Thu,2015-03-05,20:15,U de Chile cl,3.0,,bo The Strongest,1.0,,10000.0,Estadio Nacional Julio Martínez Prádanos,Wilson Lamouroux,,https://fbref.com/en/matches/2fe500ac/Universidad-de-Chile-The-Strongest-March-5-2015-Copa-Libertadores,cl,U de Chile,bo,The Strongest
Copa Libertadores de América,M,,2015,,Second stage,3,Tue,2015-03-10,18:30,Universitario bo,0.0,,ar Huracán,0.0,,7000.0,Estadio Olímpico Patria,José Argote,,https://fbref.com/en/matches/61cab062/Universitario-de-Sucre-Huracan-March-10-2015-Copa-Libertadores,bo,Universitario,ar,Huracán
Copa Libertadores de América,M,,2015,,Second stage,3,Tue,2015-03-10,19:30,Wanderers uy,1.0,,cl Palestino,0.0,,,Estadio Gran Parque Central,Adrián Vélez,,https://fbref.com/en/matches/4159ecb9/Montevideo-Wanderers-Palestino-March-10-2015-Copa-Libertadores,uy,Wanderers,cl,Palestino
Copa Libertadores de América,M,,2015,,Second stage,3,Tue,2015-03-10,21:15,Racing Club ar,1.0,,pe Sporting Cristal,2.0,,35000.0,Estadio Presidente Juan Domingo Perón,Roddy Zambrano,,https://fbref.com/en/matches/ae9b5911/Racing-Club-Sporting-Cristal-March-10-2015-Copa-Libertadores,ar,Racing Club,pe,Sporting Cristal
Copa Libertadores de América,M,,2015,,Second stage,3,Tue,2015-03-10,21:45,Guaraní py,5.0,,ve Dep Táchira,2.0,,5000.0,Estadio Defensores del Chaco,Diego Haro,,https://fbref.com/en/matches/b2b40a39/Guarani-Deportivo-Tachira-March-10-2015-Copa-Libertadores,py,Guaraní,ve,Dep Táchira
Copa Libertadores de América,M,,2015,,Second stage,3,Wed,2015-03-11,20:00,Boca Juniors ar,5.0,,ve Zamora,0.0,,,Estadio Alberto José Armando,Hernando Buitrago,,https://fbref.com/en/matches/023d8cb1/Boca-Juniors-Zamora-March-11-2015-Copa-Libertadores,ar,Boca Juniors,ve,Zamora
Copa Libertadores de América,M,,2015,,Second stage,3,Wed,2015-03-11,20:00,Barcelona ec,1.0,,co Nacional,2.0,,,Estadio Monumental Isidro Romero Carbo,Enrique Osses,,https://fbref.com/en/matches/0535870a/Barcelona-Atletico-Nacional-March-11-2015-Copa-Libertadores,ec,Barcelona,co,Nacional
Copa Libertadores de América,M,,2015,,Second stage,3,Wed,2015-03-11,21:00,San José bo,0.0,,mx UANL,1.0,,,Estadio Jesús Bermúdez,Andrés Cunha,,https://fbref.com/en/matches/181dcb78/San-Jose-UANL-March-11-2015-Copa-Libertadores,bo,San José,mx,UANL
Copa Libertadores de América,M,,2015,,Second stage,3,Thu,2015-03-12,19:45,Libertad py,1.0,,ar Estudiantes–LP,0.0,,8000.0,Estadio Dr. Nicolás Leoz,Péricles Bassols Pegado Cortez,,https://fbref.com/en/matches/25a756ac/Libertad-Estudiantes-LP-March-12-2015-Copa-Libertadores,py,Libertad,ar,Estudiantes–LP
Copa Libertadores de América,M,,2015,,Second stage,3,Thu,2015-03-12,20:15,Juan Aurich pe,1.0,,ar River Plate,1.0,,15000.0,Estadio Elías Aguirre,Julio Quintana,,https://fbref.com/en/matches/2eec947d/Juan-Aurich-River-Plate-March-12-2015-Copa-Libertadores,pe,Juan Aurich,ar,River Plate
Copa Libertadores de América,M,,2015,,Second stage,3,Tue,2015-03-17,19:30,Danubio uy,1.0,,br Corinthians,2.0,,,Estadio Luis Franzini,Julio Bascuñán,,https://fbref.com/en/matches/7953b1af/Danubio-Corinthians-March-17-2015-Copa-Libertadores,uy,Danubio,br,Corinthians
Copa Libertadores de América,M,,2015,,Second stage,3,Wed,2015-03-18,20:00,Santa Fe co,0.0,,br Atlético Mineiro,1.0,,,Estadio Nemesio Camacho El Campín,Néstor Pitana,,https://fbref.com/en/matches/3a6ddddd/Santa-Fe-Atletico-Mineiro-March-18-2015-Copa-Libertadores,co,Santa Fe,br,Atlético Mineiro
Copa Libertadores de América,M,,2015,,Second stage,3,Wed,2015-03-18,21:00,São Paulo br,1.0,,ar San Lorenzo,0.0,,,Estádio do Morumbi,Wilmar Roldán,,https://fbref.com/en/matches/cd81a17b/Sao-Paulo-San-Lorenzo-March-18-2015-Copa-Libertadores,br,São Paulo,ar,San Lorenzo
Copa Libertadores de América,M,,2015,,Second stage,3,Thu,2015-03-19,20:45,Mineros ve,0.0,,br Cruzeiro,2.0,,,Centro Total de Entretenimiento Cachamay,Carlos Vera,,https://fbref.com/en/matches/9aadb5ba/Mineros-Cruzeiro-March-19-2015-Copa-Libertadores,ve,Mineros,br,Cruzeiro
Copa Libertadores de América,M,,2015,,Second stage,4,Tue,2015-03-17,19:45,Sporting Cristal pe,0.0,,ar Racing Club,2.0,,,Estadio Alberto Gallardo,Daniel Fedorczuk,,https://fbref.com/en/matches/f280ce21/Sporting-Cristal-Racing-Club-March-17-2015-Copa-Libertadores,pe,Sporting Cristal,ar,Racing Club
Copa Libertadores de América,M,,2015,,Second stage,4,Tue,2015-03-17,20:45,Zamora ve,1.0,,ar Boca Juniors,5.0,,,Estadio Rafael Agustín Tovar,Luiz Flávio de Oliveira,,https://fbref.com/en/matches/c8828bd6/Zamora-Boca-Juniors-March-17-2015-Copa-Libertadores,ve,Zamora,ar,Boca Juniors
Copa Libertadores de América,M,,2015,,Second stage,4,Tue,2015-03-17,21:00,UANL mx,4.0,,bo San José,0.0,,,Estadio Universitario de Nuevo León,José Argote,,https://fbref.com/en/matches/f925acce/UANL-San-Jose-March-17-2015-Copa-Libertadores,mx,UANL,bo,San José
Copa Libertadores de América,M,,2015,,Second stage,4,Tue,2015-03-17,23:15,The Strongest bo,5.0,,cl U de Chile,3.0,,,Estadio Hernando Siles,Carlos Amarilla,,https://fbref.com/en/matches/e248149b/The-Strongest-Universidad-de-Chile-March-17-2015-Copa-Libertadores,bo,The Strongest,cl,U de Chile
Copa Libertadores de América,M,,2015,,Second stage,4,Wed,2015-03-18,17:45,CS Emelec ec,1.0,,br Internacional,1.0,,,Estadio Jocay,Mauro Vigliano,,https://fbref.com/en/matches/baff9576/CS-Emelec-Internacional-March-18-2015-Copa-Libertadores,ec,CS Emelec,br,Internacional
Copa Libertadores de América,M,,2015,,Second stage,4,Wed,2015-03-18,19:30,Dep Táchira ve,1.0,,py Guaraní,1.0,,,Estadio Polideportivo de Pueblo Nuevo,Hernando Buitrago,,https://fbref.com/en/matches/033e2737/Deportivo-Tachira-Guarani-March-18-2015-Copa-Libertadores,ve,Dep Táchira,py,Guaraní
Copa Libertadores de América,M,,2015,,Second stage,4,Wed,2015-03-18,19:45,Estudiantes–LP ar,1.0,,py Libertad,0.0,,,Estadio Ciudad de La Plata,Ricardo Marques Ribeiro,,https://fbref.com/en/matches/74e1be89/Estudiantes-LP-Libertad-March-18-2015-Copa-Libertadores,ar,Estudiantes–LP,py,Libertad
Copa Libertadores de América,M,,2015,,Second stage,4,Thu,2015-03-19,20:00,River Plate ar,1.0,,pe Juan Aurich,1.0,,48000.0,Estadio Monumental Antonio Vespucio Libe...,Jorge Osorio,,https://fbref.com/en/matches/153a2019/River-Plate-Juan-Aurich-March-19-2015-Copa-Libertadores,ar,River Plate,pe,Juan Aurich
Copa Libertadores de América,M,,2015,,Second stage,4,Thu,2015-03-19,20:00,Palestino cl,1.0,,uy Wanderers,1.0,,,Estadio Santa Laura-Universidad SEK,Víctor Carrillo,,https://fbref.com/en/matches/82fe4a54/Palestino-Montevideo-Wanderers-March-19-2015-Copa-Libertadores,cl,Palestino,uy,Wanderers
Copa Libertadores de América,M,,2015,,Second stage,4,Thu,2015-03-19,20:15,Nacional co,2.0,,ec Barcelona,3.0,,,Estadio Atanasio Girardot,Leandro Pedro Vuaden,,https://fbref.com/en/matches/2578f2ea/Atletico-Nacional-Barcelona-March-19-2015-Copa-Libertadores,co,Nacional,ec,Barcelona
Copa Libertadores de América,M,,2015,,Second stage,4,Wed,2015-04-01,19:45,San Lorenzo ar,1.0,,br São Paulo,0.0,,35000.0,Estadio Pedro Bidegaín,Enrique Osses,,https://fbref.com/en/matches/7e1813fd/San-Lorenzo-Sao-Paulo-April-1-2015-Copa-Libertadores,ar,San Lorenzo,br,São Paulo
Copa Libertadores de América,M,,2015,,Second stage,4,Wed,2015-04-01,22:00,Corinthians br,4.0,,uy Danubio,0.0,,,Arena Corinthians,Diego Haro,,https://fbref.com/en/matches/3eb39f7a/Corinthians-Danubio-April-1-2015-Copa-Libertadores,br,Corinthians,uy,Danubio
Copa Libertadores de América,M,,2015,,Second stage,4,Tue,2015-04-07,20:15,Atlas mx,1.0,,cl Colo-Colo,3.0,,,Estadio Jalisco,Néstor Pitana,,https://fbref.com/en/matches/b148822d/Atlas-Colo-Colo-April-7-2015-Copa-Libertadores,mx,Atlas,cl,Colo-Colo
Copa Libertadores de América,M,,2015,,Second stage,4,Wed,2015-04-08,19:45,Huracán ar,1.0,,bo Universitario,1.0,,,Estadio Tomás Adolfo Ducó,Ulises Mereles,,https://fbref.com/en/matches/14075e98/Huracan-Universitario-de-Sucre-April-8-2015-Copa-Libertadores,ar,Huracán,bo,Universitario
Copa Libertadores de América,M,,2015,,Second stage,4,Wed,2015-04-08,22:00,Cruzeiro br,3.0,,ve Mineros,0.0,,,Estádio Governador Magalhães Pinto,Jorge Osorio,,https://fbref.com/en/matches/910e3021/Cruzeiro-Mineros-April-8-2015-Copa-Libertadores,br,Cruzeiro,ve,Mineros
Copa Libertadores de América,M,,2015,,Second stage,4,Thu,2015-04-09,21:45,Atlético Mineiro br,2.0,,co Santa Fe,0.0,,,Estádio Governador Magalhães Pinto,Andrés Cunha,,https://fbref.com/en/matches/5f70ead9/Atletico-Mineiro-Santa-Fe-April-9-2015-Copa-Libertadores,br,Atlético Mineiro,co,Santa Fe
Copa Libertadores de América,M,,2015,,Second stage,5,Tue,2015-04-07,19:00,Guaraní py,2.0,,ar Racing Club,0.0,,,Estadio Defensores del Chaco,Heber Roberto Lopes,,https://fbref.com/en/matches/7c4dd18e/Guarani-Racing-Club-April-7-2015-Copa-Libertadores,py,Guaraní,ar,Racing Club
Copa Libertadores de América,M,,2015,,Second stage,5,Tue,2015-04-07,20:00,Palestino cl,4.0,,ve Zamora,0.0,,,Estadio Santa Laura-Universidad SEK,Óscar Maldonado,,https://fbref.com/en/matches/e9771a3f/Palestino-Zamora-April-7-2015-Copa-Libertadores,cl,Palestino,ve,Zamora
Copa Libertadores de América,M,,2015,,Second stage,5,Tue,2015-04-07,21:15,San José bo,1.0,,pe Juan Aurich,1.0,,,Estadio Jesús Bermúdez,Roddy Zambrano,,https://fbref.com/en/matches/f93f1076/San-Jose-Juan-Aurich-April-7-2015-Copa-Libertadores,bo,San José,pe,Juan Aurich
Copa Libertadores de América,M,,2015,,Second stage,5,Wed,2015-04-08,18:15,Dep Táchira ve,0.0,,pe Sporting Cristal,0.0,,,Estadio Polideportivo de Pueblo Nuevo,Raúl Orozco,,https://fbref.com/en/matches/f00a9c9d/Deportivo-Tachira-Sporting-Cristal-April-8-2015-Copa-Libertadores,ve,Dep Táchira,pe,Sporting Cristal
Copa Libertadores de América,M,,2015,,Second stage,5,Wed,2015-04-08,20:00,UANL mx,2.0,,ar River Plate,2.0,,,Estadio Universitario de Nuevo León,Adrián Vélez,,https://fbref.com/en/matches/43b6209e/UANL-River-Plate-April-8-2015-Copa-Libertadores,mx,UANL,ar,River Plate
Copa Libertadores de América,M,,2015,,Second stage,5,Thu,2015-04-09,18:30,Libertad py,1.0,,ec Barcelona,1.0,,,Estadio Dr. Nicolás Leoz,Víctor Carrillo,,https://fbref.com/en/matches/dae99e11/Libertad-Barcelona-April-9-2015-Copa-Libertadores,py,Libertad,ec,Barcelona
Copa Libertadores de América,M,,2015,,Second stage,5,Thu,2015-04-09,19:30,Estudiantes–LP ar,0.0,,co Nacional,1.0,,,Estadio Ciudad de La Plata,Daniel Fedorczuk,,https://fbref.com/en/matches/3acdc36b/Estudiantes-LP-Atletico-Nacional-April-9-2015-Copa-Libertadores,ar,Estudiantes–LP,co,Nacional
Copa Libertadores de América,M,,2015,,Second stage,5,Thu,2015-04-09,21:45,Wanderers uy,0.0,,ar Boca Juniors,3.0,,,Estadio Gran Parque Central,Sandro Ricci,,https://fbref.com/en/matches/3528d6cb/Montevideo-Wanderers-Boca-Juniors-April-9-2015-Copa-Libertadores,uy,Wanderers,ar,Boca Juniors
Copa Libertadores de América,M,,2015,,Second stage,5,Tue,2015-04-14,18:00,Universitario bo,2.0,,ve Mineros,0.0,,5000.0,Estadio Olímpico Patria,Antonio Arias,,https://fbref.com/en/matches/5d87ceb0/Universitario-de-Sucre-Mineros-April-14-2015-Copa-Libertadores,bo,Universitario,ve,Mineros
Copa Libertadores de América,M,,2015,,Second stage,5,Tue,2015-04-14,19:00,Huracán ar,3.0,,br Cruzeiro,1.0,,20000.0,Estadio Tomás Adolfo Ducó,Patricio Polic,,https://fbref.com/en/matches/f8b3c0ea/Huracan-Cruzeiro-April-14-2015-Copa-Libertadores,ar,Huracán,br,Cruzeiro
Copa Libertadores de América,M,,2015,,Second stage,5,Wed,2015-04-15,16:30,The Strongest bo,1.0,,ec CS Emelec,0.0,,5000.0,Estadio Hernando Siles,Hernando Buitrago,,https://fbref.com/en/matches/c5d97d94/The-Strongest-CS-Emelec-April-15-2015-Copa-Libertadores,bo,The Strongest,ec,CS Emelec
Copa Libertadores de América,M,,2015,,Second stage,5,Wed,2015-04-15,20:00,Atlas mx,1.0,,br Atlético Mineiro,0.0,,10000.0,Estadio Jalisco,Patricio Loustau,,https://fbref.com/en/matches/6390f2bd/Atlas-Atletico-Mineiro-April-15-2015-Copa-Libertadores,mx,Atlas,br,Atlético Mineiro
Copa Libertadores de América,M,,2015,,Second stage,5,Wed,2015-04-15,22:00,Danubio uy,1.0,,br São Paulo,2.0,,5000.0,Estadio Centenario,José Argote,,https://fbref.com/en/matches/13b33b3f/Danubio-Sao-Paulo-April-15-2015-Copa-Libertadores,uy,Danubio,br,São Paulo
Copa Libertadores de América,M,,2015,,Second stage,5,Wed,2015-04-15,22:00,Colo-Colo cl,0.0,,co Santa Fe,3.0,,35000.0,Estadio Monumental David Arellano,Darío Ubríaco,,https://fbref.com/en/matches/fb4fd13c/Colo-Colo-Santa-Fe-April-15-2015-Copa-Libertadores,cl,Colo-Colo,co,Santa Fe
Copa Libertadores de América,M,,2015,,Second stage,5,Thu,2015-04-16,22:00,Corinthians br,0.0,,ar San Lorenzo,0.0,,41500.0,Arena Corinthians,Víctor Carrillo,,https://fbref.com/en/matches/62a31d14/Corinthians-San-Lorenzo-April-16-2015-Copa-Libertadores,br,Corinthians,ar,San Lorenzo
Copa Libertadores de América,M,,2015,,Second stage,5,Thu,2015-04-16,22:00,U de Chile cl,0.0,,br Internacional,4.0,,15000.0,Estadio Nacional Julio Martínez Prádanos,Silvio Trucco,,https://fbref.com/en/matches/7d85517d/Universidad-de-Chile-Internacional-April-16-2015-Copa-Libertadores,cl,U de Chile,br,Internacional
Copa Libertadores de América,M,,2015,,Second stage,6,Tue,2015-04-14,19:15,Sporting Cristal pe,1.0,,py Guaraní,1.0,,15000.0,Estadio Alberto Gallardo,Julio Bascuñán,,https://fbref.com/en/matches/cddbfbd9/Sporting-Cristal-Guarani-April-14-2015-Copa-Libertadores,pe,Sporting Cristal,py,Guaraní
Copa Libertadores de América,M,,2015,,Second stage,6,Tue,2015-04-14,21:15,Racing Club ar,3.0,,ve Dep Táchira,2.0,,35000.0,Estadio Presidente Juan Domingo Perón,Carlos Orbe,,https://fbref.com/en/matches/2b15fd2e/Racing-Club-Deportivo-Tachira-April-14-2015-Copa-Libertadores,ar,Racing Club,ve,Dep Táchira
Copa Libertadores de América,M,,2015,,Second stage,6,Wed,2015-04-15,17:45,Juan Aurich pe,4.0,,mx UANL,5.0,,,Estadio Elías Aguirre,Carlos Ulloa,,https://fbref.com/en/matches/44733c43/Juan-Aurich-UANL-April-15-2015-Copa-Libertadores,pe,Juan Aurich,mx,UANL
Copa Libertadores de América,M,,2015,,Second stage,6,Wed,2015-04-15,19:45,River Plate ar,3.0,,bo San José,0.0,,40000.0,Estadio Monumental Antonio Vespucio Libe...,Péricles Bassols Pegado Cortez,,https://fbref.com/en/matches/4738525c/River-Plate-San-Jose-April-15-2015-Copa-Libertadores,ar,River Plate,bo,San José
Copa Libertadores de América,M,,2015,,Second stage,6,Thu,2015-04-16,18:15,Zamora ve,0.0,,uy Wanderers,3.0,,500.0,Estadio Rafael Agustín Tovar,Enrique Cáceres,,https://fbref.com/en/matches/3dedc9c6/Zamora-Montevideo-Wanderers-April-16-2015-Copa-Libertadores,ve,Zamora,uy,Wanderers
Copa Libertadores de América,M,,2015,,Second stage,6,Thu,2015-04-16,19:45,Boca Juniors ar,2.0,,cl Palestino,0.0,,45000.0,Estadio Alberto José Armando,Wilton Sampaio,,https://fbref.com/en/matches/57174448/Boca-Juniors-Palestino-April-16-2015-Copa-Libertadores,ar,Boca Juniors,cl,Palestino
Copa Libertadores de América,M,,2015,,Second stage,6,Tue,2015-04-21,19:00,Mineros ve,3.0,,ar Huracán,0.0,,2000.0,Centro Total de Entretenimiento Cachamay,Daniel Fedorczuk,,https://fbref.com/en/matches/207cb12e/Mineros-Huracan-April-21-2015-Copa-Libertadores,ve,Mineros,ar,Huracán
Copa Libertadores de América,M,,2015,,Second stage,6,Tue,2015-04-21,20:30,Cruzeiro br,2.0,,bo Universitario,0.0,,,Estádio Governador Magalhães Pinto,Roddy Zambrano,,https://fbref.com/en/matches/1b5c9430/Cruzeiro-Universitario-de-Sucre-April-21-2015-Copa-Libertadores,br,Cruzeiro,bo,Universitario
Copa Libertadores de América,M,,2015,,Second stage,6,Tue,2015-04-21,20:45,Nacional co,4.0,,py Libertad,0.0,,,Estadio Atanasio Girardot,Heber Roberto Lopes,,https://fbref.com/en/matches/b839a49f/Atletico-Nacional-Libertad-April-21-2015-Copa-Libertadores,co,Nacional,py,Libertad
Copa Libertadores de América,M,,2015,,Second stage,6,Tue,2015-04-21,20:45,Barcelona ec,0.0,,ar Estudiantes–LP,2.0,,,Estadio Monumental Isidro Romero Carbo,Andrés Cunha,,https://fbref.com/en/matches/6424c8bc/Barcelona-Estudiantes-LP-April-21-2015-Copa-Libertadores,ec,Barcelona,ar,Estudiantes–LP
Copa Libertadores de América,M,,2015,,Second stage,6,Wed,2015-04-22,15:30,CS Emelec ec,2.0,,cl U de Chile,0.0,,12000.0,Estadio Modelo Alberto Spencer Herrera,Roberto García,,https://fbref.com/en/matches/001f313b/CS-Emelec-Universidad-de-Chile-April-22-2015-Copa-Libertadores,ec,CS Emelec,cl,U de Chile
Copa Libertadores de América,M,,2015,,Second stage,6,Wed,2015-04-22,17:30,Internacional br,1.0,,bo The Strongest,0.0,,40000.0,Estádio José Pinheiro Borba,Enrique Cáceres,,https://fbref.com/en/matches/e20450b9/Internacional-The-Strongest-April-22-2015-Copa-Libertadores,br,Internacional,bo,The Strongest
Copa Libertadores de América,M,,2015,,Second stage,6,Wed,2015-04-22,17:45,Santa Fe co,3.0,,mx Atlas,1.0,,25000.0,Estadio Nemesio Camacho El Campín,Mauro Vigliano,,https://fbref.com/en/matches/fcd6e567/Santa-Fe-Atlas-April-22-2015-Copa-Libertadores,co,Santa Fe,mx,Atlas
Copa Libertadores de América,M,,2015,,Second stage,6,Wed,2015-04-22,19:45,Atlético Mineiro br,2.0,,cl Colo-Colo,0.0,,21274.0,Estádio Governador Magalhães Pinto,Carlos Vera,,https://fbref.com/en/matches/69d2b1b4/Atletico-Mineiro-Colo-Colo-April-22-2015-Copa-Libertadores,br,Atlético Mineiro,cl,Colo-Colo
Copa Libertadores de América,M,,2015,,Second stage,6,Wed,2015-04-22,22:00,San Lorenzo ar,0.0,,uy Danubio,1.0,,25000.0,Estadio Pedro Bidegaín,Hernando Buitrago,,https://fbref.com/en/matches/9ef27ee0/San-Lorenzo-Danubio-April-22-2015-Copa-Libertadores,ar,San Lorenzo,uy,Danubio
Copa Libertadores de América,M,,2015,,Second stage,6,Wed,2015-04-22,22:00,São Paulo br,2.0,,br Corinthians,0.0,,40000.0,Estádio do Morumbi,Sandro Ricci,,https://fbref.com/en/matches/59727c2c/Classico-Majestoso-Sao-Paulo-Corinthians-April-22-2015-Copa-Libertadores,br,São Paulo,br,Corinthians
Copa Libertadores de América,M,,2016,,First stage,,Tue,2016-02-02,19:30,Huracán ar,1.0,,ve Caracas,0.0,,,Estadio Tomás Adolfo Ducó,Patricio Polic,Leg 1 of 2,https://fbref.com/en/matches/eceba3ce/Huracan-Caracas-February-2-2016-Copa-Libertadores,ar,Huracán,ve,Caracas
Copa Libertadores de América,M,,2016,,First stage,,Tue,2016-02-02,21:45,River Plate uy,2.0,,cl U de Chile,0.0,,,Parque Federico Omar Saroldi,Patricio Loustau,Leg 1 of 2,https://fbref.com/en/matches/dc9531b2/River-Plate-Universidad-de-Chile-February-2-2016-Copa-Libertadores,uy,River Plate,cl,U de Chile
Copa Libertadores de América,M,,2016,,First stage,,Wed,2016-02-03,18:45,U César Vallejo pe,1.0,,br São Paulo,1.0,,,Estadio Mansiche,Roddy Zambrano,Leg 1 of 2,https://fbref.com/en/matches/363f5348/Universidad-Cesar-Vallejo-Sao-Paulo-February-3-2016-Copa-Libertadores,pe,U César Vallejo,br,São Paulo
Copa Libertadores de América,M,,2016,,First stage,,Wed,2016-02-03,20:15,Puebla mx,2.0,,ar Racing Club,2.0,,,Estadio Cuauhtémoc,Daniel Fedorczuk,Leg 1 of 2,https://fbref.com/en/matches/9bd95d91/Puebla-Racing-Club-February-3-2016-Copa-Libertadores,mx,Puebla,ar,Racing Club
Copa Libertadores de América,M,,2016,,First stage,,Thu,2016-02-04,17:30,Independiente ec,1.0,,py Guaraní,0.0,,,Estadio General Rumiñahui del Valle de L...,Juan Soto,Leg 1 of 2,https://fbref.com/en/matches/d76399b8/Independiente-del-Valle-Guarani-February-4-2016-Copa-Libertadores,ec,Independiente,py,Guaraní
Copa Libertadores de América,M,,2016,,First stage,,Thu,2016-02-04,20:45,Oriente Petrolero bo,1.0,,co Santa Fe,3.0,,,Estadio Ramón Aguilera Costas,Pericles Bassols Pegado Cortez,Leg 1 of 2,https://fbref.com/en/matches/1ea69126/Oriente-Petrolero-Santa-Fe-February-4-2016-Copa-Libertadores,bo,Oriente Petrolero,co,Santa Fe
Copa Libertadores de América,M,,2016,,First stage,,Tue,2016-02-09,19:30,U de Chile cl,0.0,,uy River Plate,0.0,,,Estadio Nacional Julio Martínez Prádanos,Carlos Vera,Leg 2 of 2; River Plate won,https://fbref.com/en/matches/7d6437c1/Universidad-de-Chile-River-Plate-February-9-2016-Copa-Libertadores,cl,U de Chile,uy,River Plate
Copa Libertadores de América,M,,2016,,First stage,,Tue,2016-02-09,20:15,Caracas ve,2.0,,ar Huracán,1.0,,,Estadio Olímpico,Enrique Cáceres,Leg 2 of 2; Huracán won,https://fbref.com/en/matches/0946209d/Caracas-Huracan-February-9-2016-Copa-Libertadores,ve,Caracas,ar,Huracán
Copa Libertadores de América,M,,2016,,First stage,,Wed,2016-02-10,21:45,São Paulo br,1.0,,pe U César Vallejo,0.0,,,Estádio do Pacaembú,Christian Ferreyra,Leg 2 of 2; São Paulo won,https://fbref.com/en/matches/6823eebc/Sao-Paulo-Universidad-Cesar-Vallejo-February-10-2016-Copa-Libertadores,br,São Paulo,pe,U César Vallejo
Copa Libertadores de América,M,,2016,,First stage,,Wed,2016-02-10,21:45,Racing Club ar,1.0,,mx Puebla,0.0,,,Estadio Presidente Juan Domingo Perón,Ricardo Marques Ribeiro,Leg 2 of 2; Racing Club won,https://fbref.com/en/matches/8b5482bb/Racing-Club-Puebla-February-10-2016-Copa-Libertadores,ar,Racing Club,mx,Puebla
Copa Libertadores de América,M,,2016,,First stage,,Thu,2016-02-11,19:30,Guaraní py,2.0,,ec Independiente,1.0,,,Estadio Defensores del Chaco,Mauro Vigliano,Leg 2 of 2; Independiente won,https://fbref.com/en/matches/28774004/Guarani-Independiente-del-Valle-February-11-2016-Copa-Libertadores,py,Guaraní,ec,Independiente
Copa Libertadores de América,M,,2016,,First stage,,Thu,2016-02-11,20:00,Santa Fe co,3.0,,bo Oriente Petrolero,0.0,,,Estadio Nemesio Camacho El Campín,Víctor Carrillo,Leg 2 of 2; Santa Fe won,https://fbref.com/en/matches/32f9ed76/Santa-Fe-Oriente-Petrolero-February-11-2016-Copa-Libertadores,co,Santa Fe,bo,Oriente Petrolero
Copa Libertadores de América,M,,2016,,Round of 16,,Tue,2016-04-26,19:30,Huracán ar,0.0,,co Nacional,0.0,,,Estadio Tomás Adolfo Ducó,Patricio Polic,Leg 1 of 2,https://fbref.com/en/matches/4b2c4abd/Huracan-Atletico-Nacional-April-26-2016-Copa-Libertadores,ar,Huracán,co,Nacional
Copa Libertadores de América,M,,2016,,Round of 16,,Tue,2016-04-26,20:15,Dep Táchira ve,1.0,,mx UNAM,0.0,,,Estadio Polideportivo de Pueblo Nuevo,Óscar Maldonado,Leg 1 of 2,https://fbref.com/en/matches/4b05f540/Deportivo-Tachira-Pumas-UNAM-April-26-2016-Copa-Libertadores,ve,Dep Táchira,mx,UNAM
Copa Libertadores de América,M,,2016,,Round of 16,,Wed,2016-04-27,19:30,Racing Club ar,0.0,,br Atlético Mineiro,0.0,,,Estadio Presidente Juan Domingo Perón,Julio Quintana,Leg 1 of 2,https://fbref.com/en/matches/cf4646e0/Racing-Club-Atletico-Mineiro-April-27-2016-Copa-Libertadores,ar,Racing Club,br,Atlético Mineiro
Copa Libertadores de América,M,,2016,,Round of 16,,Wed,2016-04-27,21:45,Grêmio br,0.0,,ar Rosario Central,1.0,,,Arena do Grêmio,Víctor Carrillo,Leg 1 of 2,https://fbref.com/en/matches/27e54621/Gremio-Rosario-Central-April-27-2016-Copa-Libertadores,br,Grêmio,ar,Rosario Central
Copa Libertadores de América,M,,2016,,Round of 16,,Wed,2016-04-27,21:45,Nacional uy,0.0,,br Corinthians,0.0,,,Estadio Gran Parque Central,Patricio Loustau,Leg 1 of 2,https://fbref.com/en/matches/9b70b632/Nacional-Corinthians-April-27-2016-Copa-Libertadores,uy,Nacional,br,Corinthians
Copa Libertadores de América,M,,2016,,Round of 16,,Thu,2016-04-28,17:30,Independiente ec,2.0,,ar River Plate,0.0,,,Estadio General Rumiñahui del Valle de L...,Heber Roberto Lopes,Leg 1 of 2,https://fbref.com/en/matches/fd039b06/Independiente-del-Valle-River-Plate-April-28-2016-Copa-Libertadores,ec,Independiente,ar,River Plate
Copa Libertadores de América,M,,2016,,Round of 16,,Thu,2016-04-28,20:45,Cerro Porteño py,1.0,,ar Boca Juniors,2.0,,,Estadio Defensores del Chaco,Francisco Chacon,Leg 1 of 2,https://fbref.com/en/matches/33e9afa6/Cerro-Porteno-Boca-Juniors-April-28-2016-Copa-Libertadores,py,Cerro Porteño,ar,Boca Juniors
Copa Libertadores de América,M,,2016,,Round of 16,,Thu,2016-04-28,21:45,São Paulo br,4.0,,mx Toluca,0.0,,,Estádio do Morumbi,Jonathan Fuentes,Leg 1 of 2,https://fbref.com/en/matches/2239fe91/Sao-Paulo-Toluca-April-28-2016-Copa-Libertadores,br,São Paulo,mx,Toluca
Copa Libertadores de América,M,,2016,,Round of 16,,Tue,2016-05-03,19:45,Nacional co,4.0,,ar Huracán,2.0,,,Estadio Atanasio Girardot,José Argote,Leg 2 of 2; Nacional won,https://fbref.com/en/matches/b1dd4acf/Atletico-Nacional-Huracan-May-3-2016-Copa-Libertadores,co,Nacional,ar,Huracán
Copa Libertadores de América,M,,2016,,Round of 16,,Tue,2016-05-03,21:45,UNAM mx,2.0,,ve Dep Táchira,0.0,,,Estadio Olímpico de Universitario,Patricio Polic,Leg 2 of 2; UNAM won,https://fbref.com/en/matches/145b2559/Pumas-UNAM-Deportivo-Tachira-May-3-2016-Copa-Libertadores,mx,UNAM,ve,Dep Táchira
Copa Libertadores de América,M,,2016,,Round of 16,,Wed,2016-05-04,17:15,Toluca mx,3.0,,br São Paulo,1.0,,,Estadio Nemesio Díez,Wilson Lamouroux,Leg 2 of 2; São Paulo won,https://fbref.com/en/matches/0f4f7d44/Toluca-Sao-Paulo-May-4-2016-Copa-Libertadores,mx,Toluca,br,São Paulo
Copa Libertadores de América,M,,2016,,Round of 16,,Wed,2016-05-04,19:15,River Plate ar,1.0,,ec Independiente,0.0,,,Estadio Monumental Antonio Vespucio Libe...,Wilmar Roldán,Leg 2 of 2; Independiente won,https://fbref.com/en/matches/ca352600/River-Plate-Independiente-del-Valle-May-4-2016-Copa-Libertadores,ar,River Plate,ec,Independiente
Copa Libertadores de América,M,,2016,,Round of 16,,Wed,2016-05-04,21:45,Corinthians br,2.0,,uy Nacional,2.0,,,Arena Corinthians,Néstor Pitana,Leg 2 of 2; Nacional won,https://fbref.com/en/matches/273a1b6f/Corinthians-Nacional-May-4-2016-Copa-Libertadores,br,Corinthians,uy,Nacional
Copa Libertadores de América,M,,2016,,Round of 16,,Wed,2016-05-04,21:45,Atlético Mineiro br,2.0,,ar Racing Club,1.0,,,Estádio Raimundo Sampaio,Daniel Fedorczuk,Leg 2 of 2; Atlético Mineiro won,https://fbref.com/en/matches/ce0dca9b/Atletico-Mineiro-Racing-Club-May-4-2016-Copa-Libertadores,br,Atlético Mineiro,ar,Racing Club
Copa Libertadores de América,M,,2016,,Round of 16,,Thu,2016-05-05,19:15,Rosario Central ar,3.0,,br Grêmio,0.0,,,Estadio Dr. Lisandro de la Torre,Enrique Cáceres,Leg 2 of 2; Rosario Central won,https://fbref.com/en/matches/1dce9d1d/Rosario-Central-Gremio-May-5-2016-Copa-Libertadores,ar,Rosario Central,br,Grêmio
Copa Libertadores de América,M,,2016,,Round of 16,,Thu,2016-05-05,21:45,Boca Juniors ar,3.0,,py Cerro Porteño,1.0,,,Estadio Alberto José Armando,Wilton Sampaio,Leg 2 of 2; Boca Juniors won,https://fbref.com/en/matches/401c77cc/Boca-Juniors-Cerro-Porteno-May-5-2016-Copa-Libertadores,ar,Boca Juniors,py,Cerro Porteño
Copa Libertadores de América,M,,2016,,Quarter-finals,,Wed,2016-05-11,21:45,São Paulo br,1.0,,br Atlético Mineiro,0.0,,,Estádio do Morumbi,Wilmar Roldán,Leg 1 of 2,https://fbref.com/en/matches/d8b51f36/Sao-Paulo-Atletico-Mineiro-May-11-2016-Copa-Libertadores,br,São Paulo,br,Atlético Mineiro
Copa Libertadores de América,M,,2016,,Quarter-finals,,Thu,2016-05-12,19:30,Nacional uy,1.0,,ar Boca Juniors,1.0,,,Estadio Gran Parque Central,Enrique Cáceres,Leg 1 of 2,https://fbref.com/en/matches/c90d76cf/Nacional-Boca-Juniors-May-12-2016-Copa-Libertadores,uy,Nacional,ar,Boca Juniors
Copa Libertadores de América,M,,2016,,Quarter-finals,,Thu,2016-05-12,21:45,Rosario Central ar,1.0,,co Nacional,0.0,,,Estadio Dr. Lisandro de la Torre,Sandro Ricci,Leg 1 of 2,https://fbref.com/en/matches/8fbe9880/Rosario-Central-Atletico-Nacional-May-12-2016-Copa-Libertadores,ar,Rosario Central,co,Nacional
Copa Libertadores de América,M,,2016,,Quarter-finals,,Tue,2016-05-17,19:45,Independiente ec,2.0,,mx UNAM,1.0,,,Estadio Olímpico Atahualpa,Mauro Vigliano,Leg 1 of 2,https://fbref.com/en/matches/eb960dad/Independiente-del-Valle-Pumas-UNAM-May-17-2016-Copa-Libertadores,ec,Independiente,mx,UNAM
Copa Libertadores de América,M,,2016,,Quarter-finals,,Wed,2016-05-18,21:45,Atlético Mineiro br,2.0,,br São Paulo,1.0,,,Estádio Raimundo Sampaio,Andrés Cunha,Leg 2 of 2; São Paulo won,https://fbref.com/en/matches/5f578511/Atletico-Mineiro-Sao-Paulo-May-18-2016-Copa-Libertadores,br,Atlético Mineiro,br,São Paulo
Copa Libertadores de América,M,,2016,,Quarter-finals,,Thu,2016-05-19,20:15,Boca Juniors ar,1.0,,uy Nacional,1.0,,,Estadio Alberto José Armando,Heber Roberto Lopes,Leg 2 of 2; Boca Juniors won; Boca Juniors won on penalty kicks following extra time,https://fbref.com/en/matches/ecd12e4c/Boca-Juniors-Nacional-May-19-2016-Copa-Libertadores,ar,Boca Juniors,uy,Nacional
Copa Libertadores de América,M,,2016,,Quarter-finals,,Thu,2016-05-19,20:45,Nacional co,3.0,,ar Rosario Central,1.0,,,Estadio Atanasio Girardot,Daniel Fedorczuk,Leg 2 of 2; Nacional won,https://fbref.com/en/matches/86fae01e/Atletico-Nacional-Rosario-Central-May-19-2016-Copa-Libertadores,co,Nacional,ar,Rosario Central
Copa Libertadores de América,M,,2016,,Quarter-finals,,Tue,2016-05-24,19:45,UNAM mx,2.0,,ec Independiente,2.0,,,Estadio Olímpico de Universitario,Víctor Carrillo,Leg 2 of 2; Independiente won; Independiente won on penalty kicks following extra time,https://fbref.com/en/matches/b2be56fd/Pumas-UNAM-Independiente-del-Valle-May-24-2016-Copa-Libertadores,mx,UNAM,ec,Independiente
Copa Libertadores de América,M,,2016,,Semi-finals,,Wed,2016-07-06,21:45,São Paulo br,0.0,,co Nacional,2.0,,,Estádio do Morumbi,Mauro Vigliano,Leg 1 of 2,https://fbref.com/en/matches/ad2fa369/Sao-Paulo-Atletico-Nacional-July-6-2016-Copa-Libertadores,br,São Paulo,co,Nacional
Copa Libertadores de América,M,,2016,,Semi-finals,,Thu,2016-07-07,19:45,Independiente ec,2.0,,ar Boca Juniors,1.0,,,Estadio Olímpico Atahualpa,Wilmar Roldán,Leg 1 of 2,https://fbref.com/en/matches/5e063e8a/Independiente-del-Valle-Boca-Juniors-July-7-2016-Copa-Libertadores,ec,Independiente,ar,Boca Juniors
Copa Libertadores de América,M,,2016,,Semi-finals,,Wed,2016-07-13,19:45,Nacional co,2.0,,br São Paulo,1.0,,,Estadio Atanasio Girardot,Patricio Polic,Leg 2 of 2; Nacional won,https://fbref.com/en/matches/14d4eac9/Atletico-Nacional-Sao-Paulo-July-13-2016-Copa-Libertadores,co,Nacional,br,São Paulo
Copa Libertadores de América,M,,2016,,Semi-finals,,Thu,2016-07-14,21:45,Boca Juniors ar,2.0,,ec Independiente,3.0,,,Estadio Alberto José Armando,Daniel Fedorczuk,Leg 2 of 2; Independiente won,https://fbref.com/en/matches/0130c859/Boca-Juniors-Independiente-del-Valle-July-14-2016-Copa-Libertadores,ar,Boca Juniors,ec,Independiente
Copa Libertadores de América,M,,2016,,Finals,,Wed,2016-07-20,19:45,Independiente ec,1.0,,co Nacional,1.0,,,Estadio Olímpico Atahualpa,Enrique Cáceres,Leg 1 of 2,https://fbref.com/en/matches/2cb5a63e/Independiente-del-Valle-Atletico-Nacional-July-20-2016-Copa-Libertadores,ec,Independiente,co,Nacional
Copa Libertadores de América,M,,2016,,Finals,,Wed,2016-07-27,19:45,Nacional co,1.0,,ec Independiente,0.0,,,Estadio Atanasio Girardot,Néstor Pitana,Leg 2 of 2; Nacional won,https://fbref.com/en/matches/a6e9ee99/Atletico-Nacional-Independiente-del-Valle-July-27-2016-Copa-Libertadores,co,Nacional,ec,Independiente
Copa Libertadores de América,M,,2016,,Second stage,1,Tue,2016-02-16,20:45,River Plate uy,2.0,,br Palmeiras,2.0,,,Parque Federico Omar Saroldi,Julio Bascuñán,,https://fbref.com/en/matches/6ba6855c/River-Plate-Palmeiras-February-16-2016-Copa-Libertadores,uy,River Plate,br,Palmeiras
Copa Libertadores de América,M,,2016,,Second stage,1,Tue,2016-02-16,21:00,Santa Fe co,0.0,,py Cerro Porteño,0.0,,,Estadio Nemesio Camacho El Campín,Roberto García,,https://fbref.com/en/matches/45552e01/Santa-Fe-Cerro-Porteno-February-16-2016-Copa-Libertadores,co,Santa Fe,py,Cerro Porteño
Copa Libertadores de América,M,,2016,,Second stage,1,Tue,2016-02-16,21:30,Dep Táchira ve,2.0,,py Olimpia,1.0,,,Estadio Polideportivo de Pueblo Nuevo,Heber Roberto Lopes,,https://fbref.com/en/matches/eea23143/Deportivo-Tachira-Club-Olimpia-February-16-2016-Copa-Libertadores,ve,Dep Táchira,py,Olimpia
Copa Libertadores de América,M,,2016,,Second stage,1,Wed,2016-02-17,18:45,Melgar pe,1.0,,br Atlético Mineiro,2.0,,,Estadio de la Universidad Nacional San A...,Wilson Lamouroux,,https://fbref.com/en/matches/d0e040cc/Melgar-Atletico-Mineiro-February-17-2016-Copa-Libertadores,pe,Melgar,br,Atlético Mineiro
Copa Libertadores de América,M,,2016,,Second stage,1,Wed,2016-02-17,19:30,São Paulo br,0.0,,bo The Strongest,1.0,,,Estádio do Pacaembú,Mario Díaz de Vivar,,https://fbref.com/en/matches/b5965c33/Sao-Paulo-The-Strongest-February-17-2016-Copa-Libertadores,br,São Paulo,bo,The Strongest
Copa Libertadores de América,M,,2016,,Second stage,1,Wed,2016-02-17,20:00,Toluca mx,2.0,,br Grêmio,0.0,,,Estadio Nemesio Díez,Gery Vargas,,https://fbref.com/en/matches/0aca44cb/Toluca-Gremio-February-17-2016-Copa-Libertadores,mx,Toluca,br,Grêmio
Copa Libertadores de América,M,,2016,,Second stage,1,Wed,2016-02-17,20:45,Cobresal cl,0.0,,br Corinthians,1.0,,,Estadio El Cobre,Andrés Cunha,,https://fbref.com/en/matches/8c50725a/Cobresal-Corinthians-February-17-2016-Copa-Libertadores,cl,Cobresal,br,Corinthians
Copa Libertadores de América,M,,2016,,Second stage,1,Thu,2016-02-18,19:45,Sporting Cristal pe,1.0,,uy Peñarol,1.0,,,Estadio Alberto Gallardo,Wilton Sampaio,,https://fbref.com/en/matches/0de3c339/Sporting-Cristal-Penarol-February-18-2016-Copa-Libertadores,pe,Sporting Cristal,uy,Peñarol
Copa Libertadores de América,M,,2016,,Second stage,1,Thu,2016-02-18,19:45,Independiente ec,1.0,,cl Colo-Colo,1.0,,,Estadio General Rumiñahui del Valle de L...,José Argote,,https://fbref.com/en/matches/f4cd5c30/Independiente-del-Valle-Colo-Colo-February-18-2016-Copa-Libertadores,ec,Independiente,cl,Colo-Colo
Copa Libertadores de América,M,,2016,,Second stage,1,Thu,2016-02-18,21:00,UNAM mx,4.0,,ec CS Emelec,2.0,,,Estadio Olímpico de Universitario,Diego Haro,,https://fbref.com/en/matches/0675957d/Pumas-UNAM-CS-Emelec-February-18-2016-Copa-Libertadores,mx,UNAM,ec,CS Emelec
Copa Libertadores de América,M,,2016,,Second stage,1,Tue,2016-02-23,17:30,LDU de Quito ec,2.0,,ar San Lorenzo,0.0,,,,Jonathan Fuentes,,https://fbref.com/en/matches/201ac2a7/LDU-de-Quito-San-Lorenzo-February-23-2016-Copa-Libertadores,ec,LDU de Quito,ar,San Lorenzo
Copa Libertadores de América,M,,2016,,Second stage,1,Tue,2016-02-23,21:45,Huracán ar,0.0,,co Nacional,2.0,,,Estadio Tomás Adolfo Ducó,Roberto Tobar,,https://fbref.com/en/matches/651ee474/Huracan-Atletico-Nacional-February-23-2016-Copa-Libertadores,ar,Huracán,co,Nacional
Copa Libertadores de América,M,,2016,,Second stage,1,Wed,2016-02-24,19:30,Racing Club ar,4.0,,bo Bolívar,1.0,,,Estadio Presidente Juan Domingo Perón,Ulises Mereles,,https://fbref.com/en/matches/70361114/Racing-Club-Bolivar-February-24-2016-Copa-Libertadores,ar,Racing Club,bo,Bolívar
Copa Libertadores de América,M,,2016,,Second stage,1,Wed,2016-02-24,19:45,AD Cali co,0.0,,ar Boca Juniors,0.0,,,Estadio Deportivo Cali,Pericles Bassols Pegado Cortez,,https://fbref.com/en/matches/e430fde6/AD-Cali-Boca-Juniors-February-24-2016-Copa-Libertadores,co,AD Cali,ar,Boca Juniors
Copa Libertadores de América,M,,2016,,Second stage,1,Thu,2016-02-25,19:30,Rosario Central ar,1.0,,uy Nacional,1.0,,,Estadio Dr. Lisandro de la Torre,Wilmar Roldán,,https://fbref.com/en/matches/ccf8720e/Rosario-Central-Nacional-February-25-2016-Copa-Libertadores,ar,Rosario Central,uy,Nacional
Copa Libertadores de América,M,,2016,,Second stage,1,Thu,2016-02-25,20:15,Trujillanos ve,0.0,,ar River Plate,4.0,,,Estadio José Alberto Pérez,Juan Bravo,,https://fbref.com/en/matches/86dd1575/Trujillanos-River-Plate-February-25-2016-Copa-Libertadores,ve,Trujillanos,ar,River Plate
Copa Libertadores de América,M,,2016,,Second stage,2,Wed,2016-02-24,19:30,Colo-Colo cl,1.0,,pe Melgar,0.0,,,Estadio Monumental David Arellano,Julio Quintana,,https://fbref.com/en/matches/9f11822d/Colo-Colo-Melgar-February-24-2016-Copa-Libertadores,cl,Colo-Colo,pe,Melgar
Copa Libertadores de América,M,,2016,,Second stage,2,Wed,2016-02-24,21:45,Atlético Mineiro br,1.0,,ec Independiente,0.0,,,Estádio Raimundo Sampaio,Fernando Rapallini,,https://fbref.com/en/matches/48029ebf/Atletico-Mineiro-Independiente-del-Valle-February-24-2016-Copa-Libertadores,br,Atlético Mineiro,ec,Independiente
Copa Libertadores de América,M,,2016,,Second stage,2,Thu,2016-02-25,19:30,Cerro Porteño py,2.0,,cl Cobresal,1.0,,,Estadio Defensores del Chaco,Néstor Pitana,,https://fbref.com/en/matches/a39f871a/Cerro-Porteno-Cobresal-February-25-2016-Copa-Libertadores,py,Cerro Porteño,cl,Cobresal
Copa Libertadores de América,M,,2016,,Second stage,2,Thu,2016-02-25,19:45,CS Emelec ec,2.0,,ve Dep Táchira,0.0,,,Estadio Banco del Pacífico,Raúl Orozco,,https://fbref.com/en/matches/990109ce/CS-Emelec-Deportivo-Tachira-February-25-2016-Copa-Libertadores,ec,CS Emelec,ve,Dep Táchira
Copa Libertadores de América,M,,2016,,Second stage,2,Tue,2016-03-01,19:30,Olimpia py,0.0,,mx UNAM,2.0,,,Estadio Manuel Ferreira,Germán Delfino,,https://fbref.com/en/matches/b90ca505/Club-Olimpia-Pumas-UNAM-March-1-2016-Copa-Libertadores,py,Olimpia,mx,UNAM
Copa Libertadores de América,M,,2016,,Second stage,2,Tue,2016-03-01,19:45,Nacional co,3.0,,pe Sporting Cristal,0.0,,,Estadio Atanasio Girardot,Óscar Maldonado,,https://fbref.com/en/matches/20e29730/Atletico-Nacional-Sporting-Cristal-March-1-2016-Copa-Libertadores,co,Nacional,pe,Sporting Cristal
Copa Libertadores de América,M,,2016,,Second stage,2,Tue,2016-03-01,21:45,Peñarol uy,0.0,,ar Huracán,1.0,,,Estadio Centenario,César Arturo Ramos,,https://fbref.com/en/matches/06fed94a/Penarol-Huracan-March-1-2016-Copa-Libertadores,uy,Peñarol,ar,Huracán
Copa Libertadores de América,M,,2016,,Second stage,2,Wed,2016-03-02,16:15,The Strongest bo,2.0,,ve Trujillanos,1.0,,,Estadio Hernando Siles,Gustavo Murillo,,https://fbref.com/en/matches/7191b012/The-Strongest-Trujillanos-March-2-2016-Copa-Libertadores,bo,The Strongest,ve,Trujillanos
Copa Libertadores de América,M,,2016,,Second stage,2,Wed,2016-03-02,19:30,Nacional uy,0.0,,uy River Plate,0.0,,,Estadio Gran Parque Central,Víctor Carrillo,,https://fbref.com/en/matches/6f604f96/Nacional-River-Plate-March-2-2016-Copa-Libertadores,uy,Nacional,uy,River Plate
Copa Libertadores de América,M,,2016,,Second stage,2,Wed,2016-03-02,19:30,San Lorenzo ar,1.0,,mx Toluca,1.0,,,Estadio Pedro Bidegaín,Enrique Osses,,https://fbref.com/en/matches/97b220d9/San-Lorenzo-Toluca-March-2-2016-Copa-Libertadores,ar,San Lorenzo,mx,Toluca
Copa Libertadores de América,M,,2016,,Second stage,2,Wed,2016-03-02,21:45,Grêmio br,4.0,,ec LDU de Quito,0.0,,,Arena do Grêmio,Jesús Valenzuela,,https://fbref.com/en/matches/a675c0c0/Gremio-LDU-de-Quito-March-2-2016-Copa-Libertadores,br,Grêmio,ec,LDU de Quito
Copa Libertadores de América,M,,2016,,Second stage,2,Wed,2016-03-02,21:45,Corinthians br,1.0,,co Santa Fe,0.0,,,Arena Corinthians,Mauro Vigliano,,https://fbref.com/en/matches/6b46e7e0/Corinthians-Santa-Fe-March-2-2016-Copa-Libertadores,br,Corinthians,co,Santa Fe
Copa Libertadores de América,M,,2016,,Second stage,2,Thu,2016-03-03,19:30,Boca Juniors ar,0.0,,ar Racing Club,0.0,,,Estadio Alberto José Armando,Sandro Ricci,,https://fbref.com/en/matches/6a2a24a6/Boca-Juniors-Racing-Club-March-3-2016-Copa-Libertadores,ar,Boca Juniors,ar,Racing Club
Copa Libertadores de América,M,,2016,,Second stage,2,Thu,2016-03-03,20:45,Bolívar bo,5.0,,co AD Cali,0.0,,,Estadio Hernando Siles,Klever Rojas,,https://fbref.com/en/matches/e97aeada/Bolivar-AD-Cali-March-3-2016-Copa-Libertadores,bo,Bolívar,co,AD Cali
Copa Libertadores de América,M,,2016,,Second stage,2,Thu,2016-03-03,21:45,Palmeiras br,2.0,,ar Rosario Central,0.0,,,Allianz Parque,Enrique Cáceres,,https://fbref.com/en/matches/7691b79b/Palmeiras-Rosario-Central-March-3-2016-Copa-Libertadores,br,Palmeiras,ar,Rosario Central
Copa Libertadores de América,M,,2016,,Second stage,2,Thu,2016-03-10,19:30,River Plate ar,1.0,,br São Paulo,1.0,,,Estadio Monumental Antonio Vespucio Libe...,Julio Bascuñán,,https://fbref.com/en/matches/325c48a7/River-Plate-Sao-Paulo-March-10-2016-Copa-Libertadores,ar,River Plate,br,São Paulo
Copa Libertadores de América,M,,2016,,Second stage,3,Tue,2016-03-01,15:15,Melgar pe,0.0,,ec Independiente,1.0,,,Estadio Mariano Melgar,Óscar Rojas,,https://fbref.com/en/matches/119b3071/Melgar-Independiente-del-Valle-March-1-2016-Copa-Libertadores,pe,Melgar,ec,Independiente
Copa Libertadores de América,M,,2016,,Second stage,3,Tue,2016-03-08,17:30,CS Emelec ec,2.0,,py Olimpia,2.0,,,Estadio Reales Tamarindos,Wilton Sampaio,,https://fbref.com/en/matches/a7d2e4c6/CS-Emelec-Club-Olimpia-March-8-2016-Copa-Libertadores,ec,CS Emelec,py,Olimpia
Copa Libertadores de América,M,,2016,,Second stage,3,Tue,2016-03-08,19:45,Sporting Cristal pe,3.0,,ar Huracán,2.0,,,Estadio Alberto Gallardo,Mario Díaz de Vivar,,https://fbref.com/en/matches/9cde1061/Sporting-Cristal-Huracan-March-8-2016-Copa-Libertadores,pe,Sporting Cristal,ar,Huracán
Copa Libertadores de América,M,,2016,,Second stage,3,Tue,2016-03-08,19:45,Nacional co,2.0,,uy Peñarol,0.0,,,Estadio Atanasio Girardot,Heber Roberto Lopes,,https://fbref.com/en/matches/c787fb61/Atletico-Nacional-Penarol-March-8-2016-Copa-Libertadores,co,Nacional,uy,Peñarol
Copa Libertadores de América,M,,2016,,Second stage,3,Wed,2016-03-09,17:15,Cobresal cl,1.0,,co Santa Fe,2.0,,,Estadio El Cobre,Juan Bravo,,https://fbref.com/en/matches/41522a6a/Cobresal-Santa-Fe-March-9-2016-Copa-Libertadores,cl,Cobresal,co,Santa Fe
Copa Libertadores de América,M,,2016,,Second stage,3,Wed,2016-03-09,19:30,Cerro Porteño py,3.0,,br Corinthians,2.0,,,Estadio Defensores del Chaco,Diego Haro,,https://fbref.com/en/matches/afe9f684/Cerro-Porteno-Corinthians-March-9-2016-Copa-Libertadores,py,Cerro Porteño,br,Corinthians
Copa Libertadores de América,M,,2016,,Second stage,3,Wed,2016-03-09,19:30,Rosario Central ar,4.0,,uy River Plate,1.0,,,Estadio Dr. Lisandro de la Torre,Ulises Mereles,,https://fbref.com/en/matches/c9404afd/Rosario-Central-River-Plate-March-9-2016-Copa-Libertadores,ar,Rosario Central,uy,River Plate
Copa Libertadores de América,M,,2016,,Second stage,3,Wed,2016-03-09,20:15,Dep Táchira ve,2.0,,mx UNAM,0.0,,,Estadio Polideportivo de Pueblo Nuevo,Jorge Baliño,,https://fbref.com/en/matches/17322e7f/Deportivo-Tachira-Pumas-UNAM-March-9-2016-Copa-Libertadores,ve,Dep Táchira,mx,UNAM
Copa Libertadores de América,M,,2016,,Second stage,3,Wed,2016-03-09,21:45,Grêmio br,1.0,,ar San Lorenzo,1.0,,,Arena do Grêmio,Daniel Fedorczuk,,https://fbref.com/en/matches/3a9b7987/Gremio-San-Lorenzo-March-9-2016-Copa-Libertadores,br,Grêmio,ar,San Lorenzo
Copa Libertadores de América,M,,2016,,Second stage,3,Wed,2016-03-09,21:45,Palmeiras br,1.0,,uy Nacional,2.0,,,Allianz Parque,Enrique Osses,,https://fbref.com/en/matches/2f6c04cb/Palmeiras-Nacional-March-9-2016-Copa-Libertadores,br,Palmeiras,uy,Nacional
Copa Libertadores de América,M,,2016,,Second stage,3,Thu,2016-03-10,19:45,LDU de Quito ec,1.0,,mx Toluca,2.0,,,Estadio de Liga Deportiva Universitaria,Wilson Lamouroux,,https://fbref.com/en/matches/95be8525/LDU-de-Quito-Toluca-March-10-2016-Copa-Libertadores,ec,LDU de Quito,mx,Toluca
Copa Libertadores de América,M,,2016,,Second stage,3,Thu,2016-03-10,20:45,Bolívar bo,1.0,,ar Boca Juniors,1.0,,,Estadio Hernando Siles,Andrés Cunha,,https://fbref.com/en/matches/8380e8f4/Bolivar-Boca-Juniors-March-10-2016-Copa-Libertadores,bo,Bolívar,ar,Boca Juniors
Copa Libertadores de América,M,,2016,,Second stage,3,Thu,2016-03-10,21:45,Colo-Colo cl,0.0,,br Atlético Mineiro,0.0,,,Estadio Monumental David Arellano,Gery Vargas,,https://fbref.com/en/matches/8474230b/Colo-Colo-Atletico-Mineiro-March-10-2016-Copa-Libertadores,cl,Colo-Colo,br,Atlético Mineiro
Copa Libertadores de América,M,,2016,,Second stage,3,Wed,2016-03-16,18:00,Trujillanos ve,1.0,,br São Paulo,1.0,,,Estadio José Alberto Pérez,Wilson Lamouroux,,https://fbref.com/en/matches/7de2550a/Trujillanos-Sao-Paulo-March-16-2016-Copa-Libertadores,ve,Trujillanos,br,São Paulo
Copa Libertadores de América,M,,2016,,Second stage,3,Wed,2016-03-16,18:30,The Strongest bo,1.0,,ar River Plate,1.0,,,Estadio Hernando Siles,Julio Quintana,,https://fbref.com/en/matches/629cae7f/The-Strongest-River-Plate-March-16-2016-Copa-Libertadores,bo,The Strongest,ar,River Plate
Copa Libertadores de América,M,,2016,,Second stage,3,Thu,2016-03-17,19:45,AD Cali co,2.0,,ar Racing Club,2.0,,,Estadio Deportivo Cali,Diego Haro,,https://fbref.com/en/matches/2ef25f73/AD-Cali-Racing-Club-March-17-2016-Copa-Libertadores,co,AD Cali,ar,Racing Club
Copa Libertadores de América,M,,2016,,Second stage,4,Tue,2016-03-15,17:30,Santa Fe co,3.0,,cl Cobresal,0.0,,,Estadio Nemesio Camacho El Campín,Óscar Maldonado,,https://fbref.com/en/matches/ec55b6ee/Santa-Fe-Cobresal-March-15-2016-Copa-Libertadores,co,Santa Fe,cl,Cobresal
Copa Libertadores de América,M,,2016,,Second stage,4,Tue,2016-03-15,17:30,Independiente ec,2.0,,pe Melgar,0.0,,,Estadio General Rumiñahui del Valle de L...,Raúl Orozco,,https://fbref.com/en/matches/31e5e83c/Independiente-del-Valle-Melgar-March-15-2016-Copa-Libertadores,ec,Independiente,pe,Melgar
Copa Libertadores de América,M,,2016,,Second stage,4,Tue,2016-03-15,21:45,Peñarol uy,0.0,,co Nacional,4.0,,,Estadio Centenario,Julio Bascuñán,,https://fbref.com/en/matches/dc1e8e9d/Penarol-Atletico-Nacional-March-15-2016-Copa-Libertadores,uy,Peñarol,co,Nacional
Copa Libertadores de América,M,,2016,,Second stage,4,Tue,2016-03-15,21:45,San Lorenzo ar,1.0,,br Grêmio,1.0,,,Estadio Pedro Bidegaín,Andrés Cunha,,https://fbref.com/en/matches/731e8233/San-Lorenzo-Gremio-March-15-2016-Copa-Libertadores,ar,San Lorenzo,br,Grêmio
Copa Libertadores de América,M,,2016,,Second stage,4,Wed,2016-03-16,21:45,Atlético Mineiro br,3.0,,cl Colo-Colo,0.0,,,Estádio Raimundo Sampaio,Juan Soto,,https://fbref.com/en/matches/66754709/Atletico-Mineiro-Colo-Colo-March-16-2016-Copa-Libertadores,br,Atlético Mineiro,cl,Colo-Colo
Copa Libertadores de América,M,,2016,,Second stage,4,Wed,2016-03-16,21:45,Corinthians br,2.0,,py Cerro Porteño,0.0,,,Arena Corinthians,Patricio Loustau,,https://fbref.com/en/matches/30707338/Corinthians-Cerro-Porteno-March-16-2016-Copa-Libertadores,br,Corinthians,py,Cerro Porteño
Copa Libertadores de América,M,,2016,,Second stage,4,Thu,2016-03-17,19:30,River Plate uy,1.0,,ar Rosario Central,3.0,,,Estadio Centenario,José Argote,,https://fbref.com/en/matches/89e232df/River-Plate-Rosario-Central-March-17-2016-Copa-Libertadores,uy,River Plate,ar,Rosario Central
Copa Libertadores de América,M,,2016,,Second stage,4,Thu,2016-03-17,19:30,Olimpia py,4.0,,ec CS Emelec,2.0,,,Estadio Defensores del Chaco,Darío Herrera,,https://fbref.com/en/matches/e7677c41/Club-Olimpia-CS-Emelec-March-17-2016-Copa-Libertadores,py,Olimpia,ec,CS Emelec
Copa Libertadores de América,M,,2016,,Second stage,4,Thu,2016-03-17,21:00,UNAM mx,4.0,,ve Dep Táchira,1.0,,,Estadio Olímpico Universitario de Colima,Ricardo Marques Ribeiro,,https://fbref.com/en/matches/59dcbb96/Pumas-UNAM-Deportivo-Tachira-March-17-2016-Copa-Libertadores,mx,UNAM,ve,Dep Táchira
Copa Libertadores de América,M,,2016,,Second stage,4,Thu,2016-03-17,21:45,Nacional uy,1.0,,br Palmeiras,0.0,,,Estadio Gran Parque Central,Luis Cordero,,https://fbref.com/en/matches/dbcc9544/Nacional-Palmeiras-March-17-2016-Copa-Libertadores,uy,Nacional,br,Palmeiras
Copa Libertadores de América,M,,2016,,Second stage,4,Tue,2016-04-05,19:30,Huracán ar,4.0,,pe Sporting Cristal,2.0,,,Estadio Tomás Adolfo Ducó,Raphael Claus,,https://fbref.com/en/matches/550fd28a/Huracan-Sporting-Cristal-April-5-2016-Copa-Libertadores,ar,Huracán,pe,Sporting Cristal
Copa Libertadores de América,M,,2016,,Second stage,4,Tue,2016-04-05,19:45,Toluca mx,2.0,,ec LDU de Quito,1.0,,,Estadio Nemesio Díez,José Argote,,https://fbref.com/en/matches/200f6b61/Toluca-LDU-de-Quito-April-5-2016-Copa-Libertadores,mx,Toluca,ec,LDU de Quito
Copa Libertadores de América,M,,2016,,Second stage,4,Tue,2016-04-05,21:45,São Paulo br,6.0,,ve Trujillanos,0.0,,,Estádio do Morumbi,Ulises Mereles,,https://fbref.com/en/matches/c828f1a1/Sao-Paulo-Trujillanos-April-5-2016-Copa-Libertadores,br,São Paulo,ve,Trujillanos
Copa Libertadores de América,M,,2016,,Second stage,4,Wed,2016-04-06,19:30,River Plate ar,6.0,,bo The Strongest,0.0,,,Estadio Monumental Antonio Vespucio Libe...,Wilson Lamouroux,,https://fbref.com/en/matches/9ba77c81/River-Plate-The-Strongest-April-6-2016-Copa-Libertadores,ar,River Plate,bo,The Strongest
Copa Libertadores de América,M,,2016,,Second stage,4,Thu,2016-04-07,19:30,Boca Juniors ar,3.0,,bo Bolívar,1.0,,,Estadio Alberto José Armando,Víctor Carrillo,,https://fbref.com/en/matches/5623195e/Boca-Juniors-Bolivar-April-7-2016-Copa-Libertadores,ar,Boca Juniors,bo,Bolívar
Copa Libertadores de América,M,,2016,,Second stage,4,Thu,2016-04-07,21:45,Racing Club ar,4.0,,co AD Cali,2.0,,,Estadio Presidente Juan Domingo Perón,Heber Roberto Lopes,,https://fbref.com/en/matches/a726b78f/Racing-Club-AD-Cali-April-7-2016-Copa-Libertadores,ar,Racing Club,co,AD Cali
Copa Libertadores de América,M,,2016,,Second stage,5,Tue,2016-04-05,18:00,Dep Táchira ve,1.0,,ec CS Emelec,0.0,,,Estadio Polideportivo de Pueblo Nuevo,Christian Ferreyra,,https://fbref.com/en/matches/26493ea0/Deportivo-Tachira-CS-Emelec-April-5-2016-Copa-Libertadores,ve,Dep Táchira,ec,CS Emelec
Copa Libertadores de América,M,,2016,,Second stage,5,Wed,2016-04-06,19:45,Independiente ec,3.0,,br Atlético Mineiro,2.0,,,Estadio General Rumiñahui del Valle de L...,Darío Herrera,,https://fbref.com/en/matches/a8772348/Independiente-del-Valle-Atletico-Mineiro-April-6-2016-Copa-Libertadores,ec,Independiente,br,Atlético Mineiro
Copa Libertadores de América,M,,2016,,Second stage,5,Wed,2016-04-06,19:45,Santa Fe co,1.0,,br Corinthians,1.0,,,Estadio Nemesio Camacho El Campín,Néstor Pitana,,https://fbref.com/en/matches/1872129b/Santa-Fe-Corinthians-April-6-2016-Copa-Libertadores,co,Santa Fe,br,Corinthians
Copa Libertadores de América,M,,2016,,Second stage,5,Wed,2016-04-06,21:45,Rosario Central ar,3.0,,br Palmeiras,3.0,,,Estadio Dr. Lisandro de la Torre,Juan Bravo,,https://fbref.com/en/matches/401ac603/Rosario-Central-Palmeiras-April-6-2016-Copa-Libertadores,ar,Rosario Central,br,Palmeiras
Copa Libertadores de América,M,,2016,,Second stage,5,Wed,2016-04-06,22:00,UNAM mx,4.0,,py Olimpia,1.0,,,Estadio Olímpico de Universitario,Julio Bascuñán,,https://fbref.com/en/matches/fb09c9e3/Pumas-UNAM-Club-Olimpia-April-6-2016-Copa-Libertadores,mx,UNAM,py,Olimpia
Copa Libertadores de América,M,,2016,,Second stage,5,Thu,2016-04-07,19:30,River Plate uy,2.0,,uy Nacional,2.0,,,Estadio Centenario,Enrique Cáceres,,https://fbref.com/en/matches/cb813a27/River-Plate-Nacional-April-7-2016-Copa-Libertadores,uy,River Plate,uy,Nacional
Copa Libertadores de América,M,,2016,,Second stage,5,Thu,2016-04-07,19:45,Melgar pe,1.0,,cl Colo-Colo,2.0,,,Estadio de la Universidad Nacional San A...,Luis Sánchez,,https://fbref.com/en/matches/886aa775/Melgar-Colo-Colo-April-7-2016-Copa-Libertadores,pe,Melgar,cl,Colo-Colo
Copa Libertadores de América,M,,2016,,Second stage,5,Tue,2016-04-12,18:00,Trujillanos ve,2.0,,bo The Strongest,1.0,,,Estadio José Alberto Pérez,Patricio Polic,,https://fbref.com/en/matches/1d4a4ec0/Trujillanos-The-Strongest-April-12-2016-Copa-Libertadores,ve,Trujillanos,bo,The Strongest
Copa Libertadores de América,M,,2016,,Second stage,5,Tue,2016-04-12,19:30,Huracán ar,0.0,,uy Peñarol,0.0,,,Estadio Tomás Adolfo Ducó,Jhon Álvarez,,https://fbref.com/en/matches/cfc6f4a1/Huracan-Penarol-April-12-2016-Copa-Libertadores,ar,Huracán,uy,Peñarol
Copa Libertadores de América,M,,2016,,Second stage,5,Tue,2016-04-12,19:45,Toluca mx,2.0,,ar San Lorenzo,1.0,,,Estadio Nemesio Díez,Wilmar Roldán,,https://fbref.com/en/matches/97930724/Toluca-San-Lorenzo-April-12-2016-Copa-Libertadores,mx,Toluca,ar,San Lorenzo
Copa Libertadores de América,M,,2016,,Second stage,5,Tue,2016-04-12,19:45,Sporting Cristal pe,0.0,,co Nacional,1.0,,,,Juan Soto,,https://fbref.com/en/matches/14ec376e/Sporting-Cristal-Atletico-Nacional-April-12-2016-Copa-Libertadores,pe,Sporting Cristal,co,Nacional
Copa Libertadores de América,M,,2016,,Second stage,5,Wed,2016-04-13,17:15,Cobresal cl,2.0,,py Cerro Porteño,0.0,,,Estadio El Cobre,Raúl Orozco,,https://fbref.com/en/matches/bf14d455/Cobresal-Cerro-Porteno-April-13-2016-Copa-Libertadores,cl,Cobresal,py,Cerro Porteño
Copa Libertadores de América,M,,2016,,Second stage,5,Wed,2016-04-13,19:30,Racing Club ar,0.0,,ar Boca Juniors,1.0,,,Estadio Presidente Juan Domingo Perón,Luis Cordero,,https://fbref.com/en/matches/78f79724/Racing-Club-Boca-Juniors-April-13-2016-Copa-Libertadores,ar,Racing Club,ar,Boca Juniors
Copa Libertadores de América,M,,2016,,Second stage,5,Wed,2016-04-13,19:45,LDU de Quito ec,2.0,,br Grêmio,3.0,,,Estadio de Liga Deportiva Universitaria,Roberto Tobar,,https://fbref.com/en/matches/78bd6ecf/LDU-de-Quito-Gremio-April-13-2016-Copa-Libertadores,ec,LDU de Quito,br,Grêmio
Copa Libertadores de América,M,,2016,,Second stage,5,Wed,2016-04-13,21:45,São Paulo br,2.0,,ar River Plate,1.0,,,Estádio do Morumbi,Andrés Cunha,,https://fbref.com/en/matches/bb2df49d/Sao-Paulo-River-Plate-April-13-2016-Copa-Libertadores,br,São Paulo,ar,River Plate
Copa Libertadores de América,M,,2016,,Second stage,5,Thu,2016-04-14,19:45,AD Cali co,1.0,,bo Bolívar,1.0,,,Estadio Deportivo Cali,Julio Quintana,,https://fbref.com/en/matches/129c9b29/AD-Cali-Bolivar-April-14-2016-Copa-Libertadores,co,AD Cali,bo,Bolívar
Copa Libertadores de América,M,,2016,,Second stage,6,Wed,2016-04-13,17:30,CS Emelec ec,2.0,,mx UNAM,3.0,,,Estadio Jocay,Fernando Rapallini,,https://fbref.com/en/matches/7ea25968/CS-Emelec-Pumas-UNAM-April-13-2016-Copa-Libertadores,ec,CS Emelec,mx,UNAM
Copa Libertadores de América,M,,2016,,Second stage,6,Wed,2016-04-13,18:30,Olimpia py,4.0,,ve Dep Táchira,0.0,,,Estadio Manuel Ferreira,Leandro Pedro Vuaden,,https://fbref.com/en/matches/81169349/Club-Olimpia-Deportivo-Tachira-April-13-2016-Copa-Libertadores,py,Olimpia,ve,Dep Táchira
Copa Libertadores de América,M,,2016,,Second stage,6,Thu,2016-04-14,19:30,Atlético Mineiro br,4.0,,pe Melgar,0.0,,,Estádio Raimundo Sampaio,Jesús Valenzuela,,https://fbref.com/en/matches/a7d5c115/Atletico-Mineiro-Melgar-April-14-2016-Copa-Libertadores,br,Atlético Mineiro,pe,Melgar
Copa Libertadores de América,M,,2016,,Second stage,6,Thu,2016-04-14,19:30,Colo-Colo cl,0.0,,ec Independiente,0.0,,,Estadio Monumental David Arellano,Patricio Loustau,,https://fbref.com/en/matches/6d5c7646/Colo-Colo-Independiente-del-Valle-April-14-2016-Copa-Libertadores,cl,Colo-Colo,ec,Independiente
Copa Libertadores de América,M,,2016,,Second stage,6,Thu,2016-04-14,21:45,Nacional uy,0.0,,ar Rosario Central,2.0,,,Estadio Gran Parque Central,Roberto García,,https://fbref.com/en/matches/86159d79/Nacional-Rosario-Central-April-14-2016-Copa-Libertadores,uy,Nacional,ar,Rosario Central
Copa Libertadores de América,M,,2016,,Second stage,6,Thu,2016-04-14,21:45,Palmeiras br,4.0,,uy River Plate,0.0,,,Allianz Parque,Óscar Maldonado,,https://fbref.com/en/matches/3c2c4b23/Palmeiras-River-Plate-April-14-2016-Copa-Libertadores,br,Palmeiras,uy,River Plate
Copa Libertadores de América,M,,2016,,Second stage,6,Tue,2016-04-19,17:30,Nacional co,0.0,,ar Huracán,0.0,,,Estadio Atanasio Girardot,Enrique Osses,,https://fbref.com/en/matches/41c35471/Atletico-Nacional-Huracan-April-19-2016-Copa-Libertadores,co,Nacional,ar,Huracán
Copa Libertadores de América,M,,2016,,Second stage,6,Tue,2016-04-19,19:30,Peñarol uy,4.0,,pe Sporting Cristal,3.0,,,Estadio Campeón del Siglo,Luiz Flavio De Oliveira,,https://fbref.com/en/matches/b49048e5/Penarol-Sporting-Cristal-April-19-2016-Copa-Libertadores,uy,Peñarol,pe,Sporting Cristal
Copa Libertadores de América,M,,2016,,Second stage,6,Tue,2016-04-19,21:45,Grêmio br,1.0,,mx Toluca,0.0,,,Arena do Grêmio,Gustavo Murillo,,https://fbref.com/en/matches/91dd95aa/Gremio-Toluca-April-19-2016-Copa-Libertadores,br,Grêmio,mx,Toluca
Copa Libertadores de América,M,,2016,,Second stage,6,Tue,2016-04-19,21:45,San Lorenzo ar,1.0,,ec LDU de Quito,1.0,,,Estadio Pedro Bidegaín,Ulises Mereles,,https://fbref.com/en/matches/5db0cffe/San-Lorenzo-LDU-de-Quito-April-19-2016-Copa-Libertadores,ar,San Lorenzo,ec,LDU de Quito
Copa Libertadores de América,M,,2016,,Second stage,6,Wed,2016-04-20,18:30,Bolívar bo,1.0,,ar Racing Club,1.0,,,Estadio Hernando Siles,Fernando Guerrero,,https://fbref.com/en/matches/ba77619e/Bolivar-Racing-Club-April-20-2016-Copa-Libertadores,bo,Bolívar,ar,Racing Club
Copa Libertadores de América,M,,2016,,Second stage,6,Wed,2016-04-20,19:30,Boca Juniors ar,6.0,,co AD Cali,2.0,,,Estadio Alberto José Armando,Christian Ferreyra,,https://fbref.com/en/matches/c365d70e/Boca-Juniors-AD-Cali-April-20-2016-Copa-Libertadores,ar,Boca Juniors,co,AD Cali
Copa Libertadores de América,M,,2016,,Second stage,6,Wed,2016-04-20,20:45,Cerro Porteño py,1.0,,co Santa Fe,0.0,,,Estadio Defensores del Chaco,Heber Roberto Lopes,,https://fbref.com/en/matches/d1b0c965/Cerro-Porteno-Santa-Fe-April-20-2016-Copa-Libertadores,py,Cerro Porteño,co,Santa Fe
Copa Libertadores de América,M,,2016,,Second stage,6,Wed,2016-04-20,21:45,Corinthians br,6.0,,cl Cobresal,0.0,,,Arena Corinthians,Klever Rojas,,https://fbref.com/en/matches/2bb82943/Corinthians-Cobresal-April-20-2016-Copa-Libertadores,br,Corinthians,cl,Cobresal
Copa Libertadores de América,M,,2016,,Second stage,6,Thu,2016-04-21,20:45,The Strongest bo,1.0,,br São Paulo,1.0,,,Estadio Hernando Siles,Roberto Tobar,,https://fbref.com/en/matches/5c815b11/The-Strongest-Sao-Paulo-April-21-2016-Copa-Libertadores,bo,The Strongest,br,São Paulo
Copa Libertadores de América,M,,2016,,Second stage,6,Thu,2016-04-21,21:45,River Plate ar,4.0,,ve Trujillanos,3.0,,,Estadio Monumental Antonio Vespucio Libe...,Víctor Carrillo,,https://fbref.com/en/matches/05759350/River-Plate-Trujillanos-April-21-2016-Copa-Libertadores,ar,River Plate,ve,Trujillanos
Copa Libertadores de América,M,,2017,,Round of 16,,Tue,2017-07-04,19:15,Godoy Cruz ar,0.0,,br Grêmio,1.0,,,Estadio Malvinas Argentinas,Víctor Carrillo,Leg 1 of 2,https://fbref.com/en/matches/92a1cfba/Godoy-Cruz-Gremio-July-4-2017-Copa-Libertadores,ar,Godoy Cruz,br,Grêmio
Copa Libertadores de América,M,,2017,,Round of 16,,Tue,2017-07-04,20:45,Guaraní py,0.0,,ar River Plate,2.0,,,Estadio Rogelio Lorenzo Livieres,Andrés Cunha,Leg 1 of 2,https://fbref.com/en/matches/feba035c/Guarani-River-Plate-July-4-2017-Copa-Libertadores,py,Guaraní,ar,River Plate
Copa Libertadores de América,M,,2017,,Round of 16,,Wed,2017-07-05,19:15,Ath Paranaense br,2.0,,br Santos,3.0,,,Estádio Joaquim Américo Guimarães,Roberto Tobar,Leg 1 of 2,https://fbref.com/en/matches/48a67a84/Athletico-Paranaense-Santos-July-5-2017-Copa-Libertadores,br,Ath Paranaense,br,Santos
Copa Libertadores de América,M,,2017,,Round of 16,,Wed,2017-07-05,19:45,Barcelona ec,1.0,,br Palmeiras,0.0,,,Estadio Banco del Pacífico,Patricio Loustau,Leg 1 of 2,https://fbref.com/en/matches/b3e21fd5/Barcelona-Palmeiras-July-5-2017-Copa-Libertadores,ec,Barcelona,br,Palmeiras
Copa Libertadores de América,M,,2017,,Round of 16,,Wed,2017-07-05,20:45,Wilstermann bo,1.0,,br Atlético Mineiro,0.0,,,Estadio Félix Capriles,Daniel Fedorczuk,Leg 1 of 2,https://fbref.com/en/matches/ba2ba537/Jorge-Wilstermann-Atletico-Mineiro-July-5-2017-Copa-Libertadores,bo,Wilstermann,br,Atlético Mineiro
Copa Libertadores de América,M,,2017,,Round of 16,,Thu,2017-07-06,18:15,The Strongest bo,1.0,,ar Lanús,1.0,,,Estadio Hernando Siles,Wilton Sampaio,Leg 1 of 2,https://fbref.com/en/matches/986d18ab/The-Strongest-Lanus-July-6-2017-Copa-Libertadores,bo,The Strongest,ar,Lanús
Copa Libertadores de América,M,,2017,,Round of 16,,Thu,2017-07-06,19:45,CS Emelec ec,0.0,,ar San Lorenzo,1.0,,,Estadio Banco del Pacífico,Wilson Lamouroux,Leg 1 of 2,https://fbref.com/en/matches/cdaf32e5/CS-Emelec-San-Lorenzo-July-6-2017-Copa-Libertadores,ec,CS Emelec,ar,San Lorenzo
Copa Libertadores de América,M,,2017,,Round of 16,,Thu,2017-07-06,21:45,Nacional uy,0.0,,br Botafogo (RJ),1.0,,,Estadio Gran Parque Central,Julio Bascuñán,Leg 1 of 2,https://fbref.com/en/matches/0bac1d16/Nacional-Botafogo-RJ-July-6-2017-Copa-Libertadores,uy,Nacional,br,Botafogo (RJ)
Copa Libertadores de América,M,,2017,,Round of 16,,Tue,2017-08-08,19:15,Lanús ar,1.0,,bo The Strongest,0.0,,,Estadio Ciudad de Lanús,Andrés Cunha,Leg 2 of 2; Lanús won,https://fbref.com/en/matches/beb4adee/Lanus-The-Strongest-August-8-2017-Copa-Libertadores,ar,Lanús,bo,The Strongest
Copa Libertadores de América,M,,2017,,Round of 16,,Tue,2017-08-08,21:45,River Plate ar,1.0,,py Guaraní,1.0,,,Estadio Monumental Antonio Vespucio Libe...,Roddy Zambrano,Leg 2 of 2; River Plate won,https://fbref.com/en/matches/5db01d42/River-Plate-Guarani-August-8-2017-Copa-Libertadores,ar,River Plate,py,Guaraní
Copa Libertadores de América,M,,2017,,Round of 16,,Wed,2017-08-09,19:15,Grêmio br,2.0,,ar Godoy Cruz,1.0,,,Arena do Grêmio,Enrique Cáceres,Leg 2 of 2; Grêmio won,https://fbref.com/en/matches/3dc1038b/Gremio-Godoy-Cruz-August-9-2017-Copa-Libertadores,br,Grêmio,ar,Godoy Cruz
Copa Libertadores de América,M,,2017,,Round of 16,,Wed,2017-08-09,21:45,Atlético Mineiro br,0.0,,bo Wilstermann,0.0,,,Estádio Raimundo Sampaio,José Argote,Leg 2 of 2; Wilstermann won,https://fbref.com/en/matches/6c8c24ce/Atletico-Mineiro-Jorge-Wilstermann-August-9-2017-Copa-Libertadores,br,Atlético Mineiro,bo,Wilstermann
Copa Libertadores de América,M,,2017,,Round of 16,,Wed,2017-08-09,21:45,Palmeiras br,1.0,,ec Barcelona,1.0,,,Allianz Parque,Néstor Pitana,Leg 2 of 2; Barcelona won; Barcelona won on penalty kicks following extra time,https://fbref.com/en/matches/7d6b65d7/Palmeiras-Barcelona-August-9-2017-Copa-Libertadores,br,Palmeiras,ec,Barcelona
Copa Libertadores de América,M,,2017,,Round of 16,,Thu,2017-08-10,19:15,Botafogo (RJ) br,2.0,,uy Nacional,0.0,,,Estádio Nilton Santos,Wilmar Roldán,Leg 2 of 2; Botafogo (RJ) won,https://fbref.com/en/matches/459d8fa3/Botafogo-RJ-Nacional-August-10-2017-Copa-Libertadores,br,Botafogo (RJ),uy,Nacional
Copa Libertadores de América,M,,2017,,Round of 16,,Thu,2017-08-10,21:45,Santos br,1.0,,br Ath Paranaense,0.0,,,Estádio Urbano Caldeira,Mauro Vigliano,Leg 2 of 2; Santos won,https://fbref.com/en/matches/e3be58c0/Santos-Athletico-Paranaense-August-10-2017-Copa-Libertadores,br,Santos,br,Ath Paranaense
Copa Libertadores de América,M,,2017,,Round of 16,,Thu,2017-08-10,21:45,San Lorenzo ar,0.0,,ec CS Emelec,0.0,,,Estadio Pedro Bidegaín,Wilton Sampaio,Leg 2 of 2; San Lorenzo won; San Lorenzo won on penalty kicks following extra time,https://fbref.com/en/matches/5099b3ee/San-Lorenzo-CS-Emelec-August-10-2017-Copa-Libertadores,ar,San Lorenzo,ec,CS Emelec
Copa Libertadores de América,M,,2017,,Quarter-finals,,Wed,2017-09-13,19:15,San Lorenzo ar,2.0,,ar Lanús,0.0,,,Estadio Pedro Bidegaín,Wilmar Roldán,Leg 1 of 2,https://fbref.com/en/matches/9e9962d1/San-Lorenzo-Lanus-September-13-2017-Copa-Libertadores,ar,San Lorenzo,ar,Lanús
Copa Libertadores de América,M,,2017,,Quarter-finals,,Wed,2017-09-13,19:45,Barcelona ec,1.0,,br Santos,1.0,,,Estadio Monumental Isidro Romero Carbo,Daniel Fedorczuk,Leg 1 of 2,https://fbref.com/en/matches/f4923e6d/Barcelona-Santos-September-13-2017-Copa-Libertadores,ec,Barcelona,br,Santos
Copa Libertadores de América,M,,2017,,Quarter-finals,,Wed,2017-09-13,21:45,Botafogo (RJ) br,0.0,,br Grêmio,0.0,,,Estádio Nilton Santos,José Argote,Leg 1 of 2,https://fbref.com/en/matches/55e4b871/Botafogo-RJ-Gremio-September-13-2017-Copa-Libertadores,br,Botafogo (RJ),br,Grêmio
Copa Libertadores de América,M,,2017,,Quarter-finals,,Thu,2017-09-14,20:45,Wilstermann bo,3.0,,ar River Plate,0.0,,,Estadio Félix Capriles,Sandro Ricci,Leg 1 of 2,https://fbref.com/en/matches/c22f6635/Jorge-Wilstermann-River-Plate-September-14-2017-Copa-Libertadores,bo,Wilstermann,ar,River Plate
Copa Libertadores de América,M,,2017,,Quarter-finals,,Wed,2017-09-20,21:45,Santos br,0.0,,ec Barcelona,1.0,,,Estádio Urbano Caldeira,Víctor Carrillo,Leg 2 of 2; Barcelona won,https://fbref.com/en/matches/07915b2b/Santos-Barcelona-September-20-2017-Copa-Libertadores,br,Santos,ec,Barcelona
Copa Libertadores de América,M,,2017,,Quarter-finals,,Wed,2017-09-20,21:45,Grêmio br,1.0,,br Botafogo (RJ),0.0,,,Arena do Grêmio,Patricio Loustau,Leg 2 of 2; Grêmio won,https://fbref.com/en/matches/5463994e/Gremio-Botafogo-RJ-September-20-2017-Copa-Libertadores,br,Grêmio,br,Botafogo (RJ)
Copa Libertadores de América,M,,2017,,Quarter-finals,,Thu,2017-09-21,19:15,River Plate ar,8.0,,bo Wilstermann,0.0,,,Estadio Monumental Antonio Vespucio Libe...,Julio Bascuñán,Leg 2 of 2; River Plate won,https://fbref.com/en/matches/df94007f/River-Plate-Jorge-Wilstermann-September-21-2017-Copa-Libertadores,ar,River Plate,bo,Wilstermann
Copa Libertadores de América,M,,2017,,Quarter-finals,,Thu,2017-09-21,21:45,Lanús ar,2.0,,ar San Lorenzo,2.0,,,Estadio Ciudad de Lanús,Enrique Cáceres,Leg 2 of 2; Lanús won; Lanús won on penalty kicks following extra time,https://fbref.com/en/matches/e781525d/Lanus-San-Lorenzo-September-21-2017-Copa-Libertadores,ar,Lanús,ar,San Lorenzo
Copa Libertadores de América,M,,2017,,Semi-finals,,Tue,2017-10-24,19:15,River Plate ar,1.0,,ar Lanús,0.0,,,Estadio Monumental Antonio Vespucio Libe...,Wilton Sampaio,Leg 1 of 2,https://fbref.com/en/matches/a078d199/River-Plate-Lanus-October-24-2017-Copa-Libertadores,ar,River Plate,ar,Lanús
Copa Libertadores de América,M,,2017,,Semi-finals,,Wed,2017-10-25,18:45,Barcelona ec,0.0,,br Grêmio,3.0,,,Estadio Monumental Isidro Romero Carbo,Néstor Pitana,Leg 1 of 2,https://fbref.com/en/matches/902a35c6/Barcelona-Gremio-October-25-2017-Copa-Libertadores,ec,Barcelona,br,Grêmio
Copa Libertadores de América,M,,2017,,Semi-finals,,Tue,2017-10-31,21:15,Lanús ar,4.0,,ar River Plate,2.0,,,Estadio Ciudad de Lanús,Wilmar Roldán,Leg 2 of 2; Lanús won,https://fbref.com/en/matches/85d41f75/Lanus-River-Plate-October-31-2017-Copa-Libertadores,ar,Lanús,ar,River Plate
Copa Libertadores de América,M,,2017,,Semi-finals,,Wed,2017-11-01,21:45,Grêmio br,0.0,,ec Barcelona,1.0,,,Arena do Grêmio,Roberto Tobar,Leg 2 of 2; Grêmio won,https://fbref.com/en/matches/fdcd1f96/Gremio-Barcelona-November-1-2017-Copa-Libertadores,br,Grêmio,ec,Barcelona
Copa Libertadores de América,M,,2017,,Finals,,Wed,2017-11-22,21:45,Grêmio br,1.0,,ar Lanús,0.0,,,Arena do Grêmio,Julio Bascuñán,Leg 1 of 2,https://fbref.com/en/matches/d1802b85/Gremio-Lanus-November-22-2017-Copa-Libertadores,br,Grêmio,ar,Lanús
Copa Libertadores de América,M,,2017,,Finals,,Wed,2017-11-29,20:45,Lanús ar,1.0,,br Grêmio,2.0,,,Estadio Ciudad de Lanús,Enrique Cáceres,Leg 2 of 2; Grêmio won,https://fbref.com/en/matches/f6e652aa/Lanus-Gremio-November-29-2017-Copa-Libertadores,ar,Lanús,br,Grêmio
Copa Libertadores de América,M,,2017,,Group stage,1,Tue,2017-03-07,17:15,Iquique cl,0.0,,py Guaraní,1.0,,,Estadio Zorros del Desierto,Raúl Orozco,,https://fbref.com/en/matches/0e0d1334/Deportes-Iquique-Guarani-March-7-2017-Copa-Libertadores,cl,Iquique,py,Guaraní
Copa Libertadores de América,M,,2017,,Group stage,1,Tue,2017-03-07,18:30,Wilstermann bo,6.0,,uy Peñarol,2.0,,,Estadio Félix Capriles,Víctor Carrillo,,https://fbref.com/en/matches/e1ae1078/Jorge-Wilstermann-Penarol-March-7-2017-Copa-Libertadores,bo,Wilstermann,uy,Peñarol
Copa Libertadores de América,M,,2017,,Group stage,1,Tue,2017-03-07,20:45,Zulia ve,1.0,,br Chapecoense,2.0,,,Estadio José Encarnación Pachencho Romer...,Jhon Álvarez,,https://fbref.com/en/matches/93f36c37/Zulia-Chapecoense-March-7-2017-Copa-Libertadores,ve,Zulia,br,Chapecoense
Copa Libertadores de América,M,,2017,,Group stage,1,Tue,2017-03-07,21:00,Ath Paranaense br,2.0,,cl Univ Católica,2.0,,,Estádio Joaquim Américo Guimarães,Ulises Mereles,,https://fbref.com/en/matches/cc6cc473/Athletico-Paranaense-Universidad-Catolica-March-7-2017-Copa-Libertadores,br,Ath Paranaense,cl,Univ Católica
Copa Libertadores de América,M,,2017,,Group stage,1,Wed,2017-03-08,18:30,Sport Boys bo,3.0,,py Libertad,3.0,,,Estadio Samuel Vaca Jimenez,Juan Bravo,,https://fbref.com/en/matches/37611491/Sport-Boys-Warnes-Libertad-March-8-2017-Copa-Libertadores,bo,Sport Boys,py,Libertad
Copa Libertadores de América,M,,2017,,Group stage,1,Wed,2017-03-08,19:30,Godoy Cruz ar,1.0,,br Atlético Mineiro,1.0,,,Estadio Malvinas Argentinas,Wilson Lamouroux,,https://fbref.com/en/matches/dc8c0a18/Godoy-Cruz-Atletico-Mineiro-March-8-2017-Copa-Libertadores,ar,Godoy Cruz,br,Atlético Mineiro
Copa Libertadores de América,M,,2017,,Group stage,1,Wed,2017-03-08,21:45,Atlé Tucumán ar,1.0,,br Palmeiras,1.0,,,Estadio Monumental Presidente José Fierr...,Mario Díaz de Vivar,,https://fbref.com/en/matches/c4544a0d/Atletico-Tucuman-Palmeiras-March-8-2017-Copa-Libertadores,ar,Atlé Tucumán,br,Palmeiras
Copa Libertadores de América,M,,2017,,Group stage,1,Wed,2017-03-08,21:45,Flamengo br,4.0,,ar San Lorenzo,0.0,,,Estadio Jornalista Mário Filho,Andrés Cunha,,https://fbref.com/en/matches/e69b579e/Flamengo-San-Lorenzo-March-8-2017-Copa-Libertadores,br,Flamengo,ar,San Lorenzo
Copa Libertadores de América,M,,2017,,Group stage,1,Thu,2017-03-09,18:30,Zamora ve,0.0,,br Grêmio,2.0,,,Estadio Rafael Agustín Tovar,Darío Herrera,,https://fbref.com/en/matches/29489674/Zamora-Gremio-March-9-2017-Copa-Libertadores,ve,Zamora,br,Grêmio
Copa Libertadores de América,M,,2017,,Group stage,1,Thu,2017-03-09,19:45,Sporting Cristal pe,1.0,,br Santos,1.0,,,Estadio Nacional,José Argote,,https://fbref.com/en/matches/a977adb6/Sporting-Cristal-Santos-March-9-2017-Copa-Libertadores,pe,Sporting Cristal,br,Santos
Copa Libertadores de América,M,,2017,,Group stage,1,Thu,2017-03-09,20:00,The Strongest bo,2.0,,co Santa Fe,0.0,,,Estadio Hernando Siles,Patricio Loustau,,https://fbref.com/en/matches/7c45b4e6/The-Strongest-Santa-Fe-March-9-2017-Copa-Libertadores,bo,The Strongest,co,Santa Fe
Copa Libertadores de América,M,,2017,,Group stage,1,Thu,2017-03-09,21:00,Lanús ar,0.0,,uy Nacional,1.0,,,Estadio Ciudad de Lanús,Roberto Tobar,,https://fbref.com/en/matches/01038893/Lanus-Nacional-March-9-2017-Copa-Libertadores,ar,Lanús,uy,Nacional
Copa Libertadores de América,M,,2017,,Group stage,1,Tue,2017-03-14,17:30,Melgar pe,1.0,,ec CS Emelec,0.0,,,Estadio de la Universidad Nacional San A...,Sandro Ricci,,https://fbref.com/en/matches/cdad591e/Melgar-CS-Emelec-March-14-2017-Copa-Libertadores,pe,Melgar,ec,CS Emelec
Copa Libertadores de América,M,,2017,,Group stage,1,Tue,2017-03-14,19:45,Barcelona ec,2.0,,co Nacional,1.0,,,Estadio Monumental Isidro Romero Carbo,Julio Bascuñán,,https://fbref.com/en/matches/25a4c815/Barcelona-Atletico-Nacional-March-14-2017-Copa-Libertadores,ec,Barcelona,co,Nacional
Copa Libertadores de América,M,,2017,,Group stage,1,Tue,2017-03-14,21:00,Botafogo (RJ) br,2.0,,ar Estudiantes–LP,1.0,,,Estádio Nilton Santos,Jonathan Fuentes,,https://fbref.com/en/matches/26a079a0/Botafogo-RJ-Estudiantes-LP-March-14-2017-Copa-Libertadores,br,Botafogo (RJ),ar,Estudiantes–LP
Copa Libertadores de América,M,,2017,,Group stage,1,Wed,2017-03-15,19:00,Independiente co,1.0,,ar River Plate,3.0,,,Estadio Atanasio Girardot,Wilton Sampaio,,https://fbref.com/en/matches/f875ee04/Independiente-River-Plate-March-15-2017-Copa-Libertadores,co,Independiente,ar,River Plate
Copa Libertadores de América,M,,2017,,Group stage,2,Wed,2017-03-15,19:30,San Lorenzo ar,0.0,,br Ath Paranaense,1.0,,,Estadio Pedro Bidegaín,Juan Bravo,,https://fbref.com/en/matches/43642b75/San-Lorenzo-Athletico-Paranaense-March-15-2017-Copa-Libertadores,ar,San Lorenzo,br,Ath Paranaense
Copa Libertadores de América,M,,2017,,Group stage,2,Wed,2017-03-15,19:30,Nacional uy,0.0,,ve Zulia,1.0,,,Estadio Gran Parque Central,Wilson Lamouroux,,https://fbref.com/en/matches/e1be4207/Nacional-Zulia-March-15-2017-Copa-Libertadores,uy,Nacional,ve,Zulia
Copa Libertadores de América,M,,2017,,Group stage,2,Wed,2017-03-15,21:45,Univ Católica cl,1.0,,br Flamengo,0.0,,,Estadio San Carlos de Apoquindo,Diego Haro,,https://fbref.com/en/matches/a7a0d143/Universidad-Catolica-Flamengo-March-15-2017-Copa-Libertadores,cl,Univ Católica,br,Flamengo
Copa Libertadores de América,M,,2017,,Group stage,2,Wed,2017-03-15,21:45,Palmeiras br,1.0,,bo Wilstermann,0.0,,,Allianz Parque,Eduardo Gamboa Latourniere,,https://fbref.com/en/matches/b5713632/Palmeiras-Jorge-Wilstermann-March-15-2017-Copa-Libertadores,br,Palmeiras,bo,Wilstermann
Copa Libertadores de América,M,,2017,,Group stage,2,Thu,2017-03-16,19:30,Chapecoense br,1.0,,ar Lanús,3.0,,,Arena Condá,Enrique Cáceres,,https://fbref.com/en/matches/9480c4a5/Chapecoense-Lanus-March-16-2017-Copa-Libertadores,br,Chapecoense,ar,Lanús
Copa Libertadores de América,M,,2017,,Group stage,2,Thu,2017-03-16,19:45,Santa Fe co,3.0,,pe Sporting Cristal,0.0,,,Estadio Nemesio Camacho El Campín,Klever Rojas,,https://fbref.com/en/matches/0c62ad91/Santa-Fe-Sporting-Cristal-March-16-2017-Copa-Libertadores,co,Santa Fe,pe,Sporting Cristal
Copa Libertadores de América,M,,2017,,Group stage,2,Thu,2017-03-16,21:00,Peñarol uy,2.0,,ar Atlé Tucumán,1.0,,,Estadio Campeón del Siglo,Wilmar Roldán,,https://fbref.com/en/matches/bad699c8/Penarol-Atletico-Tucuman-March-16-2017-Copa-Libertadores,uy,Peñarol,ar,Atlé Tucumán
Copa Libertadores de América,M,,2017,,Group stage,2,Thu,2017-03-16,21:45,Santos br,2.0,,bo The Strongest,0.0,,,Estádio Urbano Caldeira,Néstor Pitana,,https://fbref.com/en/matches/3886fe95/Santos-The-Strongest-March-16-2017-Copa-Libertadores,br,Santos,bo,The Strongest
Copa Libertadores de América,M,,2017,,Group stage,2,Tue,2017-04-11,18:30,Libertad py,1.0,,ar Godoy Cruz,2.0,,,Estadio Dr. Nicolás Leoz,Daniel Fedorczuk,,https://fbref.com/en/matches/55d02ff9/Libertad-Godoy-Cruz-April-11-2017-Copa-Libertadores,py,Libertad,ar,Godoy Cruz
Copa Libertadores de América,M,,2017,,Group stage,2,Tue,2017-04-11,21:00,Estudiantes–LP ar,0.0,,ec Barcelona,2.0,,,Estadio Ciudad de La Plata,Víctor Carrillo,,https://fbref.com/en/matches/89abfb8f/Estudiantes-LP-Barcelona-April-11-2017-Copa-Libertadores,ar,Estudiantes–LP,ec,Barcelona
Copa Libertadores de América,M,,2017,,Group stage,2,Tue,2017-04-11,21:45,Grêmio br,3.0,,cl Iquique,2.0,,,Arena do Grêmio,Esteban Ostojich,,https://fbref.com/en/matches/079c2f17/Gremio-Deportes-Iquique-April-11-2017-Copa-Libertadores,br,Grêmio,cl,Iquique
Copa Libertadores de América,M,,2017,,Group stage,2,Wed,2017-04-12,18:30,Guaraní py,3.0,,ve Zamora,1.0,,,Estadio Defensores del Chaco,Néstor Pitana,,https://fbref.com/en/matches/208091a4/Guarani-Zamora-April-12-2017-Copa-Libertadores,py,Guaraní,ve,Zamora
Copa Libertadores de América,M,,2017,,Group stage,2,Thu,2017-04-13,17:30,CS Emelec ec,1.0,,co Independiente,0.0,,,Estadio Banco del Pacífico,Luiz Flavio De Oliveira,,https://fbref.com/en/matches/84f87f1b/CS-Emelec-Independiente-April-13-2017-Copa-Libertadores,ec,CS Emelec,co,Independiente
Copa Libertadores de América,M,,2017,,Group stage,2,Thu,2017-04-13,19:30,Atlético Mineiro br,5.0,,bo Sport Boys,2.0,,,Estádio Raimundo Sampaio,José Argote,,https://fbref.com/en/matches/7be68180/Atletico-Mineiro-Sport-Boys-Warnes-April-13-2017-Copa-Libertadores,br,Atlético Mineiro,bo,Sport Boys
Copa Libertadores de América,M,,2017,,Group stage,2,Thu,2017-04-13,19:45,Nacional co,0.0,,br Botafogo (RJ),2.0,,,Estadio Atanasio Girardot,Ulises Mereles,,https://fbref.com/en/matches/77c24315/Atletico-Nacional-Botafogo-RJ-April-13-2017-Copa-Libertadores,co,Nacional,br,Botafogo (RJ)
Copa Libertadores de América,M,,2017,,Group stage,2,Thu,2017-04-13,21:00,River Plate ar,4.0,,pe Melgar,2.0,,,Estadio Monumental Antonio Vespucio Libe...,Raúl Orozco,,https://fbref.com/en/matches/ff66e99b/River-Plate-Melgar-April-13-2017-Copa-Libertadores,ar,River Plate,pe,Melgar
Copa Libertadores de América,M,,2017,,Group stage,3,Tue,2017-04-11,18:30,Wilstermann bo,2.0,,ar Atlé Tucumán,1.0,,,Estadio Félix Capriles,Roberto Tobar,,https://fbref.com/en/matches/e18dd63b/Jorge-Wilstermann-Atletico-Tucuman-April-11-2017-Copa-Libertadores,bo,Wilstermann,ar,Atlé Tucumán
Copa Libertadores de América,M,,2017,,Group stage,3,Wed,2017-04-12,21:00,Univ Católica cl,1.0,,ar San Lorenzo,1.0,,,Estadio San Carlos de Apoquindo,Enrique Cáceres,,https://fbref.com/en/matches/961b31f4/Universidad-Catolica-San-Lorenzo-April-12-2017-Copa-Libertadores,cl,Univ Católica,ar,San Lorenzo
Copa Libertadores de América,M,,2017,,Group stage,3,Wed,2017-04-12,21:45,Flamengo br,2.0,,br Ath Paranaense,1.0,,,Estadio Jornalista Mário Filho,Wilson Lamouroux,,https://fbref.com/en/matches/adeaaca6/Flamengo-Athletico-Paranaense-April-12-2017-Copa-Libertadores,br,Flamengo,br,Ath Paranaense
Copa Libertadores de América,M,,2017,,Group stage,3,Wed,2017-04-12,21:45,Palmeiras br,3.0,,uy Peñarol,2.0,,,Allianz Parque,Juan Bravo,,https://fbref.com/en/matches/78571cf5/Palmeiras-Penarol-April-12-2017-Copa-Libertadores,br,Palmeiras,uy,Peñarol
Copa Libertadores de América,M,,2017,,Group stage,3,Tue,2017-04-18,19:45,Sporting Cristal pe,0.0,,bo The Strongest,0.0,,,Estadio Nacional,Mario Díaz de Vivar,,https://fbref.com/en/matches/7e2fe733/Sporting-Cristal-The-Strongest-April-18-2017-Copa-Libertadores,pe,Sporting Cristal,bo,The Strongest
Copa Libertadores de América,M,,2017,,Group stage,3,Tue,2017-04-18,21:00,Lanús ar,5.0,,ve Zulia,0.0,,,Estadio Ciudad de Lanús,Diego Haro,,https://fbref.com/en/matches/4183c653/Lanus-Zulia-April-18-2017-Copa-Libertadores,ar,Lanús,ve,Zulia
Copa Libertadores de América,M,,2017,,Group stage,3,Tue,2017-04-18,21:45,Chapecoense br,1.0,,uy Nacional,1.0,,,Arena Condá,Klever Rojas,,https://fbref.com/en/matches/a90a153a/Chapecoense-Nacional-April-18-2017-Copa-Libertadores,br,Chapecoense,uy,Nacional
Copa Libertadores de América,M,,2017,,Group stage,3,Wed,2017-04-19,19:30,Estudiantes–LP ar,1.0,,co Nacional,0.0,,,Estadio Ciudad de La Plata,Andrés Cunha,,https://fbref.com/en/matches/4fc70459/Estudiantes-LP-Atletico-Nacional-April-19-2017-Copa-Libertadores,ar,Estudiantes–LP,co,Nacional
Copa Libertadores de América,M,,2017,,Group stage,3,Wed,2017-04-19,19:45,Santa Fe co,0.0,,br Santos,0.0,,,Estadio Nemesio Camacho El Campín,Fernando Rapallini,,https://fbref.com/en/matches/8f899d68/Santa-Fe-Santos-April-19-2017-Copa-Libertadores,co,Santa Fe,br,Santos
Copa Libertadores de América,M,,2017,,Group stage,3,Wed,2017-04-19,20:00,Zamora ve,1.0,,cl Iquique,4.0,,,Estadio Rafael Agustín Tovar,Michael Espinoza,,https://fbref.com/en/matches/8b0cca85/Zamora-Deportes-Iquique-April-19-2017-Copa-Libertadores,ve,Zamora,cl,Iquique
Copa Libertadores de América,M,,2017,,Group stage,3,Wed,2017-04-19,20:45,Libertad py,1.0,,br Atlético Mineiro,0.0,,,Estadio Dr. Nicolás Leoz,Julio Bascuñán,,https://fbref.com/en/matches/4477d553/Libertad-Atletico-Mineiro-April-19-2017-Copa-Libertadores,py,Libertad,br,Atlético Mineiro
Copa Libertadores de América,M,,2017,,Group stage,3,Thu,2017-04-20,18:30,Guaraní py,1.0,,br Grêmio,1.0,,,Estadio Defensores del Chaco,Wilmar Roldán,,https://fbref.com/en/matches/a48f7ef0/Guarani-Gremio-April-20-2017-Copa-Libertadores,py,Guaraní,br,Grêmio
Copa Libertadores de América,M,,2017,,Group stage,3,Thu,2017-04-20,19:00,Independiente co,2.0,,pe Melgar,0.0,,,Estadio Atanasio Girardot,Leodán González,,https://fbref.com/en/matches/d5b4af22/Independiente-Melgar-April-20-2017-Copa-Libertadores,co,Independiente,pe,Melgar
Copa Libertadores de América,M,,2017,,Group stage,3,Thu,2017-04-20,19:30,Godoy Cruz ar,2.0,,bo Sport Boys,0.0,,,Estadio Malvinas Argentinas,Jhon Álvarez,,https://fbref.com/en/matches/b2e6b799/Godoy-Cruz-Sport-Boys-Warnes-April-20-2017-Copa-Libertadores,ar,Godoy Cruz,bo,Sport Boys
Copa Libertadores de América,M,,2017,,Group stage,3,Thu,2017-04-20,19:45,Barcelona ec,1.0,,br Botafogo (RJ),1.0,,,Estadio Monumental Isidro Romero Carbo,Jesús Valenzuela,,https://fbref.com/en/matches/45839244/Barcelona-Botafogo-RJ-April-20-2017-Copa-Libertadores,ec,Barcelona,br,Botafogo (RJ)
Copa Libertadores de América,M,,2017,,Group stage,3,Thu,2017-04-27,19:00,CS Emelec ec,1.0,,ar River Plate,2.0,,,Estadio Banco del Pacífico,Roberto Tobar,,https://fbref.com/en/matches/bc7096fb/CS-Emelec-River-Plate-April-27-2017-Copa-Libertadores,ec,CS Emelec,ar,River Plate
Copa Libertadores de América,M,,2017,,Group stage,4,Tue,2017-04-25,17:15,Iquique cl,4.0,,ve Zamora,3.0,,,Estadio Tierra de Campeones,Gery Vargas,,https://fbref.com/en/matches/040108b7/Deportes-Iquique-Zamora-April-25-2017-Copa-Libertadores,cl,Iquique,ve,Zamora
Copa Libertadores de América,M,,2017,,Group stage,4,Tue,2017-04-25,19:30,Atlé Tucumán ar,2.0,,bo Wilstermann,1.0,,,Estadio Monumental Presidente José Fierr...,Juan Arévalo,,https://fbref.com/en/matches/181399ad/Atletico-Tucuman-Jorge-Wilstermann-April-25-2017-Copa-Libertadores,ar,Atlé Tucumán,bo,Wilstermann
Copa Libertadores de América,M,,2017,,Group stage,4,Tue,2017-04-25,21:00,San Lorenzo ar,2.0,,cl Univ Católica,1.0,,,Estadio Pedro Bidegaín,Daniel Fedorczuk,,https://fbref.com/en/matches/4203f1f0/San-Lorenzo-Universidad-Catolica-April-25-2017-Copa-Libertadores,ar,San Lorenzo,cl,Univ Católica
Copa Libertadores de América,M,,2017,,Group stage,4,Wed,2017-04-26,19:00,Melgar pe,1.0,,co Independiente,2.0,,,Estadio de la Universidad Nacional San A...,Anderson Daronco,,https://fbref.com/en/matches/f0478d95/Melgar-Independiente-April-26-2017-Copa-Libertadores,pe,Melgar,co,Independiente
Copa Libertadores de América,M,,2017,,Group stage,4,Wed,2017-04-26,19:30,Atlético Mineiro br,2.0,,py Libertad,0.0,,,Estádio Joaquim Américo Guimarães,Wilson Lamouroux,,https://fbref.com/en/matches/80628e27/Atletico-Mineiro-Libertad-April-26-2017-Copa-Libertadores,br,Atlético Mineiro,py,Libertad
Copa Libertadores de América,M,,2017,,Group stage,4,Wed,2017-04-26,21:45,Ath Paranaense br,2.0,,br Flamengo,1.0,,,Estádio Joaquim Américo Guimarães,José Argote,,https://fbref.com/en/matches/f77dad33/Athletico-Paranaense-Flamengo-April-26-2017-Copa-Libertadores,br,Ath Paranaense,br,Flamengo
Copa Libertadores de América,M,,2017,,Group stage,4,Wed,2017-04-26,21:45,Peñarol uy,2.0,,br Palmeiras,3.0,,,Estadio Centenario,Enrique Cáceres,,https://fbref.com/en/matches/a10768c7/Penarol-Palmeiras-April-26-2017-Copa-Libertadores,uy,Peñarol,br,Palmeiras
Copa Libertadores de América,M,,2017,,Group stage,4,Thu,2017-04-27,18:30,Zulia ve,1.0,,ar Lanús,1.0,,,Estadio José Encarnación Pachencho Romer...,Wilmar Roldán,,https://fbref.com/en/matches/be5f48ba/Zulia-Lanus-April-27-2017-Copa-Libertadores,ve,Zulia,ar,Lanús
Copa Libertadores de América,M,,2017,,Group stage,4,Thu,2017-04-27,19:30,Nacional uy,3.0,,br Chapecoense,0.0,,,Estadio Gran Parque Central,Eber Aguino,,https://fbref.com/en/matches/4451f16c/Nacional-Chapecoense-April-27-2017-Copa-Libertadores,uy,Nacional,br,Chapecoense
Copa Libertadores de América,M,,2017,,Group stage,4,Thu,2017-04-27,20:45,Sport Boys bo,1.0,,ar Godoy Cruz,3.0,,,Estadio Samuel Vaca Jimenez,Víctor Carrillo,,https://fbref.com/en/matches/1e91c69b/Sport-Boys-Warnes-Godoy-Cruz-April-27-2017-Copa-Libertadores,bo,Sport Boys,ar,Godoy Cruz
Copa Libertadores de América,M,,2017,,Group stage,4,Thu,2017-04-27,21:45,Grêmio br,4.0,,py Guaraní,1.0,,,Arena do Grêmio,Patricio Loustau,,https://fbref.com/en/matches/91ddf512/Gremio-Guarani-April-27-2017-Copa-Libertadores,br,Grêmio,py,Guaraní
Copa Libertadores de América,M,,2017,,Group stage,4,Tue,2017-05-02,19:00,Nacional co,4.0,,ar Estudiantes–LP,1.0,,,Estadio Atanasio Girardot,Diego Haro,,https://fbref.com/en/matches/47f30f75/Atletico-Nacional-Estudiantes-LP-May-2-2017-Copa-Libertadores,co,Nacional,ar,Estudiantes–LP
Copa Libertadores de América,M,,2017,,Group stage,4,Tue,2017-05-02,21:45,Botafogo (RJ) br,0.0,,ec Barcelona,2.0,,,Estádio Nilton Santos,Mario Díaz de Vivar,,https://fbref.com/en/matches/cc5ca011/Botafogo-RJ-Barcelona-May-2-2017-Copa-Libertadores,br,Botafogo (RJ),ec,Barcelona
Copa Libertadores de América,M,,2017,,Group stage,4,Thu,2017-05-04,18:30,The Strongest bo,5.0,,pe Sporting Cristal,1.0,,,Estadio Hernando Siles,Mauro Vigliano,,https://fbref.com/en/matches/5378aea0/The-Strongest-Sporting-Cristal-May-4-2017-Copa-Libertadores,bo,The Strongest,pe,Sporting Cristal
Copa Libertadores de América,M,,2017,,Group stage,4,Thu,2017-05-04,21:45,Santos br,3.0,,co Santa Fe,2.0,,,Estádio Urbano Caldeira,Andrés Cunha,,https://fbref.com/en/matches/512d6e31/Santos-Santa-Fe-May-4-2017-Copa-Libertadores,br,Santos,co,Santa Fe
Copa Libertadores de América,M,,2017,,Group stage,4,Wed,2017-05-10,19:15,River Plate ar,1.0,,ec CS Emelec,1.0,,,Estadio Monumental Antonio Vespucio Libe...,Anderson Daronco,,https://fbref.com/en/matches/62eff35e/River-Plate-CS-Emelec-May-10-2017-Copa-Libertadores,ar,River Plate,ec,CS Emelec
Copa Libertadores de América,M,,2017,,Group stage,5,Tue,2017-05-02,19:30,Atlé Tucumán ar,2.0,,uy Peñarol,1.0,,,Estadio Monumental Presidente José Fierr...,Julio Bascuñán,,https://fbref.com/en/matches/086975f2/Atletico-Tucuman-Penarol-May-2-2017-Copa-Libertadores,ar,Atlé Tucumán,uy,Peñarol
Copa Libertadores de América,M,,2017,,Group stage,5,Wed,2017-05-03,18:30,Sport Boys bo,1.0,,br Atlético Mineiro,5.0,,,Estadio Samuel Vaca Jimenez,Jesús Valenzuela,,https://fbref.com/en/matches/ef70da13/Sport-Boys-Warnes-Atletico-Mineiro-May-3-2017-Copa-Libertadores,bo,Sport Boys,br,Atlético Mineiro
Copa Libertadores de América,M,,2017,,Group stage,5,Wed,2017-05-03,19:30,Iquique cl,2.0,,br Grêmio,1.0,,,Estadio Tierra de Campeones,Germán Delfino,,https://fbref.com/en/matches/fa74b33a/Deportes-Iquique-Gremio-May-3-2017-Copa-Libertadores,cl,Iquique,br,Grêmio
Copa Libertadores de América,M,,2017,,Group stage,5,Wed,2017-05-03,20:45,Wilstermann bo,3.0,,br Palmeiras,2.0,,,Estadio Félix Capriles,Wilson Lamouroux,,https://fbref.com/en/matches/cb1d4f14/Jorge-Wilstermann-Palmeiras-May-3-2017-Copa-Libertadores,bo,Wilstermann,br,Palmeiras
Copa Libertadores de América,M,,2017,,Group stage,5,Wed,2017-05-03,21:00,Ath Paranaense br,0.0,,ar San Lorenzo,3.0,,,Estádio Joaquim Américo Guimarães,Wilmar Roldán,,https://fbref.com/en/matches/6a21872a/Athletico-Paranaense-San-Lorenzo-May-3-2017-Copa-Libertadores,br,Ath Paranaense,ar,San Lorenzo
Copa Libertadores de América,M,,2017,,Group stage,5,Wed,2017-05-03,21:45,Flamengo br,3.0,,cl Univ Católica,1.0,,,Estadio Jornalista Mário Filho,Víctor Carrillo,,https://fbref.com/en/matches/c0b4c78b/Flamengo-Universidad-Catolica-May-3-2017-Copa-Libertadores,br,Flamengo,cl,Univ Católica
Copa Libertadores de América,M,,2017,,Group stage,5,Thu,2017-05-04,20:45,Zamora ve,1.0,,py Guaraní,3.0,,,Estadio Rafael Agustín Tovar,Óscar Rojas,,https://fbref.com/en/matches/a9f3b6e8/Zamora-Guarani-May-4-2017-Copa-Libertadores,ve,Zamora,py,Guaraní
Copa Libertadores de América,M,,2017,,Group stage,5,Thu,2017-05-04,21:00,Godoy Cruz ar,1.0,,py Libertad,1.0,,,Estadio Malvinas Argentinas,Roberto Tobar,,https://fbref.com/en/matches/2d7a2ce5/Godoy-Cruz-Libertad-May-4-2017-Copa-Libertadores,ar,Godoy Cruz,py,Libertad
Copa Libertadores de América,M,,2017,,Group stage,5,Tue,2017-05-16,18:30,Zulia ve,0.0,,uy Nacional,0.0,,,Estadio José Encarnación Pachencho Romer...,Patricio Polic,,https://fbref.com/en/matches/1d834449/Zulia-Nacional-May-16-2017-Copa-Libertadores,ve,Zulia,uy,Nacional
Copa Libertadores de América,M,,2017,,Group stage,5,Tue,2017-05-16,21:15,Independiente co,1.0,,ec CS Emelec,2.0,,,Estadio Atanasio Girardot,Daniel Fedorczuk,,https://fbref.com/en/matches/b8d52e1d/Independiente-CS-Emelec-May-16-2017-Copa-Libertadores,co,Independiente,ec,CS Emelec
Copa Libertadores de América,M,,2017,,Group stage,5,Wed,2017-05-17,17:30,Sporting Cristal pe,0.0,,co Santa Fe,2.0,,,Estadio Alberto Gallardo,Néstor Pitana,,https://fbref.com/en/matches/6b34d608/Sporting-Cristal-Santa-Fe-May-17-2017-Copa-Libertadores,pe,Sporting Cristal,co,Santa Fe
Copa Libertadores de América,M,,2017,,Group stage,5,Wed,2017-05-17,18:30,The Strongest bo,1.0,,br Santos,1.0,,,Estadio Hernando Siles,Darío Herrera,,https://fbref.com/en/matches/3d9d3cce/The-Strongest-Santos-May-17-2017-Copa-Libertadores,bo,The Strongest,br,Santos
Copa Libertadores de América,M,,2017,,Group stage,5,Wed,2017-05-17,21:45,Lanús ar,3.0,,br Chapecoense,0.0,,,Estadio Ciudad de Lanús,Wilson Lamouroux,Match awarded to Lanús,https://fbref.com/en/matches/bdbe67a7/Lanus-Chapecoense-May-17-2017-Copa-Libertadores,ar,Lanús,br,Chapecoense
Copa Libertadores de América,M,,2017,,Group stage,5,Thu,2017-05-18,17:30,Barcelona ec,0.0,,ar Estudiantes–LP,3.0,,,Estadio Monumental Isidro Romero Carbo,Eber Aguino,,https://fbref.com/en/matches/09981584/Barcelona-Estudiantes-LP-May-18-2017-Copa-Libertadores,ec,Barcelona,ar,Estudiantes–LP
Copa Libertadores de América,M,,2017,,Group stage,5,Thu,2017-05-18,19:00,Melgar pe,2.0,,ar River Plate,3.0,,,Estadio Mariano Melgar,Jesús Valenzuela,,https://fbref.com/en/matches/cb26feaa/Melgar-River-Plate-May-18-2017-Copa-Libertadores,pe,Melgar,ar,River Plate
Copa Libertadores de América,M,,2017,,Group stage,5,Thu,2017-05-18,21:45,Botafogo (RJ) br,1.0,,co Nacional,0.0,,,Estádio Nilton Santos,Víctor Carrillo,,https://fbref.com/en/matches/d0b40b05/Botafogo-RJ-Atletico-Nacional-May-18-2017-Copa-Libertadores,br,Botafogo (RJ),co,Nacional
Copa Libertadores de América,M,,2017,,Group stage,6,Tue,2017-05-16,20:00,Libertad py,1.0,,bo Sport Boys,1.0,,,Estadio Dr. Nicolás Leoz,Adrian Cabello,,https://fbref.com/en/matches/42a7be37/Libertad-Sport-Boys-Warnes-May-16-2017-Copa-Libertadores,py,Libertad,bo,Sport Boys
Copa Libertadores de América,M,,2017,,Group stage,6,Tue,2017-05-16,21:00,Atlético Mineiro br,4.0,,ar Godoy Cruz,1.0,,,Estádio Raimundo Sampaio,Michael Espinoza,,https://fbref.com/en/matches/942317c7/Atletico-Mineiro-Godoy-Cruz-May-16-2017-Copa-Libertadores,br,Atlético Mineiro,ar,Godoy Cruz
Copa Libertadores de América,M,,2017,,Group stage,6,Wed,2017-05-17,20:45,Univ Católica cl,2.0,,br Ath Paranaense,3.0,,,Estadio San Carlos de Apoquindo,Jonathan Fuentes,,https://fbref.com/en/matches/0d829bc1/Universidad-Catolica-Athletico-Paranaense-May-17-2017-Copa-Libertadores,cl,Univ Católica,br,Ath Paranaense
Copa Libertadores de América,M,,2017,,Group stage,6,Wed,2017-05-17,21:45,San Lorenzo ar,2.0,,br Flamengo,1.0,,,Estadio Pedro Bidegaín,Enrique Cáceres,,https://fbref.com/en/matches/8258ca78/San-Lorenzo-Flamengo-May-17-2017-Copa-Libertadores,ar,San Lorenzo,br,Flamengo
Copa Libertadores de América,M,,2017,,Group stage,6,Tue,2017-05-23,19:30,Nacional uy,0.0,,ar Lanús,1.0,,,Estadio Gran Parque Central,Ulises Mereles,,https://fbref.com/en/matches/0724f9cc/Nacional-Lanus-May-23-2017-Copa-Libertadores,uy,Nacional,ar,Lanús
Copa Libertadores de América,M,,2017,,Group stage,6,Tue,2017-05-23,19:30,Chapecoense br,2.0,,ve Zulia,1.0,,,Arena Condá,Gustavo Murillo,,https://fbref.com/en/matches/6507cc17/Chapecoense-Zulia-May-23-2017-Copa-Libertadores,br,Chapecoense,ve,Zulia
Copa Libertadores de América,M,,2017,,Group stage,6,Tue,2017-05-23,19:45,Santa Fe co,1.0,,bo The Strongest,1.0,,,Estadio Nemesio Camacho El Campín,Enrique Cáceres,,https://fbref.com/en/matches/c780a069/Santa-Fe-The-Strongest-May-23-2017-Copa-Libertadores,co,Santa Fe,bo,The Strongest
Copa Libertadores de América,M,,2017,,Group stage,6,Tue,2017-05-23,21:45,Santos br,4.0,,pe Sporting Cristal,0.0,,,Estádio Urbano Caldeira,José Méndez,,https://fbref.com/en/matches/26313e25/Santos-Sporting-Cristal-May-23-2017-Copa-Libertadores,br,Santos,pe,Sporting Cristal
Copa Libertadores de América,M,,2017,,Group stage,6,Wed,2017-05-24,21:45,Peñarol uy,2.0,,bo Wilstermann,0.0,,,Estadio Centenario,Michael Espinoza,,https://fbref.com/en/matches/f7a3ac4a/Penarol-Jorge-Wilstermann-May-24-2017-Copa-Libertadores,uy,Peñarol,bo,Wilstermann
Copa Libertadores de América,M,,2017,,Group stage,6,Wed,2017-05-24,21:45,Palmeiras br,3.0,,ar Atlé Tucumán,1.0,,,Allianz Parque,Wilmar Roldán,,https://fbref.com/en/matches/5bc18c67/Palmeiras-Atletico-Tucuman-May-24-2017-Copa-Libertadores,br,Palmeiras,ar,Atlé Tucumán
Copa Libertadores de América,M,,2017,,Group stage,6,Thu,2017-05-25,17:30,CS Emelec ec,3.0,,pe Melgar,0.0,,,Estadio Banco del Pacífico,Leodán González,,https://fbref.com/en/matches/836e2727/CS-Emelec-Melgar-May-25-2017-Copa-Libertadores,ec,CS Emelec,pe,Melgar
Copa Libertadores de América,M,,2017,,Group stage,6,Thu,2017-05-25,19:30,River Plate ar,1.0,,co Independiente,2.0,,,Estadio Monumental Antonio Vespucio Libe...,Raphael Claus,,https://fbref.com/en/matches/24643cde/River-Plate-Independiente-May-25-2017-Copa-Libertadores,ar,River Plate,co,Independiente
Copa Libertadores de América,M,,2017,,Group stage,6,Thu,2017-05-25,19:45,Nacional co,3.0,,ec Barcelona,1.0,,,Estadio Atanasio Girardot,Juan Garcia,,https://fbref.com/en/matches/9aa702d3/Atletico-Nacional-Barcelona-May-25-2017-Copa-Libertadores,co,Nacional,ec,Barcelona
Copa Libertadores de América,M,,2017,,Group stage,6,Thu,2017-05-25,20:45,Guaraní py,0.0,,cl Iquique,0.0,,,Estadio Rogelio Lorenzo Livieres,Fernando Rapallini,,https://fbref.com/en/matches/a9fc17bb/Guarani-Deportes-Iquique-May-25-2017-Copa-Libertadores,py,Guaraní,cl,Iquique
Copa Libertadores de América,M,,2017,,Group stage,6,Thu,2017-05-25,21:45,Grêmio br,4.0,,ve Zamora,0.0,,,Arena do Grêmio,Juan Albarracín,,https://fbref.com/en/matches/893799f9/Gremio-Zamora-May-25-2017-Copa-Libertadores,br,Grêmio,ve,Zamora
Copa Libertadores de América,M,,2017,,Group stage,6,Thu,2017-05-25,21:45,Estudiantes–LP ar,1.0,,br Botafogo (RJ),0.0,,,Estadio Ciudad de La Plata,Eduardo Gamboa Latourniere,,https://fbref.com/en/matches/5bb21dc6/Estudiantes-LP-Botafogo-RJ-May-25-2017-Copa-Libertadores,ar,Estudiantes–LP,br,Botafogo (RJ)
Copa Libertadores de América,M,,2018,,Round of 16,,Tue,2018-08-07,21:45,Estudiantes–LP ar,2.0,,br Grêmio,1.0,,,Estadio Ciudad de La Plata,Andrés Cunha,Leg 1 of 2,https://fbref.com/en/matches/c7ed88fb/Estudiantes-LP-Gremio-August-7-2018-Copa-Libertadores,ar,Estudiantes–LP,br,Grêmio
Copa Libertadores de América,M,,2018,,Round of 16,,Wed,2018-08-08,19:30,Boca Juniors ar,2.0,,py Libertad,0.0,,,Estadio Alberto José Armando,Wilton Sampaio,Leg 1 of 2,https://fbref.com/en/matches/5b6bc9b7/Boca-Juniors-Libertad-August-8-2018-Copa-Libertadores,ar,Boca Juniors,py,Libertad
Copa Libertadores de América,M,,2018,,Round of 16,,Wed,2018-08-08,20:45,Colo-Colo cl,1.0,,br Corinthians,0.0,,,Estadio Monumental David Arellano,Wilmar Roldán,Leg 1 of 2,https://fbref.com/en/matches/612b3915/Colo-Colo-Corinthians-August-8-2018-Copa-Libertadores,cl,Colo-Colo,br,Corinthians
Copa Libertadores de América,M,,2018,,Round of 16,,Wed,2018-08-08,21:45,Flamengo br,0.0,,br Cruzeiro,2.0,,,Estadio Jornalista Mário Filho,Néstor Pitana,Leg 1 of 2,https://fbref.com/en/matches/f8986d2b/Flamengo-Cruzeiro-August-8-2018-Copa-Libertadores,br,Flamengo,br,Cruzeiro
Copa Libertadores de América,M,,2018,,Round of 16,,Thu,2018-08-09,19:30,Racing Club ar,0.0,,ar River Plate,0.0,,,Estadio Juan Domingo Perón,Anderson Daronco,Leg 1 of 2,https://fbref.com/en/matches/115076c5/Racing-Club-River-Plate-August-9-2018-Copa-Libertadores,ar,Racing Club,ar,River Plate
Copa Libertadores de América,M,,2018,,Round of 16,,Thu,2018-08-09,20:45,Cerro Porteño py,0.0,,br Palmeiras,2.0,,,Estadio General Pablo Rojas,Fernando Rapallini,Leg 1 of 2,https://fbref.com/en/matches/672378bc/Cerro-Porteno-Palmeiras-August-9-2018-Copa-Libertadores,py,Cerro Porteño,br,Palmeiras
Copa Libertadores de América,M,,2018,,Round of 16,,Thu,2018-08-09,21:45,Atlé Tucumán ar,2.0,,co Nacional,0.0,,,Estadio Monumental Presidente José Fierr...,Eber Aguino,Leg 1 of 2,https://fbref.com/en/matches/08bf9be3/Atletico-Tucuman-Atletico-Nacional-August-9-2018-Copa-Libertadores,ar,Atlé Tucumán,co,Nacional
Copa Libertadores de América,M,,2018,,Round of 16,,Tue,2018-08-21,21:45,Independiente ar,3.0,,br Santos,0.0,,,Estadio Libertadores de América,Diego Haro,Leg 1 of 2; Match awarded to Independiente,https://fbref.com/en/matches/3fe4c3c8/Independiente-Santos-August-21-2018-Copa-Libertadores,ar,Independiente,br,Santos
Copa Libertadores de América,M,,2018,,Round of 16,,Tue,2018-08-28,19:30,Santos br,0.0,,ar Independiente,0.0,,,Estádio do Pacaembú,Julio Bascuñán,Leg 2 of 2; Independiente won,https://fbref.com/en/matches/1c6b5f27/Santos-Independiente-August-28-2018-Copa-Libertadores,br,Santos,ar,Independiente
Copa Libertadores de América,M,,2018,,Round of 16,,Tue,2018-08-28,19:45,Nacional co,1.0,,ar Atlé Tucumán,0.0,,,Estadio Atanasio Girardot,Roberto Tobar,Leg 2 of 2; Atlé Tucumán won,https://fbref.com/en/matches/de6e4243/Atletico-Nacional-Atletico-Tucuman-August-28-2018-Copa-Libertadores,co,Nacional,ar,Atlé Tucumán
Copa Libertadores de América,M,,2018,,Round of 16,,Tue,2018-08-28,21:45,Grêmio br,2.0,,ar Estudiantes–LP,2.0,,,Arena do Grêmio,Eber Aguino,Leg 2 of 2; Grêmio won; Grêmio won on penalty kicks following extra time,https://fbref.com/en/matches/f0afaa7f/Gremio-Estudiantes-LP-August-28-2018-Copa-Libertadores,br,Grêmio,ar,Estudiantes–LP
Copa Libertadores de América,M,,2018,,Round of 16,,Wed,2018-08-29,19:30,River Plate ar,3.0,,ar Racing Club,0.0,,,Estadio Monumental Antonio Vespucio Libe...,Mario Díaz de Vivar,Leg 2 of 2; River Plate won,https://fbref.com/en/matches/7bdab0f2/River-Plate-Racing-Club-August-29-2018-Copa-Libertadores,ar,River Plate,ar,Racing Club
Copa Libertadores de América,M,,2018,,Round of 16,,Wed,2018-08-29,21:45,Cruzeiro br,0.0,,br Flamengo,1.0,,,Estádio Governador Magalhães Pinto,Andrés Cunha,Leg 2 of 2; Cruzeiro won,https://fbref.com/en/matches/a9cc7988/Cruzeiro-Flamengo-August-29-2018-Copa-Libertadores,br,Cruzeiro,br,Flamengo
Copa Libertadores de América,M,,2018,,Round of 16,,Wed,2018-08-29,21:45,Corinthians br,2.0,,cl Colo-Colo,1.0,,,Arena Corinthians,Néstor Pitana,Leg 2 of 2; Colo-Colo won,https://fbref.com/en/matches/1d543a76/Corinthians-Colo-Colo-August-29-2018-Copa-Libertadores,br,Corinthians,cl,Colo-Colo
Copa Libertadores de América,M,,2018,,Round of 16,,Thu,2018-08-30,18:30,Libertad py,2.0,,ar Boca Juniors,4.0,,,Estadio Defensores del Chaco,Wilmar Roldán,Leg 2 of 2; Boca Juniors won,https://fbref.com/en/matches/71a0ba2e/Libertad-Boca-Juniors-August-30-2018-Copa-Libertadores,py,Libertad,ar,Boca Juniors
Copa Libertadores de América,M,,2018,,Round of 16,,Thu,2018-08-30,21:45,Palmeiras br,0.0,,py Cerro Porteño,1.0,,,Allianz Parque,Germán Delfino,Leg 2 of 2; Palmeiras won,https://fbref.com/en/matches/1387cd6a/Palmeiras-Cerro-Porteno-August-30-2018-Copa-Libertadores,br,Palmeiras,py,Cerro Porteño
Copa Libertadores de América,M,,2018,,Quarter-finals,,Tue,2018-09-18,21:45,Atlé Tucumán ar,0.0,,br Grêmio,2.0,,,Estadio Monumental Presidente José Fierr...,Wilmar Roldán,Leg 1 of 2,https://fbref.com/en/matches/b0c7ea09/Atletico-Tucuman-Gremio-September-18-2018-Copa-Libertadores,ar,Atlé Tucumán,br,Grêmio
Copa Libertadores de América,M,,2018,,Quarter-finals,,Wed,2018-09-19,19:30,Independiente ar,0.0,,ar River Plate,0.0,,,Estadio Libertadores de América,Wilton Sampaio,Leg 1 of 2,https://fbref.com/en/matches/f448c389/Independiente-River-Plate-September-19-2018-Copa-Libertadores,ar,Independiente,ar,River Plate
Copa Libertadores de América,M,,2018,,Quarter-finals,,Wed,2018-09-19,21:45,Boca Juniors ar,2.0,,br Cruzeiro,0.0,,,Estadio Alberto José Armando,Eber Aguino,Leg 1 of 2,https://fbref.com/en/matches/d886d7c4/Boca-Juniors-Cruzeiro-September-19-2018-Copa-Libertadores,ar,Boca Juniors,br,Cruzeiro
Copa Libertadores de América,M,,2018,,Quarter-finals,,Thu,2018-09-20,21:45,Colo-Colo cl,0.0,,br Palmeiras,2.0,,,Estadio Monumental David Arellano,Andrés Cunha,Leg 1 of 2,https://fbref.com/en/matches/b77e2e80/Colo-Colo-Palmeiras-September-20-2018-Copa-Libertadores,cl,Colo-Colo,br,Palmeiras
Copa Libertadores de América,M,,2018,,Quarter-finals,,Tue,2018-10-02,19:30,River Plate ar,3.0,,ar Independiente,1.0,,,Estadio Monumental Antonio Vespucio Libe...,Anderson Daronco,Leg 2 of 2; River Plate won,https://fbref.com/en/matches/294ae539/River-Plate-Independiente-October-2-2018-Copa-Libertadores,ar,River Plate,ar,Independiente
Copa Libertadores de América,M,,2018,,Quarter-finals,,Tue,2018-10-02,21:45,Grêmio br,4.0,,ar Atlé Tucumán,0.0,,,Arena do Grêmio,Roberto Tobar,Leg 2 of 2; Grêmio won,https://fbref.com/en/matches/0783a7bf/Gremio-Atletico-Tucuman-October-2-2018-Copa-Libertadores,br,Grêmio,ar,Atlé Tucumán
Copa Libertadores de América,M,,2018,,Quarter-finals,,Wed,2018-10-03,21:45,Palmeiras br,2.0,,cl Colo-Colo,0.0,,,Allianz Parque,Wilmar Roldán,Leg 2 of 2; Palmeiras won,https://fbref.com/en/matches/f40f9713/Palmeiras-Colo-Colo-October-3-2018-Copa-Libertadores,br,Palmeiras,cl,Colo-Colo
Copa Libertadores de América,M,,2018,,Quarter-finals,,Thu,2018-10-04,21:45,Cruzeiro br,1.0,,ar Boca Juniors,1.0,,,Estádio Governador Magalhães Pinto,Andrés Cunha,Leg 2 of 2; Boca Juniors won,https://fbref.com/en/matches/e4aff07e/Cruzeiro-Boca-Juniors-October-4-2018-Copa-Libertadores,br,Cruzeiro,ar,Boca Juniors
Copa Libertadores de América,M,,2018,,Semi-finals,,Tue,2018-10-23,21:45,River Plate ar,0.0,,br Grêmio,1.0,,,Estadio Monumental Antonio Vespucio Libe...,Víctor Carrillo,Leg 1 of 2,https://fbref.com/en/matches/1b4d4b29/River-Plate-Gremio-October-23-2018-Copa-Libertadores,ar,River Plate,br,Grêmio
Copa Libertadores de América,M,,2018,,Semi-finals,,Wed,2018-10-24,21:45,Boca Juniors ar,2.0,,br Palmeiras,0.0,,,Estadio Alberto José Armando,Roberto Tobar,Leg 1 of 2,https://fbref.com/en/matches/7e6677ef/Boca-Juniors-Palmeiras-October-24-2018-Copa-Libertadores,ar,Boca Juniors,br,Palmeiras
Copa Libertadores de América,M,,2018,,Semi-finals,,Tue,2018-10-30,22:45,Grêmio br,1.0,,ar River Plate,2.0,,,Arena do Grêmio,Andrés Cunha,Leg 2 of 2; River Plate won,https://fbref.com/en/matches/079971c4/Gremio-River-Plate-October-30-2018-Copa-Libertadores,br,Grêmio,ar,River Plate
Copa Libertadores de América,M,,2018,,Semi-finals,,Wed,2018-10-31,22:45,Palmeiras br,2.0,,ar Boca Juniors,2.0,,,Allianz Parque,Wilmar Roldán,Leg 2 of 2; Boca Juniors won,https://fbref.com/en/matches/95307dee/Palmeiras-Boca-Juniors-October-31-2018-Copa-Libertadores,br,Palmeiras,ar,Boca Juniors
Copa Libertadores de América,M,,2018,,Finals,,Sun,2018-11-11,16:00,Boca Juniors ar,2.0,,ar River Plate,2.0,,,Estadio Alberto José Armando,Roberto Tobar,Leg 1 of 2,https://fbref.com/en/matches/7f6745d2/Superclasico-Boca-Juniors-River-Plate-November-11-2018-Copa-Libertadores,ar,Boca Juniors,ar,River Plate
Copa Libertadores de América,M,,2018,,Finals,,Sun,2018-12-09,20:30,River Plate ar,3.0,,ar Boca Juniors,1.0,,,Estadio Santiago Bernabéu (Neutral Site),Andrés Cunha,Leg 2 of 2; River Plate won; Required Extra Time,https://fbref.com/en/matches/2ead6347/Superclasico-River-Plate-Boca-Juniors-December-9-2018-Copa-Libertadores,ar,River Plate,ar,Boca Juniors
Copa Libertadores de América,M,,2018,,Group stage,1,Tue,2018-02-27,18:15,Monagas ve,0.0,,py Cerro Porteño,2.0,,,Estadio Monumental de Maturín,Mauro Vigliano,,https://fbref.com/en/matches/48317e63/Monagas-Cerro-Porteno-February-27-2018-Copa-Libertadores,ve,Monagas,py,Cerro Porteño
Copa Libertadores de América,M,,2018,,Group stage,1,Tue,2018-02-27,19:15,Defensor uy,1.0,,br Grêmio,1.0,,,Estadio Luis Franzini,Fernando Rapallini,,https://fbref.com/en/matches/920d3e46/Defensor-Sporting-Gremio-February-27-2018-Copa-Libertadores,uy,Defensor,br,Grêmio
Copa Libertadores de América,M,,2018,,Group stage,1,Tue,2018-02-27,21:30,Colo-Colo cl,0.0,,co Nacional,1.0,,,Estadio Monumental David Arellano,Wilton Sampaio,,https://fbref.com/en/matches/f0d0a163/Colo-Colo-Atletico-Nacional-February-27-2018-Copa-Libertadores,cl,Colo-Colo,co,Nacional
Copa Libertadores de América,M,,2018,,Group stage,1,Tue,2018-02-27,21:30,Racing Club ar,4.0,,br Cruzeiro,2.0,,,Estadio Juan Domingo Perón,Wilmar Roldán,,https://fbref.com/en/matches/e615f4be/Racing-Club-Cruzeiro-February-27-2018-Copa-Libertadores,ar,Racing Club,br,Cruzeiro
Copa Libertadores de América,M,,2018,,Group stage,1,Wed,2018-02-28,19:15,Nacional uy,0.0,,ar Estudiantes–LP,0.0,,,Estadio Gran Parque Central,Mario Díaz de Vivar,,https://fbref.com/en/matches/72115a79/Nacional-Estudiantes-LP-February-28-2018-Copa-Libertadores,uy,Nacional,ar,Estudiantes–LP
Copa Libertadores de América,M,,2018,,Group stage,1,Wed,2018-02-28,19:45,Delfín ec,1.0,,bo Bolívar,1.0,,,Estadio Jocay,Rodolpho Toski Marques,,https://fbref.com/en/matches/98b36ece/Delfin-Bolivar-February-28-2018-Copa-Libertadores,ec,Delfín,bo,Bolívar
Copa Libertadores de América,M,,2018,,Group stage,1,Wed,2018-02-28,19:45,Millonarios co,0.0,,br Corinthians,0.0,,,Estadio Nemesio Camacho El Campín,Roddy Zambrano,,https://fbref.com/en/matches/6a918367/Millonarios-Corinthians-February-28-2018-Copa-Libertadores,co,Millonarios,br,Corinthians
Copa Libertadores de América,M,,2018,,Group stage,1,Wed,2018-02-28,21:45,Flamengo br,2.0,,ar River Plate,2.0,,,Estádio Luso-Brasileiro,Michael Espinoza,,https://fbref.com/en/matches/16fb2078/Flamengo-River-Plate-February-28-2018-Copa-Libertadores,br,Flamengo,ar,River Plate
Copa Libertadores de América,M,,2018,,Group stage,1,Thu,2018-03-01,17:15,Santa Fe co,1.0,,ec CS Emelec,1.0,,,Estadio Nemesio Camacho El Campín,Juan Soto,,https://fbref.com/en/matches/02fabee5/Santa-Fe-CS-Emelec-March-1-2018-Copa-Libertadores,co,Santa Fe,ec,CS Emelec
Copa Libertadores de América,M,,2018,,Group stage,1,Thu,2018-03-01,17:15,Real Garcilaso pe,2.0,,br Santos,0.0,,,Estadio Inca Garcilaso de la Vega,Gery Vargas,,https://fbref.com/en/matches/42594934/Real-Garcilaso-Santos-March-1-2018-Copa-Libertadores,pe,Real Garcilaso,br,Santos
Copa Libertadores de América,M,,2018,,Group stage,1,Thu,2018-03-01,18:15,Deportivo Lara ve,1.0,,ar Independiente,0.0,,,Estadio Metropolitano de Fútbol de Lara,Diego Haro,,https://fbref.com/en/matches/a8ba7d1c/Deportivo-Lara-Independiente-March-1-2018-Copa-Libertadores,ve,Deportivo Lara,ar,Independiente
Copa Libertadores de América,M,,2018,,Group stage,1,Thu,2018-03-01,19:30,Alianza Lima pe,0.0,,ar Boca Juniors,0.0,,,Estadio Alejandro Villanueva,Daniel Fedorczuk,,https://fbref.com/en/matches/117812b7/Alianza-Lima-Boca-Juniors-March-1-2018-Copa-Libertadores,pe,Alianza Lima,ar,Boca Juniors
Copa Libertadores de América,M,,2018,,Group stage,1,Thu,2018-03-01,19:30,Junior co,0.0,,br Palmeiras,3.0,,,Estadio Metropolitano Roberto Meléndez,Enrique Cáceres,,https://fbref.com/en/matches/8a9441e9/Junior-Palmeiras-March-1-2018-Copa-Libertadores,co,Junior,br,Palmeiras
Copa Libertadores de América,M,,2018,,Group stage,1,Tue,2018-03-13,19:15,Atlé Tucumán ar,0.0,,py Libertad,2.0,,,Estadio Monumental Presidente José Fierr...,Raphael Claus,,https://fbref.com/en/matches/d35a9d74/Atletico-Tucuman-Libertad-March-13-2018-Copa-Libertadores,ar,Atlé Tucumán,py,Libertad
Copa Libertadores de América,M,,2018,,Group stage,1,Tue,2018-03-13,21:30,Vasco da Gama br,0.0,,cl U de Chile,1.0,,,Estádio Club de Regatas Vasco da Gama,Daniel Fedorczuk,,https://fbref.com/en/matches/b1eaf6df/Vasco-da-Gama-Universidad-de-Chile-March-13-2018-Copa-Libertadores,br,Vasco da Gama,cl,U de Chile
Copa Libertadores de América,M,,2018,,Group stage,1,Thu,2018-03-15,18:15,The Strongest bo,1.0,,uy Peñarol,0.0,,,Estadio Hernando Siles,Anderson Daronco,,https://fbref.com/en/matches/108be84e/The-Strongest-Penarol-March-15-2018-Copa-Libertadores,bo,The Strongest,uy,Peñarol
Copa Libertadores de América,M,,2018,,Group stage,2,Tue,2018-03-13,21:30,Cerro Porteño py,2.0,,uy Defensor,1.0,,,Estadio General Pablo Rojas,Roddy Zambrano,,https://fbref.com/en/matches/00e24b67/Cerro-Porteno-Defensor-Sporting-March-13-2018-Copa-Libertadores,py,Cerro Porteño,uy,Defensor
Copa Libertadores de América,M,,2018,,Group stage,2,Wed,2018-03-14,18:15,Bolívar bo,1.0,,cl Colo-Colo,1.0,,,Estadio Hernando Siles,Darío Herrera,,https://fbref.com/en/matches/f4ea0743/Bolivar-Colo-Colo-March-14-2018-Copa-Libertadores,bo,Bolívar,cl,Colo-Colo
Copa Libertadores de América,M,,2018,,Group stage,2,Wed,2018-03-14,19:15,Estudiantes–LP ar,3.0,,pe Real Garcilaso,0.0,,,Estadio Ciudad de La Plata,Alexis Herrera,,https://fbref.com/en/matches/9b3c5591/Estudiantes-LP-Real-Garcilaso-March-14-2018-Copa-Libertadores,ar,Estudiantes–LP,pe,Real Garcilaso
Copa Libertadores de América,M,,2018,,Group stage,2,Wed,2018-03-14,19:45,Nacional co,4.0,,ec Delfín,0.0,,,Estadio Atanasio Girardot,Diego Haro,,https://fbref.com/en/matches/e5082951/Atletico-Nacional-Delfin-March-14-2018-Copa-Libertadores,co,Nacional,ec,Delfín
Copa Libertadores de América,M,,2018,,Group stage,2,Wed,2018-03-14,19:45,CS Emelec ec,1.0,,br Flamengo,2.0,,,Estadio Banco del Pacífico,Mario Díaz de Vivar,,https://fbref.com/en/matches/2453931c/CS-Emelec-Flamengo-March-14-2018-Copa-Libertadores,ec,CS Emelec,br,Flamengo
Copa Libertadores de América,M,,2018,,Group stage,2,Wed,2018-03-14,21:45,Corinthians br,2.0,,ve Deportivo Lara,0.0,,31767.0,Arena Corinthians,Raúl Orosco,,https://fbref.com/en/matches/d239cb5f/Corinthians-Deportivo-Lara-March-14-2018-Copa-Libertadores,br,Corinthians,ve,Deportivo Lara
Copa Libertadores de América,M,,2018,,Group stage,2,Thu,2018-03-15,19:15,Santos br,3.0,,uy Nacional,1.0,,,Estádio Urbano Caldeira,Ulises Mereles,,https://fbref.com/en/matches/14a24c77/Santos-Nacional-March-15-2018-Copa-Libertadores,br,Santos,uy,Nacional
Copa Libertadores de América,M,,2018,,Group stage,2,Thu,2018-03-15,21:30,Independiente ar,1.0,,co Millonarios,0.0,,,Estadio Libertadores de América,Leodán González,,https://fbref.com/en/matches/2ba31190/Independiente-Millonarios-March-15-2018-Copa-Libertadores,ar,Independiente,co,Millonarios
Copa Libertadores de América,M,,2018,,Group stage,2,Tue,2018-04-03,18:15,Libertad py,3.0,,bo The Strongest,0.0,,,Estadio Dr. Nicolás Leoz,Diego Haro,,https://fbref.com/en/matches/b66199c1/Libertad-The-Strongest-April-3-2018-Copa-Libertadores,py,Libertad,bo,The Strongest
Copa Libertadores de América,M,,2018,,Group stage,2,Tue,2018-04-03,21:30,Palmeiras br,2.0,,pe Alianza Lima,0.0,,,Allianz Parque,José Argote,,https://fbref.com/en/matches/7b26000f/Palmeiras-Alianza-Lima-April-3-2018-Copa-Libertadores,br,Palmeiras,pe,Alianza Lima
Copa Libertadores de América,M,,2018,,Group stage,2,Tue,2018-04-03,21:30,U de Chile cl,1.0,,ar Racing Club,1.0,,,Estadio Nacional Julio Martínez Prádanos,Enrique Cáceres,,https://fbref.com/en/matches/08b9c8ee/Universidad-de-Chile-Racing-Club-April-3-2018-Copa-Libertadores,cl,U de Chile,ar,Racing Club
Copa Libertadores de América,M,,2018,,Group stage,2,Wed,2018-04-04,19:15,Grêmio br,4.0,,ve Monagas,0.0,,,Arena do Grêmio,Carlos Orbe,,https://fbref.com/en/matches/38c8a7c9/Gremio-Monagas-April-4-2018-Copa-Libertadores,br,Grêmio,ve,Monagas
Copa Libertadores de América,M,,2018,,Group stage,2,Wed,2018-04-04,19:15,Peñarol uy,3.0,,ar Atlé Tucumán,1.0,,,Estadio Campeón del Siglo,Wilton Sampaio,,https://fbref.com/en/matches/f7f64d3f/Penarol-Atletico-Tucuman-April-4-2018-Copa-Libertadores,uy,Peñarol,ar,Atlé Tucumán
Copa Libertadores de América,M,,2018,,Group stage,2,Wed,2018-04-04,21:45,Boca Juniors ar,1.0,,co Junior,0.0,,,Estadio Alberto José Armando,Ulises Mereles,,https://fbref.com/en/matches/b0dc8e79/Boca-Juniors-Junior-April-4-2018-Copa-Libertadores,ar,Boca Juniors,co,Junior
Copa Libertadores de América,M,,2018,,Group stage,2,Wed,2018-04-04,21:45,Cruzeiro br,0.0,,br Vasco da Gama,0.0,,,Estádio Governador Magalhães Pinto,Raphael Claus,,https://fbref.com/en/matches/3da210d4/Cruzeiro-Vasco-da-Gama-April-4-2018-Copa-Libertadores,br,Cruzeiro,br,Vasco da Gama
Copa Libertadores de América,M,,2018,,Group stage,2,Thu,2018-04-05,19:15,River Plate ar,0.0,,co Santa Fe,0.0,,,Estadio Monumental Antonio Vespucio Libe...,Julio Bascuñán,,https://fbref.com/en/matches/ccfc46b9/River-Plate-Santa-Fe-April-5-2018-Copa-Libertadores,ar,River Plate,co,Santa Fe
Copa Libertadores de América,M,,2018,,Group stage,3,Tue,2018-04-03,17:15,Real Garcilaso pe,0.0,,uy Nacional,0.0,,,Estadio Inca Garcilaso de la Vega,Wilmar Roldán,,https://fbref.com/en/matches/b5ed1ff8/Real-Garcilaso-Nacional-April-3-2018-Copa-Libertadores,pe,Real Garcilaso,uy,Nacional
Copa Libertadores de América,M,,2018,,Group stage,3,Thu,2018-04-05,19:15,Colo-Colo cl,0.0,,ec Delfín,2.0,,,Estadio Monumental David Arellano,Daniel Fedorczuk,,https://fbref.com/en/matches/4424eb60/Colo-Colo-Delfin-April-5-2018-Copa-Libertadores,cl,Colo-Colo,ec,Delfín
Copa Libertadores de América,M,,2018,,Group stage,3,Thu,2018-04-05,20:30,Bolívar bo,1.0,,co Nacional,0.0,,,Estadio Hernando Siles,Néstor Pitana,,https://fbref.com/en/matches/25b7d31e/Bolivar-Atletico-Nacional-April-5-2018-Copa-Libertadores,bo,Bolívar,co,Nacional
Copa Libertadores de América,M,,2018,,Group stage,3,Thu,2018-04-05,21:30,Estudiantes–LP ar,0.0,,br Santos,1.0,,,Estadio Ciudad de La Plata,Roddy Zambrano,,https://fbref.com/en/matches/497f4b1e/Estudiantes-LP-Santos-April-5-2018-Copa-Libertadores,ar,Estudiantes–LP,br,Santos
Copa Libertadores de América,M,,2018,,Group stage,3,Wed,2018-04-11,21:45,Palmeiras br,1.0,,ar Boca Juniors,1.0,,37192.0,Allianz Parque,Andrés Cunha,,https://fbref.com/en/matches/aeaa2b53/Palmeiras-Boca-Juniors-April-11-2018-Copa-Libertadores,br,Palmeiras,ar,Boca Juniors
Copa Libertadores de América,M,,2018,,Group stage,3,Tue,2018-04-17,19:15,Defensor uy,3.0,,ve Monagas,1.0,,,Estadio Luis Franzini,Diego Haro,,https://fbref.com/en/matches/ccdc4744/Defensor-Sporting-Monagas-April-17-2018-Copa-Libertadores,uy,Defensor,ve,Monagas
Copa Libertadores de América,M,,2018,,Group stage,3,Tue,2018-04-17,19:30,Millonarios co,4.0,,ve Deportivo Lara,0.0,,,Estadio Nemesio Camacho El Campín,Carlos Orbe,,https://fbref.com/en/matches/d12e6f86/Millonarios-Deportivo-Lara-April-17-2018-Copa-Libertadores,co,Millonarios,ve,Deportivo Lara
Copa Libertadores de América,M,,2018,,Group stage,3,Tue,2018-04-17,20:30,Cerro Porteño py,0.0,,br Grêmio,0.0,,,Estadio General Pablo Rojas,Germán Delfino,,https://fbref.com/en/matches/fd786dd0/Cerro-Porteno-Gremio-April-17-2018-Copa-Libertadores,py,Cerro Porteño,br,Grêmio
Copa Libertadores de América,M,,2018,,Group stage,3,Wed,2018-04-18,18:15,The Strongest bo,1.0,,ar Atlé Tucumán,2.0,,,Estadio Hernando Siles,Julio Bascuñán,,https://fbref.com/en/matches/0b086efd/The-Strongest-Atletico-Tucuman-April-18-2018-Copa-Libertadores,bo,The Strongest,ar,Atlé Tucumán
Copa Libertadores de América,M,,2018,,Group stage,3,Wed,2018-04-18,20:45,Libertad py,2.0,,uy Peñarol,1.0,,,Estadio Dr. Nicolás Leoz,Wilmar Roldán,,https://fbref.com/en/matches/f3fff507/Libertad-Penarol-April-18-2018-Copa-Libertadores,py,Libertad,uy,Peñarol
Copa Libertadores de América,M,,2018,,Group stage,3,Wed,2018-04-18,21:45,Independiente ar,0.0,,br Corinthians,1.0,,,Estadio Libertadores de América,Daniel Fedorczuk,,https://fbref.com/en/matches/50c1a934/Independiente-Corinthians-April-18-2018-Copa-Libertadores,ar,Independiente,br,Corinthians
Copa Libertadores de América,M,,2018,,Group stage,3,Wed,2018-04-18,21:45,Flamengo br,1.0,,co Santa Fe,1.0,,,Estadio Jornalista Mário Filho,Andrés Cunha,,https://fbref.com/en/matches/468f3595/Flamengo-Santa-Fe-April-18-2018-Copa-Libertadores,br,Flamengo,co,Santa Fe
Copa Libertadores de América,M,,2018,,Group stage,3,Thu,2018-04-19,19:15,Racing Club ar,4.0,,br Vasco da Gama,0.0,,,Estadio Presidente Juan Domingo Perón,Ulises Mereles,,https://fbref.com/en/matches/2896e947/Racing-Club-Vasco-da-Gama-April-19-2018-Copa-Libertadores,ar,Racing Club,br,Vasco da Gama
Copa Libertadores de América,M,,2018,,Group stage,3,Thu,2018-04-19,19:30,Alianza Lima pe,0.0,,co Junior,2.0,,,Estadio Alejandro Villanueva,Roddy Zambrano,,https://fbref.com/en/matches/b0185915/Alianza-Lima-Junior-April-19-2018-Copa-Libertadores,pe,Alianza Lima,co,Junior
Copa Libertadores de América,M,,2018,,Group stage,3,Thu,2018-04-19,19:30,CS Emelec ec,0.0,,ar River Plate,1.0,,,Estadio Banco del Pacífico,Enrique Cáceres,,https://fbref.com/en/matches/2a248891/CS-Emelec-River-Plate-April-19-2018-Copa-Libertadores,ec,CS Emelec,ar,River Plate
Copa Libertadores de América,M,,2018,,Group stage,3,Thu,2018-04-19,21:30,U de Chile cl,0.0,,br Cruzeiro,0.0,,,Estadio Nacional Julio Martínez Prádanos,Víctor Carrillo,,https://fbref.com/en/matches/561df71d/Universidad-de-Chile-Cruzeiro-April-19-2018-Copa-Libertadores,cl,U de Chile,br,Cruzeiro
Copa Libertadores de América,M,,2018,,Group stage,4,Tue,2018-04-24,18:15,Deportivo Lara ve,2.0,,co Millonarios,1.0,,,Estadio Metropolitano de Fútbol de Lara,Michael Espinoza,,https://fbref.com/en/matches/4550a9f4/Deportivo-Lara-Millonarios-April-24-2018-Copa-Libertadores,ve,Deportivo Lara,co,Millonarios
Copa Libertadores de América,M,,2018,,Group stage,4,Tue,2018-04-24,19:30,Nacional co,4.0,,bo Bolívar,1.0,,,Estadio Atanasio Girardot,Raphael Claus,,https://fbref.com/en/matches/a951072a/Atletico-Nacional-Bolivar-April-24-2018-Copa-Libertadores,co,Nacional,bo,Bolívar
Copa Libertadores de América,M,,2018,,Group stage,4,Tue,2018-04-24,21:30,Santos br,2.0,,ar Estudiantes–LP,0.0,,,Estádio Urbano Caldeira,Eber Aguino,,https://fbref.com/en/matches/fa704455/Santos-Estudiantes-LP-April-24-2018-Copa-Libertadores,br,Santos,ar,Estudiantes–LP
Copa Libertadores de América,M,,2018,,Group stage,4,Wed,2018-04-25,19:15,Atlé Tucumán ar,3.0,,bo The Strongest,0.0,,,Estadio Monumental Presidente José Fierr...,Luiz Flávio de Oliveira,,https://fbref.com/en/matches/4468636e/Atletico-Tucuman-The-Strongest-April-25-2018-Copa-Libertadores,ar,Atlé Tucumán,bo,The Strongest
Copa Libertadores de América,M,,2018,,Group stage,4,Wed,2018-04-25,19:15,Nacional uy,4.0,,pe Real Garcilaso,0.0,,,Estadio Gran Parque Central,José Argote,,https://fbref.com/en/matches/b5bc329d/Nacional-Real-Garcilaso-April-25-2018-Copa-Libertadores,uy,Nacional,pe,Real Garcilaso
Copa Libertadores de América,M,,2018,,Group stage,4,Wed,2018-04-25,19:45,Santa Fe co,0.0,,br Flamengo,0.0,,,Estadio Nemesio Camacho El Campín,Daniel Fedorczuk,,https://fbref.com/en/matches/052fd87f/Santa-Fe-Flamengo-April-25-2018-Copa-Libertadores,co,Santa Fe,br,Flamengo
Copa Libertadores de América,M,,2018,,Group stage,4,Wed,2018-04-25,20:45,Monagas ve,1.0,,uy Defensor,0.0,,,Estadio Monumental de Maturín,Andrés Rojas,,https://fbref.com/en/matches/2e181c0d/Monagas-Defensor-Sporting-April-25-2018-Copa-Libertadores,ve,Monagas,uy,Defensor
Copa Libertadores de América,M,,2018,,Group stage,4,Wed,2018-04-25,21:45,Boca Juniors ar,0.0,,br Palmeiras,2.0,,,Estadio Alberto José Armando,Roberto Tobar,,https://fbref.com/en/matches/cbd40c92/Boca-Juniors-Palmeiras-April-25-2018-Copa-Libertadores,ar,Boca Juniors,br,Palmeiras
Copa Libertadores de América,M,,2018,,Group stage,4,Thu,2018-04-26,19:15,River Plate ar,2.0,,ec CS Emelec,1.0,,,Estadio Monumental Antonio Vespucio Libe...,Víctor Carrillo,,https://fbref.com/en/matches/af047868/River-Plate-CS-Emelec-April-26-2018-Copa-Libertadores,ar,River Plate,ec,CS Emelec
Copa Libertadores de América,M,,2018,,Group stage,4,Thu,2018-04-26,19:15,Cruzeiro br,7.0,,cl U de Chile,0.0,,,Estádio Governador Magalhães Pinto,Roddy Zambrano,,https://fbref.com/en/matches/1fc04d1c/Cruzeiro-Universidad-de-Chile-April-26-2018-Copa-Libertadores,br,Cruzeiro,cl,U de Chile
Copa Libertadores de América,M,,2018,,Group stage,4,Thu,2018-04-26,19:30,Junior co,1.0,,pe Alianza Lima,0.0,,,Estadio Metropolitano Roberto Meléndez,Alexis Herrera,,https://fbref.com/en/matches/8fe5e532/Junior-Alianza-Lima-April-26-2018-Copa-Libertadores,co,Junior,pe,Alianza Lima
Copa Libertadores de América,M,,2018,,Group stage,4,Thu,2018-04-26,21:30,Peñarol uy,2.0,,py Libertad,0.0,,,Estadio Campeón del Siglo,Anderson Daronco,,https://fbref.com/en/matches/3987c83d/Penarol-Libertad-April-26-2018-Copa-Libertadores,uy,Peñarol,py,Libertad
Copa Libertadores de América,M,,2018,,Group stage,4,Thu,2018-04-26,21:30,Vasco da Gama br,1.0,,ar Racing Club,1.0,,,Estádio Club de Regatas Vasco da Gama,Diego Haro,,https://fbref.com/en/matches/376e0c30/Vasco-da-Gama-Racing-Club-April-26-2018-Copa-Libertadores,br,Vasco da Gama,ar,Racing Club
Copa Libertadores de América,M,,2018,,Group stage,4,Tue,2018-05-01,19:15,Grêmio br,5.0,,py Cerro Porteño,0.0,,,Arena do Grêmio,Patricio Loustau,,https://fbref.com/en/matches/8f41c521/Gremio-Cerro-Porteno-May-1-2018-Copa-Libertadores,br,Grêmio,py,Cerro Porteño
Copa Libertadores de América,M,,2018,,Group stage,4,Wed,2018-05-02,19:45,Delfín ec,1.0,,cl Colo-Colo,2.0,,,Estadio Jocay,Andrés Cunha,,https://fbref.com/en/matches/7392f72f/Delfin-Colo-Colo-May-2-2018-Copa-Libertadores,ec,Delfín,cl,Colo-Colo
Copa Libertadores de América,M,,2018,,Group stage,4,Wed,2018-05-02,21:45,Corinthians br,1.0,,ar Independiente,2.0,,,Arena Corinthians,Víctor Carrillo,,https://fbref.com/en/matches/bad23786/Corinthians-Independiente-May-2-2018-Copa-Libertadores,br,Corinthians,ar,Independiente
Copa Libertadores de América,M,,2018,,Group stage,5,Tue,2018-05-01,17:15,Real Garcilaso pe,0.0,,ar Estudiantes–LP,0.0,,,Estadio Inca Garcilaso de la Vega,Julio Bascuñán,,https://fbref.com/en/matches/81bb1010/Real-Garcilaso-Estudiantes-LP-May-1-2018-Copa-Libertadores,pe,Real Garcilaso,ar,Estudiantes–LP
Copa Libertadores de América,M,,2018,,Group stage,5,Tue,2018-05-01,21:30,Nacional uy,1.0,,br Santos,0.0,,,Estadio Gran Parque Central,Wilmar Roldán,,https://fbref.com/en/matches/f146dc6d/Nacional-Santos-May-1-2018-Copa-Libertadores,uy,Nacional,br,Santos
Copa Libertadores de América,M,,2018,,Group stage,5,Wed,2018-05-02,17:15,Junior co,1.0,,ar Boca Juniors,1.0,,,Estadio Metropolitano Roberto Meléndez,Roddy Zambrano,,https://fbref.com/en/matches/4c06d1f9/Junior-Boca-Juniors-May-2-2018-Copa-Libertadores,co,Junior,ar,Boca Juniors
Copa Libertadores de América,M,,2018,,Group stage,5,Wed,2018-05-02,19:15,Atlé Tucumán ar,1.0,,uy Peñarol,0.0,,,Estadio Monumental Presidente José Fierr...,Sandro Ricci,,https://fbref.com/en/matches/fd15f909/Atletico-Tucuman-Penarol-May-2-2018-Copa-Libertadores,ar,Atlé Tucumán,uy,Peñarol
Copa Libertadores de América,M,,2018,,Group stage,5,Wed,2018-05-02,21:45,Vasco da Gama br,0.0,,br Cruzeiro,4.0,,,Estádio Club de Regatas Vasco da Gama,Anderson Daronco,,https://fbref.com/en/matches/b553e2cf/Vasco-da-Gama-Cruzeiro-May-2-2018-Copa-Libertadores,br,Vasco da Gama,br,Cruzeiro
Copa Libertadores de América,M,,2018,,Group stage,5,Thu,2018-05-03,19:15,Racing Club ar,1.0,,cl U de Chile,0.0,,,Estadio Presidente Juan Domingo Perón,Enrique Cáceres,,https://fbref.com/en/matches/33938624/Racing-Club-Universidad-de-Chile-May-3-2018-Copa-Libertadores,ar,Racing Club,cl,U de Chile
Copa Libertadores de América,M,,2018,,Group stage,5,Thu,2018-05-03,19:30,Santa Fe co,0.0,,ar River Plate,1.0,,,Estadio Nemesio Camacho El Campín,Roberto Tobar,,https://fbref.com/en/matches/75d4d52e/Santa-Fe-River-Plate-May-3-2018-Copa-Libertadores,co,Santa Fe,ar,River Plate
Copa Libertadores de América,M,,2018,,Group stage,5,Thu,2018-05-03,19:30,Alianza Lima pe,1.0,,br Palmeiras,3.0,,,Estadio Alejandro Villanueva,Gery Vargas,,https://fbref.com/en/matches/7592e9c2/Alianza-Lima-Palmeiras-May-3-2018-Copa-Libertadores,pe,Alianza Lima,br,Palmeiras
Copa Libertadores de América,M,,2018,,Group stage,5,Thu,2018-05-03,20:30,The Strongest bo,1.0,,py Libertad,3.0,,,Estadio Hernando Siles,Ricardo Marques Ribeiro,,https://fbref.com/en/matches/e391a267/The-Strongest-Libertad-May-3-2018-Copa-Libertadores,bo,The Strongest,py,Libertad
Copa Libertadores de América,M,,2018,,Group stage,5,Tue,2018-05-15,17:15,Delfín ec,1.0,,co Nacional,0.0,,,Estadio Jocay,Víctor Carrillo,,https://fbref.com/en/matches/6ee2f7f3/Delfin-Atletico-Nacional-May-15-2018-Copa-Libertadores,ec,Delfín,co,Nacional
Copa Libertadores de América,M,,2018,,Group stage,5,Tue,2018-05-15,19:15,Defensor uy,0.0,,py Cerro Porteño,1.0,,,Estadio Luis Franzini,Néstor Pitana,,https://fbref.com/en/matches/c997abd3/Defensor-Sporting-Cerro-Porteno-May-15-2018-Copa-Libertadores,uy,Defensor,py,Cerro Porteño
Copa Libertadores de América,M,,2018,,Group stage,5,Tue,2018-05-15,20:30,Colo-Colo cl,2.0,,bo Bolívar,0.0,,,Estadio Monumental David Arellano,Sandro Ricci,,https://fbref.com/en/matches/be148682/Colo-Colo-Bolivar-May-15-2018-Copa-Libertadores,cl,Colo-Colo,bo,Bolívar
Copa Libertadores de América,M,,2018,,Group stage,5,Tue,2018-05-15,20:30,Monagas ve,1.0,,br Grêmio,2.0,,,Estadio Monumental de Maturín,Fernando Rapallini,,https://fbref.com/en/matches/bdda42b0/Monagas-Gremio-May-15-2018-Copa-Libertadores,ve,Monagas,br,Grêmio
Copa Libertadores de América,M,,2018,,Group stage,5,Wed,2018-05-16,21:45,Flamengo br,2.0,,ec CS Emelec,0.0,,,Estadio Jornalista Mário Filho,Diego Haro,,https://fbref.com/en/matches/e7228788/Flamengo-CS-Emelec-May-16-2018-Copa-Libertadores,br,Flamengo,ec,CS Emelec
Copa Libertadores de América,M,,2018,,Group stage,5,Thu,2018-05-17,19:30,Millonarios co,1.0,,ar Independiente,1.0,,,Estadio Nemesio Camacho El Campín,Roberto Tobar,,https://fbref.com/en/matches/72d33597/Millonarios-Independiente-May-17-2018-Copa-Libertadores,co,Millonarios,ar,Independiente
Copa Libertadores de América,M,,2018,,Group stage,5,Thu,2018-05-17,20:30,Deportivo Lara ve,2.0,,br Corinthians,7.0,,,Estadio Metropolitano de Fútbol de Lara,Andrés Cunha,,https://fbref.com/en/matches/aed98891/Deportivo-Lara-Corinthians-May-17-2018-Copa-Libertadores,ve,Deportivo Lara,br,Corinthians
Copa Libertadores de América,M,,2018,,Group stage,6,Wed,2018-05-16,21:45,Palmeiras br,3.0,,co Junior,1.0,,,Allianz Parque,Enrique Cáceres,,https://fbref.com/en/matches/3cad9fa7/Palmeiras-Junior-May-16-2018-Copa-Libertadores,br,Palmeiras,co,Junior
Copa Libertadores de América,M,,2018,,Group stage,6,Wed,2018-05-16,21:45,Boca Juniors ar,5.0,,pe Alianza Lima,0.0,,,Estadio Alberto José Armando,Mario Díaz de Vivar,,https://fbref.com/en/matches/18d1b854/Boca-Juniors-Alianza-Lima-May-16-2018-Copa-Libertadores,ar,Boca Juniors,pe,Alianza Lima
Copa Libertadores de América,M,,2018,,Group stage,6,Thu,2018-05-17,18:15,Libertad py,0.0,,ar Atlé Tucumán,0.0,,,Estadio Dr. Nicolás Leoz,Wilton Sampaio,,https://fbref.com/en/matches/0ac2891a/Libertad-Atletico-Tucuman-May-17-2018-Copa-Libertadores,py,Libertad,ar,Atlé Tucumán
Copa Libertadores de América,M,,2018,,Group stage,6,Thu,2018-05-17,19:15,Peñarol uy,2.0,,bo The Strongest,0.0,,,Estadio Campeón del Siglo,Andrés Rojas,,https://fbref.com/en/matches/5e27e9f5/Penarol-The-Strongest-May-17-2018-Copa-Libertadores,uy,Peñarol,bo,The Strongest
Copa Libertadores de América,M,,2018,,Group stage,6,Tue,2018-05-22,20:30,U de Chile cl,0.0,,br Vasco da Gama,2.0,,,Estadio Nacional Julio Martínez Prádanos,Gery Vargas,,https://fbref.com/en/matches/6586ec8c/Universidad-de-Chile-Vasco-da-Gama-May-22-2018-Copa-Libertadores,cl,U de Chile,br,Vasco da Gama
Copa Libertadores de América,M,,2018,,Group stage,6,Tue,2018-05-22,21:30,Cruzeiro br,2.0,,ar Racing Club,1.0,,,Estádio Governador Magalhães Pinto,Andrés Rojas,,https://fbref.com/en/matches/9cdf2c13/Cruzeiro-Racing-Club-May-22-2018-Copa-Libertadores,br,Cruzeiro,ar,Racing Club
Copa Libertadores de América,M,,2018,,Group stage,6,Wed,2018-05-23,18:15,Cerro Porteño py,3.0,,ve Monagas,2.0,,,Estadio General Pablo Rojas,Fernando Espinoza,,https://fbref.com/en/matches/53c9f0da/Cerro-Porteno-Monagas-May-23-2018-Copa-Libertadores,py,Cerro Porteño,ve,Monagas
Copa Libertadores de América,M,,2018,,Group stage,6,Wed,2018-05-23,19:15,Grêmio br,1.0,,uy Defensor,0.0,,,Arena do Grêmio,Nicolás Gallo,,https://fbref.com/en/matches/d950c3da/Gremio-Defensor-Sporting-May-23-2018-Copa-Libertadores,br,Grêmio,uy,Defensor
Copa Libertadores de América,M,,2018,,Group stage,6,Wed,2018-05-23,19:45,CS Emelec ec,0.0,,co Santa Fe,3.0,,,Estadio Banco del Pacífico,Piero Maza,,https://fbref.com/en/matches/46e5eea7/CS-Emelec-Santa-Fe-May-23-2018-Copa-Libertadores,ec,CS Emelec,co,Santa Fe
Copa Libertadores de América,M,,2018,,Group stage,6,Wed,2018-05-23,21:45,River Plate ar,0.0,,br Flamengo,0.0,,,Estadio Monumental Antonio Vespucio Libe...,Andrés Cunha,,https://fbref.com/en/matches/cca51065/River-Plate-Flamengo-May-23-2018-Copa-Libertadores,ar,River Plate,br,Flamengo
Copa Libertadores de América,M,,2018,,Group stage,6,Thu,2018-05-24,19:15,Santos br,0.0,,pe Real Garcilaso,0.0,,,Estádio Urbano Caldeira,Alexis Herrera,,https://fbref.com/en/matches/dd9459ee/Santos-Real-Garcilaso-May-24-2018-Copa-Libertadores,br,Santos,pe,Real Garcilaso
Copa Libertadores de América,M,,2018,,Group stage,6,Thu,2018-05-24,19:15,Estudiantes–LP ar,3.0,,uy Nacional,1.0,,,Estadio Ciudad de La Plata,Mario Díaz de Vivar,,https://fbref.com/en/matches/3b8fd677/Estudiantes-LP-Nacional-May-24-2018-Copa-Libertadores,ar,Estudiantes–LP,uy,Nacional
Copa Libertadores de América,M,,2018,,Group stage,6,Thu,2018-05-24,19:30,Nacional co,0.0,,cl Colo-Colo,0.0,,,Estadio Atanasio Girardot,Néstor Pitana,,https://fbref.com/en/matches/bdbef5b9/Atletico-Nacional-Colo-Colo-May-24-2018-Copa-Libertadores,co,Nacional,cl,Colo-Colo
Copa Libertadores de América,M,,2018,,Group stage,6,Thu,2018-05-24,20:30,Bolívar bo,2.0,,ec Delfín,1.0,,,Estadio Hernando Siles,Wilton Sampaio,,https://fbref.com/en/matches/f8310573/Bolivar-Delfin-May-24-2018-Copa-Libertadores,bo,Bolívar,ec,Delfín
Copa Libertadores de América,M,,2018,,Group stage,6,Thu,2018-05-24,21:30,Corinthians br,0.0,,co Millonarios,1.0,,,Arena Corinthians,Diego Haro,,https://fbref.com/en/matches/f99aea39/Corinthians-Millonarios-May-24-2018-Copa-Libertadores,br,Corinthians,co,Millonarios
Copa Libertadores de América,M,,2018,,Group stage,6,Thu,2018-05-24,21:30,Independiente ar,2.0,,ve Deportivo Lara,0.0,,,Estadio Libertadores de América,Eber Aguino,,https://fbref.com/en/matches/252a36c0/Independiente-Deportivo-Lara-May-24-2018-Copa-Libertadores,ar,Independiente,ve,Deportivo Lara
Copa Libertadores de América,M,,2019,,Round of 16,,Tue,2019-07-23,19:15,River Plate ar,0.0,2.8,br Cruzeiro,0.0,0.2,,Estadio Monumental Antonio Vespucio Libe...,Julio Bascuñán,Leg 1 of 2,https://fbref.com/en/matches/41c82796/River-Plate-Cruzeiro-July-23-2019-Copa-Libertadores,ar,River Plate,br,Cruzeiro
Copa Libertadores de América,M,,2019,,Round of 16,,Tue,2019-07-23,19:30,LDU de Quito ec,3.0,2.6,py Olimpia,1.0,0.7,,Estadio de Liga Deportiva Universitaria,Patricio Loustau,Leg 1 of 2,https://fbref.com/en/matches/461449b7/LDU-de-Quito-Club-Olimpia-July-23-2019-Copa-Libertadores,ec,LDU de Quito,py,Olimpia
Copa Libertadores de América,M,,2019,,Round of 16,,Tue,2019-07-23,21:30,Godoy Cruz ar,2.0,2.7,br Palmeiras,2.0,1.7,,Estadio Malvinas Argentinas,Wilmar Roldán,Leg 1 of 2,https://fbref.com/en/matches/41faa6af/Godoy-Cruz-Palmeiras-July-23-2019-Copa-Libertadores,ar,Godoy Cruz,br,Palmeiras
Copa Libertadores de América,M,,2019,,Round of 16,,Wed,2019-07-24,19:15,Nacional uy,0.0,1.1,br Internacional,1.0,0.6,,Estadio Gran Parque Central,Néstor Pitana,Leg 1 of 2,https://fbref.com/en/matches/a1208eae/Nacional-Internacional-July-24-2019-Copa-Libertadores,uy,Nacional,br,Internacional
Copa Libertadores de América,M,,2019,,Round of 16,,Wed,2019-07-24,19:15,San Lorenzo ar,0.0,0.6,py Cerro Porteño,0.0,1.3,,Estadio Pedro Bidegaín,Roberto Tobar,Leg 1 of 2,https://fbref.com/en/matches/cda01f32/San-Lorenzo-Cerro-Porteno-July-24-2019-Copa-Libertadores,ar,San Lorenzo,py,Cerro Porteño
Copa Libertadores de América,M,,2019,,Round of 16,,Wed,2019-07-24,19:30,CS Emelec ec,2.0,0.3,br Flamengo,0.0,0.8,,Estadio Banco del Pacífico,Fernando Rapallini,Leg 1 of 2,https://fbref.com/en/matches/68a82fd5/CS-Emelec-Flamengo-July-24-2019-Copa-Libertadores,ec,CS Emelec,br,Flamengo
Copa Libertadores de América,M,,2019,,Round of 16,,Wed,2019-07-24,21:30,Ath Paranaense br,0.0,1.4,ar Boca Juniors,1.0,0.6,,Estádio Joaquim Américo Guimarães,Daniel Fedorczuk,Leg 1 of 2,https://fbref.com/en/matches/d9b13993/Athletico-Paranaense-Boca-Juniors-July-24-2019-Copa-Libertadores,br,Ath Paranaense,ar,Boca Juniors
Copa Libertadores de América,M,,2019,,Round of 16,,Thu,2019-07-25,21:30,Grêmio br,2.0,2.1,py Libertad,0.0,0.3,,Arena do Grêmio,Esteban Ostojich,Leg 1 of 2,https://fbref.com/en/matches/7c60cbec/Gremio-Libertad-July-25-2019-Copa-Libertadores,br,Grêmio,py,Libertad
Copa Libertadores de América,M,,2019,,Round of 16,,Tue,2019-07-30,19:15,Cruzeiro br,0.0,0.9,ar River Plate,0.0,1.1,,Estádio Governador Magalhães Pinto,Roberto Tobar,Leg 2 of 2; River Plate won; River Plate won on penalty kicks following extra time,https://fbref.com/en/matches/4a8045c6/Cruzeiro-River-Plate-July-30-2019-Copa-Libertadores,br,Cruzeiro,ar,River Plate
Copa Libertadores de América,M,,2019,,Round of 16,,Tue,2019-07-30,20:30,Olimpia py,1.0,4.0,ec LDU de Quito,1.0,0.4,,Estadio Defensores del Chaco,Diego Haro,Leg 2 of 2; LDU de Quito won,https://fbref.com/en/matches/0972cf11/Club-Olimpia-LDU-de-Quito-July-30-2019-Copa-Libertadores,py,Olimpia,ec,LDU de Quito
Copa Libertadores de América,M,,2019,,Round of 16,,Tue,2019-07-30,21:30,Palmeiras br,4.0,3.3,ar Godoy Cruz,0.0,0.2,,Allianz Parque,Esteban Ostojich,Leg 2 of 2; Palmeiras won,https://fbref.com/en/matches/3e094890/Palmeiras-Godoy-Cruz-July-30-2019-Copa-Libertadores,br,Palmeiras,ar,Godoy Cruz
Copa Libertadores de América,M,,2019,,Round of 16,,Wed,2019-07-31,18:15,Cerro Porteño py,2.0,2.3,ar San Lorenzo,1.0,1.7,,Estadio General Pablo Rojas,Wilmar Roldán,Leg 2 of 2; Cerro Porteño won,https://fbref.com/en/matches/e0d1a0ac/Cerro-Porteno-San-Lorenzo-July-31-2019-Copa-Libertadores,py,Cerro Porteño,ar,San Lorenzo
Copa Libertadores de América,M,,2019,,Round of 16,,Wed,2019-07-31,19:15,Internacional br,2.0,2.4,uy Nacional,0.0,0.5,,Estádio José Pinheiro Borba,Fernando Rapallini,Leg 2 of 2; Internacional won,https://fbref.com/en/matches/bbd34bc7/Internacional-Nacional-July-31-2019-Copa-Libertadores,br,Internacional,uy,Nacional
Copa Libertadores de América,M,,2019,,Round of 16,,Wed,2019-07-31,21:30,Boca Juniors ar,2.0,2.4,br Ath Paranaense,0.0,0.2,,Estadio Alberto José Armando,Julio Bascuñán,Leg 2 of 2; Boca Juniors won,https://fbref.com/en/matches/3d327d15/Boca-Juniors-Athletico-Paranaense-July-31-2019-Copa-Libertadores,ar,Boca Juniors,br,Ath Paranaense
Copa Libertadores de América,M,,2019,,Round of 16,,Wed,2019-07-31,21:30,Flamengo br,2.0,2.7,ec CS Emelec,2.0,0.5,,Estadio Jornalista Mário Filho,Néstor Pitana,Leg 2 of 2; Flamengo won; Flamengo won on penalty kicks following extra time,https://fbref.com/en/matches/164fb2e3/Flamengo-CS-Emelec-July-31-2019-Copa-Libertadores,br,Flamengo,ec,CS Emelec
Copa Libertadores de América,M,,2019,,Round of 16,,Thu,2019-08-01,20:30,Libertad py,0.0,1.2,br Grêmio,3.0,1.5,,Estadio Defensores del Chaco,Víctor Carrillo,Leg 2 of 2; Grêmio won,https://fbref.com/en/matches/54afd80b/Libertad-Gremio-August-1-2019-Copa-Libertadores,py,Libertad,br,Grêmio
Copa Libertadores de América,M,,2019,,Quarter-finals,,Tue,2019-08-20,21:30,Grêmio br,0.0,0.6,br Palmeiras,1.0,0.7,,Arena do Grêmio,Patricio Loustau,Leg 1 of 2,https://fbref.com/en/matches/f5dc4774/Gremio-Palmeiras-August-20-2019-Copa-Libertadores,br,Grêmio,br,Palmeiras
Copa Libertadores de América,M,,2019,,Quarter-finals,,Wed,2019-08-21,17:15,LDU de Quito ec,0.0,0.5,ar Boca Juniors,3.0,1.7,,Estadio de Liga Deportiva Universitaria,Wilmar Roldán,Leg 1 of 2,https://fbref.com/en/matches/372e3457/LDU-de-Quito-Boca-Juniors-August-21-2019-Copa-Libertadores,ec,LDU de Quito,ar,Boca Juniors
Copa Libertadores de América,M,,2019,,Quarter-finals,,Wed,2019-08-21,21:30,Flamengo br,2.0,1.4,br Internacional,0.0,0.6,,Estadio Jornalista Mário Filho,Roberto Tobar,Leg 1 of 2,https://fbref.com/en/matches/7e59a54e/Flamengo-Internacional-August-21-2019-Copa-Libertadores,br,Flamengo,br,Internacional
Copa Libertadores de América,M,,2019,,Quarter-finals,,Thu,2019-08-22,19:15,River Plate ar,2.0,3.3,py Cerro Porteño,0.0,0.8,,Estadio Monumental Antonio Vespucio Libe...,Víctor Carrillo,Leg 1 of 2,https://fbref.com/en/matches/48784fa8/River-Plate-Cerro-Porteno-August-22-2019-Copa-Libertadores,ar,River Plate,py,Cerro Porteño
Copa Libertadores de América,M,,2019,,Quarter-finals,,Tue,2019-08-27,21:30,Palmeiras br,1.0,1.8,br Grêmio,2.0,0.9,,Allianz Parque,Néstor Pitana,Leg 2 of 2; Grêmio won,https://fbref.com/en/matches/b612f1ab/Palmeiras-Gremio-August-27-2019-Copa-Libertadores,br,Palmeiras,br,Grêmio
Copa Libertadores de América,M,,2019,,Quarter-finals,,Wed,2019-08-28,19:15,Boca Juniors ar,0.0,1.7,ec LDU de Quito,0.0,0.3,,Estadio Alberto José Armando,Wilton Sampaio,Leg 2 of 2; Boca Juniors won,https://fbref.com/en/matches/b2f58f8b/Boca-Juniors-LDU-de-Quito-August-28-2019-Copa-Libertadores,ar,Boca Juniors,ec,LDU de Quito
Copa Libertadores de América,M,,2019,,Quarter-finals,,Wed,2019-08-28,21:30,Internacional br,1.0,0.5,br Flamengo,1.0,1.5,,Estádio José Pinheiro Borba,Patricio Loustau,Leg 2 of 2; Flamengo won,https://fbref.com/en/matches/5c28f6ff/Internacional-Flamengo-August-28-2019-Copa-Libertadores,br,Internacional,br,Flamengo
Copa Libertadores de América,M,,2019,,Quarter-finals,,Thu,2019-08-29,18:15,Cerro Porteño py,1.0,0.9,ar River Plate,1.0,1.5,,Estadio General Pablo Rojas,Julio Bascuñán,Leg 2 of 2; River Plate won,https://fbref.com/en/matches/86d8b6b2/Cerro-Porteno-River-Plate-August-29-2019-Copa-Libertadores,py,Cerro Porteño,ar,River Plate
Copa Libertadores de América,M,,2019,,Semi-finals,,Tue,2019-10-01,21:30,River Plate ar,2.0,2.0,ar Boca Juniors,0.0,1.0,,Estadio Monumental Antonio Vespucio Libe...,Raphael Claus,Leg 1 of 2,https://fbref.com/en/matches/f775c3b2/Superclasico-River-Plate-Boca-Juniors-October-1-2019-Copa-Libertadores,ar,River Plate,ar,Boca Juniors
Copa Libertadores de América,M,,2019,,Semi-finals,,Wed,2019-10-02,21:30,Grêmio br,1.0,1.2,br Flamengo,1.0,1.3,,Arena do Grêmio,Néstor Pitana,Leg 1 of 2,https://fbref.com/en/matches/ea5bc76b/Gremio-Flamengo-October-2-2019-Copa-Libertadores,br,Grêmio,br,Flamengo
Copa Libertadores de América,M,,2019,,Semi-finals,,Tue,2019-10-22,21:30,Boca Juniors ar,1.0,1.9,ar River Plate,0.0,0.3,,Estadio Alberto José Armando,Wilton Sampaio,Leg 2 of 2; River Plate won,https://fbref.com/en/matches/0ea22023/Superclasico-Boca-Juniors-River-Plate-October-22-2019-Copa-Libertadores,ar,Boca Juniors,ar,River Plate
Copa Libertadores de América,M,,2019,,Semi-finals,,Wed,2019-10-23,21:30,Flamengo br,5.0,3.0,br Grêmio,0.0,0.9,,Estadio Jornalista Mário Filho,Patricio Loustau,Leg 2 of 2; Flamengo won,https://fbref.com/en/matches/3c630cba/Flamengo-Gremio-October-23-2019-Copa-Libertadores,br,Flamengo,br,Grêmio
Copa Libertadores de América,M,,2019,,Final,,Sat,2019-11-23,15:00,Flamengo br,2.0,2.2,ar River Plate,1.0,0.5,,Estadio Monumental (Neutral Site),Roberto Tobar,,https://fbref.com/en/matches/78257413/Flamengo-River-Plate-November-23-2019-Copa-Libertadores,br,Flamengo,ar,River Plate
Copa Libertadores de América,M,,2019,,Group stage,1,Tue,2019-03-05,17:15,Melgar pe,0.0,0.6,ar San Lorenzo,0.0,0.2,,Estadio de la Universidad Nacional San A...,Alexis Herrera,,https://fbref.com/en/matches/4d271124/Melgar-San-Lorenzo-March-5-2019-Copa-Libertadores,pe,Melgar,ar,San Lorenzo
Copa Libertadores de América,M,,2019,,Group stage,1,Tue,2019-03-05,18:15,San José bo,0.0,1.2,br Flamengo,1.0,1.3,,Estadio Jesús Bermúdez,Néstor Pitana,,https://fbref.com/en/matches/7f2b0522/San-Jose-Flamengo-March-5-2019-Copa-Libertadores,bo,San José,br,Flamengo
Copa Libertadores de América,M,,2019,,Group stage,1,Tue,2019-03-05,19:15,Godoy Cruz ar,0.0,1.0,py Olimpia,0.0,0.3,,Estadio Malvinas Argentinas,Raphael Claus,,https://fbref.com/en/matches/98ade54d/Godoy-Cruz-Club-Olimpia-March-5-2019-Copa-Libertadores,ar,Godoy Cruz,py,Olimpia
Copa Libertadores de América,M,,2019,,Group stage,1,Tue,2019-03-05,19:30,Tolima co,1.0,2.3,br Ath Paranaense,0.0,1.0,,Estadio Manuel Murillo Toro,Piero Maza,,https://fbref.com/en/matches/53b9af88/Tolima-Athletico-Paranaense-March-5-2019-Copa-Libertadores,co,Tolima,br,Ath Paranaense
Copa Libertadores de América,M,,2019,,Group stage,1,Tue,2019-03-05,20:30,Wilstermann bo,0.0,1.2,ar Boca Juniors,0.0,0.7,,Estadio Félix Capriles,Julio Bascuñán,,https://fbref.com/en/matches/e4d0b6f3/Jorge-Wilstermann-Boca-Juniors-March-5-2019-Copa-Libertadores,bo,Wilstermann,ar,Boca Juniors
Copa Libertadores de América,M,,2019,,Group stage,1,Tue,2019-03-05,21:30,Libertad py,4.0,2.3,cl Univ Católica,1.0,1.4,,Estadio Dr. Nicolás Leoz,Jesús Valenzuela,,https://fbref.com/en/matches/7df3a477/Libertad-Universidad-Catolica-March-5-2019-Copa-Libertadores,py,Libertad,cl,Univ Católica
Copa Libertadores de América,M,,2019,,Group stage,1,Wed,2019-03-06,19:15,U Concepción cl,5.0,2.7,pe Sporting Cristal,4.0,1.1,,Estadio Municipal Alcaldesa Ester Roa Re...,Nicolás Gallo,,https://fbref.com/en/matches/de79a15b/Universidad-de-Concepcion-Sporting-Cristal-March-6-2019-Copa-Libertadores,cl,U Concepción,pe,Sporting Cristal
Copa Libertadores de América,M,,2019,,Group stage,1,Wed,2019-03-06,19:15,Palestino cl,0.0,0.8,br Internacional,1.0,1.3,,Estadio San Carlos de Apoquindo,Mario Díaz de Vivar,,https://fbref.com/en/matches/072b29c0/Palestino-Internacional-March-6-2019-Copa-Libertadores,cl,Palestino,br,Internacional
Copa Libertadores de América,M,,2019,,Group stage,1,Wed,2019-03-06,19:15,Atlético Mineiro br,0.0,1.2,py Cerro Porteño,1.0,0.8,,Estádio Raimundo Sampaio,Mauro Vigliano,,https://fbref.com/en/matches/dd31f0a0/Atletico-Mineiro-Cerro-Porteno-March-6-2019-Copa-Libertadores,br,Atlético Mineiro,py,Cerro Porteño
Copa Libertadores de América,M,,2019,,Group stage,1,Wed,2019-03-06,19:30,Junior co,0.0,0.7,br Palmeiras,2.0,1.3,,Estadio Metropolitano Roberto Meléndez,Daniel Fedorczuk,,https://fbref.com/en/matches/25ad5d4d/Junior-Palmeiras-March-6-2019-Copa-Libertadores,co,Junior,br,Palmeiras
Copa Libertadores de América,M,,2019,,Group stage,1,Wed,2019-03-06,19:30,Alianza Lima pe,1.0,0.7,ar River Plate,1.0,1.9,,Estadio Alejandro Villanueva,Wilmar Roldán,,https://fbref.com/en/matches/d9fb3c80/Alianza-Lima-River-Plate-March-6-2019-Copa-Libertadores,pe,Alianza Lima,ar,River Plate
Copa Libertadores de América,M,,2019,,Group stage,1,Wed,2019-03-06,20:30,Zamora ve,0.0,0.9,uy Nacional,1.0,1.6,,Estadio Rafael Agustín Tovar,Víctor Carrillo,,https://fbref.com/en/matches/f673ae1b/Zamora-Nacional-March-6-2019-Copa-Libertadores,ve,Zamora,uy,Nacional
Copa Libertadores de América,M,,2019,,Group stage,1,Wed,2019-03-06,21:30,Rosario Central ar,1.0,1.1,br Grêmio,1.0,2.0,,Estadio Dr. Lisandro de la Torre,Roddy Zambrano,,https://fbref.com/en/matches/8c41d240/Rosario-Central-Gremio-March-6-2019-Copa-Libertadores,ar,Rosario Central,br,Grêmio
Copa Libertadores de América,M,,2019,,Group stage,1,Thu,2019-03-07,19:00,Huracán ar,0.0,1.5,br Cruzeiro,1.0,0.6,,Estadio Tomás Adolfo Ducó,Diego Haro,,https://fbref.com/en/matches/22f96bcd/Huracan-Cruzeiro-March-7-2019-Copa-Libertadores,ar,Huracán,br,Cruzeiro
Copa Libertadores de América,M,,2019,,Group stage,1,Thu,2019-03-07,19:00,LDU de Quito ec,2.0,3.9,uy Peñarol,0.0,1.0,,Estadio de Liga Deportiva Universitaria,Fernando Rapallini,,https://fbref.com/en/matches/d07cbd38/LDU-de-Quito-Penarol-March-7-2019-Copa-Libertadores,ec,LDU de Quito,uy,Peñarol
Copa Libertadores de América,M,,2019,,Group stage,1,Fri,2019-03-08,15:00,Deportivo Lara ve,0.0,0.2,ec CS Emelec,0.0,1.0,,Estadio Metropolitano de Fútbol de Lara,Gery Vargas,,https://fbref.com/en/matches/8317cdff/Deportivo-Lara-CS-Emelec-March-8-2019-Copa-Libertadores,ve,Deportivo Lara,ec,CS Emelec
Copa Libertadores de América,M,,2019,,Group stage,2,Tue,2019-03-12,19:15,Palmeiras br,3.0,2.4,pe Melgar,0.0,0.3,,Allianz Parque,Mario Díaz de Vivar,,https://fbref.com/en/matches/51712912/Palmeiras-Melgar-March-12-2019-Copa-Libertadores,br,Palmeiras,pe,Melgar
Copa Libertadores de América,M,,2019,,Group stage,2,Tue,2019-03-12,19:15,Olimpia py,1.0,2.8,cl U Concepción,1.0,0.8,,Estadio Defensores del Chaco,Wilton Sampaio,,https://fbref.com/en/matches/93c08d60/Club-Olimpia-Universidad-de-Concepcion-March-12-2019-Copa-Libertadores,py,Olimpia,cl,U Concepción
Copa Libertadores de América,M,,2019,,Group stage,2,Tue,2019-03-12,19:15,Boca Juniors ar,3.0,1.6,co Tolima,0.0,0.7,,Estadio Alberto José Armando,Esteban Ostojich,,https://fbref.com/en/matches/97bed184/Boca-Juniors-Tolima-March-12-2019-Copa-Libertadores,ar,Boca Juniors,co,Tolima
Copa Libertadores de América,M,,2019,,Group stage,2,Tue,2019-03-12,19:30,Sporting Cristal pe,1.0,1.7,ar Godoy Cruz,1.0,0.5,,Estadio Nacional,Anderson Daronco,,https://fbref.com/en/matches/1828581d/Sporting-Cristal-Godoy-Cruz-March-12-2019-Copa-Libertadores,pe,Sporting Cristal,ar,Godoy Cruz
Copa Libertadores de América,M,,2019,,Group stage,2,Tue,2019-03-12,21:30,Grêmio br,0.0,1.2,py Libertad,1.0,1.2,,Arena do Grêmio,Diego Haro,,https://fbref.com/en/matches/267f7276/Gremio-Libertad-March-12-2019-Copa-Libertadores,br,Grêmio,py,Libertad
Copa Libertadores de América,M,,2019,,Group stage,2,Tue,2019-03-12,21:30,Nacional uy,1.0,0.5,br Atlético Mineiro,0.0,0.6,,Estadio Gran Parque Central,Roberto Tobar,,https://fbref.com/en/matches/158f7c6a/Nacional-Atletico-Mineiro-March-12-2019-Copa-Libertadores,uy,Nacional,br,Atlético Mineiro
Copa Libertadores de América,M,,2019,,Group stage,2,Wed,2019-03-13,19:15,Cerro Porteño py,2.0,1.5,ve Zamora,1.0,0.9,,Estadio General Pablo Rojas,Facundo Tello,,https://fbref.com/en/matches/66efb879/Cerro-Porteno-Zamora-March-13-2019-Copa-Libertadores,py,Cerro Porteño,ve,Zamora
Copa Libertadores de América,M,,2019,,Group stage,2,Wed,2019-03-13,19:15,San Lorenzo ar,1.0,1.8,co Junior,0.0,0.8,,Estadio Pedro Bidegaín,Arnaldo Samaniego,,https://fbref.com/en/matches/54b4b085/San-Lorenzo-Junior-March-13-2019-Copa-Libertadores,ar,San Lorenzo,co,Junior
Copa Libertadores de América,M,,2019,,Group stage,2,Wed,2019-03-13,21:30,Univ Católica cl,2.0,2.1,ar Rosario Central,1.0,0.6,,Estadio San Carlos de Apoquindo,Víctor Carrillo,,https://fbref.com/en/matches/fcc088f3/Universidad-Catolica-Rosario-Central-March-13-2019-Copa-Libertadores,cl,Univ Católica,ar,Rosario Central
Copa Libertadores de América,M,,2019,,Group stage,2,Wed,2019-03-13,21:30,Internacional br,2.0,0.8,pe Alianza Lima,0.0,1.0,,Estádio José Pinheiro Borba,Jesús Valenzuela,,https://fbref.com/en/matches/95511b11/Internacional-Alianza-Lima-March-13-2019-Copa-Libertadores,br,Internacional,pe,Alianza Lima
Copa Libertadores de América,M,,2019,,Group stage,2,Wed,2019-03-13,21:30,River Plate ar,0.0,2.1,cl Palestino,0.0,0.6,,Estadio Monumental Antonio Vespucio Libe...,Alexis Herrera,,https://fbref.com/en/matches/ff12935b/River-Plate-Palestino-March-13-2019-Copa-Libertadores,ar,River Plate,cl,Palestino
Copa Libertadores de América,M,,2019,,Group stage,2,Wed,2019-03-13,21:30,Flamengo br,3.0,2.5,ec LDU de Quito,1.0,1.7,,Estadio Jornalista Mário Filho,Germán Delfino,,https://fbref.com/en/matches/d581d957/Flamengo-LDU-de-Quito-March-13-2019-Copa-Libertadores,br,Flamengo,ec,LDU de Quito
Copa Libertadores de América,M,,2019,,Group stage,2,Thu,2019-03-14,19:00,Peñarol uy,4.0,1.6,bo San José,0.0,0.1,,Estadio Campeón del Siglo,José Argote,,https://fbref.com/en/matches/d062ff03/Penarol-San-Jose-March-14-2019-Copa-Libertadores,uy,Peñarol,bo,San José
Copa Libertadores de América,M,,2019,,Group stage,2,Thu,2019-03-14,21:00,Ath Paranaense br,4.0,2.8,bo Wilstermann,0.0,1.1,,Estádio Joaquim Américo Guimarães,Carlos Orbe,,https://fbref.com/en/matches/4e386adb/Athletico-Paranaense-Jorge-Wilstermann-March-14-2019-Copa-Libertadores,br,Ath Paranaense,bo,Wilstermann
Copa Libertadores de América,M,,2019,,Group stage,2,Thu,2019-03-14,21:00,CS Emelec ec,0.0,0.2,ar Huracán,0.0,1.2,,Estadio Banco del Pacífico,Eber Aguino,,https://fbref.com/en/matches/c4bb6f4c/CS-Emelec-Huracan-March-14-2019-Copa-Libertadores,ec,CS Emelec,ar,Huracán
Copa Libertadores de América,M,,2019,,Group stage,2,Wed,2019-03-27,21:30,Cruzeiro br,2.0,2.0,ve Deportivo Lara,0.0,0.9,,Estádio Governador Magalhães Pinto,Piero Maza,,https://fbref.com/en/matches/dfba82b3/Cruzeiro-Deportivo-Lara-March-27-2019-Copa-Libertadores,br,Cruzeiro,ve,Deportivo Lara
Copa Libertadores de América,M,,2019,,Group stage,3,Tue,2019-04-02,18:15,San José bo,3.0,2.7,ec LDU de Quito,3.0,1.0,,Estadio Jesús Bermúdez,Arnaldo Samaniego,,https://fbref.com/en/matches/4ca830a8/San-Jose-LDU-de-Quito-April-2-2019-Copa-Libertadores,bo,San José,ec,LDU de Quito
Copa Libertadores de América,M,,2019,,Group stage,3,Tue,2019-04-02,18:15,Cerro Porteño py,1.0,1.4,uy Nacional,0.0,0.4,,Estadio General Pablo Rojas,Néstor Pitana,,https://fbref.com/en/matches/c200a73c/Cerro-Porteno-Nacional-April-2-2019-Copa-Libertadores,py,Cerro Porteño,uy,Nacional
Copa Libertadores de América,M,,2019,,Group stage,3,Tue,2019-04-02,19:15,San Lorenzo ar,1.0,0.6,br Palmeiras,0.0,0.6,,Estadio Pedro Bidegaín,Julio Bascuñán,,https://fbref.com/en/matches/8ce5ce01/San-Lorenzo-Palmeiras-April-2-2019-Copa-Libertadores,ar,San Lorenzo,br,Palmeiras
Copa Libertadores de América,M,,2019,,Group stage,3,Tue,2019-04-02,19:30,Melgar pe,1.0,3.0,co Junior,0.0,0.6,,Estadio de la Universidad Nacional San A...,Jesús Valenzuela,,https://fbref.com/en/matches/d159e1ac/Melgar-Junior-April-2-2019-Copa-Libertadores,pe,Melgar,co,Junior
Copa Libertadores de América,M,,2019,,Group stage,3,Tue,2019-04-02,21:30,Palestino cl,3.0,2.8,pe Alianza Lima,0.0,0.3,,Estadio San Carlos de Apoquindo,Eber Aguino,,https://fbref.com/en/matches/417dd06f/Palestino-Alianza-Lima-April-2-2019-Copa-Libertadores,cl,Palestino,pe,Alianza Lima
Copa Libertadores de América,M,,2019,,Group stage,3,Tue,2019-04-02,21:30,Ath Paranaense br,3.0,3.3,ar Boca Juniors,0.0,0.7,,Estádio Joaquim Américo Guimarães,Roberto Tobar,,https://fbref.com/en/matches/c10fa3ef/Athletico-Paranaense-Boca-Juniors-April-2-2019-Copa-Libertadores,br,Ath Paranaense,ar,Boca Juniors
Copa Libertadores de América,M,,2019,,Group stage,3,Wed,2019-04-03,19:15,Atlético Mineiro br,3.0,3.8,ve Zamora,2.0,1.7,,Estádio Raimundo Sampaio,Gery Vargas,,https://fbref.com/en/matches/d569163e/Atletico-Mineiro-Zamora-April-3-2019-Copa-Libertadores,br,Atlético Mineiro,ve,Zamora
Copa Libertadores de América,M,,2019,,Group stage,3,Wed,2019-04-03,19:15,U Concepción cl,0.0,1.0,ar Godoy Cruz,0.0,1.9,,Estadio Municipal Alcaldesa Ester Roa Re...,Braulio da Silva Machado,,https://fbref.com/en/matches/e4c96322/Universidad-de-Concepcion-Godoy-Cruz-April-3-2019-Copa-Libertadores,cl,U Concepción,ar,Godoy Cruz
Copa Libertadores de América,M,,2019,,Group stage,3,Wed,2019-04-03,19:15,Internacional br,2.0,0.8,ar River Plate,2.0,1.2,,Estádio José Pinheiro Borba,Esteban Ostojich,,https://fbref.com/en/matches/7855281e/Internacional-River-Plate-April-3-2019-Copa-Libertadores,br,Internacional,ar,River Plate
Copa Libertadores de América,M,,2019,,Group stage,3,Wed,2019-04-03,19:30,Tolima co,2.0,2.8,bo Wilstermann,2.0,0.9,,Estadio Manuel Murillo Toro,Alexis Herrera,,https://fbref.com/en/matches/9e4abdce/Tolima-Jorge-Wilstermann-April-3-2019-Copa-Libertadores,co,Tolima,bo,Wilstermann
Copa Libertadores de América,M,,2019,,Group stage,3,Wed,2019-04-03,19:30,CS Emelec ec,0.0,0.5,br Cruzeiro,1.0,1.4,,Estadio Banco del Pacífico,Víctor Carrillo,,https://fbref.com/en/matches/a32c3554/CS-Emelec-Cruzeiro-April-3-2019-Copa-Libertadores,ec,CS Emelec,br,Cruzeiro
Copa Libertadores de América,M,,2019,,Group stage,3,Wed,2019-04-03,20:30,Deportivo Lara ve,2.0,2.1,ar Huracán,1.0,1.1,,Estadio Metropolitano de Fútbol de Lara,Leodán González,,https://fbref.com/en/matches/a1262179/Deportivo-Lara-Huracan-April-3-2019-Copa-Libertadores,ve,Deportivo Lara,ar,Huracán
Copa Libertadores de América,M,,2019,,Group stage,3,Wed,2019-04-03,21:30,Flamengo br,0.0,0.5,uy Peñarol,1.0,1.2,,Estadio Jornalista Mário Filho,Patricio Loustau,,https://fbref.com/en/matches/e4ab03c0/Flamengo-Penarol-April-3-2019-Copa-Libertadores,br,Flamengo,uy,Peñarol
Copa Libertadores de América,M,,2019,,Group stage,3,Thu,2019-04-04,19:00,Univ Católica cl,1.0,0.7,br Grêmio,0.0,0.3,,Estadio San Carlos de Apoquindo,Wilmar Roldán,,https://fbref.com/en/matches/2a882b4b/Universidad-Catolica-Gremio-April-4-2019-Copa-Libertadores,cl,Univ Católica,br,Grêmio
Copa Libertadores de América,M,,2019,,Group stage,3,Thu,2019-04-04,20:00,Libertad py,2.0,2.4,ar Rosario Central,0.0,0.5,,Estadio Dr. Nicolás Leoz,Carlos Orbe,,https://fbref.com/en/matches/2e62cb91/Libertad-Rosario-Central-April-4-2019-Copa-Libertadores,py,Libertad,ar,Rosario Central
Copa Libertadores de América,M,,2019,,Group stage,3,Thu,2019-04-04,21:00,Sporting Cristal pe,0.0,0.3,py Olimpia,3.0,3.2,,Estadio Nacional,Andrés Rojas,,https://fbref.com/en/matches/112daa9e/Sporting-Cristal-Club-Olimpia-April-4-2019-Copa-Libertadores,pe,Sporting Cristal,py,Olimpia
Copa Libertadores de América,M,,2019,,Group stage,4,Tue,2019-04-09,18:15,Olimpia py,2.0,1.6,ar Godoy Cruz,1.0,0.3,,Estadio Manuel Ferreira,Anderson Daronco,,https://fbref.com/en/matches/8a8a4eaf/Club-Olimpia-Godoy-Cruz-April-9-2019-Copa-Libertadores,py,Olimpia,ar,Godoy Cruz
Copa Libertadores de América,M,,2019,,Group stage,4,Tue,2019-04-09,19:15,Ath Paranaense br,1.0,1.7,co Tolima,0.0,0.2,,Estádio Joaquim Américo Guimarães,Jesús Valenzuela,,https://fbref.com/en/matches/840c9c28/Athletico-Paranaense-Tolima-April-9-2019-Copa-Libertadores,br,Ath Paranaense,co,Tolima
Copa Libertadores de América,M,,2019,,Group stage,4,Tue,2019-04-09,21:30,Internacional br,3.0,2.7,cl Palestino,2.0,1.9,,Estádio José Pinheiro Borba,Carlos Orbe,,https://fbref.com/en/matches/c05ae744/Internacional-Palestino-April-9-2019-Copa-Libertadores,br,Internacional,cl,Palestino
Copa Libertadores de América,M,,2019,,Group stage,4,Tue,2019-04-09,21:30,San Lorenzo ar,2.0,1.6,pe Melgar,0.0,0.4,,Estadio Pedro Bidegaín,Eber Aguino,,https://fbref.com/en/matches/04123de7/San-Lorenzo-Melgar-April-9-2019-Copa-Libertadores,ar,San Lorenzo,pe,Melgar
Copa Libertadores de América,M,,2019,,Group stage,4,Tue,2019-04-09,21:30,Peñarol uy,1.0,1.2,ec LDU de Quito,0.0,0.5,,Estadio Campeón del Siglo,Alexis Herrera,,https://fbref.com/en/matches/466adea4/Penarol-LDU-de-Quito-April-9-2019-Copa-Libertadores,uy,Peñarol,ec,LDU de Quito
Copa Libertadores de América,M,,2019,,Group stage,4,Wed,2019-04-10,17:15,Sporting Cristal pe,2.0,2.3,cl U Concepción,0.0,1.4,,Estadio Alberto Gallardo,Leodán González,,https://fbref.com/en/matches/bfe1385f/Sporting-Cristal-Universidad-de-Concepcion-April-10-2019-Copa-Libertadores,pe,Sporting Cristal,cl,U Concepción
Copa Libertadores de América,M,,2019,,Group stage,4,Wed,2019-04-10,18:15,Cerro Porteño py,4.0,1.6,br Atlético Mineiro,1.0,1.4,,Estadio General Pablo Rojas,Wilmar Roldán,,https://fbref.com/en/matches/ffe92e19/Cerro-Porteno-Atletico-Mineiro-April-10-2019-Copa-Libertadores,py,Cerro Porteño,br,Atlético Mineiro
Copa Libertadores de América,M,,2019,,Group stage,4,Wed,2019-04-10,19:15,Nacional uy,1.0,2.7,ve Zamora,0.0,1.5,,Estadio Gran Parque Central,Fernando Espinoza,,https://fbref.com/en/matches/6b37acad/Nacional-Zamora-April-10-2019-Copa-Libertadores,uy,Nacional,ve,Zamora
Copa Libertadores de América,M,,2019,,Group stage,4,Wed,2019-04-10,19:15,Cruzeiro br,4.0,1.7,ar Huracán,0.0,1.9,,Estádio Governador Magalhães Pinto,Julio Bascuñán,,https://fbref.com/en/matches/e2b29760/Cruzeiro-Huracan-April-10-2019-Copa-Libertadores,br,Cruzeiro,ar,Huracán
Copa Libertadores de América,M,,2019,,Group stage,4,Wed,2019-04-10,20:30,Univ Católica cl,2.0,0.9,py Libertad,3.0,2.3,,Estadio San Carlos de Apoquindo,Gery Vargas,,https://fbref.com/en/matches/70a89683/Universidad-Catolica-Libertad-April-10-2019-Copa-Libertadores,cl,Univ Católica,py,Libertad
Copa Libertadores de América,M,,2019,,Group stage,4,Wed,2019-04-10,21:30,Boca Juniors ar,4.0,3.5,bo Wilstermann,0.0,0.6,,Estadio Alberto José Armando,Diego Haro,,https://fbref.com/en/matches/061fc495/Boca-Juniors-Jorge-Wilstermann-April-10-2019-Copa-Libertadores,ar,Boca Juniors,bo,Wilstermann
Copa Libertadores de América,M,,2019,,Group stage,4,Wed,2019-04-10,21:30,Palmeiras br,3.0,2.6,co Junior,0.0,0.4,,Allianz Parque,Roberto Tobar,,https://fbref.com/en/matches/af60d688/Palmeiras-Junior-April-10-2019-Copa-Libertadores,br,Palmeiras,co,Junior
Copa Libertadores de América,M,,2019,,Group stage,4,Wed,2019-04-10,21:30,Grêmio br,3.0,2.3,ar Rosario Central,1.0,1.1,,Arena do Grêmio,Andrés Rojas,,https://fbref.com/en/matches/6bde0ef6/Gremio-Rosario-Central-April-10-2019-Copa-Libertadores,br,Grêmio,ar,Rosario Central
Copa Libertadores de América,M,,2019,,Group stage,4,Thu,2019-04-11,19:00,River Plate ar,3.0,3.0,pe Alianza Lima,0.0,0.1,,Estadio Monumental Antonio Vespucio Libe...,Mario Díaz de Vivar,,https://fbref.com/en/matches/7b835fcd/River-Plate-Alianza-Lima-April-11-2019-Copa-Libertadores,ar,River Plate,pe,Alianza Lima
Copa Libertadores de América,M,,2019,,Group stage,4,Thu,2019-04-11,21:00,Flamengo br,6.0,5.7,bo San José,1.0,0.9,,Estadio Jornalista Mário Filho,Piero Maza,,https://fbref.com/en/matches/4035e430/Flamengo-San-Jose-April-11-2019-Copa-Libertadores,br,Flamengo,bo,San José
Copa Libertadores de América,M,,2019,,Group stage,4,Thu,2019-04-11,21:00,CS Emelec ec,2.0,2.4,ve Deportivo Lara,2.0,2.1,,Estadio Banco del Pacífico,Esteban Ostojich,,https://fbref.com/en/matches/bb138eb1/CS-Emelec-Deportivo-Lara-April-11-2019-Copa-Libertadores,ec,CS Emelec,ve,Deportivo Lara
Copa Libertadores de América,M,,2019,,Group stage,5,Tue,2019-04-23,16:00,Deportivo Lara ve,0.0,0.4,br Cruzeiro,2.0,1.3,,Estadio Metropolitano de Fútbol de Lara,Gery Vargas,,https://fbref.com/en/matches/8c40093e/Deportivo-Lara-Cruzeiro-April-23-2019-Copa-Libertadores,ve,Deportivo Lara,br,Cruzeiro
Copa Libertadores de América,M,,2019,,Group stage,5,Tue,2019-04-23,18:15,Libertad py,0.0,1.0,br Grêmio,2.0,1.2,,Estadio Dr. Nicolás Leoz,Alexis Herrera,,https://fbref.com/en/matches/38e53347/Libertad-Gremio-April-23-2019-Copa-Libertadores,py,Libertad,br,Grêmio
Copa Libertadores de América,M,,2019,,Group stage,5,Tue,2019-04-23,18:15,U Concepción cl,3.0,2.1,py Olimpia,3.0,1.7,,Estadio Municipal Alcaldesa Ester Roa Re...,Wilmar Roldán,,https://fbref.com/en/matches/4c2514d4/Universidad-de-Concepcion-Club-Olimpia-April-23-2019-Copa-Libertadores,cl,U Concepción,py,Olimpia
Copa Libertadores de América,M,,2019,,Group stage,5,Tue,2019-04-23,19:15,Huracán ar,1.0,2.5,ec CS Emelec,2.0,0.7,,Estadio Tomás Adolfo Ducó,Arnaldo Samaniego,,https://fbref.com/en/matches/9c81ab0e/Huracan-CS-Emelec-April-23-2019-Copa-Libertadores,ar,Huracán,ec,CS Emelec
Copa Libertadores de América,M,,2019,,Group stage,5,Tue,2019-04-23,21:30,Godoy Cruz ar,2.0,2.3,pe Sporting Cristal,0.0,1.7,,Estadio Malvinas Argentinas,Jesús Valenzuela,,https://fbref.com/en/matches/4e258629/Godoy-Cruz-Sporting-Cristal-April-23-2019-Copa-Libertadores,ar,Godoy Cruz,pe,Sporting Cristal
Copa Libertadores de América,M,,2019,,Group stage,5,Tue,2019-04-23,21:30,Atlético Mineiro br,0.0,1.3,uy Nacional,1.0,0.5,,Estádio Raimundo Sampaio,Fernando Rapallini,,https://fbref.com/en/matches/8058f885/Atletico-Mineiro-Nacional-April-23-2019-Copa-Libertadores,br,Atlético Mineiro,uy,Nacional
Copa Libertadores de América,M,,2019,,Group stage,5,Wed,2019-04-24,18:15,Rosario Central ar,1.0,1.4,cl Univ Católica,1.0,0.4,,El Gigante de Arroyito,Esteban Ostojich,,https://fbref.com/en/matches/3d6ebf73/Rosario-Central-Universidad-Catolica-April-24-2019-Copa-Libertadores,ar,Rosario Central,cl,Univ Católica
Copa Libertadores de América,M,,2019,,Group stage,5,Wed,2019-04-24,18:15,Palestino cl,0.0,1.0,ar River Plate,2.0,2.2,,Estadio Municipal de La Cisterna,Andrés Rojas,,https://fbref.com/en/matches/0f476a52/Palestino-River-Plate-April-24-2019-Copa-Libertadores,cl,Palestino,ar,River Plate
Copa Libertadores de América,M,,2019,,Group stage,5,Wed,2019-04-24,18:15,Wilstermann bo,3.0,2.7,br Ath Paranaense,2.0,1.6,,Estadio Félix Capriles,Mario Díaz de Vivar,,https://fbref.com/en/matches/a2b635db/Jorge-Wilstermann-Athletico-Paranaense-April-24-2019-Copa-Libertadores,bo,Wilstermann,br,Ath Paranaense
Copa Libertadores de América,M,,2019,,Group stage,5,Wed,2019-04-24,19:30,Tolima co,2.0,1.3,ar Boca Juniors,2.0,2.2,,Estadio Manuel Murillo Toro,Víctor Carrillo,,https://fbref.com/en/matches/a64fb4ad/Tolima-Boca-Juniors-April-24-2019-Copa-Libertadores,co,Tolima,ar,Boca Juniors
Copa Libertadores de América,M,,2019,,Group stage,5,Wed,2019-04-24,19:30,Alianza Lima pe,0.0,0.3,br Internacional,1.0,1.3,,Estadio Alejandro Villanueva,Raúl Orosco,,https://fbref.com/en/matches/a5a0b833/Alianza-Lima-Internacional-April-24-2019-Copa-Libertadores,pe,Alianza Lima,br,Internacional
Copa Libertadores de América,M,,2019,,Group stage,5,Wed,2019-04-24,20:30,San José bo,3.0,4.0,uy Peñarol,1.0,1.2,,Estadio Jesús Bermúdez,Germán Delfino,,https://fbref.com/en/matches/4a147933/San-Jose-Penarol-April-24-2019-Copa-Libertadores,bo,San José,uy,Peñarol
Copa Libertadores de América,M,,2019,,Group stage,5,Thu,2019-04-25,01:30,LDU de Quito ec,2.0,2.0,br Flamengo,1.0,0.5,,Estádio Municipal de Figueira de Castelo...,Néstor Pitana,,https://fbref.com/en/matches/fe99e6c5/LDU-de-Quito-Flamengo-April-25-2019-Copa-Libertadores,ec,LDU de Quito,br,Flamengo
Copa Libertadores de América,M,,2019,,Group stage,5,Thu,2019-04-25,16:00,Zamora ve,2.0,1.9,py Cerro Porteño,1.0,0.4,,Estadio Rafael Agustín Tovar,Guillermo Guerrero,,https://fbref.com/en/matches/4bbb971c/Zamora-Cerro-Porteno-April-25-2019-Copa-Libertadores,ve,Zamora,py,Cerro Porteño
Copa Libertadores de América,M,,2019,,Group stage,5,Thu,2019-04-25,19:00,Junior co,1.0,0.7,ar San Lorenzo,0.0,1.2,,Estadio Metropolitano Roberto Meléndez,Leodán González,,https://fbref.com/en/matches/07036160/Junior-San-Lorenzo-April-25-2019-Copa-Libertadores,co,Junior,ar,San Lorenzo
Copa Libertadores de América,M,,2019,,Group stage,5,Thu,2019-04-25,21:00,Melgar pe,0.0,1.2,br Palmeiras,4.0,3.0,,Estadio de la Universidad Nacional San A...,Carlos Orbe,,https://fbref.com/en/matches/ee6a8308/Melgar-Palmeiras-April-25-2019-Copa-Libertadores,pe,Melgar,br,Palmeiras
Copa Libertadores de América,M,,2019,,Group stage,6,Tue,2019-05-07,18:15,Zamora ve,1.0,1.5,br Atlético Mineiro,2.0,1.2,,Estadio Rafael Agustín Tovar,Carlos Mario Herrera,,https://fbref.com/en/matches/a2dd7e16/Zamora-Atletico-Mineiro-May-7-2019-Copa-Libertadores,ve,Zamora,br,Atlético Mineiro
Copa Libertadores de América,M,,2019,,Group stage,6,Tue,2019-05-07,19:15,Nacional uy,1.0,0.7,py Cerro Porteño,1.0,0.6,,Estadio Gran Parque Central,Alexis Herrera,,https://fbref.com/en/matches/5365b94a/Nacional-Cerro-Porteno-May-7-2019-Copa-Libertadores,uy,Nacional,py,Cerro Porteño
Copa Libertadores de América,M,,2019,,Group stage,6,Tue,2019-05-07,19:30,Alianza Lima pe,1.0,1.7,cl Palestino,2.0,1.5,,Estadio Alejandro Villanueva,Guillermo Guerrero,,https://fbref.com/en/matches/2c3e2a87/Alianza-Lima-Palestino-May-7-2019-Copa-Libertadores,pe,Alianza Lima,cl,Palestino
Copa Libertadores de América,M,,2019,,Group stage,6,Tue,2019-05-07,21:30,River Plate ar,2.0,1.9,br Internacional,2.0,1.3,,Estadio Monumental Antonio Vespucio Libe...,Piero Maza,,https://fbref.com/en/matches/b887e3fe/River-Plate-Internacional-May-7-2019-Copa-Libertadores,ar,River Plate,br,Internacional
Copa Libertadores de América,M,,2019,,Group stage,6,Wed,2019-05-08,19:15,Rosario Central ar,2.0,0.9,py Libertad,1.0,1.7,,Estadio Dr. Lisandro de la Torre,Ángel Arteaga,,https://fbref.com/en/matches/54b47952/Rosario-Central-Libertad-May-8-2019-Copa-Libertadores,ar,Rosario Central,py,Libertad
Copa Libertadores de América,M,,2019,,Group stage,6,Wed,2019-05-08,19:15,Huracán ar,3.0,2.4,ve Deportivo Lara,0.0,0.5,,Estadio Tomás Adolfo Ducó,Víctor Carrillo,,https://fbref.com/en/matches/4b1dfca3/Huracan-Deportivo-Lara-May-8-2019-Copa-Libertadores,ar,Huracán,ve,Deportivo Lara
Copa Libertadores de América,M,,2019,,Group stage,6,Wed,2019-05-08,19:15,Cruzeiro br,1.0,0.8,ec CS Emelec,2.0,1.0,,Estádio Governador Magalhães Pinto,Andrés Rojas,,https://fbref.com/en/matches/315cefff/Cruzeiro-CS-Emelec-May-8-2019-Copa-Libertadores,br,Cruzeiro,ec,CS Emelec
Copa Libertadores de América,M,,2019,,Group stage,6,Wed,2019-05-08,19:15,Grêmio br,2.0,1.6,cl Univ Católica,0.0,0.2,,Arena do Grêmio,Néstor Pitana,,https://fbref.com/en/matches/254e577d/Gremio-Universidad-Catolica-May-8-2019-Copa-Libertadores,br,Grêmio,cl,Univ Católica
Copa Libertadores de América,M,,2019,,Group stage,6,Wed,2019-05-08,19:30,Junior co,0.0,2.4,pe Melgar,1.0,1.2,,Estadio Metropolitano Roberto Meléndez,Darío Herrera,,https://fbref.com/en/matches/8a086034/Junior-Melgar-May-8-2019-Copa-Libertadores,co,Junior,pe,Melgar
Copa Libertadores de América,M,,2019,,Group stage,6,Wed,2019-05-08,20:30,LDU de Quito ec,4.0,3.4,bo San José,0.0,0.2,,Estadio Polideportivo Misael Delgado,José Argote,,https://fbref.com/en/matches/e3f670bc/LDU-de-Quito-San-Jose-May-8-2019-Copa-Libertadores,ec,LDU de Quito,bo,San José
Copa Libertadores de América,M,,2019,,Group stage,6,Wed,2019-05-08,21:30,Peñarol uy,0.0,0.8,br Flamengo,0.0,1.5,,Estadio Campeón del Siglo,Roberto Tobar,,https://fbref.com/en/matches/f0f9be89/Penarol-Flamengo-May-8-2019-Copa-Libertadores,uy,Peñarol,br,Flamengo
Copa Libertadores de América,M,,2019,,Group stage,6,Wed,2019-05-08,21:30,Palmeiras br,1.0,1.2,ar San Lorenzo,0.0,0.3,,Allianz Parque,Gery Vargas,,https://fbref.com/en/matches/f552af1d/Palmeiras-San-Lorenzo-May-8-2019-Copa-Libertadores,br,Palmeiras,ar,San Lorenzo
Copa Libertadores de América,M,,2019,,Group stage,6,Thu,2019-05-09,18:15,Olimpia py,0.0,2.1,pe Sporting Cristal,1.0,1.1,,Estadio Manuel Ferreira,Raphael Claus,,https://fbref.com/en/matches/daeade88/Club-Olimpia-Sporting-Cristal-May-9-2019-Copa-Libertadores,py,Olimpia,pe,Sporting Cristal
Copa Libertadores de América,M,,2019,,Group stage,6,Thu,2019-05-09,19:15,Godoy Cruz ar,1.0,2.3,cl U Concepción,0.0,0.5,,Estadio Malvinas Argentinas,Wilton Sampaio,,https://fbref.com/en/matches/4afa9d01/Godoy-Cruz-Universidad-de-Concepcion-May-9-2019-Copa-Libertadores,ar,Godoy Cruz,cl,U Concepción
Copa Libertadores de América,M,,2019,,Group stage,6,Thu,2019-05-09,20:30,Wilstermann bo,0.0,1.1,co Tolima,2.0,1.7,,Estadio Félix Capriles,Arnaldo Samaniego,,https://fbref.com/en/matches/d702143b/Jorge-Wilstermann-Tolima-May-9-2019-Copa-Libertadores,bo,Wilstermann,co,Tolima
Copa Libertadores de América,M,,2019,,Group stage,6,Thu,2019-05-09,21:30,Boca Juniors ar,2.0,2.0,br Ath Paranaense,1.0,0.4,,Estadio Alberto José Armando,Carlos Orbe,,https://fbref.com/en/matches/d233a30e/Boca-Juniors-Athletico-Paranaense-May-9-2019-Copa-Libertadores,ar,Boca Juniors,br,Ath Paranaense
Copa Libertadores de América,M,,2020,,Round of 16,,Tue,2020-11-24,17:15,LDU de Quito ec,1.0,1.4,br Santos,2.0,1.2,,Estadio Rodrigo Paz Delgado,Fernando Rapallini,Leg 1 of 2,https://fbref.com/en/matches/54346953/LDU-de-Quito-Santos-November-24-2020-Copa-Libertadores,ec,LDU de Quito,br,Santos
Copa Libertadores de América,M,,2020,,Round of 16,,Tue,2020-11-24,19:15,Ath Paranaense br,1.0,0.5,ar River Plate,1.0,2.1,,Estádio Joaquim Américo Guimarães,Andrés Rojas,Leg 1 of 2,https://fbref.com/en/matches/ab23d855/Athletico-Paranaense-River-Plate-November-24-2020-Copa-Libertadores,br,Ath Paranaense,ar,River Plate
Copa Libertadores de América,M,,2020,,Round of 16,,Tue,2020-11-24,21:30,Racing Club ar,1.0,1.5,br Flamengo,1.0,1.0,,Estadio Presidente Juan Domingo Perón,Alexis Herrera,Leg 1 of 2,https://fbref.com/en/matches/ad9a7024/Racing-Club-Flamengo-November-24-2020-Copa-Libertadores,ar,Racing Club,br,Flamengo
Copa Libertadores de América,M,,2020,,Round of 16,,Wed,2020-11-25,17:15,Delfín ec,1.0,0.4,br Palmeiras,3.0,2.5,,Estadio Jocay,Leodán González,Leg 1 of 2,https://fbref.com/en/matches/0ff251f5/Delfin-Palmeiras-November-25-2020-Copa-Libertadores,ec,Delfín,br,Palmeiras
Copa Libertadores de América,M,,2020,,Round of 16,,Wed,2020-11-25,17:15,Independiente ec,0.0,3.2,uy Nacional,0.0,0.8,,Estadio Olímpico Atahualpa,Raphael Claus,Leg 1 of 2,https://fbref.com/en/matches/a33c38ae/Independiente-del-Valle-Nacional-November-25-2020-Copa-Libertadores,ec,Independiente,uy,Nacional
Copa Libertadores de América,M,,2020,,Round of 16,,Wed,2020-11-25,21:30,Libertad py,3.0,2.1,bo Wilstermann,1.0,0.5,,Estadio Defensores del Chaco,Anderson Daronco,Leg 1 of 2,https://fbref.com/en/matches/c7dc7b9d/Libertad-Jorge-Wilstermann-November-25-2020-Copa-Libertadores,py,Libertad,bo,Wilstermann
Copa Libertadores de América,M,,2020,,Round of 16,,Thu,2020-11-26,21:30,Guaraní py,0.0,1.1,br Grêmio,2.0,1.5,,Estadio Defensores del Chaco,Guillermo Guerrero,Leg 1 of 2,https://fbref.com/en/matches/4949cca4/Guarani-Gremio-November-26-2020-Copa-Libertadores,py,Guaraní,br,Grêmio
Copa Libertadores de América,M,,2020,,Round of 16,,Tue,2020-12-01,19:15,River Plate ar,1.0,2.4,br Ath Paranaense,0.0,0.5,,Estadio Libertadores de América,Jesús Valenzuela,Leg 2 of 2; River Plate won,https://fbref.com/en/matches/170afc23/River-Plate-Athletico-Paranaense-December-1-2020-Copa-Libertadores,ar,River Plate,br,Ath Paranaense
Copa Libertadores de América,M,,2020,,Round of 16,,Tue,2020-12-01,19:15,Santos br,0.0,1.2,ec LDU de Quito,1.0,0.9,,Estádio Urbano Caldeira,Néstor Pitana,Leg 2 of 2; Santos won,https://fbref.com/en/matches/bcfe45ed/Santos-LDU-de-Quito-December-1-2020-Copa-Libertadores,br,Santos,ec,LDU de Quito
Copa Libertadores de América,M,,2020,,Round of 16,,Tue,2020-12-01,21:30,Flamengo br,1.0,2.1,ar Racing Club,1.0,0.7,,Estadio Jornalista Mário Filho,Roberto Tobar,Leg 2 of 2; Racing Club won; Racing Club won on penalty kicks following extra time,https://fbref.com/en/matches/de98030d/Flamengo-Racing-Club-December-1-2020-Copa-Libertadores,br,Flamengo,ar,Racing Club
Copa Libertadores de América,M,,2020,,Round of 16,,Wed,2020-12-02,19:15,Palmeiras br,5.0,2.8,ec Delfín,0.0,0.6,,Allianz Parque,Darío Herrera,Leg 2 of 2; Palmeiras won,https://fbref.com/en/matches/2c0b6d97/Palmeiras-Delfin-December-2-2020-Copa-Libertadores,br,Palmeiras,ec,Delfín
Copa Libertadores de América,M,,2020,,Round of 16,,Wed,2020-12-02,19:15,Nacional uy,0.0,0.7,ec Independiente,0.0,1.1,,Estadio Gran Parque Central,Juan Benítez,Leg 2 of 2; Nacional won; Nacional won on penalty kicks following extra time,https://fbref.com/en/matches/e2eaad7a/Nacional-Independiente-del-Valle-December-2-2020-Copa-Libertadores,uy,Nacional,ec,Independiente
Copa Libertadores de América,M,,2020,,Round of 16,,Wed,2020-12-02,20:30,Wilstermann bo,0.0,1.6,py Libertad,2.0,0.8,,Estadio Félix Capriles,Patricio Loustau,Leg 2 of 2; Libertad won,https://fbref.com/en/matches/cbd49fc6/Jorge-Wilstermann-Libertad-December-2-2020-Copa-Libertadores,bo,Wilstermann,py,Libertad
Copa Libertadores de América,M,,2020,,Round of 16,,Wed,2020-12-02,21:30,Internacional br,0.0,1.5,ar Boca Juniors,1.0,0.9,,Estádio José Pinheiro Borba,Esteban Ostojich,Leg 1 of 2,https://fbref.com/en/matches/fd510bd4/Internacional-Boca-Juniors-December-2-2020-Copa-Libertadores,br,Internacional,ar,Boca Juniors
Copa Libertadores de América,M,,2020,,Round of 16,,Thu,2020-12-03,21:30,Grêmio br,2.0,2.1,py Guaraní,0.0,0.7,,Arena do Grêmio,Wilmar Roldán,Leg 2 of 2; Grêmio won,https://fbref.com/en/matches/5f346b02/Gremio-Guarani-December-3-2020-Copa-Libertadores,br,Grêmio,py,Guaraní
Copa Libertadores de América,M,,2020,,Quarter-finals,,Tue,2020-12-08,21:30,Libertad py,1.0,1.7,br Palmeiras,1.0,0.5,,Estadio Defensores del Chaco,Fernando Rapallini,Leg 1 of 2,https://fbref.com/en/matches/23e49a9a/Libertad-Palmeiras-December-8-2020-Copa-Libertadores,py,Libertad,br,Palmeiras
Copa Libertadores de América,M,,2020,,Quarter-finals,,Wed,2020-12-09,19:15,Grêmio br,1.0,1.2,br Santos,1.0,1.2,,Arena do Grêmio,Juan Benítez,Leg 1 of 2,https://fbref.com/en/matches/c180963d/Gremio-Santos-December-9-2020-Copa-Libertadores,br,Grêmio,br,Santos
Copa Libertadores de América,M,,2020,,Round of 16,,Wed,2020-12-09,21:30,Boca Juniors ar,0.0,0.5,br Internacional,0.0,1.0,,Estadio Alberto José Armando,Roberto Tobar,Leg 2 of 2; Boca Juniors won; Boca Juniors won on penalty kicks following extra time,https://fbref.com/en/matches/fd504ab4/Boca-Juniors-Internacional-December-9-2020-Copa-Libertadores,ar,Boca Juniors,br,Internacional
Copa Libertadores de América,M,,2020,,Quarter-finals,,Thu,2020-12-10,21:30,River Plate ar,2.0,3.1,uy Nacional,0.0,0.3,,Estadio Libertadores de América,Andrés Rojas,Leg 1 of 2,https://fbref.com/en/matches/c2c72c90/River-Plate-Nacional-December-10-2020-Copa-Libertadores,ar,River Plate,uy,Nacional
Copa Libertadores de América,M,,2020,,Quarter-finals,,Tue,2020-12-15,21:30,Palmeiras br,3.0,3.6,py Libertad,0.0,0.9,,Allianz Parque,Jesús Valenzuela,Leg 2 of 2; Palmeiras won,https://fbref.com/en/matches/260452be/Palmeiras-Libertad-December-15-2020-Copa-Libertadores,br,Palmeiras,py,Libertad
Copa Libertadores de América,M,,2020,,Quarter-finals,,Wed,2020-12-16,19:15,Santos br,4.0,3.3,br Grêmio,1.0,1.8,,Estádio Urbano Caldeira,Wilmar Roldán,Leg 2 of 2; Santos won,https://fbref.com/en/matches/3220ef43/Santos-Gremio-December-16-2020-Copa-Libertadores,br,Santos,br,Grêmio
Copa Libertadores de América,M,,2020,,Quarter-finals,,Wed,2020-12-16,21:30,Racing Club ar,1.0,0.8,ar Boca Juniors,0.0,0.6,,Estadio Presidente Juan Domingo Perón,Esteban Ostojich,Leg 1 of 2,https://fbref.com/en/matches/3355d59b/Racing-Club-Boca-Juniors-December-16-2020-Copa-Libertadores,ar,Racing Club,ar,Boca Juniors
Copa Libertadores de América,M,,2020,,Quarter-finals,,Thu,2020-12-17,21:30,Nacional uy,2.0,1.3,ar River Plate,6.0,4.7,,Estadio Gran Parque Central,Roberto Tobar,Leg 2 of 2; River Plate won,https://fbref.com/en/matches/a7b81767/Nacional-River-Plate-December-17-2020-Copa-Libertadores,uy,Nacional,ar,River Plate
Copa Libertadores de América,M,,2020,,Quarter-finals,,Wed,2020-12-23,21:30,Boca Juniors ar,2.0,2.9,ar Racing Club,0.0,0.2,,Estadio Alberto José Armando,Wilmar Roldán,Leg 2 of 2; Boca Juniors won,https://fbref.com/en/matches/9be5553e/Boca-Juniors-Racing-Club-December-23-2020-Copa-Libertadores,ar,Boca Juniors,ar,Racing Club
Copa Libertadores de América,M,,2020,,Semi-finals,,Tue,2021-01-05,21:30,River Plate ar,0.0,1.9,br Palmeiras,3.0,1.8,,Estadio Libertadores de América,Leodán González,Leg 1 of 2,https://fbref.com/en/matches/2a035dcf/River-Plate-Palmeiras-January-5-2021-Copa-Libertadores,ar,River Plate,br,Palmeiras
Copa Libertadores de América,M,,2020,,Semi-finals,,Wed,2021-01-06,19:15,Boca Juniors ar,0.0,0.4,br Santos,0.0,0.4,,Estadio Alberto José Armando,Roberto Tobar,Leg 1 of 2,https://fbref.com/en/matches/01cd6970/Boca-Juniors-Santos-January-6-2021-Copa-Libertadores,ar,Boca Juniors,br,Santos
Copa Libertadores de América,M,,2020,,Semi-finals,,Tue,2021-01-12,21:30,Palmeiras br,0.0,0.3,ar River Plate,2.0,2.0,,Allianz Parque,Esteban Ostojich,Leg 2 of 2; Palmeiras won,https://fbref.com/en/matches/a82463da/Palmeiras-River-Plate-January-12-2021-Copa-Libertadores,br,Palmeiras,ar,River Plate
Copa Libertadores de América,M,,2020,,Semi-finals,,Wed,2021-01-13,19:15,Santos br,3.0,2.3,ar Boca Juniors,0.0,0.9,,Estádio Urbano Caldeira,Wilmar Roldán,Leg 2 of 2; Santos won,https://fbref.com/en/matches/df32d76b/Santos-Boca-Juniors-January-13-2021-Copa-Libertadores,br,Santos,ar,Boca Juniors
Copa Libertadores de América,M,,2020,,Final,,Sat,2021-01-30,17:00,Palmeiras br,1.0,0.4,br Santos,0.0,0.5,,Estadio Jornalista Mário Filho,Patricio Loustau,,https://fbref.com/en/matches/fa087c3d/Palmeiras-Santos-January-30-2021-Copa-Libertadores,br,Palmeiras,br,Santos
Copa Libertadores de América,M,,2020,,Group stage,1,Tue,2020-03-03,19:15,Defensa y Just ar,1.0,1.0,br Santos,2.0,1.2,,Estadio Norberto Tito Tomaghello,Gustavo Tejera,,https://fbref.com/en/matches/7f64afbb/Defensa-y-Justicia-Santos-March-3-2020-Copa-Libertadores,ar,Defensa y Just,br,Santos
Copa Libertadores de América,M,,2020,,Group stage,1,Tue,2020-03-03,19:15,Internacional br,3.0,2.9,cl Univ Católica,0.0,0.2,,Estádio José Pinheiro Borba,Ángel Arteaga,,https://fbref.com/en/matches/3def6656/Internacional-Universidad-Catolica-March-3-2020-Copa-Libertadores,br,Internacional,cl,Univ Católica
Copa Libertadores de América,M,,2020,,Group stage,1,Tue,2020-03-03,19:30,CD América co,0.0,0.6,br Grêmio,2.0,0.8,,Estadio Olímpico Pascual Guerrero,Guillermo Guerrero,,https://fbref.com/en/matches/027aa503/CD-America-Gremio-March-3-2020-Copa-Libertadores,co,CD América,br,Grêmio
Copa Libertadores de América,M,,2020,,Group stage,1,Tue,2020-03-03,19:30,Independiente co,1.0,0.9,py Libertad,2.0,0.5,,Estadio Atanasio Girardot,Kevin Ortega,,https://fbref.com/en/matches/4e0c334d/Independiente-Libertad-March-3-2020-Copa-Libertadores,co,Independiente,py,Libertad
Copa Libertadores de América,M,,2020,,Group stage,1,Tue,2020-03-03,20:30,Caracas ve,1.0,0.4,ar Boca Juniors,1.0,1.5,,Estadio Olímpico,Esteban Ostojich,,https://fbref.com/en/matches/04b78032/Caracas-Boca-Juniors-March-3-2020-Copa-Libertadores,ve,Caracas,ar,Boca Juniors
Copa Libertadores de América,M,,2020,,Group stage,1,Tue,2020-03-03,21:30,Ath Paranaense br,1.0,1.8,uy Peñarol,0.0,0.2,,Estádio Joaquim Américo Guimarães,Eber Aguino,,https://fbref.com/en/matches/cbe95e69/Athletico-Paranaense-Penarol-March-3-2020-Copa-Libertadores,br,Ath Paranaense,uy,Peñarol
Copa Libertadores de América,M,,2020,,Group stage,1,Wed,2020-03-04,17:15,Barcelona ec,0.0,0.6,ec Independiente,3.0,2.4,,Estadio Monumental Isidro Romero Carbo,Roberto Tobar,,https://fbref.com/en/matches/97cca9e4/Barcelona-Independiente-del-Valle-March-4-2020-Copa-Libertadores,ec,Barcelona,ec,Independiente
Copa Libertadores de América,M,,2020,,Group stage,1,Wed,2020-03-04,18:15,Wilstermann bo,2.0,2.6,cl Colo-Colo,0.0,0.6,,Estadio Félix Capriles,Andrés Merlos,,https://fbref.com/en/matches/98f1bfcb/Jorge-Wilstermann-Colo-Colo-March-4-2020-Copa-Libertadores,bo,Wilstermann,cl,Colo-Colo
Copa Libertadores de América,M,,2020,,Group stage,1,Wed,2020-03-04,19:15,Tigre ar,0.0,0.8,br Palmeiras,2.0,1.2,,Estadio José Dellagiovanna,Wilmar Roldán,,https://fbref.com/en/matches/2f2de3a4/Tigre-Palmeiras-March-4-2020-Copa-Libertadores,ar,Tigre,br,Palmeiras
Copa Libertadores de América,M,,2020,,Group stage,1,Wed,2020-03-04,19:30,Delfín ec,1.0,1.3,py Olimpia,1.0,0.7,,Estadio Jocay,Leodán González,,https://fbref.com/en/matches/d95e1c97/Delfin-Club-Olimpia-March-4-2020-Copa-Libertadores,ec,Delfín,py,Olimpia
Copa Libertadores de América,M,,2020,,Group stage,1,Wed,2020-03-04,19:30,LDU de Quito ec,3.0,3.8,ar River Plate,0.0,0.5,,Estadio Rodrigo Paz Delgado,Andrés Rojas,,https://fbref.com/en/matches/ab1c9a9e/LDU-de-Quito-River-Plate-March-4-2020-Copa-Libertadores,ec,LDU de Quito,ar,River Plate
Copa Libertadores de América,M,,2020,,Group stage,1,Wed,2020-03-04,19:30,Junior co,1.0,1.1,br Flamengo,2.0,1.0,,Estadio Metropolitano Roberto Meléndez,Alexis Herrera,,https://fbref.com/en/matches/d2847095/Junior-Flamengo-March-4-2020-Copa-Libertadores,co,Junior,br,Flamengo
Copa Libertadores de América,M,,2020,,Group stage,1,Wed,2020-03-04,21:30,Guaraní py,2.0,1.8,bo Bolívar,0.0,1.0,,Estadio General Pablo Rojas,Augusto Aragón,,https://fbref.com/en/matches/0eb6654b/Guarani-Bolivar-March-4-2020-Copa-Libertadores,py,Guaraní,bo,Bolívar
Copa Libertadores de América,M,,2020,,Group stage,1,Thu,2020-03-05,18:00,Estud Mérida ve,1.0,1.8,ar Racing Club,2.0,2.7,,Estadio Olímpico Metropolitano de Mérida,Raphael Claus,,https://fbref.com/en/matches/796aaad0/Estudiantes-de-Merida-Racing-Club-March-5-2020-Copa-Libertadores,ve,Estud Mérida,ar,Racing Club
Copa Libertadores de América,M,,2020,,Group stage,1,Thu,2020-03-05,19:00,Binacional pe,2.0,0.7,br São Paulo,1.0,2.6,,Estadio Guillermo Briceño Rosamedina,José Méndez,,https://fbref.com/en/matches/b0f5de92/Binacional-Sao-Paulo-March-5-2020-Copa-Libertadores,pe,Binacional,br,São Paulo
Copa Libertadores de América,M,,2020,,Group stage,1,Thu,2020-03-05,21:00,Alianza Lima pe,0.0,0.8,uy Nacional,1.0,0.9,,Estadio Alejandro Villanueva,Bruno Arleu de Araujo,,https://fbref.com/en/matches/84c1db7e/Alianza-Lima-Nacional-March-5-2020-Copa-Libertadores,pe,Alianza Lima,uy,Nacional
Copa Libertadores de América,M,,2020,,Group stage,2,Tue,2020-03-10,18:15,Bolívar bo,2.0,1.7,ar Tigre,0.0,0.8,,Estadio Hernando Siles,Ángel Arteaga,,https://fbref.com/en/matches/14984eca/Bolivar-Tigre-March-10-2020-Copa-Libertadores,bo,Bolívar,ar,Tigre
Copa Libertadores de América,M,,2020,,Group stage,2,Tue,2020-03-10,19:15,Univ Católica cl,1.0,0.8,co CD América,2.0,0.8,,Estadio San Carlos de Apoquindo,Gustavo Tejera,,https://fbref.com/en/matches/9c5f9302/Universidad-Catolica-CD-America-March-10-2020-Copa-Libertadores,cl,Univ Católica,co,CD América
Copa Libertadores de América,M,,2020,,Group stage,2,Tue,2020-03-10,19:15,Santos br,1.0,1.4,ec Delfín,0.0,1.1,,Estádio Urbano Caldeira,Kevin Ortega,,https://fbref.com/en/matches/e8d00c10/Santos-Delfin-March-10-2020-Copa-Libertadores,br,Santos,ec,Delfín
Copa Libertadores de América,M,,2020,,Group stage,2,Tue,2020-03-10,21:30,Boca Juniors ar,3.0,2.1,co Independiente,0.0,0.5,,Estadio Alberto José Armando,Guillermo Guerrero,,https://fbref.com/en/matches/64b2971b/Boca-Juniors-Independiente-March-10-2020-Copa-Libertadores,ar,Boca Juniors,co,Independiente
Copa Libertadores de América,M,,2020,,Group stage,2,Tue,2020-03-10,21:30,Palmeiras br,3.0,2.7,py Guaraní,1.0,0.8,,Allianz Parque,Roberto Tobar,,https://fbref.com/en/matches/4c915454/Palmeiras-Guarani-March-10-2020-Copa-Libertadores,br,Palmeiras,py,Guaraní
Copa Libertadores de América,M,,2020,,Group stage,2,Tue,2020-03-10,21:30,Libertad py,3.0,2.0,ve Caracas,2.0,0.6,,Estadio General Pablo Rojas,Angelo Hermosilla,,https://fbref.com/en/matches/4e50a804/Libertad-Caracas-March-10-2020-Copa-Libertadores,py,Libertad,ve,Caracas
Copa Libertadores de América,M,,2020,,Group stage,2,Wed,2020-03-11,19:15,Peñarol uy,1.0,1.3,bo Wilstermann,0.0,1.2,,Estadio Campeón del Siglo,José Argote,,https://fbref.com/en/matches/97483af9/Penarol-Jorge-Wilstermann-March-11-2020-Copa-Libertadores,uy,Peñarol,bo,Wilstermann
Copa Libertadores de América,M,,2020,,Group stage,2,Wed,2020-03-11,19:15,River Plate ar,8.0,7.8,pe Binacional,0.0,0.1,,Estadio Monumental Antonio Vespucio Libe...,Jesús Valenzuela,,https://fbref.com/en/matches/efe6d7a2/River-Plate-Binacional-March-11-2020-Copa-Libertadores,ar,River Plate,pe,Binacional
Copa Libertadores de América,M,,2020,,Group stage,2,Wed,2020-03-11,19:15,Colo-Colo cl,1.0,1.1,br Ath Paranaense,0.0,0.8,,Estadio Monumental David Arellano,Nicolás Gallo,,https://fbref.com/en/matches/78f03f4b/Colo-Colo-Athletico-Paranaense-March-11-2020-Copa-Libertadores,cl,Colo-Colo,br,Ath Paranaense
Copa Libertadores de América,M,,2020,,Group stage,2,Wed,2020-03-11,19:30,Independiente ec,3.0,0.8,co Junior,0.0,1.1,,Estadio Olímpico Atahualpa,Diego Haro,,https://fbref.com/en/matches/50e728ea/Independiente-del-Valle-Junior-March-11-2020-Copa-Libertadores,ec,Independiente,co,Junior
Copa Libertadores de América,M,,2020,,Group stage,2,Wed,2020-03-11,21:30,São Paulo br,3.0,2.6,ec LDU de Quito,0.0,0.1,,Estádio do Morumbi,Esteban Ostojich,,https://fbref.com/en/matches/c77f0ef1/Sao-Paulo-LDU-de-Quito-March-11-2020-Copa-Libertadores,br,São Paulo,ec,LDU de Quito
Copa Libertadores de América,M,,2020,,Group stage,2,Wed,2020-03-11,21:30,Flamengo br,3.0,2.8,ec Barcelona,0.0,0.6,,Estadio Jornalista Mário Filho,Facundo Tello,,https://fbref.com/en/matches/1f9d2170/Flamengo-Barcelona-March-11-2020-Copa-Libertadores,br,Flamengo,ec,Barcelona
Copa Libertadores de América,M,,2020,,Group stage,2,Wed,2020-03-11,21:30,Olimpia py,2.0,1.6,ar Defensa y Just,1.0,0.8,,Estadio Manuel Ferreira,Víctor Carrillo,,https://fbref.com/en/matches/9bd28c23/Club-Olimpia-Defensa-y-Justicia-March-11-2020-Copa-Libertadores,py,Olimpia,ar,Defensa y Just
Copa Libertadores de América,M,,2020,,Group stage,2,Thu,2020-03-12,19:00,Nacional uy,1.0,1.0,ve Estud Mérida,0.0,1.1,,Estadio Gran Parque Central,Wilton Sampaio,,https://fbref.com/en/matches/74f72d77/Nacional-Estudiantes-de-Merida-March-12-2020-Copa-Libertadores,uy,Nacional,ve,Estud Mérida
Copa Libertadores de América,M,,2020,,Group stage,2,Thu,2020-03-12,21:00,Racing Club ar,1.0,2.5,pe Alianza Lima,0.0,0.2,,Estadio Presidente Juan Domingo Perón,José Méndez,,https://fbref.com/en/matches/18a14962/Racing-Club-Alianza-Lima-March-12-2020-Copa-Libertadores,ar,Racing Club,pe,Alianza Lima
Copa Libertadores de América,M,,2020,,Group stage,2,Thu,2020-03-12,21:00,Grêmio br,0.0,0.8,br Internacional,0.0,0.9,,Arena do Grêmio,Fernando Rapallini,,https://fbref.com/en/matches/7f61b3df/Gremio-Internacional-March-12-2020-Copa-Libertadores,br,Grêmio,br,Internacional
Copa Libertadores de América,M,,2020,,Group stage,3,Tue,2020-09-15,18:15,Wilstermann bo,2.0,1.8,br Ath Paranaense,3.0,1.8,,Estadio Félix Capriles,Angelo Hermosilla,,https://fbref.com/en/matches/bfd5c8f7/Jorge-Wilstermann-Athletico-Paranaense-September-15-2020-Copa-Libertadores,bo,Wilstermann,br,Ath Paranaense
Copa Libertadores de América,M,,2020,,Group stage,3,Tue,2020-09-15,19:15,Colo-Colo cl,2.0,1.5,uy Peñarol,1.0,1.7,,Estadio Monumental David Arellano,Mauro Vigliano,,https://fbref.com/en/matches/958631eb/Colo-Colo-Penarol-September-15-2020-Copa-Libertadores,cl,Colo-Colo,uy,Peñarol
Copa Libertadores de América,M,,2020,,Group stage,3,Tue,2020-09-15,19:30,Binacional pe,0.0,0.2,ec LDU de Quito,1.0,2.4,,Estadio Guillermo Briceño Rosamedina,Ivo Méndez,,https://fbref.com/en/matches/d5a53bc1/Binacional-LDU-de-Quito-September-15-2020-Copa-Libertadores,pe,Binacional,ec,LDU de Quito
Copa Libertadores de América,M,,2020,,Group stage,3,Tue,2020-09-15,21:30,Santos br,0.0,1.1,py Olimpia,0.0,0.5,,Estádio Urbano Caldeira,Leodán González,,https://fbref.com/en/matches/a65a4f65/Santos-Club-Olimpia-September-15-2020-Copa-Libertadores,br,Santos,py,Olimpia
Copa Libertadores de América,M,,2020,,Group stage,3,Wed,2020-09-16,18:15,Estud Mérida ve,3.0,2.9,pe Alianza Lima,2.0,1.8,,Estadio Olímpico Metropolitano de Mérida,Nicolás Gallo,,https://fbref.com/en/matches/8266c3f4/Estudiantes-de-Merida-Alianza-Lima-September-16-2020-Copa-Libertadores,ve,Estud Mérida,pe,Alianza Lima
Copa Libertadores de América,M,,2020,,Group stage,3,Wed,2020-09-16,19:15,Internacional br,4.0,2.9,co CD América,3.0,1.6,,Estádio José Pinheiro Borba,Facundo Tello,,https://fbref.com/en/matches/eff300f0/Internacional-CD-America-September-16-2020-Copa-Libertadores,br,Internacional,co,CD América
Copa Libertadores de América,M,,2020,,Group stage,3,Wed,2020-09-16,19:30,Independiente co,2.0,1.3,ve Caracas,3.0,0.8,,Estadio Atanasio Girardot,Carlos Orbe,,https://fbref.com/en/matches/451aa66b/Independiente-Caracas-September-16-2020-Copa-Libertadores,co,Independiente,ve,Caracas
Copa Libertadores de América,M,,2020,,Group stage,3,Wed,2020-09-16,20:30,Bolívar bo,1.0,1.1,br Palmeiras,2.0,1.7,,Estadio Hernando Siles,Piero Maza,,https://fbref.com/en/matches/b5d91369/Bolivar-Palmeiras-September-16-2020-Copa-Libertadores,bo,Bolívar,br,Palmeiras
Copa Libertadores de América,M,,2020,,Group stage,3,Wed,2020-09-16,21:30,Univ Católica cl,2.0,2.1,br Grêmio,0.0,0.2,,Estadio San Carlos de Apoquindo,Darío Herrera,,https://fbref.com/en/matches/5bcd96e6/Universidad-Catolica-Gremio-September-16-2020-Copa-Libertadores,cl,Univ Católica,br,Grêmio
Copa Libertadores de América,M,,2020,,Group stage,3,Thu,2020-09-17,17:00,Racing Club ar,0.0,1.5,uy Nacional,1.0,1.5,,Estadio Presidente Juan Domingo Perón,Cristián Garay,,https://fbref.com/en/matches/d6298aeb/Racing-Club-Nacional-September-17-2020-Copa-Libertadores,ar,Racing Club,uy,Nacional
Copa Libertadores de América,M,,2020,,Group stage,3,Thu,2020-09-17,19:00,São Paulo br,2.0,0.4,ar River Plate,2.0,1.4,,Estádio do Morumbi,Esteban Ostojich,,https://fbref.com/en/matches/26f7b10b/Sao-Paulo-River-Plate-September-17-2020-Copa-Libertadores,br,São Paulo,ar,River Plate
Copa Libertadores de América,M,,2020,,Group stage,3,Thu,2020-09-17,19:00,Defensa y Just ar,3.0,2.6,ec Delfín,0.0,0.5,,Estadio Norberto Tito Tomaghello,Roberto Tobar,,https://fbref.com/en/matches/15dddd23/Defensa-y-Justicia-Delfin-September-17-2020-Copa-Libertadores,ar,Defensa y Just,ec,Delfín
Copa Libertadores de América,M,,2020,,Group stage,3,Thu,2020-09-17,19:00,Independiente ec,5.0,1.8,br Flamengo,0.0,0.8,,Estadio Olímpico Atahualpa,Wilmar Roldán,,https://fbref.com/en/matches/8f3807bd/Independiente-del-Valle-Flamengo-September-17-2020-Copa-Libertadores,ec,Independiente,br,Flamengo
Copa Libertadores de América,M,,2020,,Group stage,3,Thu,2020-09-17,20:00,Libertad py,0.0,0.4,ar Boca Juniors,2.0,1.3,,Estadio Defensores del Chaco,Rodolpho Toski Marques,,https://fbref.com/en/matches/49150ce8/Libertad-Boca-Juniors-September-17-2020-Copa-Libertadores,py,Libertad,ar,Boca Juniors
Copa Libertadores de América,M,,2020,,Group stage,3,Thu,2020-09-17,21:00,Barcelona ec,1.0,1.0,co Junior,2.0,0.9,,Estadio Monumental Isidro Romero Carbo,Kevin Ortega,,https://fbref.com/en/matches/01bca2e7/Barcelona-Junior-September-17-2020-Copa-Libertadores,ec,Barcelona,co,Junior
Copa Libertadores de América,M,,2020,,Group stage,3,Thu,2020-09-17,22:00,Guaraní py,4.0,2.5,ar Tigre,1.0,1.0,,Estadio General Pablo Rojas,Gustavo Tejera,,https://fbref.com/en/matches/547a8577/Guarani-Tigre-September-17-2020-Copa-Libertadores,py,Guaraní,ar,Tigre
Copa Libertadores de América,M,,2020,,Group stage,4,Tue,2020-09-22,17:15,Barcelona ec,1.0,1.6,br Flamengo,2.0,1.4,,Estadio Monumental Isidro Romero Carbo,Diego Haro,,https://fbref.com/en/matches/41b4fb19/Barcelona-Flamengo-September-22-2020-Copa-Libertadores,ec,Barcelona,br,Flamengo
Copa Libertadores de América,M,,2020,,Group stage,4,Tue,2020-09-22,18:15,Estud Mérida ve,1.0,1.5,uy Nacional,3.0,3.2,,Estadio Olímpico Metropolitano de Mérida,Andrés Rojas,,https://fbref.com/en/matches/b58dc526/Estudiantes-de-Merida-Nacional-September-22-2020-Copa-Libertadores,ve,Estud Mérida,uy,Nacional
Copa Libertadores de América,M,,2020,,Group stage,4,Tue,2020-09-22,19:15,Tigre ar,1.0,1.7,bo Bolívar,1.0,1.6,,Estadio José Dellagiovanna,Roberto Tobar,,https://fbref.com/en/matches/014be4f5/Tigre-Bolivar-September-22-2020-Copa-Libertadores,ar,Tigre,bo,Bolívar
Copa Libertadores de América,M,,2020,,Group stage,4,Tue,2020-09-22,19:30,LDU de Quito ec,4.0,2.0,br São Paulo,2.0,1.6,,Estadio Rodrigo Paz Delgado,Wilmar Roldán,,https://fbref.com/en/matches/072b47cc/LDU-de-Quito-Sao-Paulo-September-22-2020-Copa-Libertadores,ec,LDU de Quito,br,São Paulo
Copa Libertadores de América,M,,2020,,Group stage,4,Tue,2020-09-22,19:30,Junior co,4.0,2.7,ec Independiente,1.0,1.7,,Estadio Metropolitano Roberto Meléndez,José Argote,,https://fbref.com/en/matches/a3d6b8e5/Junior-Independiente-del-Valle-September-22-2020-Copa-Libertadores,co,Junior,ec,Independiente
Copa Libertadores de América,M,,2020,,Group stage,4,Tue,2020-09-22,19:30,Binacional pe,0.0,0.1,ar River Plate,6.0,3.4,,Estadio Guillermo Briceño Rosamedina,Gery Vargas,,https://fbref.com/en/matches/a1237566/Binacional-River-Plate-September-22-2020-Copa-Libertadores,pe,Binacional,ar,River Plate
Copa Libertadores de América,M,,2020,,Group stage,4,Wed,2020-09-23,18:15,Caracas ve,2.0,1.6,py Libertad,1.0,1.4,,Estadio Olímpico,Nicolás Gallo,,https://fbref.com/en/matches/e2bd3a0b/Caracas-Libertad-September-23-2020-Copa-Libertadores,ve,Caracas,py,Libertad
Copa Libertadores de América,M,,2020,,Group stage,4,Wed,2020-09-23,19:15,Ath Paranaense br,2.0,0.7,cl Colo-Colo,0.0,0.3,,Estádio Joaquim Américo Guimarães,Fernando Rapallini,,https://fbref.com/en/matches/74c92d95/Athletico-Paranaense-Colo-Colo-September-23-2020-Copa-Libertadores,br,Ath Paranaense,cl,Colo-Colo
Copa Libertadores de América,M,,2020,,Group stage,4,Wed,2020-09-23,19:15,Defensa y Just ar,2.0,1.0,py Olimpia,1.0,1.0,,Estadio Norberto Tito Tomaghello,Cristián Garay,,https://fbref.com/en/matches/3d6f9d65/Defensa-y-Justicia-Club-Olimpia-September-23-2020-Copa-Libertadores,ar,Defensa y Just,py,Olimpia
Copa Libertadores de América,M,,2020,,Group stage,4,Wed,2020-09-23,19:30,Alianza Lima pe,0.0,0.6,ar Racing Club,2.0,3.7,,Estadio Alejandro Villanueva,Ivo Méndez,,https://fbref.com/en/matches/183b4b4a/Alianza-Lima-Racing-Club-September-23-2020-Copa-Libertadores,pe,Alianza Lima,ar,Racing Club
Copa Libertadores de América,M,,2020,,Group stage,4,Wed,2020-09-23,19:30,CD América co,1.0,0.9,cl Univ Católica,1.0,1.9,,Estadio Olímpico Pascual Guerrero,Jesús Valenzuela,,https://fbref.com/en/matches/9ca7594c/CD-America-Universidad-Catolica-September-23-2020-Copa-Libertadores,co,CD América,cl,Univ Católica
Copa Libertadores de América,M,,2020,,Group stage,4,Wed,2020-09-23,20:30,Guaraní py,0.0,0.9,br Palmeiras,0.0,0.4,,Estadio General Pablo Rojas,Néstor Pitana,,https://fbref.com/en/matches/1a84caa6/Guarani-Palmeiras-September-23-2020-Copa-Libertadores,py,Guaraní,br,Palmeiras
Copa Libertadores de América,M,,2020,,Group stage,4,Wed,2020-09-23,21:30,Internacional br,0.0,0.6,br Grêmio,1.0,0.7,,Estádio José Pinheiro Borba,Patricio Loustau,,https://fbref.com/en/matches/85cc0068/Internacional-Gremio-September-23-2020-Copa-Libertadores,br,Internacional,br,Grêmio
Copa Libertadores de América,M,,2020,,Group stage,4,Thu,2020-09-24,18:00,Wilstermann bo,3.0,1.8,uy Peñarol,1.0,1.2,,Estadio Félix Capriles,Piero Maza,,https://fbref.com/en/matches/8b542e5a/Jorge-Wilstermann-Penarol-September-24-2020-Copa-Libertadores,bo,Wilstermann,uy,Peñarol
Copa Libertadores de América,M,,2020,,Group stage,4,Thu,2020-09-24,19:00,Independiente co,0.0,0.2,ar Boca Juniors,1.0,1.2,,Estadio Atanasio Girardot,Augusto Aragón,,https://fbref.com/en/matches/4963406d/Independiente-Boca-Juniors-September-24-2020-Copa-Libertadores,co,Independiente,ar,Boca Juniors
Copa Libertadores de América,M,,2020,,Group stage,4,Thu,2020-09-24,21:00,Delfín ec,1.0,1.7,br Santos,2.0,1.5,,Estadio Jocay,Kevin Ortega,,https://fbref.com/en/matches/2706fe8a/Delfin-Santos-September-24-2020-Copa-Libertadores,ec,Delfín,br,Santos
Copa Libertadores de América,M,,2020,,Group stage,5,Tue,2020-09-29,19:15,Peñarol uy,3.0,1.1,cl Colo-Colo,0.0,0.3,,Estadio Campeón del Siglo,Juan Benítez,,https://fbref.com/en/matches/ba42218c/Penarol-Colo-Colo-September-29-2020-Copa-Libertadores,uy,Peñarol,cl,Colo-Colo
Copa Libertadores de América,M,,2020,,Group stage,5,Tue,2020-09-29,19:15,Grêmio br,2.0,1.6,cl Univ Católica,0.0,0.5,,Arena do Grêmio,Facundo Tello,,https://fbref.com/en/matches/101f4b56/Gremio-Universidad-Catolica-September-29-2020-Copa-Libertadores,br,Grêmio,cl,Univ Católica
Copa Libertadores de América,M,,2020,,Group stage,5,Tue,2020-09-29,19:30,LDU de Quito ec,4.0,2.4,pe Binacional,0.0,0.1,,Estadio Rodrigo Paz Delgado,John J. Ospina,,https://fbref.com/en/matches/c5e369c5/LDU-de-Quito-Binacional-September-29-2020-Copa-Libertadores,ec,LDU de Quito,pe,Binacional
Copa Libertadores de América,M,,2020,,Group stage,5,Tue,2020-09-29,19:30,CD América co,0.0,0.8,br Internacional,0.0,0.2,,Estadio Olímpico Pascual Guerrero,Guillermo Guerrero,,https://fbref.com/en/matches/b55afce2/CD-America-Internacional-September-29-2020-Copa-Libertadores,co,CD América,br,Internacional
Copa Libertadores de América,M,,2020,,Group stage,5,Tue,2020-09-29,21:30,Boca Juniors ar,0.0,1.6,py Libertad,0.0,0.4,,Estadio Alberto José Armando,Roberto Tobar,,https://fbref.com/en/matches/353ac502/Boca-Juniors-Libertad-September-29-2020-Copa-Libertadores,ar,Boca Juniors,py,Libertad
Copa Libertadores de América,M,,2020,,Group stage,5,Tue,2020-09-29,21:30,Ath Paranaense br,0.0,2.2,bo Wilstermann,0.0,0.2,,Estádio Joaquim Américo Guimarães,Patricio Loustau,,https://fbref.com/en/matches/82655b72/Athletico-Paranaense-Jorge-Wilstermann-September-29-2020-Copa-Libertadores,br,Ath Paranaense,bo,Wilstermann
Copa Libertadores de América,M,,2020,,Group stage,5,Wed,2020-09-30,18:15,Caracas ve,0.0,0.5,co Independiente,2.0,2.7,,Estadio Olímpico,Carlos Orbe,,https://fbref.com/en/matches/54958f89/Caracas-Independiente-September-30-2020-Copa-Libertadores,ve,Caracas,co,Independiente
Copa Libertadores de América,M,,2020,,Group stage,5,Wed,2020-09-30,19:15,Palmeiras br,5.0,2.2,bo Bolívar,0.0,0.8,,Allianz Parque,Leodán González,,https://fbref.com/en/matches/51904b0e/Palmeiras-Bolivar-September-30-2020-Copa-Libertadores,br,Palmeiras,bo,Bolívar
Copa Libertadores de América,M,,2020,,Group stage,5,Wed,2020-09-30,19:15,Nacional uy,1.0,0.7,ar Racing Club,2.0,1.6,,Estadio Gran Parque Central,José Méndez,,https://fbref.com/en/matches/62b9b8ff/Nacional-Racing-Club-September-30-2020-Copa-Libertadores,uy,Nacional,ar,Racing Club
Copa Libertadores de América,M,,2020,,Group stage,5,Wed,2020-09-30,19:30,Junior co,0.0,0.9,ec Barcelona,2.0,1.0,,Estadio Metropolitano Roberto Meléndez,Alexis Herrera,,https://fbref.com/en/matches/3bad54bc/Junior-Barcelona-September-30-2020-Copa-Libertadores,co,Junior,ec,Barcelona
Copa Libertadores de América,M,,2020,,Group stage,5,Wed,2020-09-30,19:30,Alianza Lima pe,2.0,2.0,ve Estud Mérida,2.0,2.2,,Estadio Alejandro Villanueva,Gery Vargas,,https://fbref.com/en/matches/c299d207/Alianza-Lima-Estudiantes-de-Merida-September-30-2020-Copa-Libertadores,pe,Alianza Lima,ve,Estud Mérida
Copa Libertadores de América,M,,2020,,Group stage,5,Wed,2020-09-30,21:30,River Plate ar,2.0,1.8,br São Paulo,1.0,1.5,,Estadio Monumental Antonio Vespucio Libe...,Cristián Garay,,https://fbref.com/en/matches/70f96dc3/River-Plate-Sao-Paulo-September-30-2020-Copa-Libertadores,ar,River Plate,br,São Paulo
Copa Libertadores de América,M,,2020,,Group stage,5,Wed,2020-09-30,21:30,Flamengo br,4.0,2.1,ec Independiente,0.0,1.1,,Estadio Jornalista Mário Filho,Fernando Rapallini,,https://fbref.com/en/matches/b92ac0ca/Flamengo-Independiente-del-Valle-September-30-2020-Copa-Libertadores,br,Flamengo,ec,Independiente
Copa Libertadores de América,M,,2020,,Group stage,5,Thu,2020-10-01,18:00,Olimpia py,2.0,1.5,br Santos,3.0,1.9,,Estadio Manuel Ferreira,Néstor Pitana,,https://fbref.com/en/matches/ea1b0761/Club-Olimpia-Santos-October-1-2020-Copa-Libertadores,py,Olimpia,br,Santos
Copa Libertadores de América,M,,2020,,Group stage,5,Thu,2020-10-01,21:00,Delfín ec,3.0,2.2,ar Defensa y Just,0.0,1.1,,Estadio Jocay,Diego Haro,,https://fbref.com/en/matches/99de0503/Delfin-Defensa-y-Justicia-October-1-2020-Copa-Libertadores,ec,Delfín,ar,Defensa y Just
Copa Libertadores de América,M,,2020,,Group stage,5,Thu,2020-10-01,21:00,Tigre ar,1.0,0.4,py Guaraní,3.0,1.3,,Estadio José Dellagiovanna,Roberto Tobar,,https://fbref.com/en/matches/0d07d286/Tigre-Guarani-October-1-2020-Copa-Libertadores,ar,Tigre,py,Guaraní
Copa Libertadores de América,M,,2020,,Group stage,6,Tue,2020-10-20,19:15,Santos br,2.0,3.0,ar Defensa y Just,1.0,1.8,,Estádio Urbano Caldeira,Leodán González,,https://fbref.com/en/matches/de6d91d0/Santos-Defensa-y-Justicia-October-20-2020-Copa-Libertadores,br,Santos,ar,Defensa y Just
Copa Libertadores de América,M,,2020,,Group stage,6,Tue,2020-10-20,19:15,Olimpia py,0.0,1.9,ec Delfín,1.0,1.3,,Estadio Manuel Ferreira,Gustavo Tejera,,https://fbref.com/en/matches/0572143c/Club-Olimpia-Delfin-October-20-2020-Copa-Libertadores,py,Olimpia,ec,Delfín
Copa Libertadores de América,M,,2020,,Group stage,6,Tue,2020-10-20,21:30,São Paulo br,5.0,4.4,pe Binacional,1.0,0.2,,Estádio do Morumbi,Facundo Tello,,https://fbref.com/en/matches/0d4e15ed/Sao-Paulo-Binacional-October-20-2020-Copa-Libertadores,br,São Paulo,pe,Binacional
Copa Libertadores de América,M,,2020,,Group stage,6,Tue,2020-10-20,21:30,Peñarol uy,3.0,2.9,br Ath Paranaense,2.0,1.2,,Estadio Campeón del Siglo,José Méndez,,https://fbref.com/en/matches/3d57b7e6/Penarol-Athletico-Paranaense-October-20-2020-Copa-Libertadores,uy,Peñarol,br,Ath Paranaense
Copa Libertadores de América,M,,2020,,Group stage,6,Tue,2020-10-20,21:30,Colo-Colo cl,0.0,1.1,bo Wilstermann,1.0,0.6,,Estadio Monumental David Arellano,Darío Herrera,,https://fbref.com/en/matches/bb702fcd/Colo-Colo-Jorge-Wilstermann-October-20-2020-Copa-Libertadores,cl,Colo-Colo,bo,Wilstermann
Copa Libertadores de América,M,,2020,,Group stage,6,Tue,2020-10-20,21:30,River Plate ar,3.0,3.0,ec LDU de Quito,0.0,1.4,,Estadio Monumental Antonio Vespucio Libe...,Roberto Tobar,,https://fbref.com/en/matches/b6d8b290/River-Plate-LDU-de-Quito-October-20-2020-Copa-Libertadores,ar,River Plate,ec,LDU de Quito
Copa Libertadores de América,M,,2020,,Group stage,6,Wed,2020-10-21,19:15,Nacional uy,2.0,1.4,pe Alianza Lima,0.0,1.3,,Estadio Gran Parque Central,Juan Benítez,,https://fbref.com/en/matches/ba21bae6/Nacional-Alianza-Lima-October-21-2020-Copa-Libertadores,uy,Nacional,pe,Alianza Lima
Copa Libertadores de América,M,,2020,,Group stage,6,Wed,2020-10-21,19:15,Racing Club ar,2.0,2.3,ve Estud Mérida,1.0,0.4,,Estadio Presidente Juan Domingo Perón,Andrés Cunha,,https://fbref.com/en/matches/50474721/Racing-Club-Estudiantes-de-Merida-October-21-2020-Copa-Libertadores,ar,Racing Club,ve,Estud Mérida
Copa Libertadores de América,M,,2020,,Group stage,6,Wed,2020-10-21,19:30,Independiente ec,2.0,1.2,ec Barcelona,0.0,1.3,,Estadio Olímpico Atahualpa,Luis Quiroz,,https://fbref.com/en/matches/76c1bd5d/Independiente-del-Valle-Barcelona-October-21-2020-Copa-Libertadores,ec,Independiente,ec,Barcelona
Copa Libertadores de América,M,,2020,,Group stage,6,Wed,2020-10-21,20:30,Bolívar bo,2.0,2.1,py Guaraní,3.0,1.0,,Estadio Hernando Siles,Angelo Hermosilla,,https://fbref.com/en/matches/721ff775/Bolivar-Guarani-October-21-2020-Copa-Libertadores,bo,Bolívar,py,Guaraní
Copa Libertadores de América,M,,2020,,Group stage,6,Wed,2020-10-21,21:30,Palmeiras br,5.0,3.7,ar Tigre,0.0,1.1,,Allianz Parque,Esteban Ostojich,,https://fbref.com/en/matches/7bd9913a/Palmeiras-Tigre-October-21-2020-Copa-Libertadores,br,Palmeiras,ar,Tigre
Copa Libertadores de América,M,,2020,,Group stage,6,Wed,2020-10-21,21:30,Flamengo br,3.0,2.7,co Junior,1.0,1.0,,Estadio Jornalista Mário Filho,Patricio Loustau,,https://fbref.com/en/matches/47acbd35/Flamengo-Junior-October-21-2020-Copa-Libertadores,br,Flamengo,co,Junior
Copa Libertadores de América,M,,2020,,Group stage,6,Thu,2020-10-22,21:30,Grêmio br,1.0,2.3,co CD América,1.0,0.4,,Arena do Grêmio,Fernando Rapallini,,https://fbref.com/en/matches/b8027307/Gremio-CD-America-October-22-2020-Copa-Libertadores,br,Grêmio,co,CD América
Copa Libertadores de América,M,,2020,,Group stage,6,Thu,2020-10-22,21:30,Libertad py,2.0,1.2,co Independiente,4.0,1.0,,Estadio Defensores del Chaco,Néstor Pitana,,https://fbref.com/en/matches/c45d91c0/Libertad-Independiente-October-22-2020-Copa-Libertadores,py,Libertad,co,Independiente
Copa Libertadores de América,M,,2020,,Group stage,6,Thu,2020-10-22,21:30,Boca Juniors ar,3.0,2.7,ve Caracas,0.0,1.4,,Estadio Alberto José Armando,Christian Ferreyra,,https://fbref.com/en/matches/a6166c0f/Boca-Juniors-Caracas-October-22-2020-Copa-Libertadores,ar,Boca Juniors,ve,Caracas
Copa Libertadores de América,M,,2020,,Group stage,6,Thu,2020-10-22,21:30,Univ Católica cl,2.0,1.1,br Internacional,1.0,1.7,,Estadio San Carlos de Apoquindo,Mauro Vigliano,,https://fbref.com/en/matches/394f188f/Universidad-Catolica-Internacional-October-22-2020-Copa-Libertadores,cl,Univ Católica,br,Internacional
Copa Libertadores de América,M,,2021,,Round of 16,,Tue,2021-07-13,18:15,Cerro Porteño py,0.0,1.0,br Fluminense,2.0,2.0,,Estadio General Pablo Rojas,Facundo Tello,Leg 1 of 2,https://fbref.com/en/matches/14bd7359/Cerro-Porteno-Fluminense-July-13-2021-Copa-Libertadores,py,Cerro Porteño,br,Fluminense
Copa Libertadores de América,M,,2021,,Round of 16,,Tue,2021-07-13,19:15,Boca Juniors ar,0.0,0.5,br Atlético Mineiro,0.0,0.3,,Estadio Alberto José Armando,Andrés Rojas,Leg 1 of 2,https://fbref.com/en/matches/2542f969/Boca-Juniors-Atletico-Mineiro-July-13-2021-Copa-Libertadores,ar,Boca Juniors,br,Atlético Mineiro
Copa Libertadores de América,M,,2021,,Round of 16,,Tue,2021-07-13,21:30,São Paulo br,1.0,1.9,ar Racing Club,1.0,0.7,,Estádio do Morumbi,John J. Ospina,Leg 1 of 2,https://fbref.com/en/matches/bcbb735d/Sao-Paulo-Racing-Club-July-13-2021-Copa-Libertadores,br,São Paulo,ar,Racing Club
Copa Libertadores de América,M,,2021,,Round of 16,,Wed,2021-07-14,18:15,Univ Católica cl,0.0,1.5,br Palmeiras,1.0,1.0,,Estadio Nacional Julio Martínez Prádanos,Andrés Matonte,Leg 1 of 2,https://fbref.com/en/matches/c780ec8c/Universidad-Catolica-Palmeiras-July-14-2021-Copa-Libertadores,cl,Univ Católica,br,Palmeiras
Copa Libertadores de América,M,,2021,,Round of 16,,Wed,2021-07-14,19:15,Vélez Sarsfield ar,1.0,0.3,ec Barcelona,0.0,0.3,,Estadio José Amalfitani,Raphael Claus,Leg 1 of 2,https://fbref.com/en/matches/81d643c0/Velez-Sarsfield-Barcelona-July-14-2021-Copa-Libertadores,ar,Vélez Sarsfield,ec,Barcelona
Copa Libertadores de América,M,,2021,,Round of 16,,Wed,2021-07-14,21:30,Defensa y Just ar,0.0,2.0,br Flamengo,1.0,0.4,,Estadio Norberto Tito Tomaghello,Eber Aguino,Leg 1 of 2,https://fbref.com/en/matches/4956e11f/Defensa-y-Justicia-Flamengo-July-14-2021-Copa-Libertadores,ar,Defensa y Just,br,Flamengo
Copa Libertadores de América,M,,2021,,Round of 16,,Wed,2021-07-14,21:30,River Plate ar,1.0,1.4,ar Arg Juniors,1.0,0.7,,Estadio Monumental Antonio Vespucio Libe...,Bruno Arleu de Araujo,Leg 1 of 2,https://fbref.com/en/matches/6e95d46c/River-Plate-Argentinos-Juniors-July-14-2021-Copa-Libertadores,ar,River Plate,ar,Arg Juniors
Copa Libertadores de América,M,,2021,,Round of 16,,Thu,2021-07-15,20:30,Olimpia py,0.0,1.5,br Internacional,0.0,0.7,,Estadio Manuel Ferreira,Patricio Loustau,Leg 1 of 2,https://fbref.com/en/matches/5561e996/Club-Olimpia-Internacional-July-15-2021-Copa-Libertadores,py,Olimpia,br,Internacional
Copa Libertadores de América,M,,2021,,Round of 16,,Tue,2021-07-20,19:15,Atlético Mineiro br,0.0,0.8,ar Boca Juniors,0.0,0.4,,Estádio Governador Magalhães Pinto,Esteban Ostojich,Leg 2 of 2; Atlético Mineiro won; Atlético Mineiro won on penalty kicks following extra time,https://fbref.com/en/matches/b66709bf/Atletico-Mineiro-Boca-Juniors-July-20-2021-Copa-Libertadores,br,Atlético Mineiro,ar,Boca Juniors
Copa Libertadores de América,M,,2021,,Round of 16,,Tue,2021-07-20,21:30,Racing Club ar,1.0,1.3,br São Paulo,3.0,1.6,,Estadio Presidente Juan Domingo Perón,Gustavo Tejera,Leg 2 of 2; São Paulo won,https://fbref.com/en/matches/39e740cc/Racing-Club-Sao-Paulo-July-20-2021-Copa-Libertadores,ar,Racing Club,br,São Paulo
Copa Libertadores de América,M,,2021,,Round of 16,,Wed,2021-07-21,17:15,Barcelona ec,3.0,1.5,ar Vélez Sarsfield,1.0,0.6,,Estadio Monumental Isidro Romero Carbo,Piero Maza,Leg 2 of 2; Barcelona won,https://fbref.com/en/matches/a3d21a1f/Barcelona-Velez-Sarsfield-July-21-2021-Copa-Libertadores,ec,Barcelona,ar,Vélez Sarsfield
Copa Libertadores de América,M,,2021,,Round of 16,,Wed,2021-07-21,19:15,Palmeiras br,1.0,2.4,cl Univ Católica,0.0,1.3,,Allianz Parque,Alexis Herrera,Leg 2 of 2; Palmeiras won,https://fbref.com/en/matches/51e44daa/Palmeiras-Universidad-Catolica-July-21-2021-Copa-Libertadores,br,Palmeiras,cl,Univ Católica
Copa Libertadores de América,M,,2021,,Round of 16,,Wed,2021-07-21,21:30,Flamengo br,4.0,1.8,ar Defensa y Just,1.0,0.9,,Estadio Jornalista Mário Filho,Roberto Tobar,Leg 2 of 2; Flamengo won,https://fbref.com/en/matches/85e61e19/Flamengo-Defensa-y-Justicia-July-21-2021-Copa-Libertadores,br,Flamengo,ar,Defensa y Just
Copa Libertadores de América,M,,2021,,Round of 16,,Wed,2021-07-21,21:30,Arg Juniors ar,0.0,0.2,ar River Plate,2.0,1.1,,Estadio Diego Armando Maradona,Eber Aguino,Leg 2 of 2; River Plate won,https://fbref.com/en/matches/924f960c/Argentinos-Juniors-River-Plate-July-21-2021-Copa-Libertadores,ar,Arg Juniors,ar,River Plate
Copa Libertadores de América,M,,2021,,Round of 16,,Thu,2021-07-22,21:30,Internacional br,0.0,2.3,py Olimpia,0.0,0.6,,Estádio José Pinheiro Borba,Christian Ferreyra,Leg 2 of 2; Olimpia won; Olimpia won on penalty kicks following extra time,https://fbref.com/en/matches/1cd8fd3e/Internacional-Club-Olimpia-July-22-2021-Copa-Libertadores,br,Internacional,py,Olimpia
Copa Libertadores de América,M,,2021,,Round of 16,,Tue,2021-08-03,19:15,Fluminense br,1.0,1.0,py Cerro Porteño,0.0,1.2,,Estadio Jornalista Mário Filho,Wilmar Roldán,Leg 2 of 2; Fluminense won,https://fbref.com/en/matches/07b614f5/Fluminense-Cerro-Porteno-August-3-2021-Copa-Libertadores,br,Fluminense,py,Cerro Porteño
Copa Libertadores de América,M,,2021,,Quarter-finals,,Tue,2021-08-10,21:30,São Paulo br,1.0,1.6,br Palmeiras,1.0,1.3,,Estádio do Morumbi,Néstor Pitana,Leg 1 of 2,https://fbref.com/en/matches/c085f31a/Sao-Paulo-Palmeiras-August-10-2021-Copa-Libertadores,br,São Paulo,br,Palmeiras
Copa Libertadores de América,M,,2021,,Quarter-finals,,Wed,2021-08-11,18:15,Olimpia py,1.0,1.0,br Flamengo,4.0,4.2,,Estadio Manuel Ferreira,Fernando Rapallini,Leg 1 of 2,https://fbref.com/en/matches/cc360398/Club-Olimpia-Flamengo-August-11-2021-Copa-Libertadores,py,Olimpia,br,Flamengo
Copa Libertadores de América,M,,2021,,Quarter-finals,,Wed,2021-08-11,21:30,River Plate ar,0.0,0.9,br Atlético Mineiro,1.0,1.2,,Estadio Monumental Antonio Vespucio Libe...,Jesús Valenzuela,Leg 1 of 2,https://fbref.com/en/matches/c465d8e5/River-Plate-Atletico-Mineiro-August-11-2021-Copa-Libertadores,ar,River Plate,br,Atlético Mineiro
Copa Libertadores de América,M,,2021,,Quarter-finals,,Thu,2021-08-12,21:30,Fluminense br,2.0,2.0,ec Barcelona,2.0,1.0,,Estadio Jornalista Mário Filho,Alexis Herrera,Leg 1 of 2,https://fbref.com/en/matches/92b4bad7/Fluminense-Barcelona-August-12-2021-Copa-Libertadores,br,Fluminense,ec,Barcelona
Copa Libertadores de América,M,,2021,,Quarter-finals,,Tue,2021-08-17,21:30,Palmeiras br,3.0,1.3,br São Paulo,0.0,0.7,,Allianz Parque,Wilmar Roldán,Leg 2 of 2; Palmeiras won,https://fbref.com/en/matches/c53ad434/Palmeiras-Sao-Paulo-August-17-2021-Copa-Libertadores,br,Palmeiras,br,São Paulo
Copa Libertadores de América,M,,2021,,Quarter-finals,,Wed,2021-08-18,19:15,Flamengo br,5.0,3.0,py Olimpia,1.0,1.0,,Estadio Jornalista Mário Filho,Jesús Valenzuela,Leg 2 of 2; Flamengo won,https://fbref.com/en/matches/96fdd2ae/Flamengo-Club-Olimpia-August-18-2021-Copa-Libertadores,br,Flamengo,py,Olimpia
Copa Libertadores de América,M,,2021,,Quarter-finals,,Wed,2021-08-18,21:30,Atlético Mineiro br,3.0,3.3,ar River Plate,0.0,1.2,,Estádio Governador Magalhães Pinto,Roberto Tobar,Leg 2 of 2; Atlético Mineiro won,https://fbref.com/en/matches/4331ca45/Atletico-Mineiro-River-Plate-August-18-2021-Copa-Libertadores,br,Atlético Mineiro,ar,River Plate
Copa Libertadores de América,M,,2021,,Quarter-finals,,Thu,2021-08-19,19:30,Barcelona ec,1.0,1.9,br Fluminense,1.0,1.3,,Estadio Monumental Isidro Romero Carbo,Esteban Ostojich,Leg 2 of 2; Barcelona won,https://fbref.com/en/matches/f7c007e5/Barcelona-Fluminense-August-19-2021-Copa-Libertadores,ec,Barcelona,br,Fluminense
Copa Libertadores de América,M,,2021,,Semi-finals,,Tue,2021-09-21,21:30,Palmeiras br,0.0,0.2,br Atlético Mineiro,0.0,1.3,,Allianz Parque,Patricio Loustau,Leg 1 of 2,https://fbref.com/en/matches/b0049de5/Palmeiras-Atletico-Mineiro-September-21-2021-Copa-Libertadores,br,Palmeiras,br,Atlético Mineiro
Copa Libertadores de América,M,,2021,,Semi-finals,,Wed,2021-09-22,21:30,Flamengo br,2.0,2.7,ec Barcelona,0.0,0.7,,Estadio Jornalista Mário Filho,Andrés Cunha,Leg 1 of 2,https://fbref.com/en/matches/2021c535/Flamengo-Barcelona-September-22-2021-Copa-Libertadores,br,Flamengo,ec,Barcelona
Copa Libertadores de América,M,,2021,,Semi-finals,,Tue,2021-09-28,21:30,Atlético Mineiro br,1.0,1.7,br Palmeiras,1.0,1.2,,Estádio Governador Magalhães Pinto,Wilmar Roldán,Leg 2 of 2; Palmeiras won,https://fbref.com/en/matches/5a577ddc/Atletico-Mineiro-Palmeiras-September-28-2021-Copa-Libertadores,br,Atlético Mineiro,br,Palmeiras
Copa Libertadores de América,M,,2021,,Semi-finals,,Wed,2021-09-29,19:30,Barcelona ec,0.0,1.9,br Flamengo,2.0,2.1,,Estadio Monumental Isidro Romero Carbo,Roberto Tobar,Leg 2 of 2; Flamengo won,https://fbref.com/en/matches/760b2087/Barcelona-Flamengo-September-29-2021-Copa-Libertadores,ec,Barcelona,br,Flamengo
Copa Libertadores de América,M,,2021,,Final,,Sat,2021-11-27,17:00,Palmeiras br,2.0,0.7,br Flamengo,1.0,1.4,,Estadio Centenario,Néstor Pitana,Required Extra Time,https://fbref.com/en/matches/8ab83903/Palmeiras-Flamengo-November-27-2021-Copa-Libertadores,br,Palmeiras,br,Flamengo
Copa Libertadores de América,M,,2021,,Group stage,1,Tue,2021-04-20,18:15,Dep Táchira ve,3.0,2.5,py Olimpia,2.0,1.5,,Estadio Polideportivo de Pueblo Nuevo,Esteban Ostojich,,https://fbref.com/en/matches/631e16cc/Deportivo-Tachira-Club-Olimpia-April-20-2021-Copa-Libertadores,ve,Dep Táchira,py,Olimpia
Copa Libertadores de América,M,,2021,,Group stage,1,Tue,2021-04-20,18:15,Always Ready bo,2.0,1.5,br Internacional,0.0,0.5,,Estadio Hernando Siles,Nicolás Gallo,,https://fbref.com/en/matches/ebe442c3/Always-Ready-Internacional-April-20-2021-Copa-Libertadores,bo,Always Ready,br,Internacional
Copa Libertadores de América,M,,2021,,Group stage,1,Tue,2021-04-20,19:15,Arg Juniors ar,2.0,0.8,uy Nacional,0.0,0.5,,Estadio Diego Armando Maradona,Víctor Carrillo,,https://fbref.com/en/matches/7282475d/Argentinos-Juniors-Nacional-April-20-2021-Copa-Libertadores,ar,Arg Juniors,uy,Nacional
Copa Libertadores de América,M,,2021,,Group stage,1,Tue,2021-04-20,19:15,Santos br,0.0,0.4,ec Barcelona,2.0,1.9,,Estádio Urbano Caldeira,Andrés Matonte,,https://fbref.com/en/matches/0bcf5bb0/Santos-Barcelona-April-20-2021-Copa-Libertadores,br,Santos,ec,Barcelona
Copa Libertadores de América,M,,2021,,Group stage,1,Tue,2021-04-20,19:30,Sporting Cristal pe,0.0,0.8,br São Paulo,3.0,1.0,,Estadio Nacional,Andrés Cunha,,https://fbref.com/en/matches/7a70db53/Sporting-Cristal-Sao-Paulo-April-20-2021-Copa-Libertadores,pe,Sporting Cristal,br,São Paulo
Copa Libertadores de América,M,,2021,,Group stage,1,Tue,2021-04-20,21:30,Vélez Sarsfield ar,2.0,1.1,br Flamengo,3.0,2.9,,Estadio José Amalfitani,Wilmar Roldán,,https://fbref.com/en/matches/cedbb4d5/Velez-Sarsfield-Flamengo-April-20-2021-Copa-Libertadores,ar,Vélez Sarsfield,br,Flamengo
Copa Libertadores de América,M,,2021,,Group stage,1,Wed,2021-04-21,18:00,Dep La Guaira ve,1.0,0.9,br Atlético Mineiro,1.0,2.5,,Estadio Olímpico,Facundo Tello,,https://fbref.com/en/matches/3abffa02/Deportivo-La-Guaira-Atletico-Mineiro-April-21-2021-Copa-Libertadores,ve,Dep La Guaira,br,Atlético Mineiro
Copa Libertadores de América,M,,2021,,Group stage,1,Wed,2021-04-21,18:00,The Strongest bo,0.0,0.7,ar Boca Juniors,1.0,0.7,,Estadio Hernando Siles,John J. Ospina,,https://fbref.com/en/matches/6d54076e/The-Strongest-Boca-Juniors-April-21-2021-Copa-Libertadores,bo,The Strongest,ar,Boca Juniors
Copa Libertadores de América,M,,2021,,Group stage,1,Wed,2021-04-21,19:00,Independiente ec,1.0,3.1,ar Defensa y Just,1.0,0.4,,Estadio Rodrigo Paz Delgado,Mario Díaz de Vivar,,https://fbref.com/en/matches/da7db2f8/Independiente-del-Valle-Defensa-y-Justicia-April-21-2021-Copa-Libertadores,ec,Independiente,ar,Defensa y Just
Copa Libertadores de América,M,,2021,,Group stage,1,Wed,2021-04-21,19:00,Universitario pe,2.0,1.4,br Palmeiras,3.0,2.5,,Estadio Monumental,Christian Ferreyra,,https://fbref.com/en/matches/a1845a77/Universitario-Palmeiras-April-21-2021-Copa-Libertadores,pe,Universitario,br,Palmeiras
Copa Libertadores de América,M,,2021,,Group stage,1,Wed,2021-04-21,21:00,Rentistas uy,1.0,0.9,ar Racing Club,1.0,2.6,,Estadio Centenario,Carlos Benítez,,https://fbref.com/en/matches/49ca7728/Rentistas-Racing-Club-April-21-2021-Copa-Libertadores,uy,Rentistas,ar,Racing Club
Copa Libertadores de América,M,,2021,,Group stage,1,Wed,2021-04-21,21:00,CD América co,0.0,0.7,py Cerro Porteño,2.0,1.7,,Estadio Alfonso López,Fernando Echenique,,https://fbref.com/en/matches/c78758de/CD-America-Cerro-Porteno-April-21-2021-Copa-Libertadores,co,CD América,py,Cerro Porteño
Copa Libertadores de América,M,,2021,,Group stage,1,Wed,2021-04-21,22:00,La Calera cl,2.0,1.9,ec LDU de Quito,2.0,0.6,,Estadio Municipal Nicolás Chahuán Nazar,Gery Vargas,,https://fbref.com/en/matches/0f69993d/La-Calera-LDU-de-Quito-April-21-2021-Copa-Libertadores,cl,La Calera,ec,LDU de Quito
Copa Libertadores de América,M,,2021,,Group stage,1,Thu,2021-04-22,19:00,Fluminense br,1.0,1.3,ar River Plate,1.0,1.2,,Estadio Jornalista Mário Filho,Roberto Tobar,,https://fbref.com/en/matches/c3df3dff/Fluminense-River-Plate-April-22-2021-Copa-Libertadores,br,Fluminense,ar,River Plate
Copa Libertadores de América,M,,2021,,Group stage,1,Thu,2021-04-22,19:00,Nacional co,2.0,1.1,cl Univ Católica,0.0,0.4,,Estadio Hernán Ramírez Villegas,Alexis Herrera,,https://fbref.com/en/matches/fb76d0f7/Atletico-Nacional-Universidad-Catolica-April-22-2021-Copa-Libertadores,co,Nacional,cl,Univ Católica
Copa Libertadores de América,M,,2021,,Group stage,1,Thu,2021-04-22,21:00,Junior co,1.0,1.0,co Santa Fe,1.0,1.3,,Estadio Metropolitano Roberto Meléndez,Jesús Valenzuela,,https://fbref.com/en/matches/62a3b5dd/Junior-Santa-Fe-April-22-2021-Copa-Libertadores,co,Junior,co,Santa Fe
Copa Libertadores de América,M,,2021,,Group stage,2,Tue,2021-04-27,17:15,LDU de Quito ec,3.0,1.3,ar Vélez Sarsfield,1.0,1.2,,Estadio Rodrigo Paz Delgado,Diego Haro,,https://fbref.com/en/matches/774e8c86/LDU-de-Quito-Velez-Sarsfield-April-27-2021-Copa-Libertadores,ec,LDU de Quito,ar,Vélez Sarsfield
Copa Libertadores de América,M,,2021,,Group stage,2,Tue,2021-04-27,19:15,Atlético Mineiro br,2.0,2.0,co CD América,1.0,0.4,,Estádio Governador Magalhães Pinto,Daniel Fedorczuk,,https://fbref.com/en/matches/00ab34b2/Atletico-Mineiro-CD-America-April-27-2021-Copa-Libertadores,br,Atlético Mineiro,co,CD América
Copa Libertadores de América,M,,2021,,Group stage,2,Tue,2021-04-27,19:15,Flamengo br,4.0,2.9,cl La Calera,1.0,0.5,,Estadio Jornalista Mário Filho,José Argote,,https://fbref.com/en/matches/4f814054/Flamengo-La-Calera-April-27-2021-Copa-Libertadores,br,Flamengo,cl,La Calera
Copa Libertadores de América,M,,2021,,Group stage,2,Tue,2021-04-27,21:30,Palmeiras br,5.0,2.4,ec Independiente,0.0,0.8,,Allianz Parque,Roberto Tobar,,https://fbref.com/en/matches/cef4a5ec/Palmeiras-Independiente-del-Valle-April-27-2021-Copa-Libertadores,br,Palmeiras,ec,Independiente
Copa Libertadores de América,M,,2021,,Group stage,2,Tue,2021-04-27,21:30,Boca Juniors ar,2.0,1.4,br Santos,0.0,0.4,,Estadio Alberto José Armando,Jesús Valenzuela,,https://fbref.com/en/matches/6008489e/Boca-Juniors-Santos-April-27-2021-Copa-Libertadores,ar,Boca Juniors,br,Santos
Copa Libertadores de América,M,,2021,,Group stage,2,Tue,2021-04-27,21:30,Internacional br,4.0,2.7,ve Dep Táchira,0.0,0.5,,Estádio José Pinheiro Borba,Andrés Matonte,,https://fbref.com/en/matches/34893868/Internacional-Deportivo-Tachira-April-27-2021-Copa-Libertadores,br,Internacional,ve,Dep Táchira
Copa Libertadores de América,M,,2021,,Group stage,2,Wed,2021-04-28,18:00,Cerro Porteño py,0.0,1.0,ve Dep La Guaira,0.0,0.0,,Estadio General Pablo Rojas,Darío Herrera,,https://fbref.com/en/matches/e319b8c5/Cerro-Porteno-Deportivo-La-Guaira-April-28-2021-Copa-Libertadores,py,Cerro Porteño,ve,Dep La Guaira
Copa Libertadores de América,M,,2021,,Group stage,2,Wed,2021-04-28,19:00,Defensa y Just ar,3.0,2.6,pe Universitario,0.0,0.5,,Estadio Norberto Tito Tomaghello,Angelo Hermosilla,,https://fbref.com/en/matches/b3ff43d3/Defensa-y-Justicia-Universitario-April-28-2021-Copa-Libertadores,ar,Defensa y Just,pe,Universitario
Copa Libertadores de América,M,,2021,,Group stage,2,Wed,2021-04-28,19:00,Nacional uy,4.0,2.1,co Nacional,4.0,2.9,,Estadio Gran Parque Central,Augusto Aragón,,https://fbref.com/en/matches/767c3273/Nacional-Atletico-Nacional-April-28-2021-Copa-Libertadores,uy,Nacional,co,Nacional
Copa Libertadores de América,M,,2021,,Group stage,2,Wed,2021-04-28,19:00,Santa Fe co,1.0,1.8,br Fluminense,2.0,1.7,,Estadio Metropolitano de Techo,Andrés Cunha,,https://fbref.com/en/matches/870c3043/Santa-Fe-Fluminense-April-28-2021-Copa-Libertadores,co,Santa Fe,br,Fluminense
Copa Libertadores de América,M,,2021,,Group stage,2,Wed,2021-04-28,21:00,River Plate ar,2.0,1.2,co Junior,1.0,1.1,,Estadio Monumental Antonio Vespucio Libe...,Juan Benítez,,https://fbref.com/en/matches/46afc57c/River-Plate-Junior-April-28-2021-Copa-Libertadores,ar,River Plate,co,Junior
Copa Libertadores de América,M,,2021,,Group stage,2,Wed,2021-04-28,21:00,Barcelona ec,4.0,1.8,bo The Strongest,0.0,0.3,,Estadio Monumental Isidro Romero Carbo,Derlis López,,https://fbref.com/en/matches/f8cf8688/Barcelona-The-Strongest-April-28-2021-Copa-Libertadores,ec,Barcelona,bo,The Strongest
Copa Libertadores de América,M,,2021,,Group stage,2,Wed,2021-04-28,22:00,Olimpia py,2.0,1.8,bo Always Ready,1.0,0.8,,Estadio Defensores del Chaco,Nicolás Lamolina,,https://fbref.com/en/matches/ef2ca8f0/Club-Olimpia-Always-Ready-April-28-2021-Copa-Libertadores,py,Olimpia,bo,Always Ready
Copa Libertadores de América,M,,2021,,Group stage,2,Thu,2021-04-29,18:00,Univ Católica cl,0.0,0.5,ar Arg Juniors,2.0,0.9,,Estadio San Carlos de Apoquindo,Gery Vargas,,https://fbref.com/en/matches/64206fe4/Universidad-Catolica-Argentinos-Juniors-April-29-2021-Copa-Libertadores,cl,Univ Católica,ar,Arg Juniors
Copa Libertadores de América,M,,2021,,Group stage,2,Thu,2021-04-29,19:00,Racing Club ar,2.0,1.0,pe Sporting Cristal,1.0,2.3,,Estadio Presidente Juan Domingo Perón,Ángel Arteaga,,https://fbref.com/en/matches/4837e83f/Racing-Club-Sporting-Cristal-April-29-2021-Copa-Libertadores,ar,Racing Club,pe,Sporting Cristal
Copa Libertadores de América,M,,2021,,Group stage,2,Thu,2021-04-29,21:00,São Paulo br,2.0,2.2,uy Rentistas,0.0,0.2,,Estádio do Morumbi,Nicolás Gamboa,,https://fbref.com/en/matches/04237999/Sao-Paulo-Rentistas-April-29-2021-Copa-Libertadores,br,São Paulo,uy,Rentistas
Copa Libertadores de América,M,,2021,,Group stage,3,Tue,2021-05-04,18:15,La Calera cl,0.0,1.2,ar Vélez Sarsfield,2.0,0.6,,Estadio Municipal Nicolás Chahuán Nazar,Kevin Ortega,,https://fbref.com/en/matches/adf11c73/La-Calera-Velez-Sarsfield-May-4-2021-Copa-Libertadores,cl,La Calera,ar,Vélez Sarsfield
Copa Libertadores de América,M,,2021,,Group stage,3,Tue,2021-05-04,19:15,Atlético Mineiro br,4.0,3.3,py Cerro Porteño,0.0,0.2,,Estádio Governador Magalhães Pinto,Néstor Pitana,,https://fbref.com/en/matches/2a129118/Atletico-Mineiro-Cerro-Porteno-May-4-2021-Copa-Libertadores,br,Atlético Mineiro,py,Cerro Porteño
Copa Libertadores de América,M,,2021,,Group stage,3,Tue,2021-05-04,19:15,Santos br,5.0,2.2,bo The Strongest,0.0,0.4,,Estádio Urbano Caldeira,Cristián Garay,,https://fbref.com/en/matches/e067058e/Santos-The-Strongest-May-4-2021-Copa-Libertadores,br,Santos,bo,The Strongest
Copa Libertadores de América,M,,2021,,Group stage,3,Tue,2021-05-04,19:30,Barcelona ec,1.0,1.0,ar Boca Juniors,0.0,0.7,,Estadio Monumental Isidro Romero Carbo,Andrés Rojas,,https://fbref.com/en/matches/0dd13032/Barcelona-Boca-Juniors-May-4-2021-Copa-Libertadores,ec,Barcelona,ar,Boca Juniors
Copa Libertadores de América,M,,2021,,Group stage,3,Tue,2021-05-04,19:30,LDU de Quito ec,2.0,1.4,br Flamengo,3.0,1.8,,Estadio Rodrigo Paz Delgado,Esteban Ostojich,,https://fbref.com/en/matches/4f786a9a/LDU-de-Quito-Flamengo-May-4-2021-Copa-Libertadores,ec,LDU de Quito,br,Flamengo
Copa Libertadores de América,M,,2021,,Group stage,3,Tue,2021-05-04,21:30,Defensa y Just ar,1.0,1.5,br Palmeiras,2.0,1.2,,Estadio Norberto Tito Tomaghello,Wilmar Roldán,,https://fbref.com/en/matches/6793dbfe/Defensa-y-Justicia-Palmeiras-May-4-2021-Copa-Libertadores,ar,Defensa y Just,br,Palmeiras
Copa Libertadores de América,M,,2021,,Group stage,3,Wed,2021-05-05,17:00,Independiente ec,4.0,1.9,pe Universitario,0.0,0.4,,Estadio Rodrigo Paz Delgado,Andrés Cunha,,https://fbref.com/en/matches/2c2b9d7b/Independiente-del-Valle-Universitario-May-5-2021-Copa-Libertadores,ec,Independiente,pe,Universitario
Copa Libertadores de América,M,,2021,,Group stage,3,Wed,2021-05-05,19:00,Racing Club ar,0.0,1.7,br São Paulo,0.0,0.3,,Estadio Presidente Juan Domingo Perón,Piero Maza,,https://fbref.com/en/matches/c313dbb7/Racing-Club-Sao-Paulo-May-5-2021-Copa-Libertadores,ar,Racing Club,br,São Paulo
Copa Libertadores de América,M,,2021,,Group stage,3,Wed,2021-05-05,21:00,Rentistas uy,0.0,1.4,pe Sporting Cristal,0.0,1.2,,Estadio Centenario,Carlos Mario Herrera,,https://fbref.com/en/matches/da3db7ac/Rentistas-Sporting-Cristal-May-5-2021-Copa-Libertadores,uy,Rentistas,pe,Sporting Cristal
Copa Libertadores de América,M,,2021,,Group stage,3,Wed,2021-05-05,21:00,Internacional br,6.0,4.0,py Olimpia,1.0,1.4,,Estádio José Pinheiro Borba,Facundo Tello,,https://fbref.com/en/matches/51330d04/Internacional-Club-Olimpia-May-5-2021-Copa-Libertadores,br,Internacional,py,Olimpia
Copa Libertadores de América,M,,2021,,Group stage,3,Wed,2021-05-05,22:00,Univ Católica cl,3.0,2.2,uy Nacional,1.0,0.5,,Estadio San Carlos de Apoquindo,Anderson Daronco,,https://fbref.com/en/matches/1ddad37d/Universidad-Catolica-Nacional-May-5-2021-Copa-Libertadores,cl,Univ Católica,uy,Nacional
Copa Libertadores de América,M,,2021,,Group stage,3,Thu,2021-05-06,17:00,Nacional co,0.0,0.7,ar Arg Juniors,2.0,2.2,,Estadio Hernán Ramírez Villegas,Jesús Valenzuela,,https://fbref.com/en/matches/6b69a53b/Atletico-Nacional-Argentinos-Juniors-May-6-2021-Copa-Libertadores,co,Nacional,ar,Arg Juniors
Copa Libertadores de América,M,,2021,,Group stage,3,Thu,2021-05-06,18:00,Always Ready bo,2.0,2.9,ve Dep Táchira,0.0,0.4,,Estadio Hernando Siles,Andrés Matonte,,https://fbref.com/en/matches/602d3103/Always-Ready-Deportivo-Tachira-May-6-2021-Copa-Libertadores,bo,Always Ready,ve,Dep Táchira
Copa Libertadores de América,M,,2021,,Group stage,3,Thu,2021-05-06,19:00,Junior co,1.0,1.3,br Fluminense,1.0,0.7,,Estadio Metropolitano Roberto Meléndez,Julio Bascuñán,,https://fbref.com/en/matches/65cd6349/Junior-Fluminense-May-6-2021-Copa-Libertadores,co,Junior,br,Fluminense
Copa Libertadores de América,M,,2021,,Group stage,3,Thu,2021-05-06,19:00,Santa Fe co,0.0,0.6,ar River Plate,0.0,1.5,,Estadio Metropolitano de Techo,Alexis Herrera,,https://fbref.com/en/matches/eed10fd2/Santa-Fe-River-Plate-May-6-2021-Copa-Libertadores,co,Santa Fe,ar,River Plate
Copa Libertadores de América,M,,2021,,Group stage,3,Thu,2021-05-06,22:00,Dep La Guaira ve,0.0,0.3,co CD América,0.0,1.8,,Estadio Olímpico,Andrés Merlos,,https://fbref.com/en/matches/826e298a/Deportivo-La-Guaira-CD-America-May-6-2021-Copa-Libertadores,ve,Dep La Guaira,co,CD América
Copa Libertadores de América,M,,2021,,Group stage,4,Tue,2021-05-11,18:15,The Strongest bo,2.0,1.4,ec Barcelona,0.0,0.8,,Estadio Hernando Siles,Ángel Arteaga,,https://fbref.com/en/matches/2113c7ff/The-Strongest-Barcelona-May-11-2021-Copa-Libertadores,bo,The Strongest,ec,Barcelona
Copa Libertadores de América,M,,2021,,Group stage,4,Tue,2021-05-11,18:15,Dep Táchira ve,2.0,2.8,br Internacional,1.0,2.6,,Estadio Polideportivo de Pueblo Nuevo,Wilmar Roldán,,https://fbref.com/en/matches/97077444/Deportivo-Tachira-Internacional-May-11-2021-Copa-Libertadores,ve,Dep Táchira,br,Internacional
Copa Libertadores de América,M,,2021,,Group stage,4,Tue,2021-05-11,19:15,Santos br,1.0,0.5,ar Boca Juniors,0.0,0.7,,Estádio Urbano Caldeira,Christian Ferreyra,,https://fbref.com/en/matches/7e7192a2/Santos-Boca-Juniors-May-11-2021-Copa-Libertadores,br,Santos,ar,Boca Juniors
Copa Libertadores de América,M,,2021,,Group stage,4,Tue,2021-05-11,19:30,Sporting Cristal pe,0.0,1.8,ar Racing Club,2.0,0.8,,Estadio Nacional,John J. Ospina,,https://fbref.com/en/matches/439b52cc/Sporting-Cristal-Racing-Club-May-11-2021-Copa-Libertadores,pe,Sporting Cristal,ar,Racing Club
Copa Libertadores de América,M,,2021,,Group stage,4,Tue,2021-05-11,19:30,Independiente ec,0.0,1.0,br Palmeiras,1.0,1.0,,Estadio Rodrigo Paz Delgado,Jesús Valenzuela,,https://fbref.com/en/matches/12f11928/Independiente-del-Valle-Palmeiras-May-11-2021-Copa-Libertadores,ec,Independiente,br,Palmeiras
Copa Libertadores de América,M,,2021,,Group stage,4,Tue,2021-05-11,20:30,La Calera cl,2.0,1.1,br Flamengo,2.0,2.2,,Estadio Municipal Nicolás Chahuán Nazar,Andrés Rojas,,https://fbref.com/en/matches/631cd8ea/La-Calera-Flamengo-May-11-2021-Copa-Libertadores,cl,La Calera,br,Flamengo
Copa Libertadores de América,M,,2021,,Group stage,4,Wed,2021-05-12,19:00,Rentistas uy,1.0,0.5,br São Paulo,1.0,1.9,,Estadio Centenario,José Argote,,https://fbref.com/en/matches/ec8726f1/Rentistas-Sao-Paulo-May-12-2021-Copa-Libertadores,uy,Rentistas,br,São Paulo
Copa Libertadores de América,M,,2021,,Group stage,4,Wed,2021-05-12,19:00,Arg Juniors ar,0.0,0.8,cl Univ Católica,1.0,0.9,,Estadio Diego Armando Maradona,Wilton Pereira Sampaio,,https://fbref.com/en/matches/0ecaba05/Argentinos-Juniors-Universidad-Catolica-May-12-2021-Copa-Libertadores,ar,Arg Juniors,cl,Univ Católica
Copa Libertadores de América,M,,2021,,Group stage,4,Wed,2021-05-12,19:00,Junior co,1.0,1.6,ar River Plate,1.0,0.6,,Estadio Metropolitano Roberto Meléndez,Esteban Ostojich,,https://fbref.com/en/matches/fdbf24e8/Junior-River-Plate-May-12-2021-Copa-Libertadores,co,Junior,ar,River Plate
Copa Libertadores de América,M,,2021,,Group stage,4,Wed,2021-05-12,20:00,Dep La Guaira ve,0.0,0.9,py Cerro Porteño,1.0,1.7,,Estadio Olímpico,Facundo Tello,,https://fbref.com/en/matches/7f876869/Deportivo-La-Guaira-Cerro-Porteno-May-12-2021-Copa-Libertadores,ve,Dep La Guaira,py,Cerro Porteño
Copa Libertadores de América,M,,2021,,Group stage,4,Wed,2021-05-12,21:00,Fluminense br,2.0,1.3,co Santa Fe,1.0,1.3,,Estadio Jornalista Mário Filho,Eber Aguino,,https://fbref.com/en/matches/92283ab5/Fluminense-Santa-Fe-May-12-2021-Copa-Libertadores,br,Fluminense,co,Santa Fe
Copa Libertadores de América,M,,2021,,Group stage,4,Wed,2021-05-12,21:00,Universitario pe,1.0,1.3,ar Defensa y Just,1.0,1.1,,Estadio Monumental,Nicolás Gallo,,https://fbref.com/en/matches/f9954e91/Universitario-Defensa-y-Justicia-May-12-2021-Copa-Libertadores,pe,Universitario,ar,Defensa y Just
Copa Libertadores de América,M,,2021,,Group stage,4,Wed,2021-05-12,22:00,Nacional co,0.0,1.8,uy Nacional,0.0,0.4,,Estadio Hernán Ramírez Villegas,Diego Haro,,https://fbref.com/en/matches/81a2dde0/Atletico-Nacional-Nacional-May-12-2021-Copa-Libertadores,co,Nacional,uy,Nacional
Copa Libertadores de América,M,,2021,,Group stage,4,Thu,2021-05-13,19:00,Vélez Sarsfield ar,3.0,2.5,ec LDU de Quito,1.0,1.0,,Estadio José Amalfitani,Andrés Matonte,,https://fbref.com/en/matches/a3c8d52a/Velez-Sarsfield-LDU-de-Quito-May-13-2021-Copa-Libertadores,ar,Vélez Sarsfield,ec,LDU de Quito
Copa Libertadores de América,M,,2021,,Group stage,4,Thu,2021-05-13,19:00,CD América co,1.0,1.1,br Atlético Mineiro,3.0,2.7,,Estadio Alfonso López,Andrés Cunha,,https://fbref.com/en/matches/514763b1/CD-America-Atletico-Mineiro-May-13-2021-Copa-Libertadores,co,CD América,br,Atlético Mineiro
Copa Libertadores de América,M,,2021,,Group stage,4,Thu,2021-05-13,20:00,Always Ready bo,1.0,1.6,py Olimpia,2.0,2.2,,Estadio Hernando Siles,Darío Herrera,,https://fbref.com/en/matches/4ab2a512/Always-Ready-Club-Olimpia-May-13-2021-Copa-Libertadores,bo,Always Ready,py,Olimpia
Copa Libertadores de América,M,,2021,,Group stage,5,Tue,2021-05-18,18:15,The Strongest bo,2.0,2.4,br Santos,1.0,0.8,,Estadio Hernando Siles,Diego Haro,,https://fbref.com/en/matches/865fe403/The-Strongest-Santos-May-18-2021-Copa-Libertadores,bo,The Strongest,br,Santos
Copa Libertadores de América,M,,2021,,Group stage,5,Tue,2021-05-18,19:15,Nacional uy,1.0,0.8,cl Univ Católica,0.0,1.1,200.0,Estadio Gran Parque Central,Raphael Claus,,https://fbref.com/en/matches/0dae41aa/Nacional-Universidad-Catolica-May-18-2021-Copa-Libertadores,uy,Nacional,cl,Univ Católica
Copa Libertadores de América,M,,2021,,Group stage,5,Tue,2021-05-18,19:15,Palmeiras br,3.0,1.4,ar Defensa y Just,4.0,1.2,200.0,Allianz Parque,Andrés Cunha,,https://fbref.com/en/matches/393436b1/Palmeiras-Defensa-y-Justicia-May-18-2021-Copa-Libertadores,br,Palmeiras,ar,Defensa y Just
Copa Libertadores de América,M,,2021,,Group stage,5,Tue,2021-05-18,19:30,Universitario pe,3.0,2.3,ec Independiente,2.0,1.6,,Estadio Monumental,Piero Maza,,https://fbref.com/en/matches/3a50a35a/Universitario-Independiente-del-Valle-May-18-2021-Copa-Libertadores,pe,Universitario,ec,Independiente
Copa Libertadores de América,M,,2021,,Group stage,5,Tue,2021-05-18,21:30,Fluminense br,1.0,1.2,co Junior,2.0,0.5,,Estadio Jornalista Mário Filho,Roberto Tobar,,https://fbref.com/en/matches/cf199384/Fluminense-Junior-May-18-2021-Copa-Libertadores,br,Fluminense,co,Junior
Copa Libertadores de América,M,,2021,,Group stage,5,Tue,2021-05-18,21:30,São Paulo br,0.0,1.3,ar Racing Club,1.0,0.2,,Estádio do Morumbi,Jesús Valenzuela,,https://fbref.com/en/matches/f4318e51/Sao-Paulo-Racing-Club-May-18-2021-Copa-Libertadores,br,São Paulo,ar,Racing Club
Copa Libertadores de América,M,,2021,,Group stage,5,Wed,2021-05-19,17:00,Sporting Cristal pe,2.0,0.7,uy Rentistas,0.0,0.9,,Estadio Nacional,Franklin Congo,,https://fbref.com/en/matches/f8b1f811/Sporting-Cristal-Rentistas-May-19-2021-Copa-Libertadores,pe,Sporting Cristal,uy,Rentistas
Copa Libertadores de América,M,,2021,,Group stage,5,Wed,2021-05-19,19:00,Vélez Sarsfield ar,2.0,1.6,cl La Calera,1.0,0.3,,Estadio José Amalfitani,Derlis López,,https://fbref.com/en/matches/6f012c9c/Velez-Sarsfield-La-Calera-May-19-2021-Copa-Libertadores,ar,Vélez Sarsfield,cl,La Calera
Copa Libertadores de América,M,,2021,,Group stage,5,Wed,2021-05-19,20:00,Cerro Porteño py,0.0,0.6,br Atlético Mineiro,1.0,0.9,,Estadio General Pablo Rojas,Esteban Ostojich,,https://fbref.com/en/matches/3d6b0419/Cerro-Porteno-Atletico-Mineiro-May-19-2021-Copa-Libertadores,py,Cerro Porteño,br,Atlético Mineiro
Copa Libertadores de América,M,,2021,,Group stage,5,Wed,2021-05-19,21:00,CD América co,3.0,2.8,ve Dep La Guaira,1.0,1.6,,Estadio Alfonso López,Darío Herrera,,https://fbref.com/en/matches/054a1620/CD-America-Deportivo-La-Guaira-May-19-2021-Copa-Libertadores,co,CD América,ve,Dep La Guaira
Copa Libertadores de América,M,,2021,,Group stage,5,Wed,2021-05-19,21:00,Flamengo br,2.0,1.0,ec LDU de Quito,2.0,0.6,,Estadio Jornalista Mário Filho,Alexis Herrera,,https://fbref.com/en/matches/07394a91/Flamengo-LDU-de-Quito-May-19-2021-Copa-Libertadores,br,Flamengo,ec,LDU de Quito
Copa Libertadores de América,M,,2021,,Group stage,5,Wed,2021-05-19,21:00,River Plate ar,2.0,1.5,co Santa Fe,1.0,1.2,,Estadio Monumental Antonio Vespucio Libe...,Víctor Carrillo,,https://fbref.com/en/matches/d15f5dcb/River-Plate-Santa-Fe-May-19-2021-Copa-Libertadores,ar,River Plate,co,Santa Fe
Copa Libertadores de América,M,,2021,,Group stage,5,Wed,2021-05-19,22:00,Dep Táchira ve,7.0,2.6,bo Always Ready,2.0,1.6,,Estadio Polideportivo de Pueblo Nuevo,John J. Ospina,,https://fbref.com/en/matches/1da0c99c/Deportivo-Tachira-Always-Ready-May-19-2021-Copa-Libertadores,ve,Dep Táchira,bo,Always Ready
Copa Libertadores de América,M,,2021,,Group stage,5,Thu,2021-05-20,19:00,Arg Juniors ar,1.0,0.9,co Nacional,0.0,0.2,,Estadio Diego Armando Maradona,Bruno Arleu de Araujo,,https://fbref.com/en/matches/7062d4bb/Argentinos-Juniors-Atletico-Nacional-May-20-2021-Copa-Libertadores,ar,Arg Juniors,co,Nacional
Copa Libertadores de América,M,,2021,,Group stage,5,Thu,2021-05-20,20:00,Olimpia py,0.0,0.5,br Internacional,1.0,1.5,,Estadio Defensores del Chaco,Néstor Pitana,,https://fbref.com/en/matches/31aa14d3/Club-Olimpia-Internacional-May-20-2021-Copa-Libertadores,py,Olimpia,br,Internacional
Copa Libertadores de América,M,,2021,,Group stage,5,Thu,2021-05-20,21:00,Boca Juniors ar,0.0,0.6,ec Barcelona,0.0,0.9,,Estadio Alberto José Armando,Wilmar Roldán,,https://fbref.com/en/matches/8b7620f9/Boca-Juniors-Barcelona-May-20-2021-Copa-Libertadores,ar,Boca Juniors,ec,Barcelona
Copa Libertadores de América,M,,2021,,Group stage,6,Tue,2021-05-25,17:15,Santa Fe co,0.0,1.1,co Junior,0.0,1.0,,Estadio Metropolitano de Techo,Andrés Cunha,,https://fbref.com/en/matches/d1d1db6a/Santa-Fe-Junior-May-25-2021-Copa-Libertadores,co,Santa Fe,co,Junior
Copa Libertadores de América,M,,2021,,Group stage,6,Tue,2021-05-25,19:15,River Plate ar,1.0,1.2,br Fluminense,3.0,1.7,,Estadio Monumental Antonio Vespucio Libe...,Esteban Ostojich,,https://fbref.com/en/matches/6466ef29/River-Plate-Fluminense-May-25-2021-Copa-Libertadores,ar,River Plate,br,Fluminense
Copa Libertadores de América,M,,2021,,Group stage,6,Tue,2021-05-25,20:30,Cerro Porteño py,1.0,0.4,co CD América,0.0,1.1,,Estadio General Pablo Rojas,Néstor Pitana,,https://fbref.com/en/matches/e562fb22/Cerro-Porteno-CD-America-May-25-2021-Copa-Libertadores,py,Cerro Porteño,co,CD América
Copa Libertadores de América,M,,2021,,Group stage,6,Tue,2021-05-25,21:30,Racing Club ar,3.0,1.8,uy Rentistas,0.0,2.3,,Estadio Presidente Juan Domingo Perón,Nicolás Gamboa,,https://fbref.com/en/matches/e913ccb8/Racing-Club-Rentistas-May-25-2021-Copa-Libertadores,ar,Racing Club,uy,Rentistas
Copa Libertadores de América,M,,2021,,Group stage,6,Tue,2021-05-25,21:30,São Paulo br,3.0,2.1,pe Sporting Cristal,0.0,0.1,,Estádio do Morumbi,Wilmar Roldán,,https://fbref.com/en/matches/8fdd360b/Sao-Paulo-Sporting-Cristal-May-25-2021-Copa-Libertadores,br,São Paulo,pe,Sporting Cristal
Copa Libertadores de América,M,,2021,,Group stage,6,Tue,2021-05-25,21:30,Atlético Mineiro br,4.0,3.6,ve Dep La Guaira,0.0,0.3,,Estádio Governador Magalhães Pinto,Nicolás Lamolina,,https://fbref.com/en/matches/6b5a55e7/Atletico-Mineiro-Deportivo-La-Guaira-May-25-2021-Copa-Libertadores,br,Atlético Mineiro,ve,Dep La Guaira
Copa Libertadores de América,M,,2021,,Group stage,6,Wed,2021-05-26,18:00,Olimpia py,6.0,2.9,ve Dep Táchira,2.0,0.6,,Estadio Defensores del Chaco,Diego Haro,,https://fbref.com/en/matches/c6e38a0f/Club-Olimpia-Deportivo-Tachira-May-26-2021-Copa-Libertadores,py,Olimpia,ve,Dep Táchira
Copa Libertadores de América,M,,2021,,Group stage,6,Wed,2021-05-26,19:00,Internacional br,0.0,1.7,bo Always Ready,0.0,0.5,,Estádio José Pinheiro Borba,Patricio Loustau,,https://fbref.com/en/matches/f5ac971d/Internacional-Always-Ready-May-26-2021-Copa-Libertadores,br,Internacional,bo,Always Ready
Copa Libertadores de América,M,,2021,,Group stage,6,Wed,2021-05-26,19:00,Barcelona ec,3.0,1.1,br Santos,1.0,1.2,,Estadio Monumental Isidro Romero Carbo,Andrés Rojas,,https://fbref.com/en/matches/08dfb1a8/Barcelona-Santos-May-26-2021-Copa-Libertadores,ec,Barcelona,br,Santos
Copa Libertadores de América,M,,2021,,Group stage,6,Wed,2021-05-26,21:00,Boca Juniors ar,3.0,1.4,bo The Strongest,0.0,0.1,,Estadio Alberto José Armando,Roberto Tobar,,https://fbref.com/en/matches/322943fb/Boca-Juniors-The-Strongest-May-26-2021-Copa-Libertadores,ar,Boca Juniors,bo,The Strongest
Copa Libertadores de América,M,,2021,,Group stage,6,Wed,2021-05-26,22:00,Univ Católica cl,2.0,1.3,co Nacional,0.0,1.2,,Estadio San Carlos de Apoquindo,Wilton Sampaio,,https://fbref.com/en/matches/630417e5/Universidad-Catolica-Atletico-Nacional-May-26-2021-Copa-Libertadores,cl,Univ Católica,co,Nacional
Copa Libertadores de América,M,,2021,,Group stage,6,Wed,2021-05-26,23:00,Nacional uy,2.0,1.7,ar Arg Juniors,0.0,1.1,,Estadio Gran Parque Central,Eber Aguino,,https://fbref.com/en/matches/ea80f67c/Nacional-Argentinos-Juniors-May-26-2021-Copa-Libertadores,uy,Nacional,ar,Arg Juniors
Copa Libertadores de América,M,,2021,,Group stage,6,Thu,2021-05-27,19:00,Defensa y Just ar,1.0,0.6,ec Independiente,1.0,2.4,,Estadio Norberto Tito Tomaghello,Edina Alves Batista,,https://fbref.com/en/matches/d9ef9129/Defensa-y-Justicia-Independiente-del-Valle-May-27-2021-Copa-Libertadores,ar,Defensa y Just,ec,Independiente
Copa Libertadores de América,M,,2021,,Group stage,6,Thu,2021-05-27,19:00,Palmeiras br,6.0,4.4,pe Universitario,0.0,0.1,,Allianz Parque,Cristián Garay,,https://fbref.com/en/matches/cb8e9992/Palmeiras-Universitario-May-27-2021-Copa-Libertadores,br,Palmeiras,pe,Universitario
Copa Libertadores de América,M,,2021,,Group stage,6,Thu,2021-05-27,19:00,LDU de Quito ec,5.0,2.9,cl La Calera,2.0,1.9,,Estadio Rodrigo Paz Delgado,Carlos Betancourt,,https://fbref.com/en/matches/cdaa902f/LDU-de-Quito-La-Calera-May-27-2021-Copa-Libertadores,ec,LDU de Quito,cl,La Calera
Copa Libertadores de América,M,,2021,,Group stage,6,Thu,2021-05-27,21:00,Flamengo br,0.0,1.4,ar Vélez Sarsfield,0.0,0.5,,Estadio Jornalista Mário Filho,Leodán González,,https://fbref.com/en/matches/a98589dc/Flamengo-Velez-Sarsfield-May-27-2021-Copa-Libertadores,br,Flamengo,ar,Vélez Sarsfield
Copa Libertadores de América,M,,2022,,Round of 16,,Tue,2022-06-28,17:15,CS Emelec ec,1.0,1.4,br Atlético Mineiro,1.0,1.7,,Estadio Banco del Pacífico,Fernando Rapallini,Leg 1 of 2,https://fbref.com/en/matches/390b6cd5/CS-Emelec-Atletico-Mineiro-June-28-2022-Copa-Libertadores,ec,CS Emelec,br,Atlético Mineiro
Copa Libertadores de América,M,,2022,,Round of 16,,Tue,2022-06-28,21:30,Corinthians br,0.0,1.7,ar Boca Juniors,0.0,0.7,,Neo Química Arena,Roberto Tobar,Leg 1 of 2,https://fbref.com/en/matches/7871dab2/Corinthians-Boca-Juniors-June-28-2022-Copa-Libertadores,br,Corinthians,ar,Boca Juniors
Copa Libertadores de América,M,,2022,,Round of 16,,Tue,2022-06-28,21:30,Ath Paranaense br,2.0,1.4,py Libertad,1.0,1.3,,Estádio Joaquim Américo Guimarães,Alexis Herrera,Leg 1 of 2,https://fbref.com/en/matches/8aa5ffde/Athletico-Paranaense-Libertad-June-28-2022-Copa-Libertadores,br,Ath Paranaense,py,Libertad
Copa Libertadores de América,M,,2022,,Round of 16,,Wed,2022-06-29,18:15,Cerro Porteño py,0.0,0.4,br Palmeiras,3.0,4.0,,Estadio General Pablo Rojas,Wilmar Roldán,Leg 1 of 2,https://fbref.com/en/matches/534206ca/Cerro-Porteno-Palmeiras-June-29-2022-Copa-Libertadores,py,Cerro Porteño,br,Palmeiras
Copa Libertadores de América,M,,2022,,Round of 16,,Wed,2022-06-29,19:15,Talleres ar,1.0,1.2,ar Colón,1.0,0.4,,Estadio Mario Alberto Kempes,Wilton Sampaio,Leg 1 of 2,https://fbref.com/en/matches/a035d345/Talleres-Colon-June-29-2022-Copa-Libertadores,ar,Talleres,ar,Colón
Copa Libertadores de América,M,,2022,,Round of 16,,Wed,2022-06-29,19:30,Tolima co,0.0,1.0,br Flamengo,1.0,0.3,,Estadio Manuel Murillo Toro,Jesús Valenzuela,Leg 1 of 2,https://fbref.com/en/matches/d488f3b7/Tolima-Flamengo-June-29-2022-Copa-Libertadores,co,Tolima,br,Flamengo
Copa Libertadores de América,M,,2022,,Round of 16,,Wed,2022-06-29,21:30,Vélez Sarsfield ar,1.0,1.8,ar River Plate,0.0,0.5,,Estadio José Amalfitani,Raphael Claus,Leg 1 of 2,https://fbref.com/en/matches/33c22de6/Velez-Sarsfield-River-Plate-June-29-2022-Copa-Libertadores,ar,Vélez Sarsfield,ar,River Plate
Copa Libertadores de América,M,,2022,,Round of 16,,Thu,2022-06-30,21:30,Fortaleza br,1.0,0.8,ar Estudiantes–LP,1.0,0.9,,Estádio Castelão,Andrés Matonte,Leg 1 of 2,https://fbref.com/en/matches/dc58b50b/Fortaleza-Estudiantes-LP-June-30-2022-Copa-Libertadores,br,Fortaleza,ar,Estudiantes–LP
Copa Libertadores de América,M,,2022,,Round of 16,,Tue,2022-07-05,19:15,Atlético Mineiro br,1.0,2.0,ec CS Emelec,0.0,0.2,,Estádio Governador Magalhães Pinto,Jesús Valenzuela,Leg 2 of 2; Atlético Mineiro won,https://fbref.com/en/matches/bdbebfa5/Atletico-Mineiro-CS-Emelec-July-5-2022-Copa-Libertadores,br,Atlético Mineiro,ec,CS Emelec
Copa Libertadores de América,M,,2022,,Round of 16,,Tue,2022-07-05,20:30,Libertad py,1.0,1.8,br Ath Paranaense,1.0,1.6,12735.0,Estadio Defensores del Chaco,Andrés Cunha,Leg 2 of 2; Ath Paranaense won,https://fbref.com/en/matches/4d32dbee/Libertad-Athletico-Paranaense-July-5-2022-Copa-Libertadores,py,Libertad,br,Ath Paranaense
Copa Libertadores de América,M,,2022,,Round of 16,,Tue,2022-07-05,21:30,Boca Juniors ar,0.0,1.9,br Corinthians,0.0,0.1,,Estadio Alberto José Armando,Andrés Matonte,Leg 2 of 2; Corinthians won; Corinthians won on penalty kicks following extra time,https://fbref.com/en/matches/54eb6120/Boca-Juniors-Corinthians-July-5-2022-Copa-Libertadores,ar,Boca Juniors,br,Corinthians
Copa Libertadores de América,M,,2022,,Round of 16,,Wed,2022-07-06,19:15,Colón ar,0.0,0.2,ar Talleres,2.0,1.5,17235.0,Estadio Brigadier General Estanislao Lóp...,Anderson Daronco,Leg 2 of 2; Talleres won,https://fbref.com/en/matches/0a0a5c23/Colon-Talleres-July-6-2022-Copa-Libertadores,ar,Colón,ar,Talleres
Copa Libertadores de América,M,,2022,,Round of 16,,Wed,2022-07-06,19:15,Palmeiras br,5.0,2.3,py Cerro Porteño,0.0,0.4,37431.0,Allianz Parque,Patricio Loustau,Leg 2 of 2; Palmeiras won,https://fbref.com/en/matches/a5e34f0a/Palmeiras-Cerro-Porteno-July-6-2022-Copa-Libertadores,br,Palmeiras,py,Cerro Porteño
Copa Libertadores de América,M,,2022,,Round of 16,,Wed,2022-07-06,21:30,Flamengo br,7.0,4.5,co Tolima,1.0,0.6,61871.0,Estadio Jornalista Mário Filho,Mario Díaz de Vivar,Leg 2 of 2; Flamengo won,https://fbref.com/en/matches/812ae55b/Flamengo-Tolima-July-6-2022-Copa-Libertadores,br,Flamengo,co,Tolima
Copa Libertadores de América,M,,2022,,Round of 16,,Wed,2022-07-06,21:30,River Plate ar,0.0,1.2,ar Vélez Sarsfield,0.0,0.7,,Estadio Monumental Antonio Vespucio Libe...,Roberto Tobar,Leg 2 of 2; Vélez Sarsfield won,https://fbref.com/en/matches/ddef36d1/River-Plate-Velez-Sarsfield-July-6-2022-Copa-Libertadores,ar,River Plate,ar,Vélez Sarsfield
Copa Libertadores de América,M,,2022,,Round of 16,,Thu,2022-07-07,21:30,Estudiantes–LP ar,3.0,2.0,br Fortaleza,0.0,0.1,19942.0,Estadio Jorge Luis Hirschi,Esteban Ostojich,Leg 2 of 2; Estudiantes–LP won,https://fbref.com/en/matches/e16f8bbe/Estudiantes-LP-Fortaleza-July-7-2022-Copa-Libertadores,ar,Estudiantes–LP,br,Fortaleza
Copa Libertadores de América,M,,2022,,Quarter-finals,,Tue,2022-08-02,21:30,Corinthians br,0.0,0.5,br Flamengo,2.0,0.9,,Neo Química Arena,Patricio Loustau,Leg 1 of 2,https://fbref.com/en/matches/b53dde16/Corinthians-Flamengo-August-2-2022-Copa-Libertadores,br,Corinthians,br,Flamengo
Copa Libertadores de América,M,,2022,,Quarter-finals,,Wed,2022-08-03,21:30,Vélez Sarsfield ar,3.0,1.2,ar Talleres,2.0,0.7,,Estadio José Amalfitani,Wilmar Roldán,Leg 1 of 2,https://fbref.com/en/matches/e5cedc0d/Velez-Sarsfield-Talleres-August-3-2022-Copa-Libertadores,ar,Vélez Sarsfield,ar,Talleres
Copa Libertadores de América,M,,2022,,Quarter-finals,,Wed,2022-08-03,21:30,Atlético Mineiro br,2.0,2.2,br Palmeiras,2.0,2.2,,Estádio Governador Magalhães Pinto,Facundo Tello,Leg 1 of 2,https://fbref.com/en/matches/5f72adbf/Atletico-Mineiro-Palmeiras-August-3-2022-Copa-Libertadores,br,Atlético Mineiro,br,Palmeiras
Copa Libertadores de América,M,,2022,,Quarter-finals,,Thu,2022-08-04,21:30,Ath Paranaense br,0.0,1.1,ar Estudiantes–LP,0.0,0.8,,Estádio Joaquim Américo Guimarães,Jesús Valenzuela,Leg 1 of 2,https://fbref.com/en/matches/3b960316/Athletico-Paranaense-Estudiantes-LP-August-4-2022-Copa-Libertadores,br,Ath Paranaense,ar,Estudiantes–LP
Copa Libertadores de América,M,,2022,,Quarter-finals,,Tue,2022-08-09,21:30,Flamengo br,1.0,2.1,br Corinthians,0.0,0.5,,Estadio Jornalista Mário Filho,Esteban Ostojich,Leg 2 of 2; Flamengo won,https://fbref.com/en/matches/e204ba14/Flamengo-Corinthians-August-9-2022-Copa-Libertadores,br,Flamengo,br,Corinthians
Copa Libertadores de América,M,,2022,,Quarter-finals,,Wed,2022-08-10,21:30,Palmeiras br,0.0,0.6,br Atlético Mineiro,0.0,0.5,,Allianz Parque,Wilmar Roldán,Leg 2 of 2; Palmeiras won; Palmeiras won on penalty kicks following extra time,https://fbref.com/en/matches/47126b45/Palmeiras-Atletico-Mineiro-August-10-2022-Copa-Libertadores,br,Palmeiras,br,Atlético Mineiro
Copa Libertadores de América,M,,2022,,Quarter-finals,,Wed,2022-08-10,21:30,Talleres ar,0.0,0.5,ar Vélez Sarsfield,1.0,0.8,,Estadio Mario Alberto Kempes,Eber Aquino,Leg 2 of 2; Vélez Sarsfield won,https://fbref.com/en/matches/05efbab7/Talleres-Velez-Sarsfield-August-10-2022-Copa-Libertadores,ar,Talleres,ar,Vélez Sarsfield
Copa Libertadores de América,M,,2022,,Quarter-finals,,Thu,2022-08-11,21:30,Estudiantes–LP ar,0.0,1.4,br Ath Paranaense,1.0,0.4,,Estadio Jorge Luis Hirschi,Andrés Matonte,Leg 2 of 2; Ath Paranaense won,https://fbref.com/en/matches/91fbbfc6/Estudiantes-LP-Athletico-Paranaense-August-11-2022-Copa-Libertadores,ar,Estudiantes–LP,br,Ath Paranaense
Copa Libertadores de América,M,,2022,,Semi-finals,,Tue,2022-08-30,21:30,Ath Paranaense br,1.0,1.0,br Palmeiras,0.0,0.8,38963.0,Estádio Joaquim Américo Guimarães,Roberto Tobar,Leg 1 of 2,https://fbref.com/en/matches/b3bdba3a/Athletico-Paranaense-Palmeiras-August-30-2022-Copa-Libertadores,br,Ath Paranaense,br,Palmeiras
Copa Libertadores de América,M,,2022,,Semi-finals,,Wed,2022-08-31,21:30,Vélez Sarsfield ar,0.0,0.4,br Flamengo,4.0,2.8,,Estadio José Amalfitani,Wilmar Roldán,Leg 1 of 2,https://fbref.com/en/matches/21e10cc8/Velez-Sarsfield-Flamengo-August-31-2022-Copa-Libertadores,ar,Vélez Sarsfield,br,Flamengo
Copa Libertadores de América,M,,2022,,Semi-finals,,Tue,2022-09-06,21:30,Palmeiras br,2.0,1.3,br Ath Paranaense,2.0,1.2,,Allianz Parque,Esteban Ostojich,Leg 2 of 2; Ath Paranaense won,https://fbref.com/en/matches/0fb977af/Palmeiras-Athletico-Paranaense-September-6-2022-Copa-Libertadores,br,Palmeiras,br,Ath Paranaense
Copa Libertadores de América,M,,2022,,Semi-finals,,Wed,2022-09-07,21:30,Flamengo br,2.0,1.4,ar Vélez Sarsfield,1.0,0.7,,Estadio Jornalista Mário Filho,Piero Maza,Leg 2 of 2; Flamengo won,https://fbref.com/en/matches/8d46c67c/Flamengo-Velez-Sarsfield-September-7-2022-Copa-Libertadores,br,Flamengo,ar,Vélez Sarsfield
Copa Libertadores de América,M,,2022,,Final,,Sat,2022-10-29,15:00,Flamengo br,1.0,1.4,br Ath Paranaense,0.0,0.4,,Estadio Monumental Isidro Romero Carbo (Neutral Site),Patricio Loustau,,https://fbref.com/en/matches/4cf25a8c/Flamengo-Athletico-Paranaense-October-29-2022-Copa-Libertadores,br,Flamengo,br,Ath Paranaense
Copa Libertadores de América,M,,2022,,Group stage,1,Tue,2022-04-05,18:15,Olimpia py,0.0,1.1,py Cerro Porteño,0.0,1.2,,Estadio Defensores del Chaco,Anderson Daronco,,https://fbref.com/en/matches/9c626ab2/Club-Olimpia-Cerro-Porteno-April-5-2022-Copa-Libertadores,py,Olimpia,py,Cerro Porteño
Copa Libertadores de América,M,,2022,,Group stage,1,Tue,2022-04-05,18:15,Caracas ve,0.0,0.8,br Ath Paranaense,0.0,1.5,,Estadio Olímpico,Andrés Rojas,,https://fbref.com/en/matches/b71024e7/Caracas-Athletico-Paranaense-April-5-2022-Copa-Libertadores,ve,Caracas,br,Ath Paranaense
Copa Libertadores de América,M,,2022,,Group stage,1,Tue,2022-04-05,19:15,Colón ar,2.0,3.2,uy Peñarol,1.0,0.2,,Estadio Brigadier General Estanislao Lóp...,Wilton Sampaio,,https://fbref.com/en/matches/0335b7bd/Colon-Penarol-April-5-2022-Copa-Libertadores,ar,Colón,uy,Peñarol
Copa Libertadores de América,M,,2022,,Group stage,1,Tue,2022-04-05,19:30,Sporting Cristal pe,0.0,1.1,br Flamengo,2.0,0.7,,Estadio Nacional,John J. Ospina,,https://fbref.com/en/matches/6ee335d2/Sporting-Cristal-Flamengo-April-5-2022-Copa-Libertadores,pe,Sporting Cristal,br,Flamengo
Copa Libertadores de América,M,,2022,,Group stage,1,Tue,2022-04-05,19:30,AD Cali co,2.0,1.6,ar Boca Juniors,0.0,0.7,18695.0,Estadio Deportivo Cali,Jesús Valenzuela,,https://fbref.com/en/matches/3a0a3058/AD-Cali-Boca-Juniors-April-5-2022-Copa-Libertadores,co,AD Cali,ar,Boca Juniors
Copa Libertadores de América,M,,2022,,Group stage,1,Tue,2022-04-05,20:30,Always Ready bo,2.0,1.3,br Corinthians,0.0,0.7,4536.0,Estadio Hernando Siles,Piero Maza,,https://fbref.com/en/matches/fd0a9895/Always-Ready-Corinthians-April-5-2022-Copa-Libertadores,bo,Always Ready,br,Corinthians
Copa Libertadores de América,M,,2022,,Group stage,1,Wed,2022-04-06,19:00,RB Bragantino br,2.0,1.9,uy Nacional,0.0,1.0,,Estádio Nabi Abi Chedid,Kevin Ortega,,https://fbref.com/en/matches/52428078/Red-Bull-Bragantino-Nacional-April-6-2022-Copa-Libertadores,br,RB Bragantino,uy,Nacional
Copa Libertadores de América,M,,2022,,Group stage,1,Wed,2022-04-06,19:00,América (MG) br,0.0,1.0,ec Independiente,2.0,2.5,,Estádio Raimundo Sampaio,Fernando Rapallini,,https://fbref.com/en/matches/0ed99505/America-MG-Independiente-del-Valle-April-6-2022-Copa-Libertadores,br,América (MG),ec,Independiente
Copa Libertadores de América,M,,2022,,Group stage,1,Wed,2022-04-06,19:00,Talleres ar,1.0,1.2,cl Univ Católica,0.0,0.5,,Estadio Mario Alberto Kempes,Gustavo Tejera,,https://fbref.com/en/matches/b3c17212/Talleres-Universidad-Catolica-April-6-2022-Copa-Libertadores,ar,Talleres,cl,Univ Católica
Copa Libertadores de América,M,,2022,,Group stage,1,Wed,2022-04-06,19:00,Alianza Lima pe,0.0,0.3,ar River Plate,1.0,1.3,,Estadio Nacional,Wilmar Roldán,,https://fbref.com/en/matches/45da9ed0/Alianza-Lima-River-Plate-April-6-2022-Copa-Libertadores,pe,Alianza Lima,ar,River Plate
Copa Libertadores de América,M,,2022,,Group stage,1,Wed,2022-04-06,19:00,Tolima co,0.0,1.1,br Atlético Mineiro,2.0,1.0,,Estadio Manuel Murillo Toro,Alexis Herrera,,https://fbref.com/en/matches/a7f421b9/Tolima-Atletico-Mineiro-April-6-2022-Copa-Libertadores,co,Tolima,br,Atlético Mineiro
Copa Libertadores de América,M,,2022,,Group stage,1,Wed,2022-04-06,20:00,Dep Táchira ve,0.0,0.9,br Palmeiras,4.0,2.5,,Estadio Polideportivo de Pueblo Nuevo,Darío Herrera,,https://fbref.com/en/matches/0c2b92d0/Deportivo-Tachira-Palmeiras-April-6-2022-Copa-Libertadores,ve,Dep Táchira,br,Palmeiras
Copa Libertadores de América,M,,2022,,Group stage,1,Wed,2022-04-06,22:00,Indep Petrolero bo,1.0,0.7,ec CS Emelec,1.0,1.0,,Estadio Olímpico Patria,Cristián Garay,,https://fbref.com/en/matches/5caa75b4/Independiente-Petrolero-CS-Emelec-April-6-2022-Copa-Libertadores,bo,Indep Petrolero,ec,CS Emelec
Copa Libertadores de América,M,,2022,,Group stage,1,Thu,2022-04-07,19:00,Fortaleza br,1.0,1.9,cl Colo-Colo,2.0,1.3,,Estádio Castelão,Andrés Cunha,,https://fbref.com/en/matches/13c23204/Fortaleza-Colo-Colo-April-7-2022-Copa-Libertadores,br,Fortaleza,cl,Colo-Colo
Copa Libertadores de América,M,,2022,,Group stage,1,Thu,2022-04-07,21:00,Estudiantes–LP ar,4.0,3.2,ar Vélez Sarsfield,1.0,1.9,16803.0,Estadio Jorge Luis Hirschi,Eber Aquino,,https://fbref.com/en/matches/fc7551f1/Estudiantes-LP-Velez-Sarsfield-April-7-2022-Copa-Libertadores,ar,Estudiantes–LP,ar,Vélez Sarsfield
Copa Libertadores de América,M,,2022,,Group stage,1,Thu,2022-04-07,22:00,The Strongest bo,1.0,1.9,py Libertad,1.0,0.6,6079.0,Estadio Hernando Siles,Nicolás Gamboa,,https://fbref.com/en/matches/7a7c6ae6/The-Strongest-Libertad-April-7-2022-Copa-Libertadores,bo,The Strongest,py,Libertad
Copa Libertadores de América,M,,2022,,Group stage,2,Tue,2022-04-12,18:15,Cerro Porteño py,3.0,2.5,ar Colón,1.0,2.0,,Estadio General Pablo Rojas,Roberto Tobar,,https://fbref.com/en/matches/30929742/Cerro-Porteno-Colon-April-12-2022-Copa-Libertadores,py,Cerro Porteño,ar,Colón
Copa Libertadores de América,M,,2022,,Group stage,2,Tue,2022-04-12,18:15,Univ Católica cl,2.0,0.9,pe Sporting Cristal,1.0,1.6,,Estadio San Carlos de Apoquindo,Leodán González,,https://fbref.com/en/matches/7fc543a2/Universidad-Catolica-Sporting-Cristal-April-12-2022-Copa-Libertadores,cl,Univ Católica,pe,Sporting Cristal
Copa Libertadores de América,M,,2022,,Group stage,2,Tue,2022-04-12,19:15,Boca Juniors ar,2.0,2.2,bo Always Ready,0.0,0.2,,Estadio Alberto José Armando,Gustavo Tejera,,https://fbref.com/en/matches/c87a87f6/Boca-Juniors-Always-Ready-April-12-2022-Copa-Libertadores,ar,Boca Juniors,bo,Always Ready
Copa Libertadores de América,M,,2022,,Group stage,2,Tue,2022-04-12,21:30,Peñarol uy,2.0,0.5,py Olimpia,1.0,1.1,19813.0,Estadio Campeón del Siglo,Raphael Claus,,https://fbref.com/en/matches/823823bd/Penarol-Club-Olimpia-April-12-2022-Copa-Libertadores,uy,Peñarol,py,Olimpia
Copa Libertadores de América,M,,2022,,Group stage,2,Tue,2022-04-12,21:30,Flamengo br,3.0,1.3,ar Talleres,1.0,0.8,42915.0,Estadio Jornalista Mário Filho,Jesús Valenzuela,,https://fbref.com/en/matches/81097b55/Flamengo-Talleres-April-12-2022-Copa-Libertadores,br,Flamengo,ar,Talleres
Copa Libertadores de América,M,,2022,,Group stage,2,Tue,2022-04-12,21:30,Palmeiras br,8.0,2.5,bo Indep Petrolero,1.0,0.1,26409.0,Allianz Parque,Derlis López,,https://fbref.com/en/matches/9cdd9f2a/Palmeiras-Independiente-Petrolero-April-12-2022-Copa-Libertadores,br,Palmeiras,bo,Indep Petrolero
Copa Libertadores de América,M,,2022,,Group stage,2,Wed,2022-04-13,18:00,Libertad py,2.0,2.1,ve Caracas,1.0,1.1,,Estadio Defensores del Chaco,Facundo Tello,,https://fbref.com/en/matches/dd828f87/Libertad-Caracas-April-13-2022-Copa-Libertadores,py,Libertad,ve,Caracas
Copa Libertadores de América,M,,2022,,Group stage,2,Wed,2022-04-13,18:00,Colo-Colo cl,2.0,1.9,pe Alianza Lima,1.0,1.2,,Estadio Monumental David Arellano,Esteban Ostojich,,https://fbref.com/en/matches/f9ce709f/Colo-Colo-Alianza-Lima-April-13-2022-Copa-Libertadores,cl,Colo-Colo,pe,Alianza Lima
Copa Libertadores de América,M,,2022,,Group stage,2,Wed,2022-04-13,21:00,Corinthians br,1.0,1.5,co AD Cali,0.0,0.4,37708.0,Neo Química Arena,Eber Aquino,,https://fbref.com/en/matches/f982ad33/Corinthians-AD-Cali-April-13-2022-Copa-Libertadores,br,Corinthians,co,AD Cali
Copa Libertadores de América,M,,2022,,Group stage,2,Wed,2022-04-13,21:00,River Plate ar,2.0,2.7,br Fortaleza,0.0,0.9,,Estadio Monumental Antonio Vespucio Libe...,Andrés Matonte,,https://fbref.com/en/matches/5814c471/River-Plate-Fortaleza-April-13-2022-Copa-Libertadores,ar,River Plate,br,Fortaleza
Copa Libertadores de América,M,,2022,,Group stage,2,Wed,2022-04-13,21:00,Atlético Mineiro br,1.0,2.6,br América (MG),1.0,0.2,37312.0,Estádio Governador Magalhães Pinto,Patricio Loustau,,https://fbref.com/en/matches/f5f54d88/Atletico-Mineiro-America-MG-April-13-2022-Copa-Libertadores,br,Atlético Mineiro,br,América (MG)
Copa Libertadores de América,M,,2022,,Group stage,2,Wed,2022-04-13,21:00,Nacional uy,0.0,1.9,ar Estudiantes–LP,0.0,1.2,22339.0,Estadio Gran Parque Central,Wilmar Roldán,,https://fbref.com/en/matches/77feaad2/Nacional-Estudiantes-LP-April-13-2022-Copa-Libertadores,uy,Nacional,ar,Estudiantes–LP
Copa Libertadores de América,M,,2022,,Group stage,2,Wed,2022-04-13,21:00,Independiente ec,2.0,2.2,co Tolima,2.0,0.8,3699.0,Estadio banco Guayaquil,Kevin Ortega,,https://fbref.com/en/matches/dff2155a/Independiente-del-Valle-Tolima-April-13-2022-Copa-Libertadores,ec,Independiente,co,Tolima
Copa Libertadores de América,M,,2022,,Group stage,2,Thu,2022-04-14,19:00,Ath Paranaense br,1.0,2.2,bo The Strongest,0.0,0.2,,Estádio Joaquim Américo Guimarães,Darío Herrera,,https://fbref.com/en/matches/c4867d75/Athletico-Paranaense-The-Strongest-April-14-2022-Copa-Libertadores,br,Ath Paranaense,bo,The Strongest
Copa Libertadores de América,M,,2022,,Group stage,2,Thu,2022-04-14,21:00,CS Emelec ec,1.0,0.6,ve Dep Táchira,1.0,1.1,,Estadio Banco del Pacífico,Jhon Hinestroza,,https://fbref.com/en/matches/05f30419/CS-Emelec-Deportivo-Tachira-April-14-2022-Copa-Libertadores,ec,CS Emelec,ve,Dep Táchira
Copa Libertadores de América,M,,2022,,Group stage,2,Thu,2022-04-14,21:00,Vélez Sarsfield ar,2.0,1.5,br RB Bragantino,2.0,0.6,6826.0,Estadio José Amalfitani,John J. Ospina,,https://fbref.com/en/matches/82ce241f/Velez-Sarsfield-Red-Bull-Bragantino-April-14-2022-Copa-Libertadores,ar,Vélez Sarsfield,br,RB Bragantino
Copa Libertadores de América,M,,2022,,Group stage,3,Tue,2022-04-26,18:15,Indep Petrolero bo,1.0,1.4,ve Dep Táchira,2.0,1.9,,Estadio Olímpico Patria,Nicolás Gamboa,,https://fbref.com/en/matches/5bb90f8b/Independiente-Petrolero-Deportivo-Tachira-April-26-2022-Copa-Libertadores,bo,Indep Petrolero,ve,Dep Táchira
Copa Libertadores de América,M,,2022,,Group stage,3,Tue,2022-04-26,18:15,Libertad py,1.0,0.8,br Ath Paranaense,0.0,1.2,,Estadio Defensores del Chaco,Gustavo Tejera,,https://fbref.com/en/matches/c3a965f5/Libertad-Athletico-Paranaense-April-26-2022-Copa-Libertadores,py,Libertad,br,Ath Paranaense
Copa Libertadores de América,M,,2022,,Group stage,3,Tue,2022-04-26,19:15,Vélez Sarsfield ar,1.0,2.0,uy Nacional,2.0,1.5,,Estadio José Amalfitani,Eber Aquino,,https://fbref.com/en/matches/0ba2e368/Velez-Sarsfield-Nacional-April-26-2022-Copa-Libertadores,ar,Vélez Sarsfield,uy,Nacional
Copa Libertadores de América,M,,2022,,Group stage,3,Tue,2022-04-26,19:15,Estudiantes–LP ar,2.0,2.3,br RB Bragantino,0.0,0.5,,Estadio Jorge Luis Hirschi,Kevin Ortega,,https://fbref.com/en/matches/9b128058/Estudiantes-LP-Red-Bull-Bragantino-April-26-2022-Copa-Libertadores,ar,Estudiantes–LP,br,RB Bragantino
Copa Libertadores de América,M,,2022,,Group stage,3,Tue,2022-04-26,19:30,Independiente ec,1.0,2.0,br Atlético Mineiro,1.0,1.7,,Estadio banco Guayaquil,Fernando Rapallini,,https://fbref.com/en/matches/64edbf48/Independiente-del-Valle-Atletico-Mineiro-April-26-2022-Copa-Libertadores,ec,Independiente,br,Atlético Mineiro
Copa Libertadores de América,M,,2022,,Group stage,3,Tue,2022-04-26,21:30,Talleres ar,1.0,2.0,pe Sporting Cristal,0.0,0.3,,Estadio Mario Alberto Kempes,Mario Díaz de Vivar,,https://fbref.com/en/matches/620e8124/Talleres-Sporting-Cristal-April-26-2022-Copa-Libertadores,ar,Talleres,pe,Sporting Cristal
Copa Libertadores de América,M,,2022,,Group stage,3,Tue,2022-04-26,21:30,Corinthians br,2.0,1.2,ar Boca Juniors,0.0,0.3,,Neo Química Arena,Andrés Matonte,,https://fbref.com/en/matches/458878b8/Corinthians-Boca-Juniors-April-26-2022-Copa-Libertadores,br,Corinthians,ar,Boca Juniors
Copa Libertadores de América,M,,2022,,Group stage,3,Wed,2022-04-27,19:00,América (MG) br,2.0,1.9,co Tolima,3.0,2.2,4651.0,Estádio Raimundo Sampaio,Andrés Cunha,,https://fbref.com/en/matches/801f38d9/America-MG-Tolima-April-27-2022-Copa-Libertadores,br,América (MG),co,Tolima
Copa Libertadores de América,M,,2022,,Group stage,3,Wed,2022-04-27,19:00,Fortaleza br,2.0,2.0,pe Alianza Lima,1.0,0.4,32557.0,Estádio Castelão,Carlos Betancourt,,https://fbref.com/en/matches/8dfe4d92/Fortaleza-Alianza-Lima-April-27-2022-Copa-Libertadores,br,Fortaleza,pe,Alianza Lima
Copa Libertadores de América,M,,2022,,Group stage,3,Wed,2022-04-27,19:00,CS Emelec ec,1.0,0.9,br Palmeiras,3.0,2.3,,Estadio Banco del Pacífico,Patricio Loustau,,https://fbref.com/en/matches/512bd0ee/CS-Emelec-Palmeiras-April-27-2022-Copa-Libertadores,ec,CS Emelec,br,Palmeiras
Copa Libertadores de América,M,,2022,,Group stage,3,Wed,2022-04-27,20:00,Cerro Porteño py,1.0,1.1,uy Peñarol,0.0,0.8,,Estadio General Pablo Rojas,Wilmar Roldán,,https://fbref.com/en/matches/153eaef9/Cerro-Porteno-Penarol-April-27-2022-Copa-Libertadores,py,Cerro Porteño,uy,Peñarol
Copa Libertadores de América,M,,2022,,Group stage,3,Wed,2022-04-27,20:00,Colo-Colo cl,1.0,0.6,ar River Plate,2.0,1.4,,Estadio Monumental David Arellano,Alexis Herrera,,https://fbref.com/en/matches/3b6f3ac5/Colo-Colo-River-Plate-April-27-2022-Copa-Libertadores,cl,Colo-Colo,ar,River Plate
Copa Libertadores de América,M,,2022,,Group stage,3,Wed,2022-04-27,22:00,The Strongest bo,1.0,3.1,ve Caracas,1.0,0.9,,Estadio Hernando Siles,Guillermo Guerrero,,https://fbref.com/en/matches/c6290677/The-Strongest-Caracas-April-27-2022-Copa-Libertadores,bo,The Strongest,ve,Caracas
Copa Libertadores de América,M,,2022,,Group stage,3,Thu,2022-04-28,18:00,Univ Católica cl,2.0,0.9,br Flamengo,3.0,2.9,,Estadio San Carlos de Apoquindo,José Argote,,https://fbref.com/en/matches/f44cf2df/Universidad-Catolica-Flamengo-April-28-2022-Copa-Libertadores,cl,Univ Católica,br,Flamengo
Copa Libertadores de América,M,,2022,,Group stage,3,Thu,2022-04-28,20:00,Olimpia py,0.0,2.1,ar Colón,0.0,1.6,,Estadio Defensores del Chaco,Jesús Valenzuela,,https://fbref.com/en/matches/525e4542/Club-Olimpia-Colon-April-28-2022-Copa-Libertadores,py,Olimpia,ar,Colón
Copa Libertadores de América,M,,2022,,Group stage,3,Thu,2022-04-28,22:00,Always Ready bo,2.0,2.7,co AD Cali,2.0,2.4,,Estadio Hernando Siles,Augusto Aragón,,https://fbref.com/en/matches/28a3f959/Always-Ready-AD-Cali-April-28-2022-Copa-Libertadores,bo,Always Ready,co,AD Cali
Copa Libertadores de América,M,,2022,,Group stage,4,Tue,2022-05-03,18:15,The Strongest bo,5.0,2.6,br Ath Paranaense,0.0,0.8,,Estadio Hernando Siles,Augusto Menéndez,,https://fbref.com/en/matches/ad305da5/The-Strongest-Athletico-Paranaense-May-3-2022-Copa-Libertadores,bo,The Strongest,br,Ath Paranaense
Copa Libertadores de América,M,,2022,,Group stage,4,Tue,2022-05-03,18:15,Dep Táchira ve,1.0,1.2,ec CS Emelec,4.0,1.8,,Estadio Polideportivo de Pueblo Nuevo,Pablo Echavarría,,https://fbref.com/en/matches/23da0fa4/Deportivo-Tachira-CS-Emelec-May-3-2022-Copa-Libertadores,ve,Dep Táchira,ec,CS Emelec
Copa Libertadores de América,M,,2022,,Group stage,4,Tue,2022-05-03,18:15,Caracas ve,1.0,1.8,py Libertad,0.0,1.0,,Estadio Olímpico,Andrés Matonte,,https://fbref.com/en/matches/9aa1f5f7/Caracas-Libertad-May-3-2022-Copa-Libertadores,ve,Caracas,py,Libertad
Copa Libertadores de América,M,,2022,,Group stage,4,Tue,2022-05-03,20:30,Indep Petrolero bo,0.0,0.7,br Palmeiras,5.0,3.5,,Estadio Olímpico Patria,Nicolás Lamolina,,https://fbref.com/en/matches/6e7aced1/Independiente-Petrolero-Palmeiras-May-3-2022-Copa-Libertadores,bo,Indep Petrolero,br,Palmeiras
Copa Libertadores de América,M,,2022,,Group stage,4,Tue,2022-05-03,21:30,Estudiantes–LP ar,1.0,1.1,uy Nacional,0.0,0.3,,Estadio Jorge Luis Hirschi,Wilmar Roldán,,https://fbref.com/en/matches/97ab9da7/Estudiantes-LP-Nacional-May-3-2022-Copa-Libertadores,ar,Estudiantes–LP,uy,Nacional
Copa Libertadores de América,M,,2022,,Group stage,4,Tue,2022-05-03,21:30,América (MG) br,1.0,0.9,br Atlético Mineiro,2.0,1.6,,Estádio Raimundo Sampaio,Darío Herrera,,https://fbref.com/en/matches/724c2a1f/America-MG-Atletico-Mineiro-May-3-2022-Copa-Libertadores,br,América (MG),br,Atlético Mineiro
Copa Libertadores de América,M,,2022,,Group stage,4,Wed,2022-05-04,19:00,Colón ar,2.0,2.5,py Cerro Porteño,1.0,0.6,,Estadio Brigadier General Estanislao Lóp...,Raphael Claus,,https://fbref.com/en/matches/80c08054/Colon-Cerro-Porteno-May-4-2022-Copa-Libertadores,ar,Colón,py,Cerro Porteño
Copa Libertadores de América,M,,2022,,Group stage,4,Wed,2022-05-04,19:00,Talleres ar,2.0,1.0,br Flamengo,2.0,0.5,,Estadio Mario Alberto Kempes,Eber Aquino,,https://fbref.com/en/matches/936153db/Talleres-Flamengo-May-4-2022-Copa-Libertadores,ar,Talleres,br,Flamengo
Copa Libertadores de América,M,,2022,,Group stage,4,Wed,2022-05-04,19:00,AD Cali co,0.0,1.8,br Corinthians,0.0,2.1,,Estadio Deportivo Cali,Andrés Cunha,,https://fbref.com/en/matches/8211fa31/AD-Cali-Corinthians-May-4-2022-Copa-Libertadores,co,AD Cali,br,Corinthians
Copa Libertadores de América,M,,2022,,Group stage,4,Wed,2022-05-04,20:00,Olimpia py,1.0,0.7,uy Peñarol,0.0,0.7,,Estadio Defensores del Chaco,Anderson Daronco,,https://fbref.com/en/matches/1d8ec02f/Club-Olimpia-Penarol-May-4-2022-Copa-Libertadores,py,Olimpia,uy,Peñarol
Copa Libertadores de América,M,,2022,,Group stage,4,Wed,2022-05-04,20:00,Always Ready bo,0.0,1.0,ar Boca Juniors,1.0,1.6,,Estadio Hernando Siles,Kevin Ortega,,https://fbref.com/en/matches/bec5a39d/Always-Ready-Boca-Juniors-May-4-2022-Copa-Libertadores,bo,Always Ready,ar,Boca Juniors
Copa Libertadores de América,M,,2022,,Group stage,4,Wed,2022-05-04,21:00,Tolima co,1.0,1.5,ec Independiente,0.0,0.7,,Estadio Manuel Murillo Toro,Patricio Loustau,,https://fbref.com/en/matches/215c94af/Tolima-Independiente-del-Valle-May-4-2022-Copa-Libertadores,co,Tolima,ec,Independiente
Copa Libertadores de América,M,,2022,,Group stage,4,Wed,2022-05-04,21:00,Sporting Cristal pe,1.0,1.0,cl Univ Católica,1.0,1.2,,Estadio Nacional,Andrés Rojas,,https://fbref.com/en/matches/70f52dc0/Sporting-Cristal-Universidad-Catolica-May-4-2022-Copa-Libertadores,pe,Sporting Cristal,cl,Univ Católica
Copa Libertadores de América,M,,2022,,Group stage,4,Thu,2022-05-05,19:00,Fortaleza br,1.0,1.4,ar River Plate,1.0,2.2,,Estádio Castelão,Esteban Ostojich,,https://fbref.com/en/matches/aa849c4f/Fortaleza-River-Plate-May-5-2022-Copa-Libertadores,br,Fortaleza,ar,River Plate
Copa Libertadores de América,M,,2022,,Group stage,4,Thu,2022-05-05,21:00,RB Bragantino br,1.0,0.9,ar Vélez Sarsfield,1.0,1.0,,Estádio Nabi Abi Chedid,John J. Ospina,,https://fbref.com/en/matches/f8541a07/Red-Bull-Bragantino-Velez-Sarsfield-May-5-2022-Copa-Libertadores,br,RB Bragantino,ar,Vélez Sarsfield
Copa Libertadores de América,M,,2022,,Group stage,4,Thu,2022-05-05,21:00,Alianza Lima pe,1.0,0.5,cl Colo-Colo,1.0,3.0,,Estadio Alejandro Villanueva,Carlos Betancourt,,https://fbref.com/en/matches/43af223d/Alianza-Lima-Colo-Colo-May-5-2022-Copa-Libertadores,pe,Alianza Lima,cl,Colo-Colo
Copa Libertadores de América,M,,2022,,Group stage,5,Tue,2022-05-17,18:15,Caracas ve,0.0,0.6,bo The Strongest,0.0,0.5,,Estadio Olímpico,Darío Herrera,,https://fbref.com/en/matches/b3f99db0/Caracas-The-Strongest-May-17-2022-Copa-Libertadores,ve,Caracas,bo,The Strongest
Copa Libertadores de América,M,,2022,,Group stage,5,Tue,2022-05-17,19:15,RB Bragantino br,0.0,0.5,ar Estudiantes–LP,1.0,0.5,4769.0,Estádio Nabi Abi Chedid,Juan Benítez,,https://fbref.com/en/matches/84e523a7/Red-Bull-Bragantino-Estudiantes-LP-May-17-2022-Copa-Libertadores,br,RB Bragantino,ar,Estudiantes–LP
Copa Libertadores de América,M,,2022,,Group stage,5,Tue,2022-05-17,19:15,Peñarol uy,0.0,1.5,py Cerro Porteño,0.0,0.5,,Estadio Campeón del Siglo,Wilton Sampaio,,https://fbref.com/en/matches/ad170c74/Penarol-Cerro-Porteno-May-17-2022-Copa-Libertadores,uy,Peñarol,py,Cerro Porteño
Copa Libertadores de América,M,,2022,,Group stage,5,Tue,2022-05-17,19:30,Sporting Cristal pe,0.0,0.8,ar Talleres,0.0,0.8,,Estadio Nacional,Luis Quiroz,,https://fbref.com/en/matches/c630710c/Sporting-Cristal-Talleres-May-17-2022-Copa-Libertadores,pe,Sporting Cristal,ar,Talleres
Copa Libertadores de América,M,,2022,,Group stage,5,Tue,2022-05-17,21:30,Flamengo br,3.0,3.8,cl Univ Católica,0.0,1.1,43532.0,Estadio Jornalista Mário Filho,John J. Ospina,,https://fbref.com/en/matches/25ba4abc/Flamengo-Universidad-Catolica-May-17-2022-Copa-Libertadores,br,Flamengo,cl,Univ Católica
Copa Libertadores de América,M,,2022,,Group stage,5,Tue,2022-05-17,21:30,Boca Juniors ar,1.0,1.1,br Corinthians,1.0,0.1,,Estadio Alberto José Armando,Christian Ferreyra,,https://fbref.com/en/matches/9b5aa2f0/Boca-Juniors-Corinthians-May-17-2022-Copa-Libertadores,ar,Boca Juniors,br,Corinthians
Copa Libertadores de América,M,,2022,,Group stage,5,Wed,2022-05-18,19:00,Nacional uy,2.0,1.6,ar Vélez Sarsfield,3.0,1.7,,Estadio Gran Parque Central,Piero Maza,,https://fbref.com/en/matches/f4c7c58e/Nacional-Velez-Sarsfield-May-18-2022-Copa-Libertadores,uy,Nacional,ar,Vélez Sarsfield
Copa Libertadores de América,M,,2022,,Group stage,5,Wed,2022-05-18,19:00,Ath Paranaense br,2.0,1.3,py Libertad,0.0,0.5,,Estádio Joaquim Américo Guimarães,Patricio Loustau,,https://fbref.com/en/matches/b163d999/Athletico-Paranaense-Libertad-May-18-2022-Copa-Libertadores,br,Ath Paranaense,py,Libertad
Copa Libertadores de América,M,,2022,,Group stage,5,Wed,2022-05-18,19:00,Palmeiras br,1.0,2.8,ec CS Emelec,0.0,0.6,,Allianz Parque,Nicolás Gamboa,,https://fbref.com/en/matches/741669ec/Palmeiras-CS-Emelec-May-18-2022-Copa-Libertadores,br,Palmeiras,ec,CS Emelec
Copa Libertadores de América,M,,2022,,Group stage,5,Wed,2022-05-18,19:00,Tolima co,2.0,2.0,br América (MG),2.0,1.4,,Estadio Manuel Murillo Toro,Fernando Rapallini,,https://fbref.com/en/matches/33c06ffe/Tolima-America-MG-May-18-2022-Copa-Libertadores,co,Tolima,br,América (MG)
Copa Libertadores de América,M,,2022,,Group stage,5,Wed,2022-05-18,20:00,Dep Táchira ve,3.0,2.5,bo Indep Petrolero,0.0,0.3,,Estadio Polideportivo de Pueblo Nuevo,Carlos Benítez,,https://fbref.com/en/matches/e1b19cd5/Deportivo-Tachira-Independiente-Petrolero-May-18-2022-Copa-Libertadores,ve,Dep Táchira,bo,Indep Petrolero
Copa Libertadores de América,M,,2022,,Group stage,5,Wed,2022-05-18,21:00,Colón ar,2.0,1.0,py Olimpia,1.0,0.4,,Estadio Brigadier General Estanislao Lóp...,Wilmar Roldán,,https://fbref.com/en/matches/23077394/Colon-Club-Olimpia-May-18-2022-Copa-Libertadores,ar,Colón,py,Olimpia
Copa Libertadores de América,M,,2022,,Group stage,5,Wed,2022-05-18,21:00,Alianza Lima pe,0.0,1.0,br Fortaleza,2.0,2.3,,Estadio Alejandro Villanueva,Franklin Congo,,https://fbref.com/en/matches/2b22192b/Alianza-Lima-Fortaleza-May-18-2022-Copa-Libertadores,pe,Alianza Lima,br,Fortaleza
Copa Libertadores de América,M,,2022,,Group stage,5,Thu,2022-05-19,19:00,Atlético Mineiro br,3.0,2.5,ec Independiente,1.0,0.6,,Estádio Governador Magalhães Pinto,Esteban Ostojich,,https://fbref.com/en/matches/023f3889/Atletico-Mineiro-Independiente-del-Valle-May-19-2022-Copa-Libertadores,br,Atlético Mineiro,ec,Independiente
Copa Libertadores de América,M,,2022,,Group stage,5,Thu,2022-05-19,21:00,River Plate ar,4.0,3.7,cl Colo-Colo,0.0,0.7,,Estadio Monumental Antonio Vespucio Libe...,Andrés Matonte,,https://fbref.com/en/matches/660a21f0/River-Plate-Colo-Colo-May-19-2022-Copa-Libertadores,ar,River Plate,cl,Colo-Colo
Copa Libertadores de América,M,,2022,,Group stage,5,Thu,2022-05-19,21:00,AD Cali co,3.0,3.0,bo Always Ready,0.0,0.6,,Estadio Deportivo Cali,Alexis Herrera,,https://fbref.com/en/matches/f4fa4566/AD-Cali-Always-Ready-May-19-2022-Copa-Libertadores,co,AD Cali,bo,Always Ready
Copa Libertadores de América,M,,2022,,Group stage,6,Tue,2022-05-24,19:15,Nacional uy,3.0,3.1,br RB Bragantino,0.0,0.9,,Estadio Gran Parque Central,Wilmar Roldán,,https://fbref.com/en/matches/8f848fcb/Nacional-Red-Bull-Bragantino-May-24-2022-Copa-Libertadores,uy,Nacional,br,RB Bragantino
Copa Libertadores de América,M,,2022,,Group stage,6,Tue,2022-05-24,19:15,Vélez Sarsfield ar,4.0,1.9,ar Estudiantes–LP,0.0,0.9,,Estadio José Amalfitani,Nicolás Gamboa,,https://fbref.com/en/matches/408e7d53/Velez-Sarsfield-Estudiantes-LP-May-24-2022-Copa-Libertadores,ar,Vélez Sarsfield,ar,Estudiantes–LP
Copa Libertadores de América,M,,2022,,Group stage,6,Tue,2022-05-24,19:30,CS Emelec ec,7.0,3.8,bo Indep Petrolero,0.0,0.6,,Estadio Banco del Pacífico,Carlos Ortega,,https://fbref.com/en/matches/397fa4a8/CS-Emelec-Independiente-Petrolero-May-24-2022-Copa-Libertadores,ec,CS Emelec,bo,Indep Petrolero
Copa Libertadores de América,M,,2022,,Group stage,6,Tue,2022-05-24,20:30,Univ Católica cl,0.0,1.4,ar Talleres,1.0,0.5,,Estadio San Carlos de Apoquindo,Gery Vargas,,https://fbref.com/en/matches/ce717cc3/Universidad-Catolica-Talleres-May-24-2022-Copa-Libertadores,cl,Univ Católica,ar,Talleres
Copa Libertadores de América,M,,2022,,Group stage,6,Tue,2022-05-24,21:30,Palmeiras br,4.0,2.9,ve Dep Táchira,1.0,0.9,,Allianz Parque,Kevin Ortega,,https://fbref.com/en/matches/91fc4f1a/Palmeiras-Deportivo-Tachira-May-24-2022-Copa-Libertadores,br,Palmeiras,ve,Dep Táchira
Copa Libertadores de América,M,,2022,,Group stage,6,Tue,2022-05-24,21:30,Flamengo br,2.0,1.8,pe Sporting Cristal,1.0,0.8,,Estadio Jornalista Mário Filho,Alexis Herrera,,https://fbref.com/en/matches/a61af903/Flamengo-Sporting-Cristal-May-24-2022-Copa-Libertadores,br,Flamengo,pe,Sporting Cristal
Copa Libertadores de América,M,,2022,,Group stage,6,Wed,2022-05-25,18:00,Colo-Colo cl,3.0,1.8,br Fortaleza,4.0,1.8,,Estadio Monumental David Arellano,Esteban Ostojich,,https://fbref.com/en/matches/960a6777/Colo-Colo-Fortaleza-May-25-2022-Copa-Libertadores,cl,Colo-Colo,br,Fortaleza
Copa Libertadores de América,M,,2022,,Group stage,6,Wed,2022-05-25,19:00,River Plate ar,8.0,4.9,pe Alianza Lima,1.0,1.1,,Estadio Monumental Antonio Vespucio Libe...,John J. Ospina,,https://fbref.com/en/matches/a8f68378/River-Plate-Alianza-Lima-May-25-2022-Copa-Libertadores,ar,River Plate,pe,Alianza Lima
Copa Libertadores de América,M,,2022,,Group stage,6,Wed,2022-05-25,19:00,Independiente ec,3.0,1.3,br América (MG),0.0,0.2,,Estadio banco Guayaquil,Leodán González,,https://fbref.com/en/matches/7ea8d53c/Independiente-del-Valle-America-MG-May-25-2022-Copa-Libertadores,ec,Independiente,br,América (MG)
Copa Libertadores de América,M,,2022,,Group stage,6,Wed,2022-05-25,20:00,Cerro Porteño py,0.0,0.9,py Olimpia,1.0,0.7,,Estadio General Pablo Rojas,Raphael Claus,,https://fbref.com/en/matches/fed27d26/Cerro-Porteno-Club-Olimpia-May-25-2022-Copa-Libertadores,py,Cerro Porteño,py,Olimpia
Copa Libertadores de América,M,,2022,,Group stage,6,Wed,2022-05-25,21:00,Peñarol uy,2.0,0.8,ar Colón,1.0,0.7,,Estadio Campeón del Siglo,Anderson Daronco,,https://fbref.com/en/matches/57613bf9/Penarol-Colon-May-25-2022-Copa-Libertadores,uy,Peñarol,ar,Colón
Copa Libertadores de América,M,,2022,,Group stage,6,Wed,2022-05-25,21:00,Atlético Mineiro br,1.0,1.0,co Tolima,2.0,0.5,,Estádio Governador Magalhães Pinto,Patricio Loustau,,https://fbref.com/en/matches/065e7a40/Atletico-Mineiro-Tolima-May-25-2022-Copa-Libertadores,br,Atlético Mineiro,co,Tolima
Copa Libertadores de América,M,,2022,,Group stage,6,Thu,2022-05-26,18:00,Libertad py,4.0,2.4,bo The Strongest,1.0,0.9,,Estadio Defensores del Chaco,Facundo Tello,,https://fbref.com/en/matches/c9f3d0db/Libertad-The-Strongest-May-26-2022-Copa-Libertadores,py,Libertad,bo,The Strongest
Copa Libertadores de América,M,,2022,,Group stage,6,Thu,2022-05-26,19:00,Ath Paranaense br,5.0,2.2,ve Caracas,1.0,0.8,,Estádio Joaquim Américo Guimarães,Nicolás Lamolina,,https://fbref.com/en/matches/5b389f9d/Athletico-Paranaense-Caracas-May-26-2022-Copa-Libertadores,br,Ath Paranaense,ve,Caracas
Copa Libertadores de América,M,,2022,,Group stage,6,Thu,2022-05-26,21:00,Corinthians br,1.0,2.2,bo Always Ready,1.0,0.4,,Neo Química Arena,José Argote,,https://fbref.com/en/matches/d732fc28/Corinthians-Always-Ready-May-26-2022-Copa-Libertadores,br,Corinthians,bo,Always Ready
Copa Libertadores de América,M,,2022,,Group stage,6,Thu,2022-05-26,21:00,Boca Juniors ar,1.0,1.0,co AD Cali,0.0,0.5,,Estadio Alberto José Armando,Piero Maza,,https://fbref.com/en/matches/cc2eba8c/Boca-Juniors-AD-Cali-May-26-2022-Copa-Libertadores,ar,Boca Juniors,co,AD Cali
Copa Libertadores de América,M,,2023,,Round of 16,,Tue,2023-08-01,19:00,Arg Juniors ar,1.0,0.8,br Fluminense,1.0,0.3,7860.0,Estadio Diego Armando Maradona,Piero Maza,Leg 1 of 2,https://fbref.com/en/matches/a719dd9e/Argentinos-Juniors-Fluminense-August-1-2023-Copa-Libertadores,ar,Arg Juniors,br,Fluminense
Copa Libertadores de América,M,,2023,,Round of 16,,Tue,2023-08-01,20:00,Bolívar bo,3.0,1.8,br Ath Paranaense,1.0,0.8,26320.0,Estadio Hernando Siles,Guillermo Guerrero,Leg 1 of 2,https://fbref.com/en/matches/0f87690b/Bolivar-Athletico-Paranaense-August-1-2023-Copa-Libertadores,bo,Bolívar,br,Ath Paranaense
Copa Libertadores de América,M,,2023,,Round of 16,,Tue,2023-08-01,21:00,River Plate ar,2.0,1.3,br Internacional,1.0,0.4,64696.0,Estadio Mâs Monumental,Jesús Valenzuela,Leg 1 of 2,https://fbref.com/en/matches/28ee1d44/River-Plate-Internacional-August-1-2023-Copa-Libertadores,ar,River Plate,br,Internacional
Copa Libertadores de América,M,,2023,,Round of 16,,Wed,2023-08-02,19:00,Pereira co,1.0,1.7,ec Independiente,0.0,0.6,13733.0,Estadio Hernán Ramírez Villegas,Yael Falcón,Leg 1 of 2,https://fbref.com/en/matches/6462bef1/Deportivo-Pereira-Independiente-del-Valle-August-2-2023-Copa-Libertadores,co,Pereira,ec,Independiente
Copa Libertadores de América,M,,2023,,Round of 16,,Wed,2023-08-02,21:00,Nacional uy,0.0,1.0,ar Boca Juniors,0.0,0.5,32524.0,Estadio Gran Parque Central,Raphael Claus,Leg 1 of 2,https://fbref.com/en/matches/e0260390/Nacional-Boca-Juniors-August-2-2023-Copa-Libertadores,uy,Nacional,ar,Boca Juniors
Copa Libertadores de América,M,,2023,,Round of 16,,Wed,2023-08-02,21:30,Atlético Mineiro br,0.0,0.6,br Palmeiras,1.0,0.2,52587.0,Estádio Governador Magalhães Pinto,Facundo Tello,Leg 1 of 2,https://fbref.com/en/matches/2417fcb9/Atletico-Mineiro-Palmeiras-August-2-2023-Copa-Libertadores,br,Atlético Mineiro,br,Palmeiras
Copa Libertadores de América,M,,2023,,Round of 16,,Thu,2023-08-03,19:00,Nacional co,4.0,1.2,ar Racing Club,2.0,2.3,28791.0,Estadio Atanasio Girardot,Braulio da Silva Machado,Leg 1 of 2,https://fbref.com/en/matches/586d7c75/Atletico-Nacional-Racing-Club-August-3-2023-Copa-Libertadores,co,Nacional,ar,Racing Club
Copa Libertadores de América,M,,2023,,Round of 16,,Thu,2023-08-03,21:00,Flamengo br,1.0,1.6,py Olimpia,0.0,0.8,67066.0,Estadio Jornalista Mário Filho,Darío Herrera,Leg 1 of 2,https://fbref.com/en/matches/d85aebc3/Flamengo-Club-Olimpia-August-3-2023-Copa-Libertadores,br,Flamengo,py,Olimpia
Copa Libertadores de América,M,,2023,,Round of 16,,Tue,2023-08-08,19:00,Fluminense br,2.0,1.1,ar Arg Juniors,0.0,0.1,,Estadio Jornalista Mário Filho,Alexis Herrera,Leg 2 of 2; Fluminense won,https://fbref.com/en/matches/89c1bafd/Fluminense-Argentinos-Juniors-August-8-2023-Copa-Libertadores,br,Fluminense,ar,Arg Juniors
Copa Libertadores de América,M,,2023,,Round of 16,,Tue,2023-08-08,21:00,Ath Paranaense br,2.0,1.5,bo Bolívar,2.0,0.7,31972.0,Estádio Joaquim Américo Guimarães,Kevin Ortega,Leg 2 of 2; Bolívar won; Bolívar won on penalty kicks following extra time,https://fbref.com/en/matches/fdba7e4d/Athletico-Paranaense-Bolivar-August-8-2023-Copa-Libertadores,br,Ath Paranaense,bo,Bolívar
Copa Libertadores de América,M,,2023,,Round of 16,,Tue,2023-08-08,21:00,Internacional br,2.0,0.7,ar River Plate,2.0,1.8,,Estádio José Pinheiro Borba,Andrés Matonte,Leg 2 of 2; Internacional won; Internacional won on penalty kicks following extra time,https://fbref.com/en/matches/d6b264ce/Internacional-River-Plate-August-8-2023-Copa-Libertadores,br,Internacional,ar,River Plate
Copa Libertadores de América,M,,2023,,Round of 16,,Wed,2023-08-09,19:00,Independiente ec,1.0,3.2,co Pereira,1.0,0.5,16654.0,Estadio Olímpico Atahualpa,Darío Herrera,Leg 2 of 2; Pereira won,https://fbref.com/en/matches/d04e88ae/Independiente-del-Valle-Deportivo-Pereira-August-9-2023-Copa-Libertadores,ec,Independiente,co,Pereira
Copa Libertadores de América,M,,2023,,Round of 16,,Wed,2023-08-09,21:00,Boca Juniors ar,2.0,2.4,uy Nacional,2.0,1.0,49780.0,Estadio Alberto José Armando,Anderson Daronco,Leg 2 of 2; Boca Juniors won; Boca Juniors won on penalty kicks following extra time,https://fbref.com/en/matches/9a73159e/Boca-Juniors-Nacional-August-9-2023-Copa-Libertadores,ar,Boca Juniors,uy,Nacional
Copa Libertadores de América,M,,2023,,Round of 16,,Wed,2023-08-09,21:30,Palmeiras br,0.0,1.4,br Atlético Mineiro,0.0,0.8,,Allianz Parque,Fernando Rapallini,Leg 2 of 2; Palmeiras won,https://fbref.com/en/matches/4820c2a8/Palmeiras-Atletico-Mineiro-August-9-2023-Copa-Libertadores,br,Palmeiras,br,Atlético Mineiro
Copa Libertadores de América,M,,2023,,Round of 16,,Thu,2023-08-10,20:00,Olimpia py,3.0,1.3,br Flamengo,1.0,0.4,,Estadio Manuel Ferreira,Wilmar Roldán,Leg 2 of 2; Olimpia won,https://fbref.com/en/matches/4ffd6ce0/Club-Olimpia-Flamengo-August-10-2023-Copa-Libertadores,py,Olimpia,br,Flamengo
Copa Libertadores de América,M,,2023,,Round of 16,,Thu,2023-08-10,21:00,Racing Club ar,3.0,1.1,co Nacional,0.0,0.1,38731.0,Estadio Presidente Juan Domingo Perón,Jesús Valenzuela,Leg 2 of 2; Racing Club won,https://fbref.com/en/matches/2049aed3/Racing-Club-Atletico-Nacional-August-10-2023-Copa-Libertadores,ar,Racing Club,co,Nacional
Copa Libertadores de América,M,,2023,,Quarter-finals,,Tue,2023-08-22,18:00,Bolívar bo,0.0,1.5,br Internacional,1.0,0.1,36054.0,Estadio Hernando Siles,Darío Herrera,Leg 1 of 2,https://fbref.com/en/matches/093f4dfa/Bolivar-Internacional-August-22-2023-Copa-Libertadores,bo,Bolívar,br,Internacional
Copa Libertadores de América,M,,2023,,Quarter-finals,,Wed,2023-08-23,19:30,Pereira co,0.0,0.5,br Palmeiras,4.0,3.2,22789.0,Estadio Hernán Ramírez Villegas,Facundo Tello,Leg 1 of 2,https://fbref.com/en/matches/e3012952/Deportivo-Pereira-Palmeiras-August-23-2023-Copa-Libertadores,co,Pereira,br,Palmeiras
Copa Libertadores de América,M,,2023,,Quarter-finals,,Wed,2023-08-23,21:30,Boca Juniors ar,0.0,0.8,ar Racing Club,0.0,0.5,,Estadio Alberto José Armando,Wilton Sampaio,Leg 1 of 2,https://fbref.com/en/matches/78850b86/Boca-Juniors-Racing-Club-August-23-2023-Copa-Libertadores,ar,Boca Juniors,ar,Racing Club
Copa Libertadores de América,M,,2023,,Quarter-finals,,Thu,2023-08-24,21:30,Fluminense br,2.0,1.5,py Olimpia,0.0,0.1,64047.0,Estadio Jornalista Mário Filho,Andrés Matonte,Leg 1 of 2,https://fbref.com/en/matches/c1126f44/Fluminense-Club-Olimpia-August-24-2023-Copa-Libertadores,br,Fluminense,py,Olimpia
Copa Libertadores de América,M,,2023,,Quarter-finals,,Tue,2023-08-29,19:00,Internacional br,2.0,1.2,bo Bolívar,0.0,1.2,49137.0,Estádio José Pinheiro Borba,Esteban Ostojich,Leg 2 of 2; Internacional won,https://fbref.com/en/matches/b0b7d135/Internacional-Bolivar-August-29-2023-Copa-Libertadores,br,Internacional,bo,Bolívar
Copa Libertadores de América,M,,2023,,Quarter-finals,,Wed,2023-08-30,21:30,Palmeiras br,0.0,1.1,co Pereira,0.0,0.4,37785.0,Allianz Parque,Cristián Garay,Leg 2 of 2; Palmeiras won,https://fbref.com/en/matches/446c51e1/Palmeiras-Deportivo-Pereira-August-30-2023-Copa-Libertadores,br,Palmeiras,co,Pereira
Copa Libertadores de América,M,,2023,,Quarter-finals,,Wed,2023-08-30,21:30,Racing Club ar,0.0,0.6,ar Boca Juniors,0.0,0.3,41597.0,Estadio Presidente Juan Domingo Perón,Andrés Matonte,Leg 2 of 2; Boca Juniors won; Boca Juniors won on penalty kicks following extra time,https://fbref.com/en/matches/f8ea47d0/Racing-Club-Boca-Juniors-August-30-2023-Copa-Libertadores,ar,Racing Club,ar,Boca Juniors
Copa Libertadores de América,M,,2023,,Quarter-finals,,Thu,2023-08-31,20:30,Olimpia py,1.0,1.2,br Fluminense,3.0,1.8,,Estadio Defensores del Chaco,Jesús Valenzuela,Leg 2 of 2; Fluminense won,https://fbref.com/en/matches/873444ac/Club-Olimpia-Fluminense-August-31-2023-Copa-Libertadores,py,Olimpia,br,Fluminense
Copa Libertadores de América,M,,2023,,Semi-finals,,Wed,2023-09-27,21:30,Fluminense br,2.0,1.3,br Internacional,2.0,0.9,67515.0,Estadio Jornalista Mário Filho,Darío Herrera,Leg 1 of 2,https://fbref.com/en/matches/f7936e6d/Fluminense-Internacional-September-27-2023-Copa-Libertadores,br,Fluminense,br,Internacional
Copa Libertadores de América,M,,2023,,Semi-finals,,Thu,2023-09-28,21:30,Boca Juniors ar,0.0,1.6,br Palmeiras,0.0,0.4,53615.0,Estadio Alberto José Armando,Wilmar Roldán,Leg 1 of 2,https://fbref.com/en/matches/263f1328/Boca-Juniors-Palmeiras-September-28-2023-Copa-Libertadores,ar,Boca Juniors,br,Palmeiras
Copa Libertadores de América,M,,2023,,Semi-finals,,Wed,2023-10-04,21:30,Internacional br,1.0,1.4,br Fluminense,2.0,0.5,50002.0,Estádio José Pinheiro Borba,Jesús Valenzuela,Leg 2 of 2; Fluminense won,https://fbref.com/en/matches/50c6ac98/Internacional-Fluminense-October-4-2023-Copa-Libertadores,br,Internacional,br,Fluminense
Copa Libertadores de América,M,,2023,,Semi-finals,,Thu,2023-10-05,21:30,Palmeiras br,1.0,1.4,ar Boca Juniors,1.0,0.9,,Allianz Parque,Andrés Matonte,Leg 2 of 2; Boca Juniors won; Boca Juniors won on penalty kicks following extra time,https://fbref.com/en/matches/089c1bf5/Palmeiras-Boca-Juniors-October-5-2023-Copa-Libertadores,br,Palmeiras,ar,Boca Juniors
Copa Libertadores de América,M,,2023,,Final,,Sat,2023-11-04,17:00,Boca Juniors ar,1.0,0.5,br Fluminense,2.0,0.8,69232.0,Estadio Jornalista Mário Filho,Wilmar Roldán,Required Extra Time,https://fbref.com/en/matches/949bd8d0/Boca-Juniors-Fluminense-November-4-2023-Copa-Libertadores,ar,Boca Juniors,br,Fluminense
Copa Libertadores de América,M,,2023,,Group stage,1,Tue,2023-04-04,17:00,Alianza Lima pe,0.0,0.9,br Ath Paranaense,0.0,1.5,,Estadio Alejandro Villanueva,Carlos Ortega,,https://fbref.com/en/matches/6b693afe/Alianza-Lima-Athletico-Paranaense-April-4-2023-Copa-Libertadores,pe,Alianza Lima,br,Ath Paranaense
Copa Libertadores de América,M,,2023,,Group stage,1,Tue,2023-04-04,18:00,The Strongest bo,3.0,2.2,ar River Plate,1.0,2.8,,Estadio Hernando Siles,Jesús Valenzuela,,https://fbref.com/en/matches/1d383c61/The-Strongest-River-Plate-April-4-2023-Copa-Libertadores,bo,The Strongest,ar,River Plate
Copa Libertadores de América,M,,2023,,Group stage,1,Tue,2023-04-04,19:00,Arg Juniors ar,1.0,2.1,ec Independiente,0.0,0.7,,Estadio Diego Armando Maradona,Diego Haro,,https://fbref.com/en/matches/dd8c47e7/Argentinos-Juniors-Independiente-del-Valle-April-4-2023-Copa-Libertadores,ar,Arg Juniors,ec,Independiente
Copa Libertadores de América,M,,2023,,Group stage,1,Tue,2023-04-04,19:00,Independiente co,1.0,0.6,br Internacional,1.0,1.5,,Estadio Atanasio Girardot,Facundo Tello,,https://fbref.com/en/matches/62f6dee9/Independiente-Internacional-April-4-2023-Copa-Libertadores,co,Independiente,br,Internacional
Copa Libertadores de América,M,,2023,,Group stage,1,Tue,2023-04-04,22:00,Metropolitanos ve,1.0,1.5,uy Nacional,2.0,1.6,2536.0,Estadio Olímpico,Fernando Rapallini,,https://fbref.com/en/matches/34d4ef5d/Metropolitanos-Nacional-April-4-2023-Copa-Libertadores,ve,Metropolitanos,uy,Nacional
Copa Libertadores de América,M,,2023,,Group stage,1,Wed,2023-04-05,17:00,SD Aucas ec,2.0,1.4,br Flamengo,1.0,0.9,,Estadio Gonzalo Pozo Ripalda,José Argote,,https://fbref.com/en/matches/9cd29efd/SD-Aucas-Flamengo-April-5-2023-Copa-Libertadores,ec,SD Aucas,br,Flamengo
Copa Libertadores de América,M,,2023,,Group stage,1,Wed,2023-04-05,19:00,Patronato ar,1.0,0.7,co Nacional,2.0,1.4,,Estadio Brigadier General Estanislao Lóp...,Wagner do Nascimento Magalhães,,https://fbref.com/en/matches/5610f220/Patronato-Atletico-Nacional-April-5-2023-Copa-Libertadores,ar,Patronato,co,Nacional
Copa Libertadores de América,M,,2023,,Group stage,1,Wed,2023-04-05,19:30,Sporting Cristal pe,1.0,0.4,br Fluminense,3.0,4.0,,Estadio Nacional,Wilmar Roldán,,https://fbref.com/en/matches/28007a03/Sporting-Cristal-Fluminense-April-5-2023-Copa-Libertadores,pe,Sporting Cristal,br,Fluminense
Copa Libertadores de América,M,,2023,,Group stage,1,Wed,2023-04-05,20:00,Ñublense cl,0.0,1.4,ar Racing Club,2.0,1.7,11800.0,Estadio Municipal Alcaldesa Ester Roa Re...,Bismark Santiago,,https://fbref.com/en/matches/efd6b99f/Nublense-Racing-Club-April-5-2023-Copa-Libertadores,cl,Ñublense,ar,Racing Club
Copa Libertadores de América,M,,2023,,Group stage,1,Wed,2023-04-05,20:00,Cerro Porteño py,2.0,1.6,ec Barcelona,1.0,1.0,,Estadio General Pablo Rojas,Darío Herrera,,https://fbref.com/en/matches/577c3a9b/Cerro-Porteno-Barcelona-April-5-2023-Copa-Libertadores,py,Cerro Porteño,ec,Barcelona
Copa Libertadores de América,M,,2023,,Group stage,1,Wed,2023-04-05,20:30,Bolívar bo,3.0,1.8,br Palmeiras,1.0,0.8,,Estadio Hernando Siles,Alexis Herrera,,https://fbref.com/en/matches/224931d3/Bolivar-Palmeiras-April-5-2023-Copa-Libertadores,bo,Bolívar,br,Palmeiras
Copa Libertadores de América,M,,2023,,Group stage,1,Wed,2023-04-05,21:00,Pereira co,1.0,2.0,cl Colo-Colo,1.0,1.4,,Estadio Hernán Ramírez Villegas,Raphael Claus,,https://fbref.com/en/matches/808ed243/Deportivo-Pereira-Colo-Colo-April-5-2023-Copa-Libertadores,co,Pereira,cl,Colo-Colo
Copa Libertadores de América,M,,2023,,Group stage,1,Thu,2023-04-06,19:00,Liverpool uy,0.0,0.8,br Corinthians,3.0,1.8,2348.0,Estadio Centenario,Andrés Rojas,,https://fbref.com/en/matches/8b25b0bc/Liverpool-Corinthians-April-6-2023-Copa-Libertadores,uy,Liverpool,br,Corinthians
Copa Libertadores de América,M,,2023,,Group stage,1,Thu,2023-04-06,19:00,Atlético Mineiro br,0.0,1.2,py Libertad,1.0,0.3,,Estádio Governador Magalhães Pinto,Yael Falcón,,https://fbref.com/en/matches/f0f06b0a/Atletico-Mineiro-Libertad-April-6-2023-Copa-Libertadores,br,Atlético Mineiro,py,Libertad
Copa Libertadores de América,M,,2023,,Group stage,1,Thu,2023-04-06,19:00,Melgar pe,1.0,2.2,py Olimpia,1.0,1.5,13684.0,Estadio de la Universidad Nacional San A...,Anderson Daronco,,https://fbref.com/en/matches/b0744d66/Melgar-Club-Olimpia-April-6-2023-Copa-Libertadores,pe,Melgar,py,Olimpia
Copa Libertadores de América,M,,2023,,Group stage,1,Thu,2023-04-06,20:00,Monagas ve,0.0,0.5,ar Boca Juniors,0.0,0.7,40127.0,Estadio Monumental de Maturín,Wilton Sampaio,,https://fbref.com/en/matches/14a31359/Monagas-Boca-Juniors-April-6-2023-Copa-Libertadores,ve,Monagas,ar,Boca Juniors
Copa Libertadores de América,M,,2023,,Group stage,2,Tue,2023-04-18,19:00,Fluminense br,1.0,2.1,bo The Strongest,0.0,0.0,52419.0,Estadio Jornalista Mário Filho,Carlos Ortega,,https://fbref.com/en/matches/fa6248f3/Fluminense-The-Strongest-April-18-2023-Copa-Libertadores,br,Fluminense,bo,The Strongest
Copa Libertadores de América,M,,2023,,Group stage,2,Tue,2023-04-18,19:00,Internacional br,1.0,2.9,ve Metropolitanos,0.0,0.3,27885.0,Estádio José Pinheiro Borba,Yael Falcón,,https://fbref.com/en/matches/3183eb3c/Internacional-Metropolitanos-April-18-2023-Copa-Libertadores,br,Internacional,ve,Metropolitanos
Copa Libertadores de América,M,,2023,,Group stage,2,Tue,2023-04-18,20:00,Olimpia py,1.0,1.9,ar Patronato,0.0,0.4,,Estadio Manuel Ferreira,Raphael Claus,,https://fbref.com/en/matches/87638183/Club-Olimpia-Patronato-April-18-2023-Copa-Libertadores,py,Olimpia,ar,Patronato
Copa Libertadores de América,M,,2023,,Group stage,2,Tue,2023-04-18,21:00,Ath Paranaense br,2.0,1.1,br Atlético Mineiro,1.0,2.2,,Estádio Joaquim Américo Guimarães,Pablo Echavarría,,https://fbref.com/en/matches/1c43aece/Athletico-Paranaense-Atletico-Mineiro-April-18-2023-Copa-Libertadores,br,Ath Paranaense,br,Atlético Mineiro
Copa Libertadores de América,M,,2023,,Group stage,2,Tue,2023-04-18,21:00,Independiente ec,2.0,2.2,uy Liverpool,0.0,0.1,,Estadio banco Guayaquil,Ángel Arteaga,,https://fbref.com/en/matches/0e74f7f9/Independiente-del-Valle-Liverpool-April-18-2023-Copa-Libertadores,ec,Independiente,uy,Liverpool
Copa Libertadores de América,M,,2023,,Group stage,2,Tue,2023-04-18,21:00,Boca Juniors ar,2.0,1.1,co Pereira,1.0,0.7,40200.0,Estadio Alberto José Armando,Andrés Matonte,,https://fbref.com/en/matches/c44e5326/Boca-Juniors-Deportivo-Pereira-April-18-2023-Copa-Libertadores,ar,Boca Juniors,co,Pereira
Copa Libertadores de América,M,,2023,,Group stage,2,Wed,2023-04-19,19:00,Nacional uy,2.0,1.4,co Independiente,1.0,0.7,,Estadio Gran Parque Central,Darío Herrera,,https://fbref.com/en/matches/c374cf11/Nacional-Independiente-April-19-2023-Copa-Libertadores,uy,Nacional,co,Independiente
Copa Libertadores de América,M,,2023,,Group stage,2,Wed,2023-04-19,21:00,Barcelona ec,2.0,3.0,bo Bolívar,1.0,0.7,12235.0,Estadio Monumental Isidro Romero Carbo,Kevin Ortega,,https://fbref.com/en/matches/612fd251/Barcelona-Bolivar-April-19-2023-Copa-Libertadores,ec,Barcelona,bo,Bolívar
Copa Libertadores de América,M,,2023,,Group stage,2,Wed,2023-04-19,21:00,River Plate ar,4.0,1.8,pe Sporting Cristal,2.0,0.8,,Estadio Mâs Monumental,John J. Ospina,,https://fbref.com/en/matches/d5ab3fd8/River-Plate-Sporting-Cristal-April-19-2023-Copa-Libertadores,ar,River Plate,pe,Sporting Cristal
Copa Libertadores de América,M,,2023,,Group stage,2,Wed,2023-04-19,21:00,Colo-Colo cl,1.0,2.8,ve Monagas,0.0,0.7,,Estadio Monumental David Arellano,Anderson Daronco,,https://fbref.com/en/matches/c4ad9f50/Colo-Colo-Monagas-April-19-2023-Copa-Libertadores,cl,Colo-Colo,ve,Monagas
Copa Libertadores de América,M,,2023,,Group stage,2,Wed,2023-04-19,21:30,Corinthians br,0.0,0.9,ar Arg Juniors,1.0,1.0,40670.0,Neo Química Arena,Jesús Valenzuela,,https://fbref.com/en/matches/d2b31daa/Corinthians-Argentinos-Juniors-April-19-2023-Copa-Libertadores,br,Corinthians,ar,Arg Juniors
Copa Libertadores de América,M,,2023,,Group stage,2,Wed,2023-04-19,21:30,Flamengo br,2.0,1.9,cl Ñublense,0.0,0.1,48895.0,Estadio Jornalista Mário Filho,Wilmar Roldán,,https://fbref.com/en/matches/ed02eccf/Flamengo-Nublense-April-19-2023-Copa-Libertadores,br,Flamengo,cl,Ñublense
Copa Libertadores de América,M,,2023,,Group stage,2,Thu,2023-04-20,19:00,Racing Club ar,3.0,2.8,ec SD Aucas,2.0,0.8,,Estadio Presidente Juan Domingo Perón,Christian Ferreyra,,https://fbref.com/en/matches/10f78c82/Racing-Club-SD-Aucas-April-20-2023-Copa-Libertadores,ar,Racing Club,ec,SD Aucas
Copa Libertadores de América,M,,2023,,Group stage,2,Thu,2023-04-20,19:00,Nacional co,3.0,2.4,pe Melgar,1.0,1.6,,Estadio Atanasio Girardot,Wilton Sampaio,,https://fbref.com/en/matches/921dabbb/Atletico-Nacional-Melgar-April-20-2023-Copa-Libertadores,co,Nacional,pe,Melgar
Copa Libertadores de América,M,,2023,,Group stage,2,Thu,2023-04-20,21:00,Palmeiras br,2.0,2.3,py Cerro Porteño,1.0,1.8,,Allianz Parque,Fernando Rapallini,,https://fbref.com/en/matches/557537df/Palmeiras-Cerro-Porteno-April-20-2023-Copa-Libertadores,br,Palmeiras,py,Cerro Porteño
Copa Libertadores de América,M,,2023,,Group stage,2,Thu,2023-04-20,22:00,Libertad py,1.0,2.4,pe Alianza Lima,2.0,0.6,2909.0,Estadio Defensores del Chaco,Facundo Tello,,https://fbref.com/en/matches/a25b9e7c/Libertad-Alianza-Lima-April-20-2023-Copa-Libertadores,py,Libertad,pe,Alianza Lima
Copa Libertadores de América,M,,2023,,Group stage,3,Tue,2023-05-02,18:00,Ñublense cl,2.0,1.3,ec SD Aucas,1.0,0.3,,Estadio Municipal Alcaldesa Ester Roa Re...,Kevin Ortega,,https://fbref.com/en/matches/d0fef058/Nublense-SD-Aucas-May-2-2023-Copa-Libertadores,cl,Ñublense,ec,SD Aucas
Copa Libertadores de América,M,,2023,,Group stage,3,Tue,2023-05-02,19:00,Liverpool uy,2.0,0.6,ar Arg Juniors,2.0,2.9,,Estadio Centenario,Ivo Méndez,,https://fbref.com/en/matches/41306f95/Liverpool-Argentinos-Juniors-May-2-2023-Copa-Libertadores,uy,Liverpool,ar,Arg Juniors
Copa Libertadores de América,M,,2023,,Group stage,3,Tue,2023-05-02,19:00,Nacional co,2.0,2.3,py Olimpia,2.0,1.7,25623.0,Estadio Atanasio Girardot,Anderson Daronco,,https://fbref.com/en/matches/4b7a179e/Atletico-Nacional-Club-Olimpia-May-2-2023-Copa-Libertadores,co,Nacional,py,Olimpia
Copa Libertadores de América,M,,2023,,Group stage,3,Tue,2023-05-02,21:00,Corinthians br,1.0,2.4,ec Independiente,2.0,0.7,39984.0,Neo Química Arena,Piero Maza,,https://fbref.com/en/matches/5afb6e7a/Corinthians-Independiente-del-Valle-May-2-2023-Copa-Libertadores,br,Corinthians,ec,Independiente
Copa Libertadores de América,M,,2023,,Group stage,3,Tue,2023-05-02,21:00,Fluminense br,5.0,3.4,ar River Plate,1.0,0.8,62505.0,Estadio Jornalista Mário Filho,Esteban Ostojich,,https://fbref.com/en/matches/f1cdb798/Fluminense-River-Plate-May-2-2023-Copa-Libertadores,br,Fluminense,ar,River Plate
Copa Libertadores de América,M,,2023,,Group stage,3,Tue,2023-05-02,21:00,Sporting Cristal pe,1.0,3.6,bo The Strongest,0.0,0.3,13354.0,Estadio Nacional,Leodán González,,https://fbref.com/en/matches/dab8c190/Sporting-Cristal-The-Strongest-May-2-2023-Copa-Libertadores,pe,Sporting Cristal,bo,The Strongest
Copa Libertadores de América,M,,2023,,Group stage,3,Wed,2023-05-03,18:00,Cerro Porteño py,0.0,1.4,bo Bolívar,4.0,0.9,,Estadio General Pablo Rojas,Wilmar Roldán,,https://fbref.com/en/matches/1e69ebbb/Cerro-Porteno-Bolivar-May-3-2023-Copa-Libertadores,py,Cerro Porteño,bo,Bolívar
Copa Libertadores de América,M,,2023,,Group stage,3,Wed,2023-05-03,19:00,Internacional br,2.0,1.3,uy Nacional,2.0,1.5,,Estádio José Pinheiro Borba,Facundo Tello,,https://fbref.com/en/matches/b5562b24/Internacional-Nacional-May-3-2023-Copa-Libertadores,br,Internacional,uy,Nacional
Copa Libertadores de América,M,,2023,,Group stage,3,Wed,2023-05-03,19:30,Barcelona ec,0.0,1.0,br Palmeiras,2.0,2.7,,Estadio Monumental Isidro Romero Carbo,Andrés Rojas,,https://fbref.com/en/matches/3c65a796/Barcelona-Palmeiras-May-3-2023-Copa-Libertadores,ec,Barcelona,br,Palmeiras
Copa Libertadores de América,M,,2023,,Group stage,3,Wed,2023-05-03,20:00,Colo-Colo cl,0.0,0.7,ar Boca Juniors,2.0,1.6,,Estadio Monumental David Arellano,Raphael Claus,,https://fbref.com/en/matches/904b0b78/Colo-Colo-Boca-Juniors-May-3-2023-Copa-Libertadores,cl,Colo-Colo,ar,Boca Juniors
Copa Libertadores de América,M,,2023,,Group stage,3,Wed,2023-05-03,21:00,Independiente co,4.0,1.9,ve Metropolitanos,2.0,0.8,18051.0,Estadio Atanasio Girardot,Cristián Garay,,https://fbref.com/en/matches/2b7be706/Independiente-Metropolitanos-May-3-2023-Copa-Libertadores,co,Independiente,ve,Metropolitanos
Copa Libertadores de América,M,,2023,,Group stage,3,Wed,2023-05-03,21:30,Atlético Mineiro br,2.0,4.2,pe Alianza Lima,0.0,0.0,17563.0,Estádio Governador Magalhães Pinto,Andrés Matonte,,https://fbref.com/en/matches/fd289d42/Atletico-Mineiro-Alianza-Lima-May-3-2023-Copa-Libertadores,br,Atlético Mineiro,pe,Alianza Lima
Copa Libertadores de América,M,,2023,,Group stage,3,Thu,2023-05-04,19:00,Racing Club ar,1.0,0.9,br Flamengo,1.0,1.1,25325.0,Estadio Presidente Juan Domingo Perón,Jesús Valenzuela,,https://fbref.com/en/matches/b1e2d7b7/Racing-Club-Flamengo-May-4-2023-Copa-Libertadores,ar,Racing Club,br,Flamengo
Copa Libertadores de América,M,,2023,,Group stage,3,Thu,2023-05-04,19:00,Patronato ar,4.0,1.5,pe Melgar,1.0,0.4,,Estadio Brigadier General Estanislao Lóp...,Gery Vargas,,https://fbref.com/en/matches/057cd98f/Patronato-Melgar-May-4-2023-Copa-Libertadores,ar,Patronato,pe,Melgar
Copa Libertadores de América,M,,2023,,Group stage,3,Thu,2023-05-04,20:00,Libertad py,1.0,0.8,br Ath Paranaense,2.0,1.4,,Estadio Defensores del Chaco,John J. Ospina,,https://fbref.com/en/matches/e2507fa3/Libertad-Athletico-Paranaense-May-4-2023-Copa-Libertadores,py,Libertad,br,Ath Paranaense
Copa Libertadores de América,M,,2023,,Group stage,3,Thu,2023-05-04,21:00,Pereira co,2.0,1.6,ve Monagas,1.0,0.4,11849.0,Estadio Hernán Ramírez Villegas,Ramon Abatti Abel,,https://fbref.com/en/matches/c0803de6/Deportivo-Pereira-Monagas-May-4-2023-Copa-Libertadores,co,Pereira,ve,Monagas
Copa Libertadores de América,M,,2023,,Group stage,4,Tue,2023-05-23,18:00,Monagas ve,1.0,0.8,cl Colo-Colo,1.0,1.6,,Estadio Monumental de Maturín,Braulio da Silva Machado,,https://fbref.com/en/matches/075af8ec/Monagas-Colo-Colo-May-23-2023-Copa-Libertadores,ve,Monagas,cl,Colo-Colo
Copa Libertadores de América,M,,2023,,Group stage,4,Tue,2023-05-23,19:00,Atlético Mineiro br,2.0,2.1,br Ath Paranaense,1.0,1.1,39683.0,Estádio Governador Magalhães Pinto,Wilmar Roldán,,https://fbref.com/en/matches/b1c3377c/Atletico-Mineiro-Athletico-Paranaense-May-23-2023-Copa-Libertadores,br,Atlético Mineiro,br,Ath Paranaense
Copa Libertadores de América,M,,2023,,Group stage,4,Tue,2023-05-23,19:00,SD Aucas ec,1.0,1.0,ar Racing Club,2.0,0.5,,Estadio Gonzalo Pozo Ripalda,Gery Vargas,,https://fbref.com/en/matches/66381e64/SD-Aucas-Racing-Club-May-23-2023-Copa-Libertadores,ec,SD Aucas,ar,Racing Club
Copa Libertadores de América,M,,2023,,Group stage,4,Tue,2023-05-23,19:00,Independiente co,2.0,1.2,uy Nacional,1.0,0.7,,Estadio Atanasio Girardot,Diego Haro,,https://fbref.com/en/matches/3f13fb49/Independiente-Nacional-May-23-2023-Copa-Libertadores,co,Independiente,uy,Nacional
Copa Libertadores de América,M,,2023,,Group stage,4,Tue,2023-05-23,20:00,Bolívar bo,1.0,1.2,ec Barcelona,0.0,0.8,,Estadio Hernando Siles,Francisco Gilabert,,https://fbref.com/en/matches/39d24e22/Bolivar-Barcelona-May-23-2023-Copa-Libertadores,bo,Bolívar,ec,Barcelona
Copa Libertadores de América,M,,2023,,Group stage,4,Tue,2023-05-23,21:00,Alianza Lima pe,1.0,1.0,py Libertad,2.0,1.1,,Estadio Alejandro Villanueva,Fernando Rapallini,,https://fbref.com/en/matches/d95093e4/Alianza-Lima-Libertad-May-23-2023-Copa-Libertadores,pe,Alianza Lima,py,Libertad
Copa Libertadores de América,M,,2023,,Group stage,4,Wed,2023-05-24,18:00,Cerro Porteño py,0.0,0.7,br Palmeiras,3.0,2.9,,Estadio General Pablo Rojas,Andrés Matonte,,https://fbref.com/en/matches/49619963/Cerro-Porteno-Palmeiras-May-24-2023-Copa-Libertadores,py,Cerro Porteño,br,Palmeiras
Copa Libertadores de América,M,,2023,,Group stage,4,Wed,2023-05-24,19:00,Liverpool uy,1.0,1.5,ec Independiente,0.0,1.0,,Estadio Centenario,Jhon Hinestroza,,https://fbref.com/en/matches/629eee93/Liverpool-Independiente-del-Valle-May-24-2023-Copa-Libertadores,uy,Liverpool,ec,Independiente
Copa Libertadores de América,M,,2023,,Group stage,4,Wed,2023-05-24,19:00,Pereira co,1.0,1.6,ar Boca Juniors,0.0,0.6,,Estadio Hernán Ramírez Villegas,Wagner do Nascimento Magalhães,,https://fbref.com/en/matches/7f45fc86/Deportivo-Pereira-Boca-Juniors-May-24-2023-Copa-Libertadores,co,Pereira,ar,Boca Juniors
Copa Libertadores de América,M,,2023,,Group stage,4,Wed,2023-05-24,20:30,Ñublense cl,1.0,1.1,br Flamengo,1.0,0.9,,Estadio Municipal Alcaldesa Ester Roa Re...,Esteban Ostojich,,https://fbref.com/en/matches/03a727c8/Nublense-Flamengo-May-24-2023-Copa-Libertadores,cl,Ñublense,br,Flamengo
Copa Libertadores de América,M,,2023,,Group stage,4,Wed,2023-05-24,21:00,Melgar pe,0.0,1.0,co Nacional,1.0,1.0,,Estadio de la Universidad Nacional San A...,Edina Alves Batista,,https://fbref.com/en/matches/2a34283f/Melgar-Atletico-Nacional-May-24-2023-Copa-Libertadores,pe,Melgar,co,Nacional
Copa Libertadores de América,M,,2023,,Group stage,4,Wed,2023-05-24,21:30,Arg Juniors ar,0.0,0.5,br Corinthians,0.0,0.4,21830.0,Estadio Diego Armando Maradona,Carlos Ortega,,https://fbref.com/en/matches/dd09a34c/Argentinos-Juniors-Corinthians-May-24-2023-Copa-Libertadores,ar,Arg Juniors,br,Corinthians
Copa Libertadores de América,M,,2023,,Group stage,4,Thu,2023-05-25,18:00,The Strongest bo,1.0,2.1,br Fluminense,0.0,0.4,,Estadio Hernando Siles,Felipe González,,https://fbref.com/en/matches/c7614464/The-Strongest-Fluminense-May-25-2023-Copa-Libertadores,bo,The Strongest,br,Fluminense
Copa Libertadores de América,M,,2023,,Group stage,4,Thu,2023-05-25,19:00,Patronato ar,0.0,1.0,py Olimpia,2.0,2.3,,Estadio Brigadier General Estanislao Lóp...,Jesús Valenzuela,,https://fbref.com/en/matches/860632c5/Patronato-Club-Olimpia-May-25-2023-Copa-Libertadores,ar,Patronato,py,Olimpia
Copa Libertadores de América,M,,2023,,Group stage,4,Thu,2023-05-25,19:00,Sporting Cristal pe,1.0,0.7,ar River Plate,1.0,2.5,,Estadio Nacional,Cristián Garay,,https://fbref.com/en/matches/4d541eea/Sporting-Cristal-River-Plate-May-25-2023-Copa-Libertadores,pe,Sporting Cristal,ar,River Plate
Copa Libertadores de América,M,,2023,,Group stage,4,Thu,2023-05-25,20:00,Metropolitanos ve,1.0,1.0,br Internacional,2.0,2.3,,Estadio Olímpico,Nicolás Lamolina,,https://fbref.com/en/matches/93e3ee6c/Metropolitanos-Internacional-May-25-2023-Copa-Libertadores,ve,Metropolitanos,br,Internacional
Copa Libertadores de América,M,,2023,,Group stage,5,Tue,2023-06-06,18:00,Monagas ve,1.0,3.2,co Pereira,0.0,0.9,23100.0,Estadio Monumental de Maturín,Álex Cajas,,https://fbref.com/en/matches/4a7fffa3/Monagas-Deportivo-Pereira-June-6-2023-Copa-Libertadores,ve,Monagas,co,Pereira
Copa Libertadores de América,M,,2023,,Group stage,5,Tue,2023-06-06,19:00,Ath Paranaense br,1.0,0.9,py Libertad,0.0,0.6,26714.0,Estádio Joaquim Américo Guimarães,Gery Vargas,,https://fbref.com/en/matches/0c166066/Athletico-Paranaense-Libertad-June-6-2023-Copa-Libertadores,br,Ath Paranaense,py,Libertad
Copa Libertadores de América,M,,2023,,Group stage,5,Tue,2023-06-06,19:00,Melgar pe,5.0,3.5,ar Patronato,0.0,0.4,4900.0,Estadio de la Universidad Nacional San A...,Bruno Arleu de Araujo,,https://fbref.com/en/matches/b94a09dd/Melgar-Patronato-June-6-2023-Copa-Libertadores,pe,Melgar,ar,Patronato
Copa Libertadores de América,M,,2023,,Group stage,5,Tue,2023-06-06,19:00,Alianza Lima pe,0.0,0.3,br Atlético Mineiro,1.0,1.9,23554.0,Estadio Alejandro Villanueva,Facundo Tello,,https://fbref.com/en/matches/43622c20/Alianza-Lima-Atletico-Mineiro-June-6-2023-Copa-Libertadores,pe,Alianza Lima,br,Atlético Mineiro
Copa Libertadores de América,M,,2023,,Group stage,5,Tue,2023-06-06,21:00,Boca Juniors ar,1.0,1.7,cl Colo-Colo,0.0,1.1,,Estadio Alberto José Armando,Anderson Daronco,,https://fbref.com/en/matches/db953d48/Boca-Juniors-Colo-Colo-June-6-2023-Copa-Libertadores,ar,Boca Juniors,cl,Colo-Colo
Copa Libertadores de América,M,,2023,,Group stage,5,Tue,2023-06-06,22:00,Bolívar bo,2.0,2.3,py Cerro Porteño,0.0,0.4,16281.0,Estadio Hernando Siles,Cristián Garay,,https://fbref.com/en/matches/136f1ab6/Bolivar-Cerro-Porteno-June-6-2023-Copa-Libertadores,bo,Bolívar,py,Cerro Porteño
Copa Libertadores de América,M,,2023,,Group stage,5,Wed,2023-06-07,17:00,Independiente ec,3.0,1.3,br Corinthians,0.0,0.2,,Estadio banco Guayaquil,Alexis Herrera,,https://fbref.com/en/matches/0402dbe0/Independiente-del-Valle-Corinthians-June-7-2023-Copa-Libertadores,ec,Independiente,br,Corinthians
Copa Libertadores de América,M,,2023,,Group stage,5,Wed,2023-06-07,19:00,Nacional uy,1.0,1.3,br Internacional,1.0,0.9,,Estadio Gran Parque Central,Darío Herrera,,https://fbref.com/en/matches/b33dbf0f/Nacional-Internacional-June-7-2023-Copa-Libertadores,uy,Nacional,br,Internacional
Copa Libertadores de América,M,,2023,,Group stage,5,Wed,2023-06-07,19:00,Arg Juniors ar,2.0,1.5,uy Liverpool,1.0,1.3,,Estadio Diego Armando Maradona,Roberto Pérez,,https://fbref.com/en/matches/65308adb/Argentinos-Juniors-Liverpool-June-7-2023-Copa-Libertadores,ar,Arg Juniors,uy,Liverpool
Copa Libertadores de América,M,,2023,,Group stage,5,Wed,2023-06-07,19:00,SD Aucas ec,0.0,1.9,cl Ñublense,0.0,0.6,,Estadio Gonzalo Pozo Ripalda,Ángel Arteaga,,https://fbref.com/en/matches/88117dd2/SD-Aucas-Nublense-June-7-2023-Copa-Libertadores,ec,SD Aucas,cl,Ñublense
Copa Libertadores de América,M,,2023,,Group stage,5,Wed,2023-06-07,21:30,Palmeiras br,4.0,2.9,ec Barcelona,2.0,1.6,,Allianz Parque,Andrés Rojas,,https://fbref.com/en/matches/27dfac82/Palmeiras-Barcelona-June-7-2023-Copa-Libertadores,br,Palmeiras,ec,Barcelona
Copa Libertadores de América,M,,2023,,Group stage,5,Wed,2023-06-07,21:30,River Plate ar,2.0,2.2,br Fluminense,0.0,0.7,,Estadio Mâs Monumental,Wilmar Roldán,,https://fbref.com/en/matches/c886f4fd/River-Plate-Fluminense-June-7-2023-Copa-Libertadores,ar,River Plate,br,Fluminense
Copa Libertadores de América,M,,2023,,Group stage,5,Wed,2023-06-07,22:00,The Strongest bo,1.0,2.8,pe Sporting Cristal,2.0,1.6,15571.0,Estadio Hernando Siles,Esteban Ostojich,,https://fbref.com/en/matches/c2a5defb/The-Strongest-Sporting-Cristal-June-7-2023-Copa-Libertadores,bo,The Strongest,pe,Sporting Cristal
Copa Libertadores de América,M,,2023,,Group stage,5,Thu,2023-06-08,18:00,Metropolitanos ve,0.0,0.7,co Independiente,1.0,1.3,2329.0,Estadio Olímpico,Maximiliano Ramírez,,https://fbref.com/en/matches/9a4bc5a7/Metropolitanos-Independiente-June-8-2023-Copa-Libertadores,ve,Metropolitanos,co,Independiente
Copa Libertadores de América,M,,2023,,Group stage,5,Thu,2023-06-08,20:00,Olimpia py,3.0,1.3,co Nacional,0.0,0.1,30891.0,Estadio Manuel Ferreira,Wilton Sampaio,,https://fbref.com/en/matches/bc06be89/Club-Olimpia-Atletico-Nacional-June-8-2023-Copa-Libertadores,py,Olimpia,co,Nacional
Copa Libertadores de América,M,,2023,,Group stage,5,Thu,2023-06-08,21:00,Flamengo br,2.0,1.1,ar Racing Club,1.0,0.5,63963.0,Estadio Jornalista Mário Filho,Gustavo Tejera,,https://fbref.com/en/matches/67880525/Flamengo-Racing-Club-June-8-2023-Copa-Libertadores,br,Flamengo,ar,Racing Club
Copa Libertadores de América,M,,2023,,Group stage,6,Tue,2023-06-27,18:00,Libertad py,1.0,1.1,br Atlético Mineiro,1.0,0.8,,Estadio Defensores del Chaco,Fernando Rapallini,,https://fbref.com/en/matches/ec562be7/Libertad-Atletico-Mineiro-June-27-2023-Copa-Libertadores,py,Libertad,br,Atlético Mineiro
Copa Libertadores de América,M,,2023,,Group stage,6,Tue,2023-06-27,19:00,Ath Paranaense br,3.0,1.6,pe Alianza Lima,0.0,0.4,24467.0,Estádio Joaquim Américo Guimarães,Alexis Herrera,,https://fbref.com/en/matches/16cbcdfe/Athletico-Paranaense-Alianza-Lima-June-27-2023-Copa-Libertadores,br,Ath Paranaense,pe,Alianza Lima
Copa Libertadores de América,M,,2023,,Group stage,6,Tue,2023-06-27,19:00,Nacional co,0.0,1.3,ar Patronato,1.0,1.0,,Estadio Atanasio Girardot,Paulo Cesar Zanovelli da Silva,,https://fbref.com/en/matches/e93638c6/Atletico-Nacional-Patronato-June-27-2023-Copa-Libertadores,co,Nacional,ar,Patronato
Copa Libertadores de América,M,,2023,,Group stage,6,Tue,2023-06-27,20:00,Olimpia py,4.0,2.6,pe Melgar,1.0,0.5,,Estadio Manuel Ferreira,Raphael Claus,,https://fbref.com/en/matches/0df30054/Club-Olimpia-Melgar-June-27-2023-Copa-Libertadores,py,Olimpia,pe,Melgar
Copa Libertadores de América,M,,2023,,Group stage,6,Tue,2023-06-27,21:00,Fluminense br,1.0,0.6,pe Sporting Cristal,1.0,0.6,50683.0,Estadio Jornalista Mário Filho,Piero Maza,,https://fbref.com/en/matches/8a717958/Fluminense-Sporting-Cristal-June-27-2023-Copa-Libertadores,br,Fluminense,pe,Sporting Cristal
Copa Libertadores de América,M,,2023,,Group stage,6,Tue,2023-06-27,21:00,River Plate ar,2.0,2.2,bo The Strongest,0.0,0.3,62910.0,Estadio Mâs Monumental,Gustavo Tejera,,https://fbref.com/en/matches/a1d31744/River-Plate-The-Strongest-June-27-2023-Copa-Libertadores,ar,River Plate,bo,The Strongest
Copa Libertadores de América,M,,2023,,Group stage,6,Wed,2023-06-28,19:00,Nacional uy,1.0,2.1,ve Metropolitanos,0.0,0.3,30832.0,Estadio Gran Parque Central,Roberto Pérez,,https://fbref.com/en/matches/ccf1344d/Nacional-Metropolitanos-June-28-2023-Copa-Libertadores,uy,Nacional,ve,Metropolitanos
Copa Libertadores de América,M,,2023,,Group stage,6,Wed,2023-06-28,19:00,Internacional br,3.0,1.5,co Independiente,1.0,0.4,38567.0,Estádio José Pinheiro Borba,Facundo Tello,,https://fbref.com/en/matches/493831ab/Internacional-Independiente-June-28-2023-Copa-Libertadores,br,Internacional,co,Independiente
Copa Libertadores de América,M,,2023,,Group stage,6,Wed,2023-06-28,19:30,Independiente ec,3.0,1.2,ar Arg Juniors,2.0,1.0,,Estadio banco Guayaquil,Wilmar Roldán,,https://fbref.com/en/matches/3382cceb/Independiente-del-Valle-Argentinos-Juniors-June-28-2023-Copa-Libertadores,ec,Independiente,ar,Arg Juniors
Copa Libertadores de América,M,,2023,,Group stage,6,Wed,2023-06-28,21:30,Racing Club ar,4.0,1.5,cl Ñublense,0.0,0.3,17385.0,Estadio Presidente Juan Domingo Perón,Kevin Ortega,,https://fbref.com/en/matches/e8406496/Racing-Club-Nublense-June-28-2023-Copa-Libertadores,ar,Racing Club,cl,Ñublense
Copa Libertadores de América,M,,2023,,Group stage,6,Wed,2023-06-28,21:30,Corinthians br,3.0,2.9,uy Liverpool,0.0,1.6,,Neo Química Arena,Ángel Arteaga,,https://fbref.com/en/matches/a2243dc7/Corinthians-Liverpool-June-28-2023-Copa-Libertadores,br,Corinthians,uy,Liverpool
Copa Libertadores de América,M,,2023,,Group stage,6,Wed,2023-06-28,21:30,Flamengo br,4.0,5.0,ec SD Aucas,0.0,0.4,62924.0,Estadio Jornalista Mário Filho,Andrés Rojas,,https://fbref.com/en/matches/981879f2/Flamengo-SD-Aucas-June-28-2023-Copa-Libertadores,br,Flamengo,ec,SD Aucas
Copa Libertadores de América,M,,2023,,Group stage,6,Thu,2023-06-29,18:00,Colo-Colo cl,0.0,1.7,co Pereira,0.0,0.2,38130.0,Estadio Monumental David Arellano,Wilton Sampaio,,https://fbref.com/en/matches/cff2d4e4/Colo-Colo-Deportivo-Pereira-June-29-2023-Copa-Libertadores,cl,Colo-Colo,co,Pereira
Copa Libertadores de América,M,,2023,,Group stage,6,Thu,2023-06-29,19:00,Boca Juniors ar,4.0,4.5,ve Monagas,0.0,0.4,40564.0,Estadio Alberto José Armando,Andrés Matonte,,https://fbref.com/en/matches/d0da650e/Boca-Juniors-Monagas-June-29-2023-Copa-Libertadores,ar,Boca Juniors,ve,Monagas
Copa Libertadores de América,M,,2023,,Group stage,6,Thu,2023-06-29,19:00,Barcelona ec,2.0,1.6,py Cerro Porteño,2.0,2.0,,Estadio Monumental Isidro Romero Carbo,Darío Herrera,,https://fbref.com/en/matches/88a787f1/Barcelona-Cerro-Porteno-June-29-2023-Copa-Libertadores,ec,Barcelona,py,Cerro Porteño
Copa Libertadores de América,M,,2023,,Group stage,6,Thu,2023-06-29,21:00,Palmeiras br,4.0,4.1,bo Bolívar,0.0,0.2,33250.0,Allianz Parque,Jesús Valenzuela,,https://fbref.com/en/matches/bf76b38f/Palmeiras-Bolivar-June-29-2023-Copa-Libertadores,br,Palmeiras,bo,Bolívar
Copa Libertadores de América,M,,2024,,Round of 16,,Tue,2024-08-13,19:00,Grêmio br,2.0,1.3,br Fluminense,1.0,1.2,18645.0,Estádio Major Antônio Couto Pereira,,Leg 1 of 2,https://fbref.com/en/matches/dc6094a2/Gremio-Fluminense-August-13-2024-Copa-Libertadores,br,Grêmio,br,Fluminense
Copa Libertadores de América,M,,2024,,Round of 16,,Tue,2024-08-13,20:30,Colo-Colo cl,1.0,0.8,co Junior,0.0,1.1,,Estadio Monumental David Arellano,,Leg 1 of 2,https://fbref.com/en/matches/5e90d7b7/Colo-Colo-Junior-August-13-2024-Copa-Libertadores,cl,Colo-Colo,co,Junior
Copa Libertadores de América,M,,2024,,Round of 16,,Tue,2024-08-13,21:30,San Lorenzo ar,1.0,0.3,br Atlético Mineiro,1.0,0.3,18108.0,Estadio Pedro Bidegaín,,Leg 1 of 2,https://fbref.com/en/matches/f6d7b241/San-Lorenzo-Atletico-Mineiro-August-13-2024-Copa-Libertadores,ar,San Lorenzo,br,Atlético Mineiro
Copa Libertadores de América,M,,2024,,Round of 16,,Wed,2024-08-14,19:00,Peñarol uy,4.0,2.4,bo The Strongest,0.0,0.1,32235.0,Estadio Campeón del Siglo,,Leg 1 of 2,https://fbref.com/en/matches/c85fbc1a/Penarol-The-Strongest-August-14-2024-Copa-Libertadores,uy,Peñarol,bo,The Strongest
Copa Libertadores de América,M,,2024,,Round of 16,,Wed,2024-08-14,21:30,Talleres ar,0.0,0.1,ar River Plate,1.0,0.3,38734.0,Estadio Mario Alberto Kempes,,Leg 1 of 2,https://fbref.com/en/matches/d4b2686c/Talleres-River-Plate-August-14-2024-Copa-Libertadores,ar,Talleres,ar,River Plate
Copa Libertadores de América,M,,2024,,Round of 16,,Wed,2024-08-14,21:30,Botafogo (RJ) br,2.0,1.7,br Palmeiras,1.0,0.3,38848.0,Estádio Nilton Santos,,Leg 1 of 2,https://fbref.com/en/matches/a1230848/Botafogo-RJ-Palmeiras-August-14-2024-Copa-Libertadores,br,Botafogo (RJ),br,Palmeiras
Copa Libertadores de América,M,,2024,,Round of 16,,Thu,2024-08-15,19:00,Nacional uy,0.0,0.9,br São Paulo,0.0,0.0,,Estadio Gran Parque Central,Facundo Tello,Leg 1 of 2,https://fbref.com/en/matches/5465d8a0/Nacional-Sao-Paulo-August-15-2024-Copa-Libertadores,uy,Nacional,br,São Paulo
Copa Libertadores de América,M,,2024,,Round of 16,,Thu,2024-08-15,21:30,Flamengo br,2.0,1.7,bo Bolívar,0.0,0.5,,Estadio Jornalista Mário Filho,,Leg 1 of 2,https://fbref.com/en/matches/1f07ca74/Flamengo-Bolivar-August-15-2024-Copa-Libertadores,br,Flamengo,bo,Bolívar
Copa Libertadores de América,M,,2024,,Round of 16,,Tue,2024-08-20,19:00,Fluminense br,2.0,1.4,br Grêmio,2.0,1.1,,Estadio Jornalista Mário Filho,,Leg 2 of 2; Fluminense won; Fluminense won on penalty kicks following extra time,https://fbref.com/en/matches/bf09c253/Fluminense-Gremio-August-20-2024-Copa-Libertadores,br,Fluminense,br,Grêmio
Copa Libertadores de América,M,,2024,,Round of 16,,Tue,2024-08-20,19:30,Junior co,1.0,1.5,cl Colo-Colo,2.0,1.2,,Estadio Metropolitano Roberto Meléndez,,Leg 2 of 2; Colo-Colo won,https://fbref.com/en/matches/5ee37666/Junior-Colo-Colo-August-20-2024-Copa-Libertadores,co,Junior,cl,Colo-Colo
Copa Libertadores de América,M,,2024,,Round of 16,,Tue,2024-08-20,21:30,Atlético Mineiro br,1.0,1.0,ar San Lorenzo,0.0,0.9,,Arena MRV,,Leg 2 of 2; Atlético Mineiro won,https://fbref.com/en/matches/0230a693/Atletico-Mineiro-San-Lorenzo-August-20-2024-Copa-Libertadores,br,Atlético Mineiro,ar,San Lorenzo
Copa Libertadores de América,M,,2024,,Round of 16,,Wed,2024-08-21,18:00,The Strongest bo,1.0,2.3,uy Peñarol,0.0,0.4,,Estadio Hernando Siles,,Leg 2 of 2; Peñarol won,https://fbref.com/en/matches/24e4e37c/The-Strongest-Penarol-August-21-2024-Copa-Libertadores,bo,The Strongest,uy,Peñarol
Copa Libertadores de América,M,,2024,,Round of 16,,Wed,2024-08-21,21:30,River Plate ar,2.0,1.2,ar Talleres,1.0,1.1,,Estadio Mâs Monumental,,Leg 2 of 2; River Plate won,https://fbref.com/en/matches/b9214a2d/River-Plate-Talleres-August-21-2024-Copa-Libertadores,ar,River Plate,ar,Talleres
Copa Libertadores de América,M,,2024,,Round of 16,,Wed,2024-08-21,21:30,Palmeiras br,2.0,2.7,br Botafogo (RJ),2.0,1.2,40269.0,Allianz Parque,,Leg 2 of 2; Botafogo (RJ) won,https://fbref.com/en/matches/5e85c97c/Palmeiras-Botafogo-RJ-August-21-2024-Copa-Libertadores,br,Palmeiras,br,Botafogo (RJ)
Copa Libertadores de América,M,,2024,,Round of 16,,Thu,2024-08-22,19:00,São Paulo br,2.0,1.0,uy Nacional,0.0,0.8,,Estádio do Morumbi,,Leg 2 of 2; São Paulo won,https://fbref.com/en/matches/beb8d7c4/Sao-Paulo-Nacional-August-22-2024-Copa-Libertadores,br,São Paulo,uy,Nacional
Copa Libertadores de América,M,,2024,,Round of 16,,Thu,2024-08-22,20:30,Bolívar bo,1.0,1.5,br Flamengo,0.0,0.5,,Estadio Hernando Siles,,Leg 2 of 2; Flamengo won,https://fbref.com/en/matches/a21083a3/Bolivar-Flamengo-August-22-2024-Copa-Libertadores,bo,Bolívar,br,Flamengo
Copa Libertadores de América,M,,2024,,Quarter-finals,,Tue,2024-09-17,21:30,Colo-Colo cl,1.0,1.0,ar River Plate,1.0,0.5,40885.0,Estadio Monumental David Arellano,Raphael Claus,Leg 1 of 2,https://fbref.com/en/matches/7a69f919/Colo-Colo-River-Plate-September-17-2024-Copa-Libertadores,cl,Colo-Colo,ar,River Plate
Copa Libertadores de América,M,,2024,,Quarter-finals,,Wed,2024-09-18,19:00,Fluminense br,1.0,0.7,br Atlético Mineiro,0.0,0.5,,Estadio Jornalista Mário Filho,Facundo Tello,Leg 1 of 2,https://fbref.com/en/matches/9999ab74/Fluminense-Atletico-Mineiro-September-18-2024-Copa-Libertadores,br,Fluminense,br,Atlético Mineiro
Copa Libertadores de América,M,,2024,,Quarter-finals,,Wed,2024-09-18,21:30,Botafogo (RJ) br,0.0,1.7,br São Paulo,0.0,0.7,,Estádio Nilton Santos,Esteban Ostojich,Leg 1 of 2,https://fbref.com/en/matches/ea56671b/Botafogo-RJ-Sao-Paulo-September-18-2024-Copa-Libertadores,br,Botafogo (RJ),br,São Paulo
Copa Libertadores de América,M,,2024,,Quarter-finals,,Thu,2024-09-19,19:00,Flamengo br,0.0,1.5,uy Peñarol,1.0,0.8,64396.0,Estadio Jornalista Mário Filho,Jesús Valenzuela,Leg 1 of 2,https://fbref.com/en/matches/62e6630f/Flamengo-Penarol-September-19-2024-Copa-Libertadores,br,Flamengo,uy,Peñarol
Copa Libertadores de América,M,,2024,,Quarter-finals,,Tue,2024-09-24,21:30,River Plate ar,1.0,0.9,cl Colo-Colo,0.0,0.2,67195.0,Estadio Mâs Monumental,Andrés Matonte,Leg 2 of 2; River Plate won,https://fbref.com/en/matches/71bd06de/River-Plate-Colo-Colo-September-24-2024-Copa-Libertadores,ar,River Plate,cl,Colo-Colo
Copa Libertadores de América,M,,2024,,Quarter-finals,,Wed,2024-09-25,19:00,Atlético Mineiro br,2.0,3.7,br Fluminense,0.0,0.1,43659.0,Arena MRV,Wilmar Roldán,Leg 2 of 2; Atlético Mineiro won,https://fbref.com/en/matches/b9540614/Atletico-Mineiro-Fluminense-September-25-2024-Copa-Libertadores,br,Atlético Mineiro,br,Fluminense
Copa Libertadores de América,M,,2024,,Quarter-finals,,Wed,2024-09-25,21:30,São Paulo br,1.0,2.0,br Botafogo (RJ),1.0,0.9,,Estádio do Morumbi,Darío Herrera,Leg 2 of 2; Botafogo (RJ) won; Botafogo (RJ) won on penalty kicks following extra time,https://fbref.com/en/matches/579f7e55/Sao-Paulo-Botafogo-RJ-September-25-2024-Copa-Libertadores,br,São Paulo,br,Botafogo (RJ)
Copa Libertadores de América,M,,2024,,Quarter-finals,,Thu,2024-09-26,19:00,Peñarol uy,0.0,0.1,br Flamengo,0.0,0.9,38144.0,Estadio Campeón del Siglo,Facundo Tello,Leg 2 of 2; Peñarol won,https://fbref.com/en/matches/1ea334a1/Penarol-Flamengo-September-26-2024-Copa-Libertadores,uy,Peñarol,br,Flamengo
Copa Libertadores de América,M,,2024,,Semi-finals,,Tue,2024-10-22,21:30,Atlético Mineiro br,3.0,1.3,ar River Plate,0.0,0.4,,Arena MRV,Jesús Valenzuela,Leg 1 of 2,https://fbref.com/en/matches/822c8c0a/Atletico-Mineiro-River-Plate-October-22-2024-Copa-Libertadores,br,Atlético Mineiro,ar,River Plate
Copa Libertadores de América,M,,2024,,Semi-finals,,Wed,2024-10-23,21:30,Botafogo (RJ) br,5.0,2.0,uy Peñarol,0.0,0.4,42982.0,Estádio Nilton Santos,Andrés Rojas,Leg 1 of 2,https://fbref.com/en/matches/713de30d/Botafogo-RJ-Penarol-October-23-2024-Copa-Libertadores,br,Botafogo (RJ),uy,Peñarol
Copa Libertadores de América,M,,2024,,Semi-finals,,Tue,2024-10-29,21:30,River Plate ar,0.0,1.8,br Atlético Mineiro,0.0,0.3,,Estadio Mâs Monumental,Wilmar Roldán,Leg 2 of 2; Atlético Mineiro won,https://fbref.com/en/matches/cc57adfa/River-Plate-Atletico-Mineiro-October-29-2024-Copa-Libertadores,ar,River Plate,br,Atlético Mineiro
Copa Libertadores de América,M,,2024,,Semi-finals,,Wed,2024-10-30,21:30,Peñarol uy,3.0,1.6,br Botafogo (RJ),1.0,1.7,33034.0,Estadio Centenario,Piero Maza,Leg 2 of 2; Botafogo (RJ) won,https://fbref.com/en/matches/8481ecd2/Penarol-Botafogo-RJ-October-30-2024-Copa-Libertadores,uy,Peñarol,br,Botafogo (RJ)
Copa Libertadores de América,M,,2024,,Final,,Sat,2024-11-30,17:00,Atlético Mineiro br,1.0,1.8,br Botafogo (RJ),3.0,1.8,,Estadio Mâs Monumental (Neutral Site),Facundo Tello,,https://fbref.com/en/matches/5e4ed85c/Atletico-Mineiro-Botafogo-RJ-November-30-2024-Copa-Libertadores,br,Atlético Mineiro,br,Botafogo (RJ)
Copa Libertadores de América,M,,2024,,Group stage,1,Tue,2024-04-02,17:00,Millonarios co,1.0,1.7,br Flamengo,1.0,1.6,22205.0,Estadio Nemesio Camacho El Campín,,,https://fbref.com/en/matches/71ad4207/Millonarios-Flamengo-April-2-2024-Copa-Libertadores,co,Millonarios,br,Flamengo
Copa Libertadores de América,M,,2024,,Group stage,1,Tue,2024-04-02,19:00,Cobresal cl,1.0,1.5,ec Barcelona,1.0,2.2,1582.0,Estadio Zorros del Desierto,,,https://fbref.com/en/matches/3d974832/Cobresal-Barcelona-April-2-2024-Copa-Libertadores,cl,Cobresal,ec,Barcelona
Copa Libertadores de América,M,,2024,,Group stage,1,Tue,2024-04-02,20:00,The Strongest bo,2.0,1.8,br Grêmio,0.0,0.5,10782.0,Estadio Hernando Siles,,,https://fbref.com/en/matches/4f4c9e2c/The-Strongest-Gremio-April-2-2024-Copa-Libertadores,bo,The Strongest,br,Grêmio
Copa Libertadores de América,M,,2024,,Group stage,1,Tue,2024-04-02,20:30,Dep Táchira ve,0.0,0.2,ar River Plate,2.0,1.4,34790.0,Estadio Polideportivo de Pueblo Nuevo,Raphael Claus,,https://fbref.com/en/matches/2c4e81ca/Deportivo-Tachira-River-Plate-April-2-2024-Copa-Libertadores,ve,Dep Táchira,ar,River Plate
Copa Libertadores de América,M,,2024,,Group stage,1,Tue,2024-04-02,21:00,Universitario pe,2.0,0.6,ec LDU de Quito,1.0,0.3,47086.0,Estadio Monumental U Marathon,,,https://fbref.com/en/matches/b98553d3/Universitario-LDU-de-Quito-April-2-2024-Copa-Libertadores,pe,Universitario,ec,LDU de Quito
Copa Libertadores de América,M,,2024,,Group stage,1,Wed,2024-04-03,19:00,Huachipato cl,1.0,0.5,ar Estudiantes–LP,1.0,0.9,4188.0,Estadio CAP,,,https://fbref.com/en/matches/f180c023/Huachipato-Estudiantes-LP-April-3-2024-Copa-Libertadores,cl,Huachipato,ar,Estudiantes–LP
Copa Libertadores de América,M,,2024,,Group stage,1,Wed,2024-04-03,19:00,Nacional uy,2.0,3.5,py Libertad,0.0,0.4,,Estadio Gran Parque Central,,,https://fbref.com/en/matches/7848fef6/Nacional-Libertad-April-3-2024-Copa-Libertadores,uy,Nacional,py,Libertad
Copa Libertadores de América,M,,2024,,Group stage,1,Wed,2024-04-03,19:00,Botafogo (RJ) br,1.0,0.7,co Junior,3.0,2.5,39039.0,Estádio Nilton Santos,,,https://fbref.com/en/matches/54d45bad/Botafogo-RJ-Junior-April-3-2024-Copa-Libertadores,br,Botafogo (RJ),co,Junior
Copa Libertadores de América,M,,2024,,Group stage,1,Wed,2024-04-03,19:30,Alianza Lima pe,1.0,1.1,br Fluminense,1.0,0.5,19779.0,Estadio Alejandro Villanueva,,,https://fbref.com/en/matches/814df7ef/Alianza-Lima-Fluminense-April-3-2024-Copa-Libertadores,pe,Alianza Lima,br,Fluminense
Copa Libertadores de América,M,,2024,,Group stage,1,Wed,2024-04-03,21:00,Colo-Colo cl,1.0,0.3,py Cerro Porteño,0.0,0.5,32909.0,Estadio Monumental David Arellano,,,https://fbref.com/en/matches/5d06bc6a/Colo-Colo-Cerro-Porteno-April-3-2024-Copa-Libertadores,cl,Colo-Colo,py,Cerro Porteño
Copa Libertadores de América,M,,2024,,Group stage,1,Wed,2024-04-03,21:30,San Lorenzo ar,1.0,1.2,br Palmeiras,1.0,0.8,20007.0,Estadio Pedro Bidegaín,,,https://fbref.com/en/matches/cade1fb2/San-Lorenzo-Palmeiras-April-3-2024-Copa-Libertadores,ar,San Lorenzo,br,Palmeiras
Copa Libertadores de América,M,,2024,,Group stage,1,Thu,2024-04-04,18:00,Caracas ve,1.0,1.0,br Atlético Mineiro,4.0,2.2,7344.0,Estadio Olímpico,,,https://fbref.com/en/matches/014b7c72/Caracas-Atletico-Mineiro-April-4-2024-Copa-Libertadores,ve,Caracas,br,Atlético Mineiro
Copa Libertadores de América,M,,2024,,Group stage,1,Thu,2024-04-04,19:00,Rosario Central ar,1.0,0.5,uy Peñarol,0.0,1.1,27769.0,Estadio Gigante de Arroyito,,,https://fbref.com/en/matches/5fb655b6/Rosario-Central-Penarol-April-4-2024-Copa-Libertadores,ar,Rosario Central,uy,Peñarol
Copa Libertadores de América,M,,2024,,Group stage,1,Thu,2024-04-04,21:00,Talleres ar,2.0,1.1,br São Paulo,1.0,1.0,35568.0,Estadio Mario Alberto Kempes,,,https://fbref.com/en/matches/9ed0b614/Talleres-Sao-Paulo-April-4-2024-Copa-Libertadores,ar,Talleres,br,São Paulo
Copa Libertadores de América,M,,2024,,Group stage,1,Thu,2024-04-04,21:00,Liverpool uy,1.0,0.4,ec Independiente,1.0,1.1,866.0,Estadio Centenario,,,https://fbref.com/en/matches/cd8c4163/Liverpool-Independiente-del-Valle-April-4-2024-Copa-Libertadores,uy,Liverpool,ec,Independiente
Copa Libertadores de América,M,,2024,,Group stage,1,Thu,2024-04-04,21:00,Palestino cl,0.0,1.0,bo Bolívar,4.0,3.9,3114.0,Estadio CODELCO-El Teniente,,,https://fbref.com/en/matches/b35fbd4a/Palestino-Bolivar-April-4-2024-Copa-Libertadores,cl,Palestino,bo,Bolívar
Copa Libertadores de América,M,,2024,,Group stage,2,Tue,2024-04-09,19:00,Estudiantes–LP ar,2.0,2.4,bo The Strongest,1.0,0.4,20358.0,Estadio Jorge Luis Hirschi,,,https://fbref.com/en/matches/abb05b53/Estudiantes-LP-The-Strongest-April-9-2024-Copa-Libertadores,ar,Estudiantes–LP,bo,The Strongest
Copa Libertadores de América,M,,2024,,Group stage,2,Tue,2024-04-09,19:00,Grêmio br,0.0,3.0,cl Huachipato,2.0,0.9,,Arena do Grêmio,,,https://fbref.com/en/matches/83cb1332/Gremio-Huachipato-April-9-2024-Copa-Libertadores,br,Grêmio,cl,Huachipato
Copa Libertadores de América,M,,2024,,Group stage,2,Tue,2024-04-09,20:00,Libertad py,3.0,1.7,ve Dep Táchira,0.0,0.3,,Estadio Tigo La Huerta,,,https://fbref.com/en/matches/7f80476b/Libertad-Deportivo-Tachira-April-9-2024-Copa-Libertadores,py,Libertad,ve,Dep Táchira
Copa Libertadores de América,M,,2024,,Group stage,2,Tue,2024-04-09,21:00,Junior co,1.0,2.2,pe Universitario,1.0,1.0,27518.0,Estadio Metropolitano Roberto Meléndez,,,https://fbref.com/en/matches/f91fabba/Junior-Universitario-April-9-2024-Copa-Libertadores,co,Junior,pe,Universitario
Copa Libertadores de América,M,,2024,,Group stage,2,Tue,2024-04-09,21:00,Fluminense br,2.0,0.6,cl Colo-Colo,1.0,1.4,,Estadio Jornalista Mário Filho,,,https://fbref.com/en/matches/6c5e637a/Fluminense-Colo-Colo-April-9-2024-Copa-Libertadores,br,Fluminense,cl,Colo-Colo
Copa Libertadores de América,M,,2024,,Group stage,2,Wed,2024-04-10,17:00,Independiente ec,2.0,2.5,ar San Lorenzo,0.0,0.3,4007.0,Estadio banco Guayaquil,,,https://fbref.com/en/matches/616bf7fb/Independiente-del-Valle-San-Lorenzo-April-10-2024-Copa-Libertadores,ec,Independiente,ar,San Lorenzo
Copa Libertadores de América,M,,2024,,Group stage,2,Wed,2024-04-10,18:00,Cerro Porteño py,1.0,0.4,pe Alianza Lima,0.0,0.4,17624.0,Estadio ueno La Nueva Olla,,,https://fbref.com/en/matches/0aaecac8/Cerro-Porteno-Alianza-Lima-April-10-2024-Copa-Libertadores,py,Cerro Porteño,pe,Alianza Lima
Copa Libertadores de América,M,,2024,,Group stage,2,Wed,2024-04-10,19:00,Atlético Mineiro br,2.0,1.4,ar Rosario Central,1.0,1.4,34917.0,Arena MRV,,,https://fbref.com/en/matches/ab7ae1ee/Atletico-Mineiro-Rosario-Central-April-10-2024-Copa-Libertadores,br,Atlético Mineiro,ar,Rosario Central
Copa Libertadores de América,M,,2024,,Group stage,2,Wed,2024-04-10,21:00,Barcelona ec,2.0,1.5,ar Talleres,2.0,0.7,17867.0,Estadio Monumental Banco Pichincha,,,https://fbref.com/en/matches/0fad5b3c/Barcelona-Talleres-April-10-2024-Copa-Libertadores,ec,Barcelona,ar,Talleres
Copa Libertadores de América,M,,2024,,Group stage,2,Wed,2024-04-10,21:00,Peñarol uy,5.0,2.8,ve Caracas,0.0,0.2,23944.0,Estadio Campeón del Siglo,Felipe González,,https://fbref.com/en/matches/e21520c7/Penarol-Caracas-April-10-2024-Copa-Libertadores,uy,Peñarol,ve,Caracas
Copa Libertadores de América,M,,2024,,Group stage,2,Wed,2024-04-10,21:30,São Paulo br,2.0,2.6,cl Cobresal,0.0,0.2,,Estádio do Morumbi,,,https://fbref.com/en/matches/088fd359/Sao-Paulo-Cobresal-April-10-2024-Copa-Libertadores,br,São Paulo,cl,Cobresal
Copa Libertadores de América,M,,2024,,Group stage,2,Wed,2024-04-10,21:30,Flamengo br,2.0,2.3,cl Palestino,0.0,0.9,,Estadio Jornalista Mário Filho,,,https://fbref.com/en/matches/07127d0b/Flamengo-Palestino-April-10-2024-Copa-Libertadores,br,Flamengo,cl,Palestino
Copa Libertadores de América,M,,2024,,Group stage,2,Thu,2024-04-11,17:00,LDU de Quito ec,1.0,0.8,br Botafogo (RJ),0.0,0.7,16008.0,Estadio Rodrigo Paz Delgado,,,https://fbref.com/en/matches/2f9ae06a/LDU-de-Quito-Botafogo-RJ-April-11-2024-Copa-Libertadores,ec,LDU de Quito,br,Botafogo (RJ)
Copa Libertadores de América,M,,2024,,Group stage,2,Thu,2024-04-11,18:00,Bolívar bo,3.0,1.3,co Millonarios,2.0,1.8,14485.0,Estadio Hernando Siles,,,https://fbref.com/en/matches/08117637/Bolivar-Millonarios-April-11-2024-Copa-Libertadores,bo,Bolívar,co,Millonarios
Copa Libertadores de América,M,,2024,,Group stage,2,Thu,2024-04-11,21:00,River Plate ar,2.0,1.5,uy Nacional,0.0,0.8,64766.0,Estadio Mâs Monumental,,,https://fbref.com/en/matches/5d4e53ca/River-Plate-Nacional-April-11-2024-Copa-Libertadores,ar,River Plate,uy,Nacional
Copa Libertadores de América,M,,2024,,Group stage,2,Thu,2024-04-11,21:00,Palmeiras br,3.0,1.8,uy Liverpool,1.0,0.7,28365.0,Allianz Parque,,,https://fbref.com/en/matches/df53a4f2/Palmeiras-Liverpool-April-11-2024-Copa-Libertadores,br,Palmeiras,uy,Liverpool
Copa Libertadores de América,M,,2024,,Group stage,3,Tue,2024-04-23,18:00,Caracas ve,1.0,0.5,ar Rosario Central,1.0,1.8,4155.0,Estadio Olímpico,,,https://fbref.com/en/matches/4aaeddb8/Caracas-Rosario-Central-April-23-2024-Copa-Libertadores,ve,Caracas,ar,Rosario Central
Copa Libertadores de América,M,,2024,,Group stage,3,Tue,2024-04-23,19:00,Estudiantes–LP ar,0.0,0.6,br Grêmio,1.0,1.5,22065.0,Estadio Jorge Luis Hirschi,,,https://fbref.com/en/matches/60f923e1/Estudiantes-LP-Gremio-April-23-2024-Copa-Libertadores,ar,Estudiantes–LP,br,Grêmio
Copa Libertadores de América,M,,2024,,Group stage,3,Tue,2024-04-23,20:30,Colo-Colo cl,0.0,1.0,pe Alianza Lima,0.0,0.5,39886.0,Estadio Monumental David Arellano,,,https://fbref.com/en/matches/18cc8a4d/Colo-Colo-Alianza-Lima-April-23-2024-Copa-Libertadores,cl,Colo-Colo,pe,Alianza Lima
Copa Libertadores de América,M,,2024,,Group stage,3,Tue,2024-04-23,21:00,Liverpool uy,1.0,0.6,ar San Lorenzo,0.0,0.8,3977.0,Estadio Centenario,,,https://fbref.com/en/matches/9029c88b/Liverpool-San-Lorenzo-April-23-2024-Copa-Libertadores,uy,Liverpool,ar,San Lorenzo
Copa Libertadores de América,M,,2024,,Group stage,3,Tue,2024-04-23,21:00,Atlético Mineiro br,3.0,1.5,uy Peñarol,2.0,0.6,34279.0,Arena MRV,,,https://fbref.com/en/matches/d1b047d3/Atletico-Mineiro-Penarol-April-23-2024-Copa-Libertadores,br,Atlético Mineiro,uy,Peñarol
Copa Libertadores de América,M,,2024,,Group stage,3,Tue,2024-04-23,21:00,Junior co,1.0,2.8,ec LDU de Quito,1.0,1.5,,Estadio Metropolitano Roberto Meléndez,,,https://fbref.com/en/matches/2651a471/Junior-LDU-de-Quito-April-23-2024-Copa-Libertadores,co,Junior,ec,LDU de Quito
Copa Libertadores de América,M,,2024,,Group stage,3,Wed,2024-04-24,18:00,Huachipato cl,0.0,2.0,bo The Strongest,0.0,0.3,3611.0,Estadio CAP,,,https://fbref.com/en/matches/017c0775/Huachipato-The-Strongest-April-24-2024-Copa-Libertadores,cl,Huachipato,bo,The Strongest
Copa Libertadores de América,M,,2024,,Group stage,3,Wed,2024-04-24,19:00,Nacional uy,2.0,2.4,ve Dep Táchira,1.0,0.8,25954.0,Estadio Gran Parque Central,,,https://fbref.com/en/matches/ac67b696/Nacional-Deportivo-Tachira-April-24-2024-Copa-Libertadores,uy,Nacional,ve,Dep Táchira
Copa Libertadores de América,M,,2024,,Group stage,3,Wed,2024-04-24,19:00,Botafogo (RJ) br,3.0,2.8,pe Universitario,1.0,0.2,23800.0,Estádio Nilton Santos,,,https://fbref.com/en/matches/045fbe15/Botafogo-RJ-Universitario-April-24-2024-Copa-Libertadores,br,Botafogo (RJ),pe,Universitario
Copa Libertadores de América,M,,2024,,Group stage,3,Wed,2024-04-24,19:30,Independiente ec,2.0,1.3,br Palmeiras,3.0,0.7,6552.0,Estadio banco Guayaquil,,,https://fbref.com/en/matches/18fba576/Independiente-del-Valle-Palmeiras-April-24-2024-Copa-Libertadores,ec,Independiente,br,Palmeiras
Copa Libertadores de América,M,,2024,,Group stage,3,Wed,2024-04-24,20:30,Libertad py,1.0,0.8,ar River Plate,2.0,2.2,18290.0,Estadio Defensores del Chaco,,,https://fbref.com/en/matches/6bd13df0/Libertad-River-Plate-April-24-2024-Copa-Libertadores,py,Libertad,ar,River Plate
Copa Libertadores de América,M,,2024,,Group stage,3,Wed,2024-04-24,20:30,Bolívar bo,2.0,1.5,br Flamengo,1.0,1.5,22620.0,Estadio Hernando Siles,,,https://fbref.com/en/matches/164fc997/Bolivar-Flamengo-April-24-2024-Copa-Libertadores,bo,Bolívar,br,Flamengo
Copa Libertadores de América,M,,2024,,Group stage,3,Thu,2024-04-25,18:00,Cobresal cl,0.0,0.9,ar Talleres,2.0,1.7,2696.0,Estadio Zorros del Desierto,,,https://fbref.com/en/matches/f15a848c/Cobresal-Talleres-April-25-2024-Copa-Libertadores,cl,Cobresal,ar,Talleres
Copa Libertadores de América,M,,2024,,Group stage,3,Thu,2024-04-25,18:00,Cerro Porteño py,0.0,0.4,br Fluminense,0.0,0.2,26365.0,Estadio ueno La Nueva Olla,,,https://fbref.com/en/matches/ebe64522/Cerro-Porteno-Fluminense-April-25-2024-Copa-Libertadores,py,Cerro Porteño,br,Fluminense
Copa Libertadores de América,M,,2024,,Group stage,3,Thu,2024-04-25,19:00,Barcelona ec,0.0,0.7,br São Paulo,2.0,1.3,20581.0,Estadio Monumental Banco Pichincha,,,https://fbref.com/en/matches/09899a08/Barcelona-Sao-Paulo-April-25-2024-Copa-Libertadores,ec,Barcelona,br,São Paulo
Copa Libertadores de América,M,,2024,,Group stage,3,Thu,2024-04-25,20:00,Palestino cl,3.0,2.7,co Millonarios,1.0,1.7,1918.0,Estadio Bicentenario Francisco Sánchez R...,,,https://fbref.com/en/matches/10481978/Palestino-Millonarios-April-25-2024-Copa-Libertadores,cl,Palestino,co,Millonarios
Copa Libertadores de América,M,,2024,,Group stage,4,Tue,2024-05-07,18:00,Caracas ve,0.0,0.3,uy Peñarol,1.0,0.3,4252.0,Estadio Olímpico,,,https://fbref.com/en/matches/dfd0c7df/Caracas-Penarol-May-7-2024-Copa-Libertadores,ve,Caracas,uy,Peñarol
Copa Libertadores de América,M,,2024,,Group stage,4,Tue,2024-05-07,19:00,Rosario Central ar,0.0,0.2,br Atlético Mineiro,1.0,0.7,,Estadio Gigante de Arroyito,Piero Maza,,https://fbref.com/en/matches/80a5d929/Rosario-Central-Atletico-Mineiro-May-7-2024-Copa-Libertadores,ar,Rosario Central,br,Atlético Mineiro
Copa Libertadores de América,M,,2024,,Group stage,4,Tue,2024-05-07,20:00,Dep Táchira ve,1.0,1.1,py Libertad,1.0,1.5,8195.0,Estadio Polideportivo de Pueblo Nuevo,,,https://fbref.com/en/matches/0c67c17e/Deportivo-Tachira-Libertad-May-7-2024-Copa-Libertadores,ve,Dep Táchira,py,Libertad
Copa Libertadores de América,M,,2024,,Group stage,4,Tue,2024-05-07,20:00,Palestino cl,1.0,0.5,br Flamengo,0.0,1.2,4217.0,Estadio Bicentenario Francisco Sánchez R...,,,https://fbref.com/en/matches/5df474fa/Palestino-Flamengo-May-7-2024-Copa-Libertadores,cl,Palestino,br,Flamengo
Copa Libertadores de América,M,,2024,,Group stage,4,Tue,2024-05-07,21:00,Universitario pe,1.0,0.9,co Junior,1.0,0.3,59000.0,Estadio Monumental U Marathon,,,https://fbref.com/en/matches/7b55d46d/Universitario-Junior-May-7-2024-Copa-Libertadores,pe,Universitario,co,Junior
Copa Libertadores de América,M,,2024,,Group stage,4,Tue,2024-05-07,21:00,Nacional uy,2.0,2.2,ar River Plate,2.0,1.9,32959.0,Estadio Gran Parque Central,,,https://fbref.com/en/matches/aeca0e70/Nacional-River-Plate-May-7-2024-Copa-Libertadores,uy,Nacional,ar,River Plate
Copa Libertadores de América,M,,2024,,Group stage,4,Wed,2024-05-08,19:00,Talleres ar,3.0,0.7,ec Barcelona,1.0,0.7,35567.0,Estadio Mario Alberto Kempes,,,https://fbref.com/en/matches/39751d41/Talleres-Barcelona-May-8-2024-Copa-Libertadores,ar,Talleres,ec,Barcelona
Copa Libertadores de América,M,,2024,,Group stage,4,Wed,2024-05-08,19:00,Alianza Lima pe,1.0,0.9,py Cerro Porteño,1.0,0.3,21681.0,Estadio Alejandro Villanueva,,,https://fbref.com/en/matches/b294c3b7/Alianza-Lima-Cerro-Porteno-May-8-2024-Copa-Libertadores,pe,Alianza Lima,py,Cerro Porteño
Copa Libertadores de América,M,,2024,,Group stage,4,Wed,2024-05-08,20:30,Cobresal cl,1.0,0.8,br São Paulo,3.0,1.9,3029.0,Estadio Zorros del Desierto,,,https://fbref.com/en/matches/daf984b1/Cobresal-Sao-Paulo-May-8-2024-Copa-Libertadores,cl,Cobresal,br,São Paulo
Copa Libertadores de América,M,,2024,,Group stage,4,Wed,2024-05-08,21:00,Millonarios co,1.0,1.6,bo Bolívar,1.0,0.8,17336.0,Estadio Nemesio Camacho El Campín,,,https://fbref.com/en/matches/a1447656/Millonarios-Bolivar-May-8-2024-Copa-Libertadores,co,Millonarios,bo,Bolívar
Copa Libertadores de América,M,,2024,,Group stage,4,Wed,2024-05-08,21:30,Botafogo (RJ) br,2.0,2.1,ec LDU de Quito,1.0,0.9,26464.0,Estádio Nilton Santos,,,https://fbref.com/en/matches/ba22affe/Botafogo-RJ-LDU-de-Quito-May-8-2024-Copa-Libertadores,br,Botafogo (RJ),ec,LDU de Quito
Copa Libertadores de América,M,,2024,,Group stage,4,Thu,2024-05-09,19:00,Liverpool uy,0.0,0.3,br Palmeiras,5.0,3.0,1848.0,Estadio Centenario,,,https://fbref.com/en/matches/ca5f81b5/Liverpool-Palmeiras-May-9-2024-Copa-Libertadores,uy,Liverpool,br,Palmeiras
Copa Libertadores de América,M,,2024,,Group stage,4,Thu,2024-05-09,19:00,San Lorenzo ar,2.0,1.9,ec Independiente,0.0,0.2,17127.0,Estadio Pedro Bidegaín,,,https://fbref.com/en/matches/44d4f58b/San-Lorenzo-Independiente-del-Valle-May-9-2024-Copa-Libertadores,ar,San Lorenzo,ec,Independiente
Copa Libertadores de América,M,,2024,,Group stage,4,Thu,2024-05-09,20:00,Colo-Colo cl,0.0,1.0,br Fluminense,1.0,0.3,41285.0,Estadio Monumental David Arellano,,,https://fbref.com/en/matches/7b1ca060/Colo-Colo-Fluminense-May-9-2024-Copa-Libertadores,cl,Colo-Colo,br,Fluminense
Copa Libertadores de América,M,,2024,,Group stage,4,Thu,2024-05-09,20:00,The Strongest bo,1.0,0.3,ar Estudiantes–LP,0.0,0.5,,Estadio Hernando Siles,,,https://fbref.com/en/matches/01467d32/The-Strongest-Estudiantes-LP-May-9-2024-Copa-Libertadores,bo,The Strongest,ar,Estudiantes–LP
Copa Libertadores de América,M,,2024,,Group stage,4,Tue,2024-06-04,20:00,Huachipato cl,0.0,0.9,br Grêmio,1.0,1.0,4520.0,Estadio CAP,,,https://fbref.com/en/matches/c5709ade/Huachipato-Gremio-June-4-2024-Copa-Libertadores,cl,Huachipato,br,Grêmio
Copa Libertadores de América,M,,2024,,Group stage,5,Tue,2024-05-14,17:00,LDU de Quito ec,0.0,2.2,co Junior,1.0,0.9,14541.0,Estadio Rodrigo Paz Delgado,,,https://fbref.com/en/matches/f853a20b/LDU-de-Quito-Junior-May-14-2024-Copa-Libertadores,ec,LDU de Quito,co,Junior
Copa Libertadores de América,M,,2024,,Group stage,5,Tue,2024-05-14,19:00,Talleres ar,1.0,1.6,cl Cobresal,0.0,0.4,35586.0,Estadio Mario Alberto Kempes,,,https://fbref.com/en/matches/a3e7d57a/Talleres-Cobresal-May-14-2024-Copa-Libertadores,ar,Talleres,cl,Cobresal
Copa Libertadores de América,M,,2024,,Group stage,5,Tue,2024-05-14,19:00,Peñarol uy,2.0,1.4,br Atlético Mineiro,0.0,0.3,29086.0,Estadio Campeón del Siglo,,,https://fbref.com/en/matches/61f872dd/Penarol-Atletico-Mineiro-May-14-2024-Copa-Libertadores,uy,Peñarol,br,Atlético Mineiro
Copa Libertadores de América,M,,2024,,Group stage,5,Tue,2024-05-14,21:00,Millonarios co,1.0,1.4,cl Palestino,1.0,0.5,,Estadio Nemesio Camacho El Campín,Maximiliano Ramírez,,https://fbref.com/en/matches/baa638e4/Millonarios-Palestino-May-14-2024-Copa-Libertadores,co,Millonarios,cl,Palestino
Copa Libertadores de América,M,,2024,,Group stage,5,Tue,2024-05-14,21:30,River Plate ar,2.0,1.3,py Libertad,0.0,0.7,61777.0,Estadio Mâs Monumental,,,https://fbref.com/en/matches/1974e7c9/River-Plate-Libertad-May-14-2024-Copa-Libertadores,ar,River Plate,py,Libertad
Copa Libertadores de América,M,,2024,,Group stage,5,Wed,2024-05-15,18:00,Dep Táchira ve,0.0,0.4,uy Nacional,1.0,0.3,7392.0,Estadio Polideportivo de Pueblo Nuevo,,,https://fbref.com/en/matches/af9b25a6/Deportivo-Tachira-Nacional-May-15-2024-Copa-Libertadores,ve,Dep Táchira,uy,Nacional
Copa Libertadores de América,M,,2024,,Group stage,5,Wed,2024-05-15,18:00,The Strongest bo,4.0,3.2,cl Huachipato,0.0,0.4,11703.0,Estadio Hernando Siles,,,https://fbref.com/en/matches/1e610811/The-Strongest-Huachipato-May-15-2024-Copa-Libertadores,bo,The Strongest,cl,Huachipato
Copa Libertadores de América,M,,2024,,Group stage,5,Wed,2024-05-15,19:00,Alianza Lima pe,1.0,0.8,cl Colo-Colo,1.0,0.1,25949.0,Estadio Alejandro Villanueva,,,https://fbref.com/en/matches/8ab3934d/Alianza-Lima-Colo-Colo-May-15-2024-Copa-Libertadores,pe,Alianza Lima,cl,Colo-Colo
Copa Libertadores de América,M,,2024,,Group stage,5,Wed,2024-05-15,21:30,Flamengo br,4.0,2.5,bo Bolívar,0.0,0.8,63169.0,Estadio Jornalista Mário Filho,,,https://fbref.com/en/matches/b018dbc8/Flamengo-Bolivar-May-15-2024-Copa-Libertadores,br,Flamengo,bo,Bolívar
Copa Libertadores de América,M,,2024,,Group stage,5,Wed,2024-05-15,21:30,Palmeiras br,2.0,1.4,ec Independiente,1.0,0.4,31672.0,Allianz Parque,,,https://fbref.com/en/matches/64ae8ff6/Palmeiras-Independiente-del-Valle-May-15-2024-Copa-Libertadores,br,Palmeiras,ec,Independiente
Copa Libertadores de América,M,,2024,,Group stage,5,Thu,2024-05-16,17:00,Universitario pe,0.0,0.6,br Botafogo (RJ),1.0,0.5,53242.0,Estadio Monumental U Marathon,,,https://fbref.com/en/matches/065f0071/Universitario-Botafogo-RJ-May-16-2024-Copa-Libertadores,pe,Universitario,br,Botafogo (RJ)
Copa Libertadores de América,M,,2024,,Group stage,5,Thu,2024-05-16,19:00,Fluminense br,2.0,1.0,py Cerro Porteño,1.0,0.7,42232.0,Estadio Jornalista Mário Filho,,,https://fbref.com/en/matches/a12b2a58/Fluminense-Cerro-Porteno-May-16-2024-Copa-Libertadores,br,Fluminense,py,Cerro Porteño
Copa Libertadores de América,M,,2024,,Group stage,5,Thu,2024-05-16,19:00,Rosario Central ar,4.0,3.1,ve Caracas,1.0,0.7,23244.0,Estadio Gigante de Arroyito,,,https://fbref.com/en/matches/db8fd121/Rosario-Central-Caracas-May-16-2024-Copa-Libertadores,ar,Rosario Central,ve,Caracas
Copa Libertadores de América,M,,2024,,Group stage,5,Thu,2024-05-16,21:00,San Lorenzo ar,3.0,1.9,uy Liverpool,2.0,1.2,17084.0,Estadio Pedro Bidegaín,,,https://fbref.com/en/matches/806ef29a/San-Lorenzo-Liverpool-May-16-2024-Copa-Libertadores,ar,San Lorenzo,uy,Liverpool
Copa Libertadores de América,M,,2024,,Group stage,5,Thu,2024-05-16,21:00,São Paulo br,0.0,1.2,ec Barcelona,0.0,0.5,50516.0,Estádio do Morumbi,,,https://fbref.com/en/matches/169b492e/Sao-Paulo-Barcelona-May-16-2024-Copa-Libertadores,br,São Paulo,ec,Barcelona
Copa Libertadores de América,M,,2024,,Group stage,5,Sat,2024-06-08,19:00,Grêmio br,1.0,0.9,ar Estudiantes–LP,1.0,0.7,32472.0,Estádio Major Antônio Couto Pereira,,,https://fbref.com/en/matches/c662961c/Gremio-Estudiantes-LP-June-8-2024-Copa-Libertadores,br,Grêmio,ar,Estudiantes–LP
Copa Libertadores de América,M,,2024,,Group stage,6,Tue,2024-05-28,17:00,Junior co,0.0,0.5,br Botafogo (RJ),0.0,0.5,16189.0,Estadio Metropolitano Roberto Meléndez,,,https://fbref.com/en/matches/490c70de/Junior-Botafogo-RJ-May-28-2024-Copa-Libertadores,co,Junior,br,Botafogo (RJ)
Copa Libertadores de América,M,,2024,,Group stage,6,Tue,2024-05-28,17:00,LDU de Quito ec,2.0,2.3,pe Universitario,0.0,0.2,12340.0,Estadio Rodrigo Paz Delgado,,,https://fbref.com/en/matches/5420b9c5/LDU-de-Quito-Universitario-May-28-2024-Copa-Libertadores,ec,LDU de Quito,pe,Universitario
Copa Libertadores de América,M,,2024,,Group stage,6,Tue,2024-05-28,19:00,Atlético Mineiro br,4.0,2.7,ve Caracas,0.0,0.1,28455.0,Arena MRV,,,https://fbref.com/en/matches/9052ad8a/Atletico-Mineiro-Caracas-May-28-2024-Copa-Libertadores,br,Atlético Mineiro,ve,Caracas
Copa Libertadores de América,M,,2024,,Group stage,6,Tue,2024-05-28,19:00,Peñarol uy,2.0,1.8,ar Rosario Central,1.0,0.9,29681.0,Estadio Campeón del Siglo,,,https://fbref.com/en/matches/6755edbd/Penarol-Rosario-Central-May-28-2024-Copa-Libertadores,uy,Peñarol,ar,Rosario Central
Copa Libertadores de América,M,,2024,,Group stage,6,Tue,2024-05-28,20:00,Bolívar bo,3.0,0.9,cl Palestino,1.0,1.1,,Estadio Hernando Siles,,,https://fbref.com/en/matches/f2cdd738/Bolivar-Palestino-May-28-2024-Copa-Libertadores,bo,Bolívar,cl,Palestino
Copa Libertadores de América,M,,2024,,Group stage,6,Tue,2024-05-28,21:00,Flamengo br,3.0,2.2,co Millonarios,0.0,0.6,64268.0,Estadio Jornalista Mário Filho,,,https://fbref.com/en/matches/3646f43d/Flamengo-Millonarios-May-28-2024-Copa-Libertadores,br,Flamengo,co,Millonarios
Copa Libertadores de América,M,,2024,,Group stage,6,Wed,2024-05-29,19:00,Estudiantes–LP ar,3.0,1.8,cl Huachipato,4.0,1.1,18564.0,Estadio Jorge Luis Hirschi,,,https://fbref.com/en/matches/c2768216/Estudiantes-LP-Huachipato-May-29-2024-Copa-Libertadores,ar,Estudiantes–LP,cl,Huachipato
Copa Libertadores de América,M,,2024,,Group stage,6,Wed,2024-05-29,19:00,Grêmio br,4.0,1.2,bo The Strongest,0.0,0.6,23107.0,Estádio Major Antônio Couto Pereira,,,https://fbref.com/en/matches/0bf8585c/Gremio-The-Strongest-May-29-2024-Copa-Libertadores,br,Grêmio,bo,The Strongest
Copa Libertadores de América,M,,2024,,Group stage,6,Wed,2024-05-29,19:30,Barcelona ec,2.0,1.1,cl Cobresal,1.0,0.6,2247.0,Estadio Monumental Banco Pichincha,,,https://fbref.com/en/matches/22b5dcf0/Barcelona-Cobresal-May-29-2024-Copa-Libertadores,ec,Barcelona,cl,Cobresal
Copa Libertadores de América,M,,2024,,Group stage,6,Wed,2024-05-29,20:30,Cerro Porteño py,1.0,1.1,cl Colo-Colo,1.0,1.8,35009.0,Estadio ueno La Nueva Olla,,,https://fbref.com/en/matches/ca943110/Cerro-Porteno-Colo-Colo-May-29-2024-Copa-Libertadores,py,Cerro Porteño,cl,Colo-Colo
Copa Libertadores de América,M,,2024,,Group stage,6,Wed,2024-05-29,21:30,Fluminense br,3.0,1.7,pe Alianza Lima,2.0,1.3,38404.0,Estadio Jornalista Mário Filho,,,https://fbref.com/en/matches/06398e00/Fluminense-Alianza-Lima-May-29-2024-Copa-Libertadores,br,Fluminense,pe,Alianza Lima
Copa Libertadores de América,M,,2024,,Group stage,6,Wed,2024-05-29,21:30,São Paulo br,2.0,1.8,ar Talleres,0.0,0.4,56162.0,Estádio do Morumbi,,,https://fbref.com/en/matches/780e0bd7/Sao-Paulo-Talleres-May-29-2024-Copa-Libertadores,br,São Paulo,ar,Talleres
Copa Libertadores de América,M,,2024,,Group stage,6,Thu,2024-05-30,17:00,Independiente ec,2.0,2.0,uy Liverpool,1.0,0.3,7120.0,Estadio banco Guayaquil,,,https://fbref.com/en/matches/9ec68dfa/Independiente-del-Valle-Liverpool-May-30-2024-Copa-Libertadores,ec,Independiente,uy,Liverpool
Copa Libertadores de América,M,,2024,,Group stage,6,Thu,2024-05-30,19:00,Palmeiras br,0.0,0.6,ar San Lorenzo,0.0,0.3,40114.0,Allianz Parque,,,https://fbref.com/en/matches/5d8e99fc/Palmeiras-San-Lorenzo-May-30-2024-Copa-Libertadores,br,Palmeiras,ar,San Lorenzo
Copa Libertadores de América,M,,2024,,Group stage,6,Thu,2024-05-30,20:00,Libertad py,2.0,1.7,uy Nacional,1.0,1.4,5948.0,Estadio Tigo La Huerta,,,https://fbref.com/en/matches/400b91f4/Libertad-Nacional-May-30-2024-Copa-Libertadores,py,Libertad,uy,Nacional
Copa Libertadores de América,M,,2024,,Group stage,6,Thu,2024-05-30,21:00,River Plate ar,2.0,4.0,ve Dep Táchira,0.0,0.0,63335.0,Estadio Mâs Monumental,,,https://fbref.com/en/matches/414e4c88/River-Plate-Deportivo-Tachira-May-30-2024-Copa-Libertadores,ar,River Plate,ve,Dep Táchira
Copa Libertadores de América,M,,2025,,Group stage,1,Tue,2025-04-01,18:00,Cerro Porteño py,4.0,2.3,bo Bolívar,2.0,0.4,,Estadio ueno La Nueva Olla,Alexis Herrera,,https://fbref.com/en/matches/68fd4ddf/Cerro-Porteno-Bolivar-April-1-2025-Copa-Libertadores,py,Cerro Porteño,bo,Bolívar
Copa Libertadores de América,M,,2025,,Group stage,1,Tue,2025-04-01,18:00,Carabobo ve,0.0,0.3,ar Estudiantes–LP,2.0,2.3,5372.0,Estadio Polideportivo Misael Delgado,Jhon Ospina,,https://fbref.com/en/matches/43de4c99/Carabobo-Estudiantes-LP-April-1-2025-Copa-Libertadores,ve,Carabobo,ar,Estudiantes–LP
Copa Libertadores de América,M,,2025,,Group stage,1,Tue,2025-04-01,19:30,CA Bucaramanga co,3.0,1.1,cl Colo-Colo,3.0,1.3,,Estadio Américo Montanini,Carlos Benítez,,https://fbref.com/en/matches/0f4aa2d0/CA-Bucaramanga-Colo-Colo-April-1-2025-Copa-Libertadores,co,CA Bucaramanga,cl,Colo-Colo
Copa Libertadores de América,M,,2025,,Group stage,1,Tue,2025-04-01,21:00,Alianza Lima pe,0.0,0.6,py Libertad,1.0,0.9,25376.0,Estadio Alejandro Villanueva,Wilmar Roldán,,https://fbref.com/en/matches/81064f19/Alianza-Lima-Libertad-April-1-2025-Copa-Libertadores,pe,Alianza Lima,py,Libertad
Copa Libertadores de América,M,,2025,,Group stage,1,Tue,2025-04-01,21:00,Barcelona ec,1.0,1.6,ec Independiente,0.0,0.4,,Estadio Monumental Banco Pichincha,Wilton Sampaio,,https://fbref.com/en/matches/7af0d943/Barcelona-Independiente-del-Valle-April-1-2025-Copa-Libertadores,ec,Barcelona,ec,Independiente
Copa Libertadores de América,M,,2025,,Group stage,1,Tue,2025-04-01,21:30,Fortaleza br,0.0,0.5,ar Racing Club,3.0,2.2,,Estádio Castelão,Juan Gabriel Benítez,,https://fbref.com/en/matches/214c794f/Fortaleza-Racing-Club-April-1-2025-Copa-Libertadores,br,Fortaleza,ar,Racing Club
Copa Libertadores de América,M,,2025,,Group stage,1,Wed,2025-04-02,18:00,San Antonio Bulo Bulo bo,3.0,1.9,py Olimpia,2.0,1.2,,Estadio Dr. Carlos Villegas,Kevin Ortega,,https://fbref.com/en/matches/c2baee83/San-Antonio-Bulo-Bulo-Club-Olimpia-April-2-2025-Copa-Libertadores,bo,San Antonio Bulo Bulo,py,Olimpia
Copa Libertadores de América,M,,2025,,Group stage,1,Wed,2025-04-02,19:00,Vélez Sarsfield ar,2.0,1.4,uy Peñarol,1.0,0.6,,Estadio José Amalfitani,Raphael Claus,,https://fbref.com/en/matches/092c8d09/Velez-Sarsfield-Penarol-April-2-2025-Copa-Libertadores,ar,Vélez Sarsfield,uy,Peñarol
Copa Libertadores de América,M,,2025,,Group stage,1,Wed,2025-04-02,19:30,Universitario pe,0.0,0.4,ar River Plate,1.0,1.2,,Estadio Monumental U Marathon,Gustavo Tejera,,https://fbref.com/en/matches/51c26738/Universitario-River-Plate-April-2-2025-Copa-Libertadores,pe,Universitario,ar,River Plate
Copa Libertadores de América,M,,2025,,Group stage,1,Wed,2025-04-02,21:00,Nacional co,3.0,1.9,uy Nacional,0.0,0.7,,Estadio Atanasio Girardot,Yael Falcón,,https://fbref.com/en/matches/37acf48c/Atletico-Nacional-Nacional-April-2-2025-Copa-Libertadores,co,Nacional,uy,Nacional
Copa Libertadores de América,M,,2025,,Group stage,1,Wed,2025-04-02,21:30,Talleres ar,0.0,0.6,br São Paulo,1.0,0.2,,Estadio Mario Alberto Kempes,Felipe González,,https://fbref.com/en/matches/3e655ea0/Talleres-Sao-Paulo-April-2-2025-Copa-Libertadores,ar,Talleres,br,São Paulo
Copa Libertadores de América,M,,2025,,Group stage,1,Wed,2025-04-02,21:30,U de Chile cl,1.0,1.0,br Botafogo (RJ),0.0,0.3,,Estadio Nacional Julio Martínez Prádanos,Esteban Ostojich,,https://fbref.com/en/matches/a52a0db1/Universidad-de-Chile-Botafogo-RJ-April-2-2025-Copa-Libertadores,cl,U de Chile,br,Botafogo (RJ)
Copa Libertadores de América,M,,2025,,Group stage,1,Thu,2025-04-03,17:00,Sporting Cristal pe,2.0,0.9,br Palmeiras,3.0,3.4,,Estadio Nacional,Darío Herrera,,https://fbref.com/en/matches/f27784c2/Sporting-Cristal-Palmeiras-April-3-2025-Copa-Libertadores,pe,Sporting Cristal,br,Palmeiras
Copa Libertadores de América,M,,2025,,Group stage,1,Thu,2025-04-03,19:00,Cen. Córdoba–SdE ar,0.0,1.5,ec LDU de Quito,0.0,0.3,,Estadio Único Madre de Ciudades,Leodán González,,https://fbref.com/en/matches/2826a936/Central-Cordoba-SdE-LDU-de-Quito-April-3-2025-Copa-Libertadores,ar,Cen. Córdoba–SdE,ec,LDU de Quito
Copa Libertadores de América,M,,2025,,Group stage,1,Thu,2025-04-03,19:00,Bahia br,1.0,1.5,br Internacional,1.0,1.2,,Casa de Apostas Arena Fonte Nova,Piero Maza,,https://fbref.com/en/matches/5f6d7137/Bahia-Internacional-April-3-2025-Copa-Libertadores,br,Bahia,br,Internacional
Copa Libertadores de América,M,,2025,,Group stage,1,Thu,2025-04-03,20:30,Dep Táchira ve,0.0,0.2,br Flamengo,1.0,1.4,,Estadio Polideportivo de Pueblo Nuevo,Gery Vargas,,https://fbref.com/en/matches/066baefb/Deportivo-Tachira-Flamengo-April-3-2025-Copa-Libertadores,ve,Dep Táchira,br,Flamengo
Copa Libertadores de América,M,,2025,,Group stage,2,Tue,2025-04-08,18:00,Libertad py,2.0,0.8,ar Talleres,0.0,0.9,,Estadio Tigo La Huerta,Esteban Ostojich,,https://fbref.com/en/matches/7a8c2549/Libertad-Talleres-April-8-2025-Copa-Libertadores,py,Libertad,ar,Talleres
Copa Libertadores de América,M,,2025,,Group stage,2,Tue,2025-04-08,19:00,Botafogo (RJ) br,2.0,1.7,ve Carabobo,0.0,0.2,,Estádio Nilton Santos,Guillermo Guerrero,,https://fbref.com/en/matches/6feb1746/Botafogo-RJ-Carabobo-April-8-2025-Copa-Libertadores,br,Botafogo (RJ),ve,Carabobo
Copa Libertadores de América,M,,2025,,Group stage,2,Tue,2025-04-08,21:00,Peñarol uy,2.0,1.2,bo San Antonio Bulo Bulo,0.0,0.2,,Estadio Campeón del Siglo,Paulo Cesar Zanovelli da Silva,,https://fbref.com/en/matches/a682b0dc/Penarol-San-Antonio-Bulo-Bulo-April-8-2025-Copa-Libertadores,uy,Peñarol,bo,San Antonio Bulo Bulo
Copa Libertadores de América,M,,2025,,Group stage,2,Tue,2025-04-08,21:00,Independiente ec,1.0,0.7,pe Universitario,0.0,0.5,,Estadio banco Guayaquil,Jhon Ospina,,https://fbref.com/en/matches/6f5a15cf/Independiente-del-Valle-Universitario-April-8-2025-Copa-Libertadores,ec,Independiente,pe,Universitario
Copa Libertadores de América,M,,2025,,Group stage,2,Tue,2025-04-08,21:30,Estudiantes–LP ar,1.0,0.9,cl U de Chile,2.0,1.6,,Estadio Jorge Luis Hirschi,Derlis López,,https://fbref.com/en/matches/887fa4af/Estudiantes-LP-Universidad-de-Chile-April-8-2025-Copa-Libertadores,ar,Estudiantes–LP,cl,U de Chile
Copa Libertadores de América,M,,2025,,Group stage,2,Tue,2025-04-08,21:30,River Plate ar,0.0,2.2,ec Barcelona,0.0,0.0,,Estadio Mâs Monumental,Raphael Claus,,https://fbref.com/en/matches/dc69aa19/River-Plate-Barcelona-April-8-2025-Copa-Libertadores,ar,River Plate,ec,Barcelona
Copa Libertadores de América,M,,2025,,Group stage,2,Wed,2025-04-09,18:00,Olimpia py,0.0,1.0,ar Vélez Sarsfield,4.0,2.1,19422.0,Estadio Defensores del Chaco,Piero Maza,,https://fbref.com/en/matches/68c8c143/Club-Olimpia-Velez-Sarsfield-April-9-2025-Copa-Libertadores,py,Olimpia,ar,Vélez Sarsfield
Copa Libertadores de América,M,,2025,,Group stage,2,Wed,2025-04-09,19:00,Nacional uy,0.0,0.4,br Bahia,1.0,0.5,,Estadio Gran Parque Central,Darío Herrera,,https://fbref.com/en/matches/06b1f32d/Nacional-Bahia-April-9-2025-Copa-Libertadores,uy,Nacional,br,Bahia
Copa Libertadores de América,M,,2025,,Group stage,2,Wed,2025-04-09,20:30,Bolívar bo,3.0,2.5,pe Sporting Cristal,0.0,0.2,41143.0,Estadio Hernando Siles,Maximiliano Ramírez,,https://fbref.com/en/matches/9a82e268/Bolivar-Sporting-Cristal-April-9-2025-Copa-Libertadores,bo,Bolívar,pe,Sporting Cristal
Copa Libertadores de América,M,,2025,,Group stage,2,Wed,2025-04-09,21:00,LDU de Quito ec,2.0,1.3,ve Dep Táchira,0.0,0.5,,Estadio Rodrigo Paz Delgado,Joel Alarcón,,https://fbref.com/en/matches/392061fb/LDU-de-Quito-Deportivo-Tachira-April-9-2025-Copa-Libertadores,ec,LDU de Quito,ve,Dep Táchira
Copa Libertadores de América,M,,2025,,Group stage,2,Wed,2025-04-09,21:30,Flamengo br,1.0,1.3,ar Cen. Córdoba–SdE,2.0,1.5,56515.0,Estadio Jornalista Mário Filho,Cristián Garay,,https://fbref.com/en/matches/6d04e942/Flamengo-Central-Cordoba-SdE-April-9-2025-Copa-Libertadores,br,Flamengo,ar,Cen. Córdoba–SdE
Copa Libertadores de América,M,,2025,,Group stage,2,Wed,2025-04-09,21:30,Palmeiras br,1.0,3.0,py Cerro Porteño,0.0,0.2,,Allianz Parque,Andrés Rojas,,https://fbref.com/en/matches/0ab5ec97/Palmeiras-Cerro-Porteno-April-9-2025-Copa-Libertadores,br,Palmeiras,py,Cerro Porteño
Copa Libertadores de América,M,,2025,,Group stage,2,Thu,2025-04-10,19:00,Racing Club ar,1.0,1.5,co CA Bucaramanga,2.0,0.8,,Estadio Presidente Juan Domingo Perón,Andrés Matonte,,https://fbref.com/en/matches/682f43d8/Racing-Club-CA-Bucaramanga-April-10-2025-Copa-Libertadores,ar,Racing Club,co,CA Bucaramanga
Copa Libertadores de América,M,,2025,,Group stage,2,Thu,2025-04-10,19:00,Internacional br,3.0,2.1,co Nacional,0.0,1.0,42804.0,Estádio José Pinheiro Borda,Felipe González,,https://fbref.com/en/matches/b956a9e5/Internacional-Atletico-Nacional-April-10-2025-Copa-Libertadores,br,Internacional,co,Nacional
Copa Libertadores de América,M,,2025,,Group stage,2,Thu,2025-04-10,20:00,Colo-Colo cl,0.0,,br Fortaleza,3.0,,,Estadio Monumental David Arellano,Gustavo Tejera,Match awarded to Fortaleza,https://fbref.com/en/matches/595b1ea3/Colo-Colo-Fortaleza-April-10-2025-Copa-Libertadores,cl,Colo-Colo,br,Fortaleza
Copa Libertadores de América,M,,2025,,Group stage,2,Thu,2025-04-10,21:30,São Paulo br,2.0,1.6,pe Alianza Lima,2.0,0.8,49938.0,Estádio do Morumbi,Alexis Herrera,,https://fbref.com/en/matches/9260ada5/Sao-Paulo-Alianza-Lima-April-10-2025-Copa-Libertadores,br,São Paulo,pe,Alianza Lima
Copa Libertadores de América,M,,2025,,Group stage,3,Tue,2025-04-22,17:00,Alianza Lima pe,3.0,1.5,ar Talleres,2.0,1.1,,Estadio Alejandro Villanueva,Andrés Rojas,,https://fbref.com/en/matches/446c5f53/Alianza-Lima-Talleres-April-22-2025-Copa-Libertadores,pe,Alianza Lima,ar,Talleres
Copa Libertadores de América,M,,2025,,Group stage,3,Tue,2025-04-22,17:00,LDU de Quito ec,0.0,1.0,br Flamengo,0.0,0.6,,Estadio Rodrigo Paz Delgado,Derlis López,,https://fbref.com/en/matches/53554f9f/LDU-de-Quito-Flamengo-April-22-2025-Copa-Libertadores,ec,LDU de Quito,br,Flamengo
Copa Libertadores de América,M,,2025,,Group stage,3,Tue,2025-04-22,18:00,Carabobo ve,1.0,0.9,cl U de Chile,1.0,1.5,,Estadio Polideportivo Misael Delgado,Carlos Ortega,,https://fbref.com/en/matches/18a9e066/Carabobo-Universidad-de-Chile-April-22-2025-Copa-Libertadores,ve,Carabobo,cl,U de Chile
Copa Libertadores de América,M,,2025,,Group stage,3,Tue,2025-04-22,20:30,Colo-Colo cl,1.0,0.5,ar Racing Club,1.0,0.5,,Estadio Monumental David Arellano,Juan Gabriel Benítez,,https://fbref.com/en/matches/83bec3cf/Colo-Colo-Racing-Club-April-22-2025-Copa-Libertadores,cl,Colo-Colo,ar,Racing Club
Copa Libertadores de América,M,,2025,,Group stage,3,Tue,2025-04-22,21:00,Barcelona ec,0.0,1.4,pe Universitario,1.0,0.9,,Estadio Monumental Banco Pichincha,Carlos Benítez,,https://fbref.com/en/matches/5ea1b1e0/Barcelona-Universitario-April-22-2025-Copa-Libertadores,ec,Barcelona,pe,Universitario
Copa Libertadores de América,M,,2025,,Group stage,3,Tue,2025-04-22,21:30,Internacional br,3.0,2.6,uy Nacional,3.0,1.2,37492.0,Estádio José Pinheiro Borda,Alexis Herrera,,https://fbref.com/en/matches/f51220b4/Internacional-Nacional-April-22-2025-Copa-Libertadores,br,Internacional,uy,Nacional
Copa Libertadores de América,M,,2025,,Group stage,3,Wed,2025-04-23,18:00,Olimpia py,0.0,1.3,uy Peñarol,0.0,1.6,19869.0,Estadio UENO Osvaldo Domínguez Dibb,Jesús Valenzuela,,https://fbref.com/en/matches/d6ace63c/Club-Olimpia-Penarol-April-23-2025-Copa-Libertadores,py,Olimpia,uy,Peñarol
Copa Libertadores de América,M,,2025,,Group stage,3,Wed,2025-04-23,18:00,San Antonio Bulo Bulo bo,2.0,1.2,ar Vélez Sarsfield,1.0,1.5,1848.0,Estadio Félix Capriles,Wilton Sampaio,,https://fbref.com/en/matches/1369499a/San-Antonio-Bulo-Bulo-Velez-Sarsfield-April-23-2025-Copa-Libertadores,bo,San Antonio Bulo Bulo,ar,Vélez Sarsfield
Copa Libertadores de América,M,,2025,,Group stage,3,Wed,2025-04-23,19:30,Independiente ec,2.0,2.0,ar River Plate,2.0,2.2,,Estadio banco Guayaquil,Piero Maza,,https://fbref.com/en/matches/dbf27096/Independiente-del-Valle-River-Plate-April-23-2025-Copa-Libertadores,ec,Independiente,ar,River Plate
Copa Libertadores de América,M,,2025,,Group stage,3,Wed,2025-04-23,20:30,Libertad py,0.0,1.6,br São Paulo,2.0,0.6,,Estadio Tigo La Huerta,Cristián Garay,,https://fbref.com/en/matches/5492e1d1/Libertad-Sao-Paulo-April-23-2025-Copa-Libertadores,py,Libertad,br,São Paulo
Copa Libertadores de América,M,,2025,,Group stage,3,Wed,2025-04-23,21:00,CA Bucaramanga co,1.0,2.2,br Fortaleza,1.0,1.9,,Estadio Américo Montanini,Kevin Ortega,,https://fbref.com/en/matches/26a51fc1/CA-Bucaramanga-Fortaleza-April-23-2025-Copa-Libertadores,co,CA Bucaramanga,br,Fortaleza
Copa Libertadores de América,M,,2025,,Group stage,3,Wed,2025-04-23,21:30,Estudiantes–LP ar,1.0,1.0,br Botafogo (RJ),0.0,0.9,,Estadio Jorge Luis Hirschi,Gustavo Tejera,,https://fbref.com/en/matches/4102c818/Estudiantes-LP-Botafogo-RJ-April-23-2025-Copa-Libertadores,ar,Estudiantes–LP,br,Botafogo (RJ)
Copa Libertadores de América,M,,2025,,Group stage,3,Thu,2025-04-24,18:00,Bolívar bo,2.0,1.5,br Palmeiras,3.0,2.5,13839.0,Estadio Hernando Siles,Leandro Rey,,https://fbref.com/en/matches/a6b0d7ba/Bolivar-Palmeiras-April-24-2025-Copa-Libertadores,bo,Bolívar,br,Palmeiras
Copa Libertadores de América,M,,2025,,Group stage,3,Thu,2025-04-24,19:00,Cen. Córdoba–SdE ar,2.0,2.2,ve Dep Táchira,1.0,0.6,,Estadio Único Madre de Ciudades,Jhon Ospina,,https://fbref.com/en/matches/67cc84c7/Central-Cordoba-SdE-Deportivo-Tachira-April-24-2025-Copa-Libertadores,ar,Cen. Córdoba–SdE,ve,Dep Táchira
Copa Libertadores de América,M,,2025,,Group stage,3,Thu,2025-04-24,20:30,Cerro Porteño py,2.0,3.1,pe Sporting Cristal,2.0,1.2,,Estadio ueno La Nueva Olla,Esteban Ostojich,,https://fbref.com/en/matches/dd059baf/Cerro-Porteno-Sporting-Cristal-April-24-2025-Copa-Libertadores,py,Cerro Porteño,pe,Sporting Cristal
Copa Libertadores de América,M,,2025,,Group stage,3,Thu,2025-04-24,21:00,Bahia br,1.0,1.4,co Nacional,0.0,0.4,,Casa de Apostas Arena Fonte Nova,Mario Díaz,,https://fbref.com/en/matches/910bf27a/Bahia-Atletico-Nacional-April-24-2025-Copa-Libertadores,br,Bahia,co,Nacional
Copa Libertadores de América,M,,2025,,Group stage,4,Tue,2025-05-06,17:00,Alianza Lima pe,0.0,0.2,br São Paulo,2.0,0.8,,Estadio Alejandro Villanueva,Andrés Matonte,,https://fbref.com/en/matches/48161b9d/Alianza-Lima-Sao-Paulo-May-6-2025-Copa-Libertadores,pe,Alianza Lima,br,São Paulo
Copa Libertadores de América,M,,2025,,Group stage,4,Tue,2025-05-06,17:00,CA Bucaramanga co,0.0,0.6,ar Racing Club,4.0,2.5,,Estadio Américo Montanini,Augusto Aragón,,https://fbref.com/en/matches/2af22f56/CA-Bucaramanga-Racing-Club-May-6-2025-Copa-Libertadores,co,CA Bucaramanga,ar,Racing Club
Copa Libertadores de América,M,,2025,,Group stage,4,Tue,2025-05-06,18:00,Carabobo ve,1.0,0.7,br Botafogo (RJ),2.0,1.4,,Estadio Polideportivo Misael Delgado,Carlos Benítez,,https://fbref.com/en/matches/6eb18fc5/Carabobo-Botafogo-RJ-May-6-2025-Copa-Libertadores,ve,Carabobo,br,Botafogo (RJ)
Copa Libertadores de América,M,,2025,,Group stage,4,Tue,2025-05-06,21:30,Fortaleza br,4.0,2.7,cl Colo-Colo,0.0,1.3,,Estádio Castelão,Jesús Valenzuela,,https://fbref.com/en/matches/796ad586/Fortaleza-Colo-Colo-May-6-2025-Copa-Libertadores,br,Fortaleza,cl,Colo-Colo
Copa Libertadores de América,M,,2025,,Group stage,4,Tue,2025-05-06,22:00,San Antonio Bulo Bulo bo,0.0,0.2,uy Peñarol,3.0,2.6,,Estadio Félix Capriles,Cristián Garay,,https://fbref.com/en/matches/103ee213/San-Antonio-Bulo-Bulo-Penarol-May-6-2025-Copa-Libertadores,bo,San Antonio Bulo Bulo,uy,Peñarol
Copa Libertadores de América,M,,2025,,Group stage,4,Wed,2025-05-07,18:00,Dep Táchira ve,2.0,4.5,ec LDU de Quito,3.0,1.6,,Estadio Polideportivo de Pueblo Nuevo,Gery Vargas,,https://fbref.com/en/matches/24e1e775/Deportivo-Tachira-LDU-de-Quito-May-7-2025-Copa-Libertadores,ve,Dep Táchira,ec,LDU de Quito
Copa Libertadores de América,M,,2025,,Group stage,4,Wed,2025-05-07,19:00,Bahia br,1.0,1.5,uy Nacional,3.0,2.4,,Casa de Apostas Arena Fonte Nova,Yael Falcón,,https://fbref.com/en/matches/304913a9/Bahia-Nacional-May-7-2025-Copa-Libertadores,br,Bahia,uy,Nacional
Copa Libertadores de América,M,,2025,,Group stage,4,Wed,2025-05-07,20:00,U de Chile cl,0.0,0.8,ar Estudiantes–LP,3.0,1.5,,Estadio Nacional Julio Martínez Prádanos,Andrés Rojas,,https://fbref.com/en/matches/e6047812/Universidad-de-Chile-Estudiantes-LP-May-7-2025-Copa-Libertadores,cl,U de Chile,ar,Estudiantes–LP
Copa Libertadores de América,M,,2025,,Group stage,4,Wed,2025-05-07,20:30,Cerro Porteño py,0.0,0.7,br Palmeiras,2.0,1.6,,Estadio ueno La Nueva Olla,Piero Maza,,https://fbref.com/en/matches/944e7282/Cerro-Porteno-Palmeiras-May-7-2025-Copa-Libertadores,py,Cerro Porteño,br,Palmeiras
Copa Libertadores de América,M,,2025,,Group stage,4,Wed,2025-05-07,21:00,Sporting Cristal pe,2.0,1.1,bo Bolívar,1.0,1.4,,Estadio Nacional,Carlos Betancourt,,https://fbref.com/en/matches/833049a9/Sporting-Cristal-Bolivar-May-7-2025-Copa-Libertadores,pe,Sporting Cristal,bo,Bolívar
Copa Libertadores de América,M,,2025,,Group stage,4,Wed,2025-05-07,21:30,Cen. Córdoba–SdE ar,1.0,0.9,br Flamengo,1.0,0.9,,Estadio Único Madre de Ciudades,Felipe González,,https://fbref.com/en/matches/4db5fbff/Central-Cordoba-SdE-Flamengo-May-7-2025-Copa-Libertadores,ar,Cen. Córdoba–SdE,br,Flamengo
Copa Libertadores de América,M,,2025,,Group stage,4,Thu,2025-05-08,19:00,Talleres ar,0.0,0.8,py Libertad,0.0,1.0,,Estadio Mario Alberto Kempes,Gustavo Tejera,,https://fbref.com/en/matches/075ec8f3/Talleres-Libertad-May-8-2025-Copa-Libertadores,ar,Talleres,py,Libertad
Copa Libertadores de América,M,,2025,,Group stage,4,Thu,2025-05-08,19:00,Vélez Sarsfield ar,1.0,1.4,py Olimpia,1.0,0.7,,Estadio José Amalfitani,Raphael Claus,,https://fbref.com/en/matches/fe57aeff/Velez-Sarsfield-Club-Olimpia-May-8-2025-Copa-Libertadores,ar,Vélez Sarsfield,py,Olimpia
Copa Libertadores de América,M,,2025,,Group stage,4,Thu,2025-05-08,19:30,Barcelona ec,2.0,0.3,ar River Plate,3.0,2.4,,Estadio Monumental Banco Pichincha,Wilmar Roldán,,https://fbref.com/en/matches/671c84a6/Barcelona-River-Plate-May-8-2025-Copa-Libertadores,ec,Barcelona,ar,River Plate
Copa Libertadores de América,M,,2025,,Group stage,4,Thu,2025-05-08,19:30,Nacional co,3.0,0.7,br Internacional,1.0,1.3,,Estadio Atanasio Girardot,Facundo Tello,,https://fbref.com/en/matches/2594409a/Atletico-Nacional-Internacional-May-8-2025-Copa-Libertadores,co,Nacional,br,Internacional
Copa Libertadores de América,M,,2025,,Group stage,4,Thu,2025-05-08,21:00,Universitario pe,1.0,1.4,ec Independiente,1.0,1.3,,Estadio Monumental U Marathon,Paulo Cesar Zanovelli da Silva,,https://fbref.com/en/matches/27f53dde/Universitario-Independiente-del-Valle-May-8-2025-Copa-Libertadores,pe,Universitario,ec,Independiente
Copa Libertadores de América,M,,2025,,Group stage,5,Tue,2025-05-13,18:00,Dep Táchira ve,1.0,0.6,ar Cen. Córdoba–SdE,2.0,1.3,,Estadio Polideportivo de Pueblo Nuevo,Mathias de Armas,,https://fbref.com/en/matches/abdd23fc/Deportivo-Tachira-Central-Cordoba-SdE-May-13-2025-Copa-Libertadores,ve,Dep Táchira,ar,Cen. Córdoba–SdE
Copa Libertadores de América,M,,2025,,Group stage,5,Tue,2025-05-13,19:30,Sporting Cristal pe,0.0,1.1,py Cerro Porteño,1.0,1.1,,Estadio Nacional,Facundo Tello,,https://fbref.com/en/matches/73dc972e/Sporting-Cristal-Cerro-Porteno-May-13-2025-Copa-Libertadores,pe,Sporting Cristal,py,Cerro Porteño
Copa Libertadores de América,M,,2025,,Group stage,5,Tue,2025-05-13,20:30,U de Chile cl,4.0,2.8,ve Carabobo,0.0,0.2,,Estadio Nacional Julio Martínez Prádanos,Bryan Loayza,,https://fbref.com/en/matches/b6f84bbc/Universidad-de-Chile-Carabobo-May-13-2025-Copa-Libertadores,cl,U de Chile,ve,Carabobo
Copa Libertadores de América,M,,2025,,Group stage,5,Tue,2025-05-13,21:30,Fortaleza br,0.0,1.8,co CA Bucaramanga,0.0,0.4,,Estádio Castelão,Derlis López,,https://fbref.com/en/matches/acffd6b5/Fortaleza-CA-Bucaramanga-May-13-2025-Copa-Libertadores,br,Fortaleza,co,CA Bucaramanga
Copa Libertadores de América,M,,2025,,Group stage,5,Wed,2025-05-14,17:00,Nacional co,1.0,0.6,br Bahia,0.0,0.1,,Estadio Atanasio Girardot,Darío Herrera,,https://fbref.com/en/matches/82793537/Atletico-Nacional-Bahia-May-14-2025-Copa-Libertadores,co,Nacional,br,Bahia
Copa Libertadores de América,M,,2025,,Group stage,5,Wed,2025-05-14,19:00,Vélez Sarsfield ar,3.0,1.9,bo San Antonio Bulo Bulo,0.0,0.1,,Estadio José Amalfitani,Alexis Herrera,,https://fbref.com/en/matches/df4b2d25/Velez-Sarsfield-San-Antonio-Bulo-Bulo-May-14-2025-Copa-Libertadores,ar,Vélez Sarsfield,bo,San Antonio Bulo Bulo
Copa Libertadores de América,M,,2025,,Group stage,5,Wed,2025-05-14,19:00,Peñarol uy,3.0,1.9,py Olimpia,2.0,1.3,,Estadio Campeón del Siglo,Wilmar Roldán,,https://fbref.com/en/matches/6a325ef2/Penarol-Club-Olimpia-May-14-2025-Copa-Libertadores,uy,Peñarol,py,Olimpia
Copa Libertadores de América,M,,2025,,Group stage,5,Wed,2025-05-14,21:00,Universitario pe,1.0,1.8,ec Barcelona,0.0,1.0,,Estadio Monumental U Marathon,Andrés Matonte,,https://fbref.com/en/matches/8d4fb200/Universitario-Barcelona-May-14-2025-Copa-Libertadores,pe,Universitario,ec,Barcelona
Copa Libertadores de América,M,,2025,,Group stage,5,Wed,2025-05-14,21:30,São Paulo br,1.0,1.0,py Libertad,1.0,0.7,,Estádio do Morumbi,Carlos Betancourt,,https://fbref.com/en/matches/0ef2e1c9/Sao-Paulo-Libertad-May-14-2025-Copa-Libertadores,br,São Paulo,py,Libertad
Copa Libertadores de América,M,,2025,,Group stage,5,Wed,2025-05-14,21:30,Racing Club ar,4.0,2.9,cl Colo-Colo,0.0,1.0,,Estadio Presidente Juan Domingo Perón,Gustavo Tejera,,https://fbref.com/en/matches/4d61d2be/Racing-Club-Colo-Colo-May-14-2025-Copa-Libertadores,ar,Racing Club,cl,Colo-Colo
Copa Libertadores de América,M,,2025,,Group stage,5,Wed,2025-05-14,21:30,Botafogo (RJ) br,3.0,1.7,ar Estudiantes–LP,2.0,1.1,,Estádio Nilton Santos,Juan Gabriel Benítez,,https://fbref.com/en/matches/73bdba52/Botafogo-RJ-Estudiantes-LP-May-14-2025-Copa-Libertadores,br,Botafogo (RJ),ar,Estudiantes–LP
Copa Libertadores de América,M,,2025,,Group stage,5,Thu,2025-05-15,19:00,Palmeiras br,2.0,1.4,bo Bolívar,0.0,0.2,,Allianz Parque,Maximiliano Ramírez,,https://fbref.com/en/matches/1c692e9e/Palmeiras-Bolivar-May-15-2025-Copa-Libertadores,br,Palmeiras,bo,Bolívar
Copa Libertadores de América,M,,2025,,Group stage,5,Thu,2025-05-15,19:00,Nacional uy,0.0,0.5,br Internacional,2.0,1.8,,Estadio Gran Parque Central,Piero Maza,,https://fbref.com/en/matches/78ed697b/Nacional-Internacional-May-15-2025-Copa-Libertadores,uy,Nacional,br,Internacional
Copa Libertadores de América,M,,2025,,Group stage,5,Thu,2025-05-15,19:00,Talleres ar,2.0,0.7,pe Alianza Lima,0.0,1.2,,Estadio Mario Alberto Kempes,Gery Vargas,,https://fbref.com/en/matches/e6da3313/Talleres-Alianza-Lima-May-15-2025-Copa-Libertadores,ar,Talleres,pe,Alianza Lima
Copa Libertadores de América,M,,2025,,Group stage,5,Thu,2025-05-15,21:30,Flamengo br,2.0,1.4,ec LDU de Quito,0.0,0.2,,Estadio Jornalista Mário Filho,Andrés Rojas,,https://fbref.com/en/matches/1ab1c117/Flamengo-LDU-de-Quito-May-15-2025-Copa-Libertadores,br,Flamengo,ec,LDU de Quito
Copa Libertadores de América,M,,2025,,Group stage,5,Thu,2025-05-15,21:30,River Plate ar,6.0,2.2,ec Independiente,2.0,0.6,,Estadio Mâs Monumental,Jesús Valenzuela,,https://fbref.com/en/matches/f227e1d5/River-Plate-Independiente-del-Valle-May-15-2025-Copa-Libertadores,ar,River Plate,ec,Independiente
Copa Libertadores de América,M,,2025,,Group stage,6,Tue,2025-05-27,18:00,Libertad py,2.0,1.6,pe Alianza Lima,2.0,1.2,,Estadio Tigo La Huerta,Esteban Ostojich,,https://fbref.com/en/matches/b1450ac7/Libertad-Alianza-Lima-May-27-2025-Copa-Libertadores,py,Libertad,pe,Alianza Lima
Copa Libertadores de América,M,,2025,,Group stage,6,Tue,2025-05-27,19:00,São Paulo br,2.0,1.0,ar Talleres,1.0,0.8,,Estádio do Morumbi,Piero Maza,,https://fbref.com/en/matches/7d3aec71/Sao-Paulo-Talleres-May-27-2025-Copa-Libertadores,br,São Paulo,ar,Talleres
Copa Libertadores de América,M,,2025,,Group stage,6,Tue,2025-05-27,19:30,Independiente ec,2.0,0.8,ec Barcelona,1.0,0.6,,Estadio banco Guayaquil,Cristián Garay,,https://fbref.com/en/matches/2b27f941/Independiente-del-Valle-Barcelona-May-27-2025-Copa-Libertadores,ec,Independiente,ec,Barcelona
Copa Libertadores de América,M,,2025,,Group stage,6,Tue,2025-05-27,21:30,River Plate ar,1.0,2.0,pe Universitario,1.0,0.3,,Estadio Mâs Monumental,Raphael Claus,,https://fbref.com/en/matches/279ad176/River-Plate-Universitario-May-27-2025-Copa-Libertadores,ar,River Plate,pe,Universitario
Copa Libertadores de América,M,,2025,,Group stage,6,Tue,2025-05-27,21:30,Botafogo (RJ) br,1.0,1.5,cl U de Chile,0.0,1.2,,Estádio Nilton Santos,Andrés Rojas,,https://fbref.com/en/matches/315d9e4b/Botafogo-RJ-Universidad-de-Chile-May-27-2025-Copa-Libertadores,br,Botafogo (RJ),cl,U de Chile
Copa Libertadores de América,M,,2025,,Group stage,6,Tue,2025-05-27,21:30,Estudiantes–LP ar,2.0,1.7,ve Carabobo,0.0,0.2,,Estadio Jorge Luis Hirschi,Augusto Menéndez,,https://fbref.com/en/matches/5ecfb386/Estudiantes-LP-Carabobo-May-27-2025-Copa-Libertadores,ar,Estudiantes–LP,ve,Carabobo
Copa Libertadores de América,M,,2025,,Group stage,6,Wed,2025-05-28,19:00,Nacional uy,1.0,0.6,co Nacional,0.0,1.2,,Estadio Gran Parque Central,Maximiliano Ramírez,,https://fbref.com/en/matches/c1866180/Nacional-Atletico-Nacional-May-28-2025-Copa-Libertadores,uy,Nacional,co,Nacional
Copa Libertadores de América,M,,2025,,Group stage,6,Wed,2025-05-28,19:00,Internacional br,2.0,1.0,br Bahia,1.0,1.2,,Estádio José Pinheiro Borda,Facundo Tello,,https://fbref.com/en/matches/25bb51a9/Internacional-Bahia-May-28-2025-Copa-Libertadores,br,Internacional,br,Bahia
Copa Libertadores de América,M,,2025,,Group stage,6,Wed,2025-05-28,19:30,LDU de Quito ec,3.0,1.5,ar Cen. Córdoba–SdE,0.0,1.3,,Estadio Rodrigo Paz Delgado,Felipe González,,https://fbref.com/en/matches/6632aa1c/LDU-de-Quito-Central-Cordoba-SdE-May-28-2025-Copa-Libertadores,ec,LDU de Quito,ar,Cen. Córdoba–SdE
Copa Libertadores de América,M,,2025,,Group stage,6,Wed,2025-05-28,20:30,Bolívar bo,4.0,3.7,py Cerro Porteño,0.0,0.8,,Estadio Hernando Siles,Andrés Matonte,,https://fbref.com/en/matches/62d18483/Bolivar-Cerro-Porteno-May-28-2025-Copa-Libertadores,bo,Bolívar,py,Cerro Porteño
Copa Libertadores de América,M,,2025,,Group stage,6,Wed,2025-05-28,21:30,Palmeiras br,6.0,2.7,pe Sporting Cristal,0.0,0.2,,Allianz Parque,Wilmar Roldán,,https://fbref.com/en/matches/66b3cb2a/Palmeiras-Sporting-Cristal-May-28-2025-Copa-Libertadores,br,Palmeiras,pe,Sporting Cristal
Copa Libertadores de América,M,,2025,,Group stage,6,Wed,2025-05-28,21:30,Flamengo br,1.0,1.5,ve Dep Táchira,0.0,0.4,,Estadio Jornalista Mário Filho,Carlos Ortega,,https://fbref.com/en/matches/c1af636d/Flamengo-Deportivo-Tachira-May-28-2025-Copa-Libertadores,br,Flamengo,ve,Dep Táchira
Copa Libertadores de América,M,,2025,,Group stage,6,Thu,2025-05-29,18:00,Olimpia py,4.0,2.7,bo San Antonio Bulo Bulo,0.0,0.7,,Estadio UENO Osvaldo Domínguez Dibb,Flavio Rodrigues de Souza,,https://fbref.com/en/matches/1eb72995/Club-Olimpia-San-Antonio-Bulo-Bulo-May-29-2025-Copa-Libertadores,py,Olimpia,bo,San Antonio Bulo Bulo
Copa Libertadores de América,M,,2025,,Group stage,6,Thu,2025-05-29,19:00,Peñarol uy,0.0,1.1,ar Vélez Sarsfield,0.0,0.5,,Estadio Campeón del Siglo,Anderson Daronco,,https://fbref.com/en/matches/fdf22f03/Penarol-Velez-Sarsfield-May-29-2025-Copa-Libertadores,uy,Peñarol,ar,Vélez Sarsfield
Copa Libertadores de América,M,,2025,,Group stage,6,Thu,2025-05-29,20:30,Colo-Colo cl,1.0,1.2,co CA Bucaramanga,0.0,0.2,,Estadio Monumental David Arellano,Kevin Ortega,,https://fbref.com/en/matches/26c3ace3/Colo-Colo-CA-Bucaramanga-May-29-2025-Copa-Libertadores,cl,Colo-Colo,co,CA Bucaramanga
Copa Libertadores de América,M,,2025,,Group stage,6,Thu,2025-05-29,21:30,Racing Club ar,1.0,0.5,br Fortaleza,0.0,0.3,,Estadio Presidente Juan Domingo Perón,Alexis Herrera,,https://fbref.com/en/matches/89ed91b2/Racing-Club-Fortaleza-May-29-2025-Copa-Libertadores,ar,Racing Club,br,Fortaleza
