Competition_Name,Gender,Country,Season_End_Year,Tier,Round,Wk,Day,Date,Time,Home,HomeGoals,Away,AwayGoals,Attendance,Venue,Referee,Notes,MatchURL
Liga 1 de Fútbol Profesional,M,PER,2014,1st,Torneo Apertura,1,Sat,2014-06-07,11:30,Real Garcilaso,3.0,León Huánuco,1.0,801.0,Estadio Municipal de Urcos,Ramón Blanco,,https://fbref.com/en/matches/cf3ae4bd/Real-Garcilaso-Leon-de-Huanuco-June-7-2014-Torneo-Descentralizado
Liga 1 de Fútbol Profesional,M,PER,2014,1st,Torneo Apertura,1,Sat,2014-06-07,15:45,USMP,1.0,U César Vallejo,1.0,446.0,Estadio Miguel Grau del Callao,Luis Seminario,,https://fbref.com/en/matches/6bf46ca0/Universidad-San-Martin-Universidad-Cesar-Vallejo-June-7-2014-Torneo-Descentralizado
Liga 1 de Fútbol Profesional,M,PER,2014,1st,Torneo Apertura,1,Sat,2014-06-07,18:00,Juan Aurich,2.0,San Simón,1.0,1877.0,Estadio Elías Aguirre,Fernando Legario,,https://fbref.com/en/matches/ed263cdb/Juan-Aurich-San-Simon-June-7-2014-Torneo-Descentralizado
Liga 1 de Fútbol Profesional,M,PER,2014,1st,Torneo Apertura,1,Sat,2014-06-07,20:10,Melgar,0.0,Cienciano,0.0,3787.0,Estadio de la Universidad Nacional San A...,Yovany Quevedo Guerra,,https://fbref.com/en/matches/0d1e3514/Melgar-Cienciano-June-7-2014-Torneo-Descentralizado
Liga 1 de Fútbol Profesional,M,PER,2014,1st,Torneo Apertura,1,Sun,2014-06-08,11:00,Unión Comercio,4.0,Los Caimanes,0.0,675.0,Estadio del IPD,Michael Espinoza,,https://fbref.com/en/matches/e8485c31/Union-Comercio-Los-Caimanes-June-8-2014-Torneo-Descentralizado
Liga 1 de Fútbol Profesional,M,PER,2014,1st,Torneo Apertura,1,Sun,2014-06-08,13:15,Ayacucho,1.0,Alianza Lima,1.0,5880.0,Estadio Ciudad de Cumaná,Fredy Arellanos,,https://fbref.com/en/matches/ef608122/Ayacucho-Alianza-Lima-June-8-2014-Torneo-Descentralizado
Liga 1 de Fútbol Profesional,M,PER,2014,1st,Torneo Apertura,1,Sun,2014-06-08,16:00,Universitario,3.0,Sport Huancayo,0.0,3526.0,Estadio Monumental,Diego Haro,,https://fbref.com/en/matches/7221e082/Universitario-Sport-Huancayo-June-8-2014-Torneo-Descentralizado
Liga 1 de Fútbol Profesional,M,PER,2014,1st,Torneo Apertura,1,Mon,2014-06-09,16:00,UTC,1.0,Sporting Cristal,1.0,4854.0,Estadio Héroes de San Ramón,Manuel Garay,,https://fbref.com/en/matches/097bf0cf/Universidad-Tecnica-de-Cajamarca-Sporting-Cristal-June-9-2014-Torneo-Descentralizado
Liga 1 de Fútbol Profesional,M,PER,2014,1st,Torneo Apertura,2,Fri,2014-06-13,11:15,Los Caimanes,0.0,UTC,0.0,81.0,Estadio Municipal Francisco Mendoza Piza...,Fredy Arellanos,,https://fbref.com/en/matches/810f6673/Los-Caimanes-Universidad-Tecnica-de-Cajamarca-June-13-2014-Torneo-Descentralizado
Liga 1 de Fútbol Profesional,M,PER,2014,1st,Torneo Apertura,2,Fri,2014-06-13,13:30,San Simón,0.0,Unión Comercio,1.0,1259.0,Estadio 25 de Noviembre,Henry Gambetta,,https://fbref.com/en/matches/49643171/San-Simon-Union-Comercio-June-13-2014-Torneo-Descentralizado
Liga 1 de Fútbol Profesional,M,PER,2014,1st,Torneo Apertura,2,Sat,2014-06-14,11:00,Sport Huancayo,1.0,Ayacucho,3.0,376.0,Estadio Huancayo,Renzo Castañeda,,https://fbref.com/en/matches/97937fe3/Sport-Huancayo-Ayacucho-June-14-2014-Torneo-Descentralizado
Liga 1 de Fútbol Profesional,M,PER,2014,1st,Torneo Apertura,2,Sat,2014-06-14,13:15,Sporting Cristal,1.0,Melgar,2.0,2545.0,Estadio Alberto Gallardo,Diego Haro,,https://fbref.com/en/matches/caaf6318/Sporting-Cristal-Melgar-June-14-2014-Torneo-Descentralizado
Liga 1 de Fútbol Profesional,M,PER,2014,1st,Torneo Apertura,2,Sat,2014-06-14,16:00,U César Vallejo,2.0,Juan Aurich,0.0,1375.0,Estadio Mansiche,Luis Garay Evia,,https://fbref.com/en/matches/67bfe830/Universidad-Cesar-Vallejo-Juan-Aurich-June-14-2014-Torneo-Descentralizado
Liga 1 de Fútbol Profesional,M,PER,2014,1st,Torneo Apertura,2,Sun,2014-06-15,11:00,León Huánuco,1.0,USMP,1.0,1108.0,Estadio Heraclio Tapia León,Manuel Garay,,https://fbref.com/en/matches/f8134e61/Leon-de-Huanuco-Universidad-San-Martin-June-15-2014-Torneo-Descentralizado
Liga 1 de Fútbol Profesional,M,PER,2014,1st,Torneo Apertura,2,Sun,2014-06-15,13:15,Cienciano,1.0,Universitario,2.0,10831.0,Estadio Inca Garcilaso de la Vega,Luis Seminario,,https://fbref.com/en/matches/e70361a5/Cienciano-Universitario-June-15-2014-Torneo-Descentralizado
Liga 1 de Fútbol Profesional,M,PER,2014,1st,Torneo Apertura,2,Sun,2014-06-15,16:00,Alianza Lima,2.0,Real Garcilaso,0.0,6154.0,Estadio Alejandro Villanueva,Miguel Santiváñez,,https://fbref.com/en/matches/ae56e7ae/Alianza-Lima-Real-Garcilaso-June-15-2014-Torneo-Descentralizado
Liga 1 de Fútbol Profesional,M,PER,2014,1st,Torneo Apertura,3,Fri,2014-06-20,16:00,UTC,1.0,Unión Comercio,1.0,1691.0,Estadio Héroes de San Ramón,Romel López,,https://fbref.com/en/matches/199cdf97/Universidad-Tecnica-de-Cajamarca-Union-Comercio-June-20-2014-Torneo-Descentralizado
Liga 1 de Fútbol Profesional,M,PER,2014,1st,Torneo Apertura,3,Sat,2014-06-21,11:00,Melgar,3.0,Los Caimanes,0.0,1183.0,Estadio de la Universidad Nacional San A...,Iván Chang,,https://fbref.com/en/matches/1376348a/Melgar-Los-Caimanes-June-21-2014-Torneo-Descentralizado
Liga 1 de Fútbol Profesional,M,PER,2014,1st,Torneo Apertura,3,Sat,2014-06-21,13:15,Ayacucho,3.0,Cienciano,1.0,1277.0,Estadio Ciudad de Cumaná,Manuel Garay,,https://fbref.com/en/matches/6d704b22/Ayacucho-Cienciano-June-21-2014-Torneo-Descentralizado
Liga 1 de Fútbol Profesional,M,PER,2014,1st,Torneo Apertura,3,Sat,2014-06-21,15:45,Juan Aurich,2.0,León Huánuco,1.0,1683.0,Estadio Elías Aguirre,Diego Haro,,https://fbref.com/en/matches/359916f8/Juan-Aurich-Leon-de-Huanuco-June-21-2014-Torneo-Descentralizado
Liga 1 de Fútbol Profesional,M,PER,2014,1st,Torneo Apertura,3,Sat,2014-06-21,20:00,USMP,1.0,Alianza Lima,1.0,1572.0,Estadio Miguel Grau del Callao,Michael Espinoza,,https://fbref.com/en/matches/4d834701/Universidad-San-Martin-Alianza-Lima-June-21-2014-Torneo-Descentralizado
Liga 1 de Fútbol Profesional,M,PER,2014,1st,Torneo Apertura,3,Sun,2014-06-22,11:15,Real Garcilaso,1.0,Sport Huancayo,2.0,1796.0,Estadio Inca Garcilaso de la Vega,Eduardo Chirinos,,https://fbref.com/en/matches/3d56782d/Real-Garcilaso-Sport-Huancayo-June-22-2014-Torneo-Descentralizado
Liga 1 de Fútbol Profesional,M,PER,2014,1st,Torneo Apertura,3,Sun,2014-06-22,13:30,San Simón,2.0,U César Vallejo,1.0,1328.0,Estadio 25 de Noviembre,Ramón Blanco,,https://fbref.com/en/matches/94fbaae1/San-Simon-Universidad-Cesar-Vallejo-June-22-2014-Torneo-Descentralizado
Liga 1 de Fútbol Profesional,M,PER,2014,1st,Torneo Apertura,3,Sun,2014-06-22,16:00,Universitario,0.0,Sporting Cristal,0.0,14222.0,Estadio Nacional,Henry Gambetta,,https://fbref.com/en/matches/51c3d8fc/Universitario-Sporting-Cristal-June-22-2014-Torneo-Descentralizado
Liga 1 de Fútbol Profesional,M,PER,2014,1st,Torneo Apertura,4,Fri,2014-06-27,13:00,León Huánuco,4.0,San Simón,0.0,744.0,Estadio Heraclio Tapia León,Yovany Quevedo Guerra,,https://fbref.com/en/matches/83a643ca/Leon-de-Huanuco-San-Simon-June-27-2014-Torneo-Descentralizado
Liga 1 de Fútbol Profesional,M,PER,2014,1st,Torneo Apertura,4,Sat,2014-06-28,11:00,Sporting Cristal,3.0,Ayacucho,0.0,2167.0,Estadio Alberto Gallardo,Fredy Arellanos,,https://fbref.com/en/matches/ebdfa3bf/Sporting-Cristal-Ayacucho-June-28-2014-Torneo-Descentralizado
Liga 1 de Fútbol Profesional,M,PER,2014,1st,Torneo Apertura,4,Sat,2014-06-28,13:15,U César Vallejo,3.0,UTC,0.0,843.0,Estadio Mansiche,Diego Haro,,https://fbref.com/en/matches/8ae8cc8f/Universidad-Cesar-Vallejo-Universidad-Tecnica-de-Cajamarca-June-28-2014-Torneo-Descentralizado
Liga 1 de Fútbol Profesional,M,PER,2014,1st,Torneo Apertura,4,Sat,2014-06-28,15:30,Cienciano,2.0,Real Garcilaso,0.0,4386.0,Estadio Inca Garcilaso de la Vega,Renzo Castañeda,,https://fbref.com/en/matches/281376c2/Cienciano-Real-Garcilaso-June-28-2014-Torneo-Descentralizado
Liga 1 de Fútbol Profesional,M,PER,2014,1st,Torneo Apertura,4,Sun,2014-06-29,11:00,Unión Comercio,0.0,Melgar,2.0,575.0,Estadio del IPD,Manuel Garay,,https://fbref.com/en/matches/02b63dac/Union-Comercio-Melgar-June-29-2014-Torneo-Descentralizado
Liga 1 de Fútbol Profesional,M,PER,2014,1st,Torneo Apertura,4,Sun,2014-06-29,13:30,Sport Huancayo,2.0,USMP,4.0,423.0,Estadio Huancayo,Jorge Panta,,https://fbref.com/en/matches/b3c2b20f/Sport-Huancayo-Universidad-San-Martin-June-29-2014-Torneo-Descentralizado
Liga 1 de Fútbol Profesional,M,PER,2014,1st,Torneo Apertura,4,Sun,2014-06-29,16:00,Alianza Lima,0.0,Juan Aurich,0.0,6119.0,Estadio Alejandro Villanueva,Luis Garay Evia,,https://fbref.com/en/matches/552df9c0/Alianza-Lima-Juan-Aurich-June-29-2014-Torneo-Descentralizado
Liga 1 de Fútbol Profesional,M,PER,2014,1st,Torneo Apertura,4,Sun,2014-06-29,18:15,Los Caimanes,2.0,Universitario,4.0,1313.0,Estadio Elías Aguirre,Miguel Santiváñez,,https://fbref.com/en/matches/0f90a7ba/Los-Caimanes-Universitario-June-29-2014-Torneo-Descentralizado
Liga 1 de Fútbol Profesional,M,PER,2014,1st,Torneo Apertura,5,Sat,2014-07-05,10:30,Real Garcilaso,2.0,Sporting Cristal,1.0,1298.0,Estadio Inca Garcilaso de la Vega,Michael Espinoza,,https://fbref.com/en/matches/976bc284/Real-Garcilaso-Sporting-Cristal-July-5-2014-Torneo-Descentralizado
Liga 1 de Fútbol Profesional,M,PER,2014,1st,Torneo Apertura,5,Sat,2014-07-05,12:30,Melgar,2.0,UTC,2.0,1392.0,Estadio de la Universidad Nacional San A...,Eduardo Chirinos,,https://fbref.com/en/matches/13e69d10/Melgar-Universidad-Tecnica-de-Cajamarca-July-5-2014-Torneo-Descentralizado
Liga 1 de Fútbol Profesional,M,PER,2014,1st,Torneo Apertura,5,Sat,2014-07-05,15:00,USMP,0.0,Cienciano,1.0,313.0,Estadio Miguel Grau del Callao,Romel López,,https://fbref.com/en/matches/1943cb7c/Universidad-San-Martin-Cienciano-July-5-2014-Torneo-Descentralizado
Liga 1 de Fútbol Profesional,M,PER,2014,1st,Torneo Apertura,5,Sat,2014-07-05,17:30,Juan Aurich,6.0,Sport Huancayo,0.0,1366.0,Estadio Elías Aguirre,Miguel Santiváñez,,https://fbref.com/en/matches/c03bad60/Juan-Aurich-Sport-Huancayo-July-5-2014-Torneo-Descentralizado
Liga 1 de Fútbol Profesional,M,PER,2014,1st,Torneo Apertura,5,Sat,2014-07-05,20:00,U César Vallejo,3.0,León Huánuco,1.0,914.0,Estadio Mansiche,Fernando Legario,,https://fbref.com/en/matches/26e2ecd3/Universidad-Cesar-Vallejo-Leon-de-Huanuco-July-5-2014-Torneo-Descentralizado
Liga 1 de Fútbol Profesional,M,PER,2014,1st,Torneo Apertura,5,Sun,2014-07-06,11:00,Ayacucho,2.0,Los Caimanes,1.0,831.0,Estadio Manuel Eloy Molina Robles,Diego Haro,,https://fbref.com/en/matches/dadd6a80/Ayacucho-Los-Caimanes-July-6-2014-Torneo-Descentralizado
Liga 1 de Fútbol Profesional,M,PER,2014,1st,Torneo Apertura,5,Sun,2014-07-06,13:15,San Simón,1.0,Alianza Lima,0.0,2872.0,Estadio 25 de Noviembre,Henry Gambetta,,https://fbref.com/en/matches/1cd4c439/San-Simon-Alianza-Lima-July-6-2014-Torneo-Descentralizado
Liga 1 de Fútbol Profesional,M,PER,2014,1st,Torneo Apertura,5,Sun,2014-07-06,16:00,Universitario,0.0,Unión Comercio,0.0,7340.0,Estadio Nacional,Iván Chang,,https://fbref.com/en/matches/f29ac629/Universitario-Union-Comercio-July-6-2014-Torneo-Descentralizado
Liga 1 de Fútbol Profesional,M,PER,2014,1st,Torneo Apertura,6,Fri,2014-07-11,13:15,Unión Comercio,0.0,Ayacucho,1.0,372.0,Estadio del IPD,Luis Seminario,,https://fbref.com/en/matches/92f64532/Union-Comercio-Ayacucho-July-11-2014-Torneo-Descentralizado
Liga 1 de Fútbol Profesional,M,PER,2014,1st,Torneo Apertura,6,Fri,2014-07-11,19:30,Melgar,1.0,León Huánuco,1.0,2482.0,Estadio de la Universidad Nacional San A...,Ramón Blanco,,https://fbref.com/en/matches/01e3b7e4/Melgar-Leon-de-Huanuco-July-11-2014-Torneo-Descentralizado
Liga 1 de Fútbol Profesional,M,PER,2014,1st,Torneo Apertura,6,Sat,2014-07-12,11:00,Sporting Cristal,0.0,USMP,0.0,2442.0,Estadio Alberto Gallardo,Luis Garay Evia,,https://fbref.com/en/matches/5cfa7b42/Sporting-Cristal-Universidad-San-Martin-July-12-2014-Torneo-Descentralizado
Liga 1 de Fútbol Profesional,M,PER,2014,1st,Torneo Apertura,6,Sat,2014-07-12,13:30,Sport Huancayo,1.0,San Simón,1.0,1206.0,Estadio Huancayo,Manuel Garay,,https://fbref.com/en/matches/462be51d/Sport-Huancayo-San-Simon-July-12-2014-Torneo-Descentralizado
Liga 1 de Fútbol Profesional,M,PER,2014,1st,Torneo Apertura,6,Sat,2014-07-12,15:45,UTC,2.0,Universitario,1.0,3500.0,Estadio Héroes de San Ramón,Miguel Santiváñez,,https://fbref.com/en/matches/0d83443d/Universidad-Tecnica-de-Cajamarca-Universitario-July-12-2014-Torneo-Descentralizado
Liga 1 de Fútbol Profesional,M,PER,2014,1st,Torneo Apertura,6,Sat,2014-07-12,18:00,Los Caimanes,0.0,Real Garcilaso,1.0,78.0,Estadio Elías Aguirre,Jorge Panta,,https://fbref.com/en/matches/4faa58eb/Los-Caimanes-Real-Garcilaso-July-12-2014-Torneo-Descentralizado
Liga 1 de Fútbol Profesional,M,PER,2014,1st,Torneo Apertura,6,Sat,2014-07-12,20:10,Alianza Lima,0.0,U César Vallejo,0.0,4385.0,Estadio Alejandro Villanueva,Renzo Castañeda,,https://fbref.com/en/matches/f9e0d60a/Alianza-Lima-Universidad-Cesar-Vallejo-July-12-2014-Torneo-Descentralizado
Liga 1 de Fútbol Profesional,M,PER,2014,1st,Torneo Apertura,6,Sun,2014-07-13,11:00,Cienciano,1.0,Juan Aurich,1.0,3338.0,Estadio Inca Garcilaso de la Vega,Yovany Quevedo Guerra,,https://fbref.com/en/matches/72bdb862/Cienciano-Juan-Aurich-July-13-2014-Torneo-Descentralizado
Liga 1 de Fútbol Profesional,M,PER,2014,1st,Torneo Apertura,7,Tue,2014-07-15,15:30,USMP,3.0,Los Caimanes,1.0,284.0,Estadio Miguel Grau del Callao,Henry Gambetta,,https://fbref.com/en/matches/17a9176e/Universidad-San-Martin-Los-Caimanes-July-15-2014-Torneo-Descentralizado
Liga 1 de Fútbol Profesional,M,PER,2014,1st,Torneo Apertura,7,Wed,2014-07-16,11:00,Real Garcilaso,1.0,Unión Comercio,0.0,1440.0,Estadio Inca Garcilaso de la Vega,Fernando Legario,,https://fbref.com/en/matches/2525fdbe/Real-Garcilaso-Union-Comercio-July-16-2014-Torneo-Descentralizado
Liga 1 de Fútbol Profesional,M,PER,2014,1st,Torneo Apertura,7,Wed,2014-07-16,13:15,Ayacucho,1.0,UTC,1.0,1778.0,Estadio Ciudad de Cumaná,Michael Espinoza,,https://fbref.com/en/matches/00f73fbc/Ayacucho-Universidad-Tecnica-de-Cajamarca-July-16-2014-Torneo-Descentralizado
Liga 1 de Fútbol Profesional,M,PER,2014,1st,Torneo Apertura,7,Wed,2014-07-16,15:30,León Huánuco,1.0,Alianza Lima,0.0,764.0,Estadio Heraclio Tapia León,Eduardo Chirinos,,https://fbref.com/en/matches/a0677a05/Leon-de-Huanuco-Alianza-Lima-July-16-2014-Torneo-Descentralizado
Liga 1 de Fútbol Profesional,M,PER,2014,1st,Torneo Apertura,7,Wed,2014-07-16,17:45,U César Vallejo,2.0,Sport Huancayo,0.0,1131.0,Estadio Mansiche,Fredy Arellanos,,https://fbref.com/en/matches/fb0de1d7/Universidad-Cesar-Vallejo-Sport-Huancayo-July-16-2014-Torneo-Descentralizado
Liga 1 de Fútbol Profesional,M,PER,2014,1st,Torneo Apertura,7,Wed,2014-07-16,20:00,Universitario,1.0,Melgar,2.0,4047.0,Estadio Nacional,Manuel Garay,,https://fbref.com/en/matches/eb4b72b8/Universitario-Melgar-July-16-2014-Torneo-Descentralizado
Liga 1 de Fútbol Profesional,M,PER,2014,1st,Torneo Apertura,7,Thu,2014-07-17,15:00,San Simón,0.0,Cienciano,2.0,1852.0,Estadio 25 de Noviembre,Diego Haro,,https://fbref.com/en/matches/0b5991f4/San-Simon-Cienciano-July-17-2014-Torneo-Descentralizado
Liga 1 de Fútbol Profesional,M,PER,2014,1st,Torneo Apertura,7,Thu,2014-07-17,20:00,Juan Aurich,3.0,Sporting Cristal,4.0,3128.0,Estadio Elías Aguirre,Iván Chang,,https://fbref.com/en/matches/e6ccbeb5/Juan-Aurich-Sporting-Cristal-July-17-2014-Torneo-Descentralizado
Liga 1 de Fútbol Profesional,M,PER,2014,1st,Torneo Apertura,8,Sat,2014-07-19,11:00,Sport Huancayo,0.0,León Huánuco,1.0,373.0,Estadio Huancayo,Miguel Santiváñez,,https://fbref.com/en/matches/30fb47f4/Sport-Huancayo-Leon-de-Huanuco-July-19-2014-Torneo-Descentralizado
Liga 1 de Fútbol Profesional,M,PER,2014,1st,Torneo Apertura,8,Sat,2014-07-19,15:45,UTC,1.0,Real Garcilaso,0.0,2461.0,Estadio Héroes de San Ramón,Ramón Blanco,,https://fbref.com/en/matches/4c0bec7e/Universidad-Tecnica-de-Cajamarca-Real-Garcilaso-July-19-2014-Torneo-Descentralizado
Liga 1 de Fútbol Profesional,M,PER,2014,1st,Torneo Apertura,8,Sat,2014-07-19,20:00,Universitario,1.0,Alianza Lima,0.0,11901.0,Estadio Nacional,Víctor Carrillo,,https://fbref.com/en/matches/d0067112/Universitario-Alianza-Lima-July-19-2014-Torneo-Descentralizado
Liga 1 de Fútbol Profesional,M,PER,2014,1st,Torneo Apertura,8,Sun,2014-07-20,12:00,Cienciano,2.0,U César Vallejo,0.0,4108.0,Estadio Inca Garcilaso de la Vega,Luis Garay Evia,,https://fbref.com/en/matches/4ff64a5c/Cienciano-Universidad-Cesar-Vallejo-July-20-2014-Torneo-Descentralizado
Liga 1 de Fútbol Profesional,M,PER,2014,1st,Torneo Apertura,8,Sun,2014-07-20,15:30,Sporting Cristal,6.0,San Simón,0.0,4052.0,Estadio Alberto Gallardo,Romel López,,https://fbref.com/en/matches/56c85807/Sporting-Cristal-San-Simon-July-20-2014-Torneo-Descentralizado
Liga 1 de Fútbol Profesional,M,PER,2014,1st,Torneo Apertura,8,Sun,2014-07-20,18:15,Los Caimanes,0.0,Juan Aurich,4.0,531.0,Estadio Elías Aguirre,Luis Seminario,,https://fbref.com/en/matches/1f88394a/Los-Caimanes-Juan-Aurich-July-20-2014-Torneo-Descentralizado
Liga 1 de Fútbol Profesional,M,PER,2014,1st,Torneo Apertura,8,Mon,2014-07-21,13:15,Unión Comercio,1.0,USMP,0.0,419.0,Estadio del IPD,Eduardo Chirinos,,https://fbref.com/en/matches/a05e8b32/Union-Comercio-Universidad-San-Martin-July-21-2014-Torneo-Descentralizado
Liga 1 de Fútbol Profesional,M,PER,2014,1st,Torneo Apertura,8,Mon,2014-07-21,15:30,Melgar,2.0,Ayacucho,2.0,3908.0,Estadio de la Universidad Nacional San A...,Iván Chang,,https://fbref.com/en/matches/c4e09545/Melgar-Ayacucho-July-21-2014-Torneo-Descentralizado
Liga 1 de Fútbol Profesional,M,PER,2014,1st,Torneo Apertura,9,Wed,2014-07-23,20:00,Alianza Lima,4.0,Sport Huancayo,3.0,4134.0,Estadio Alejandro Villanueva,Fredy Arellanos,,https://fbref.com/en/matches/7de612cd/Alianza-Lima-Sport-Huancayo-July-23-2014-Torneo-Descentralizado
Liga 1 de Fútbol Profesional,M,PER,2014,1st,Torneo Apertura,9,Fri,2014-07-25,11:00,Real Garcilaso,1.0,Melgar,1.0,1809.0,Estadio Inca Garcilaso de la Vega,Renzo Castañeda,,https://fbref.com/en/matches/a7b08086/Real-Garcilaso-Melgar-July-25-2014-Torneo-Descentralizado
Liga 1 de Fútbol Profesional,M,PER,2014,1st,Torneo Apertura,9,Sat,2014-07-26,12:00,León Huánuco,2.0,Cienciano,2.0,740.0,Estadio Heraclio Tapia León,Jorge Panta,,https://fbref.com/en/matches/31da456a/Leon-de-Huanuco-Cienciano-July-26-2014-Torneo-Descentralizado
Liga 1 de Fútbol Profesional,M,PER,2014,1st,Torneo Apertura,9,Sat,2014-07-26,15:00,USMP,4.0,UTC,0.0,504.0,Estadio Miguel Grau del Callao,Miguel Santiváñez,,https://fbref.com/en/matches/aece9901/Universidad-San-Martin-Universidad-Tecnica-de-Cajamarca-July-26-2014-Torneo-Descentralizado
Liga 1 de Fútbol Profesional,M,PER,2014,1st,Torneo Apertura,9,Sat,2014-07-26,17:30,U César Vallejo,3.0,Sporting Cristal,2.0,9822.0,Estadio Mansiche,Diego Haro,,https://fbref.com/en/matches/e2da2c2c/Universidad-Cesar-Vallejo-Sporting-Cristal-July-26-2014-Torneo-Descentralizado
Liga 1 de Fútbol Profesional,M,PER,2014,1st,Torneo Apertura,9,Sat,2014-07-26,20:00,Juan Aurich,2.0,Unión Comercio,1.0,1705.0,Estadio Elías Aguirre,Michael Espinoza,,https://fbref.com/en/matches/dec541a4/Juan-Aurich-Union-Comercio-July-26-2014-Torneo-Descentralizado
Liga 1 de Fútbol Profesional,M,PER,2014,1st,Torneo Apertura,9,Sun,2014-07-27,13:00,San Simón,2.0,Los Caimanes,4.0,1499.0,Estadio 25 de Noviembre,Roberto Mauro,,https://fbref.com/en/matches/e120c91f/San-Simon-Los-Caimanes-July-27-2014-Torneo-Descentralizado
Liga 1 de Fútbol Profesional,M,PER,2014,1st,Torneo Apertura,9,Sun,2014-07-27,15:30,Ayacucho,2.0,Universitario,0.0,7286.0,Estadio Ciudad de Cumaná,Henry Gambetta,,https://fbref.com/en/matches/11adeccf/Ayacucho-Universitario-July-27-2014-Torneo-Descentralizado
Liga 1 de Fútbol Profesional,M,PER,2014,1st,Torneo Apertura,10,Tue,2014-07-29,15:30,Cienciano,2.0,Alianza Lima,1.0,14670.0,Estadio Inca Garcilaso de la Vega,Miguel Santiváñez,,https://fbref.com/en/matches/fdf5e805/Cienciano-Alianza-Lima-July-29-2014-Torneo-Descentralizado
Liga 1 de Fútbol Profesional,M,PER,2014,1st,Torneo Apertura,10,Wed,2014-07-30,13:15,Los Caimanes,1.0,U César Vallejo,0.0,158.0,Estadio Municipal Francisco Mendoza Piza...,Luis Garay Evia,,https://fbref.com/en/matches/def7ba04/Los-Caimanes-Universidad-Cesar-Vallejo-July-30-2014-Torneo-Descentralizado
Liga 1 de Fútbol Profesional,M,PER,2014,1st,Torneo Apertura,10,Wed,2014-07-30,15:45,UTC,3.0,Juan Aurich,1.0,2203.0,Estadio Héroes de San Ramón,Eduardo Chirinos,,https://fbref.com/en/matches/912a1474/Universidad-Tecnica-de-Cajamarca-Juan-Aurich-July-30-2014-Torneo-Descentralizado
Liga 1 de Fútbol Profesional,M,PER,2014,1st,Torneo Apertura,10,Wed,2014-07-30,20:00,Universitario,2.0,Real Garcilaso,1.0,5514.0,Estadio Monumental,Iván Chang,,https://fbref.com/en/matches/fe463840/Universitario-Real-Garcilaso-July-30-2014-Torneo-Descentralizado
Liga 1 de Fútbol Profesional,M,PER,2014,1st,Torneo Apertura,10,Thu,2014-07-31,11:00,Unión Comercio,3.0,Sport Huancayo,0.0,426.0,Estadio del IPD,Luis Seminario,,https://fbref.com/en/matches/adc1e3dc/Union-Comercio-Sport-Huancayo-July-31-2014-Torneo-Descentralizado
Liga 1 de Fútbol Profesional,M,PER,2014,1st,Torneo Apertura,10,Thu,2014-07-31,13:15,Melgar,2.0,USMP,1.0,3815.0,Estadio de la Universidad Nacional San A...,Diego Haro,,https://fbref.com/en/matches/c05f5e6e/Melgar-Universidad-San-Martin-July-31-2014-Torneo-Descentralizado
Liga 1 de Fútbol Profesional,M,PER,2014,1st,Torneo Apertura,10,Thu,2014-07-31,15:30,Sporting Cristal,4.0,León Huánuco,0.0,3585.0,Estadio Alberto Gallardo,Víctor Carrillo,,https://fbref.com/en/matches/b240d757/Sporting-Cristal-Leon-de-Huanuco-July-31-2014-Torneo-Descentralizado
Liga 1 de Fútbol Profesional,M,PER,2014,1st,Torneo Apertura,10,Sun,2014-08-03,13:15,Ayacucho,3.0,San Simón,2.0,2787.0,Estadio Ciudad de Cumaná,Jorge Panta,,https://fbref.com/en/matches/39f38297/Ayacucho-San-Simon-August-3-2014-Torneo-Descentralizado
Liga 1 de Fútbol Profesional,M,PER,2014,1st,Torneo Apertura,11,Fri,2014-08-08,13:15,León Huánuco,1.0,Los Caimanes,0.0,442.0,Estadio Heraclio Tapia León,Ramón Blanco,,https://fbref.com/en/matches/9a853343/Leon-de-Huanuco-Los-Caimanes-August-8-2014-Torneo-Descentralizado
Liga 1 de Fútbol Profesional,M,PER,2014,1st,Torneo Apertura,11,Sat,2014-08-09,13:00,Sport Huancayo,3.0,Cienciano,1.0,616.0,Estadio Huancayo,Jorge Panta,,https://fbref.com/en/matches/d88bd829/Sport-Huancayo-Cienciano-August-9-2014-Torneo-Descentralizado
Liga 1 de Fútbol Profesional,M,PER,2014,1st,Torneo Apertura,11,Sat,2014-08-09,15:30,Juan Aurich,3.0,Melgar,1.0,2051.0,Estadio Elías Aguirre,Miguel Santiváñez,,https://fbref.com/en/matches/5332c634/Juan-Aurich-Melgar-August-9-2014-Torneo-Descentralizado
Liga 1 de Fútbol Profesional,M,PER,2014,1st,Torneo Apertura,11,Sat,2014-08-09,17:45,U César Vallejo,1.0,Unión Comercio,0.0,1486.0,Estadio Mansiche,Yovany Quevedo Guerra,,https://fbref.com/en/matches/35628d2c/Universidad-Cesar-Vallejo-Union-Comercio-August-9-2014-Torneo-Descentralizado
Liga 1 de Fútbol Profesional,M,PER,2014,1st,Torneo Apertura,11,Sat,2014-08-09,20:00,USMP,3.0,Universitario,3.0,2400.0,Estadio Miguel Grau del Callao,Michael Espinoza,,https://fbref.com/en/matches/68680466/Universidad-San-Martin-Universitario-August-9-2014-Torneo-Descentralizado
Liga 1 de Fútbol Profesional,M,PER,2014,1st,Torneo Apertura,11,Sun,2014-08-10,11:15,Real Garcilaso,3.0,Ayacucho,0.0,2468.0,Estadio Inca Garcilaso de la Vega,Eduardo Chirinos,,https://fbref.com/en/matches/626e581c/Real-Garcilaso-Ayacucho-August-10-2014-Torneo-Descentralizado
Liga 1 de Fútbol Profesional,M,PER,2014,1st,Torneo Apertura,11,Sun,2014-08-10,13:30,San Simón,2.0,UTC,1.0,1509.0,Estadio 25 de Noviembre,Luis Seminario,,https://fbref.com/en/matches/339597be/San-Simon-Universidad-Tecnica-de-Cajamarca-August-10-2014-Torneo-Descentralizado
Liga 1 de Fútbol Profesional,M,PER,2014,1st,Torneo Apertura,11,Sun,2014-08-10,16:00,Alianza Lima,2.0,Sporting Cristal,1.0,11824.0,Estadio Alejandro Villanueva,Manuel Garay,,https://fbref.com/en/matches/00f51282/Alianza-Lima-Sporting-Cristal-August-10-2014-Torneo-Descentralizado
Liga 1 de Fútbol Profesional,M,PER,2014,1st,Torneo Apertura,12,Wed,2014-08-13,11:00,Melgar,2.0,U César Vallejo,1.0,4058.0,Estadio de la Universidad Nacional San A...,Roberto Mauro,,https://fbref.com/en/matches/1368696c/Melgar-Universidad-Cesar-Vallejo-August-13-2014-Torneo-Descentralizado
Liga 1 de Fútbol Profesional,M,PER,2014,1st,Torneo Apertura,12,Wed,2014-08-13,13:15,Real Garcilaso,2.0,Juan Aurich,2.0,2989.0,Estadio Inca Garcilaso de la Vega,Michael Espinoza,,https://fbref.com/en/matches/5eed35e1/Real-Garcilaso-Juan-Aurich-August-13-2014-Torneo-Descentralizado
Liga 1 de Fútbol Profesional,M,PER,2014,1st,Torneo Apertura,12,Wed,2014-08-13,15:30,Ayacucho,2.0,USMP,4.0,2989.0,Estadio Ciudad de Cumaná,Luis Seminario,,https://fbref.com/en/matches/a0ab6fc2/Ayacucho-Universidad-San-Martin-August-13-2014-Torneo-Descentralizado
Liga 1 de Fútbol Profesional,M,PER,2014,1st,Torneo Apertura,12,Wed,2014-08-13,17:45,Los Caimanes,0.0,Alianza Lima,0.0,888.0,Estadio Elías Aguirre,Renzo Castañeda,,https://fbref.com/en/matches/eeb64022/Los-Caimanes-Alianza-Lima-August-13-2014-Torneo-Descentralizado
Liga 1 de Fútbol Profesional,M,PER,2014,1st,Torneo Apertura,12,Wed,2014-08-13,20:00,Universitario,1.0,San Simón,0.0,7862.0,Estadio Monumental,Fernando Legario,,https://fbref.com/en/matches/5750aea8/Universitario-San-Simon-August-13-2014-Torneo-Descentralizado
Liga 1 de Fútbol Profesional,M,PER,2014,1st,Torneo Apertura,12,Thu,2014-08-14,11:00,Sporting Cristal,1.0,Sport Huancayo,2.0,2443.0,Estadio Alberto Gallardo,Yovany Quevedo Guerra,,https://fbref.com/en/matches/9a18ca22/Sporting-Cristal-Sport-Huancayo-August-14-2014-Torneo-Descentralizado
Liga 1 de Fútbol Profesional,M,PER,2014,1st,Torneo Apertura,12,Thu,2014-08-14,13:15,Unión Comercio,1.0,León Huánuco,0.0,479.0,Estadio del IPD,Luis Garay Evia,,https://fbref.com/en/matches/6ca29e68/Union-Comercio-Leon-de-Huanuco-August-14-2014-Torneo-Descentralizado
Liga 1 de Fútbol Profesional,M,PER,2014,1st,Torneo Apertura,12,Thu,2014-08-14,15:45,UTC,2.0,Cienciano,1.0,1592.0,Estadio Héroes de San Ramón,Giuliano Rodríguez,,https://fbref.com/en/matches/bccdcf8b/Universidad-Tecnica-de-Cajamarca-Cienciano-August-14-2014-Torneo-Descentralizado
Liga 1 de Fútbol Profesional,M,PER,2014,1st,Torneo Apertura,13,Sat,2014-08-16,15:00,USMP,2.0,Real Garcilaso,0.0,444.0,Estadio Miguel Grau del Callao,Iván Chang,,https://fbref.com/en/matches/496e4318/Universidad-San-Martin-Real-Garcilaso-August-16-2014-Torneo-Descentralizado
Liga 1 de Fútbol Profesional,M,PER,2014,1st,Torneo Apertura,13,Sat,2014-08-16,20:00,U César Vallejo,1.0,Universitario,2.0,16517.0,Estadio Mansiche,Víctor Carrillo,,https://fbref.com/en/matches/0a4b91eb/Universidad-Cesar-Vallejo-Universitario-August-16-2014-Torneo-Descentralizado
Liga 1 de Fútbol Profesional,M,PER,2014,1st,Torneo Apertura,13,Sun,2014-08-17,11:00,San Simón,1.0,Melgar,0.0,3183.0,Estadio 25 de Noviembre,Henry Gambetta,,https://fbref.com/en/matches/b3e8f364/San-Simon-Melgar-August-17-2014-Torneo-Descentralizado
Liga 1 de Fútbol Profesional,M,PER,2014,1st,Torneo Apertura,13,Sun,2014-08-17,13:30,Cienciano,1.0,Sporting Cristal,1.0,3158.0,Estadio Inca Garcilaso de la Vega,Jorge Panta,,https://fbref.com/en/matches/1fbaf724/Cienciano-Sporting-Cristal-August-17-2014-Torneo-Descentralizado
Liga 1 de Fútbol Profesional,M,PER,2014,1st,Torneo Apertura,13,Sun,2014-08-17,16:00,Alianza Lima,2.0,Unión Comercio,2.0,5261.0,Estadio Alejandro Villanueva,Eduardo Chirinos,,https://fbref.com/en/matches/7dcc03a7/Alianza-Lima-Union-Comercio-August-17-2014-Torneo-Descentralizado
Liga 1 de Fútbol Profesional,M,PER,2014,1st,Torneo Apertura,13,Sun,2014-08-17,18:15,Juan Aurich,4.0,Ayacucho,1.0,3425.0,Estadio Elías Aguirre,Manuel Garay,,https://fbref.com/en/matches/4866563d/Juan-Aurich-Ayacucho-August-17-2014-Torneo-Descentralizado
Liga 1 de Fútbol Profesional,M,PER,2014,1st,Torneo Apertura,13,Mon,2014-08-18,11:00,Sport Huancayo,5.0,Los Caimanes,1.0,678.0,Estadio Huancayo,Romel López,,https://fbref.com/en/matches/bac7df6d/Sport-Huancayo-Los-Caimanes-August-18-2014-Torneo-Descentralizado
Liga 1 de Fútbol Profesional,M,PER,2014,1st,Torneo Apertura,14,Sat,2014-08-23,13:00,Los Caimanes,2.0,Cienciano,1.0,63.0,Estadio Municipal Francisco Mendoza Piza...,Eduardo Chirinos,,https://fbref.com/en/matches/228142ca/Los-Caimanes-Cienciano-August-23-2014-Torneo-Descentralizado
Liga 1 de Fútbol Profesional,M,PER,2014,1st,Torneo Apertura,14,Sun,2014-08-24,12:30,Unión Comercio,2.0,Sporting Cristal,0.0,1400.0,Estadio del IPD,Michael Espinoza,,https://fbref.com/en/matches/4c371caf/Union-Comercio-Sporting-Cristal-August-24-2014-Torneo-Descentralizado
Liga 1 de Fútbol Profesional,M,PER,2014,1st,Torneo Apertura,14,Sun,2014-08-24,15:00,Real Garcilaso,4.0,San Simón,1.0,1522.0,Estadio Inca Garcilaso de la Vega,Luis Garay Evia,,https://fbref.com/en/matches/380e173e/Real-Garcilaso-San-Simon-August-24-2014-Torneo-Descentralizado
Liga 1 de Fútbol Profesional,M,PER,2014,1st,Torneo Apertura,14,Sun,2014-08-24,15:00,USMP,1.0,Juan Aurich,2.0,1829.0,Estadio Alberto Gallardo,Henry Gambetta,,https://fbref.com/en/matches/60dfb6b2/Universidad-San-Martin-Juan-Aurich-August-24-2014-Torneo-Descentralizado
Liga 1 de Fútbol Profesional,M,PER,2014,1st,Torneo Apertura,14,Sun,2014-08-24,15:00,Ayacucho,3.0,U César Vallejo,3.0,313.0,Estadio Ciudad de Cumaná,Iván Chang,,https://fbref.com/en/matches/81a28779/Ayacucho-Universidad-Cesar-Vallejo-August-24-2014-Torneo-Descentralizado
Liga 1 de Fútbol Profesional,M,PER,2014,1st,Torneo Apertura,14,Sun,2014-08-24,15:00,Universitario,1.0,León Huánuco,2.0,28906.0,Estadio Monumental,Manuel Garay,,https://fbref.com/en/matches/d6ac2f92/Universitario-Leon-de-Huanuco-August-24-2014-Torneo-Descentralizado
Liga 1 de Fútbol Profesional,M,PER,2014,1st,Torneo Apertura,14,Sun,2014-08-24,15:00,Melgar,2.0,Sport Huancayo,2.0,8792.0,Estadio de la Universidad Nacional San A...,Fredy Arellanos,,https://fbref.com/en/matches/dcfed6a9/Melgar-Sport-Huancayo-August-24-2014-Torneo-Descentralizado
Liga 1 de Fútbol Profesional,M,PER,2014,1st,Torneo Apertura,14,Sun,2014-08-24,15:45,UTC,0.0,Alianza Lima,2.0,6144.0,Estadio Héroes de San Ramón,Víctor Carrillo,,https://fbref.com/en/matches/54eb684f/Universidad-Tecnica-de-Cajamarca-Alianza-Lima-August-24-2014-Torneo-Descentralizado
Liga 1 de Fútbol Profesional,M,PER,2014,1st,Torneo Apertura,15,Sat,2014-08-30,13:00,Cienciano,2.0,Unión Comercio,1.0,3292.0,Estadio Inca Garcilaso de la Vega,Diego Haro,,https://fbref.com/en/matches/f7ff5256/Cienciano-Union-Comercio-August-30-2014-Torneo-Descentralizado
Liga 1 de Fútbol Profesional,M,PER,2014,1st,Torneo Apertura,15,Sat,2014-08-30,15:30,San Simón,0.0,USMP,0.0,1722.0,Estadio 25 de Noviembre,Jorge Panta,,https://fbref.com/en/matches/0011fd96/San-Simon-Universidad-San-Martin-August-30-2014-Torneo-Descentralizado
Liga 1 de Fútbol Profesional,M,PER,2014,1st,Torneo Apertura,15,Sat,2014-08-30,15:30,Alianza Lima,1.0,Melgar,1.0,5555.0,Estadio Alejandro Villanueva,Luis Seminario,,https://fbref.com/en/matches/4485897a/Alianza-Lima-Melgar-August-30-2014-Torneo-Descentralizado
Liga 1 de Fútbol Profesional,M,PER,2014,1st,Torneo Apertura,15,Sat,2014-08-30,15:30,U César Vallejo,2.0,Real Garcilaso,0.0,820.0,Estadio Mansiche,Ramón Blanco,,https://fbref.com/en/matches/4af0fb0a/Universidad-Cesar-Vallejo-Real-Garcilaso-August-30-2014-Torneo-Descentralizado
Liga 1 de Fútbol Profesional,M,PER,2014,1st,Torneo Apertura,15,Sat,2014-08-30,15:30,Juan Aurich,2.0,Universitario,0.0,17213.0,Estadio Elías Aguirre,Víctor Carrillo,,https://fbref.com/en/matches/f68093f7/Juan-Aurich-Universitario-August-30-2014-Torneo-Descentralizado
Liga 1 de Fútbol Profesional,M,PER,2014,1st,Torneo Apertura,15,Sun,2014-08-31,11:00,Sporting Cristal,1.0,Los Caimanes,1.0,2666.0,Estadio Alberto Gallardo,Fredy Arellanos,,https://fbref.com/en/matches/61ae2b80/Sporting-Cristal-Los-Caimanes-August-31-2014-Torneo-Descentralizado
Liga 1 de Fútbol Profesional,M,PER,2014,1st,Torneo Apertura,15,Sun,2014-08-31,13:15,Sport Huancayo,1.0,UTC,1.0,678.0,Estadio Heraclio Tapia León,Ramón Blanco,,https://fbref.com/en/matches/dc6110e9/Sport-Huancayo-Universidad-Tecnica-de-Cajamarca-August-31-2014-Torneo-Descentralizado
Liga 1 de Fútbol Profesional,M,PER,2014,1st,Torneo Apertura,15,Sun,2014-08-31,15:30,León Huánuco,1.0,Ayacucho,1.0,1634.0,Estadio Heraclio Tapia León,Romel López,,https://fbref.com/en/matches/5ce4a164/Leon-de-Huanuco-Ayacucho-August-31-2014-Torneo-Descentralizado
Liga 1 de Fútbol Profesional,M,PER,2014,1st,Torneo Apertura,13,Wed,2014-09-03,16:00,León Huánuco,1.0,UTC,0.0,678.0,Estadio Heraclio Tapia León,Ramón Blanco,,https://fbref.com/en/matches/4a49f0cb/Leon-de-Huanuco-Universidad-Tecnica-de-Cajamarca-September-3-2014-Torneo-Descentralizado
Liga 1 de Fútbol Profesional,M,PER,2014,1st,Torneo Clausura,1,Sat,2014-09-06,12:30,León Huánuco,1.0,Real Garcilaso,1.0,345.0,Estadio Heraclio Tapia León,Luis Seminario,,https://fbref.com/en/matches/3b6e9b2e/Leon-de-Huanuco-Real-Garcilaso-September-6-2014-Torneo-Descentralizado
Liga 1 de Fútbol Profesional,M,PER,2014,1st,Torneo Clausura,1,Sat,2014-09-06,15:00,Cienciano,0.0,Melgar,2.0,4238.0,Estadio Inca Garcilaso de la Vega,Víctor Carrillo,,https://fbref.com/en/matches/c8972aec/Cienciano-Melgar-September-6-2014-Torneo-Descentralizado
Liga 1 de Fútbol Profesional,M,PER,2014,1st,Torneo Clausura,1,Sun,2014-09-07,11:15,San Simón,1.0,Juan Aurich,2.0,2538.0,Estadio 25 de Noviembre,Miguel Santiváñez,,https://fbref.com/en/matches/b82f8ce0/San-Simon-Juan-Aurich-September-7-2014-Torneo-Descentralizado
Liga 1 de Fútbol Profesional,M,PER,2014,1st,Torneo Clausura,1,Sun,2014-09-07,13:30,Sport Huancayo,0.0,Universitario,1.0,5270.0,Estadio Huancayo,Fredy Arellanos,,https://fbref.com/en/matches/25795e37/Sport-Huancayo-Universitario-September-7-2014-Torneo-Descentralizado
Liga 1 de Fútbol Profesional,M,PER,2014,1st,Torneo Clausura,1,Sun,2014-09-07,15:30,Sporting Cristal,3.0,UTC,2.0,3444.0,Estadio Alberto Gallardo,Luis Garay Evia,,https://fbref.com/en/matches/e698647a/Sporting-Cristal-Universidad-Tecnica-de-Cajamarca-September-7-2014-Torneo-Descentralizado
Liga 1 de Fútbol Profesional,M,PER,2014,1st,Torneo Clausura,1,Mon,2014-09-08,13:00,Los Caimanes,1.0,Unión Comercio,0.0,46.0,Estadio Municipal Francisco Mendoza Piza...,Henry Gambetta,,https://fbref.com/en/matches/d660ffd7/Los-Caimanes-Union-Comercio-September-8-2014-Torneo-Descentralizado
Liga 1 de Fútbol Profesional,M,PER,2014,1st,Torneo Clausura,2,Fri,2014-09-12,15:45,UTC,1.0,Los Caimanes,1.0,1547.0,Estadio Héroes de San Ramón,Joel Alarcón,,https://fbref.com/en/matches/a4aac6cb/Universidad-Tecnica-de-Cajamarca-Los-Caimanes-September-12-2014-Torneo-Descentralizado
Liga 1 de Fútbol Profesional,M,PER,2014,1st,Torneo Clausura,2,Sat,2014-09-13,10:30,Unión Comercio,3.0,San Simón,1.0,389.0,Estadio del IPD,Diego Haro,,https://fbref.com/en/matches/58fc7d5b/Union-Comercio-San-Simon-September-13-2014-Torneo-Descentralizado
Liga 1 de Fútbol Profesional,M,PER,2014,1st,Torneo Clausura,2,Sat,2014-09-13,12:45,Ayacucho,1.0,Sport Huancayo,1.0,251.0,Estadio Ciudad de Cumaná,Roberto Mauro,,https://fbref.com/en/matches/014ef28e/Ayacucho-Sport-Huancayo-September-13-2014-Torneo-Descentralizado
Liga 1 de Fútbol Profesional,M,PER,2014,1st,Torneo Clausura,2,Sat,2014-09-13,15:30,USMP,0.0,León Huánuco,1.0,518.0,Estadio Miguel Grau del Callao,Renzo Castañeda,,https://fbref.com/en/matches/3f3282ae/Universidad-San-Martin-Leon-de-Huanuco-September-13-2014-Torneo-Descentralizado
Liga 1 de Fútbol Profesional,M,PER,2014,1st,Torneo Clausura,2,Sat,2014-09-13,18:00,Juan Aurich,1.0,U César Vallejo,2.0,1976.0,Estadio Elías Aguirre,Fredy Arellanos,,https://fbref.com/en/matches/04316c25/Juan-Aurich-Universidad-Cesar-Vallejo-September-13-2014-Torneo-Descentralizado
Liga 1 de Fútbol Profesional,M,PER,2014,1st,Torneo Clausura,2,Sun,2014-09-14,11:00,Melgar,1.0,Sporting Cristal,0.0,16784.0,Estadio de la Universidad Nacional San A...,Manuel Garay,,https://fbref.com/en/matches/00810137/Melgar-Sporting-Cristal-September-14-2014-Torneo-Descentralizado
Liga 1 de Fútbol Profesional,M,PER,2014,1st,Torneo Clausura,2,Sun,2014-09-14,13:30,Real Garcilaso,0.0,Alianza Lima,0.0,7434.0,Estadio Inca Garcilaso de la Vega,Víctor Carrillo,,https://fbref.com/en/matches/8a1c32fd/Real-Garcilaso-Alianza-Lima-September-14-2014-Torneo-Descentralizado
Liga 1 de Fútbol Profesional,M,PER,2014,1st,Torneo Clausura,2,Sun,2014-09-14,16:00,Universitario,2.0,Cienciano,0.0,5597.0,Estadio Monumental,Ramón Blanco,,https://fbref.com/en/matches/8e839bab/Universitario-Cienciano-September-14-2014-Torneo-Descentralizado
Liga 1 de Fútbol Profesional,M,PER,2014,1st,Torneo Clausura,1,Wed,2014-09-17,19:00,Alianza Lima,2.0,Ayacucho,1.0,3061.0,Estadio Alejandro Villanueva,Eduardo Chirinos,,https://fbref.com/en/matches/4017136c/Alianza-Lima-Ayacucho-September-17-2014-Torneo-Descentralizado
Liga 1 de Fútbol Profesional,M,PER,2014,1st,Torneo Clausura,3,Sat,2014-09-20,10:30,Sport Huancayo,3.0,Real Garcilaso,1.0,590.0,Estadio Huancayo,Henry Gambetta,,https://fbref.com/en/matches/140a3f6b/Sport-Huancayo-Real-Garcilaso-September-20-2014-Torneo-Descentralizado
Liga 1 de Fútbol Profesional,M,PER,2014,1st,Torneo Clausura,3,Sat,2014-09-20,12:45,Unión Comercio,3.0,UTC,0.0,606.0,Estadio del IPD,Eduardo Chirinos,,https://fbref.com/en/matches/240d3d63/Union-Comercio-Universidad-Tecnica-de-Cajamarca-September-20-2014-Torneo-Descentralizado
Liga 1 de Fútbol Profesional,M,PER,2014,1st,Torneo Clausura,3,Sat,2014-09-20,15:00,León Huánuco,3.0,Juan Aurich,0.0,2810.0,Estadio Heraclio Tapia León,Diego Haro,,https://fbref.com/en/matches/6ae2b6d2/Leon-de-Huanuco-Juan-Aurich-September-20-2014-Torneo-Descentralizado
Liga 1 de Fútbol Profesional,M,PER,2014,1st,Torneo Clausura,3,Sat,2014-09-20,17:30,U César Vallejo,2.0,San Simón,0.0,1087.0,Estadio Mansiche,Luis Garay Evia,,https://fbref.com/en/matches/a8000c3b/Universidad-Cesar-Vallejo-San-Simon-September-20-2014-Torneo-Descentralizado
Liga 1 de Fútbol Profesional,M,PER,2014,1st,Torneo Clausura,3,Sun,2014-09-21,11:00,Cienciano,0.0,Ayacucho,0.0,2296.0,Estadio Inca Garcilaso de la Vega,Miguel Santiváñez,,https://fbref.com/en/matches/8c85d34e/Cienciano-Ayacucho-September-21-2014-Torneo-Descentralizado
Liga 1 de Fútbol Profesional,M,PER,2014,1st,Torneo Clausura,3,Sun,2014-09-21,13:15,Los Caimanes,0.0,Melgar,3.0,108.0,Estadio Municipal Francisco Mendoza Piza...,Luis Seminario,,https://fbref.com/en/matches/ab341b8d/Los-Caimanes-Melgar-September-21-2014-Torneo-Descentralizado
Liga 1 de Fútbol Profesional,M,PER,2014,1st,Torneo Clausura,3,Sun,2014-09-21,16:00,Alianza Lima,2.0,USMP,1.0,4019.0,Estadio Alejandro Villanueva,Roberto Mauro,,https://fbref.com/en/matches/3a07f2f5/Alianza-Lima-Universidad-San-Martin-September-21-2014-Torneo-Descentralizado
Liga 1 de Fútbol Profesional,M,PER,2014,1st,Torneo Clausura,3,Wed,2014-09-24,20:00,Sporting Cristal,3.0,Universitario,0.0,25072.0,Estadio Alberto Gallardo,Fredy Arellanos,,https://fbref.com/en/matches/d7b738c5/Sporting-Cristal-Universitario-September-24-2014-Torneo-Descentralizado
Liga 1 de Fútbol Profesional,M,PER,2014,1st,Torneo Clausura,4,Fri,2014-09-26,13:30,USMP,4.0,Sport Huancayo,1.0,310.0,Estadio Miguel Grau del Callao,Eduardo Chirinos,,https://fbref.com/en/matches/56e38e24/Universidad-San-Martin-Sport-Huancayo-September-26-2014-Torneo-Descentralizado
Liga 1 de Fútbol Profesional,M,PER,2014,1st,Torneo Clausura,4,Fri,2014-09-26,15:45,UTC,1.0,U César Vallejo,0.0,1279.0,Estadio Héroes de San Ramón,Henry Gambetta,,https://fbref.com/en/matches/ac41d907/Universidad-Tecnica-de-Cajamarca-Universidad-Cesar-Vallejo-September-26-2014-Torneo-Descentralizado
Liga 1 de Fútbol Profesional,M,PER,2014,1st,Torneo Clausura,4,Sat,2014-09-27,12:45,Melgar,1.0,Unión Comercio,0.0,6745.0,Estadio de la Universidad Nacional San A...,Ramón Blanco,,https://fbref.com/en/matches/ec948c6d/Melgar-Union-Comercio-September-27-2014-Torneo-Descentralizado
Liga 1 de Fútbol Profesional,M,PER,2014,1st,Torneo Clausura,4,Sat,2014-09-27,15:00,Real Garcilaso,0.0,Cienciano,2.0,5143.0,Estadio Inca Garcilaso de la Vega,Manuel Garay,,https://fbref.com/en/matches/45c710ba/Real-Garcilaso-Cienciano-September-27-2014-Torneo-Descentralizado
Liga 1 de Fútbol Profesional,M,PER,2014,1st,Torneo Clausura,4,Sat,2014-09-27,17:15,Juan Aurich,0.0,Alianza Lima,0.0,5362.0,Estadio Elías Aguirre,Michael Espinoza,,https://fbref.com/en/matches/19458c61/Juan-Aurich-Alianza-Lima-September-27-2014-Torneo-Descentralizado
Liga 1 de Fútbol Profesional,M,PER,2014,1st,Torneo Clausura,4,Sun,2014-09-28,11:00,San Simón,2.0,León Huánuco,2.0,1759.0,Estadio 25 de Noviembre,Joel Alarcón,,https://fbref.com/en/matches/63a09971/San-Simon-Leon-de-Huanuco-September-28-2014-Torneo-Descentralizado
Liga 1 de Fútbol Profesional,M,PER,2014,1st,Torneo Clausura,4,Sun,2014-09-28,13:30,Ayacucho,3.0,Sporting Cristal,3.0,3237.0,Estadio Ciudad de Cumaná,Renzo Castañeda,,https://fbref.com/en/matches/7a7d2068/Ayacucho-Sporting-Cristal-September-28-2014-Torneo-Descentralizado
Liga 1 de Fútbol Profesional,M,PER,2014,1st,Torneo Clausura,4,Sun,2014-09-28,16:00,Universitario,1.0,Los Caimanes,0.0,1901.0,Estadio Monumental,Víctor Carrillo,,https://fbref.com/en/matches/bd4f0b37/Universitario-Los-Caimanes-September-28-2014-Torneo-Descentralizado
Liga 1 de Fútbol Profesional,M,PER,2014,1st,Torneo Clausura,5,Wed,2014-10-01,11:00,Los Caimanes,0.0,Ayacucho,0.0,63.0,Estadio Elías Aguirre,Diego Haro,,https://fbref.com/en/matches/335e153d/Los-Caimanes-Ayacucho-October-1-2014-Torneo-Descentralizado
Liga 1 de Fútbol Profesional,M,PER,2014,1st,Torneo Clausura,5,Wed,2014-10-01,13:15,Unión Comercio,2.0,Universitario,0.0,1823.0,Estadio del IPD,Henry Gambetta,,https://fbref.com/en/matches/2bc2a5ad/Union-Comercio-Universitario-October-1-2014-Torneo-Descentralizado
Liga 1 de Fútbol Profesional,M,PER,2014,1st,Torneo Clausura,5,Wed,2014-10-01,15:30,Sporting Cristal,1.0,Real Garcilaso,1.0,2585.0,Estadio Alberto Gallardo,Miguel Santiváñez,,https://fbref.com/en/matches/650f7a36/Sporting-Cristal-Real-Garcilaso-October-1-2014-Torneo-Descentralizado
Liga 1 de Fútbol Profesional,M,PER,2014,1st,Torneo Clausura,5,Thu,2014-10-02,11:00,Cienciano,3.0,USMP,2.0,2477.0,Estadio Inca Garcilaso de la Vega,Yovany Quevedo Guerra,,https://fbref.com/en/matches/64ef84c0/Cienciano-Universidad-San-Martin-October-2-2014-Torneo-Descentralizado
Liga 1 de Fútbol Profesional,M,PER,2014,1st,Torneo Clausura,5,Thu,2014-10-02,13:15,Sport Huancayo,0.0,Juan Aurich,1.0,604.0,Estadio Huancayo,Roberto Mauro,,https://fbref.com/en/matches/dcfdac60/Sport-Huancayo-Juan-Aurich-October-2-2014-Torneo-Descentralizado
Liga 1 de Fútbol Profesional,M,PER,2014,1st,Torneo Clausura,5,Thu,2014-10-02,15:45,UTC,2.0,Melgar,0.0,2385.0,Estadio Héroes de San Ramón,Luis Garay Evia,,https://fbref.com/en/matches/4965b5ed/Universidad-Tecnica-de-Cajamarca-Melgar-October-2-2014-Torneo-Descentralizado
Liga 1 de Fútbol Profesional,M,PER,2014,1st,Torneo Clausura,5,Thu,2014-10-02,19:30,Alianza Lima,2.0,San Simón,0.0,3177.0,Estadio Alejandro Villanueva,Fredy Arellanos,,https://fbref.com/en/matches/ded51811/Alianza-Lima-San-Simon-October-2-2014-Torneo-Descentralizado
Liga 1 de Fútbol Profesional,M,PER,2014,1st,Torneo Clausura,6,Fri,2014-10-10,13:00,San Simón,0.0,Sport Huancayo,1.0,1448.0,Estadio 25 de Noviembre,Henry Gambetta,,https://fbref.com/en/matches/6848723c/San-Simon-Sport-Huancayo-October-10-2014-Torneo-Descentralizado
Liga 1 de Fútbol Profesional,M,PER,2014,1st,Torneo Clausura,6,Sat,2014-10-11,12:15,Ayacucho,1.0,Unión Comercio,2.0,1042.0,Estadio Ciudad de Cumaná,Fernando Legario,,https://fbref.com/en/matches/0ce8b998/Ayacucho-Union-Comercio-October-11-2014-Torneo-Descentralizado
Liga 1 de Fútbol Profesional,M,PER,2014,1st,Torneo Clausura,6,Sat,2014-10-11,15:00,Real Garcilaso,2.0,Los Caimanes,0.0,1511.0,Estadio Inca Garcilaso de la Vega,Víctor Carrillo,,https://fbref.com/en/matches/d884eadb/Real-Garcilaso-Los-Caimanes-October-11-2014-Torneo-Descentralizado
Liga 1 de Fútbol Profesional,M,PER,2014,1st,Torneo Clausura,6,Sat,2014-10-11,20:00,U César Vallejo,2.0,Alianza Lima,2.0,7238.0,Estadio Mansiche,Luis Seminario,,https://fbref.com/en/matches/19412d2f/Universidad-Cesar-Vallejo-Alianza-Lima-October-11-2014-Torneo-Descentralizado
Liga 1 de Fútbol Profesional,M,PER,2014,1st,Torneo Clausura,6,Sun,2014-10-12,13:15,León Huánuco,0.0,Melgar,1.0,2082.0,Estadio Heraclio Tapia León,Manuel Garay,,https://fbref.com/en/matches/7dbde40f/Leon-de-Huanuco-Melgar-October-12-2014-Torneo-Descentralizado
Liga 1 de Fútbol Profesional,M,PER,2014,1st,Torneo Clausura,6,Sun,2014-10-12,16:00,Universitario,3.0,UTC,0.0,4415.0,Estadio Monumental,Renzo Castañeda,,https://fbref.com/en/matches/2185bd78/Universitario-Universidad-Tecnica-de-Cajamarca-October-12-2014-Torneo-Descentralizado
Liga 1 de Fútbol Profesional,M,PER,2014,1st,Torneo Clausura,6,Sun,2014-10-12,18:15,Juan Aurich,1.0,Cienciano,0.0,1412.0,Estadio Elías Aguirre,Jorge Panta,,https://fbref.com/en/matches/082d926e/Juan-Aurich-Cienciano-October-12-2014-Torneo-Descentralizado
Liga 1 de Fútbol Profesional,M,PER,2014,1st,Torneo Clausura,7,Thu,2014-10-16,15:45,UTC,0.0,Ayacucho,1.0,1300.0,Estadio Héroes de San Ramón,Fredy Arellanos,,https://fbref.com/en/matches/603d277b/Universidad-Tecnica-de-Cajamarca-Ayacucho-October-16-2014-Torneo-Descentralizado
Liga 1 de Fútbol Profesional,M,PER,2014,1st,Torneo Clausura,7,Fri,2014-10-17,15:30,Sporting Cristal,4.0,Juan Aurich,1.0,3588.0,Estadio Alberto Gallardo,Manuel Garay,,https://fbref.com/en/matches/394aa086/Sporting-Cristal-Juan-Aurich-October-17-2014-Torneo-Descentralizado
Liga 1 de Fútbol Profesional,M,PER,2014,1st,Torneo Clausura,7,Sat,2014-10-18,10:30,Cienciano,2.0,San Simón,0.0,2255.0,Estadio Inca Garcilaso de la Vega,Iván Chang,,https://fbref.com/en/matches/ba0b7f8d/Cienciano-San-Simon-October-18-2014-Torneo-Descentralizado
Liga 1 de Fútbol Profesional,M,PER,2014,1st,Torneo Clausura,7,Sat,2014-10-18,12:45,Melgar,1.0,Universitario,1.0,30584.0,Estadio de la Universidad Nacional San A...,Luis Seminario,,https://fbref.com/en/matches/3fefd636/Melgar-Universitario-October-18-2014-Torneo-Descentralizado
Liga 1 de Fútbol Profesional,M,PER,2014,1st,Torneo Clausura,7,Sat,2014-10-18,15:00,Los Caimanes,4.0,USMP,1.0,92.0,Estadio Municipal Francisco Mendoza Piza...,Roberto Mauro,,https://fbref.com/en/matches/4d20c241/Los-Caimanes-Universidad-San-Martin-October-18-2014-Torneo-Descentralizado
Liga 1 de Fútbol Profesional,M,PER,2014,1st,Torneo Clausura,7,Sun,2014-10-19,11:00,Unión Comercio,2.0,Real Garcilaso,2.0,1069.0,Estadio del IPD,Diego Haro,,https://fbref.com/en/matches/268e742c/Union-Comercio-Real-Garcilaso-October-19-2014-Torneo-Descentralizado
Liga 1 de Fútbol Profesional,M,PER,2014,1st,Torneo Clausura,7,Sun,2014-10-19,13:15,Sport Huancayo,3.0,U César Vallejo,1.0,783.0,Estadio Huancayo,Miguel Santiváñez,,https://fbref.com/en/matches/adaf3595/Sport-Huancayo-Universidad-Cesar-Vallejo-October-19-2014-Torneo-Descentralizado
Liga 1 de Fútbol Profesional,M,PER,2014,1st,Torneo Clausura,7,Sun,2014-10-19,16:00,Alianza Lima,2.0,León Huánuco,0.0,3923.0,Estadio Alejandro Villanueva,Eduardo Chirinos,,https://fbref.com/en/matches/09dc1912/Alianza-Lima-Leon-de-Huanuco-October-19-2014-Torneo-Descentralizado
Liga 1 de Fútbol Profesional,M,PER,2014,1st,Torneo Clausura,8,Tue,2014-10-21,13:15,San Simón,2.0,Sporting Cristal,3.0,1313.0,Estadio 25 de Noviembre,Romel López,,https://fbref.com/en/matches/df303683/San-Simon-Sporting-Cristal-October-21-2014-Torneo-Descentralizado
Liga 1 de Fútbol Profesional,M,PER,2014,1st,Torneo Clausura,8,Tue,2014-10-21,15:30,USMP,2.0,Unión Comercio,1.0,328.0,Estadio Miguel Grau del Callao,Henry Gambetta,,https://fbref.com/en/matches/f3b22786/Universidad-San-Martin-Union-Comercio-October-21-2014-Torneo-Descentralizado
Liga 1 de Fútbol Profesional,M,PER,2014,1st,Torneo Clausura,8,Tue,2014-10-21,18:15,Juan Aurich,0.0,Los Caimanes,0.0,2104.0,Estadio Elías Aguirre,Víctor Carrillo,,https://fbref.com/en/matches/e5bc6e57/Juan-Aurich-Los-Caimanes-October-21-2014-Torneo-Descentralizado
Liga 1 de Fútbol Profesional,M,PER,2014,1st,Torneo Clausura,8,Wed,2014-10-22,11:00,Real Garcilaso,3.0,UTC,0.0,1292.0,Estadio Inca Garcilaso de la Vega,Luis Garay Evia,,https://fbref.com/en/matches/a31db7ad/Real-Garcilaso-Universidad-Tecnica-de-Cajamarca-October-22-2014-Torneo-Descentralizado
Liga 1 de Fútbol Profesional,M,PER,2014,1st,Torneo Clausura,8,Wed,2014-10-22,13:15,Ayacucho,2.0,Melgar,0.0,1527.0,Estadio Ciudad de Cumaná,Michael Espinoza,,https://fbref.com/en/matches/9536aaac/Ayacucho-Melgar-October-22-2014-Torneo-Descentralizado
Liga 1 de Fútbol Profesional,M,PER,2014,1st,Torneo Clausura,8,Wed,2014-10-22,15:30,León Huánuco,1.0,Sport Huancayo,0.0,364.0,Estadio Heraclio Tapia León,Joel Alarcón,,https://fbref.com/en/matches/1f682221/Leon-de-Huanuco-Sport-Huancayo-October-22-2014-Torneo-Descentralizado
Liga 1 de Fútbol Profesional,M,PER,2014,1st,Torneo Clausura,8,Wed,2014-10-22,17:45,U César Vallejo,3.0,Cienciano,2.0,1199.0,Estadio Mansiche,Renzo Castañeda,,https://fbref.com/en/matches/739e462b/Universidad-Cesar-Vallejo-Cienciano-October-22-2014-Torneo-Descentralizado
Liga 1 de Fútbol Profesional,M,PER,2014,1st,Torneo Clausura,8,Wed,2014-10-22,20:00,Alianza Lima,1.0,Universitario,0.0,20334.0,Estadio Nacional,Manuel Garay,,https://fbref.com/en/matches/f3b320f7/Alianza-Lima-Universitario-October-22-2014-Torneo-Descentralizado
Liga 1 de Fútbol Profesional,M,PER,2014,1st,Torneo Clausura,9,Sat,2014-10-25,12:45,Cienciano,4.0,León Huánuco,2.0,1999.0,Estadio Inca Garcilaso de la Vega,Miguel Santiváñez,,https://fbref.com/en/matches/edfa029b/Cienciano-Leon-de-Huanuco-October-25-2014-Torneo-Descentralizado
Liga 1 de Fútbol Profesional,M,PER,2014,1st,Torneo Clausura,9,Sat,2014-10-25,15:00,Sporting Cristal,4.0,U César Vallejo,1.0,3873.0,Estadio Alberto Gallardo,Roberto Mauro,,https://fbref.com/en/matches/0aa6e4f2/Sporting-Cristal-Universidad-Cesar-Vallejo-October-25-2014-Torneo-Descentralizado
Liga 1 de Fútbol Profesional,M,PER,2014,1st,Torneo Clausura,9,Sat,2014-10-25,17:30,Sport Huancayo,0.0,Alianza Lima,1.0,5700.0,Estadio Huancayo,Víctor Carrillo,,https://fbref.com/en/matches/255fa532/Sport-Huancayo-Alianza-Lima-October-25-2014-Torneo-Descentralizado
Liga 1 de Fútbol Profesional,M,PER,2014,1st,Torneo Clausura,9,Sun,2014-10-26,11:00,Melgar,2.0,Real Garcilaso,2.0,5236.0,Estadio de la Universidad Nacional San A...,Iván Chang,,https://fbref.com/en/matches/95560c7f/Melgar-Real-Garcilaso-October-26-2014-Torneo-Descentralizado
Liga 1 de Fútbol Profesional,M,PER,2014,1st,Torneo Clausura,9,Sun,2014-10-26,13:15,Unión Comercio,1.0,Juan Aurich,0.0,828.0,Estadio del IPD,Fredy Arellanos,,https://fbref.com/en/matches/1bcbfa66/Union-Comercio-Juan-Aurich-October-26-2014-Torneo-Descentralizado
Liga 1 de Fútbol Profesional,M,PER,2014,1st,Torneo Clausura,9,Sun,2014-10-26,16:00,Universitario,1.0,Ayacucho,1.0,6404.0,Estadio Monumental,Fernando Legario,,https://fbref.com/en/matches/ae18fb3f/Universitario-Ayacucho-October-26-2014-Torneo-Descentralizado
Liga 1 de Fútbol Profesional,M,PER,2014,1st,Torneo Clausura,9,Sun,2014-10-26,18:15,Los Caimanes,0.0,San Simón,2.0,131.0,Estadio Elías Aguirre,Luis Seminario,,https://fbref.com/en/matches/1f40157a/Los-Caimanes-San-Simon-October-26-2014-Torneo-Descentralizado
Liga 1 de Fútbol Profesional,M,PER,2014,1st,Torneo Clausura,9,Mon,2014-10-27,15:45,UTC,1.0,USMP,1.0,1477.0,Estadio Héroes de San Ramón,Ramón Blanco,,https://fbref.com/en/matches/442d9e3a/Universidad-Tecnica-de-Cajamarca-Universidad-San-Martin-October-27-2014-Torneo-Descentralizado
Liga 1 de Fútbol Profesional,M,PER,2014,1st,Torneo Clausura,10,Sat,2014-11-01,10:30,San Simón,1.0,Ayacucho,0.0,1663.0,Estadio 25 de Noviembre,Manuel Garay,,https://fbref.com/en/matches/864e7cbb/San-Simon-Ayacucho-November-1-2014-Torneo-Descentralizado
Liga 1 de Fútbol Profesional,M,PER,2014,1st,Torneo Clausura,10,Sat,2014-11-01,12:45,Real Garcilaso,2.0,Universitario,0.0,5110.0,Estadio Inca Garcilaso de la Vega,Diego Haro,,https://fbref.com/en/matches/113a8602/Real-Garcilaso-Universitario-November-1-2014-Torneo-Descentralizado
Liga 1 de Fútbol Profesional,M,PER,2014,1st,Torneo Clausura,10,Sat,2014-11-01,15:00,USMP,0.0,Melgar,2.0,591.0,Estadio Miguel Grau del Callao,Fredy Arellanos,,https://fbref.com/en/matches/1e3d89ba/Universidad-San-Martin-Melgar-November-1-2014-Torneo-Descentralizado
Liga 1 de Fútbol Profesional,M,PER,2014,1st,Torneo Clausura,10,Sat,2014-11-01,18:15,Juan Aurich,2.0,UTC,0.0,1511.0,Estadio Elías Aguirre,Eduardo Chirinos,,https://fbref.com/en/matches/a89a3f0a/Juan-Aurich-Universidad-Tecnica-de-Cajamarca-November-1-2014-Torneo-Descentralizado
Liga 1 de Fútbol Profesional,M,PER,2014,1st,Torneo Clausura,10,Sat,2014-11-01,20:30,U César Vallejo,2.0,Los Caimanes,3.0,1028.0,Estadio Mansiche,Yovany Quevedo Guerra,,https://fbref.com/en/matches/966ed200/Universidad-Cesar-Vallejo-Los-Caimanes-November-1-2014-Torneo-Descentralizado
Liga 1 de Fútbol Profesional,M,PER,2014,1st,Torneo Clausura,10,Sun,2014-11-02,11:00,Sport Huancayo,2.0,Unión Comercio,1.0,520.0,Estadio Huancayo,Henry Gambetta,,https://fbref.com/en/matches/5d3626cd/Sport-Huancayo-Union-Comercio-November-2-2014-Torneo-Descentralizado
Liga 1 de Fútbol Profesional,M,PER,2014,1st,Torneo Clausura,10,Sun,2014-11-02,13:15,León Huánuco,1.0,Sporting Cristal,3.0,1860.0,Estadio Heraclio Tapia León,Luis Garay Evia,,https://fbref.com/en/matches/557e0180/Leon-de-Huanuco-Sporting-Cristal-November-2-2014-Torneo-Descentralizado
Liga 1 de Fútbol Profesional,M,PER,2014,1st,Torneo Clausura,10,Sun,2014-11-02,16:00,Alianza Lima,5.0,Cienciano,0.0,5639.0,Estadio Alejandro Villanueva,Luis Seminario,,https://fbref.com/en/matches/d934de35/Alianza-Lima-Cienciano-November-2-2014-Torneo-Descentralizado
Liga 1 de Fútbol Profesional,M,PER,2014,1st,Torneo Clausura,6,Wed,2014-11-05,15:30,USMP,0.0,Sporting Cristal,1.0,1366.0,Estadio Miguel Grau del Callao,Ramón Blanco,,https://fbref.com/en/matches/a7f05450/Universidad-San-Martin-Sporting-Cristal-November-5-2014-Torneo-Descentralizado
Liga 1 de Fútbol Profesional,M,PER,2014,1st,Torneo Clausura,11,Thu,2014-11-06,15:45,UTC,3.0,San Simón,0.0,1877.0,Estadio Héroes de San Ramón,Michael Espinoza,,https://fbref.com/en/matches/69522ad4/Universidad-Tecnica-de-Cajamarca-San-Simon-November-6-2014-Torneo-Descentralizado
Liga 1 de Fútbol Profesional,M,PER,2014,1st,Torneo Clausura,11,Fri,2014-11-07,15:00,Cienciano,2.0,Sport Huancayo,0.0,2756.0,Estadio Inca Garcilaso de la Vega,Diego Haro,,https://fbref.com/en/matches/aad0bda7/Cienciano-Sport-Huancayo-November-7-2014-Torneo-Descentralizado
Liga 1 de Fútbol Profesional,M,PER,2014,1st,Torneo Clausura,11,Sat,2014-11-08,12:30,Unión Comercio,2.0,U César Vallejo,1.0,439.0,Estadio del IPD,Víctor Carrillo,,https://fbref.com/en/matches/a702272a/Union-Comercio-Universidad-Cesar-Vallejo-November-8-2014-Torneo-Descentralizado
Liga 1 de Fútbol Profesional,M,PER,2014,1st,Torneo Clausura,11,Sat,2014-11-08,15:00,Melgar,1.0,Juan Aurich,1.0,6377.0,Estadio de la Universidad Nacional San A...,Manuel Garay,,https://fbref.com/en/matches/21853eba/Melgar-Juan-Aurich-November-8-2014-Torneo-Descentralizado
Liga 1 de Fútbol Profesional,M,PER,2014,1st,Torneo Clausura,11,Sat,2014-11-08,17:15,Los Caimanes,3.0,León Huánuco,2.0,335.0,Estadio Elías Aguirre,Ramón Blanco,,https://fbref.com/en/matches/b8ad1e23/Los-Caimanes-Leon-de-Huanuco-November-8-2014-Torneo-Descentralizado
Liga 1 de Fútbol Profesional,M,PER,2014,1st,Torneo Clausura,11,Sun,2014-11-09,13:15,Ayacucho,2.0,Real Garcilaso,1.0,1755.0,Estadio Ciudad de Cumaná,Renzo Castañeda,,https://fbref.com/en/matches/89251e15/Ayacucho-Real-Garcilaso-November-9-2014-Torneo-Descentralizado
Liga 1 de Fútbol Profesional,M,PER,2014,1st,Torneo Clausura,11,Sun,2014-11-09,16:00,Universitario,3.0,USMP,1.0,6833.0,Estadio Monumental,Iván Chang,,https://fbref.com/en/matches/d9c5240c/Universitario-Universidad-San-Martin-November-9-2014-Torneo-Descentralizado
Liga 1 de Fútbol Profesional,M,PER,2014,1st,Torneo Clausura,12,Tue,2014-11-11,18:30,Sport Huancayo,1.0,Sporting Cristal,2.0,4182.0,Estadio Huancayo,Víctor Carrillo,,https://fbref.com/en/matches/ababa1a1/Sport-Huancayo-Sporting-Cristal-November-11-2014-Torneo-Descentralizado
Liga 1 de Fútbol Profesional,M,PER,2014,1st,Torneo Clausura,12,Wed,2014-11-12,11:00,Cienciano,1.0,UTC,1.0,3128.0,Estadio Inca Garcilaso de la Vega,Miguel Santiváñez,,https://fbref.com/en/matches/1873c941/Cienciano-Universidad-Tecnica-de-Cajamarca-November-12-2014-Torneo-Descentralizado
Liga 1 de Fútbol Profesional,M,PER,2014,1st,Torneo Clausura,12,Wed,2014-11-12,13:15,León Huánuco,2.0,Unión Comercio,0.0,637.0,Estadio Heraclio Tapia León,Eduardo Chirinos,,https://fbref.com/en/matches/82cc0da5/Leon-de-Huanuco-Union-Comercio-November-12-2014-Torneo-Descentralizado
Liga 1 de Fútbol Profesional,M,PER,2014,1st,Torneo Clausura,12,Wed,2014-11-12,15:30,Juan Aurich,1.0,Real Garcilaso,0.0,1281.0,Estadio Elías Aguirre,Jorge Panta,,https://fbref.com/en/matches/a58fed72/Juan-Aurich-Real-Garcilaso-November-12-2014-Torneo-Descentralizado
Liga 1 de Fútbol Profesional,M,PER,2014,1st,Torneo Clausura,12,Wed,2014-11-12,17:45,U César Vallejo,1.0,Melgar,2.0,1399.0,Estadio Mansiche,Luis Seminario,,https://fbref.com/en/matches/f850ef19/Universidad-Cesar-Vallejo-Melgar-November-12-2014-Torneo-Descentralizado
Liga 1 de Fútbol Profesional,M,PER,2014,1st,Torneo Clausura,12,Wed,2014-11-12,20:00,Alianza Lima,3.0,Los Caimanes,1.0,4947.0,Estadio Alejandro Villanueva,Henry Gambetta,,https://fbref.com/en/matches/68c7abbc/Alianza-Lima-Los-Caimanes-November-12-2014-Torneo-Descentralizado
Liga 1 de Fútbol Profesional,M,PER,2014,1st,Torneo Clausura,12,Thu,2014-11-13,13:15,San Simón,1.0,Universitario,1.0,2144.0,Estadio 25 de Noviembre,Fredy Arellanos,,https://fbref.com/en/matches/d021b803/San-Simon-Universitario-November-13-2014-Torneo-Descentralizado
Liga 1 de Fútbol Profesional,M,PER,2014,1st,Torneo Clausura,13,Sat,2014-11-15,15:00,Sporting Cristal,2.0,Cienciano,0.0,4284.0,Estadio Alberto Gallardo,Michael Espinoza,,https://fbref.com/en/matches/486936f4/Sporting-Cristal-Cienciano-November-15-2014-Torneo-Descentralizado
Liga 1 de Fútbol Profesional,M,PER,2014,1st,Torneo Clausura,13,Sun,2014-11-16,11:00,Ayacucho,3.0,Juan Aurich,1.0,1850.0,Estadio Ciudad de Cumaná,Yovany Quevedo Guerra,,https://fbref.com/en/matches/4e8abfee/Ayacucho-Juan-Aurich-November-16-2014-Torneo-Descentralizado
Liga 1 de Fútbol Profesional,M,PER,2014,1st,Torneo Clausura,13,Sun,2014-11-16,16:00,Universitario,1.0,U César Vallejo,2.0,5693.0,Estadio Monumental,Luis Garay Evia,,https://fbref.com/en/matches/584694cd/Universitario-Universidad-Cesar-Vallejo-November-16-2014-Torneo-Descentralizado
Liga 1 de Fútbol Profesional,M,PER,2014,1st,Torneo Clausura,13,Mon,2014-11-17,15:30,Melgar,2.0,San Simón,1.0,3471.0,Estadio de la Universidad Nacional San A...,Víctor Carrillo,,https://fbref.com/en/matches/d91b3ef2/Melgar-San-Simon-November-17-2014-Torneo-Descentralizado
Liga 1 de Fútbol Profesional,M,PER,2014,1st,Torneo Clausura,13,Mon,2014-11-17,17:45,Los Caimanes,0.0,Sport Huancayo,0.0,2786.0,Estadio Elías Aguirre,Manuel Garay,,https://fbref.com/en/matches/035402e9/Los-Caimanes-Sport-Huancayo-November-17-2014-Torneo-Descentralizado
Liga 1 de Fútbol Profesional,M,PER,2014,1st,Torneo Clausura,13,Tue,2014-11-18,15:45,UTC,0.0,León Huánuco,1.0,2586.0,Estadio Héroes de San Ramón,Diego Haro,,https://fbref.com/en/matches/a0b68de0/Universidad-Tecnica-de-Cajamarca-Leon-de-Huanuco-November-18-2014-Torneo-Descentralizado
Liga 1 de Fútbol Profesional,M,PER,2014,1st,Torneo Clausura,1,Thu,2014-11-20,15:30,U César Vallejo,1.0,USMP,0.0,1186.0,Estadio Mansiche,Michael Espinoza,,https://fbref.com/en/matches/4efac385/Universidad-Cesar-Vallejo-Universidad-San-Martin-November-20-2014-Torneo-Descentralizado
Liga 1 de Fútbol Profesional,M,PER,2014,1st,Torneo Clausura,11,Thu,2014-11-20,20:00,Sporting Cristal,3.0,Alianza Lima,2.0,29678.0,Estadio Nacional,Miguel Santiváñez,,https://fbref.com/en/matches/61ab66ed/Sporting-Cristal-Alianza-Lima-November-20-2014-Torneo-Descentralizado
Liga 1 de Fútbol Profesional,M,PER,2014,1st,Torneo Clausura,14,Sat,2014-11-22,10:30,San Simón,2.0,Real Garcilaso,2.0,916.0,Estadio 25 de Noviembre,Ramón Blanco,,https://fbref.com/en/matches/d59d55b6/San-Simon-Real-Garcilaso-November-22-2014-Torneo-Descentralizado
Liga 1 de Fútbol Profesional,M,PER,2014,1st,Torneo Clausura,14,Sat,2014-11-22,12:45,Cienciano,0.0,Los Caimanes,1.0,2128.0,Estadio Inca Garcilaso de la Vega,Diego Haro,,https://fbref.com/en/matches/494bc7ae/Cienciano-Los-Caimanes-November-22-2014-Torneo-Descentralizado
Liga 1 de Fútbol Profesional,M,PER,2014,1st,Torneo Clausura,14,Sat,2014-11-22,15:00,Sport Huancayo,3.0,Melgar,1.0,1153.0,Estadio Huancayo,Fredy Arellanos,,https://fbref.com/en/matches/30e5d5f8/Sport-Huancayo-Melgar-November-22-2014-Torneo-Descentralizado
Liga 1 de Fútbol Profesional,M,PER,2014,1st,Torneo Clausura,14,Sat,2014-11-22,20:00,U César Vallejo,3.0,Ayacucho,0.0,1212.0,Estadio Mansiche,Miguel Santiváñez,,https://fbref.com/en/matches/ded25c4f/Universidad-Cesar-Vallejo-Ayacucho-November-22-2014-Torneo-Descentralizado
Liga 1 de Fútbol Profesional,M,PER,2014,1st,Torneo Clausura,14,Sun,2014-11-23,11:00,Sporting Cristal,2.0,Unión Comercio,3.0,8443.0,Estadio Alberto Gallardo,Víctor Carrillo,,https://fbref.com/en/matches/f906a104/Sporting-Cristal-Union-Comercio-November-23-2014-Torneo-Descentralizado
Liga 1 de Fútbol Profesional,M,PER,2014,1st,Torneo Clausura,14,Sun,2014-11-23,13:15,León Huánuco,2.0,Universitario,0.0,7090.0,Estadio Heraclio Tapia León,Renzo Castañeda,,https://fbref.com/en/matches/f136a4fd/Leon-de-Huanuco-Universitario-November-23-2014-Torneo-Descentralizado
Liga 1 de Fútbol Profesional,M,PER,2014,1st,Torneo Clausura,14,Sun,2014-11-23,16:00,Alianza Lima,2.0,UTC,0.0,5163.0,Estadio Alejandro Villanueva,Eduardo Chirinos,,https://fbref.com/en/matches/72714073/Alianza-Lima-Universidad-Tecnica-de-Cajamarca-November-23-2014-Torneo-Descentralizado
Liga 1 de Fútbol Profesional,M,PER,2014,1st,Torneo Clausura,14,Sun,2014-11-23,18:15,Juan Aurich,1.0,USMP,1.0,1416.0,Estadio Elías Aguirre,Henry Gambetta,,https://fbref.com/en/matches/190d1512/Juan-Aurich-Universidad-San-Martin-November-23-2014-Torneo-Descentralizado
Liga 1 de Fútbol Profesional,M,PER,2014,1st,Torneo Clausura,13,Wed,2014-11-26,13:00,Unión Comercio,1.0,Alianza Lima,0.0,3259.0,Estadio del IPD,Fredy Arellanos,,https://fbref.com/en/matches/0d68add3/Union-Comercio-Alianza-Lima-November-26-2014-Torneo-Descentralizado
Liga 1 de Fútbol Profesional,M,PER,2014,1st,Torneo Clausura,12,Wed,2014-11-26,15:00,USMP,2.0,Ayacucho,1.0,292.0,Estadio Miguel Grau del Callao,Roberto Mauro,,https://fbref.com/en/matches/c46a867b/Universidad-San-Martin-Ayacucho-November-26-2014-Torneo-Descentralizado
Liga 1 de Fútbol Profesional,M,PER,2014,1st,Torneo Clausura,5,Wed,2014-11-26,15:30,León Huánuco,1.0,U César Vallejo,0.0,7590.0,Estadio Heraclio Tapia León,Luis Seminario,,https://fbref.com/en/matches/cefc2841/Leon-de-Huanuco-Universidad-Cesar-Vallejo-November-26-2014-Torneo-Descentralizado
Liga 1 de Fútbol Profesional,M,PER,2014,1st,Torneo Clausura,13,Fri,2014-11-28,15:00,Real Garcilaso,1.0,USMP,0.0,1230.0,Estadio Inca Garcilaso de la Vega,Miguel Santiváñez,,https://fbref.com/en/matches/eaae411d/Real-Garcilaso-Universidad-San-Martin-November-28-2014-Torneo-Descentralizado
Liga 1 de Fútbol Profesional,M,PER,2014,1st,Torneo Clausura,15,Sun,2014-11-30,15:30,Ayacucho,5.0,León Huánuco,2.0,1514.0,Estadio Ciudad de Cumaná,Eduardo Chirinos,,https://fbref.com/en/matches/402ce988/Ayacucho-Leon-de-Huanuco-November-30-2014-Torneo-Descentralizado
Liga 1 de Fútbol Profesional,M,PER,2014,1st,Torneo Clausura,15,Sun,2014-11-30,15:30,Melgar,2.0,Alianza Lima,3.0,22236.0,Estadio de la Universidad Nacional San A...,Víctor Carrillo,,https://fbref.com/en/matches/4296994d/Melgar-Alianza-Lima-November-30-2014-Torneo-Descentralizado
Liga 1 de Fútbol Profesional,M,PER,2014,1st,Torneo Clausura,15,Sun,2014-11-30,15:30,UTC,3.0,Sport Huancayo,1.0,9268.0,Estadio Héroes de San Ramón,Manuel Garay,,https://fbref.com/en/matches/6817db04/Universidad-Tecnica-de-Cajamarca-Sport-Huancayo-November-30-2014-Torneo-Descentralizado
Liga 1 de Fútbol Profesional,M,PER,2014,1st,Torneo Clausura,15,Sun,2014-11-30,15:30,Universitario,3.0,Juan Aurich,1.0,10264.0,Estadio Monumental,Fredy Arellanos,,https://fbref.com/en/matches/8a24f886/Universitario-Juan-Aurich-November-30-2014-Torneo-Descentralizado
Liga 1 de Fútbol Profesional,M,PER,2014,1st,Torneo Clausura,15,Sun,2014-11-30,15:30,USMP,6.0,San Simón,0.0,370.0,Estadio Miguel Grau del Callao,Michael Espinoza,,https://fbref.com/en/matches/9838c64b/Universidad-San-Martin-San-Simon-November-30-2014-Torneo-Descentralizado
Liga 1 de Fútbol Profesional,M,PER,2014,1st,Torneo Clausura,15,Sun,2014-11-30,15:30,Unión Comercio,3.0,Cienciano,0.0,1022.0,Estadio del IPD,Luis Garay Evia,,https://fbref.com/en/matches/cc9ed401/Union-Comercio-Cienciano-November-30-2014-Torneo-Descentralizado
Liga 1 de Fútbol Profesional,M,PER,2014,1st,Torneo Clausura,15,Sun,2014-11-30,15:30,Real Garcilaso,2.0,U César Vallejo,1.0,1624.0,Estadio Inca Garcilaso de la Vega,Renzo Castañeda,,https://fbref.com/en/matches/d30ce912/Real-Garcilaso-Universidad-Cesar-Vallejo-November-30-2014-Torneo-Descentralizado
Liga 1 de Fútbol Profesional,M,PER,2014,1st,Torneo Clausura,15,Sun,2014-11-30,15:30,Los Caimanes,1.0,Sporting Cristal,1.0,2445.0,Estadio Elías Aguirre,Miguel Santiváñez,,https://fbref.com/en/matches/e8642392/Los-Caimanes-Sporting-Cristal-November-30-2014-Torneo-Descentralizado
Liga 1 de Fútbol Profesional,M,PER,2014,1st,Clausura play-off,,Wed,2014-12-03,,Sporting Cristal,1.0,Alianza Lima,0.0,,Estadio de la Universidad Nacional San A... (Neutral Site),,,https://fbref.com/en/matches/1f5b23c3/Sporting-Cristal-Alianza-Lima-December-3-2014-Torneo-Descentralizado
Liga 1 de Fútbol Profesional,M,PER,2014,1st,Relegation play-off,,Thu,2014-12-04,15:00,Sport Huancayo,1.0,Los Caimanes,0.0,,Estadio Julio Lores Colán (Neutral Site),,Required Extra Time,https://fbref.com/en/matches/a9191f97/Sport-Huancayo-Los-Caimanes-December-4-2014-Torneo-Descentralizado
Liga 1 de Fútbol Profesional,M,PER,2014,1st,Championship play-off,,Sat,2014-12-13,,Juan Aurich,2.0,Sporting Cristal,2.0,,Estadio Elías Aguirre,,,https://fbref.com/en/matches/1e8f878f/Juan-Aurich-Sporting-Cristal-December-13-2014-Torneo-Descentralizado
Liga 1 de Fútbol Profesional,M,PER,2014,1st,Championship play-off,,Tue,2014-12-16,,Sporting Cristal,0.0,Juan Aurich,0.0,,Estadio Nacional,,,https://fbref.com/en/matches/443507a2/Sporting-Cristal-Juan-Aurich-December-16-2014-Torneo-Descentralizado
Liga 1 de Fútbol Profesional,M,PER,2014,1st,Championship play-off,,Sat,2014-12-20,,Sporting Cristal,3.0,Juan Aurich,2.0,,Estadio Mansiche (Neutral Site),,Required Extra Time,https://fbref.com/en/matches/be65f7a6/Sporting-Cristal-Juan-Aurich-December-20-2014-Torneo-Descentralizado
Liga 1 de Fútbol Profesional,M,PER,2015,1st,Torneo Apertura,1,Fri,2015-05-01,11:00,Cienciano,4.0,León Huánuco,2.0,3994.0,Estadio Inca Garcilaso de la Vega,José Martínez,,https://fbref.com/en/matches/64a61066/Cienciano-Leon-de-Huanuco-May-1-2015-Torneo-Descentralizado
Liga 1 de Fútbol Profesional,M,PER,2015,1st,Torneo Apertura,1,Fri,2015-05-01,13:15,Unión Comercio,1.0,Universitario,0.0,1959.0,Estadio del IPD,Joel Alarcón,,https://fbref.com/en/matches/cf51775f/Union-Comercio-Universitario-May-1-2015-Torneo-Descentralizado
Liga 1 de Fútbol Profesional,M,PER,2015,1st,Torneo Apertura,1,Fri,2015-05-01,15:30,Alianza Atlético,1.0,Sport Loreto,0.0,2648.0,Estadio Municipal El Coloso de la Fronte...,Renzo Castañeda,,https://fbref.com/en/matches/3add10c4/Alianza-Atletico-Sport-Loreto-May-1-2015-Torneo-Descentralizado
Liga 1 de Fútbol Profesional,M,PER,2015,1st,Torneo Apertura,1,Fri,2015-05-01,15:30,UTC,2.0,Real Garcilaso,3.0,3648.0,Estadio Héroes de San Ramón,Víctor Carrillo,,https://fbref.com/en/matches/7569027c/Universidad-Tecnica-de-Cajamarca-Real-Garcilaso-May-1-2015-Torneo-Descentralizado
Liga 1 de Fútbol Profesional,M,PER,2015,1st,Torneo Apertura,1,Sat,2015-05-02,12:30,Ayacucho,0.0,Sport Huancayo,1.0,2208.0,Estadio Ciudad de Cumaná,Michael Espinoza,,https://fbref.com/en/matches/b6bd755d/Ayacucho-Sport-Huancayo-May-2-2015-Torneo-Descentralizado
Liga 1 de Fútbol Profesional,M,PER,2015,1st,Torneo Apertura,1,Sat,2015-05-02,15:00,Dep Municipal,1.0,U César Vallejo,0.0,4866.0,Estadio Iván Elías Moreno,Diego Haro,,https://fbref.com/en/matches/50d31d72/Deportivo-Municipal-Universidad-Cesar-Vallejo-May-2-2015-Torneo-Descentralizado
Liga 1 de Fútbol Profesional,M,PER,2015,1st,Torneo Apertura,1,Sat,2015-05-02,19:00,Melgar,1.0,USMP,1.0,6052.0,Estadio de la Universidad Nacional San A...,Ramón Blanco,,https://fbref.com/en/matches/fcd9a19d/Melgar-Universidad-San-Martin-May-2-2015-Torneo-Descentralizado
Liga 1 de Fútbol Profesional,M,PER,2015,1st,Torneo Apertura,1,Sun,2015-05-03,16:00,Alianza Lima,0.0,Juan Aurich,1.0,4508.0,Estadio Alejandro Villanueva,Luis Garay Evia,,https://fbref.com/en/matches/ee06a51c/Alianza-Lima-Juan-Aurich-May-3-2015-Torneo-Descentralizado
Liga 1 de Fútbol Profesional,M,PER,2015,1st,Torneo Apertura,2,Tue,2015-05-05,13:15,Real Garcilaso,3.0,Ayacucho,2.0,913.0,Estadio Inca Garcilaso de la Vega,Henry Gambetta,,https://fbref.com/en/matches/df2780e2/Real-Garcilaso-Ayacucho-May-5-2015-Torneo-Descentralizado
Liga 1 de Fútbol Profesional,M,PER,2015,1st,Torneo Apertura,2,Tue,2015-05-05,15:30,Sporting Cristal,1.0,Unión Comercio,1.0,1015.0,Estadio Alberto Gallardo,Diego Haro,,https://fbref.com/en/matches/8a235b9b/Sporting-Cristal-Union-Comercio-May-5-2015-Torneo-Descentralizado
Liga 1 de Fútbol Profesional,M,PER,2015,1st,Torneo Apertura,2,Tue,2015-05-05,17:45,Sport Loreto,2.0,UTC,1.0,5181.0,Estadio Aliardo Soria Pérez,Giuliano Rodríguez,,https://fbref.com/en/matches/27f272b4/Sport-Loreto-Universidad-Tecnica-de-Cajamarca-May-5-2015-Torneo-Descentralizado
Liga 1 de Fútbol Profesional,M,PER,2015,1st,Torneo Apertura,2,Tue,2015-05-05,20:00,Universitario,1.0,Alianza Atlético,1.0,2547.0,Estadio Monumental,Víctor Carrillo,,https://fbref.com/en/matches/c3fc3098/Universitario-Alianza-Atletico-May-5-2015-Torneo-Descentralizado
Liga 1 de Fútbol Profesional,M,PER,2015,1st,Torneo Apertura,2,Wed,2015-05-06,13:15,León Huánuco,0.0,Melgar,3.0,1443.0,Estadio Heraclio Tapia León,Luis Garay Evia,,https://fbref.com/en/matches/dc1faecc/Leon-de-Huanuco-Melgar-May-6-2015-Torneo-Descentralizado
Liga 1 de Fútbol Profesional,M,PER,2015,1st,Torneo Apertura,2,Wed,2015-05-06,15:30,Sport Huancayo,0.0,Cienciano,0.0,1232.0,Estadio Huancayo,Micke Palomino,,https://fbref.com/en/matches/a30af055/Sport-Huancayo-Cienciano-May-6-2015-Torneo-Descentralizado
Liga 1 de Fútbol Profesional,M,PER,2015,1st,Torneo Apertura,2,Wed,2015-05-06,17:45,Juan Aurich,1.0,Dep Municipal,1.0,1695.0,Estadio Elías Aguirre,Eduardo Chirinos,,https://fbref.com/en/matches/44f80147/Juan-Aurich-Deportivo-Municipal-May-6-2015-Torneo-Descentralizado
Liga 1 de Fútbol Profesional,M,PER,2015,1st,Torneo Apertura,2,Wed,2015-05-06,20:00,USMP,2.0,Alianza Lima,3.0,953.0,Estadio Alberto Gallardo,Michael Espinoza,,https://fbref.com/en/matches/4323d313/Universidad-San-Martin-Alianza-Lima-May-6-2015-Torneo-Descentralizado
Liga 1 de Fútbol Profesional,M,PER,2015,1st,Torneo Apertura,3,Fri,2015-05-08,15:30,Alianza Atlético,1.0,Sporting Cristal,1.0,3245.0,Estadio Miguel Grau del Callao,Luis Garay Evia,,https://fbref.com/en/matches/0b5bdc90/Alianza-Atletico-Sporting-Cristal-May-8-2015-Torneo-Descentralizado
Liga 1 de Fútbol Profesional,M,PER,2015,1st,Torneo Apertura,3,Sat,2015-05-09,12:30,Ayacucho,1.0,Sport Loreto,0.0,1189.0,Estadio Ciudad de Cumaná,Wilfredo Blas,,https://fbref.com/en/matches/8a3f59af/Ayacucho-Sport-Loreto-May-9-2015-Torneo-Descentralizado
Liga 1 de Fútbol Profesional,M,PER,2015,1st,Torneo Apertura,3,Sat,2015-05-09,15:00,Dep Municipal,2.0,USMP,0.0,3824.0,Estadio Iván Elías Moreno,Iván Chang,,https://fbref.com/en/matches/6784bff6/Deportivo-Municipal-Universidad-San-Martin-May-9-2015-Torneo-Descentralizado
Liga 1 de Fútbol Profesional,M,PER,2015,1st,Torneo Apertura,3,Sat,2015-05-09,17:45,U César Vallejo,2.0,Juan Aurich,0.0,1913.0,Estadio Mansiche,Jorge Panta,,https://fbref.com/en/matches/b67aeff9/Universidad-Cesar-Vallejo-Juan-Aurich-May-9-2015-Torneo-Descentralizado
Liga 1 de Fútbol Profesional,M,PER,2015,1st,Torneo Apertura,3,Sat,2015-05-09,20:00,Alianza Lima,1.0,León Huánuco,0.0,3132.0,Estadio Alejandro Villanueva,Luis Seminario,,https://fbref.com/en/matches/67e67159/Alianza-Lima-Leon-de-Huanuco-May-9-2015-Torneo-Descentralizado
Liga 1 de Fútbol Profesional,M,PER,2015,1st,Torneo Apertura,3,Sun,2015-05-10,11:15,Cienciano,1.0,Real Garcilaso,1.0,11520.0,Estadio Inca Garcilaso de la Vega,Fernando Legario,,https://fbref.com/en/matches/bc400628/Cienciano-Real-Garcilaso-May-10-2015-Torneo-Descentralizado
Liga 1 de Fútbol Profesional,M,PER,2015,1st,Torneo Apertura,3,Sun,2015-05-10,13:30,Melgar,1.0,Sport Huancayo,0.0,3142.0,Estadio de la Universidad Nacional San A...,Yovany Quevedo Guerra,,https://fbref.com/en/matches/4985be51/Melgar-Sport-Huancayo-May-10-2015-Torneo-Descentralizado
Liga 1 de Fútbol Profesional,M,PER,2015,1st,Torneo Apertura,3,Sun,2015-05-10,16:00,UTC,2.0,Universitario,0.0,3054.0,Estadio Héroes de San Ramón,Henry Gambetta,,https://fbref.com/en/matches/e23b5397/Universidad-Tecnica-de-Cajamarca-Universitario-May-10-2015-Torneo-Descentralizado
Liga 1 de Fútbol Profesional,M,PER,2015,1st,Torneo Apertura,4,Tue,2015-05-12,13:15,Unión Comercio,5.0,Alianza Atlético,2.0,380.0,Estadio del IPD,Kevin Ortega,,https://fbref.com/en/matches/e29fb7e0/Union-Comercio-Alianza-Atletico-May-12-2015-Torneo-Descentralizado
Liga 1 de Fútbol Profesional,M,PER,2015,1st,Torneo Apertura,4,Tue,2015-05-12,15:30,León Huánuco,1.0,Dep Municipal,1.0,1390.0,Estadio Heraclio Tapia León,Joel Alarcón,,https://fbref.com/en/matches/6d9f7adb/Leon-de-Huanuco-Deportivo-Municipal-May-12-2015-Torneo-Descentralizado
Liga 1 de Fútbol Profesional,M,PER,2015,1st,Torneo Apertura,4,Tue,2015-05-12,17:45,USMP,3.0,U César Vallejo,2.0,350.0,Estadio Miguel Grau del Callao,Renzo Castañeda,,https://fbref.com/en/matches/4e686375/Universidad-San-Martin-Universidad-Cesar-Vallejo-May-12-2015-Torneo-Descentralizado
Liga 1 de Fútbol Profesional,M,PER,2015,1st,Torneo Apertura,4,Wed,2015-05-13,11:00,Sport Huancayo,1.0,Alianza Lima,1.0,4320.0,Estadio Huancayo,Luis Garay Evia,,https://fbref.com/en/matches/7bd76637/Sport-Huancayo-Alianza-Lima-May-13-2015-Torneo-Descentralizado
Liga 1 de Fútbol Profesional,M,PER,2015,1st,Torneo Apertura,4,Wed,2015-05-13,13:15,Real Garcilaso,1.0,Melgar,0.0,1574.0,Estadio Inca Garcilaso de la Vega,Luis Seminario,,https://fbref.com/en/matches/efcdcb56/Real-Garcilaso-Melgar-May-13-2015-Torneo-Descentralizado
Liga 1 de Fútbol Profesional,M,PER,2015,1st,Torneo Apertura,4,Wed,2015-05-13,15:30,Sporting Cristal,3.0,UTC,2.0,1075.0,Estadio Alberto Gallardo,Eduardo Chirinos,,https://fbref.com/en/matches/3f7c8e19/Sporting-Cristal-Universidad-Tecnica-de-Cajamarca-May-13-2015-Torneo-Descentralizado
Liga 1 de Fútbol Profesional,M,PER,2015,1st,Torneo Apertura,4,Wed,2015-05-13,17:45,Sport Loreto,1.0,Cienciano,0.0,6704.0,Estadio Aliardo Soria Pérez,Iván Chang,,https://fbref.com/en/matches/7341fcc6/Sport-Loreto-Cienciano-May-13-2015-Torneo-Descentralizado
Liga 1 de Fútbol Profesional,M,PER,2015,1st,Torneo Apertura,4,Wed,2015-05-13,20:00,Universitario,2.0,Ayacucho,0.0,3162.0,Estadio Monumental,Michael Espinoza,,https://fbref.com/en/matches/30b191eb/Universitario-Ayacucho-May-13-2015-Torneo-Descentralizado
Liga 1 de Fútbol Profesional,M,PER,2015,1st,Torneo Apertura,5,Fri,2015-05-15,15:30,Juan Aurich,1.0,USMP,0.0,2127.0,Estadio César Flores Marigorda,Luis Seminario,,https://fbref.com/en/matches/c62d9faa/Juan-Aurich-Universidad-San-Martin-May-15-2015-Torneo-Descentralizado
Liga 1 de Fútbol Profesional,M,PER,2015,1st,Torneo Apertura,5,Sat,2015-05-16,12:30,Cienciano,1.0,Universitario,0.0,7207.0,Estadio Inca Garcilaso de la Vega,Eduardo Chirinos,,https://fbref.com/en/matches/3a9177bd/Cienciano-Universitario-May-16-2015-Torneo-Descentralizado
Liga 1 de Fútbol Profesional,M,PER,2015,1st,Torneo Apertura,5,Sat,2015-05-16,15:00,Dep Municipal,3.0,Sport Huancayo,3.0,2661.0,Estadio Iván Elías Moreno,Fernando Legario,,https://fbref.com/en/matches/70bf8e2f/Deportivo-Municipal-Sport-Huancayo-May-16-2015-Torneo-Descentralizado
Liga 1 de Fútbol Profesional,M,PER,2015,1st,Torneo Apertura,5,Sat,2015-05-16,20:00,U César Vallejo,2.0,León Huánuco,2.0,1866.0,Estadio Mansiche,Luis Garay Evia,,https://fbref.com/en/matches/3f6bfde8/Universidad-Cesar-Vallejo-Leon-de-Huanuco-May-16-2015-Torneo-Descentralizado
Liga 1 de Fútbol Profesional,M,PER,2015,1st,Torneo Apertura,5,Sun,2015-05-17,11:15,Ayacucho,1.0,Sporting Cristal,2.0,3311.0,Estadio Ciudad de Cumaná,Miguel Santiváñez,,https://fbref.com/en/matches/cce6bf8a/Ayacucho-Sporting-Cristal-May-17-2015-Torneo-Descentralizado
Liga 1 de Fútbol Profesional,M,PER,2015,1st,Torneo Apertura,5,Sun,2015-05-17,13:30,Melgar,2.0,Sport Loreto,2.0,3011.0,Estadio de la Universidad Nacional San A...,Michael Espinoza,,https://fbref.com/en/matches/dd3525a9/Melgar-Sport-Loreto-May-17-2015-Torneo-Descentralizado
Liga 1 de Fútbol Profesional,M,PER,2015,1st,Torneo Apertura,5,Sun,2015-05-17,15:30,UTC,4.0,Unión Comercio,2.0,3172.0,Estadio Héroes de San Ramón,Joel Alarcón,,https://fbref.com/en/matches/c7c6f671/Universidad-Tecnica-de-Cajamarca-Union-Comercio-May-17-2015-Torneo-Descentralizado
Liga 1 de Fútbol Profesional,M,PER,2015,1st,Torneo Apertura,5,Sun,2015-05-17,16:00,Alianza Lima,0.0,Real Garcilaso,1.0,5423.0,Estadio Alejandro Villanueva,Ramón Blanco,,https://fbref.com/en/matches/9cca8081/Alianza-Lima-Real-Garcilaso-May-17-2015-Torneo-Descentralizado
Liga 1 de Fútbol Profesional,M,PER,2015,1st,Torneo Apertura,6,Tue,2015-05-19,13:15,León Huánuco,0.0,Juan Aurich,2.0,1175.0,Estadio Heraclio Tapia León,Micke Palomino,,https://fbref.com/en/matches/2243d752/Leon-de-Huanuco-Juan-Aurich-May-19-2015-Torneo-Descentralizado
Liga 1 de Fútbol Profesional,M,PER,2015,1st,Torneo Apertura,6,Tue,2015-05-19,15:15,Sport Huancayo,1.0,U César Vallejo,1.0,930.0,Estadio Huancayo,Renzo Castañeda,,https://fbref.com/en/matches/b254018c/Sport-Huancayo-Universidad-Cesar-Vallejo-May-19-2015-Torneo-Descentralizado
Liga 1 de Fútbol Profesional,M,PER,2015,1st,Torneo Apertura,6,Tue,2015-05-19,20:00,Universitario,0.0,Melgar,0.0,4807.0,Estadio Monumental,Diego Haro,,https://fbref.com/en/matches/4ce00c4f/Universitario-Melgar-May-19-2015-Torneo-Descentralizado
Liga 1 de Fútbol Profesional,M,PER,2015,1st,Torneo Apertura,6,Wed,2015-05-20,11:15,Alianza Atlético,2.0,UTC,0.0,681.0,Estadio Municipal El Coloso de la Fronte...,Kevin Ortega,,https://fbref.com/en/matches/1e04019e/Alianza-Atletico-Universidad-Tecnica-de-Cajamarca-May-20-2015-Torneo-Descentralizado
Liga 1 de Fútbol Profesional,M,PER,2015,1st,Torneo Apertura,6,Wed,2015-05-20,13:15,Unión Comercio,1.0,Ayacucho,1.0,437.0,Estadio del IPD,Jorge Panta,,https://fbref.com/en/matches/bec568e9/Union-Comercio-Ayacucho-May-20-2015-Torneo-Descentralizado
Liga 1 de Fútbol Profesional,M,PER,2015,1st,Torneo Apertura,6,Wed,2015-05-20,15:30,Real Garcilaso,1.0,Dep Municipal,0.0,2520.0,Estadio Inca Garcilaso de la Vega,Henry Gambetta,,https://fbref.com/en/matches/74344e1c/Real-Garcilaso-Deportivo-Municipal-May-20-2015-Torneo-Descentralizado
Liga 1 de Fútbol Profesional,M,PER,2015,1st,Torneo Apertura,6,Wed,2015-05-20,15:30,Sporting Cristal,3.0,Cienciano,2.0,1833.0,Estadio Alberto Gallardo,Víctor Carrillo,,https://fbref.com/en/matches/f0d63e8a/Sporting-Cristal-Cienciano-May-20-2015-Torneo-Descentralizado
Liga 1 de Fútbol Profesional,M,PER,2015,1st,Torneo Apertura,6,Wed,2015-05-20,20:00,Sport Loreto,1.0,Alianza Lima,0.0,13201.0,Estadio Aliardo Soria Pérez,Joel Alarcón,,https://fbref.com/en/matches/337c8bbe/Sport-Loreto-Alianza-Lima-May-20-2015-Torneo-Descentralizado
Liga 1 de Fútbol Profesional,M,PER,2015,1st,Torneo Apertura,7,Fri,2015-05-22,20:00,USMP,3.0,León Huánuco,1.0,367.0,Estadio Miguel Grau del Callao,Henry Gambetta,,https://fbref.com/en/matches/6e1e5f79/Universidad-San-Martin-Leon-de-Huanuco-May-22-2015-Torneo-Descentralizado
Liga 1 de Fútbol Profesional,M,PER,2015,1st,Torneo Apertura,7,Sat,2015-05-23,12:30,Ayacucho,2.0,Alianza Atlético,1.0,1207.0,Estadio Ciudad de Cumaná,José Martínez,,https://fbref.com/en/matches/251a2575/Ayacucho-Alianza-Atletico-May-23-2015-Torneo-Descentralizado
Liga 1 de Fútbol Profesional,M,PER,2015,1st,Torneo Apertura,7,Sat,2015-05-23,15:00,Melgar,0.0,Sporting Cristal,0.0,11225.0,Estadio de la Universidad Nacional San A...,Miguel Santiváñez,,https://fbref.com/en/matches/4cd2bffc/Melgar-Sporting-Cristal-May-23-2015-Torneo-Descentralizado
Liga 1 de Fútbol Profesional,M,PER,2015,1st,Torneo Apertura,7,Sun,2015-05-24,11:15,Cienciano,3.0,Unión Comercio,2.0,3440.0,Estadio Inca Garcilaso de la Vega,Manuel Garay,,https://fbref.com/en/matches/88bdaa71/Cienciano-Union-Comercio-May-24-2015-Torneo-Descentralizado
Liga 1 de Fútbol Profesional,M,PER,2015,1st,Torneo Apertura,7,Sun,2015-05-24,13:30,U César Vallejo,2.0,Real Garcilaso,0.0,3719.0,Estadio Mansiche,Diego Haro,,https://fbref.com/en/matches/ce4efe05/Universidad-Cesar-Vallejo-Real-Garcilaso-May-24-2015-Torneo-Descentralizado
Liga 1 de Fútbol Profesional,M,PER,2015,1st,Torneo Apertura,7,Sun,2015-05-24,15:30,Dep Municipal,0.0,Sport Loreto,0.0,3147.0,Estadio Iván Elías Moreno,Yovany Quevedo Guerra,,https://fbref.com/en/matches/ee524cb6/Deportivo-Municipal-Sport-Loreto-May-24-2015-Torneo-Descentralizado
Liga 1 de Fútbol Profesional,M,PER,2015,1st,Torneo Apertura,7,Sun,2015-05-24,18:00,Alianza Lima,1.0,Universitario,0.0,7968.0,Estadio Alejandro Villanueva,Víctor Carrillo,,https://fbref.com/en/matches/aa5b228f/Alianza-Lima-Universitario-May-24-2015-Torneo-Descentralizado
Liga 1 de Fútbol Profesional,M,PER,2015,1st,Torneo Apertura,7,Mon,2015-05-25,12:30,Juan Aurich,4.0,Sport Huancayo,0.0,1746.0,Estadio Elías Aguirre,Ramón Blanco,,https://fbref.com/en/matches/ea9ea450/Juan-Aurich-Sport-Huancayo-May-25-2015-Torneo-Descentralizado
Liga 1 de Fútbol Profesional,M,PER,2015,1st,Torneo Apertura,8,Fri,2015-07-03,13:15,Sport Huancayo,2.0,USMP,1.0,814.0,Estadio Huancayo,Joel Alarcón,,https://fbref.com/en/matches/275ed7e7/Sport-Huancayo-Universidad-San-Martin-July-3-2015-Torneo-Descentralizado
Liga 1 de Fútbol Profesional,M,PER,2015,1st,Torneo Apertura,8,Fri,2015-07-03,15:30,UTC,1.0,Ayacucho,0.0,1505.0,Estadio Héroes de San Ramón,Ramón Blanco,,https://fbref.com/en/matches/32f24775/Universidad-Tecnica-de-Cajamarca-Ayacucho-July-3-2015-Torneo-Descentralizado
Liga 1 de Fútbol Profesional,M,PER,2015,1st,Torneo Apertura,8,Sat,2015-07-04,12:30,Alianza Atlético,3.0,Cienciano,2.0,100.0,Estadio Miguel Grau del Callao,Eduardo Chirinos,,https://fbref.com/en/matches/82f2d4f2/Alianza-Atletico-Cienciano-July-4-2015-Torneo-Descentralizado
Liga 1 de Fútbol Profesional,M,PER,2015,1st,Torneo Apertura,8,Sat,2015-07-04,17:45,Sport Loreto,1.0,U César Vallejo,1.0,3153.0,Estadio Aliardo Soria Pérez,Manuel Garay,,https://fbref.com/en/matches/e11e1aa9/Sport-Loreto-Universidad-Cesar-Vallejo-July-4-2015-Torneo-Descentralizado
Liga 1 de Fútbol Profesional,M,PER,2015,1st,Torneo Apertura,8,Sat,2015-07-04,20:00,Universitario,0.0,Dep Municipal,1.0,6762.0,Estadio Monumental,Michael Espinoza,,https://fbref.com/en/matches/b273c475/Universitario-Deportivo-Municipal-July-4-2015-Torneo-Descentralizado
Liga 1 de Fútbol Profesional,M,PER,2015,1st,Torneo Apertura,8,Sun,2015-07-05,11:15,Real Garcilaso,2.0,Juan Aurich,1.0,935.0,Estadio Inca Garcilaso de la Vega,Henry Gambetta,,https://fbref.com/en/matches/9540fc55/Real-Garcilaso-Juan-Aurich-July-5-2015-Torneo-Descentralizado
Liga 1 de Fútbol Profesional,M,PER,2015,1st,Torneo Apertura,8,Sun,2015-07-05,13:30,Unión Comercio,1.0,Melgar,0.0,448.0,Estadio del IPD,Luis Garay Evia,,https://fbref.com/en/matches/5a3885ed/Union-Comercio-Melgar-July-5-2015-Torneo-Descentralizado
Liga 1 de Fútbol Profesional,M,PER,2015,1st,Torneo Apertura,8,Sun,2015-07-05,16:00,Sporting Cristal,1.0,Alianza Lima,3.0,7149.0,Estadio Alberto Gallardo,Diego Haro,,https://fbref.com/en/matches/2a3d5233/Sporting-Cristal-Alianza-Lima-July-5-2015-Torneo-Descentralizado
Liga 1 de Fútbol Profesional,M,PER,2015,1st,Torneo Apertura,9,Fri,2015-07-10,20:05,USMP,2.0,Real Garcilaso,0.0,426.0,Estadio Miguel Grau del Callao,Luis Seminario,,https://fbref.com/en/matches/b4036ed7/Universidad-San-Martin-Real-Garcilaso-July-10-2015-Torneo-Descentralizado
Liga 1 de Fútbol Profesional,M,PER,2015,1st,Torneo Apertura,9,Sat,2015-07-11,12:30,Juan Aurich,0.0,Sport Loreto,0.0,1468.0,Estadio César Flores Marigorda,Micke Palomino,,https://fbref.com/en/matches/cb5ea035/Juan-Aurich-Sport-Loreto-July-11-2015-Torneo-Descentralizado
Liga 1 de Fútbol Profesional,M,PER,2015,1st,Torneo Apertura,9,Sat,2015-07-11,15:00,Dep Municipal,1.0,Sporting Cristal,0.0,7989.0,Estadio Iván Elías Moreno,Iván Chang,,https://fbref.com/en/matches/6b22f946/Deportivo-Municipal-Sporting-Cristal-July-11-2015-Torneo-Descentralizado
Liga 1 de Fútbol Profesional,M,PER,2015,1st,Torneo Apertura,9,Sat,2015-07-11,17:45,León Huánuco,0.0,Sport Huancayo,1.0,212.0,Estadio Heraclio Tapia León,Roberto Mauro,,https://fbref.com/en/matches/beb44480/Leon-de-Huanuco-Sport-Huancayo-July-11-2015-Torneo-Descentralizado
Liga 1 de Fútbol Profesional,M,PER,2015,1st,Torneo Apertura,9,Sat,2015-07-11,20:00,U César Vallejo,4.0,Universitario,2.0,3201.0,Estadio Mansiche,Miguel Santiváñez,,https://fbref.com/en/matches/6dfe8a5d/Universidad-Cesar-Vallejo-Universitario-July-11-2015-Torneo-Descentralizado
Liga 1 de Fútbol Profesional,M,PER,2015,1st,Torneo Apertura,9,Sun,2015-07-12,11:15,Cienciano,2.0,UTC,0.0,3423.0,Estadio Inca Garcilaso de la Vega,Jorge Panta,,https://fbref.com/en/matches/c3b2ace7/Cienciano-Universidad-Tecnica-de-Cajamarca-July-12-2015-Torneo-Descentralizado
Liga 1 de Fútbol Profesional,M,PER,2015,1st,Torneo Apertura,9,Sun,2015-07-12,13:30,Melgar,2.0,Alianza Atlético,1.0,1298.0,Estadio de la Universidad Nacional San A...,Renzo Castañeda,,https://fbref.com/en/matches/78400bcc/Melgar-Alianza-Atletico-July-12-2015-Torneo-Descentralizado
Liga 1 de Fútbol Profesional,M,PER,2015,1st,Torneo Apertura,9,Mon,2015-07-13,16:00,Alianza Lima,3.0,Unión Comercio,0.0,4059.0,Estadio Alejandro Villanueva,Yovany Quevedo Guerra,,https://fbref.com/en/matches/4064c8dc/Alianza-Lima-Union-Comercio-July-13-2015-Torneo-Descentralizado
Liga 1 de Fútbol Profesional,M,PER,2015,1st,Torneo Apertura,10,Tue,2015-07-14,13:15,Real Garcilaso,1.0,León Huánuco,2.0,835.0,Estadio Inca Garcilaso de la Vega,Michael Espinoza,,https://fbref.com/en/matches/2eaadf8e/Real-Garcilaso-Leon-de-Huanuco-July-14-2015-Torneo-Descentralizado
Liga 1 de Fútbol Profesional,M,PER,2015,1st,Torneo Apertura,10,Tue,2015-07-14,15:30,Sporting Cristal,1.0,U César Vallejo,2.0,1291.0,Estadio Alberto Gallardo,Ramón Blanco,,https://fbref.com/en/matches/29368d95/Sporting-Cristal-Universidad-Cesar-Vallejo-July-14-2015-Torneo-Descentralizado
Liga 1 de Fútbol Profesional,M,PER,2015,1st,Torneo Apertura,10,Tue,2015-07-14,17:45,Sport Loreto,4.0,USMP,1.0,6801.0,Estadio Aliardo Soria Pérez,Henry Gambetta,,https://fbref.com/en/matches/a1d0cec2/Sport-Loreto-Universidad-San-Martin-July-14-2015-Torneo-Descentralizado
Liga 1 de Fútbol Profesional,M,PER,2015,1st,Torneo Apertura,10,Tue,2015-07-14,20:00,Universitario,1.0,Juan Aurich,1.0,4930.0,Estadio Monumental,Luis Garay Evia,,https://fbref.com/en/matches/c6e27191/Universitario-Juan-Aurich-July-14-2015-Torneo-Descentralizado
Liga 1 de Fútbol Profesional,M,PER,2015,1st,Torneo Apertura,10,Wed,2015-07-15,13:30,Unión Comercio,0.0,Dep Municipal,0.0,423.0,Estadio del IPD,Fernando Legario,,https://fbref.com/en/matches/3e89dd9b/Union-Comercio-Deportivo-Municipal-July-15-2015-Torneo-Descentralizado
Liga 1 de Fútbol Profesional,M,PER,2015,1st,Torneo Apertura,10,Wed,2015-07-15,13:30,Ayacucho,0.0,Cienciano,0.0,1007.0,Estadio Ciudad de Cumaná,Giuliano Rodríguez,,https://fbref.com/en/matches/c2fd258c/Ayacucho-Cienciano-July-15-2015-Torneo-Descentralizado
Liga 1 de Fútbol Profesional,M,PER,2015,1st,Torneo Apertura,10,Wed,2015-07-15,15:30,UTC,0.0,Melgar,0.0,1961.0,Estadio Héroes de San Ramón,Manuel Garay,,https://fbref.com/en/matches/2c795ae3/Universidad-Tecnica-de-Cajamarca-Melgar-July-15-2015-Torneo-Descentralizado
Liga 1 de Fútbol Profesional,M,PER,2015,1st,Torneo Apertura,10,Thu,2015-07-16,13:00,Alianza Atlético,0.0,Alianza Lima,1.0,1951.0,Estadio Heraclio Tapia León,Joel Alarcón,,https://fbref.com/en/matches/86d928b4/Alianza-Atletico-Alianza-Lima-July-16-2015-Torneo-Descentralizado
Liga 1 de Fútbol Profesional,M,PER,2015,1st,Torneo Apertura,11,Fri,2015-07-17,15:30,Juan Aurich,1.0,Sporting Cristal,2.0,1767.0,Estadio César Flores Marigorda,Henry Gambetta,,https://fbref.com/en/matches/ae1092f6/Juan-Aurich-Sporting-Cristal-July-17-2015-Torneo-Descentralizado
Liga 1 de Fútbol Profesional,M,PER,2015,1st,Torneo Apertura,11,Sat,2015-07-18,12:30,Sport Huancayo,1.0,Real Garcilaso,1.0,1292.0,Estadio Huancayo,Kevin Ortega,,https://fbref.com/en/matches/adf7102c/Sport-Huancayo-Real-Garcilaso-July-18-2015-Torneo-Descentralizado
Liga 1 de Fútbol Profesional,M,PER,2015,1st,Torneo Apertura,11,Sat,2015-07-18,15:00,Dep Municipal,2.0,Alianza Atlético,0.0,1992.0,Estadio Iván Elías Moreno,Ramón Blanco,,https://fbref.com/en/matches/b7e5068b/Deportivo-Municipal-Alianza-Atletico-July-18-2015-Torneo-Descentralizado
Liga 1 de Fútbol Profesional,M,PER,2015,1st,Torneo Apertura,11,Sat,2015-07-18,20:00,USMP,0.0,Universitario,1.0,3136.0,Estadio Alberto Gallardo,Manuel Garay,,https://fbref.com/en/matches/3921df56/Universidad-San-Martin-Universitario-July-18-2015-Torneo-Descentralizado
Liga 1 de Fútbol Profesional,M,PER,2015,1st,Torneo Apertura,11,Sun,2015-07-19,11:15,León Huánuco,2.0,Sport Loreto,1.0,1861.0,Estadio Heraclio Tapia León,José Martínez,,https://fbref.com/en/matches/c847c1c8/Leon-de-Huanuco-Sport-Loreto-July-19-2015-Torneo-Descentralizado
Liga 1 de Fútbol Profesional,M,PER,2015,1st,Torneo Apertura,11,Sun,2015-07-19,13:30,Melgar,1.0,Ayacucho,0.0,1967.0,Estadio de la Universidad Nacional San A...,Michael Espinoza,,https://fbref.com/en/matches/caddfff9/Melgar-Ayacucho-July-19-2015-Torneo-Descentralizado
Liga 1 de Fútbol Profesional,M,PER,2015,1st,Torneo Apertura,11,Sun,2015-07-19,16:00,Alianza Lima,4.0,UTC,1.0,6791.0,Estadio Alejandro Villanueva,Renzo Castañeda,,https://fbref.com/en/matches/b860a717/Alianza-Lima-Universidad-Tecnica-de-Cajamarca-July-19-2015-Torneo-Descentralizado
Liga 1 de Fútbol Profesional,M,PER,2015,1st,Torneo Apertura,11,Sun,2015-07-19,18:15,U César Vallejo,0.0,Unión Comercio,1.0,1850.0,Estadio Mansiche,Eduardo Chirinos,,https://fbref.com/en/matches/578be698/Universidad-Cesar-Vallejo-Union-Comercio-July-19-2015-Torneo-Descentralizado
Liga 1 de Fútbol Profesional,M,PER,2015,1st,Torneo Apertura,12,Fri,2015-07-24,13:15,Alianza Atlético,1.0,U César Vallejo,1.0,408.0,Estadio Miguel Grau del Callao,Michael Espinoza,,https://fbref.com/en/matches/57f9b970/Alianza-Atletico-Universidad-Cesar-Vallejo-July-24-2015-Torneo-Descentralizado
Liga 1 de Fútbol Profesional,M,PER,2015,1st,Torneo Apertura,12,Fri,2015-07-24,15:15,UTC,2.0,Dep Municipal,3.0,2768.0,Estadio Héroes de San Ramón,Joel Alarcón,,https://fbref.com/en/matches/255ebde1/Universidad-Tecnica-de-Cajamarca-Deportivo-Municipal-July-24-2015-Torneo-Descentralizado
Liga 1 de Fútbol Profesional,M,PER,2015,1st,Torneo Apertura,12,Sat,2015-07-25,12:30,Unión Comercio,3.0,Juan Aurich,1.0,718.0,Estadio del IPD,Luis Seminario,,https://fbref.com/en/matches/666e8051/Union-Comercio-Juan-Aurich-July-25-2015-Torneo-Descentralizado
Liga 1 de Fútbol Profesional,M,PER,2015,1st,Torneo Apertura,12,Sat,2015-07-25,14:00,Sporting Cristal,2.0,USMP,0.0,2163.0,Estadio Alberto Gallardo,Miguel Santiváñez,,https://fbref.com/en/matches/2491bd83/Sporting-Cristal-Universidad-San-Martin-July-25-2015-Torneo-Descentralizado
Liga 1 de Fútbol Profesional,M,PER,2015,1st,Torneo Apertura,12,Sat,2015-07-25,17:45,Sport Loreto,1.0,Sport Huancayo,1.0,6867.0,Estadio Aliardo Soria Pérez,Ramón Blanco,,https://fbref.com/en/matches/960ea736/Sport-Loreto-Sport-Huancayo-July-25-2015-Torneo-Descentralizado
Liga 1 de Fútbol Profesional,M,PER,2015,1st,Torneo Apertura,12,Sun,2015-07-26,11:15,Cienciano,1.0,Melgar,3.0,5838.0,Estadio Inca Garcilaso de la Vega,Manuel Garcia,,https://fbref.com/en/matches/df47976d/Cienciano-Melgar-July-26-2015-Torneo-Descentralizado
Liga 1 de Fútbol Profesional,M,PER,2015,1st,Torneo Apertura,12,Sun,2015-07-26,13:30,Ayacucho,2.0,Alianza Lima,1.0,6499.0,Estadio Ciudad de Cumaná,Jorge Panta,,https://fbref.com/en/matches/fe8c9b3b/Ayacucho-Alianza-Lima-July-26-2015-Torneo-Descentralizado
Liga 1 de Fútbol Profesional,M,PER,2015,1st,Torneo Apertura,12,Sun,2015-07-26,16:00,Universitario,1.0,León Huánuco,4.0,8923.0,Estadio Monumental,Iván Chang,,https://fbref.com/en/matches/815b4755/Universitario-Leon-de-Huanuco-July-26-2015-Torneo-Descentralizado
Liga 1 de Fútbol Profesional,M,PER,2015,1st,Torneo Apertura,13,Tue,2015-07-28,13:15,Real Garcilaso,4.0,Sport Loreto,0.0,1468.0,Estadio Inca Garcilaso de la Vega,Eduardo Chirinos,,https://fbref.com/en/matches/4f0883e4/Real-Garcilaso-Sport-Loreto-July-28-2015-Torneo-Descentralizado
Liga 1 de Fútbol Profesional,M,PER,2015,1st,Torneo Apertura,13,Tue,2015-07-28,15:30,Dep Municipal,2.0,Ayacucho,1.0,7547.0,Estadio Iván Elías Moreno,Roberto Mauro,,https://fbref.com/en/matches/092dda83/Deportivo-Municipal-Ayacucho-July-28-2015-Torneo-Descentralizado
Liga 1 de Fútbol Profesional,M,PER,2015,1st,Torneo Apertura,13,Tue,2015-07-28,17:45,U César Vallejo,1.0,UTC,1.0,1500.0,Estadio Mansiche,Iván Chang,,https://fbref.com/en/matches/5e38e6d2/Universidad-Cesar-Vallejo-Universidad-Tecnica-de-Cajamarca-July-28-2015-Torneo-Descentralizado
Liga 1 de Fútbol Profesional,M,PER,2015,1st,Torneo Apertura,13,Tue,2015-07-28,20:00,USMP,0.0,Unión Comercio,0.0,328.0,Estadio Miguel Grau del Callao,Renzo Castañeda,,https://fbref.com/en/matches/f4d631a1/Universidad-San-Martin-Union-Comercio-July-28-2015-Torneo-Descentralizado
Liga 1 de Fútbol Profesional,M,PER,2015,1st,Torneo Apertura,13,Wed,2015-07-29,11:00,Sport Huancayo,0.0,Universitario,0.0,4036.0,Estadio Huancayo,Luis Seminario,,https://fbref.com/en/matches/f814ccd7/Sport-Huancayo-Universitario-July-29-2015-Torneo-Descentralizado
Liga 1 de Fútbol Profesional,M,PER,2015,1st,Torneo Apertura,13,Wed,2015-07-29,13:15,León Huánuco,1.0,Sporting Cristal,2.0,1347.0,Estadio Heraclio Tapia León,Manuel Garay,,https://fbref.com/en/matches/a79a2852/Leon-de-Huanuco-Sporting-Cristal-July-29-2015-Torneo-Descentralizado
Liga 1 de Fútbol Profesional,M,PER,2015,1st,Torneo Apertura,13,Wed,2015-07-29,15:30,Juan Aurich,0.0,Alianza Atlético,1.0,1178.0,Estadio Elías Aguirre,Fernando Legario,,https://fbref.com/en/matches/386ba278/Juan-Aurich-Alianza-Atletico-July-29-2015-Torneo-Descentralizado
Liga 1 de Fútbol Profesional,M,PER,2015,1st,Torneo Apertura,13,Wed,2015-07-29,20:00,Alianza Lima,1.0,Cienciano,0.0,7776.0,Estadio Alejandro Villanueva,Miguel Santiváñez,,https://fbref.com/en/matches/fd4424b1/Alianza-Lima-Cienciano-July-29-2015-Torneo-Descentralizado
Liga 1 de Fútbol Profesional,M,PER,2015,1st,Torneo Apertura,14,Sat,2015-08-01,10:30,Unión Comercio,2.0,León Huánuco,0.0,615.0,Estadio del IPD,Kevin Ortega,,https://fbref.com/en/matches/d5462431/Union-Comercio-Leon-de-Huanuco-August-1-2015-Torneo-Descentralizado
Liga 1 de Fútbol Profesional,M,PER,2015,1st,Torneo Apertura,14,Sat,2015-08-01,15:00,Sporting Cristal,1.0,Sport Huancayo,0.0,3420.0,Estadio Alberto Gallardo,Joel Alarcón,,https://fbref.com/en/matches/0a575233/Sporting-Cristal-Sport-Huancayo-August-1-2015-Torneo-Descentralizado
Liga 1 de Fútbol Profesional,M,PER,2015,1st,Torneo Apertura,14,Sat,2015-08-01,18:00,Melgar,3.0,Alianza Lima,1.0,24251.0,Estadio de la Universidad Nacional San A...,Luis Garay Evia,,https://fbref.com/en/matches/bd8dbc95/Melgar-Alianza-Lima-August-1-2015-Torneo-Descentralizado
Liga 1 de Fútbol Profesional,M,PER,2015,1st,Torneo Apertura,14,Sun,2015-08-02,09:15,Cienciano,3.0,Dep Municipal,1.0,5355.0,Estadio Inca Garcilaso de la Vega,Ramón Blanco,,https://fbref.com/en/matches/50087bbe/Cienciano-Deportivo-Municipal-August-2-2015-Torneo-Descentralizado
Liga 1 de Fútbol Profesional,M,PER,2015,1st,Torneo Apertura,14,Sun,2015-08-02,11:30,Ayacucho,2.0,U César Vallejo,2.0,2140.0,Estadio Ciudad de Cumaná,Michael Espinoza,,https://fbref.com/en/matches/c61a9566/Ayacucho-Universidad-Cesar-Vallejo-August-2-2015-Torneo-Descentralizado
Liga 1 de Fútbol Profesional,M,PER,2015,1st,Torneo Apertura,14,Sun,2015-08-02,15:00,Universitario,1.0,Real Garcilaso,1.0,9766.0,Estadio Monumental,Henry Gambetta,,https://fbref.com/en/matches/f230e363/Universitario-Real-Garcilaso-August-2-2015-Torneo-Descentralizado
Liga 1 de Fútbol Profesional,M,PER,2015,1st,Torneo Apertura,14,Mon,2015-08-03,11:15,Alianza Atlético,2.0,USMP,0.0,429.0,Estadio Municipal El Coloso de la Fronte...,Micke Palomino,,https://fbref.com/en/matches/2f272c92/Alianza-Atletico-Universidad-San-Martin-August-3-2015-Torneo-Descentralizado
Liga 1 de Fútbol Profesional,M,PER,2015,1st,Torneo Apertura,14,Mon,2015-08-03,13:30,UTC,2.0,Juan Aurich,2.0,2889.0,Estadio Héroes de San Ramón,Renzo Castañeda,,https://fbref.com/en/matches/0c53c743/Universidad-Tecnica-de-Cajamarca-Juan-Aurich-August-3-2015-Torneo-Descentralizado
Liga 1 de Fútbol Profesional,M,PER,2015,1st,Torneo Apertura,15,Fri,2015-08-07,13:15,Juan Aurich,5.0,Ayacucho,0.0,905.0,Estadio César Flores Marigorda,Yovany Quevedo Guerra,,https://fbref.com/en/matches/28df442a/Juan-Aurich-Ayacucho-August-7-2015-Torneo-Descentralizado
Liga 1 de Fútbol Profesional,M,PER,2015,1st,Torneo Apertura,15,Fri,2015-08-07,18:00,USMP,0.0,UTC,0.0,301.0,Estadio Miguel Grau del Callao,Joel Alarcón,,https://fbref.com/en/matches/0df31575/Universidad-San-Martin-Universidad-Tecnica-de-Cajamarca-August-7-2015-Torneo-Descentralizado
Liga 1 de Fútbol Profesional,M,PER,2015,1st,Torneo Apertura,15,Sat,2015-08-08,10:30,Sport Huancayo,3.0,Unión Comercio,0.0,1060.0,Estadio Huancayo,Giuliano Rodríguez,,https://fbref.com/en/matches/794ab0ea/Sport-Huancayo-Union-Comercio-August-8-2015-Torneo-Descentralizado
Liga 1 de Fútbol Profesional,M,PER,2015,1st,Torneo Apertura,15,Sat,2015-08-08,13:00,Dep Municipal,1.0,Melgar,1.0,7933.0,Estadio Iván Elías Moreno,Henry Gambetta,,https://fbref.com/en/matches/5f99dede/Deportivo-Municipal-Melgar-August-8-2015-Torneo-Descentralizado
Liga 1 de Fútbol Profesional,M,PER,2015,1st,Torneo Apertura,15,Sat,2015-08-08,18:00,U César Vallejo,3.0,Cienciano,2.0,1355.0,Estadio Mansiche,Renzo Castañeda,,https://fbref.com/en/matches/247b3180/Universidad-Cesar-Vallejo-Cienciano-August-8-2015-Torneo-Descentralizado
Liga 1 de Fútbol Profesional,M,PER,2015,1st,Torneo Apertura,15,Sun,2015-08-09,09:15,Real Garcilaso,0.0,Sporting Cristal,4.0,4090.0,Estadio Inca Garcilaso de la Vega,Víctor Carrillo,,https://fbref.com/en/matches/567e747a/Real-Garcilaso-Sporting-Cristal-August-9-2015-Torneo-Descentralizado
Liga 1 de Fútbol Profesional,M,PER,2015,1st,Torneo Apertura,15,Sun,2015-08-09,13:30,León Huánuco,1.0,Alianza Atlético,0.0,2078.0,Estadio Heraclio Tapia León,Luis Garay Evia,,https://fbref.com/en/matches/bcd10138/Leon-de-Huanuco-Alianza-Atletico-August-9-2015-Torneo-Descentralizado
Liga 1 de Fútbol Profesional,M,PER,2015,1st,Torneo Apertura,15,Sun,2015-08-09,14:00,Sport Loreto,0.0,Universitario,1.0,13021.0,Estadio Aliardo Soria Pérez,Manuel Garay,,https://fbref.com/en/matches/0ae0882d/Sport-Loreto-Universitario-August-9-2015-Torneo-Descentralizado
Liga 1 de Fútbol Profesional,M,PER,2015,1st,Torneo Apertura,16,Fri,2015-08-14,13:15,Alianza Atlético,2.0,Sport Huancayo,0.0,333.0,Estadio Municipal El Coloso de la Fronte...,Eduardo Chirinos,,https://fbref.com/en/matches/9a322757/Alianza-Atletico-Sport-Huancayo-August-14-2015-Torneo-Descentralizado
Liga 1 de Fútbol Profesional,M,PER,2015,1st,Torneo Apertura,16,Fri,2015-08-14,15:30,Cienciano,1.0,Juan Aurich,2.0,2688.0,Estadio Inca Garcilaso de la Vega,Mario Espichán,,https://fbref.com/en/matches/451b5b96/Cienciano-Juan-Aurich-August-14-2015-Torneo-Descentralizado
Liga 1 de Fútbol Profesional,M,PER,2015,1st,Torneo Apertura,16,Sat,2015-08-15,12:30,Ayacucho,1.0,USMP,0.0,1272.0,Estadio Ciudad de Cumaná,Jorge Panta,,https://fbref.com/en/matches/a57de234/Ayacucho-Universidad-San-Martin-August-15-2015-Torneo-Descentralizado
Liga 1 de Fútbol Profesional,M,PER,2015,1st,Torneo Apertura,16,Sat,2015-08-15,15:00,Sporting Cristal,2.0,Sport Loreto,1.0,8794.0,Estadio Alberto Gallardo,Diego Haro,,https://fbref.com/en/matches/22682110/Sporting-Cristal-Sport-Loreto-August-15-2015-Torneo-Descentralizado
Liga 1 de Fútbol Profesional,M,PER,2015,1st,Torneo Apertura,16,Sun,2015-08-16,11:00,Melgar,2.0,U César Vallejo,0.0,2921.0,Estadio de la Universidad Nacional San A...,Manuel Garay,,https://fbref.com/en/matches/2a75f645/Melgar-Universidad-Cesar-Vallejo-August-16-2015-Torneo-Descentralizado
Liga 1 de Fútbol Profesional,M,PER,2015,1st,Torneo Apertura,16,Sun,2015-08-16,13:15,Unión Comercio,1.0,Real Garcilaso,1.0,495.0,Estadio del IPD,Luis Garay Evia,,https://fbref.com/en/matches/96a991a0/Union-Comercio-Real-Garcilaso-August-16-2015-Torneo-Descentralizado
Liga 1 de Fútbol Profesional,M,PER,2015,1st,Torneo Apertura,16,Sun,2015-08-16,15:30,UTC,2.0,León Huánuco,2.0,3598.0,Estadio Héroes de San Ramón,Yovany Quevedo Guerra,,https://fbref.com/en/matches/5c2f4102/Universidad-Tecnica-de-Cajamarca-Leon-de-Huanuco-August-16-2015-Torneo-Descentralizado
Liga 1 de Fútbol Profesional,M,PER,2015,1st,Torneo Apertura,16,Sun,2015-08-16,16:00,Alianza Lima,0.0,Dep Municipal,0.0,20978.0,Estadio Alejandro Villanueva,Víctor Carrillo,,https://fbref.com/en/matches/5ea5389e/Alianza-Lima-Deportivo-Municipal-August-16-2015-Torneo-Descentralizado
Liga 1 de Fútbol Profesional,M,PER,2015,1st,Torneo Apertura,17,Sat,2015-08-22,12:30,Sport Huancayo,5.0,UTC,1.0,910.0,Estadio Huancayo,Kevin Ortega,,https://fbref.com/en/matches/bb2c3bb0/Sport-Huancayo-Universidad-Tecnica-de-Cajamarca-August-22-2015-Torneo-Descentralizado
Liga 1 de Fútbol Profesional,M,PER,2015,1st,Torneo Apertura,17,Sat,2015-08-22,15:00,USMP,1.0,Cienciano,1.0,386.0,Estadio Miguel Grau del Callao,Roberto Mauro,,https://fbref.com/en/matches/96e304ee/Universidad-San-Martin-Cienciano-August-22-2015-Torneo-Descentralizado
Liga 1 de Fútbol Profesional,M,PER,2015,1st,Torneo Apertura,17,Sun,2015-08-23,11:15,Real Garcilaso,2.0,Alianza Atlético,1.0,588.0,Estadio Inca Garcilaso de la Vega,Yovany Quevedo Guerra,,https://fbref.com/en/matches/57c0f9b9/Real-Garcilaso-Alianza-Atletico-August-23-2015-Torneo-Descentralizado
Liga 1 de Fútbol Profesional,M,PER,2015,1st,Torneo Apertura,17,Sun,2015-08-23,15:30,U César Vallejo,1.0,Alianza Lima,0.0,3509.0,Estadio Mansiche,Iván Chang,,https://fbref.com/en/matches/44ec7565/Universidad-Cesar-Vallejo-Alianza-Lima-August-23-2015-Torneo-Descentralizado
Liga 1 de Fútbol Profesional,M,PER,2015,1st,Torneo Apertura,17,Sun,2015-08-23,15:30,Juan Aurich,2.0,Melgar,3.0,1702.0,Estadio César Flores Marigorda,Miguel Santiváñez,,https://fbref.com/en/matches/b9849abd/Juan-Aurich-Melgar-August-23-2015-Torneo-Descentralizado
Liga 1 de Fútbol Profesional,M,PER,2015,1st,Torneo Apertura,17,Sun,2015-08-23,15:30,Universitario,0.0,Sporting Cristal,0.0,38510.0,Estadio Monumental,Henry Gambetta,,https://fbref.com/en/matches/bf20afe6/Universitario-Sporting-Cristal-August-23-2015-Torneo-Descentralizado
Liga 1 de Fútbol Profesional,M,PER,2015,1st,Torneo Apertura,17,Sun,2015-08-23,17:45,Sport Loreto,0.0,Unión Comercio,1.0,4278.0,Estadio Aliardo Soria Pérez,Micke Palomino,,https://fbref.com/en/matches/bc1145ee/Sport-Loreto-Union-Comercio-August-23-2015-Torneo-Descentralizado
Liga 1 de Fútbol Profesional,M,PER,2015,1st,Torneo Apertura,17,Mon,2015-08-24,13:30,León Huánuco,3.0,Ayacucho,2.0,998.0,Estadio Heraclio Tapia León,Fernando Legario,,https://fbref.com/en/matches/94362813/Leon-de-Huanuco-Ayacucho-August-24-2015-Torneo-Descentralizado
Liga 1 de Fútbol Profesional,M,PER,2015,1st,Torneo Clausura,1,Fri,2015-08-28,15:30,Sport Huancayo,2.0,Ayacucho,2.0,1111.0,Estadio Huancayo,José Martínez,,https://fbref.com/en/matches/74a2e25f/Sport-Huancayo-Ayacucho-August-28-2015-Torneo-Descentralizado
Liga 1 de Fútbol Profesional,M,PER,2015,1st,Torneo Clausura,1,Sat,2015-08-29,12:30,Juan Aurich,2.0,Alianza Lima,0.0,1614.0,Estadio César Flores Marigorda,Eduardo Chirinos,,https://fbref.com/en/matches/895c990d/Juan-Aurich-Alianza-Lima-August-29-2015-Torneo-Descentralizado
Liga 1 de Fútbol Profesional,M,PER,2015,1st,Torneo Clausura,1,Sat,2015-08-29,15:00,USMP,1.0,Melgar,0.0,515.0,Estadio Miguel Grau del Callao,Jorge Panta,,https://fbref.com/en/matches/98dd2e16/Universidad-San-Martin-Melgar-August-29-2015-Torneo-Descentralizado
Liga 1 de Fútbol Profesional,M,PER,2015,1st,Torneo Clausura,1,Sat,2015-08-29,17:45,Sport Loreto,0.0,Alianza Atlético,0.0,3607.0,Estadio Aliardo Soria Pérez,Fernando Legario,,https://fbref.com/en/matches/d6fb5e0e/Sport-Loreto-Alianza-Atletico-August-29-2015-Torneo-Descentralizado
Liga 1 de Fútbol Profesional,M,PER,2015,1st,Torneo Clausura,1,Sat,2015-08-29,20:00,U César Vallejo,1.0,Dep Municipal,0.0,2253.0,Estadio Mansiche,Luis Garay Evia,,https://fbref.com/en/matches/703e8ef3/Universidad-Cesar-Vallejo-Deportivo-Municipal-August-29-2015-Torneo-Descentralizado
Liga 1 de Fútbol Profesional,M,PER,2015,1st,Torneo Clausura,1,Sun,2015-08-30,11:15,Real Garcilaso,2.0,UTC,0.0,799.0,Estadio Inca Garcilaso de la Vega,Manuel Garay,,https://fbref.com/en/matches/8d34329e/Real-Garcilaso-Universidad-Tecnica-de-Cajamarca-August-30-2015-Torneo-Descentralizado
Liga 1 de Fútbol Profesional,M,PER,2015,1st,Torneo Clausura,1,Sun,2015-08-30,13:30,León Huánuco,0.0,Cienciano,0.0,1848.0,Estadio Heraclio Tapia León,Giuliano Rodríguez,,https://fbref.com/en/matches/737b237e/Leon-de-Huanuco-Cienciano-August-30-2015-Torneo-Descentralizado
Liga 1 de Fútbol Profesional,M,PER,2015,1st,Torneo Clausura,1,Sun,2015-08-30,16:00,Universitario,2.0,Unión Comercio,3.0,100.0,Estadio Monumental,Diego Haro,,https://fbref.com/en/matches/4998f1c5/Universitario-Union-Comercio-August-30-2015-Torneo-Descentralizado
Liga 1 de Fútbol Profesional,M,PER,2015,1st,Torneo Clausura,2,Wed,2015-09-02,11:00,Cienciano,0.0,Sport Huancayo,1.0,2194.0,Estadio Inca Garcilaso de la Vega,Joel Alarcón,,https://fbref.com/en/matches/3605892d/Cienciano-Sport-Huancayo-September-2-2015-Torneo-Descentralizado
Liga 1 de Fútbol Profesional,M,PER,2015,1st,Torneo Clausura,2,Wed,2015-09-02,13:15,Unión Comercio,1.0,Sporting Cristal,4.0,1313.0,Estadio del IPD,Luis Garay Evia,,https://fbref.com/en/matches/346d4435/Union-Comercio-Sporting-Cristal-September-2-2015-Torneo-Descentralizado
Liga 1 de Fútbol Profesional,M,PER,2015,1st,Torneo Clausura,2,Wed,2015-09-02,15:30,UTC,2.0,Sport Loreto,0.0,2452.0,Estadio Héroes de San Ramón,Yovany Quevedo Guerra,,https://fbref.com/en/matches/cbb9cd4b/Universidad-Tecnica-de-Cajamarca-Sport-Loreto-September-2-2015-Torneo-Descentralizado
Liga 1 de Fútbol Profesional,M,PER,2015,1st,Torneo Clausura,2,Wed,2015-09-02,20:00,Alianza Lima,0.0,USMP,1.0,3369.0,Estadio Alejandro Villanueva,Henry Gambetta,,https://fbref.com/en/matches/22f102c1/Alianza-Lima-Universidad-San-Martin-September-2-2015-Torneo-Descentralizado
Liga 1 de Fútbol Profesional,M,PER,2015,1st,Torneo Clausura,2,Thu,2015-09-03,11:00,Ayacucho,2.0,Real Garcilaso,2.0,1404.0,Estadio Ciudad de Cumaná,Ramón Blanco,,https://fbref.com/en/matches/77368005/Ayacucho-Real-Garcilaso-September-3-2015-Torneo-Descentralizado
Liga 1 de Fútbol Profesional,M,PER,2015,1st,Torneo Clausura,2,Thu,2015-09-03,13:15,Alianza Atlético,1.0,Universitario,2.0,100.0,Estadio Municipal El Coloso de la Fronte...,Michael Espinoza,,https://fbref.com/en/matches/741eaf43/Alianza-Atletico-Universitario-September-3-2015-Torneo-Descentralizado
Liga 1 de Fútbol Profesional,M,PER,2015,1st,Torneo Clausura,2,Thu,2015-09-03,15:30,Dep Municipal,1.0,Juan Aurich,2.0,1952.0,Estadio Iván Elías Moreno,Luis Seminario,,https://fbref.com/en/matches/0511bb86/Deportivo-Municipal-Juan-Aurich-September-3-2015-Torneo-Descentralizado
Liga 1 de Fútbol Profesional,M,PER,2015,1st,Torneo Clausura,2,Thu,2015-09-03,20:00,Melgar,5.0,León Huánuco,0.0,2638.0,Estadio de la Universidad Nacional San A...,Iván Chang,,https://fbref.com/en/matches/346bf81e/Melgar-Leon-de-Huanuco-September-3-2015-Torneo-Descentralizado
Liga 1 de Fútbol Profesional,M,PER,2015,1st,Torneo Clausura,3,Fri,2015-09-11,15:30,Sport Huancayo,3.0,Melgar,2.0,1418.0,Estadio Huancayo,Diego Haro,,https://fbref.com/en/matches/0ea0a31c/Sport-Huancayo-Melgar-September-11-2015-Torneo-Descentralizado
Liga 1 de Fútbol Profesional,M,PER,2015,1st,Torneo Clausura,3,Sat,2015-09-12,12:30,León Huánuco,3.0,Alianza Lima,1.0,3197.0,Estadio Heraclio Tapia León,Manuel Garay,,https://fbref.com/en/matches/bb0fab44/Leon-de-Huanuco-Alianza-Lima-September-12-2015-Torneo-Descentralizado
Liga 1 de Fútbol Profesional,M,PER,2015,1st,Torneo Clausura,3,Sat,2015-09-12,15:00,Sporting Cristal,4.0,Alianza Atlético,1.0,2166.0,Estadio Alberto Gallardo,Roberto Mauro,,https://fbref.com/en/matches/0b22626c/Sporting-Cristal-Alianza-Atletico-September-12-2015-Torneo-Descentralizado
Liga 1 de Fútbol Profesional,M,PER,2015,1st,Torneo Clausura,3,Sat,2015-09-12,17:45,Sport Loreto,3.0,Ayacucho,0.0,3775.0,Estadio Aliardo Soria Pérez,Kevin Ortega,,https://fbref.com/en/matches/a7cd7c7d/Sport-Loreto-Ayacucho-September-12-2015-Torneo-Descentralizado
Liga 1 de Fútbol Profesional,M,PER,2015,1st,Torneo Clausura,3,Sat,2015-09-12,20:00,USMP,0.0,Dep Municipal,0.0,902.0,Estadio Alberto Gallardo,Renzo Castañeda,,https://fbref.com/en/matches/e9158e7c/Universidad-San-Martin-Deportivo-Municipal-September-12-2015-Torneo-Descentralizado
Liga 1 de Fútbol Profesional,M,PER,2015,1st,Torneo Clausura,3,Sun,2015-09-13,11:15,Real Garcilaso,1.0,Cienciano,1.0,3321.0,Estadio Inca Garcilaso de la Vega,Luis Seminario,,https://fbref.com/en/matches/a7c42608/Real-Garcilaso-Cienciano-September-13-2015-Torneo-Descentralizado
Liga 1 de Fútbol Profesional,M,PER,2015,1st,Torneo Clausura,3,Sun,2015-09-13,13:30,Juan Aurich,2.0,U César Vallejo,1.0,1520.0,Estadio Elías Aguirre,Jorge Panta,,https://fbref.com/en/matches/b54de91f/Juan-Aurich-Universidad-Cesar-Vallejo-September-13-2015-Torneo-Descentralizado
Liga 1 de Fútbol Profesional,M,PER,2015,1st,Torneo Clausura,3,Sun,2015-09-13,16:00,Universitario,1.0,UTC,1.0,3864.0,Estadio Monumental,Eduardo Chirinos,,https://fbref.com/en/matches/77f3b910/Universitario-Universidad-Tecnica-de-Cajamarca-September-13-2015-Torneo-Descentralizado
Liga 1 de Fútbol Profesional,M,PER,2015,1st,Torneo Clausura,4,Tue,2015-09-15,13:15,Alianza Atlético,2.0,Unión Comercio,1.0,2170.0,Estadio Municipal Melanio Coloma Calderó...,Yovany Quevedo Guerra,,https://fbref.com/en/matches/bdb5b437/Alianza-Atletico-Union-Comercio-September-15-2015-Torneo-Descentralizado
Liga 1 de Fútbol Profesional,M,PER,2015,1st,Torneo Clausura,4,Tue,2015-09-15,15:30,Dep Municipal,1.0,León Huánuco,1.0,1481.0,Estadio Iván Elías Moreno,Joel Alarcón,,https://fbref.com/en/matches/27ea5cdd/Deportivo-Municipal-Leon-de-Huanuco-September-15-2015-Torneo-Descentralizado
Liga 1 de Fútbol Profesional,M,PER,2015,1st,Torneo Clausura,4,Tue,2015-09-15,17:45,Melgar,2.0,Real Garcilaso,0.0,2998.0,Estadio de la Universidad Nacional San A...,Henry Gambetta,,https://fbref.com/en/matches/12405f9b/Melgar-Real-Garcilaso-September-15-2015-Torneo-Descentralizado
Liga 1 de Fútbol Profesional,M,PER,2015,1st,Torneo Clausura,4,Tue,2015-09-15,20:00,Alianza Lima,3.0,Sport Huancayo,0.0,4973.0,Estadio Alejandro Villanueva,Miguel Santiváñez,,https://fbref.com/en/matches/0aa76106/Alianza-Lima-Sport-Huancayo-September-15-2015-Torneo-Descentralizado
Liga 1 de Fútbol Profesional,M,PER,2015,1st,Torneo Clausura,4,Wed,2015-09-16,11:00,Cienciano,1.0,Sport Loreto,0.0,1906.0,Estadio Inca Garcilaso de la Vega,Micke Palomino,,https://fbref.com/en/matches/33679b37/Cienciano-Sport-Loreto-September-16-2015-Torneo-Descentralizado
Liga 1 de Fútbol Profesional,M,PER,2015,1st,Torneo Clausura,4,Wed,2015-09-16,13:30,UTC,2.0,Sporting Cristal,3.0,5239.0,Estadio Héroes de San Ramón,Manuel Garay,,https://fbref.com/en/matches/5d374b10/Universidad-Tecnica-de-Cajamarca-Sporting-Cristal-September-16-2015-Torneo-Descentralizado
Liga 1 de Fútbol Profesional,M,PER,2015,1st,Torneo Clausura,4,Wed,2015-09-16,20:00,U César Vallejo,2.0,USMP,1.0,1288.0,Estadio Mansiche,Iván Chang,,https://fbref.com/en/matches/9e6f8844/Universidad-Cesar-Vallejo-Universidad-San-Martin-September-16-2015-Torneo-Descentralizado
Liga 1 de Fútbol Profesional,M,PER,2015,1st,Torneo Clausura,5,Sat,2015-09-19,12:30,Unión Comercio,2.0,UTC,0.0,277.0,Estadio del IPD,Giuliano Rodríguez,,https://fbref.com/en/matches/c5551bb6/Union-Comercio-Universidad-Tecnica-de-Cajamarca-September-19-2015-Torneo-Descentralizado
Liga 1 de Fútbol Profesional,M,PER,2015,1st,Torneo Clausura,5,Sat,2015-09-19,15:00,Sporting Cristal,4.0,Ayacucho,0.0,2347.0,Estadio Alberto Gallardo,Renzo Castañeda,,https://fbref.com/en/matches/bda4f211/Sporting-Cristal-Ayacucho-September-19-2015-Torneo-Descentralizado
Liga 1 de Fútbol Profesional,M,PER,2015,1st,Torneo Clausura,5,Sat,2015-09-19,17:45,Sport Loreto,0.0,Melgar,0.0,4718.0,Estadio Aliardo Soria Pérez,Luis Seminario,,https://fbref.com/en/matches/4a7cfd7d/Sport-Loreto-Melgar-September-19-2015-Torneo-Descentralizado
Liga 1 de Fútbol Profesional,M,PER,2015,1st,Torneo Clausura,5,Sun,2015-09-20,11:15,Real Garcilaso,1.0,Alianza Lima,1.0,4172.0,Estadio Inca Garcilaso de la Vega,Luis Garay Evia,,https://fbref.com/en/matches/2ea9473c/Real-Garcilaso-Alianza-Lima-September-20-2015-Torneo-Descentralizado
Liga 1 de Fútbol Profesional,M,PER,2015,1st,Torneo Clausura,5,Sun,2015-09-20,13:30,Sport Huancayo,5.0,Dep Municipal,0.0,1593.0,Estadio Huancayo,Fernando Legario,,https://fbref.com/en/matches/ad37d123/Sport-Huancayo-Deportivo-Municipal-September-20-2015-Torneo-Descentralizado
Liga 1 de Fútbol Profesional,M,PER,2015,1st,Torneo Clausura,5,Sun,2015-09-20,16:00,Universitario,2.0,Cienciano,1.0,3407.0,Estadio Monumental,Manuel Garay,,https://fbref.com/en/matches/055e0178/Universitario-Cienciano-September-20-2015-Torneo-Descentralizado
Liga 1 de Fútbol Profesional,M,PER,2015,1st,Torneo Clausura,5,Mon,2015-09-21,15:30,León Huánuco,1.0,U César Vallejo,1.0,2594.0,Estadio Heraclio Tapia León,Ramón Blanco,,https://fbref.com/en/matches/56b502c5/Leon-de-Huanuco-Universidad-Cesar-Vallejo-September-21-2015-Torneo-Descentralizado
Liga 1 de Fútbol Profesional,M,PER,2015,1st,Torneo Clausura,5,Mon,2015-09-21,20:00,USMP,3.0,Juan Aurich,1.0,472.0,Estadio Miguel Grau del Callao,Diego Haro,,https://fbref.com/en/matches/d1cae08c/Universidad-San-Martin-Juan-Aurich-September-21-2015-Torneo-Descentralizado
Liga 1 de Fútbol Profesional,M,PER,2015,1st,Torneo Clausura,4,Tue,2015-09-22,17:00,Ayacucho,1.0,Universitario,2.0,3824.0,Estadio Ciudad de Cumaná,Roberto Mauro,,https://fbref.com/en/matches/16d56daf/Ayacucho-Universitario-September-22-2015-Torneo-Descentralizado
Liga 1 de Fútbol Profesional,M,PER,2015,1st,Torneo Clausura,6,Fri,2015-09-25,15:30,UTC,2.0,Alianza Atlético,0.0,2886.0,Estadio Héroes de San Ramón,José Martínez,,https://fbref.com/en/matches/85943313/Universidad-Tecnica-de-Cajamarca-Alianza-Atletico-September-25-2015-Torneo-Descentralizado
Liga 1 de Fútbol Profesional,M,PER,2015,1st,Torneo Clausura,6,Sat,2015-09-26,12:30,Ayacucho,4.0,Unión Comercio,0.0,1193.0,Estadio Ciudad de Cumaná,Eduardo Chirinos,,https://fbref.com/en/matches/5145b790/Ayacucho-Union-Comercio-September-26-2015-Torneo-Descentralizado
Liga 1 de Fútbol Profesional,M,PER,2015,1st,Torneo Clausura,6,Sat,2015-09-26,14:00,Dep Municipal,1.0,Real Garcilaso,0.0,2276.0,Estadio Iván Elías Moreno,Yovany Quevedo Guerra,,https://fbref.com/en/matches/0cac5741/Deportivo-Municipal-Real-Garcilaso-September-26-2015-Torneo-Descentralizado
Liga 1 de Fútbol Profesional,M,PER,2015,1st,Torneo Clausura,6,Sat,2015-09-26,17:45,U César Vallejo,0.0,Sport Huancayo,0.0,1281.0,Estadio Mansiche,Joel Alarcón,,https://fbref.com/en/matches/9f6fe5fe/Universidad-Cesar-Vallejo-Sport-Huancayo-September-26-2015-Torneo-Descentralizado
Liga 1 de Fútbol Profesional,M,PER,2015,1st,Torneo Clausura,6,Sat,2015-09-26,20:00,Melgar,2.0,Universitario,0.0,17641.0,Estadio de la Universidad Nacional San A...,Miguel Santiváñez,,https://fbref.com/en/matches/0e58efb5/Melgar-Universitario-September-26-2015-Torneo-Descentralizado
Liga 1 de Fútbol Profesional,M,PER,2015,1st,Torneo Clausura,6,Sun,2015-09-27,11:15,Juan Aurich,3.0,León Huánuco,0.0,1340.0,Estadio César Flores Marigorda,Michael Espinoza,,https://fbref.com/en/matches/ff93a60e/Juan-Aurich-Leon-de-Huanuco-September-27-2015-Torneo-Descentralizado
Liga 1 de Fútbol Profesional,M,PER,2015,1st,Torneo Clausura,6,Sun,2015-09-27,13:30,Cienciano,2.0,Sporting Cristal,2.0,7807.0,Estadio Inca Garcilaso de la Vega,Diego Haro,,https://fbref.com/en/matches/6807573f/Cienciano-Sporting-Cristal-September-27-2015-Torneo-Descentralizado
Liga 1 de Fútbol Profesional,M,PER,2015,1st,Torneo Clausura,6,Sun,2015-09-27,16:00,Alianza Lima,1.0,Sport Loreto,0.0,7686.0,Estadio Alejandro Villanueva,Jorge Panta,,https://fbref.com/en/matches/cd3477d1/Alianza-Lima-Sport-Loreto-September-27-2015-Torneo-Descentralizado
Liga 1 de Fútbol Profesional,M,PER,2015,1st,Torneo Clausura,7,Tue,2015-09-29,14:00,Alianza Atlético,3.0,Ayacucho,3.0,1864.0,Estadio Municipal El Coloso de la Fronte...,Manuel Garay,,https://fbref.com/en/matches/c9c062ba/Alianza-Atletico-Ayacucho-September-29-2015-Torneo-Descentralizado
Liga 1 de Fútbol Profesional,M,PER,2015,1st,Torneo Clausura,7,Tue,2015-09-29,14:15,Real Garcilaso,4.0,U César Vallejo,0.0,645.0,Estadio Inca Garcilaso de la Vega,Micke Palomino,,https://fbref.com/en/matches/2bc9e921/Real-Garcilaso-Universidad-Cesar-Vallejo-September-29-2015-Torneo-Descentralizado
Liga 1 de Fútbol Profesional,M,PER,2015,1st,Torneo Clausura,7,Wed,2015-09-30,13:15,Unión Comercio,3.0,Cienciano,1.0,313.0,Estadio del IPD,Ramón Blanco,,https://fbref.com/en/matches/9e13de14/Union-Comercio-Cienciano-September-30-2015-Torneo-Descentralizado
Liga 1 de Fútbol Profesional,M,PER,2015,1st,Torneo Clausura,7,Wed,2015-09-30,17:45,Sport Loreto,1.0,Dep Municipal,2.0,5632.0,Estadio Aliardo Soria Pérez,Iván Chang,,https://fbref.com/en/matches/7b97aca6/Sport-Loreto-Deportivo-Municipal-September-30-2015-Torneo-Descentralizado
Liga 1 de Fútbol Profesional,M,PER,2015,1st,Torneo Clausura,7,Thu,2015-10-01,13:15,León Huánuco,1.0,USMP,2.0,1870.0,Estadio Heraclio Tapia León,Roberto Mauro,,https://fbref.com/en/matches/090d285e/Leon-de-Huanuco-Universidad-San-Martin-October-1-2015-Torneo-Descentralizado
Liga 1 de Fútbol Profesional,M,PER,2015,1st,Torneo Clausura,8,Sat,2015-10-03,12:30,Ayacucho,1.0,UTC,2.0,1632.0,Estadio Ciudad de Cumaná,Luis Seminario,,https://fbref.com/en/matches/9cf9c868/Ayacucho-Universidad-Tecnica-de-Cajamarca-October-3-2015-Torneo-Descentralizado
Liga 1 de Fútbol Profesional,M,PER,2015,1st,Torneo Clausura,8,Sun,2015-10-04,11:15,Cienciano,2.0,Alianza Atlético,0.0,3320.0,Estadio Inca Garcilaso de la Vega,Wilfredo Blas,,https://fbref.com/en/matches/2ac28bc1/Cienciano-Alianza-Atletico-October-4-2015-Torneo-Descentralizado
Liga 1 de Fútbol Profesional,M,PER,2015,1st,Torneo Clausura,8,Sun,2015-10-04,13:30,Melgar,4.0,Unión Comercio,1.0,5017.0,Estadio de la Universidad Nacional San A...,Manuel Garay,,https://fbref.com/en/matches/132d685d/Melgar-Union-Comercio-October-4-2015-Torneo-Descentralizado
Liga 1 de Fútbol Profesional,M,PER,2015,1st,Torneo Clausura,8,Sun,2015-10-04,16:00,Dep Municipal,0.0,Universitario,1.0,3977.0,Estadio Iván Elías Moreno,Joel Alarcón,,https://fbref.com/en/matches/d87ef6df/Deportivo-Municipal-Universitario-October-4-2015-Torneo-Descentralizado
Liga 1 de Fútbol Profesional,M,PER,2015,1st,Torneo Clausura,7,Thu,2015-10-15,12:00,Sport Huancayo,1.0,Juan Aurich,0.0,918.0,Estadio Huancayo,Renzo Castañeda,,https://fbref.com/en/matches/6b814a5e/Sport-Huancayo-Juan-Aurich-October-15-2015-Torneo-Descentralizado
Liga 1 de Fútbol Profesional,M,PER,2015,1st,Torneo Clausura,9,Fri,2015-10-16,13:15,Alianza Atlético,0.0,Melgar,0.0,1309.0,Estadio Municipal Melanio Coloma Calderó...,Víctor Carrillo,,https://fbref.com/en/matches/983310b4/Alianza-Atletico-Melgar-October-16-2015-Torneo-Descentralizado
Liga 1 de Fútbol Profesional,M,PER,2015,1st,Torneo Clausura,9,Fri,2015-10-16,13:30,UTC,0.0,Cienciano,0.0,2864.0,Estadio Héroes de San Ramón,Micke Palomino,,https://fbref.com/en/matches/8640cd25/Universidad-Tecnica-de-Cajamarca-Cienciano-October-16-2015-Torneo-Descentralizado
Liga 1 de Fútbol Profesional,M,PER,2015,1st,Torneo Clausura,9,Sat,2015-10-17,12:30,Sport Huancayo,4.0,León Huánuco,3.0,1032.0,Estadio Huancayo,Wilfredo Blas,,https://fbref.com/en/matches/f3c4c57a/Sport-Huancayo-Leon-de-Huanuco-October-17-2015-Torneo-Descentralizado
Liga 1 de Fútbol Profesional,M,PER,2015,1st,Torneo Clausura,9,Sat,2015-10-17,15:00,Sporting Cristal,2.0,Dep Municipal,2.0,2856.0,Estadio Alberto Gallardo,Luis Seminario,,https://fbref.com/en/matches/61af598d/Sporting-Cristal-Deportivo-Municipal-October-17-2015-Torneo-Descentralizado
Liga 1 de Fútbol Profesional,M,PER,2015,1st,Torneo Clausura,9,Sat,2015-10-17,17:45,Sport Loreto,1.0,Juan Aurich,0.0,6470.0,Estadio Aliardo Soria Pérez,Ramón Blanco,,https://fbref.com/en/matches/43a80b61/Sport-Loreto-Juan-Aurich-October-17-2015-Torneo-Descentralizado
Liga 1 de Fútbol Profesional,M,PER,2015,1st,Torneo Clausura,9,Sun,2015-10-18,12:15,Real Garcilaso,1.0,USMP,0.0,1002.0,Estadio Inca Garcilaso de la Vega,Henry Gambetta,,https://fbref.com/en/matches/2ea4675c/Real-Garcilaso-Universidad-San-Martin-October-18-2015-Torneo-Descentralizado
Liga 1 de Fútbol Profesional,M,PER,2015,1st,Torneo Clausura,9,Sun,2015-10-18,14:30,Unión Comercio,2.0,Alianza Lima,2.0,1818.0,Estadio del IPD,Miguel Santiváñez,,https://fbref.com/en/matches/25100009/Union-Comercio-Alianza-Lima-October-18-2015-Torneo-Descentralizado
Liga 1 de Fútbol Profesional,M,PER,2015,1st,Torneo Clausura,9,Sun,2015-10-18,16:00,Universitario,3.0,U César Vallejo,0.0,2448.0,Estadio Monumental,Luis Garay Evia,,https://fbref.com/en/matches/798b3ea2/Universitario-Universidad-Cesar-Vallejo-October-18-2015-Torneo-Descentralizado
Liga 1 de Fútbol Profesional,M,PER,2015,1st,Torneo Clausura,10,Tue,2015-10-20,13:15,León Huánuco,2.0,Real Garcilaso,4.0,1108.0,Estadio Heraclio Tapia León,Fernando Legario,,https://fbref.com/en/matches/64a5b19a/Leon-de-Huanuco-Real-Garcilaso-October-20-2015-Torneo-Descentralizado
Liga 1 de Fútbol Profesional,M,PER,2015,1st,Torneo Clausura,10,Tue,2015-10-20,15:30,Dep Municipal,1.0,Unión Comercio,1.0,1158.0,Estadio Iván Elías Moreno,Jorge Panta,,https://fbref.com/en/matches/9aa07cd8/Deportivo-Municipal-Union-Comercio-October-20-2015-Torneo-Descentralizado
Liga 1 de Fútbol Profesional,M,PER,2015,1st,Torneo Clausura,10,Tue,2015-10-20,17:45,Melgar,1.0,UTC,0.0,5318.0,Estadio de la Universidad Nacional San A...,Renzo Castañeda,,https://fbref.com/en/matches/cea92696/Melgar-Universidad-Tecnica-de-Cajamarca-October-20-2015-Torneo-Descentralizado
Liga 1 de Fútbol Profesional,M,PER,2015,1st,Torneo Clausura,10,Tue,2015-10-20,20:00,U César Vallejo,0.0,Sporting Cristal,2.0,4573.0,Estadio Mansiche,Manuel Garay,,https://fbref.com/en/matches/efc5c6dd/Universidad-Cesar-Vallejo-Sporting-Cristal-October-20-2015-Torneo-Descentralizado
Liga 1 de Fútbol Profesional,M,PER,2015,1st,Torneo Clausura,10,Wed,2015-10-21,15:30,Juan Aurich,2.0,Universitario,2.0,2811.0,Estadio César Flores Marigorda,Henry Gambetta,,https://fbref.com/en/matches/268663af/Juan-Aurich-Universitario-October-21-2015-Torneo-Descentralizado
Liga 1 de Fútbol Profesional,M,PER,2015,1st,Torneo Clausura,10,Wed,2015-10-21,17:45,USMP,0.0,Sport Loreto,1.0,253.0,Estadio Miguel Grau del Callao,Joel Alarcón,,https://fbref.com/en/matches/0bb2a458/Universidad-San-Martin-Sport-Loreto-October-21-2015-Torneo-Descentralizado
Liga 1 de Fútbol Profesional,M,PER,2015,1st,Torneo Clausura,10,Wed,2015-10-21,20:00,Alianza Lima,4.0,Alianza Atlético,2.0,5189.0,Estadio Alejandro Villanueva,Roberto Mauro,,https://fbref.com/en/matches/0fcc147e/Alianza-Lima-Alianza-Atletico-October-21-2015-Torneo-Descentralizado
Liga 1 de Fútbol Profesional,M,PER,2015,1st,Torneo Clausura,11,Sat,2015-10-24,12:30,Ayacucho,1.0,Melgar,2.0,1460.0,Estadio Ciudad de Cumaná,Manuel Garay,,https://fbref.com/en/matches/f25afabe/Ayacucho-Melgar-October-24-2015-Torneo-Descentralizado
Liga 1 de Fútbol Profesional,M,PER,2015,1st,Torneo Clausura,11,Sat,2015-10-24,15:00,UTC,3.0,Alianza Lima,0.0,7147.0,Estadio Héroes de San Ramón,Michael Espinoza,,https://fbref.com/en/matches/39ff0b86/Universidad-Tecnica-de-Cajamarca-Alianza-Lima-October-24-2015-Torneo-Descentralizado
Liga 1 de Fútbol Profesional,M,PER,2015,1st,Torneo Clausura,11,Sat,2015-10-24,17:45,Sport Loreto,1.0,León Huánuco,1.0,10032.0,Estadio Aliardo Soria Pérez,Giuliano Rodríguez,,https://fbref.com/en/matches/7bf90f87/Sport-Loreto-Leon-de-Huanuco-October-24-2015-Torneo-Descentralizado
Liga 1 de Fútbol Profesional,M,PER,2015,1st,Torneo Clausura,11,Sat,2015-10-24,20:00,Universitario,2.0,USMP,0.0,2709.0,Estadio Monumental,Miguel Santiváñez,,https://fbref.com/en/matches/84b099e9/Universitario-Universidad-San-Martin-October-24-2015-Torneo-Descentralizado
Liga 1 de Fútbol Profesional,M,PER,2015,1st,Torneo Clausura,11,Sun,2015-10-25,11:15,Real Garcilaso,0.0,Sport Huancayo,0.0,883.0,Estadio Inca Garcilaso de la Vega,Renzo Castañeda,,https://fbref.com/en/matches/f5480a32/Real-Garcilaso-Sport-Huancayo-October-25-2015-Torneo-Descentralizado
Liga 1 de Fútbol Profesional,M,PER,2015,1st,Torneo Clausura,11,Sun,2015-10-25,13:30,Unión Comercio,1.0,U César Vallejo,2.0,539.0,Estadio del IPD,Kevin Ortega,,https://fbref.com/en/matches/17bc0e34/Union-Comercio-Universidad-Cesar-Vallejo-October-25-2015-Torneo-Descentralizado
Liga 1 de Fútbol Profesional,M,PER,2015,1st,Torneo Clausura,11,Sun,2015-10-25,15:00,Alianza Atlético,4.0,Dep Municipal,1.0,1529.0,Estadio Municipal Melanio Coloma Calderó...,Yovany Quevedo Guerra,,https://fbref.com/en/matches/66d2586a/Alianza-Atletico-Deportivo-Municipal-October-25-2015-Torneo-Descentralizado
Liga 1 de Fútbol Profesional,M,PER,2015,1st,Torneo Clausura,11,Sun,2015-10-25,16:00,Sporting Cristal,3.0,Juan Aurich,2.0,5487.0,Estadio Alberto Gallardo,Luis Garay Evia,,https://fbref.com/en/matches/147bcc0f/Sporting-Cristal-Juan-Aurich-October-25-2015-Torneo-Descentralizado
Liga 1 de Fútbol Profesional,M,PER,2015,1st,Torneo Clausura,12,Tue,2015-10-27,14:15,Sport Huancayo,2.0,Sport Loreto,0.0,1288.0,Estadio Huancayo,Eduardo Chirinos,,https://fbref.com/en/matches/7b904640/Sport-Huancayo-Sport-Loreto-October-27-2015-Torneo-Descentralizado
Liga 1 de Fútbol Profesional,M,PER,2015,1st,Torneo Clausura,12,Tue,2015-10-27,16:30,León Huánuco,3.0,Universitario,2.0,3562.0,Estadio Heraclio Tapia León,Luis Seminario,,https://fbref.com/en/matches/d648a01b/Leon-de-Huanuco-Universitario-October-27-2015-Torneo-Descentralizado
Liga 1 de Fútbol Profesional,M,PER,2015,1st,Torneo Clausura,12,Tue,2015-10-27,18:45,U César Vallejo,1.0,Alianza Atlético,0.0,1150.0,Estadio Mansiche,Fernando Legario,,https://fbref.com/en/matches/5062461f/Universidad-Cesar-Vallejo-Alianza-Atletico-October-27-2015-Torneo-Descentralizado
Liga 1 de Fútbol Profesional,M,PER,2015,1st,Torneo Clausura,12,Tue,2015-10-27,21:00,Alianza Lima,0.0,Ayacucho,1.0,4324.0,Estadio Alejandro Villanueva,José Martínez,,https://fbref.com/en/matches/1825c398/Alianza-Lima-Ayacucho-October-27-2015-Torneo-Descentralizado
Liga 1 de Fútbol Profesional,M,PER,2015,1st,Torneo Clausura,12,Wed,2015-10-28,14:15,Juan Aurich,1.0,Unión Comercio,0.0,728.0,Estadio César Flores Marigorda,Joel Alarcón,,https://fbref.com/en/matches/a64d4847/Juan-Aurich-Union-Comercio-October-28-2015-Torneo-Descentralizado
Liga 1 de Fútbol Profesional,M,PER,2015,1st,Torneo Clausura,12,Wed,2015-10-28,16:30,Dep Municipal,1.0,UTC,1.0,1018.0,Estadio Iván Elías Moreno,Micke Palomino,,https://fbref.com/en/matches/d02fe203/Deportivo-Municipal-Universidad-Tecnica-de-Cajamarca-October-28-2015-Torneo-Descentralizado
Liga 1 de Fútbol Profesional,M,PER,2015,1st,Torneo Clausura,12,Wed,2015-10-28,18:45,Melgar,5.0,Cienciano,1.0,11513.0,Estadio de la Universidad Nacional San A...,Henry Gambetta,,https://fbref.com/en/matches/ea563394/Melgar-Cienciano-October-28-2015-Torneo-Descentralizado
Liga 1 de Fútbol Profesional,M,PER,2015,1st,Torneo Clausura,12,Wed,2015-10-28,21:00,USMP,0.0,Sporting Cristal,2.0,1189.0,Estadio Miguel Grau del Callao,Víctor Carrillo,,https://fbref.com/en/matches/29e638c1/Universidad-San-Martin-Sporting-Cristal-October-28-2015-Torneo-Descentralizado
Liga 1 de Fútbol Profesional,M,PER,2015,1st,Torneo Clausura,13,Fri,2015-10-30,16:30,UTC,2.0,U César Vallejo,1.0,4393.0,Estadio Héroes de San Ramón,Jorge Panta,,https://fbref.com/en/matches/c6eabb50/Universidad-Tecnica-de-Cajamarca-Universidad-Cesar-Vallejo-October-30-2015-Torneo-Descentralizado
Liga 1 de Fútbol Profesional,M,PER,2015,1st,Torneo Clausura,13,Sat,2015-10-31,13:30,Ayacucho,2.0,Dep Municipal,0.0,2429.0,Estadio Ciudad de Cumaná,Henry Gambetta,,https://fbref.com/en/matches/42993c57/Ayacucho-Deportivo-Municipal-October-31-2015-Torneo-Descentralizado
Liga 1 de Fútbol Profesional,M,PER,2015,1st,Torneo Clausura,13,Sat,2015-10-31,16:00,Sporting Cristal,1.0,León Huánuco,1.0,2266.0,Estadio Alberto Gallardo,Iván Chang,,https://fbref.com/en/matches/42fa2cb7/Sporting-Cristal-Leon-de-Huanuco-October-31-2015-Torneo-Descentralizado
Liga 1 de Fútbol Profesional,M,PER,2015,1st,Torneo Clausura,13,Sat,2015-10-31,16:00,Alianza Atlético,2.0,Juan Aurich,2.0,1361.0,Estadio Municipal Melanio Coloma Calderó...,Ramón Blanco,,https://fbref.com/en/matches/a2d614b2/Alianza-Atletico-Juan-Aurich-October-31-2015-Torneo-Descentralizado
Liga 1 de Fútbol Profesional,M,PER,2015,1st,Torneo Clausura,13,Sat,2015-10-31,21:00,Sport Loreto,0.0,Real Garcilaso,1.0,6905.0,Estadio Aliardo Soria Pérez,Joel Alarcón,,https://fbref.com/en/matches/3ebf6ae1/Sport-Loreto-Real-Garcilaso-October-31-2015-Torneo-Descentralizado
Liga 1 de Fútbol Profesional,M,PER,2015,1st,Torneo Clausura,13,Sun,2015-11-01,12:15,Cienciano,1.0,Alianza Lima,0.0,7069.0,Estadio Inca Garcilaso de la Vega,Manuel Garay,,https://fbref.com/en/matches/f3f9dd27/Cienciano-Alianza-Lima-November-1-2015-Torneo-Descentralizado
Liga 1 de Fútbol Profesional,M,PER,2015,1st,Torneo Clausura,13,Sun,2015-11-01,14:30,Unión Comercio,1.0,USMP,2.0,350.0,Estadio del IPD,Eduardo Chirinos,,https://fbref.com/en/matches/205872d3/Union-Comercio-Universidad-San-Martin-November-1-2015-Torneo-Descentralizado
Liga 1 de Fútbol Profesional,M,PER,2015,1st,Torneo Clausura,13,Sun,2015-11-01,17:00,Universitario,2.0,Sport Huancayo,0.0,3279.0,Estadio Monumental,Roberto Mauro,,https://fbref.com/en/matches/aba2c73e/Universitario-Sport-Huancayo-November-1-2015-Torneo-Descentralizado
Liga 1 de Fútbol Profesional,M,PER,2015,1st,Torneo Clausura,14,Tue,2015-11-03,15:30,Dep Municipal,1.0,Cienciano,0.0,963.0,Estadio Iván Elías Moreno,Yovany Quevedo Guerra,,https://fbref.com/en/matches/bb193f1e/Deportivo-Municipal-Cienciano-November-3-2015-Torneo-Descentralizado
Liga 1 de Fútbol Profesional,M,PER,2015,1st,Torneo Clausura,14,Tue,2015-11-03,20:00,U César Vallejo,1.0,Ayacucho,0.0,1165.0,Estadio Mansiche,Luis Seminario,,https://fbref.com/en/matches/35225b22/Universidad-Cesar-Vallejo-Ayacucho-November-3-2015-Torneo-Descentralizado
Liga 1 de Fútbol Profesional,M,PER,2015,1st,Torneo Clausura,14,Wed,2015-11-04,13:15,León Huánuco,3.0,Unión Comercio,3.0,2511.0,Estadio Heraclio Tapia León,Miguel Santiváñez,,https://fbref.com/en/matches/521a700a/Leon-de-Huanuco-Union-Comercio-November-4-2015-Torneo-Descentralizado
Liga 1 de Fútbol Profesional,M,PER,2015,1st,Torneo Clausura,14,Wed,2015-11-04,15:30,Real Garcilaso,4.0,Universitario,2.0,3729.0,Estadio Inca Garcilaso de la Vega,Víctor Carrillo,,https://fbref.com/en/matches/a6a596ed/Real-Garcilaso-Universitario-November-4-2015-Torneo-Descentralizado
Liga 1 de Fútbol Profesional,M,PER,2015,1st,Torneo Clausura,14,Wed,2015-11-04,17:45,USMP,2.0,Alianza Atlético,1.0,304.0,Estadio Miguel Grau del Callao,Renzo Castañeda,,https://fbref.com/en/matches/abe87640/Universidad-San-Martin-Alianza-Atletico-November-4-2015-Torneo-Descentralizado
Liga 1 de Fútbol Profesional,M,PER,2015,1st,Torneo Clausura,14,Wed,2015-11-04,20:00,Alianza Lima,0.0,Melgar,0.0,4424.0,Estadio Alejandro Villanueva,Michael Espinoza,,https://fbref.com/en/matches/8404f3a0/Alianza-Lima-Melgar-November-4-2015-Torneo-Descentralizado
Liga 1 de Fútbol Profesional,M,PER,2015,1st,Torneo Clausura,14,Thu,2015-11-05,13:15,Sport Huancayo,5.0,Sporting Cristal,3.0,4479.0,Estadio Huancayo,Henry Gambetta,,https://fbref.com/en/matches/e2d4f60e/Sport-Huancayo-Sporting-Cristal-November-5-2015-Torneo-Descentralizado
Liga 1 de Fútbol Profesional,M,PER,2015,1st,Torneo Clausura,14,Thu,2015-11-05,15:30,Juan Aurich,0.0,UTC,0.0,739.0,Estadio César Flores Marigorda,Fernando Legario,,https://fbref.com/en/matches/89c8fac6/Juan-Aurich-Universidad-Tecnica-de-Cajamarca-November-5-2015-Torneo-Descentralizado
Liga 1 de Fútbol Profesional,M,PER,2015,1st,Torneo Clausura,15,Sat,2015-11-07,12:30,Cienciano,0.0,U César Vallejo,1.0,4262.0,Estadio Inca Garcilaso de la Vega,Renzo Castañeda,,https://fbref.com/en/matches/d54e5d23/Cienciano-Universidad-Cesar-Vallejo-November-7-2015-Torneo-Descentralizado
Liga 1 de Fútbol Profesional,M,PER,2015,1st,Torneo Clausura,15,Sat,2015-11-07,15:00,Alianza Atlético,1.0,León Huánuco,0.0,1171.0,Estadio Municipal El Coloso de la Fronte...,Michael Espinoza,,https://fbref.com/en/matches/62a28609/Alianza-Atletico-Leon-de-Huanuco-November-7-2015-Torneo-Descentralizado
Liga 1 de Fútbol Profesional,M,PER,2015,1st,Torneo Clausura,15,Sat,2015-11-07,15:00,Sporting Cristal,0.0,Real Garcilaso,0.0,3373.0,Estadio Alberto Gallardo,Luis Seminario,,https://fbref.com/en/matches/9c325838/Sporting-Cristal-Real-Garcilaso-November-7-2015-Torneo-Descentralizado
Liga 1 de Fútbol Profesional,M,PER,2015,1st,Torneo Clausura,15,Sat,2015-11-07,20:00,Melgar,0.0,Dep Municipal,0.0,16064.0,Estadio de la Universidad Nacional San A...,Víctor Carrillo,,https://fbref.com/en/matches/28e0dc30/Melgar-Deportivo-Municipal-November-7-2015-Torneo-Descentralizado
Liga 1 de Fútbol Profesional,M,PER,2015,1st,Torneo Clausura,15,Sun,2015-11-08,11:15,Unión Comercio,2.0,Sport Huancayo,0.0,236.0,Estadio del IPD,Manuel Garay,,https://fbref.com/en/matches/7735d0ba/Union-Comercio-Sport-Huancayo-November-8-2015-Torneo-Descentralizado
Liga 1 de Fútbol Profesional,M,PER,2015,1st,Torneo Clausura,15,Sun,2015-11-08,13:30,Ayacucho,2.0,Juan Aurich,1.0,1271.0,Estadio Ciudad de Cumaná,Jorge Panta,,https://fbref.com/en/matches/8d6f1c4e/Ayacucho-Juan-Aurich-November-8-2015-Torneo-Descentralizado
Liga 1 de Fútbol Profesional,M,PER,2015,1st,Torneo Clausura,15,Sun,2015-11-08,15:30,UTC,1.0,USMP,1.0,6012.0,Estadio Héroes de San Ramón,Joel Alarcón,,https://fbref.com/en/matches/421d04b2/Universidad-Tecnica-de-Cajamarca-Universidad-San-Martin-November-8-2015-Torneo-Descentralizado
Liga 1 de Fútbol Profesional,M,PER,2015,1st,Torneo Clausura,15,Sun,2015-11-08,16:00,Universitario,0.0,Sport Loreto,0.0,3354.0,Estadio Monumental,Yovany Quevedo Guerra,,https://fbref.com/en/matches/daa0e525/Universitario-Sport-Loreto-November-8-2015-Torneo-Descentralizado
Liga 1 de Fútbol Profesional,M,PER,2015,1st,Torneo Clausura,10,Sun,2015-11-15,13:00,Cienciano,1.0,Ayacucho,1.0,8100.0,Estadio Inca Garcilaso de la Vega,Diego Haro,,https://fbref.com/en/matches/9ee75f39/Cienciano-Ayacucho-November-15-2015-Torneo-Descentralizado
Liga 1 de Fútbol Profesional,M,PER,2015,1st,Torneo Clausura,7,Sun,2015-11-15,16:30,Universitario,1.0,Alianza Lima,1.0,14730.0,Estadio Monumental,Manuel Garay,,https://fbref.com/en/matches/cc4a0b5c/Universitario-Alianza-Lima-November-15-2015-Torneo-Descentralizado
Liga 1 de Fútbol Profesional,M,PER,2015,1st,Torneo Clausura,16,Fri,2015-11-20,15:30,León Huánuco,2.0,UTC,0.0,3080.0,Estadio Heraclio Tapia León,Víctor Carrillo,,https://fbref.com/en/matches/70bbde5c/Leon-de-Huanuco-Universidad-Tecnica-de-Cajamarca-November-20-2015-Torneo-Descentralizado
Liga 1 de Fútbol Profesional,M,PER,2015,1st,Torneo Clausura,16,Fri,2015-11-20,20:00,USMP,3.0,Ayacucho,0.0,312.0,Estadio Alberto Gallardo,Henry Gambetta,,https://fbref.com/en/matches/d1d2a3a5/Universidad-San-Martin-Ayacucho-November-20-2015-Torneo-Descentralizado
Liga 1 de Fútbol Profesional,M,PER,2015,1st,Torneo Clausura,16,Sat,2015-11-21,12:30,Sport Huancayo,4.0,Alianza Atlético,0.0,1054.0,Estadio Huancayo,Giuliano Rodríguez,,https://fbref.com/en/matches/7a087b00/Sport-Huancayo-Alianza-Atletico-November-21-2015-Torneo-Descentralizado
Liga 1 de Fútbol Profesional,M,PER,2015,1st,Torneo Clausura,16,Sat,2015-11-21,15:00,Sport Loreto,2.0,Sporting Cristal,2.0,13680.0,Estadio Huancayo,Ramón Blanco,,https://fbref.com/en/matches/cd6d8588/Sport-Loreto-Sporting-Cristal-November-21-2015-Torneo-Descentralizado
Liga 1 de Fútbol Profesional,M,PER,2015,1st,Torneo Clausura,16,Sat,2015-11-21,20:00,U César Vallejo,1.0,Melgar,0.0,1667.0,Estadio Mansiche,Miguel Santiváñez,,https://fbref.com/en/matches/487d89d6/Universidad-Cesar-Vallejo-Melgar-November-21-2015-Torneo-Descentralizado
Liga 1 de Fútbol Profesional,M,PER,2015,1st,Torneo Clausura,16,Sun,2015-11-22,11:15,Real Garcilaso,2.0,Unión Comercio,1.0,1406.0,Estadio Inca Garcilaso de la Vega,Yovany Quevedo Guerra,,https://fbref.com/en/matches/9d730cd8/Real-Garcilaso-Union-Comercio-November-22-2015-Torneo-Descentralizado
Liga 1 de Fútbol Profesional,M,PER,2015,1st,Torneo Clausura,16,Sun,2015-11-22,13:00,Juan Aurich,2.0,Cienciano,2.0,735.0,Estadio Elías Aguirre,Iván Chang,,https://fbref.com/en/matches/5e930e8d/Juan-Aurich-Cienciano-November-22-2015-Torneo-Descentralizado
Liga 1 de Fútbol Profesional,M,PER,2015,1st,Torneo Clausura,16,Sun,2015-11-22,15:30,Dep Municipal,2.0,Alianza Lima,1.0,4016.0,Estadio Iván Elías Moreno,Diego Haro,,https://fbref.com/en/matches/8a6fd8c0/Deportivo-Municipal-Alianza-Lima-November-22-2015-Torneo-Descentralizado
Liga 1 de Fútbol Profesional,M,PER,2015,1st,Torneo Clausura,7,Tue,2015-11-24,17:30,Sporting Cristal,2.0,Melgar,2.0,3775.0,Estadio Alberto Gallardo,Manuel Garay,,https://fbref.com/en/matches/c3e44e7e/Sporting-Cristal-Melgar-November-24-2015-Torneo-Descentralizado
Liga 1 de Fútbol Profesional,M,PER,2015,1st,Torneo Clausura,8,Wed,2015-11-25,15:15,Juan Aurich,1.0,Real Garcilaso,3.0,348.0,Estadio Elías Aguirre,Eduardo Chirinos,,https://fbref.com/en/matches/2597bc0a/Juan-Aurich-Real-Garcilaso-November-25-2015-Torneo-Descentralizado
Liga 1 de Fútbol Profesional,M,PER,2015,1st,Torneo Clausura,8,Wed,2015-11-25,17:30,USMP,1.0,Sport Huancayo,1.0,402.0,Estadio Alberto Gallardo,Ramón Blanco,,https://fbref.com/en/matches/39b5ec44/Universidad-San-Martin-Sport-Huancayo-November-25-2015-Torneo-Descentralizado
Liga 1 de Fútbol Profesional,M,PER,2015,1st,Torneo Clausura,8,Wed,2015-11-25,22:00,U César Vallejo,4.0,Sport Loreto,2.0,1080.0,Estadio Mansiche,Iván Chang,,https://fbref.com/en/matches/2c53de08/Universidad-Cesar-Vallejo-Sport-Loreto-November-25-2015-Torneo-Descentralizado
Liga 1 de Fútbol Profesional,M,PER,2015,1st,Torneo Clausura,8,Thu,2015-11-26,22:00,Alianza Lima,2.0,Sporting Cristal,0.0,7882.0,Estadio Alejandro Villanueva,Henry Gambetta,,https://fbref.com/en/matches/10bea937/Alianza-Lima-Sporting-Cristal-November-26-2015-Torneo-Descentralizado
Liga 1 de Fútbol Profesional,M,PER,2015,1st,Torneo Clausura,17,Sun,2015-11-29,15:30,Alianza Lima,2.0,U César Vallejo,2.0,7971.0,Estadio Alejandro Villanueva,Michael Espinoza,,https://fbref.com/en/matches/138a4584/Alianza-Lima-Universidad-Cesar-Vallejo-November-29-2015-Torneo-Descentralizado
Liga 1 de Fútbol Profesional,M,PER,2015,1st,Torneo Clausura,17,Sun,2015-11-29,15:30,Ayacucho,2.0,León Huánuco,0.0,10215.0,Estadio Ciudad de Cumaná,Manuel Garay,,https://fbref.com/en/matches/25069f46/Ayacucho-Leon-de-Huanuco-November-29-2015-Torneo-Descentralizado
Liga 1 de Fútbol Profesional,M,PER,2015,1st,Torneo Clausura,17,Sun,2015-11-29,15:30,UTC,2.0,Sport Huancayo,0.0,3532.0,Estadio Héroes de San Ramón,Fernando Legario,,https://fbref.com/en/matches/3129c1af/Universidad-Tecnica-de-Cajamarca-Sport-Huancayo-November-29-2015-Torneo-Descentralizado
Liga 1 de Fútbol Profesional,M,PER,2015,1st,Torneo Clausura,17,Sun,2015-11-29,15:30,Cienciano,3.0,USMP,0.0,17332.0,Estadio Inca Garcilaso de la Vega,Renzo Castañeda,,https://fbref.com/en/matches/62623822/Cienciano-Universidad-San-Martin-November-29-2015-Torneo-Descentralizado
Liga 1 de Fútbol Profesional,M,PER,2015,1st,Torneo Clausura,17,Sun,2015-11-29,15:30,Melgar,4.0,Juan Aurich,1.0,24187.0,Estadio de la Universidad Nacional San A...,Luis Seminario,,https://fbref.com/en/matches/79286911/Melgar-Juan-Aurich-November-29-2015-Torneo-Descentralizado
Liga 1 de Fútbol Profesional,M,PER,2015,1st,Torneo Clausura,17,Sun,2015-11-29,15:30,Unión Comercio,5.0,Sport Loreto,2.0,664.0,Estadio del IPD,Miguel Santiváñez,,https://fbref.com/en/matches/c17bcad4/Union-Comercio-Sport-Loreto-November-29-2015-Torneo-Descentralizado
Liga 1 de Fútbol Profesional,M,PER,2015,1st,Torneo Clausura,17,Sun,2015-11-29,15:30,Sporting Cristal,1.0,Universitario,2.0,11287.0,Estadio Nacional,Diego Haro,,https://fbref.com/en/matches/c9513a6a/Sporting-Cristal-Universitario-November-29-2015-Torneo-Descentralizado
Liga 1 de Fútbol Profesional,M,PER,2015,1st,Torneo Clausura,17,Sun,2015-11-29,15:30,Alianza Atlético,3.0,Real Garcilaso,1.0,1600.0,Estadio Municipal Melanio Coloma Calderó...,José Martínez,,https://fbref.com/en/matches/eff5c761/Alianza-Atletico-Real-Garcilaso-November-29-2015-Torneo-Descentralizado
Liga 1 de Fútbol Profesional,M,PER,2015,1st,Clausura play-off,,Wed,2015-12-02,19:30,Melgar,1.0,Real Garcilaso,1.0,1009.0,Estadio Miguel Grau del Callao,Manuel Garay,Melgar won on penalty kicks following extra time,https://fbref.com/en/matches/02521756/Melgar-Real-Garcilaso-December-2-2015-Torneo-Descentralizado
Liga 1 de Fútbol Profesional,M,PER,2015,1st,Semi-finals,,Sun,2015-12-06,13:00,Melgar,1.0,Real Garcilaso,0.0,31806.0,Estadio de la Universidad Nacional San A...,Diego Haro,Leg 1 of 2,https://fbref.com/en/matches/be29982d/Melgar-Real-Garcilaso-December-6-2015-Torneo-Descentralizado
Liga 1 de Fútbol Profesional,M,PER,2015,1st,Semi-finals,,Sun,2015-12-06,15:30,Sporting Cristal,3.0,U César Vallejo,1.0,7018.0,Estadio Alberto Gallardo,Luis Seminario,Leg 1 of 2,https://fbref.com/en/matches/a29ac248/Sporting-Cristal-Universidad-Cesar-Vallejo-December-6-2015-Torneo-Descentralizado
Liga 1 de Fútbol Profesional,M,PER,2015,1st,Semi-finals,,Wed,2015-12-09,13:00,U César Vallejo,4.0,Sporting Cristal,3.0,9284.0,Estadio Mansiche,Manuel Garay,Leg 2 of 2; Sporting Cristal won,https://fbref.com/en/matches/09b4e434/Universidad-Cesar-Vallejo-Sporting-Cristal-December-9-2015-Torneo-Descentralizado
Liga 1 de Fútbol Profesional,M,PER,2015,1st,Semi-finals,,Wed,2015-12-09,15:30,Real Garcilaso,0.0,Melgar,4.0,12350.0,Estadio Inca Garcilaso de la Vega,Michael Espinoza,Leg 2 of 2; Melgar won,https://fbref.com/en/matches/17b8c6f5/Real-Garcilaso-Melgar-December-9-2015-Torneo-Descentralizado
Liga 1 de Fútbol Profesional,M,PER,2015,1st,Third-place play-off,,Sat,2015-12-12,15:30,Real Garcilaso,1.0,U César Vallejo,0.0,719.0,Estadio Inca Garcilaso de la Vega,Luis Seminario,Leg 1 of 2,https://fbref.com/en/matches/0872a904/Real-Garcilaso-Universidad-Cesar-Vallejo-December-12-2015-Torneo-Descentralizado
Liga 1 de Fútbol Profesional,M,PER,2015,1st,Finals,,Sun,2015-12-13,15:30,Sporting Cristal,2.0,Melgar,2.0,21955.0,Estadio Alberto Gallardo,Diego Haro,Leg 1 of 2,https://fbref.com/en/matches/77b8c2e3/Sporting-Cristal-Melgar-December-13-2015-Torneo-Descentralizado
Liga 1 de Fútbol Profesional,M,PER,2015,1st,Third-place play-off,,Tue,2015-12-15,15:30,U César Vallejo,3.0,Real Garcilaso,0.0,2453.0,Estadio Mansiche,Manuel Garay,Leg 2 of 2; U César Vallejo won,https://fbref.com/en/matches/b261e6f5/Universidad-Cesar-Vallejo-Real-Garcilaso-December-15-2015-Torneo-Descentralizado
Liga 1 de Fútbol Profesional,M,PER,2015,1st,Finals,,Wed,2015-12-16,15:30,Melgar,3.0,Sporting Cristal,2.0,35565.0,Estadio de la Universidad Nacional San A...,Luis Garay Evia,Leg 2 of 2; Melgar won,https://fbref.com/en/matches/0583b756/Melgar-Sporting-Cristal-December-16-2015-Torneo-Descentralizado
Liga 1 de Fútbol Profesional,M,PER,2016,1st,Torneo Apertura,1,Fri,2016-02-05,15:30,UTC,1.0,Melgar,3.0,6749.0,Estadio Héroes de San Ramón,Henry Gambetta,,https://fbref.com/en/matches/1b9df182/Universidad-Tecnica-de-Cajamarca-Melgar-February-5-2016-Torneo-Descentralizado
Liga 1 de Fútbol Profesional,M,PER,2016,1st,Torneo Apertura,1,Fri,2016-02-05,20:00,USMP,0.0,Dep Municipal,1.0,1215.0,Estadio Miguel Grau del Callao,Renzo Castañeda,,https://fbref.com/en/matches/ea6aa03f/Universidad-San-Martin-Deportivo-Municipal-February-5-2016-Torneo-Descentralizado
Liga 1 de Fútbol Profesional,M,PER,2016,1st,Torneo Apertura,1,Sat,2016-02-06,15:00,Sporting Cristal,0.0,Sport Huancayo,0.0,4550.0,Estadio Alberto Gallardo,Joel Alarcón,,https://fbref.com/en/matches/bb4b76e1/Sporting-Cristal-Sport-Huancayo-February-6-2016-Torneo-Descentralizado
Liga 1 de Fútbol Profesional,M,PER,2016,1st,Torneo Apertura,1,Sat,2016-02-06,17:45,Juan Aurich,2.0,La Bocana,1.0,3672.0,Estadio Elías Aguirre,Ramón Blanco,,https://fbref.com/en/matches/721b0588/Juan-Aurich-Defensor-La-Bocana-February-6-2016-Torneo-Descentralizado
Liga 1 de Fútbol Profesional,M,PER,2016,1st,Torneo Apertura,1,Sat,2016-02-06,20:00,U César Vallejo,1.0,Comerciantes,1.0,1617.0,Estadio Mansiche,Kevin Ortega,,https://fbref.com/en/matches/000c3106/Universidad-Cesar-Vallejo-Comerciantes-Unidos-February-6-2016-Torneo-Descentralizado
Liga 1 de Fútbol Profesional,M,PER,2016,1st,Torneo Apertura,1,Sun,2016-02-07,11:00,Unión Comercio,2.0,Real Garcilaso,1.0,1040.0,Estadio Municipal de Nueva Cajamarca,Fernando Legario,,https://fbref.com/en/matches/1720c659/Union-Comercio-Real-Garcilaso-February-7-2016-Torneo-Descentralizado
Liga 1 de Fútbol Profesional,M,PER,2016,1st,Torneo Apertura,1,Sun,2016-02-07,13:30,Ayacucho,2.0,Universitario,5.0,9794.0,Estadio Ciudad de Cumaná,Michael Espinoza,,https://fbref.com/en/matches/ad898bca/Ayacucho-Universitario-February-7-2016-Torneo-Descentralizado
Liga 1 de Fútbol Profesional,M,PER,2016,1st,Torneo Apertura,1,Sun,2016-02-07,16:00,Alianza Lima,2.0,Alianza Atlético,1.0,2897.0,Estadio Alejandro Villanueva,Jorge Panta,,https://fbref.com/en/matches/28a55d00/Alianza-Lima-Alianza-Atletico-February-7-2016-Torneo-Descentralizado
Liga 1 de Fútbol Profesional,M,PER,2016,1st,Torneo Apertura,2,Tue,2016-02-09,13:15,Sport Huancayo,2.0,UTC,2.0,2380.0,Estadio Huancayo,José Martínez,,https://fbref.com/en/matches/92e38e25/Sport-Huancayo-Universidad-Tecnica-de-Cajamarca-February-9-2016-Torneo-Descentralizado
Liga 1 de Fútbol Profesional,M,PER,2016,1st,Torneo Apertura,2,Tue,2016-02-09,15:30,La Bocana,1.0,Ayacucho,1.0,2482.0,Estadio Sesquicentenario,Micke Palomino,,https://fbref.com/en/matches/77db08fd/Defensor-La-Bocana-Ayacucho-February-9-2016-Torneo-Descentralizado
Liga 1 de Fútbol Profesional,M,PER,2016,1st,Torneo Apertura,2,Tue,2016-02-09,20:00,Melgar,1.0,Sporting Cristal,2.0,24551.0,Estadio de la Universidad Nacional San A...,Miguel Santiváñez,,https://fbref.com/en/matches/ea64fddb/Melgar-Sporting-Cristal-February-9-2016-Torneo-Descentralizado
Liga 1 de Fútbol Profesional,M,PER,2016,1st,Torneo Apertura,2,Wed,2016-02-10,13:15,Alianza Atlético,4.0,Unión Comercio,1.0,1170.0,Estadio Municipal Melanio Coloma Calderó...,Augusto Menéndez,,https://fbref.com/en/matches/6267043b/Alianza-Atletico-Union-Comercio-February-10-2016-Torneo-Descentralizado
Liga 1 de Fútbol Profesional,M,PER,2016,1st,Torneo Apertura,2,Wed,2016-02-10,15:30,Comerciantes,1.0,USMP,2.0,4124.0,Estadio Juan Maldonado Gamarra,Eduardo Chirinos,,https://fbref.com/en/matches/1189aa2e/Comerciantes-Unidos-Universidad-San-Martin-February-10-2016-Torneo-Descentralizado
Liga 1 de Fútbol Profesional,M,PER,2016,1st,Torneo Apertura,2,Wed,2016-02-10,15:30,Dep Municipal,1.0,Alianza Lima,2.0,7176.0,Estadio Iván Elías Moreno,Diego Haro,,https://fbref.com/en/matches/bc3efefe/Deportivo-Municipal-Alianza-Lima-February-10-2016-Torneo-Descentralizado
Liga 1 de Fútbol Profesional,M,PER,2016,1st,Torneo Apertura,2,Thu,2016-02-11,20:00,Universitario,2.0,Juan Aurich,2.0,23057.0,Estadio Monumental,Henry Gambetta,,https://fbref.com/en/matches/59fd7103/Universitario-Juan-Aurich-February-11-2016-Torneo-Descentralizado
Liga 1 de Fútbol Profesional,M,PER,2016,1st,Torneo Apertura,3,Sat,2016-02-13,12:30,Ayacucho,0.0,Melgar,3.0,2542.0,Estadio Ciudad de Cumaná,Diego Haro,,https://fbref.com/en/matches/e1b377cb/Ayacucho-Melgar-February-13-2016-Torneo-Descentralizado
Liga 1 de Fútbol Profesional,M,PER,2016,1st,Torneo Apertura,3,Sat,2016-02-13,15:00,Sporting Cristal,1.0,Comerciantes,1.0,3754.0,Estadio Alberto Gallardo,Luis Seminario,,https://fbref.com/en/matches/823225b8/Sporting-Cristal-Comerciantes-Unidos-February-13-2016-Torneo-Descentralizado
Liga 1 de Fútbol Profesional,M,PER,2016,1st,Torneo Apertura,3,Sat,2016-02-13,20:00,U César Vallejo,1.0,Alianza Atlético,2.0,1247.0,Estadio Mansiche,Joel Alarcón,,https://fbref.com/en/matches/87152dc4/Universidad-Cesar-Vallejo-Alianza-Atletico-February-13-2016-Torneo-Descentralizado
Liga 1 de Fútbol Profesional,M,PER,2016,1st,Torneo Apertura,3,Sun,2016-02-14,13:30,Unión Comercio,0.0,Alianza Lima,3.0,2138.0,Estadio Municipal de Nueva Cajamarca,Miguel Santiváñez,,https://fbref.com/en/matches/00dc3b40/Union-Comercio-Alianza-Lima-February-14-2016-Torneo-Descentralizado
Liga 1 de Fútbol Profesional,M,PER,2016,1st,Torneo Apertura,3,Sun,2016-02-14,16:00,Universitario,3.0,La Bocana,0.0,17847.0,Estadio Monumental,Eduardo Chirinos,,https://fbref.com/en/matches/08ef386d/Universitario-Defensor-La-Bocana-February-14-2016-Torneo-Descentralizado
Liga 1 de Fútbol Profesional,M,PER,2016,1st,Torneo Apertura,3,Sun,2016-02-14,18:15,USMP,1.0,Real Garcilaso,3.0,389.0,Estadio Miguel Grau del Callao,Jorge Panta,,https://fbref.com/en/matches/e7afce01/Universidad-San-Martin-Real-Garcilaso-February-14-2016-Torneo-Descentralizado
Liga 1 de Fútbol Profesional,M,PER,2016,1st,Torneo Apertura,3,Sun,2016-02-14,20:30,Juan Aurich,1.0,Sport Huancayo,0.0,2243.0,Estadio Elías Aguirre,Kevin Ortega,,https://fbref.com/en/matches/6b8aac70/Juan-Aurich-Sport-Huancayo-February-14-2016-Torneo-Descentralizado
Liga 1 de Fútbol Profesional,M,PER,2016,1st,Torneo Apertura,3,Mon,2016-02-15,15:30,UTC,2.0,Dep Municipal,2.0,7376.0,Estadio Héroes de San Ramón,Jesús Cartagena,,https://fbref.com/en/matches/4b018b3a/Universidad-Tecnica-de-Cajamarca-Deportivo-Municipal-February-15-2016-Torneo-Descentralizado
Liga 1 de Fútbol Profesional,M,PER,2016,1st,Torneo Apertura,4,Sat,2016-02-20,12:30,Sport Huancayo,0.0,Universitario,0.0,9077.0,Estadio Huancayo,Luis Garay Evia,,https://fbref.com/en/matches/b14678aa/Sport-Huancayo-Universitario-February-20-2016-Torneo-Descentralizado
Liga 1 de Fútbol Profesional,M,PER,2016,1st,Torneo Apertura,4,Sat,2016-02-20,15:00,Dep Municipal,0.0,Ayacucho,0.0,1104.0,Estadio Iván Elías Moreno,Jorge Panta,,https://fbref.com/en/matches/76d60959/Deportivo-Municipal-Ayacucho-February-20-2016-Torneo-Descentralizado
Liga 1 de Fútbol Profesional,M,PER,2016,1st,Torneo Apertura,4,Sat,2016-02-20,15:30,Comerciantes,1.0,UTC,0.0,2993.0,Estadio Juan Maldonado Gamarra,Renzo Castañeda,,https://fbref.com/en/matches/196ec9f7/Comerciantes-Unidos-Universidad-Tecnica-de-Cajamarca-February-20-2016-Torneo-Descentralizado
Liga 1 de Fútbol Profesional,M,PER,2016,1st,Torneo Apertura,4,Sat,2016-02-20,15:30,La Bocana,3.0,Unión Comercio,3.0,1979.0,Estadio Municipal Bernales,Giuliano Rodríguez,,https://fbref.com/en/matches/e5f15817/Defensor-La-Bocana-Union-Comercio-February-20-2016-Torneo-Descentralizado
Liga 1 de Fútbol Profesional,M,PER,2016,1st,Torneo Apertura,4,Sat,2016-02-20,20:00,Melgar,2.0,Juan Aurich,3.0,6526.0,Estadio de la Universidad Nacional San A...,Luis Seminario,,https://fbref.com/en/matches/16430e3f/Melgar-Juan-Aurich-February-20-2016-Torneo-Descentralizado
Liga 1 de Fútbol Profesional,M,PER,2016,1st,Torneo Apertura,4,Sun,2016-02-21,11:15,Alianza Atlético,3.0,USMP,0.0,1399.0,Estadio Municipal Melanio Coloma Calderó...,Ramón Blanco,,https://fbref.com/en/matches/d7d3f998/Alianza-Atletico-Universidad-San-Martin-February-21-2016-Torneo-Descentralizado
Liga 1 de Fútbol Profesional,M,PER,2016,1st,Torneo Apertura,4,Sun,2016-02-21,13:30,Real Garcilaso,1.0,Sporting Cristal,1.0,4565.0,Estadio Inca Garcilaso de la Vega,Michael Espinoza,,https://fbref.com/en/matches/6c4431dc/Real-Garcilaso-Sporting-Cristal-February-21-2016-Torneo-Descentralizado
Liga 1 de Fútbol Profesional,M,PER,2016,1st,Torneo Apertura,4,Sun,2016-02-21,16:00,Alianza Lima,1.0,U César Vallejo,1.0,29323.0,Estadio Nacional,Víctor Carrillo,,https://fbref.com/en/matches/416546ed/Alianza-Lima-Universidad-Cesar-Vallejo-February-21-2016-Torneo-Descentralizado
Liga 1 de Fútbol Profesional,M,PER,2016,1st,Torneo Apertura,5,Tue,2016-02-23,13:15,Ayacucho,1.0,Comerciantes,0.0,1721.0,Estadio Ciudad de Cumaná,José Martínez,,https://fbref.com/en/matches/b7a4fb4c/Ayacucho-Comerciantes-Unidos-February-23-2016-Torneo-Descentralizado
Liga 1 de Fútbol Profesional,M,PER,2016,1st,Torneo Apertura,5,Tue,2016-02-23,15:30,La Bocana,1.0,Sport Huancayo,2.0,1470.0,Estadio Municipal Bernales,Henry Gambetta,,https://fbref.com/en/matches/3d19b904/Defensor-La-Bocana-Sport-Huancayo-February-23-2016-Torneo-Descentralizado
Liga 1 de Fútbol Profesional,M,PER,2016,1st,Torneo Apertura,5,Tue,2016-02-23,20:00,Juan Aurich,2.0,Dep Municipal,3.0,3130.0,Estadio Elías Aguirre,Víctor Carrillo,,https://fbref.com/en/matches/0e24b9bf/Juan-Aurich-Deportivo-Municipal-February-23-2016-Torneo-Descentralizado
Liga 1 de Fútbol Profesional,M,PER,2016,1st,Torneo Apertura,5,Wed,2016-02-24,13:15,Sporting Cristal,3.0,Alianza Atlético,0.0,1907.0,Estadio Alberto Gallardo,Iván Chang,,https://fbref.com/en/matches/7aaf1056/Sporting-Cristal-Alianza-Atletico-February-24-2016-Torneo-Descentralizado
Liga 1 de Fútbol Profesional,M,PER,2016,1st,Torneo Apertura,5,Thu,2016-02-25,20:00,U César Vallejo,0.0,Unión Comercio,0.0,1383.0,Estadio Mansiche,Fernando Legario,,https://fbref.com/en/matches/7e7c9b83/Universidad-Cesar-Vallejo-Union-Comercio-February-25-2016-Torneo-Descentralizado
Liga 1 de Fútbol Profesional,M,PER,2016,1st,Torneo Apertura,6,Sat,2016-02-27,12:30,Real Garcilaso,2.0,Ayacucho,0.0,1035.0,Estadio Inca Garcilaso de la Vega,Luis Seminario,,https://fbref.com/en/matches/c0ca1fe8/Real-Garcilaso-Ayacucho-February-27-2016-Torneo-Descentralizado
Liga 1 de Fútbol Profesional,M,PER,2016,1st,Torneo Apertura,6,Sat,2016-02-27,15:00,Melgar,2.0,La Bocana,2.0,3127.0,Estadio de la Universidad Nacional San A...,Joel Alarcón,,https://fbref.com/en/matches/f1a44c9b/Melgar-Defensor-La-Bocana-February-27-2016-Torneo-Descentralizado
Liga 1 de Fútbol Profesional,M,PER,2016,1st,Torneo Apertura,6,Sat,2016-02-27,15:30,Comerciantes,1.0,Juan Aurich,1.0,3207.0,Estadio Juan Maldonado Gamarra,Diego Haro,,https://fbref.com/en/matches/ccd33b4f/Comerciantes-Unidos-Juan-Aurich-February-27-2016-Torneo-Descentralizado
Liga 1 de Fútbol Profesional,M,PER,2016,1st,Torneo Apertura,6,Sat,2016-02-27,19:45,Alianza Lima,2.0,Sporting Cristal,4.0,17737.0,Estadio Alejandro Villanueva,Luis Garay Evia,,https://fbref.com/en/matches/707a3ae6/Alianza-Lima-Sporting-Cristal-February-27-2016-Torneo-Descentralizado
Liga 1 de Fútbol Profesional,M,PER,2016,1st,Torneo Apertura,6,Sun,2016-02-28,11:15,Unión Comercio,1.0,USMP,0.0,383.0,Estadio del IPD,Yovany Quevedo Guerra,,https://fbref.com/en/matches/53bb75c5/Union-Comercio-Universidad-San-Martin-February-28-2016-Torneo-Descentralizado
Liga 1 de Fútbol Profesional,M,PER,2016,1st,Torneo Apertura,6,Sun,2016-02-28,13:30,Sport Huancayo,2.0,U César Vallejo,0.0,2236.0,Estadio Huancayo,Renzo Castañeda,,https://fbref.com/en/matches/57531dea/Sport-Huancayo-Universidad-Cesar-Vallejo-February-28-2016-Torneo-Descentralizado
Liga 1 de Fútbol Profesional,M,PER,2016,1st,Torneo Apertura,6,Sun,2016-02-28,16:00,Dep Municipal,1.0,Universitario,4.0,21558.0,Estadio Nacional,Miguel Santiváñez,,https://fbref.com/en/matches/8da25849/Deportivo-Municipal-Universitario-February-28-2016-Torneo-Descentralizado
Liga 1 de Fútbol Profesional,M,PER,2016,1st,Torneo Apertura,6,Mon,2016-02-29,13:30,Alianza Atlético,2.0,UTC,0.0,942.0,Estadio Municipal Melanio Coloma Calderó...,Micke Palomino,,https://fbref.com/en/matches/d297f34d/Alianza-Atletico-Universidad-Tecnica-de-Cajamarca-February-29-2016-Torneo-Descentralizado
Liga 1 de Fútbol Profesional,M,PER,2016,1st,Torneo Apertura,7,Fri,2016-03-04,15:30,La Bocana,4.0,Dep Municipal,1.0,3087.0,Estadio Municipal Bernales,Fernando Legario,,https://fbref.com/en/matches/1f442e5d/Defensor-La-Bocana-Deportivo-Municipal-March-4-2016-Torneo-Descentralizado
Liga 1 de Fútbol Profesional,M,PER,2016,1st,Torneo Apertura,7,Fri,2016-03-04,20:00,Juan Aurich,2.0,Real Garcilaso,2.0,2220.0,Estadio Elías Aguirre,Eduardo Chirinos,,https://fbref.com/en/matches/9d039045/Juan-Aurich-Real-Garcilaso-March-4-2016-Torneo-Descentralizado
Liga 1 de Fútbol Profesional,M,PER,2016,1st,Torneo Apertura,7,Sat,2016-03-05,15:00,Sporting Cristal,2.0,Unión Comercio,1.0,2155.0,Estadio Alberto Gallardo,Henry Gambetta,,https://fbref.com/en/matches/bc19137b/Sporting-Cristal-Union-Comercio-March-5-2016-Torneo-Descentralizado
Liga 1 de Fútbol Profesional,M,PER,2016,1st,Torneo Apertura,7,Sat,2016-03-05,17:45,USMP,1.0,U César Vallejo,0.0,361.0,Estadio Miguel Grau del Callao,Jorge Panta,,https://fbref.com/en/matches/7eaadb3e/Universidad-San-Martin-Universidad-Cesar-Vallejo-March-5-2016-Torneo-Descentralizado
Liga 1 de Fútbol Profesional,M,PER,2016,1st,Torneo Apertura,7,Sat,2016-03-05,20:00,Universitario,2.0,Comerciantes,0.0,1345.0,Estadio Nacional,Ramón Blanco,,https://fbref.com/en/matches/6c1433d3/Universitario-Comerciantes-Unidos-March-5-2016-Torneo-Descentralizado
Liga 1 de Fútbol Profesional,M,PER,2016,1st,Torneo Apertura,7,Sun,2016-03-06,11:15,Ayacucho,1.0,Alianza Atlético,0.0,2808.0,Estadio Ciudad de Cumaná,Hibert Villegas,,https://fbref.com/en/matches/a0a011f2/Ayacucho-Alianza-Atletico-March-6-2016-Torneo-Descentralizado
Liga 1 de Fútbol Profesional,M,PER,2016,1st,Torneo Apertura,7,Sun,2016-03-06,13:30,Sport Huancayo,0.0,Melgar,0.0,2385.0,Estadio Huancayo,Diego Haro,,https://fbref.com/en/matches/ed5f8511/Sport-Huancayo-Melgar-March-6-2016-Torneo-Descentralizado
Liga 1 de Fútbol Profesional,M,PER,2016,1st,Torneo Apertura,7,Sun,2016-03-06,16:00,UTC,1.0,Alianza Lima,0.0,8041.0,Estadio Héroes de San Ramón,Miguel Santiváñez,,https://fbref.com/en/matches/015faf2d/Universidad-Tecnica-de-Cajamarca-Alianza-Lima-March-6-2016-Torneo-Descentralizado
Liga 1 de Fútbol Profesional,M,PER,2016,1st,Torneo Apertura,8,Wed,2016-03-09,11:00,Real Garcilaso,1.0,Universitario,0.0,4416.0,Estadio Inca Garcilaso de la Vega,Víctor Carrillo,,https://fbref.com/en/matches/f893ce3e/Real-Garcilaso-Universitario-March-9-2016-Torneo-Descentralizado
Liga 1 de Fútbol Profesional,M,PER,2016,1st,Torneo Apertura,8,Wed,2016-03-09,13:15,Unión Comercio,1.0,UTC,1.0,310.0,Estadio del IPD,Luis Seminario,,https://fbref.com/en/matches/316c420d/Union-Comercio-Universidad-Tecnica-de-Cajamarca-March-9-2016-Torneo-Descentralizado
Liga 1 de Fútbol Profesional,M,PER,2016,1st,Torneo Apertura,8,Wed,2016-03-09,15:30,Dep Municipal,2.0,Sport Huancayo,0.0,988.0,Estadio Iván Elías Moreno,Joel Alarcón,,https://fbref.com/en/matches/bc02108c/Deportivo-Municipal-Sport-Huancayo-March-9-2016-Torneo-Descentralizado
Liga 1 de Fútbol Profesional,M,PER,2016,1st,Torneo Apertura,8,Wed,2016-03-09,17:45,USMP,2.0,Melgar,1.0,331.0,Estadio Miguel Grau del Callao,Luis Garay Evia,,https://fbref.com/en/matches/22990ae0/Universidad-San-Martin-Melgar-March-9-2016-Torneo-Descentralizado
Liga 1 de Fútbol Profesional,M,PER,2016,1st,Torneo Apertura,8,Wed,2016-03-09,20:00,Alianza Lima,4.0,Ayacucho,1.0,4848.0,Estadio Alejandro Villanueva,Renzo Castañeda,,https://fbref.com/en/matches/cd427d2b/Alianza-Lima-Ayacucho-March-9-2016-Torneo-Descentralizado
Liga 1 de Fútbol Profesional,M,PER,2016,1st,Torneo Apertura,8,Thu,2016-03-10,13:30,Alianza Atlético,3.0,Juan Aurich,1.0,1106.0,Estadio Municipal Melanio Coloma Calderó...,Henry Gambetta,,https://fbref.com/en/matches/b9d9ef60/Alianza-Atletico-Juan-Aurich-March-10-2016-Torneo-Descentralizado
Liga 1 de Fútbol Profesional,M,PER,2016,1st,Torneo Apertura,8,Thu,2016-03-10,15:30,Comerciantes,4.0,La Bocana,1.0,1839.0,Estadio Juan Maldonado Gamarra,Gerson Huiman,,https://fbref.com/en/matches/3db40fe6/Comerciantes-Unidos-Defensor-La-Bocana-March-10-2016-Torneo-Descentralizado
Liga 1 de Fútbol Profesional,M,PER,2016,1st,Torneo Apertura,9,Sat,2016-03-12,12:30,Ayacucho,2.0,Unión Comercio,1.0,1810.0,Estadio Ciudad de Cumaná,Diego Jaimes,,https://fbref.com/en/matches/e95c26fa/Ayacucho-Union-Comercio-March-12-2016-Torneo-Descentralizado
Liga 1 de Fútbol Profesional,M,PER,2016,1st,Torneo Apertura,9,Sat,2016-03-12,15:00,Sporting Cristal,1.0,USMP,1.0,2471.0,Estadio Alberto Gallardo,Víctor Carrillo,,https://fbref.com/en/matches/4de2dfba/Sporting-Cristal-Universidad-San-Martin-March-12-2016-Torneo-Descentralizado
Liga 1 de Fútbol Profesional,M,PER,2016,1st,Torneo Apertura,9,Sat,2016-03-12,17:45,Melgar,1.0,Dep Municipal,1.0,4559.0,Estadio de la Universidad Nacional San A...,Henry Gambetta,,https://fbref.com/en/matches/0814469f/Melgar-Deportivo-Municipal-March-12-2016-Torneo-Descentralizado
Liga 1 de Fútbol Profesional,M,PER,2016,1st,Torneo Apertura,9,Sat,2016-03-12,20:00,Juan Aurich,1.0,Alianza Lima,1.0,8552.0,Estadio Elías Aguirre,Michael Espinoza,,https://fbref.com/en/matches/93d75d79/Juan-Aurich-Alianza-Lima-March-12-2016-Torneo-Descentralizado
Liga 1 de Fútbol Profesional,M,PER,2016,1st,Torneo Apertura,9,Sun,2016-03-13,13:30,Sport Huancayo,2.0,Comerciantes,1.0,1225.0,Estadio Huancayo,Iván Chang,,https://fbref.com/en/matches/ed3a621f/Sport-Huancayo-Comerciantes-Unidos-March-13-2016-Torneo-Descentralizado
Liga 1 de Fútbol Profesional,M,PER,2016,1st,Torneo Apertura,9,Sun,2016-03-13,15:30,UTC,3.0,U César Vallejo,1.0,3343.0,Estadio Héroes de San Ramón,Renzo Castañeda,,https://fbref.com/en/matches/837b398c/Universidad-Tecnica-de-Cajamarca-Universidad-Cesar-Vallejo-March-13-2016-Torneo-Descentralizado
Liga 1 de Fútbol Profesional,M,PER,2016,1st,Torneo Apertura,9,Sun,2016-03-13,16:00,Universitario,3.0,Alianza Atlético,1.0,19544.0,Estadio Monumental,Luis Garay Evia,,https://fbref.com/en/matches/3515f030/Universitario-Alianza-Atletico-March-13-2016-Torneo-Descentralizado
Liga 1 de Fútbol Profesional,M,PER,2016,1st,Torneo Apertura,9,Mon,2016-03-14,15:30,La Bocana,5.0,Real Garcilaso,0.0,2726.0,Estadio Municipal Bernales,Kevin Ortega,,https://fbref.com/en/matches/0c3d7996/Defensor-La-Bocana-Real-Garcilaso-March-14-2016-Torneo-Descentralizado
Liga 1 de Fútbol Profesional,M,PER,2016,1st,Torneo Apertura,10,Fri,2016-04-01,15:30,Comerciantes,2.0,Melgar,0.0,1948.0,Estadio Juan Maldonado Gamarra,Michael Espinoza,,https://fbref.com/en/matches/c1c8eb56/Comerciantes-Unidos-Melgar-April-1-2016-Torneo-Descentralizado
Liga 1 de Fútbol Profesional,M,PER,2016,1st,Torneo Apertura,10,Fri,2016-04-01,20:00,Alianza Lima,1.0,Universitario,2.0,22212.0,Estadio Alejandro Villanueva,Henry Gambetta,,https://fbref.com/en/matches/f53a4b37/Alianza-Lima-Universitario-April-1-2016-Torneo-Descentralizado
Liga 1 de Fútbol Profesional,M,PER,2016,1st,Torneo Apertura,10,Sat,2016-04-02,12:30,Alianza Atlético,2.0,La Bocana,2.0,1702.0,Estadio Municipal Melanio Coloma Calderó...,Eduardo Chirinos,,https://fbref.com/en/matches/2c64ec59/Alianza-Atletico-Defensor-La-Bocana-April-2-2016-Torneo-Descentralizado
Liga 1 de Fútbol Profesional,M,PER,2016,1st,Torneo Apertura,10,Sat,2016-04-02,15:00,Sporting Cristal,0.0,Dep Municipal,1.0,2901.0,Estadio Alberto Gallardo,Joel Alarcón,,https://fbref.com/en/matches/6009c2cb/Sporting-Cristal-Deportivo-Municipal-April-2-2016-Torneo-Descentralizado
Liga 1 de Fútbol Profesional,M,PER,2016,1st,Torneo Apertura,10,Sat,2016-04-02,20:00,U César Vallejo,5.0,Ayacucho,2.0,1095.0,Estadio Mansiche,Edwin Ordóñez,,https://fbref.com/en/matches/83d869e0/Universidad-Cesar-Vallejo-Ayacucho-April-2-2016-Torneo-Descentralizado
Liga 1 de Fútbol Profesional,M,PER,2016,1st,Torneo Apertura,10,Sun,2016-04-03,11:15,Unión Comercio,0.0,Juan Aurich,0.0,458.0,Estadio del IPD,Jorge Panta,,https://fbref.com/en/matches/c7812fac/Union-Comercio-Juan-Aurich-April-3-2016-Torneo-Descentralizado
Liga 1 de Fútbol Profesional,M,PER,2016,1st,Torneo Apertura,10,Sun,2016-04-03,13:30,Real Garcilaso,1.0,Sport Huancayo,1.0,1127.0,Estadio Inca Garcilaso de la Vega,Luis Garay Evia,,https://fbref.com/en/matches/e4113850/Real-Garcilaso-Sport-Huancayo-April-3-2016-Torneo-Descentralizado
Liga 1 de Fútbol Profesional,M,PER,2016,1st,Torneo Apertura,10,Sun,2016-04-03,16:00,USMP,2.0,UTC,4.0,385.0,Estadio Miguel Grau del Callao,Micke Palomino,,https://fbref.com/en/matches/71e63fe8/Universidad-San-Martin-Universidad-Tecnica-de-Cajamarca-April-3-2016-Torneo-Descentralizado
Liga 1 de Fútbol Profesional,M,PER,2016,1st,Torneo Apertura,2,Wed,2016-04-06,15:30,Real Garcilaso,5.0,U César Vallejo,2.0,774.0,Estadio Inca Garcilaso de la Vega,Luis Seminario,,https://fbref.com/en/matches/4ae80bba/Real-Garcilaso-Universidad-Cesar-Vallejo-April-6-2016-Torneo-Descentralizado
Liga 1 de Fútbol Profesional,M,PER,2016,1st,Torneo Apertura,5,Wed,2016-04-13,15:30,UTC,1.0,Real Garcilaso,1.0,1718.0,Estadio Héroes de San Ramón,Yovany Quevedo Guerra,,https://fbref.com/en/matches/33e64b8a/Universidad-Tecnica-de-Cajamarca-Real-Garcilaso-April-13-2016-Torneo-Descentralizado
Liga 1 de Fútbol Profesional,M,PER,2016,1st,Torneo Apertura,11,Fri,2016-04-15,15:30,Dep Municipal,1.0,Comerciantes,0.0,2722.0,Estadio Iván Elías Moreno,José Martínez,,https://fbref.com/en/matches/7d492885/Deportivo-Municipal-Comerciantes-Unidos-April-15-2016-Torneo-Descentralizado
Liga 1 de Fútbol Profesional,M,PER,2016,1st,Torneo Apertura,11,Sat,2016-04-16,12:30,Ayacucho,1.0,USMP,1.0,1620.0,Estadio Ciudad de Cumaná,Luis Seminario,,https://fbref.com/en/matches/917c7a27/Ayacucho-Universidad-San-Martin-April-16-2016-Torneo-Descentralizado
Liga 1 de Fútbol Profesional,M,PER,2016,1st,Torneo Apertura,11,Sat,2016-04-16,15:00,UTC,0.0,Sporting Cristal,0.0,4666.0,Estadio Héroes de San Ramón,Miguel Santiváñez,,https://fbref.com/en/matches/1047cac7/Universidad-Tecnica-de-Cajamarca-Sporting-Cristal-April-16-2016-Torneo-Descentralizado
Liga 1 de Fútbol Profesional,M,PER,2016,1st,Torneo Apertura,11,Sat,2016-04-16,17:45,Juan Aurich,0.0,U César Vallejo,0.0,1481.0,Estadio Elías Aguirre,Diego Haro,,https://fbref.com/en/matches/3f154a1a/Juan-Aurich-Universidad-Cesar-Vallejo-April-16-2016-Torneo-Descentralizado
Liga 1 de Fútbol Profesional,M,PER,2016,1st,Torneo Apertura,11,Sat,2016-04-16,20:00,Universitario,1.0,Unión Comercio,0.0,11787.0,Estadio Monumental,Yovany Quevedo Guerra,,https://fbref.com/en/matches/1922fab8/Universitario-Union-Comercio-April-16-2016-Torneo-Descentralizado
Liga 1 de Fútbol Profesional,M,PER,2016,1st,Torneo Apertura,11,Sun,2016-04-17,11:15,Sport Huancayo,1.0,Alianza Atlético,1.0,1179.0,Estadio Huancayo,José Mendoza,,https://fbref.com/en/matches/ae61da01/Sport-Huancayo-Alianza-Atletico-April-17-2016-Torneo-Descentralizado
Liga 1 de Fútbol Profesional,M,PER,2016,1st,Torneo Apertura,11,Sun,2016-04-17,16:00,La Bocana,1.0,Alianza Lima,2.0,3643.0,Estadio Municipal Bernales,Víctor Carrillo,,https://fbref.com/en/matches/93d5a195/Defensor-La-Bocana-Alianza-Lima-April-17-2016-Torneo-Descentralizado
Liga 1 de Fútbol Profesional,M,PER,2016,1st,Torneo Apertura,11,Mon,2016-04-18,19:00,Melgar,3.0,Real Garcilaso,1.0,3595.0,Estadio de la Universidad Nacional San A...,Joel Alarcón,,https://fbref.com/en/matches/f64d5668/Melgar-Real-Garcilaso-April-18-2016-Torneo-Descentralizado
Liga 1 de Fútbol Profesional,M,PER,2016,1st,Torneo Apertura,12,Fri,2016-04-22,15:30,UTC,2.0,La Bocana,1.0,2925.0,Estadio Héroes de San Ramón,John Cabrera,,https://fbref.com/en/matches/4e53ac5a/Universidad-Tecnica-de-Cajamarca-Defensor-La-Bocana-April-22-2016-Torneo-Descentralizado
Liga 1 de Fútbol Profesional,M,PER,2016,1st,Torneo Apertura,12,Fri,2016-04-22,20:00,USMP,0.0,Juan Aurich,1.0,279.0,Estadio Miguel Grau del Callao,Renzo Castañeda,,https://fbref.com/en/matches/101df25e/Universidad-San-Martin-Juan-Aurich-April-22-2016-Torneo-Descentralizado
Liga 1 de Fútbol Profesional,M,PER,2016,1st,Torneo Apertura,12,Sat,2016-04-23,12:30,Alianza Atlético,1.0,Melgar,0.0,340.0,Estadio Municipal Bernales,Miguel Santiváñez,,https://fbref.com/en/matches/08bae179/Alianza-Atletico-Melgar-April-23-2016-Torneo-Descentralizado
Liga 1 de Fútbol Profesional,M,PER,2016,1st,Torneo Apertura,12,Sat,2016-04-23,15:00,Real Garcilaso,0.0,Dep Municipal,0.0,1067.0,Estadio Inca Garcilaso de la Vega,Luis Seminario,,https://fbref.com/en/matches/70acaebc/Real-Garcilaso-Deportivo-Municipal-April-23-2016-Torneo-Descentralizado
Liga 1 de Fútbol Profesional,M,PER,2016,1st,Torneo Apertura,12,Sat,2016-04-23,20:00,U César Vallejo,0.0,Universitario,2.0,12679.0,Estadio Mansiche,Michael Espinoza,,https://fbref.com/en/matches/caf40d58/Universidad-Cesar-Vallejo-Universitario-April-23-2016-Torneo-Descentralizado
Liga 1 de Fútbol Profesional,M,PER,2016,1st,Torneo Apertura,12,Sun,2016-04-24,13:30,Sporting Cristal,1.0,Ayacucho,0.0,2270.0,Estadio Alberto Gallardo,Henry Gambetta,,https://fbref.com/en/matches/2bd07b19/Sporting-Cristal-Ayacucho-April-24-2016-Torneo-Descentralizado
Liga 1 de Fútbol Profesional,M,PER,2016,1st,Torneo Apertura,12,Sun,2016-04-24,13:30,Unión Comercio,3.0,Comerciantes,2.0,959.0,Estadio del IPD,Kevin Ortega,,https://fbref.com/en/matches/c952bd54/Union-Comercio-Comerciantes-Unidos-April-24-2016-Torneo-Descentralizado
Liga 1 de Fútbol Profesional,M,PER,2016,1st,Torneo Apertura,12,Sun,2016-04-24,16:00,Alianza Lima,1.0,Sport Huancayo,0.0,8195.0,Estadio Alejandro Villanueva,Eduardo Chirinos,,https://fbref.com/en/matches/90a03215/Alianza-Lima-Sport-Huancayo-April-24-2016-Torneo-Descentralizado
Liga 1 de Fútbol Profesional,M,PER,2016,1st,Torneo Apertura,13,Wed,2016-04-27,11:15,Sport Huancayo,1.0,Unión Comercio,2.0,797.0,Estadio Huancayo,Juan Farfán,,https://fbref.com/en/matches/025c792b/Sport-Huancayo-Union-Comercio-April-27-2016-Torneo-Descentralizado
Liga 1 de Fútbol Profesional,M,PER,2016,1st,Torneo Apertura,13,Wed,2016-04-27,13:30,Ayacucho,2.0,UTC,1.0,906.0,Estadio Ciudad de Cumaná,Giuliano Rodríguez,,https://fbref.com/en/matches/daf54177/Ayacucho-Universidad-Tecnica-de-Cajamarca-April-27-2016-Torneo-Descentralizado
Liga 1 de Fútbol Profesional,M,PER,2016,1st,Torneo Apertura,13,Wed,2016-04-27,15:30,Comerciantes,1.0,Real Garcilaso,0.0,1550.0,Estadio Juan Maldonado Gamarra,Micke Palomino,,https://fbref.com/en/matches/2d1193ad/Comerciantes-Unidos-Real-Garcilaso-April-27-2016-Torneo-Descentralizado
Liga 1 de Fútbol Profesional,M,PER,2016,1st,Torneo Apertura,13,Wed,2016-04-27,18:00,Juan Aurich,0.0,Sporting Cristal,3.0,2076.0,Estadio Elías Aguirre,Michael Espinoza,,https://fbref.com/en/matches/0f2d7734/Juan-Aurich-Sporting-Cristal-April-27-2016-Torneo-Descentralizado
Liga 1 de Fútbol Profesional,M,PER,2016,1st,Torneo Apertura,13,Wed,2016-04-27,20:15,Melgar,1.0,Alianza Lima,0.0,20893.0,Estadio de la Universidad Nacional San A...,Luis Garay Evia,,https://fbref.com/en/matches/0776b47b/Melgar-Alianza-Lima-April-27-2016-Torneo-Descentralizado
Liga 1 de Fútbol Profesional,M,PER,2016,1st,Torneo Apertura,13,Thu,2016-04-28,13:15,La Bocana,4.0,U César Vallejo,2.0,1108.0,Estadio Municipal Bernales,Luis Seminario,,https://fbref.com/en/matches/8fde22cd/Defensor-La-Bocana-Universidad-Cesar-Vallejo-April-28-2016-Torneo-Descentralizado
Liga 1 de Fútbol Profesional,M,PER,2016,1st,Torneo Apertura,13,Thu,2016-04-28,15:30,Dep Municipal,2.0,Alianza Atlético,1.0,1718.0,Estadio Iván Elías Moreno,José Mendoza,,https://fbref.com/en/matches/6cfdd846/Deportivo-Municipal-Alianza-Atletico-April-28-2016-Torneo-Descentralizado
Liga 1 de Fútbol Profesional,M,PER,2016,1st,Torneo Apertura,13,Thu,2016-04-28,20:00,Universitario,2.0,USMP,0.0,5571.0,Estadio Monumental,Joel Alarcón,,https://fbref.com/en/matches/7030f79e/Universitario-Universidad-San-Martin-April-28-2016-Torneo-Descentralizado
Liga 1 de Fútbol Profesional,M,PER,2016,1st,Torneo Apertura,14,Sat,2016-04-30,12:30,Ayacucho,0.0,Sport Huancayo,0.0,1655.0,Estadio Ciudad de Cumaná,Joel Alarcón,,https://fbref.com/en/matches/dbcd46fb/Ayacucho-Sport-Huancayo-April-30-2016-Torneo-Descentralizado
Liga 1 de Fútbol Profesional,M,PER,2016,1st,Torneo Apertura,14,Sat,2016-04-30,15:00,UTC,2.0,Juan Aurich,2.0,2710.0,Estadio Héroes de San Ramón,Eduardo Chirinos,,https://fbref.com/en/matches/df3b24de/Universidad-Tecnica-de-Cajamarca-Juan-Aurich-April-30-2016-Torneo-Descentralizado
Liga 1 de Fútbol Profesional,M,PER,2016,1st,Torneo Apertura,14,Sat,2016-04-30,20:00,Alianza Lima,2.0,Real Garcilaso,1.0,2893.0,Estadio Alejandro Villanueva,Miguel Santiváñez,,https://fbref.com/en/matches/47656dfa/Alianza-Lima-Real-Garcilaso-April-30-2016-Torneo-Descentralizado
Liga 1 de Fútbol Profesional,M,PER,2016,1st,Torneo Apertura,14,Sun,2016-05-01,11:15,Unión Comercio,2.0,Dep Municipal,1.0,581.0,Estadio del IPD,Jorge Panta,,https://fbref.com/en/matches/00707914/Union-Comercio-Deportivo-Municipal-May-1-2016-Torneo-Descentralizado
Liga 1 de Fútbol Profesional,M,PER,2016,1st,Torneo Apertura,14,Sun,2016-05-01,13:30,Alianza Atlético,2.0,Comerciantes,1.0,458.0,Estadio Municipal Melanio Coloma Calderó...,Wilfredo Blas,,https://fbref.com/en/matches/856fb9bc/Alianza-Atletico-Comerciantes-Unidos-May-1-2016-Torneo-Descentralizado
Liga 1 de Fútbol Profesional,M,PER,2016,1st,Torneo Apertura,14,Sun,2016-05-01,16:00,Sporting Cristal,0.0,Universitario,1.0,23431.0,Estadio Alberto Gallardo,Víctor Carrillo,,https://fbref.com/en/matches/ca2c82c3/Sporting-Cristal-Universitario-May-1-2016-Torneo-Descentralizado
Liga 1 de Fútbol Profesional,M,PER,2016,1st,Torneo Apertura,14,Sun,2016-05-01,18:15,U César Vallejo,1.0,Melgar,2.0,971.0,Estadio Mansiche,Henry Gambetta,,https://fbref.com/en/matches/625a5bb1/Universidad-Cesar-Vallejo-Melgar-May-1-2016-Torneo-Descentralizado
Liga 1 de Fútbol Profesional,M,PER,2016,1st,Torneo Apertura,14,Sun,2016-05-01,20:30,USMP,4.0,La Bocana,2.0,289.0,Estadio Alberto Gallardo,Iván Chang,,https://fbref.com/en/matches/32ea8df2/Universidad-San-Martin-Defensor-La-Bocana-May-1-2016-Torneo-Descentralizado
Liga 1 de Fútbol Profesional,M,PER,2016,1st,Torneo Apertura,8,Wed,2016-05-04,17:45,U César Vallejo,0.0,Sporting Cristal,2.0,971.0,Estadio Mansiche,Miguel Santiváñez,,https://fbref.com/en/matches/5870c20d/Universidad-Cesar-Vallejo-Sporting-Cristal-May-4-2016-Torneo-Descentralizado
Liga 1 de Fútbol Profesional,M,PER,2016,1st,Torneo Apertura,5,Wed,2016-05-04,20:00,USMP,1.0,Alianza Lima,2.0,1893.0,Estadio Miguel Grau del Callao,Joel Alarcón,,https://fbref.com/en/matches/bd29e158/Universidad-San-Martin-Alianza-Lima-May-4-2016-Torneo-Descentralizado
Liga 1 de Fútbol Profesional,M,PER,2016,1st,Torneo Apertura,5,Thu,2016-05-05,20:00,Universitario,1.0,Melgar,3.0,7159.0,Estadio Monumental,Diego Haro,,https://fbref.com/en/matches/8fd85a79/Universitario-Melgar-May-5-2016-Torneo-Descentralizado
Liga 1 de Fútbol Profesional,M,PER,2016,1st,Torneo Apertura,15,Sat,2016-05-07,12:30,Sport Huancayo,3.0,USMP,0.0,804.0,Estadio Huancayo,Henry Gambetta,,https://fbref.com/en/matches/1c9c9775/Sport-Huancayo-Universidad-San-Martin-May-7-2016-Torneo-Descentralizado
Liga 1 de Fútbol Profesional,M,PER,2016,1st,Torneo Apertura,15,Sat,2016-05-07,15:00,Dep Municipal,2.0,U César Vallejo,0.0,1693.0,Estadio Iván Elías Moreno,Eduardo Chirinos,,https://fbref.com/en/matches/cdbc8b15/Deportivo-Municipal-Universidad-Cesar-Vallejo-May-7-2016-Torneo-Descentralizado
Liga 1 de Fútbol Profesional,M,PER,2016,1st,Torneo Apertura,15,Sat,2016-05-07,17:30,Juan Aurich,2.0,Ayacucho,0.0,1079.0,Estadio Elías Aguirre,Ramón Blanco,,https://fbref.com/en/matches/f94ae994/Juan-Aurich-Ayacucho-May-7-2016-Torneo-Descentralizado
Liga 1 de Fútbol Profesional,M,PER,2016,1st,Torneo Apertura,15,Sun,2016-05-08,11:00,Real Garcilaso,3.0,Alianza Atlético,1.0,497.0,Estadio Inca Garcilaso de la Vega,Fernando Legario,,https://fbref.com/en/matches/e39fb82a/Real-Garcilaso-Alianza-Atletico-May-8-2016-Torneo-Descentralizado
Liga 1 de Fútbol Profesional,M,PER,2016,1st,Torneo Apertura,15,Sun,2016-05-08,13:30,La Bocana,2.0,Sporting Cristal,1.0,4163.0,Estadio Municipal Bernales,Luis Garay Evia,,https://fbref.com/en/matches/890dd69f/Defensor-La-Bocana-Sporting-Cristal-May-8-2016-Torneo-Descentralizado
Liga 1 de Fútbol Profesional,M,PER,2016,1st,Torneo Apertura,15,Sun,2016-05-08,15:30,Comerciantes,2.0,Alianza Lima,1.0,2841.0,Estadio Juan Maldonado Gamarra,Diego Haro,,https://fbref.com/en/matches/d7fadcef/Comerciantes-Unidos-Alianza-Lima-May-8-2016-Torneo-Descentralizado
Liga 1 de Fútbol Profesional,M,PER,2016,1st,Torneo Apertura,15,Sun,2016-05-08,16:00,Universitario,3.0,UTC,1.0,2432.0,Estadio Monumental,Roberto Mauro,,https://fbref.com/en/matches/9e9ae92c/Universitario-Universidad-Tecnica-de-Cajamarca-May-8-2016-Torneo-Descentralizado
Liga 1 de Fútbol Profesional,M,PER,2016,1st,Torneo Apertura,15,Sun,2016-05-08,20:00,Melgar,2.0,Unión Comercio,1.0,4241.0,Estadio de la Universidad Nacional San A...,Víctor Carrillo,,https://fbref.com/en/matches/a57da3cc/Melgar-Union-Comercio-May-8-2016-Torneo-Descentralizado
Liga 1 de Fútbol Profesional,M,PER,2016,1st,Torneo Clausura,1,Fri,2016-05-13,13:30,La Bocana,1.0,Juan Aurich,1.0,1540.0,Estadio Municipal Bernales,Micke Palomino,,https://fbref.com/en/matches/76c12261/Defensor-La-Bocana-Juan-Aurich-May-13-2016-Torneo-Descentralizado
Liga 1 de Fútbol Profesional,M,PER,2016,1st,Torneo Clausura,1,Fri,2016-05-13,15:30,Comerciantes,3.0,U César Vallejo,1.0,1583.0,Estadio Juan Maldonado Gamarra,Joel Alarcón,,https://fbref.com/en/matches/ab31db94/Comerciantes-Unidos-Universidad-Cesar-Vallejo-May-13-2016-Torneo-Descentralizado
Liga 1 de Fútbol Profesional,M,PER,2016,1st,Torneo Clausura,1,Sat,2016-05-14,12:30,Real Garcilaso,0.0,Unión Comercio,1.0,582.0,Estadio Inca Garcilaso de la Vega,José Martínez,,https://fbref.com/en/matches/5dc0b3df/Real-Garcilaso-Union-Comercio-May-14-2016-Torneo-Descentralizado
Liga 1 de Fútbol Profesional,M,PER,2016,1st,Torneo Clausura,1,Sat,2016-05-14,15:00,Dep Municipal,1.0,USMP,0.0,1739.0,Estadio Iván Elías Moreno,Víctor Carrillo,,https://fbref.com/en/matches/b9dcbe8d/Deportivo-Municipal-Universidad-San-Martin-May-14-2016-Torneo-Descentralizado
Liga 1 de Fútbol Profesional,M,PER,2016,1st,Torneo Clausura,1,Sat,2016-05-14,20:00,Melgar,1.0,UTC,1.0,4878.0,Estadio de la Universidad Nacional San A...,Iván Chang,,https://fbref.com/en/matches/5008c782/Melgar-Universidad-Tecnica-de-Cajamarca-May-14-2016-Torneo-Descentralizado
Liga 1 de Fútbol Profesional,M,PER,2016,1st,Torneo Clausura,1,Sun,2016-05-15,11:15,Sport Huancayo,3.0,Sporting Cristal,1.0,4234.0,Estadio Huancayo,Diego Haro,,https://fbref.com/en/matches/44316c1b/Sport-Huancayo-Sporting-Cristal-May-15-2016-Torneo-Descentralizado
Liga 1 de Fútbol Profesional,M,PER,2016,1st,Torneo Clausura,1,Sun,2016-05-15,13:30,Alianza Atlético,0.0,Alianza Lima,1.0,1478.0,Estadio Municipal Melanio Coloma Calderó...,Jesús Cartagena,,https://fbref.com/en/matches/bd936c77/Alianza-Atletico-Alianza-Lima-May-15-2016-Torneo-Descentralizado
Liga 1 de Fútbol Profesional,M,PER,2016,1st,Torneo Clausura,1,Sun,2016-05-15,16:00,Universitario,0.0,Ayacucho,2.0,11004.0,Estadio Monumental,Eduardo Chirinos,,https://fbref.com/en/matches/73667ad0/Universitario-Ayacucho-May-15-2016-Torneo-Descentralizado
Liga 1 de Fútbol Profesional,M,PER,2016,1st,Torneo Clausura,2,Tue,2016-05-17,13:15,USMP,1.0,Comerciantes,1.0,308.0,Estadio Miguel Grau del Callao,Jorge Panta,,https://fbref.com/en/matches/11255fe1/Universidad-San-Martin-Comerciantes-Unidos-May-17-2016-Torneo-Descentralizado
Liga 1 de Fútbol Profesional,M,PER,2016,1st,Torneo Clausura,2,Tue,2016-05-17,20:00,U César Vallejo,1.0,Real Garcilaso,1.0,916.0,Estadio Mansiche,Renzo Castañeda,,https://fbref.com/en/matches/c29e9f36/Universidad-Cesar-Vallejo-Real-Garcilaso-May-17-2016-Torneo-Descentralizado
Liga 1 de Fútbol Profesional,M,PER,2016,1st,Torneo Clausura,2,Wed,2016-05-18,13:15,Ayacucho,3.0,La Bocana,0.0,1683.0,Estadio Ciudad de Cumaná,Luis Seminario,,https://fbref.com/en/matches/791e1f0d/Ayacucho-Defensor-La-Bocana-May-18-2016-Torneo-Descentralizado
Liga 1 de Fútbol Profesional,M,PER,2016,1st,Torneo Clausura,2,Wed,2016-05-18,15:30,UTC,0.0,Sport Huancayo,0.0,3647.0,Estadio Héroes de San Ramón,Edwin Ordóñez,,https://fbref.com/en/matches/053bf207/Universidad-Tecnica-de-Cajamarca-Sport-Huancayo-May-18-2016-Torneo-Descentralizado
Liga 1 de Fútbol Profesional,M,PER,2016,1st,Torneo Clausura,2,Wed,2016-05-18,15:30,Sporting Cristal,2.0,Melgar,1.0,1293.0,Estadio Alberto Gallardo,Miguel Santiváñez,,https://fbref.com/en/matches/5e11656d/Sporting-Cristal-Melgar-May-18-2016-Torneo-Descentralizado
Liga 1 de Fútbol Profesional,M,PER,2016,1st,Torneo Clausura,2,Wed,2016-05-18,20:10,Alianza Lima,1.0,Dep Municipal,1.0,12213.0,Estadio Alejandro Villanueva,Henry Gambetta,,https://fbref.com/en/matches/3dc47a50/Alianza-Lima-Deportivo-Municipal-May-18-2016-Torneo-Descentralizado
Liga 1 de Fútbol Profesional,M,PER,2016,1st,Torneo Clausura,2,Thu,2016-05-19,13:15,Unión Comercio,2.0,Alianza Atlético,2.0,316.0,Estadio del IPD,Hibert Villegas,,https://fbref.com/en/matches/e0da6d28/Union-Comercio-Alianza-Atletico-May-19-2016-Torneo-Descentralizado
Liga 1 de Fútbol Profesional,M,PER,2016,1st,Torneo Clausura,2,Thu,2016-05-19,20:00,Juan Aurich,2.0,Universitario,0.0,4916.0,Estadio Elías Aguirre,Diego Haro,,https://fbref.com/en/matches/4b46eac9/Juan-Aurich-Universitario-May-19-2016-Torneo-Descentralizado
Liga 1 de Fútbol Profesional,M,PER,2016,1st,Torneo Clausura,3,Sat,2016-05-21,12:30,Real Garcilaso,1.0,USMP,0.0,598.0,Estadio Inca Garcilaso de la Vega,Micke Palomino,,https://fbref.com/en/matches/ba63a227/Real-Garcilaso-Universidad-San-Martin-May-21-2016-Torneo-Descentralizado
Liga 1 de Fútbol Profesional,M,PER,2016,1st,Torneo Clausura,3,Sat,2016-05-21,15:00,Dep Municipal,0.0,UTC,0.0,2126.0,Estadio Iván Elías Moreno,Michael Espinoza,,https://fbref.com/en/matches/df63ad6e/Deportivo-Municipal-Universidad-Tecnica-de-Cajamarca-May-21-2016-Torneo-Descentralizado
Liga 1 de Fútbol Profesional,M,PER,2016,1st,Torneo Clausura,3,Sun,2016-05-22,11:15,Sport Huancayo,3.0,Juan Aurich,1.0,1229.0,Estadio Huancayo,Iván Chang,,https://fbref.com/en/matches/6154ba5c/Sport-Huancayo-Juan-Aurich-May-22-2016-Torneo-Descentralizado
Liga 1 de Fútbol Profesional,M,PER,2016,1st,Torneo Clausura,3,Sun,2016-05-22,13:30,La Bocana,2.0,Universitario,2.0,4004.0,Estadio Municipal Bernales,Ramón Blanco,,https://fbref.com/en/matches/80344226/Defensor-La-Bocana-Universitario-May-22-2016-Torneo-Descentralizado
Liga 1 de Fútbol Profesional,M,PER,2016,1st,Torneo Clausura,3,Sun,2016-05-22,16:00,Alianza Lima,0.0,Unión Comercio,1.0,9951.0,Estadio Alejandro Villanueva,Eduardo Chirinos,,https://fbref.com/en/matches/bfc9cf99/Alianza-Lima-Union-Comercio-May-22-2016-Torneo-Descentralizado
Liga 1 de Fútbol Profesional,M,PER,2016,1st,Torneo Clausura,3,Sun,2016-05-22,18:15,Melgar,2.0,Ayacucho,0.0,3466.0,Estadio de la Universidad Nacional San A...,Joel Alarcón,,https://fbref.com/en/matches/a6082505/Melgar-Ayacucho-May-22-2016-Torneo-Descentralizado
Liga 1 de Fútbol Profesional,M,PER,2016,1st,Torneo Clausura,3,Mon,2016-05-23,13:15,Alianza Atlético,3.0,U César Vallejo,1.0,291.0,Estadio Alejandro Villanueva,Roberto Mauro,,https://fbref.com/en/matches/b23f1cd8/Alianza-Atletico-Universidad-Cesar-Vallejo-May-23-2016-Torneo-Descentralizado
Liga 1 de Fútbol Profesional,M,PER,2016,1st,Torneo Clausura,4,Fri,2016-05-27,13:15,USMP,2.0,Alianza Atlético,1.0,269.0,Estadio Miguel Grau del Callao,Iván Chang,,https://fbref.com/en/matches/d721f0bc/Universidad-San-Martin-Alianza-Atletico-May-27-2016-Torneo-Descentralizado
Liga 1 de Fútbol Profesional,M,PER,2016,1st,Torneo Clausura,4,Fri,2016-05-27,15:30,UTC,2.0,Comerciantes,0.0,2898.0,Estadio Héroes de San Ramón,Luis Seminario,,https://fbref.com/en/matches/f193b059/Universidad-Tecnica-de-Cajamarca-Comerciantes-Unidos-May-27-2016-Torneo-Descentralizado
Liga 1 de Fútbol Profesional,M,PER,2016,1st,Torneo Clausura,4,Fri,2016-05-27,20:00,Juan Aurich,1.0,Melgar,1.0,1063.0,Estadio Elías Aguirre,Henry Gambetta,,https://fbref.com/en/matches/be6690d3/Juan-Aurich-Melgar-May-27-2016-Torneo-Descentralizado
Liga 1 de Fútbol Profesional,M,PER,2016,1st,Torneo Clausura,4,Sat,2016-05-28,12:30,Sporting Cristal,3.0,Real Garcilaso,1.0,774.0,Estadio Alberto Gallardo,Michael Espinoza,,https://fbref.com/en/matches/3d26bb50/Sporting-Cristal-Real-Garcilaso-May-28-2016-Torneo-Descentralizado
Liga 1 de Fútbol Profesional,M,PER,2016,1st,Torneo Clausura,4,Sat,2016-05-28,20:00,U César Vallejo,0.0,Alianza Lima,0.0,4615.0,Estadio Mansiche,Diego Haro,,https://fbref.com/en/matches/cc0a5dc1/Universidad-Cesar-Vallejo-Alianza-Lima-May-28-2016-Torneo-Descentralizado
Liga 1 de Fútbol Profesional,M,PER,2016,1st,Torneo Clausura,4,Sun,2016-05-29,11:15,Unión Comercio,3.0,La Bocana,0.0,437.0,Estadio del IPD,Kevin Ortega,,https://fbref.com/en/matches/26955cac/Union-Comercio-Defensor-La-Bocana-May-29-2016-Torneo-Descentralizado
Liga 1 de Fútbol Profesional,M,PER,2016,1st,Torneo Clausura,4,Sun,2016-05-29,13:30,Ayacucho,1.0,Dep Municipal,1.0,2431.0,Estadio Ciudad de Cumaná,Luis Garay Evia,,https://fbref.com/en/matches/84ae147c/Ayacucho-Deportivo-Municipal-May-29-2016-Torneo-Descentralizado
Liga 1 de Fútbol Profesional,M,PER,2016,1st,Torneo Clausura,4,Sun,2016-06-12,15:00,Universitario,0.0,Sport Huancayo,3.0,4085.0,Estadio Monumental,Miguel Santiváñez,,https://fbref.com/en/matches/c63ae798/Universitario-Sport-Huancayo-June-12-2016-Torneo-Descentralizado
Liga 1 de Fútbol Profesional,M,PER,2016,1st,Torneo Clausura,3,Thu,2016-06-23,15:30,Comerciantes,1.0,Sporting Cristal,3.0,3624.0,Estadio Juan Maldonado Gamarra,Luis Garay Evia,,https://fbref.com/en/matches/d840aeda/Comerciantes-Unidos-Sporting-Cristal-June-23-2016-Torneo-Descentralizado
Liga 1 de Fútbol Profesional,M,PER,2016,1st,Torneo Clausura,5,Tue,2016-06-28,13:15,Unión Comercio,0.0,U César Vallejo,1.0,302.0,Estadio del IPD,Henry Gambetta,,https://fbref.com/en/matches/22801a1f/Union-Comercio-Universidad-Cesar-Vallejo-June-28-2016-Torneo-Descentralizado
Liga 1 de Fútbol Profesional,M,PER,2016,1st,Torneo Clausura,5,Tue,2016-06-28,15:30,Dep Municipal,2.0,Juan Aurich,1.0,1682.0,Estadio Iván Elías Moreno,Joel Alarcón,,https://fbref.com/en/matches/d3630497/Deportivo-Municipal-Juan-Aurich-June-28-2016-Torneo-Descentralizado
Liga 1 de Fútbol Profesional,M,PER,2016,1st,Torneo Clausura,5,Tue,2016-06-28,20:00,Alianza Lima,3.0,USMP,0.0,5222.0,Estadio Alejandro Villanueva,Miguel Santiváñez,,https://fbref.com/en/matches/1dbc86a6/Alianza-Lima-Universidad-San-Martin-June-28-2016-Torneo-Descentralizado
Liga 1 de Fútbol Profesional,M,PER,2016,1st,Torneo Clausura,5,Wed,2016-06-29,11:00,Sport Huancayo,0.0,La Bocana,0.0,977.0,Estadio Huancayo,Edwin Ordóñez,,https://fbref.com/en/matches/a7ccd042/Sport-Huancayo-Defensor-La-Bocana-June-29-2016-Torneo-Descentralizado
Liga 1 de Fútbol Profesional,M,PER,2016,1st,Torneo Clausura,5,Wed,2016-06-29,13:15,Real Garcilaso,0.0,UTC,1.0,577.0,Estadio Inca Garcilaso de la Vega,Ramón Blanco,,https://fbref.com/en/matches/c1dac203/Real-Garcilaso-Universidad-Tecnica-de-Cajamarca-June-29-2016-Torneo-Descentralizado
Liga 1 de Fútbol Profesional,M,PER,2016,1st,Torneo Clausura,5,Wed,2016-06-29,15:30,Comerciantes,2.0,Ayacucho,0.0,1419.0,Estadio Juan Maldonado Gamarra,Jorge Panta,,https://fbref.com/en/matches/07aa660d/Comerciantes-Unidos-Ayacucho-June-29-2016-Torneo-Descentralizado
Liga 1 de Fútbol Profesional,M,PER,2016,1st,Torneo Clausura,5,Wed,2016-06-29,20:00,Melgar,5.0,Universitario,2.0,12773.0,Estadio de la Universidad Nacional San A...,Diego Haro,,https://fbref.com/en/matches/5e9bf9b4/Melgar-Universitario-June-29-2016-Torneo-Descentralizado
Liga 1 de Fútbol Profesional,M,PER,2016,1st,Torneo Clausura,5,Thu,2016-06-30,15:30,Alianza Atlético,0.0,Sporting Cristal,2.0,899.0,Estadio Municipal Melanio Coloma Calderó...,Roberto Mauro,,https://fbref.com/en/matches/335899bf/Alianza-Atletico-Sporting-Cristal-June-30-2016-Torneo-Descentralizado
Liga 1 de Fútbol Profesional,M,PER,2016,1st,Torneo Clausura,6,Fri,2016-07-01,15:30,USMP,1.0,Unión Comercio,1.0,239.0,Estadio Miguel Grau del Callao,Kevin Ortega,,https://fbref.com/en/matches/8054d768/Universidad-San-Martin-Union-Comercio-July-1-2016-Torneo-Descentralizado
Liga 1 de Fútbol Profesional,M,PER,2016,1st,Torneo Clausura,6,Sat,2016-07-02,15:00,Juan Aurich,1.0,Comerciantes,1.0,1558.0,Estadio Elías Aguirre,Eduardo Chirinos,,https://fbref.com/en/matches/d1eac1ac/Juan-Aurich-Comerciantes-Unidos-July-2-2016-Torneo-Descentralizado
Liga 1 de Fútbol Profesional,M,PER,2016,1st,Torneo Clausura,6,Sat,2016-07-02,17:45,U César Vallejo,3.0,Sport Huancayo,1.0,909.0,Estadio Mansiche,Luis Garay Evia,,https://fbref.com/en/matches/2e4a42c6/Universidad-Cesar-Vallejo-Sport-Huancayo-July-2-2016-Torneo-Descentralizado
Liga 1 de Fútbol Profesional,M,PER,2016,1st,Torneo Clausura,6,Sat,2016-07-02,20:00,Universitario,2.0,Dep Municipal,0.0,7885.0,Estadio Nacional,Michael Espinoza,,https://fbref.com/en/matches/9a1b9c33/Universitario-Deportivo-Municipal-July-2-2016-Torneo-Descentralizado
Liga 1 de Fútbol Profesional,M,PER,2016,1st,Torneo Clausura,6,Sun,2016-07-03,11:00,La Bocana,2.0,Melgar,2.0,881.0,Estadio Municipal Bernales,Joel Alarcón,,https://fbref.com/en/matches/2f07bb2f/Defensor-La-Bocana-Melgar-July-3-2016-Torneo-Descentralizado
Liga 1 de Fútbol Profesional,M,PER,2016,1st,Torneo Clausura,6,Sun,2016-07-03,13:15,Ayacucho,1.0,Real Garcilaso,2.0,1295.0,Estadio Ciudad de Cumaná,Yovany Quevedo Guerra,,https://fbref.com/en/matches/54f52231/Ayacucho-Real-Garcilaso-July-3-2016-Torneo-Descentralizado
Liga 1 de Fútbol Profesional,M,PER,2016,1st,Torneo Clausura,6,Sun,2016-07-03,15:30,UTC,1.0,Alianza Atlético,2.0,3754.0,Estadio Héroes de San Ramón,José Martínez,,https://fbref.com/en/matches/397c712a/Universidad-Tecnica-de-Cajamarca-Alianza-Atletico-July-3-2016-Torneo-Descentralizado
Liga 1 de Fútbol Profesional,M,PER,2016,1st,Torneo Clausura,6,Sun,2016-07-03,15:30,Sporting Cristal,0.0,Alianza Lima,2.0,5222.0,Estadio Alberto Gallardo,Víctor Carrillo,,https://fbref.com/en/matches/fad4e737/Sporting-Cristal-Alianza-Lima-July-3-2016-Torneo-Descentralizado
Liga 1 de Fútbol Profesional,M,PER,2016,1st,Torneo Clausura,7,Tue,2016-07-05,15:30,Dep Municipal,1.0,La Bocana,1.0,997.0,Estadio Iván Elías Moreno,Fernando Legario,,https://fbref.com/en/matches/ab8beae8/Deportivo-Municipal-Defensor-La-Bocana-July-5-2016-Torneo-Descentralizado
Liga 1 de Fútbol Profesional,M,PER,2016,1st,Torneo Clausura,7,Tue,2016-07-05,20:00,U César Vallejo,2.0,USMP,2.0,1110.0,Estadio Mansiche,Henry Gambetta,,https://fbref.com/en/matches/6e5b9a7e/Universidad-Cesar-Vallejo-Universidad-San-Martin-July-5-2016-Torneo-Descentralizado
Liga 1 de Fútbol Profesional,M,PER,2016,1st,Torneo Clausura,7,Wed,2016-07-06,11:00,Alianza Atlético,2.0,Ayacucho,0.0,227.0,Estadio Municipal Melanio Coloma Calderó...,Luis Seminario,,https://fbref.com/en/matches/2f713488/Alianza-Atletico-Ayacucho-July-6-2016-Torneo-Descentralizado
Liga 1 de Fútbol Profesional,M,PER,2016,1st,Torneo Clausura,7,Wed,2016-07-06,13:15,Real Garcilaso,3.0,Juan Aurich,2.0,4371.0,Estadio Inca Garcilaso de la Vega,Renzo Castañeda,,https://fbref.com/en/matches/b21d6e91/Real-Garcilaso-Juan-Aurich-July-6-2016-Torneo-Descentralizado
Liga 1 de Fútbol Profesional,M,PER,2016,1st,Torneo Clausura,7,Wed,2016-07-06,15:30,Unión Comercio,1.0,Sporting Cristal,2.0,706.0,Estadio del IPD,Michael Espinoza,,https://fbref.com/en/matches/8bc9e295/Union-Comercio-Sporting-Cristal-July-6-2016-Torneo-Descentralizado
Liga 1 de Fútbol Profesional,M,PER,2016,1st,Torneo Clausura,7,Wed,2016-07-06,17:45,Melgar,1.0,Sport Huancayo,2.0,564.0,Estadio de la Universidad Nacional San A...,Víctor Carrillo,,https://fbref.com/en/matches/fab21dad/Melgar-Sport-Huancayo-July-6-2016-Torneo-Descentralizado
Liga 1 de Fútbol Profesional,M,PER,2016,1st,Torneo Clausura,7,Wed,2016-07-06,20:00,Alianza Lima,0.0,UTC,1.0,7364.0,Estadio Alejandro Villanueva,Micke Palomino,,https://fbref.com/en/matches/a641d1c2/Alianza-Lima-Universidad-Tecnica-de-Cajamarca-July-6-2016-Torneo-Descentralizado
Liga 1 de Fútbol Profesional,M,PER,2016,1st,Torneo Clausura,7,Thu,2016-07-07,15:30,Comerciantes,0.0,Universitario,0.0,2657.0,Estadio Juan Maldonado Gamarra,Iván Chang,,https://fbref.com/en/matches/b5628ba5/Comerciantes-Unidos-Universitario-July-7-2016-Torneo-Descentralizado
Liga 1 de Fútbol Profesional,M,PER,2016,1st,Torneo Clausura,8,Sat,2016-07-09,12:30,Sport Huancayo,2.0,Dep Municipal,1.0,1166.0,Estadio Huancayo,Ramón Blanco,,https://fbref.com/en/matches/b47927db/Sport-Huancayo-Deportivo-Municipal-July-9-2016-Torneo-Descentralizado
Liga 1 de Fútbol Profesional,M,PER,2016,1st,Torneo Clausura,8,Sat,2016-07-09,15:00,Sporting Cristal,1.0,U César Vallejo,1.0,1820.0,Estadio Alberto Gallardo,Diego Haro,,https://fbref.com/en/matches/030793b9/Sporting-Cristal-Universidad-Cesar-Vallejo-July-9-2016-Torneo-Descentralizado
Liga 1 de Fútbol Profesional,M,PER,2016,1st,Torneo Clausura,8,Sat,2016-07-09,17:45,Juan Aurich,0.0,Alianza Atlético,0.0,1202.0,Estadio Elías Aguirre,Iván Chang,,https://fbref.com/en/matches/77a7ccc4/Juan-Aurich-Alianza-Atletico-July-9-2016-Torneo-Descentralizado
Liga 1 de Fútbol Profesional,M,PER,2016,1st,Torneo Clausura,8,Sat,2016-07-09,20:00,Melgar,1.0,USMP,0.0,3316.0,Estadio de la Universidad Nacional San A...,Luis Garay Evia,,https://fbref.com/en/matches/b7f39af0/Melgar-Universidad-San-Martin-July-9-2016-Torneo-Descentralizado
Liga 1 de Fútbol Profesional,M,PER,2016,1st,Torneo Clausura,8,Sun,2016-07-10,13:15,Ayacucho,1.0,Alianza Lima,1.0,5089.0,Estadio Ciudad de Cumaná,Joel Alarcón,,https://fbref.com/en/matches/1227b011/Ayacucho-Alianza-Lima-July-10-2016-Torneo-Descentralizado
Liga 1 de Fútbol Profesional,M,PER,2016,1st,Torneo Clausura,8,Sun,2016-07-10,16:00,Universitario,4.0,Real Garcilaso,1.0,9555.0,Estadio Monumental,Eduardo Chirinos,,https://fbref.com/en/matches/582a8954/Universitario-Real-Garcilaso-July-10-2016-Torneo-Descentralizado
Liga 1 de Fútbol Profesional,M,PER,2016,1st,Torneo Clausura,8,Mon,2016-07-11,13:15,La Bocana,2.0,Comerciantes,0.0,762.0,Estadio Municipal Bernales,Diego Jaimez,,https://fbref.com/en/matches/8bf96d6e/Defensor-La-Bocana-Comerciantes-Unidos-July-11-2016-Torneo-Descentralizado
Liga 1 de Fútbol Profesional,M,PER,2016,1st,Torneo Clausura,8,Mon,2016-07-11,15:30,UTC,1.0,Unión Comercio,1.0,2572.0,Estadio Héroes de San Ramón,Javier Fernando Camacho,,https://fbref.com/en/matches/1e5c315d/Universidad-Tecnica-de-Cajamarca-Union-Comercio-July-11-2016-Torneo-Descentralizado
Liga 1 de Fútbol Profesional,M,PER,2016,1st,Torneo Clausura,9,Fri,2016-07-15,15:30,Comerciantes,1.0,Sport Huancayo,0.0,1075.0,Estadio Juan Maldonado Gamarra,Jorge Panta,,https://fbref.com/en/matches/42074ca7/Comerciantes-Unidos-Sport-Huancayo-July-15-2016-Torneo-Descentralizado
Liga 1 de Fútbol Profesional,M,PER,2016,1st,Torneo Clausura,9,Fri,2016-07-15,20:00,USMP,1.0,Sporting Cristal,2.0,1535.0,Estadio Nacional,Ramón Blanco,,https://fbref.com/en/matches/8c0a5284/Universidad-San-Martin-Sporting-Cristal-July-15-2016-Torneo-Descentralizado
Liga 1 de Fútbol Profesional,M,PER,2016,1st,Torneo Clausura,9,Sat,2016-07-16,12:30,Alianza Atlético,2.0,Universitario,3.0,2050.0,Estadio Municipal Bernales,Víctor Carrillo,,https://fbref.com/en/matches/50079179/Alianza-Atletico-Universitario-July-16-2016-Torneo-Descentralizado
Liga 1 de Fútbol Profesional,M,PER,2016,1st,Torneo Clausura,9,Sat,2016-07-16,15:00,Dep Municipal,1.0,Melgar,0.0,2882.0,Estadio Iván Elías Moreno,Diego Haro,,https://fbref.com/en/matches/d5a01f6d/Deportivo-Municipal-Melgar-July-16-2016-Torneo-Descentralizado
Liga 1 de Fútbol Profesional,M,PER,2016,1st,Torneo Clausura,9,Sat,2016-07-16,20:00,U César Vallejo,1.0,UTC,1.0,1457.0,Estadio Mansiche,Miguel Santiváñez,,https://fbref.com/en/matches/8aecded2/Universidad-Cesar-Vallejo-Universidad-Tecnica-de-Cajamarca-July-16-2016-Torneo-Descentralizado
Liga 1 de Fútbol Profesional,M,PER,2016,1st,Torneo Clausura,9,Sun,2016-07-17,11:15,Unión Comercio,0.0,Ayacucho,1.0,351.0,Estadio del IPD,Jesús Cartagena,,https://fbref.com/en/matches/2d5abb3c/Union-Comercio-Ayacucho-July-17-2016-Torneo-Descentralizado
Liga 1 de Fútbol Profesional,M,PER,2016,1st,Torneo Clausura,9,Sun,2016-07-17,13:30,Real Garcilaso,4.0,La Bocana,1.0,645.0,Estadio Inca Garcilaso de la Vega,Kevin Ortega,,https://fbref.com/en/matches/90f6b33f/Real-Garcilaso-Defensor-La-Bocana-July-17-2016-Torneo-Descentralizado
Liga 1 de Fútbol Profesional,M,PER,2016,1st,Torneo Clausura,9,Sun,2016-07-17,16:00,Alianza Lima,0.0,Juan Aurich,2.0,9996.0,Estadio Alejandro Villanueva,Henry Gambetta,,https://fbref.com/en/matches/66d37077/Alianza-Lima-Juan-Aurich-July-17-2016-Torneo-Descentralizado
Liga 1 de Fútbol Profesional,M,PER,2016,1st,Torneo Clausura,10,Tue,2016-07-19,15:30,UTC,3.0,USMP,1.0,2385.0,Estadio Héroes de San Ramón,Fernando Legario,,https://fbref.com/en/matches/edbf608c/Universidad-Tecnica-de-Cajamarca-Universidad-San-Martin-July-19-2016-Torneo-Descentralizado
Liga 1 de Fútbol Profesional,M,PER,2016,1st,Torneo Clausura,10,Tue,2016-07-19,20:00,Melgar,3.0,Comerciantes,2.0,2881.0,Estadio de la Universidad Nacional San A...,Eduardo Chirinos,,https://fbref.com/en/matches/d0cfb908/Melgar-Comerciantes-Unidos-July-19-2016-Torneo-Descentralizado
Liga 1 de Fútbol Profesional,M,PER,2016,1st,Torneo Clausura,10,Wed,2016-07-20,11:00,La Bocana,1.0,Alianza Atlético,0.0,717.0,Estadio Municipal Bernales,John Cabrera,,https://fbref.com/en/matches/53d92923/Defensor-La-Bocana-Alianza-Atletico-July-20-2016-Torneo-Descentralizado
Liga 1 de Fútbol Profesional,M,PER,2016,1st,Torneo Clausura,10,Wed,2016-07-20,13:15,Sport Huancayo,3.0,Real Garcilaso,0.0,952.0,Estadio Huancayo,Micke Palomino,,https://fbref.com/en/matches/40c4542e/Sport-Huancayo-Real-Garcilaso-July-20-2016-Torneo-Descentralizado
Liga 1 de Fútbol Profesional,M,PER,2016,1st,Torneo Clausura,10,Wed,2016-07-20,15:30,Dep Municipal,0.0,Sporting Cristal,0.0,3636.0,Estadio Iván Elías Moreno,Iván Chang,,https://fbref.com/en/matches/8c4be07f/Deportivo-Municipal-Sporting-Cristal-July-20-2016-Torneo-Descentralizado
Liga 1 de Fútbol Profesional,M,PER,2016,1st,Torneo Clausura,10,Wed,2016-07-20,20:11,Juan Aurich,1.0,Unión Comercio,1.0,1559.0,Estadio Elías Aguirre,Víctor Carrillo,,https://fbref.com/en/matches/32e3fa1b/Juan-Aurich-Union-Comercio-July-20-2016-Torneo-Descentralizado
Liga 1 de Fútbol Profesional,M,PER,2016,1st,Torneo Clausura,10,Thu,2016-07-21,13:15,Ayacucho,0.0,U César Vallejo,1.0,1003.0,Estadio Ciudad de Cumaná,Augusto Menéndez,,https://fbref.com/en/matches/58df8cd4/Ayacucho-Universidad-Cesar-Vallejo-July-21-2016-Torneo-Descentralizado
Liga 1 de Fútbol Profesional,M,PER,2016,1st,Torneo Clausura,10,Thu,2016-07-21,20:00,Universitario,1.0,Alianza Lima,0.0,35452.0,Estadio Monumental,Michael Espinoza,,https://fbref.com/en/matches/37ba4f2f/Universitario-Alianza-Lima-July-21-2016-Torneo-Descentralizado
Liga 1 de Fútbol Profesional,M,PER,2016,1st,Torneo Clausura,11,Sat,2016-07-23,12:30,Real Garcilaso,1.0,Melgar,2.0,711.0,Estadio Inca Garcilaso de la Vega,Renzo Castañeda,,https://fbref.com/en/matches/98e7cfe0/Real-Garcilaso-Melgar-July-23-2016-Torneo-Descentralizado
Liga 1 de Fútbol Profesional,M,PER,2016,1st,Torneo Clausura,11,Sat,2016-07-23,15:00,Sporting Cristal,4.0,UTC,0.0,2073.0,Estadio Alberto Gallardo,Kevin Ortega,,https://fbref.com/en/matches/b80bdec2/Sporting-Cristal-Universidad-Tecnica-de-Cajamarca-July-23-2016-Torneo-Descentralizado
Liga 1 de Fútbol Profesional,M,PER,2016,1st,Torneo Clausura,11,Sat,2016-07-23,20:00,U César Vallejo,1.0,Juan Aurich,3.0,1626.0,Estadio Mansiche,Joel Alarcón,,https://fbref.com/en/matches/850a9d25/Universidad-Cesar-Vallejo-Juan-Aurich-July-23-2016-Torneo-Descentralizado
Liga 1 de Fútbol Profesional,M,PER,2016,1st,Torneo Clausura,11,Sun,2016-07-24,11:15,Alianza Atlético,0.0,Sport Huancayo,0.0,268.0,Estadio Municipal Melanio Coloma Calderó...,Wilfredo Blas,,https://fbref.com/en/matches/f81f23f0/Alianza-Atletico-Sport-Huancayo-July-24-2016-Torneo-Descentralizado
Liga 1 de Fútbol Profesional,M,PER,2016,1st,Torneo Clausura,11,Sun,2016-07-24,13:30,Unión Comercio,2.0,Universitario,1.0,1976.0,Estadio del IPD,Luis Garay Evia,,https://fbref.com/en/matches/a6bfb1ad/Union-Comercio-Universitario-July-24-2016-Torneo-Descentralizado
Liga 1 de Fútbol Profesional,M,PER,2016,1st,Torneo Clausura,11,Sun,2016-07-24,16:00,Alianza Lima,2.0,La Bocana,0.0,6430.0,Estadio Alejandro Villanueva,Yovany Quevedo Guerra,,https://fbref.com/en/matches/0901888a/Alianza-Lima-Defensor-La-Bocana-July-24-2016-Torneo-Descentralizado
Liga 1 de Fútbol Profesional,M,PER,2016,1st,Torneo Clausura,11,Mon,2016-07-25,13:15,USMP,1.0,Ayacucho,1.0,273.0,Estadio Miguel Grau del Callao,Miguel Santiváñez,,https://fbref.com/en/matches/f9e7d5b6/Universidad-San-Martin-Ayacucho-July-25-2016-Torneo-Descentralizado
Liga 1 de Fútbol Profesional,M,PER,2016,1st,Torneo Clausura,11,Mon,2016-07-25,15:30,Comerciantes,1.0,Dep Municipal,0.0,1669.0,Estadio Juan Maldonado Gamarra,José Martínez,,https://fbref.com/en/matches/e29c3172/Comerciantes-Unidos-Deportivo-Municipal-July-25-2016-Torneo-Descentralizado
Liga 1 de Fútbol Profesional,M,PER,2016,1st,Torneo Clausura,12,Fri,2016-07-29,15:30,Comerciantes,0.0,Unión Comercio,0.0,2608.0,Estadio Juan Maldonado Gamarra,Javier Fernando Camacho,,https://fbref.com/en/matches/b683629d/Comerciantes-Unidos-Union-Comercio-July-29-2016-Torneo-Descentralizado
Liga 1 de Fútbol Profesional,M,PER,2016,1st,Torneo Clausura,12,Sat,2016-07-30,12:30,Ayacucho,1.0,Sporting Cristal,1.0,3511.0,Estadio Ciudad de Cumaná,Henry Gambetta,,https://fbref.com/en/matches/83454460/Ayacucho-Sporting-Cristal-July-30-2016-Torneo-Descentralizado
Liga 1 de Fútbol Profesional,M,PER,2016,1st,Torneo Clausura,12,Sat,2016-07-30,15:00,Dep Municipal,3.0,Real Garcilaso,0.0,2871.0,Estadio Iván Elías Moreno,Jorge Panta,,https://fbref.com/en/matches/f6af714c/Deportivo-Municipal-Real-Garcilaso-July-30-2016-Torneo-Descentralizado
Liga 1 de Fútbol Profesional,M,PER,2016,1st,Torneo Clausura,12,Sat,2016-07-30,17:45,Melgar,2.0,Alianza Atlético,0.0,5591.0,Estadio de la Universidad Nacional San A...,Luis Seminario,,https://fbref.com/en/matches/51e2d9b7/Melgar-Alianza-Atletico-July-30-2016-Torneo-Descentralizado
Liga 1 de Fútbol Profesional,M,PER,2016,1st,Torneo Clausura,12,Sat,2016-07-30,20:00,Juan Aurich,1.0,USMP,3.0,1620.0,Estadio Elías Aguirre,Iván Chang,,https://fbref.com/en/matches/f6edad7e/Juan-Aurich-Universidad-San-Martin-July-30-2016-Torneo-Descentralizado
Liga 1 de Fútbol Profesional,M,PER,2016,1st,Torneo Clausura,12,Sun,2016-07-31,11:15,La Bocana,1.0,UTC,1.0,1228.0,Estadio Municipal Bernales,Hibert Villegas,,https://fbref.com/en/matches/73354191/Defensor-La-Bocana-Universidad-Tecnica-de-Cajamarca-July-31-2016-Torneo-Descentralizado
Liga 1 de Fútbol Profesional,M,PER,2016,1st,Torneo Clausura,12,Sun,2016-07-31,13:30,Sport Huancayo,2.0,Alianza Lima,1.0,9410.0,Estadio Huancayo,Ramón Blanco,,https://fbref.com/en/matches/25113616/Sport-Huancayo-Alianza-Lima-July-31-2016-Torneo-Descentralizado
Liga 1 de Fútbol Profesional,M,PER,2016,1st,Torneo Clausura,12,Sun,2016-07-31,16:00,Universitario,1.0,U César Vallejo,1.0,14063.0,Estadio Monumental,Miguel Santiváñez,,https://fbref.com/en/matches/6a24a4cc/Universitario-Universidad-Cesar-Vallejo-July-31-2016-Torneo-Descentralizado
Liga 1 de Fútbol Profesional,M,PER,2016,1st,Torneo Clausura,13,Tue,2016-08-02,13:15,Real Garcilaso,1.0,Comerciantes,3.0,560.0,Estadio Inca Garcilaso de la Vega,Fernando Legario,,https://fbref.com/en/matches/aa05f3d7/Real-Garcilaso-Comerciantes-Unidos-August-2-2016-Torneo-Descentralizado
Liga 1 de Fútbol Profesional,M,PER,2016,1st,Torneo Clausura,13,Tue,2016-08-02,15:30,Sporting Cristal,1.0,Juan Aurich,1.0,2491.0,Estadio Alberto Gallardo,Michael Espinoza,,https://fbref.com/en/matches/8c768337/Sporting-Cristal-Juan-Aurich-August-2-2016-Torneo-Descentralizado
Liga 1 de Fútbol Profesional,M,PER,2016,1st,Torneo Clausura,13,Wed,2016-08-03,11:00,Alianza Atlético,2.0,Dep Municipal,0.0,369.0,Estadio Municipal Melanio Coloma Calderó...,Renzo Castañeda,,https://fbref.com/en/matches/5ca32881/Alianza-Atletico-Deportivo-Municipal-August-3-2016-Torneo-Descentralizado
Liga 1 de Fútbol Profesional,M,PER,2016,1st,Torneo Clausura,13,Wed,2016-08-03,13:15,Unión Comercio,2.0,Sport Huancayo,1.0,360.0,Estadio del IPD,Yovany Quevedo Guerra,,https://fbref.com/en/matches/8cc749dd/Union-Comercio-Sport-Huancayo-August-3-2016-Torneo-Descentralizado
Liga 1 de Fútbol Profesional,M,PER,2016,1st,Torneo Clausura,13,Wed,2016-08-03,15:30,UTC,1.0,Ayacucho,1.0,2680.0,Estadio Héroes de San Ramón,John Cabrera,,https://fbref.com/en/matches/d9e5ff50/Universidad-Tecnica-de-Cajamarca-Ayacucho-August-3-2016-Torneo-Descentralizado
Liga 1 de Fútbol Profesional,M,PER,2016,1st,Torneo Clausura,13,Wed,2016-08-03,17:45,U César Vallejo,1.0,La Bocana,0.0,1592.0,Estadio Mansiche,Henry Gambetta,,https://fbref.com/en/matches/3b0253a2/Universidad-Cesar-Vallejo-Defensor-La-Bocana-August-3-2016-Torneo-Descentralizado
Liga 1 de Fútbol Profesional,M,PER,2016,1st,Torneo Clausura,13,Wed,2016-08-03,20:00,Alianza Lima,2.0,Melgar,1.0,7356.0,Estadio Alejandro Villanueva,Víctor Carrillo,,https://fbref.com/en/matches/b82c4492/Alianza-Lima-Melgar-August-3-2016-Torneo-Descentralizado
Liga 1 de Fútbol Profesional,M,PER,2016,1st,Torneo Clausura,13,Thu,2016-08-04,20:00,USMP,3.0,Universitario,1.0,4467.0,Estadio Nacional,Micke Palomino,,https://fbref.com/en/matches/07ae74af/Universidad-San-Martin-Universitario-August-4-2016-Torneo-Descentralizado
Liga 1 de Fútbol Profesional,M,PER,2016,1st,Torneo Clausura,14,Sat,2016-08-06,12:30,Sport Huancayo,2.0,Ayacucho,1.0,1056.0,Estadio Huancayo,Michael Espinoza,,https://fbref.com/en/matches/ca6ade2a/Sport-Huancayo-Ayacucho-August-6-2016-Torneo-Descentralizado
Liga 1 de Fútbol Profesional,M,PER,2016,1st,Torneo Clausura,14,Sat,2016-08-06,15:00,Dep Municipal,4.0,Unión Comercio,1.0,1877.0,Estadio Iván Elías Moreno,Micke Palomino,,https://fbref.com/en/matches/6df80463/Deportivo-Municipal-Union-Comercio-August-6-2016-Torneo-Descentralizado
Liga 1 de Fútbol Profesional,M,PER,2016,1st,Torneo Clausura,14,Sat,2016-08-06,17:45,Juan Aurich,2.0,UTC,0.0,1084.0,Estadio Elías Aguirre,Miguel Santiváñez,,https://fbref.com/en/matches/bccf2a7e/Juan-Aurich-Universidad-Tecnica-de-Cajamarca-August-6-2016-Torneo-Descentralizado
Liga 1 de Fútbol Profesional,M,PER,2016,1st,Torneo Clausura,14,Sat,2016-08-06,20:00,Melgar,1.0,U César Vallejo,1.0,6180.0,Estadio de la Universidad Nacional San A...,Joel Alarcón,,https://fbref.com/en/matches/51f9a27a/Melgar-Universidad-Cesar-Vallejo-August-6-2016-Torneo-Descentralizado
Liga 1 de Fútbol Profesional,M,PER,2016,1st,Torneo Clausura,14,Sun,2016-08-07,11:00,La Bocana,2.0,USMP,1.0,1616.0,Estadio Municipal Bernales,Iván Chang,,https://fbref.com/en/matches/5e408ff6/Defensor-La-Bocana-Universidad-San-Martin-August-7-2016-Torneo-Descentralizado
Liga 1 de Fútbol Profesional,M,PER,2016,1st,Torneo Clausura,14,Sun,2016-08-07,13:15,Real Garcilaso,1.0,Alianza Lima,0.0,3722.0,Estadio Inca Garcilaso de la Vega,Luis Seminario,,https://fbref.com/en/matches/697d638b/Real-Garcilaso-Alianza-Lima-August-7-2016-Torneo-Descentralizado
Liga 1 de Fútbol Profesional,M,PER,2016,1st,Torneo Clausura,14,Sun,2016-08-07,16:00,Universitario,2.0,Sporting Cristal,2.0,23693.0,Estadio Nacional,Henry Gambetta,,https://fbref.com/en/matches/3f66a0e4/Universitario-Sporting-Cristal-August-7-2016-Torneo-Descentralizado
Liga 1 de Fútbol Profesional,M,PER,2016,1st,Torneo Clausura,14,Mon,2016-08-08,15:30,Comerciantes,3.0,Alianza Atlético,1.0,2083.0,Estadio Juan Maldonado Gamarra,Ramón Blanco,,https://fbref.com/en/matches/0a75ea08/Comerciantes-Unidos-Alianza-Atletico-August-8-2016-Torneo-Descentralizado
Liga 1 de Fútbol Profesional,M,PER,2016,1st,Torneo Clausura,15,Sat,2016-08-13,15:30,UTC,2.0,Universitario,1.0,5327.0,Estadio Héroes de San Ramón,Eduardo Chirinos,,https://fbref.com/en/matches/a2c18062/Universidad-Tecnica-de-Cajamarca-Universitario-August-13-2016-Torneo-Descentralizado
Liga 1 de Fútbol Profesional,M,PER,2016,1st,Torneo Clausura,15,Sun,2016-08-14,13:00,Unión Comercio,3.0,Melgar,1.0,328.0,Estadio del IPD,Henry Gambetta,,https://fbref.com/en/matches/b11906d7/Union-Comercio-Melgar-August-14-2016-Torneo-Descentralizado
Liga 1 de Fútbol Profesional,M,PER,2016,1st,Torneo Clausura,15,Sun,2016-08-14,15:30,Ayacucho,1.0,Juan Aurich,0.0,1808.0,Estadio Ciudad de Cumaná,Fernando Legario,,https://fbref.com/en/matches/5d827e15/Ayacucho-Juan-Aurich-August-14-2016-Torneo-Descentralizado
Liga 1 de Fútbol Profesional,M,PER,2016,1st,Torneo Clausura,15,Sun,2016-08-14,15:30,U César Vallejo,2.0,Dep Municipal,2.0,1432.0,Estadio Mansiche,Michael Espinoza,,https://fbref.com/en/matches/5fdf14fe/Universidad-Cesar-Vallejo-Deportivo-Municipal-August-14-2016-Torneo-Descentralizado
Liga 1 de Fútbol Profesional,M,PER,2016,1st,Torneo Clausura,15,Sun,2016-08-14,15:30,Sporting Cristal,1.0,La Bocana,1.0,4736.0,Estadio Alberto Gallardo,Renzo Castañeda,,https://fbref.com/en/matches/6138ef9a/Sporting-Cristal-Defensor-La-Bocana-August-14-2016-Torneo-Descentralizado
Liga 1 de Fútbol Profesional,M,PER,2016,1st,Torneo Clausura,15,Sun,2016-08-14,15:30,Alianza Lima,0.0,Comerciantes,0.0,6535.0,Estadio Alejandro Villanueva,Joel Alarcón,,https://fbref.com/en/matches/62e9601c/Alianza-Lima-Comerciantes-Unidos-August-14-2016-Torneo-Descentralizado
Liga 1 de Fútbol Profesional,M,PER,2016,1st,Torneo Clausura,15,Sun,2016-08-14,15:30,Alianza Atlético,2.0,Real Garcilaso,1.0,366.0,Estadio Municipal Melanio Coloma Calderó...,Miguel Santiváñez,,https://fbref.com/en/matches/97c09570/Alianza-Atletico-Real-Garcilaso-August-14-2016-Torneo-Descentralizado
Liga 1 de Fútbol Profesional,M,PER,2016,1st,Torneo Clausura,15,Sun,2016-08-14,15:30,USMP,2.0,Sport Huancayo,0.0,317.0,Estadio Miguel Grau del Callao,Ramón Blanco,,https://fbref.com/en/matches/a3375c48/Universidad-San-Martin-Sport-Huancayo-August-14-2016-Torneo-Descentralizado
Liga 1 de Fútbol Profesional,M,PER,2016,1st,Liguillas,1,Fri,2016-08-19,15:30,UTC,5.0,USMP,0.0,2227.0,Estadio Héroes de San Ramón,Jorge Panta,,https://fbref.com/en/matches/dc1a6217/Universidad-Tecnica-de-Cajamarca-Universidad-San-Martin-August-19-2016-Torneo-Descentralizado
Liga 1 de Fútbol Profesional,M,PER,2016,1st,Liguillas,1,Sat,2016-08-20,15:00,Sporting Cristal,1.0,Unión Comercio,0.0,1613.0,Estadio Alberto Gallardo,Javier Fernando Camacho,,https://fbref.com/en/matches/61c68709/Sporting-Cristal-Union-Comercio-August-20-2016-Torneo-Descentralizado
Liga 1 de Fútbol Profesional,M,PER,2016,1st,Liguillas,1,Sat,2016-08-20,17:45,Melgar,1.0,U César Vallejo,0.0,5222.0,Estadio de la Universidad Nacional San A...,Miguel Santiváñez,,https://fbref.com/en/matches/e033f96a/Melgar-Universidad-Cesar-Vallejo-August-20-2016-Torneo-Descentralizado
Liga 1 de Fútbol Profesional,M,PER,2016,1st,Liguillas,1,Sat,2016-08-20,20:00,Juan Aurich,2.0,Real Garcilaso,1.0,2126.0,Estadio Elías Aguirre,Eduardo Chirinos,,https://fbref.com/en/matches/8ec23707/Juan-Aurich-Real-Garcilaso-August-20-2016-Torneo-Descentralizado
Liga 1 de Fútbol Profesional,M,PER,2016,1st,Liguillas,1,Sun,2016-08-21,11:15,Sport Huancayo,1.0,Comerciantes,1.0,1082.0,Estadio Huancayo,Kevin Ortega,,https://fbref.com/en/matches/f7ed5de5/Sport-Huancayo-Comerciantes-Unidos-August-21-2016-Torneo-Descentralizado
Liga 1 de Fútbol Profesional,M,PER,2016,1st,Liguillas,1,Sun,2016-08-21,13:30,Ayacucho,1.0,Alianza Lima,1.0,5539.0,Estadio Ciudad de Cumaná,José Martínez,,https://fbref.com/en/matches/6cf78ba9/Ayacucho-Alianza-Lima-August-21-2016-Torneo-Descentralizado
Liga 1 de Fútbol Profesional,M,PER,2016,1st,Liguillas,1,Sun,2016-08-21,16:00,Universitario,4.0,Alianza Atlético,0.0,6282.0,Estadio Monumental,Luis Seminario,,https://fbref.com/en/matches/d1d2fcf0/Universitario-Alianza-Atletico-August-21-2016-Torneo-Descentralizado
Liga 1 de Fútbol Profesional,M,PER,2016,1st,Liguillas,1,Mon,2016-08-22,15:30,La Bocana,1.0,Dep Municipal,2.0,4460.0,Estadio Sesquicentenario,Edwin Ordóñez,,https://fbref.com/en/matches/8ca28458/Defensor-La-Bocana-Deportivo-Municipal-August-22-2016-Torneo-Descentralizado
Liga 1 de Fútbol Profesional,M,PER,2016,1st,Liguillas,2,Wed,2016-08-24,13:15,USMP,1.0,Ayacucho,1.0,213.0,Estadio Miguel Grau del Callao,Renzo Castañeda,,https://fbref.com/en/matches/ba6be8f5/Universidad-San-Martin-Ayacucho-August-24-2016-Torneo-Descentralizado
Liga 1 de Fútbol Profesional,M,PER,2016,1st,Liguillas,2,Wed,2016-08-24,15:30,Comerciantes,1.0,Universitario,1.0,3038.0,Estadio Juan Maldonado Gamarra,Ramón Blanco,,https://fbref.com/en/matches/4c335883/Comerciantes-Unidos-Universitario-August-24-2016-Torneo-Descentralizado
Liga 1 de Fútbol Profesional,M,PER,2016,1st,Liguillas,2,Thu,2016-08-25,13:15,Unión Comercio,0.0,Melgar,0.0,222.0,Estadio del IPD,Micke Palomino,,https://fbref.com/en/matches/52b04b0e/Union-Comercio-Melgar-August-25-2016-Torneo-Descentralizado
Liga 1 de Fútbol Profesional,M,PER,2016,1st,Liguillas,2,Thu,2016-08-25,15:30,Dep Municipal,1.0,Juan Aurich,4.0,1401.0,Estadio Iván Elías Moreno,Henry Gambetta,,https://fbref.com/en/matches/3a38a381/Deportivo-Municipal-Juan-Aurich-August-25-2016-Torneo-Descentralizado
Liga 1 de Fútbol Profesional,M,PER,2016,1st,Liguillas,2,Thu,2016-08-25,17:45,U César Vallejo,2.0,Sporting Cristal,1.0,4973.0,Estadio Mansiche,Luis Garay Evia,,https://fbref.com/en/matches/b07ee6a0/Universidad-Cesar-Vallejo-Sporting-Cristal-August-25-2016-Torneo-Descentralizado
Liga 1 de Fútbol Profesional,M,PER,2016,1st,Liguillas,2,Thu,2016-08-25,20:00,Alianza Lima,2.0,UTC,1.0,6191.0,Estadio Alejandro Villanueva,Michael Espinoza,,https://fbref.com/en/matches/998e0065/Alianza-Lima-Universidad-Tecnica-de-Cajamarca-August-25-2016-Torneo-Descentralizado
Liga 1 de Fútbol Profesional,M,PER,2016,1st,Liguillas,2,Sun,2016-08-28,11:30,Real Garcilaso,4.0,La Bocana,2.0,693.0,Estadio Inca Garcilaso de la Vega,Wilfredo Blas,,https://fbref.com/en/matches/cc9f1531/Real-Garcilaso-Defensor-La-Bocana-August-28-2016-Torneo-Descentralizado
Liga 1 de Fútbol Profesional,M,PER,2016,1st,Liguillas,2,Mon,2016-08-29,13:30,Alianza Atlético,3.0,Sport Huancayo,1.0,226.0,Estadio Municipal Melanio Coloma Calderó...,Jesús Cartagena,,https://fbref.com/en/matches/eb72b447/Alianza-Atletico-Sport-Huancayo-August-29-2016-Torneo-Descentralizado
Liga 1 de Fútbol Profesional,M,PER,2016,1st,Liguillas,3,Fri,2016-09-09,15:30,UTC,2.0,Comerciantes,2.0,3023.0,Estadio Héroes de San Ramón,Hibert Villegas,,https://fbref.com/en/matches/e0855709/Universidad-Tecnica-de-Cajamarca-Comerciantes-Unidos-September-9-2016-Torneo-Descentralizado
Liga 1 de Fútbol Profesional,M,PER,2016,1st,Liguillas,3,Sat,2016-09-10,12:45,Juan Aurich,1.0,La Bocana,3.0,2088.0,Estadio César Flores Marigorda,Renzo Castañeda,,https://fbref.com/en/matches/80b8cadf/Juan-Aurich-Defensor-La-Bocana-September-10-2016-Torneo-Descentralizado
Liga 1 de Fútbol Profesional,M,PER,2016,1st,Liguillas,3,Sat,2016-09-10,15:00,Sporting Cristal,2.0,Real Garcilaso,1.0,2143.0,Estadio Alberto Gallardo,Micke Palomino,,https://fbref.com/en/matches/fadfedb5/Sporting-Cristal-Real-Garcilaso-September-10-2016-Torneo-Descentralizado
Liga 1 de Fútbol Profesional,M,PER,2016,1st,Liguillas,3,Sat,2016-09-10,17:45,U César Vallejo,0.0,Unión Comercio,1.0,993.0,Estadio Mansiche,Ramón Blanco,,https://fbref.com/en/matches/7b98ca98/Universidad-Cesar-Vallejo-Union-Comercio-September-10-2016-Torneo-Descentralizado
Liga 1 de Fútbol Profesional,M,PER,2016,1st,Liguillas,3,Sat,2016-09-10,20:00,USMP,3.0,Alianza Lima,0.0,5252.0,Estadio Nacional,Miguel Santiváñez,,https://fbref.com/en/matches/fd431b5c/Universidad-San-Martin-Alianza-Lima-September-10-2016-Torneo-Descentralizado
Liga 1 de Fútbol Profesional,M,PER,2016,1st,Liguillas,3,Sun,2016-09-11,11:15,Ayacucho,5.0,Alianza Atlético,2.0,1529.0,Estadio Ciudad de Cumaná,Jorge Panta,,https://fbref.com/en/matches/fda769cf/Ayacucho-Alianza-Atletico-September-11-2016-Torneo-Descentralizado
Liga 1 de Fútbol Profesional,M,PER,2016,1st,Liguillas,3,Sun,2016-09-11,13:30,Melgar,3.0,Dep Municipal,0.0,11192.0,Estadio de la Universidad Nacional San A...,Luis Garay Evia,Match awarded to Melgar,https://fbref.com/en/matches/eb297b94/Melgar-Deportivo-Municipal-September-11-2016-Torneo-Descentralizado
Liga 1 de Fútbol Profesional,M,PER,2016,1st,Liguillas,3,Sun,2016-09-11,16:00,Universitario,1.0,Sport Huancayo,0.0,5290.0,Estadio Monumental,Michael Espinoza,,https://fbref.com/en/matches/67a2f043/Universitario-Sport-Huancayo-September-11-2016-Torneo-Descentralizado
Liga 1 de Fútbol Profesional,M,PER,2016,1st,Liguillas,4,Sat,2016-09-17,12:30,Unión Comercio,2.0,Juan Aurich,2.0,1398.0,Estadio Inca Pachacútec,Joel Alarcón,,https://fbref.com/en/matches/11e6fad1/Union-Comercio-Juan-Aurich-September-17-2016-Torneo-Descentralizado
Liga 1 de Fútbol Profesional,M,PER,2016,1st,Liguillas,4,Sat,2016-09-17,15:00,Dep Municipal,2.0,U César Vallejo,1.0,852.0,Estadio Iván Elías Moreno,Henry Gambetta,,https://fbref.com/en/matches/49192ae1/Deportivo-Municipal-Universidad-Cesar-Vallejo-September-17-2016-Torneo-Descentralizado
Liga 1 de Fútbol Profesional,M,PER,2016,1st,Liguillas,4,Sat,2016-09-17,19:00,Alianza Lima,3.0,Universitario,0.0,18201.0,Estadio Alejandro Villanueva,Diego Haro,Match awarded to Alianza Lima,https://fbref.com/en/matches/c79675f2/Alianza-Lima-Universitario-September-17-2016-Torneo-Descentralizado
Liga 1 de Fútbol Profesional,M,PER,2016,1st,Liguillas,4,Sun,2016-09-18,11:15,Sport Huancayo,1.0,UTC,1.0,702.0,Estadio Huancayo,Javier Fernando Camacho,,https://fbref.com/en/matches/dc320796/Sport-Huancayo-Universidad-Tecnica-de-Cajamarca-September-18-2016-Torneo-Descentralizado
Liga 1 de Fútbol Profesional,M,PER,2016,1st,Liguillas,4,Sun,2016-09-18,13:30,Alianza Atlético,2.0,USMP,3.0,386.0,Estadio Municipal Melanio Coloma Calderó...,Eduardo Chirinos,,https://fbref.com/en/matches/6a2bc8ea/Alianza-Atletico-Universidad-San-Martin-September-18-2016-Torneo-Descentralizado
Liga 1 de Fútbol Profesional,M,PER,2016,1st,Liguillas,4,Sun,2016-09-18,16:00,La Bocana,1.0,Sporting Cristal,2.0,6043.0,Estadio Sesquicentenario,Luis Seminario,,https://fbref.com/en/matches/0508bf47/Defensor-La-Bocana-Sporting-Cristal-September-18-2016-Torneo-Descentralizado
Liga 1 de Fútbol Profesional,M,PER,2016,1st,Liguillas,4,Mon,2016-09-19,13:15,Real Garcilaso,1.0,Melgar,2.0,1104.0,Estadio Inca Garcilaso de la Vega,Ramón Blanco,,https://fbref.com/en/matches/dc473e75/Real-Garcilaso-Melgar-September-19-2016-Torneo-Descentralizado
Liga 1 de Fútbol Profesional,M,PER,2016,1st,Liguillas,4,Mon,2016-09-19,15:30,Comerciantes,3.0,Ayacucho,1.0,1529.0,Estadio Juan Maldonado Gamarra,Fernando Legario,,https://fbref.com/en/matches/2f7ba4c2/Comerciantes-Unidos-Ayacucho-September-19-2016-Torneo-Descentralizado
Liga 1 de Fútbol Profesional,M,PER,2016,1st,Liguillas,5,Fri,2016-09-23,15:30,USMP,1.0,Comerciantes,1.0,324.0,Estadio Miguel Grau del Callao,Jorge Panta,,https://fbref.com/en/matches/473f2839/Universidad-San-Martin-Comerciantes-Unidos-September-23-2016-Torneo-Descentralizado
Liga 1 de Fútbol Profesional,M,PER,2016,1st,Liguillas,5,Sat,2016-09-24,12:30,Ayacucho,0.0,Sport Huancayo,1.0,1695.0,Estadio Ciudad de Cumaná,Micke Palomino,,https://fbref.com/en/matches/4dfdcd05/Ayacucho-Sport-Huancayo-September-24-2016-Torneo-Descentralizado
Liga 1 de Fútbol Profesional,M,PER,2016,1st,Liguillas,5,Sat,2016-09-24,15:00,UTC,1.0,Universitario,1.0,4956.0,Estadio Héroes de San Ramón,Henry Gambetta,,https://fbref.com/en/matches/aa2e5834/Universidad-Tecnica-de-Cajamarca-Universitario-September-24-2016-Torneo-Descentralizado
Liga 1 de Fútbol Profesional,M,PER,2016,1st,Liguillas,5,Sat,2016-09-24,17:45,U César Vallejo,2.0,Real Garcilaso,0.0,1012.0,Estadio Mansiche,Miguel Santiváñez,,https://fbref.com/en/matches/f9e00931/Universidad-Cesar-Vallejo-Real-Garcilaso-September-24-2016-Torneo-Descentralizado
Liga 1 de Fútbol Profesional,M,PER,2016,1st,Liguillas,5,Sat,2016-09-24,20:00,Alianza Lima,0.0,Alianza Atlético,0.0,5324.0,Estadio Alejandro Villanueva,Luis Garay Evia,,https://fbref.com/en/matches/feda30d5/Alianza-Lima-Alianza-Atletico-September-24-2016-Torneo-Descentralizado
Liga 1 de Fútbol Profesional,M,PER,2016,1st,Liguillas,5,Sun,2016-09-25,11:00,Unión Comercio,1.0,Dep Municipal,2.0,197.0,Estadio del IPD,Renzo Castañeda,,https://fbref.com/en/matches/d3905214/Union-Comercio-Deportivo-Municipal-September-25-2016-Torneo-Descentralizado
Liga 1 de Fútbol Profesional,M,PER,2016,1st,Liguillas,5,Sun,2016-09-25,13:00,Melgar,1.0,La Bocana,0.0,10044.0,Estadio de la Universidad Nacional San A...,Diego Haro,,https://fbref.com/en/matches/7467204a/Melgar-Defensor-La-Bocana-September-25-2016-Torneo-Descentralizado
Liga 1 de Fútbol Profesional,M,PER,2016,1st,Liguillas,5,Sun,2016-09-25,15:30,Sporting Cristal,3.0,Juan Aurich,0.0,5923.0,Estadio Alberto Gallardo,Víctor Carrillo,,https://fbref.com/en/matches/14f342dd/Sporting-Cristal-Juan-Aurich-September-25-2016-Torneo-Descentralizado
Liga 1 de Fútbol Profesional,M,PER,2016,1st,Liguillas,6,Tue,2016-09-27,13:15,Sport Huancayo,3.0,USMP,0.0,959.0,Estadio Huancayo,Ramón Blanco,,https://fbref.com/en/matches/ca2ba325/Sport-Huancayo-Universidad-San-Martin-September-27-2016-Torneo-Descentralizado
Liga 1 de Fútbol Profesional,M,PER,2016,1st,Liguillas,6,Tue,2016-09-27,15:30,Sporting Cristal,0.0,Dep Municipal,2.0,2792.0,Estadio Alberto Gallardo,Michael Espinoza,,https://fbref.com/en/matches/1ae092a3/Sporting-Cristal-Deportivo-Municipal-September-27-2016-Torneo-Descentralizado
Liga 1 de Fútbol Profesional,M,PER,2016,1st,Liguillas,6,Tue,2016-09-27,15:30,UTC,4.0,Alianza Atlético,0.0,1619.0,Estadio Héroes de San Ramón,Micke Palomino,,https://fbref.com/en/matches/4828daa0/Universidad-Tecnica-de-Cajamarca-Alianza-Atletico-September-27-2016-Torneo-Descentralizado
Liga 1 de Fútbol Profesional,M,PER,2016,1st,Liguillas,6,Wed,2016-09-28,11:00,Real Garcilaso,1.0,Unión Comercio,0.0,735.0,Estadio Inca Garcilaso de la Vega,Fernando Legario,,https://fbref.com/en/matches/242d5897/Real-Garcilaso-Union-Comercio-September-28-2016-Torneo-Descentralizado
Liga 1 de Fútbol Profesional,M,PER,2016,1st,Liguillas,6,Wed,2016-09-28,13:15,Juan Aurich,1.0,Melgar,1.0,1139.0,Estadio César Flores Marigorda,Luis Seminario,,https://fbref.com/en/matches/6fe30417/Juan-Aurich-Melgar-September-28-2016-Torneo-Descentralizado
Liga 1 de Fútbol Profesional,M,PER,2016,1st,Liguillas,6,Wed,2016-09-28,15:30,Comerciantes,2.0,Alianza Lima,1.0,3033.0,Estadio Juan Maldonado Gamarra,Joel Alarcón,,https://fbref.com/en/matches/3f3d6bd0/Comerciantes-Unidos-Alianza-Lima-September-28-2016-Torneo-Descentralizado
Liga 1 de Fútbol Profesional,M,PER,2016,1st,Liguillas,6,Thu,2016-09-29,15:30,La Bocana,1.0,U César Vallejo,3.0,1409.0,Estadio Sesquicentenario,Víctor Carrillo,,https://fbref.com/en/matches/808e3769/Defensor-La-Bocana-Universidad-Cesar-Vallejo-September-29-2016-Torneo-Descentralizado
Liga 1 de Fútbol Profesional,M,PER,2016,1st,Liguillas,6,Sun,2016-10-02,16:00,Universitario,4.0,Ayacucho,2.0,4822.0,Estadio Monumental,Renzo Castañeda,,https://fbref.com/en/matches/410b2619/Universitario-Ayacucho-October-2-2016-Torneo-Descentralizado
Liga 1 de Fútbol Profesional,M,PER,2016,1st,Liguillas,7,Sat,2016-10-15,12:30,Ayacucho,2.0,UTC,0.0,1282.0,Estadio Ciudad de Cumaná,Ramón Blanco,,https://fbref.com/en/matches/bccc769e/Ayacucho-Universidad-Tecnica-de-Cajamarca-October-15-2016-Torneo-Descentralizado
Liga 1 de Fútbol Profesional,M,PER,2016,1st,Liguillas,7,Sat,2016-10-15,15:00,Dep Municipal,1.0,Real Garcilaso,0.0,1988.0,Estadio Iván Elías Moreno,Luis Seminario,,https://fbref.com/en/matches/8fc803da/Deportivo-Municipal-Real-Garcilaso-October-15-2016-Torneo-Descentralizado
Liga 1 de Fútbol Profesional,M,PER,2016,1st,Liguillas,7,Sat,2016-10-15,17:45,U César Vallejo,2.0,Juan Aurich,1.0,1323.0,Estadio Mansiche,Diego Haro,,https://fbref.com/en/matches/8bdddb4e/Universidad-Cesar-Vallejo-Juan-Aurich-October-15-2016-Torneo-Descentralizado
Liga 1 de Fútbol Profesional,M,PER,2016,1st,Liguillas,7,Sun,2016-10-16,11:00,Unión Comercio,1.0,La Bocana,1.0,268.0,Estadio del IPD,José Martínez,,https://fbref.com/en/matches/a1a218ae/Union-Comercio-Defensor-La-Bocana-October-16-2016-Torneo-Descentralizado
Liga 1 de Fútbol Profesional,M,PER,2016,1st,Liguillas,7,Sun,2016-10-16,13:30,Melgar,2.0,Sporting Cristal,0.0,20845.0,Estadio de la Universidad Nacional San A...,Henry Gambetta,,https://fbref.com/en/matches/a394bffe/Melgar-Sporting-Cristal-October-16-2016-Torneo-Descentralizado
Liga 1 de Fútbol Profesional,M,PER,2016,1st,Liguillas,7,Sun,2016-10-16,15:30,Alianza Atlético,1.0,Comerciantes,0.0,349.0,Estadio Municipal Melanio Coloma Calderó...,Kevin Ortega,,https://fbref.com/en/matches/f8311745/Alianza-Atletico-Comerciantes-Unidos-October-16-2016-Torneo-Descentralizado
Liga 1 de Fútbol Profesional,M,PER,2016,1st,Liguillas,7,Sun,2016-10-16,16:00,Alianza Lima,1.0,Sport Huancayo,0.0,6515.0,Estadio Alejandro Villanueva,Yovany Quevedo Guerra,,https://fbref.com/en/matches/9443a5c5/Alianza-Lima-Sport-Huancayo-October-16-2016-Torneo-Descentralizado
Liga 1 de Fútbol Profesional,M,PER,2016,1st,Liguillas,8,Tue,2016-10-18,13:15,USMP,6.0,UTC,0.0,200.0,Estadio Miguel Grau del Callao,Renzo Castañeda,,https://fbref.com/en/matches/8d89dbbc/Universidad-San-Martin-Universidad-Tecnica-de-Cajamarca-October-18-2016-Torneo-Descentralizado
Liga 1 de Fútbol Profesional,M,PER,2016,1st,Liguillas,8,Tue,2016-10-18,15:30,Real Garcilaso,1.0,Juan Aurich,1.0,845.0,Estadio Inca Garcilaso de la Vega,Luis Garay Evia,,https://fbref.com/en/matches/60224e53/Real-Garcilaso-Juan-Aurich-October-18-2016-Torneo-Descentralizado
Liga 1 de Fútbol Profesional,M,PER,2016,1st,Liguillas,8,Wed,2016-10-19,13:15,Unión Comercio,2.0,Sporting Cristal,0.0,628.0,Estadio del IPD,Víctor Carrillo,,https://fbref.com/en/matches/0b356905/Union-Comercio-Sporting-Cristal-October-19-2016-Torneo-Descentralizado
Liga 1 de Fútbol Profesional,M,PER,2016,1st,Liguillas,8,Wed,2016-10-19,15:30,Alianza Atlético,1.0,Universitario,3.0,2096.0,Estadio Sesquicentenario,Iván Chang,,https://fbref.com/en/matches/0a338c16/Alianza-Atletico-Universitario-October-19-2016-Torneo-Descentralizado
Liga 1 de Fútbol Profesional,M,PER,2016,1st,Liguillas,8,Wed,2016-10-19,17:45,U César Vallejo,2.0,Melgar,3.0,1500.0,Estadio Mansiche,Joel Alarcón,,https://fbref.com/en/matches/489e63da/Universidad-Cesar-Vallejo-Melgar-October-19-2016-Torneo-Descentralizado
Liga 1 de Fútbol Profesional,M,PER,2016,1st,Liguillas,8,Thu,2016-10-20,15:30,Dep Municipal,2.0,La Bocana,2.0,1365.0,Estadio Iván Elías Moreno,Eduardo Chirinos,,https://fbref.com/en/matches/66719cc4/Deportivo-Municipal-Defensor-La-Bocana-October-20-2016-Torneo-Descentralizado
Liga 1 de Fútbol Profesional,M,PER,2016,1st,Liguillas,8,Thu,2016-10-20,15:30,Comerciantes,5.0,Sport Huancayo,1.0,1629.0,Estadio Juan Maldonado Gamarra,Roberto Mauro,,https://fbref.com/en/matches/6e2ff4c6/Comerciantes-Unidos-Sport-Huancayo-October-20-2016-Torneo-Descentralizado
Liga 1 de Fútbol Profesional,M,PER,2016,1st,Liguillas,9,Sat,2016-10-22,12:30,Ayacucho,2.0,USMP,2.0,1895.0,Estadio Ciudad de Cumaná,Diego Haro,,https://fbref.com/en/matches/5c1be2bd/Ayacucho-Universidad-San-Martin-October-22-2016-Torneo-Descentralizado
Liga 1 de Fútbol Profesional,M,PER,2016,1st,Liguillas,9,Sat,2016-10-22,15:00,UTC,0.0,Alianza Lima,2.0,3124.0,Estadio Héroes de San Ramón,Joel Alarcón,,https://fbref.com/en/matches/5e8325b9/Universidad-Tecnica-de-Cajamarca-Alianza-Lima-October-22-2016-Torneo-Descentralizado
Liga 1 de Fútbol Profesional,M,PER,2016,1st,Liguillas,9,Sun,2016-10-23,11:00,Universitario,2.0,Comerciantes,0.0,5392.0,Estadio Monumental,Henry Gambetta,,https://fbref.com/en/matches/a457cbc5/Universitario-Comerciantes-Unidos-October-23-2016-Torneo-Descentralizado
Liga 1 de Fútbol Profesional,M,PER,2016,1st,Liguillas,9,Sun,2016-10-23,11:00,Sport Huancayo,3.0,Alianza Atlético,1.0,861.0,Estadio Huancayo,Wilfredo Blas,,https://fbref.com/en/matches/f144de43/Sport-Huancayo-Alianza-Atletico-October-23-2016-Torneo-Descentralizado
Liga 1 de Fútbol Profesional,M,PER,2016,1st,Liguillas,9,Sun,2016-10-23,13:00,Juan Aurich,0.0,Dep Municipal,2.0,1520.0,Estadio César Flores Marigorda,Miguel Santiváñez,,https://fbref.com/en/matches/07e49d0b/Juan-Aurich-Deportivo-Municipal-October-23-2016-Torneo-Descentralizado
Liga 1 de Fútbol Profesional,M,PER,2016,1st,Liguillas,9,Sun,2016-10-23,15:30,Sporting Cristal,7.0,U César Vallejo,2.0,2893.0,Estadio Alberto Gallardo,Michael Espinoza,,https://fbref.com/en/matches/24621993/Sporting-Cristal-Universidad-Cesar-Vallejo-October-23-2016-Torneo-Descentralizado
Liga 1 de Fútbol Profesional,M,PER,2016,1st,Liguillas,9,Mon,2016-10-24,13:15,Melgar,1.0,Unión Comercio,0.0,6193.0,Estadio de la Universidad Nacional San A...,Yovany Quevedo Guerra,,https://fbref.com/en/matches/3b48bc6d/Melgar-Union-Comercio-October-24-2016-Torneo-Descentralizado
Liga 1 de Fútbol Profesional,M,PER,2016,1st,Liguillas,9,Mon,2016-10-24,15:30,La Bocana,0.0,Real Garcilaso,2.0,1670.0,Estadio Sesquicentenario,Renzo Castañeda,,https://fbref.com/en/matches/6a78ae36/Defensor-La-Bocana-Real-Garcilaso-October-24-2016-Torneo-Descentralizado
Liga 1 de Fútbol Profesional,M,PER,2016,1st,Liguillas,7,Wed,2016-10-26,20:00,USMP,4.0,Universitario,4.0,3266.0,Estadio Miguel Grau del Callao,Michael Espinoza,,https://fbref.com/en/matches/4c624446/Universidad-San-Martin-Universitario-October-26-2016-Torneo-Descentralizado
Liga 1 de Fútbol Profesional,M,PER,2016,1st,Liguillas,10,Fri,2016-10-28,13:15,Unión Comercio,3.0,U César Vallejo,1.0,259.0,Estadio del IPD,Henry Gambetta,,https://fbref.com/en/matches/8490b679/Union-Comercio-Universidad-Cesar-Vallejo-October-28-2016-Torneo-Descentralizado
Liga 1 de Fútbol Profesional,M,PER,2016,1st,Liguillas,10,Fri,2016-10-28,15:30,Comerciantes,1.0,UTC,0.0,1961.0,Estadio Juan Maldonado Gamarra,Micke Palomino,,https://fbref.com/en/matches/94b5ddb9/Comerciantes-Unidos-Universidad-Tecnica-de-Cajamarca-October-28-2016-Torneo-Descentralizado
Liga 1 de Fútbol Profesional,M,PER,2016,1st,Liguillas,10,Sat,2016-10-29,12:30,Alianza Atlético,1.0,Ayacucho,1.0,175.0,Estadio Municipal Melanio Coloma Calderó...,Javier Fernando Camacho,,https://fbref.com/en/matches/99062d54/Alianza-Atletico-Ayacucho-October-29-2016-Torneo-Descentralizado
Liga 1 de Fútbol Profesional,M,PER,2016,1st,Liguillas,10,Sat,2016-10-29,15:00,Dep Municipal,0.0,Melgar,0.0,4421.0,Estadio Iván Elías Moreno,Michael Espinoza,,https://fbref.com/en/matches/d25c767d/Deportivo-Municipal-Melgar-October-29-2016-Torneo-Descentralizado
Liga 1 de Fútbol Profesional,M,PER,2016,1st,Liguillas,10,Sun,2016-10-30,11:15,Sport Huancayo,4.0,Universitario,0.0,7080.0,Estadio Huancayo,Miguel Santiváñez,,https://fbref.com/en/matches/e84b7c44/Sport-Huancayo-Universitario-October-30-2016-Torneo-Descentralizado
Liga 1 de Fútbol Profesional,M,PER,2016,1st,Liguillas,10,Sun,2016-10-30,13:30,Real Garcilaso,1.0,Sporting Cristal,0.0,2607.0,Estadio Inca Garcilaso de la Vega,Joel Alarcón,,https://fbref.com/en/matches/94a1b2ed/Real-Garcilaso-Sporting-Cristal-October-30-2016-Torneo-Descentralizado
Liga 1 de Fútbol Profesional,M,PER,2016,1st,Liguillas,10,Sun,2016-10-30,16:00,Alianza Lima,1.0,USMP,2.0,9759.0,Estadio Alejandro Villanueva,Ramón Blanco,,https://fbref.com/en/matches/9ef9e526/Alianza-Lima-Universidad-San-Martin-October-30-2016-Torneo-Descentralizado
Liga 1 de Fútbol Profesional,M,PER,2016,1st,Liguillas,10,Mon,2016-10-31,15:30,La Bocana,0.0,Juan Aurich,3.0,,Estadio Sesquicentenario,Luis Garay Evia,,https://fbref.com/en/matches/4bb5ab76/Defensor-La-Bocana-Juan-Aurich-October-31-2016-Torneo-Descentralizado
Liga 1 de Fútbol Profesional,M,PER,2016,1st,Liguillas,11,Tue,2016-11-01,15:30,Ayacucho,2.0,Comerciantes,0.0,1962.0,Estadio Ciudad de Cumaná,Roberto Mauro,,https://fbref.com/en/matches/bccf2694/Ayacucho-Comerciantes-Unidos-November-1-2016-Torneo-Descentralizado
Liga 1 de Fútbol Profesional,M,PER,2016,1st,Liguillas,11,Wed,2016-11-02,13:15,USMP,3.0,Alianza Atlético,1.0,216.0,Estadio Miguel Grau del Callao,Joel Alarcón,,https://fbref.com/en/matches/51c01fa9/Universidad-San-Martin-Alianza-Atletico-November-2-2016-Torneo-Descentralizado
Liga 1 de Fútbol Profesional,M,PER,2016,1st,Liguillas,11,Wed,2016-11-02,15:30,UTC,3.0,Sport Huancayo,0.0,1357.0,Estadio Héroes de San Ramón,Víctor Carrillo,,https://fbref.com/en/matches/61cc0d44/Universidad-Tecnica-de-Cajamarca-Sport-Huancayo-November-2-2016-Torneo-Descentralizado
Liga 1 de Fútbol Profesional,M,PER,2016,1st,Liguillas,11,Wed,2016-11-02,17:45,Melgar,0.0,Real Garcilaso,0.0,9418.0,Estadio de la Universidad Nacional San A...,Miguel Santiváñez,,https://fbref.com/en/matches/9e4b13e9/Melgar-Real-Garcilaso-November-2-2016-Torneo-Descentralizado
Liga 1 de Fútbol Profesional,M,PER,2016,1st,Liguillas,11,Thu,2016-11-03,13:15,Juan Aurich,2.0,Unión Comercio,1.0,1002.0,Estadio César Flores Marigorda,Eduardo Chirinos,,https://fbref.com/en/matches/a878f9bd/Juan-Aurich-Union-Comercio-November-3-2016-Torneo-Descentralizado
Liga 1 de Fútbol Profesional,M,PER,2016,1st,Liguillas,11,Thu,2016-11-03,15:30,Sporting Cristal,2.0,La Bocana,5.0,1473.0,Estadio Alberto Gallardo,Diego Haro,,https://fbref.com/en/matches/d671e71b/Sporting-Cristal-Defensor-La-Bocana-November-3-2016-Torneo-Descentralizado
Liga 1 de Fútbol Profesional,M,PER,2016,1st,Liguillas,11,Thu,2016-11-03,20:00,U César Vallejo,3.0,Dep Municipal,0.0,2642.0,Estadio Mansiche,Iván Chang,,https://fbref.com/en/matches/947bfb4f/Universidad-Cesar-Vallejo-Deportivo-Municipal-November-3-2016-Torneo-Descentralizado
Liga 1 de Fútbol Profesional,M,PER,2016,1st,Liguillas,8,Sun,2016-11-13,16:00,Alianza Lima,0.0,Ayacucho,1.0,7371.0,Estadio Alejandro Villanueva,Micke Palomino,,https://fbref.com/en/matches/16a00b08/Alianza-Lima-Ayacucho-November-13-2016-Torneo-Descentralizado
Liga 1 de Fútbol Profesional,M,PER,2016,1st,Liguillas,11,Wed,2016-11-16,20:00,Universitario,0.0,Alianza Lima,3.0,,Estadio Monumental,,Match awarded to Alianza Lima,https://fbref.com/en/matches/46e04518/Universitario-Alianza-Lima-November-16-2016-Torneo-Descentralizado
Liga 1 de Fútbol Profesional,M,PER,2016,1st,Liguillas,12,Fri,2016-11-18,13:15,Sport Huancayo,0.0,Ayacucho,0.0,790.0,Estadio Huancayo,Michael Espinoza,,https://fbref.com/en/matches/4e93df09/Sport-Huancayo-Ayacucho-November-18-2016-Torneo-Descentralizado
Liga 1 de Fútbol Profesional,M,PER,2016,1st,Liguillas,12,Fri,2016-11-18,15:30,La Bocana,1.0,Melgar,3.0,574.0,Estadio Municipal Bernales,Renzo Castañeda,,https://fbref.com/en/matches/9ecb655e/Defensor-La-Bocana-Melgar-November-18-2016-Torneo-Descentralizado
Liga 1 de Fútbol Profesional,M,PER,2016,1st,Liguillas,12,Sat,2016-11-19,15:00,Dep Municipal,2.0,Unión Comercio,0.0,1915.0,Estadio Iván Elías Moreno,Joel Alarcón,,https://fbref.com/en/matches/f55d8fc2/Deportivo-Municipal-Union-Comercio-November-19-2016-Torneo-Descentralizado
Liga 1 de Fútbol Profesional,M,PER,2016,1st,Liguillas,12,Sat,2016-11-19,17:45,Juan Aurich,0.0,Sporting Cristal,0.0,2886.0,Estadio Elías Aguirre,Micke Palomino,,https://fbref.com/en/matches/18ec0f37/Juan-Aurich-Sporting-Cristal-November-19-2016-Torneo-Descentralizado
Liga 1 de Fútbol Profesional,M,PER,2016,1st,Liguillas,12,Sun,2016-11-20,11:00,Real Garcilaso,0.0,U César Vallejo,3.0,953.0,Estadio Inca Garcilaso de la Vega,Henry Gambetta,Match awarded to U César Vallejo,https://fbref.com/en/matches/d02732e8/Real-Garcilaso-Universidad-Cesar-Vallejo-November-20-2016-Torneo-Descentralizado
Liga 1 de Fútbol Profesional,M,PER,2016,1st,Liguillas,12,Sun,2016-11-20,13:30,Alianza Atlético,4.0,Alianza Lima,0.0,714.0,Estadio Municipal Melanio Coloma Calderó...,Diego Haro,,https://fbref.com/en/matches/8361fe3b/Alianza-Atletico-Alianza-Lima-November-20-2016-Torneo-Descentralizado
Liga 1 de Fútbol Profesional,M,PER,2016,1st,Liguillas,12,Sun,2016-11-20,16:00,Universitario,1.0,UTC,1.0,4870.0,Estadio Monumental,Roberto Mauro,,https://fbref.com/en/matches/fe7b6de5/Universitario-Universidad-Tecnica-de-Cajamarca-November-20-2016-Torneo-Descentralizado
Liga 1 de Fútbol Profesional,M,PER,2016,1st,Liguillas,12,Mon,2016-11-21,15:30,Comerciantes,5.0,USMP,1.0,1842.0,Estadio Juan Maldonado Gamarra,Miguel Santiváñez,,https://fbref.com/en/matches/29b208dc/Comerciantes-Unidos-Universidad-San-Martin-November-21-2016-Torneo-Descentralizado
Liga 1 de Fútbol Profesional,M,PER,2016,1st,Liguillas,13,Tue,2016-11-22,15:30,Melgar,1.0,Juan Aurich,2.0,5505.0,Estadio de la Universidad Nacional San A...,Luis Garay Evia,,https://fbref.com/en/matches/30196424/Melgar-Juan-Aurich-November-22-2016-Torneo-Descentralizado
Liga 1 de Fútbol Profesional,M,PER,2016,1st,Liguillas,13,Wed,2016-11-23,13:15,Unión Comercio,0.0,Real Garcilaso,0.0,187.0,Estadio del IPD,Víctor Carrillo,,https://fbref.com/en/matches/f54b9f5f/Union-Comercio-Real-Garcilaso-November-23-2016-Torneo-Descentralizado
Liga 1 de Fútbol Profesional,M,PER,2016,1st,Liguillas,13,Wed,2016-11-23,15:30,Ayacucho,1.0,Universitario,1.0,6829.0,Estadio Ciudad de Cumaná,Luis Seminario,,https://fbref.com/en/matches/1f1200f7/Ayacucho-Universitario-November-23-2016-Torneo-Descentralizado
Liga 1 de Fútbol Profesional,M,PER,2016,1st,Liguillas,13,Wed,2016-11-23,17:45,U César Vallejo,1.0,La Bocana,1.0,700.0,Estadio Mansiche,Diego Haro,,https://fbref.com/en/matches/e7dc87d4/Universidad-Cesar-Vallejo-Defensor-La-Bocana-November-23-2016-Torneo-Descentralizado
Liga 1 de Fútbol Profesional,M,PER,2016,1st,Liguillas,13,Thu,2016-11-24,13:15,USMP,1.0,Sport Huancayo,0.0,233.0,Estadio Miguel Grau del Callao,Micke Palomino,,https://fbref.com/en/matches/816c9188/Universidad-San-Martin-Sport-Huancayo-November-24-2016-Torneo-Descentralizado
Liga 1 de Fútbol Profesional,M,PER,2016,1st,Liguillas,13,Thu,2016-11-24,15:30,Alianza Atlético,4.0,UTC,2.0,161.0,Estadio Municipal Melanio Coloma Calderó...,Fernando Legario,,https://fbref.com/en/matches/80009056/Alianza-Atletico-Universidad-Tecnica-de-Cajamarca-November-24-2016-Torneo-Descentralizado
Liga 1 de Fútbol Profesional,M,PER,2016,1st,Liguillas,13,Thu,2016-11-24,15:30,Dep Municipal,1.0,Sporting Cristal,3.0,3942.0,Estadio Iván Elías Moreno,Henry Gambetta,,https://fbref.com/en/matches/b2cc4088/Deportivo-Municipal-Sporting-Cristal-November-24-2016-Torneo-Descentralizado
Liga 1 de Fútbol Profesional,M,PER,2016,1st,Liguillas,13,Thu,2016-11-24,20:00,Alianza Lima,4.0,Comerciantes,0.0,4550.0,Estadio Alejandro Villanueva,Renzo Castañeda,,https://fbref.com/en/matches/f557b60f/Alianza-Lima-Comerciantes-Unidos-November-24-2016-Torneo-Descentralizado
Liga 1 de Fútbol Profesional,M,PER,2016,1st,Liguillas,14,Sun,2016-11-27,15:00,Juan Aurich,0.0,U César Vallejo,1.0,1325.0,Estadio Elías Aguirre,Eduardo Chirinos,,https://fbref.com/en/matches/065c6540/Juan-Aurich-Universidad-Cesar-Vallejo-November-27-2016-Torneo-Descentralizado
Liga 1 de Fútbol Profesional,M,PER,2016,1st,Liguillas,14,Sun,2016-11-27,15:00,Sport Huancayo,1.0,Alianza Lima,1.0,3049.0,Estadio Huancayo,Kevin Ortega,,https://fbref.com/en/matches/1d4e0caa/Sport-Huancayo-Alianza-Lima-November-27-2016-Torneo-Descentralizado
Liga 1 de Fútbol Profesional,M,PER,2016,1st,Liguillas,14,Sun,2016-11-27,15:00,Real Garcilaso,2.0,Dep Municipal,1.0,1793.0,Estadio Municipal de Urcos,Miguel Santiváñez,,https://fbref.com/en/matches/4abb08d8/Real-Garcilaso-Deportivo-Municipal-November-27-2016-Torneo-Descentralizado
Liga 1 de Fútbol Profesional,M,PER,2016,1st,Liguillas,14,Sun,2016-11-27,15:00,UTC,1.0,Ayacucho,1.0,1201.0,Estadio Héroes de San Ramón,Edwin Ordóñez,,https://fbref.com/en/matches/b348ae79/Universidad-Tecnica-de-Cajamarca-Ayacucho-November-27-2016-Torneo-Descentralizado
Liga 1 de Fútbol Profesional,M,PER,2016,1st,Liguillas,14,Sun,2016-11-27,15:00,La Bocana,3.0,Unión Comercio,3.0,258.0,Estadio Municipal Bernales,Diego Jaimes,,https://fbref.com/en/matches/e84e4a8f/Defensor-La-Bocana-Union-Comercio-November-27-2016-Torneo-Descentralizado
Liga 1 de Fútbol Profesional,M,PER,2016,1st,Liguillas,14,Sun,2016-11-27,15:00,Comerciantes,7.0,Alianza Atlético,2.0,2459.0,Estadio Juan Maldonado Gamarra,José Mendoza,,https://fbref.com/en/matches/ec1b29ce/Comerciantes-Unidos-Alianza-Atletico-November-27-2016-Torneo-Descentralizado
Liga 1 de Fútbol Profesional,M,PER,2016,1st,Liguillas,14,Sun,2016-11-27,15:00,Universitario,0.0,USMP,1.0,6281.0,Estadio Monumental,Ramón Blanco,,https://fbref.com/en/matches/f600cea5/Universitario-Universidad-San-Martin-November-27-2016-Torneo-Descentralizado
Liga 1 de Fútbol Profesional,M,PER,2016,1st,Liguillas,14,Sun,2016-11-27,15:00,Sporting Cristal,3.0,Melgar,2.0,6218.0,Estadio Alberto Gallardo,Joel Alarcón,,https://fbref.com/en/matches/fefdc9ad/Sporting-Cristal-Melgar-November-27-2016-Torneo-Descentralizado
Liga 1 de Fútbol Profesional,M,PER,2016,1st,Semi-finals,,Wed,2016-11-30,15:30,Dep Municipal,1.0,Sporting Cristal,0.0,5806.0,Estadio Iván Elías Moreno,Víctor Carrillo,Leg 1 of 2,https://fbref.com/en/matches/7fb9c493/Deportivo-Municipal-Sporting-Cristal-November-30-2016-Torneo-Descentralizado
Liga 1 de Fútbol Profesional,M,PER,2016,1st,Semi-finals,,Wed,2016-11-30,20:00,Universitario,1.0,Melgar,2.0,27438.0,Estadio Nacional,Henry Gambetta,Leg 1 of 2,https://fbref.com/en/matches/bcd68a73/Universitario-Melgar-November-30-2016-Torneo-Descentralizado
Liga 1 de Fútbol Profesional,M,PER,2016,1st,Semi-finals,,Sun,2016-12-04,13:00,Melgar,2.0,Universitario,2.0,28917.0,Estadio de la Universidad Nacional San A...,Diego Haro,Leg 2 of 2; Melgar won,https://fbref.com/en/matches/d0c42052/Melgar-Universitario-December-4-2016-Torneo-Descentralizado
Liga 1 de Fútbol Profesional,M,PER,2016,1st,Semi-finals,,Sun,2016-12-04,16:00,Sporting Cristal,1.0,Dep Municipal,1.0,19604.0,Estadio Nacional,Miguel Santiváñez,Leg 2 of 2; Sporting Cristal won; Sporting Cristal won on penalty kicks following extra time,https://fbref.com/en/matches/84b80762/Sporting-Cristal-Deportivo-Municipal-December-4-2016-Torneo-Descentralizado
Liga 1 de Fútbol Profesional,M,PER,2016,1st,Third-place play-off,,Sat,2016-12-10,15:00,Universitario,3.0,Dep Municipal,2.0,9177.0,Estadio Mansiche,Luis Garay Evia,,https://fbref.com/en/matches/6a6e3682/Universitario-Deportivo-Municipal-December-10-2016-Torneo-Descentralizado
Liga 1 de Fútbol Profesional,M,PER,2016,1st,Finals,,Sun,2016-12-11,15:30,Melgar,1.0,Sporting Cristal,1.0,30176.0,Estadio de la Universidad Nacional San A...,Víctor Carrillo,Leg 1 of 2,https://fbref.com/en/matches/f6fe7199/Melgar-Sporting-Cristal-December-11-2016-Torneo-Descentralizado
Liga 1 de Fútbol Profesional,M,PER,2016,1st,Finals,,Sun,2016-12-18,15:30,Sporting Cristal,0.0,Melgar,0.0,32002.0,Estadio Nacional,Henry Gambetta,Leg 2 of 2; Sporting Cristal won,https://fbref.com/en/matches/4c38bc6a/Sporting-Cristal-Melgar-December-18-2016-Torneo-Descentralizado
Liga 1 de Fútbol Profesional,M,PER,2017,1st,Torneo de Verano Regular Season,1,Sat,2017-02-04,13:00,USMP,0.0,Alianza Atlético,1.0,296.0,Estadio Miguel Grau del Callao,Fernando Legario,,https://fbref.com/en/matches/8d5f11dd/Universidad-San-Martin-Alianza-Atletico-February-4-2017-Torneo-Descentralizado
Liga 1 de Fútbol Profesional,M,PER,2017,1st,Torneo de Verano Regular Season,1,Sat,2017-02-04,15:30,UTC,2.0,Comerciantes,0.0,4768.0,Estadio Héroes de San Ramón,José Martínez,,https://fbref.com/en/matches/7be0d11f/Universidad-Tecnica-de-Cajamarca-Comerciantes-Unidos-February-4-2017-Torneo-Descentralizado
Liga 1 de Fútbol Profesional,M,PER,2017,1st,Torneo de Verano Regular Season,1,Sat,2017-02-04,17:45,Sport Rosario,1.0,Ayacucho,0.0,8220.0,Estadio Rosas Pampa,Augusto Menéndez,,https://fbref.com/en/matches/ab2f356b/Sport-Rosario-Ayacucho-February-4-2017-Torneo-Descentralizado
Liga 1 de Fútbol Profesional,M,PER,2017,1st,Torneo de Verano Regular Season,1,Sat,2017-02-04,20:00,Melgar,0.0,Cantolao,0.0,6137.0,Estadio de la Universidad Nacional San A...,Luis Seminario,,https://fbref.com/en/matches/47e16f66/Melgar-Cantolao-February-4-2017-Torneo-Descentralizado
Liga 1 de Fútbol Profesional,M,PER,2017,1st,Torneo de Verano Regular Season,1,Sun,2017-02-05,11:00,Sporting Cristal,0.0,Unión Comercio,0.0,5549.0,Estadio Alberto Gallardo,Jorge Panta,,https://fbref.com/en/matches/e00b3a59/Sporting-Cristal-Union-Comercio-February-5-2017-Torneo-Descentralizado
Liga 1 de Fútbol Profesional,M,PER,2017,1st,Torneo de Verano Regular Season,1,Sun,2017-02-05,13:30,Real Garcilaso,1.0,Dep Municipal,0.0,7436.0,Estadio Túpac Amaru,Jesús Cartagena,,https://fbref.com/en/matches/409f39d7/Real-Garcilaso-Deportivo-Municipal-February-5-2017-Torneo-Descentralizado
Liga 1 de Fútbol Profesional,M,PER,2017,1st,Torneo de Verano Regular Season,1,Sun,2017-02-05,16:00,Universitario,1.0,Sport Huancayo,1.0,7531.0,Estadio Monumental,Eduardo Chirinos,,https://fbref.com/en/matches/0dbc4fb8/Universitario-Sport-Huancayo-February-5-2017-Torneo-Descentralizado
Liga 1 de Fútbol Profesional,M,PER,2017,1st,Torneo de Verano Regular Season,2,Fri,2017-02-10,15:30,Dep Municipal,2.0,Juan Aurich,1.0,1347.0,Estadio Iván Elías Moreno,Miguel Santiváñez,,https://fbref.com/en/matches/da8842d9/Deportivo-Municipal-Juan-Aurich-February-10-2017-Torneo-Descentralizado
Liga 1 de Fútbol Profesional,M,PER,2017,1st,Torneo de Verano Regular Season,2,Sat,2017-02-11,13:00,Ayacucho,1.0,Melgar,3.0,2403.0,Estadio Ciudad de Cumaná,Kevin Ortega,,https://fbref.com/en/matches/f4e10165/Ayacucho-Melgar-February-11-2017-Torneo-Descentralizado
Liga 1 de Fútbol Profesional,M,PER,2017,1st,Torneo de Verano Regular Season,2,Sat,2017-02-11,15:30,Comerciantes,2.0,Real Garcilaso,4.0,2524.0,Estadio Juan Maldonado Gamarra,Giuliano Rodríguez,,https://fbref.com/en/matches/a8fdc3bf/Comerciantes-Unidos-Real-Garcilaso-February-11-2017-Torneo-Descentralizado
Liga 1 de Fútbol Profesional,M,PER,2017,1st,Torneo de Verano Regular Season,2,Sat,2017-02-11,19:00,Cantolao,0.0,USMP,2.0,1251.0,Estadio Municipal de Barranca,Javier Fernando Camacho,,https://fbref.com/en/matches/28ae0c80/Cantolao-Universidad-San-Martin-February-11-2017-Torneo-Descentralizado
Liga 1 de Fútbol Profesional,M,PER,2017,1st,Torneo de Verano Regular Season,2,Sun,2017-02-12,11:00,Sport Huancayo,2.0,UTC,1.0,2651.0,Estadio Huancayo,Diego Jaimes,,https://fbref.com/en/matches/f8e3a88d/Sport-Huancayo-Universidad-Tecnica-de-Cajamarca-February-12-2017-Torneo-Descentralizado
Liga 1 de Fútbol Profesional,M,PER,2017,1st,Torneo de Verano Regular Season,2,Sun,2017-02-12,13:30,Unión Comercio,0.0,Sport Rosario,2.0,580.0,Estadio del IPD,Edwin Ordóñez,,https://fbref.com/en/matches/dbdb27e6/Union-Comercio-Sport-Rosario-February-12-2017-Torneo-Descentralizado
Liga 1 de Fútbol Profesional,M,PER,2017,1st,Torneo de Verano Regular Season,2,Sun,2017-02-12,16:00,Alianza Atlético,0.0,Sporting Cristal,5.0,2035.0,Estadio Municipal Melanio Coloma Calderó...,Hibert Villegas,,https://fbref.com/en/matches/7ca5b4a8/Alianza-Atletico-Sporting-Cristal-February-12-2017-Torneo-Descentralizado
Liga 1 de Fútbol Profesional,M,PER,2017,1st,Torneo de Verano Regular Season,2,Sun,2017-02-12,18:15,Alianza Lima,2.0,Universitario,0.0,26095.0,Estadio Alejandro Villanueva,Luis Garay Evia,,https://fbref.com/en/matches/a741abbf/Alianza-Lima-Universitario-February-12-2017-Torneo-Descentralizado
Liga 1 de Fútbol Profesional,M,PER,2017,1st,Torneo de Verano Regular Season,3,Fri,2017-02-17,19:00,Cantolao,1.0,Ayacucho,3.0,1181.0,Estadio Miguel Grau del Callao,Micke Palomino,,https://fbref.com/en/matches/ead2ea53/Cantolao-Ayacucho-February-17-2017-Torneo-Descentralizado
Liga 1 de Fútbol Profesional,M,PER,2017,1st,Torneo de Verano Regular Season,3,Sat,2017-02-18,13:00,Real Garcilaso,2.0,Sport Huancayo,0.0,4421.0,Estadio Túpac Amaru,José Mendoza,,https://fbref.com/en/matches/d4c091a5/Real-Garcilaso-Sport-Huancayo-February-18-2017-Torneo-Descentralizado
Liga 1 de Fútbol Profesional,M,PER,2017,1st,Torneo de Verano Regular Season,3,Sat,2017-02-18,15:30,Juan Aurich,1.0,Comerciantes,1.0,2008.0,Estadio Municipal Francisco Mendoza Piza...,Henry Gambetta,,https://fbref.com/en/matches/aa019f3c/Juan-Aurich-Comerciantes-Unidos-February-18-2017-Torneo-Descentralizado
Liga 1 de Fútbol Profesional,M,PER,2017,1st,Torneo de Verano Regular Season,3,Sat,2017-02-18,17:45,Sport Rosario,1.0,Alianza Atlético,0.0,7883.0,Estadio Rosas Pampa,John Cabrera,,https://fbref.com/en/matches/62983948/Sport-Rosario-Alianza-Atletico-February-18-2017-Torneo-Descentralizado
Liga 1 de Fútbol Profesional,M,PER,2017,1st,Torneo de Verano Regular Season,3,Sun,2017-02-19,11:00,Sporting Cristal,3.0,USMP,0.0,6512.0,Estadio Alberto Gallardo,Ramón Blanco,,https://fbref.com/en/matches/7e41bb7e/Sporting-Cristal-Universidad-San-Martin-February-19-2017-Torneo-Descentralizado
Liga 1 de Fútbol Profesional,M,PER,2017,1st,Torneo de Verano Regular Season,3,Sun,2017-02-19,13:00,Melgar,3.0,Unión Comercio,0.0,5803.0,Estadio de la Universidad Nacional San A...,Augusto Menéndez,,https://fbref.com/en/matches/095fe1bf/Melgar-Union-Comercio-February-19-2017-Torneo-Descentralizado
Liga 1 de Fútbol Profesional,M,PER,2017,1st,Torneo de Verano Regular Season,3,Sun,2017-02-19,15:30,UTC,2.0,Universitario,1.0,7330.0,Estadio Héroes de San Ramón,Víctor Carrillo,,https://fbref.com/en/matches/0b34152c/Universidad-Tecnica-de-Cajamarca-Universitario-February-19-2017-Torneo-Descentralizado
Liga 1 de Fútbol Profesional,M,PER,2017,1st,Torneo de Verano Regular Season,3,Sun,2017-02-19,18:00,Alianza Lima,2.0,Dep Municipal,2.0,12748.0,Estadio Alejandro Villanueva,Eduardo Chirinos,,https://fbref.com/en/matches/f62dd883/Alianza-Lima-Deportivo-Municipal-February-19-2017-Torneo-Descentralizado
Liga 1 de Fútbol Profesional,M,PER,2017,1st,Torneo de Verano Regular Season,4,Wed,2017-02-22,11:00,Unión Comercio,3.0,Cantolao,1.0,1650.0,Estadio Municipal de Nueva Cajamarca,Wilfredo Blas,,https://fbref.com/en/matches/159d509a/Union-Comercio-Cantolao-February-22-2017-Torneo-Descentralizado
Liga 1 de Fútbol Profesional,M,PER,2017,1st,Torneo de Verano Regular Season,4,Wed,2017-02-22,13:15,Sporting Cristal,4.0,Ayacucho,0.0,2992.0,Estadio Alberto Gallardo,Iván Chang,,https://fbref.com/en/matches/69746360/Sporting-Cristal-Ayacucho-February-22-2017-Torneo-Descentralizado
Liga 1 de Fútbol Profesional,M,PER,2017,1st,Torneo de Verano Regular Season,4,Wed,2017-02-22,15:30,UTC,1.0,Dep Municipal,0.0,4476.0,Estadio Héroes de San Ramón,Fernando Legario,,https://fbref.com/en/matches/25961a51/Universidad-Tecnica-de-Cajamarca-Deportivo-Municipal-February-22-2017-Torneo-Descentralizado
Liga 1 de Fútbol Profesional,M,PER,2017,1st,Torneo de Verano Regular Season,4,Wed,2017-02-22,15:30,Comerciantes,0.0,Alianza Lima,2.0,2484.0,Estadio Juan Maldonado Gamarra,Luis Seminario,,https://fbref.com/en/matches/3d71e038/Comerciantes-Unidos-Alianza-Lima-February-22-2017-Torneo-Descentralizado
Liga 1 de Fútbol Profesional,M,PER,2017,1st,Torneo de Verano Regular Season,4,Wed,2017-02-22,20:00,USMP,3.0,Sport Rosario,1.0,714.0,Estadio Miguel Grau del Callao,Jesús Cartagena,,https://fbref.com/en/matches/25f6e31f/Universidad-San-Martin-Sport-Rosario-February-22-2017-Torneo-Descentralizado
Liga 1 de Fútbol Profesional,M,PER,2017,1st,Torneo de Verano Regular Season,4,Thu,2017-02-23,13:15,Sport Huancayo,3.0,Juan Aurich,2.0,2126.0,Estadio Huancayo,Hibert Villegas,,https://fbref.com/en/matches/a34b786d/Sport-Huancayo-Juan-Aurich-February-23-2017-Torneo-Descentralizado
Liga 1 de Fútbol Profesional,M,PER,2017,1st,Torneo de Verano Regular Season,4,Thu,2017-02-23,15:30,Alianza Atlético,0.0,Melgar,1.0,218.0,Estadio Sesquicentenario,José Martínez,,https://fbref.com/en/matches/d8a57b89/Alianza-Atletico-Melgar-February-23-2017-Torneo-Descentralizado
Liga 1 de Fútbol Profesional,M,PER,2017,1st,Torneo de Verano Regular Season,4,Thu,2017-02-23,20:00,Universitario,1.0,Real Garcilaso,1.0,9935.0,Estadio Monumental,Jorge Panta,,https://fbref.com/en/matches/9c31355c/Universitario-Real-Garcilaso-February-23-2017-Torneo-Descentralizado
Liga 1 de Fútbol Profesional,M,PER,2017,1st,Torneo de Verano Regular Season,5,Sat,2017-02-25,12:30,Ayacucho,1.0,Unión Comercio,1.0,1248.0,Estadio Ciudad de Cumaná,José Mendoza,,https://fbref.com/en/matches/765f1bef/Ayacucho-Union-Comercio-February-25-2017-Torneo-Descentralizado
Liga 1 de Fútbol Profesional,M,PER,2017,1st,Torneo de Verano Regular Season,5,Sat,2017-02-25,15:30,Dep Municipal,0.0,Comerciantes,1.0,1430.0,Estadio Iván Elías Moreno,Augusto Menéndez,,https://fbref.com/en/matches/86232887/Deportivo-Municipal-Comerciantes-Unidos-February-25-2017-Torneo-Descentralizado
Liga 1 de Fútbol Profesional,M,PER,2017,1st,Torneo de Verano Regular Season,5,Sat,2017-02-25,17:45,Sport Rosario,2.0,Sporting Cristal,1.0,15508.0,Estadio Rosas Pampa,Henry Gambetta,,https://fbref.com/en/matches/a00e0a87/Sport-Rosario-Sporting-Cristal-February-25-2017-Torneo-Descentralizado
Liga 1 de Fútbol Profesional,M,PER,2017,1st,Torneo de Verano Regular Season,5,Sun,2017-02-26,11:00,Real Garcilaso,1.0,UTC,4.0,3362.0,Estadio Túpac Amaru,Luis Garay Evia,,https://fbref.com/en/matches/5faddcc5/Real-Garcilaso-Universidad-Tecnica-de-Cajamarca-February-26-2017-Torneo-Descentralizado
Liga 1 de Fútbol Profesional,M,PER,2017,1st,Torneo de Verano Regular Season,5,Sun,2017-02-26,16:00,Juan Aurich,0.0,Universitario,0.0,3672.0,Estadio Mansiche,Micke Palomino,,https://fbref.com/en/matches/0575d948/Juan-Aurich-Universitario-February-26-2017-Torneo-Descentralizado
Liga 1 de Fútbol Profesional,M,PER,2017,1st,Torneo de Verano Regular Season,5,Sun,2017-02-26,18:15,Alianza Lima,2.0,Sport Huancayo,2.0,12943.0,Estadio Alejandro Villanueva,Diego Haro,,https://fbref.com/en/matches/4af71d93/Alianza-Lima-Sport-Huancayo-February-26-2017-Torneo-Descentralizado
Liga 1 de Fútbol Profesional,M,PER,2017,1st,Torneo de Verano Regular Season,5,Mon,2017-02-27,13:00,Melgar,2.0,USMP,1.0,3148.0,Estadio de la Universidad Nacional San A...,Edwin Ordóñez,,https://fbref.com/en/matches/318c3096/Melgar-Universidad-San-Martin-February-27-2017-Torneo-Descentralizado
Liga 1 de Fútbol Profesional,M,PER,2017,1st,Torneo de Verano Regular Season,5,Mon,2017-02-27,19:00,Cantolao,0.0,Alianza Atlético,1.0,616.0,Estadio Miguel Grau del Callao,Diego Jaimes,,https://fbref.com/en/matches/df16c438/Cantolao-Alianza-Atletico-February-27-2017-Torneo-Descentralizado
Liga 1 de Fútbol Profesional,M,PER,2017,1st,Torneo de Verano Regular Season,7,Thu,2017-03-02,20:00,Melgar,2.0,Sporting Cristal,2.0,13609.0,Estadio de la Universidad Nacional San A...,Micke Palomino,,https://fbref.com/en/matches/0ec47d84/Melgar-Sporting-Cristal-March-2-2017-Torneo-Descentralizado
Liga 1 de Fútbol Profesional,M,PER,2017,1st,Torneo de Verano Regular Season,6,Sat,2017-03-04,11:00,Sport Huancayo,4.0,Comerciantes,2.0,1276.0,Estadio Huancayo,Jesús Cartagena,,https://fbref.com/en/matches/bdeac40a/Sport-Huancayo-Comerciantes-Unidos-March-4-2017-Torneo-Descentralizado
Liga 1 de Fútbol Profesional,M,PER,2017,1st,Torneo de Verano Regular Season,6,Sat,2017-03-04,13:00,USMP,3.0,Unión Comercio,0.0,349.0,Estadio Miguel Grau del Callao,José Martínez,,https://fbref.com/en/matches/d173bf7e/Universidad-San-Martin-Union-Comercio-March-4-2017-Torneo-Descentralizado
Liga 1 de Fútbol Profesional,M,PER,2017,1st,Torneo de Verano Regular Season,6,Sat,2017-03-04,15:30,Alianza Atlético,1.0,Ayacucho,1.0,161.0,Estadio Sesquicentenario,Gean Pierre Barbagelatta,,https://fbref.com/en/matches/ac25e276/Alianza-Atletico-Ayacucho-March-4-2017-Torneo-Descentralizado
Liga 1 de Fútbol Profesional,M,PER,2017,1st,Torneo de Verano Regular Season,6,Sat,2017-03-04,20:00,Universitario,1.0,Dep Municipal,0.0,11597.0,Estadio Monumental,Ramón Blanco,,https://fbref.com/en/matches/ebcf10ed/Universitario-Deportivo-Municipal-March-4-2017-Torneo-Descentralizado
Liga 1 de Fútbol Profesional,M,PER,2017,1st,Torneo de Verano Regular Season,6,Sun,2017-03-05,11:00,Sporting Cristal,1.0,Cantolao,4.0,3881.0,Estadio Alberto Gallardo,Fernando Legario,,https://fbref.com/en/matches/8dcf7b0a/Sporting-Cristal-Cantolao-March-5-2017-Torneo-Descentralizado
Liga 1 de Fútbol Profesional,M,PER,2017,1st,Torneo de Verano Regular Season,6,Sun,2017-03-05,13:00,Sport Rosario,0.0,Melgar,0.0,9985.0,Estadio Rosas Pampa,Diego Haro,,https://fbref.com/en/matches/3de65ebe/Sport-Rosario-Melgar-March-5-2017-Torneo-Descentralizado
Liga 1 de Fútbol Profesional,M,PER,2017,1st,Torneo de Verano Regular Season,6,Sun,2017-03-05,15:30,Real Garcilaso,2.0,Alianza Lima,1.0,6084.0,Estadio Túpac Amaru,Eduardo Chirinos,,https://fbref.com/en/matches/72833b4c/Real-Garcilaso-Alianza-Lima-March-5-2017-Torneo-Descentralizado
Liga 1 de Fútbol Profesional,M,PER,2017,1st,Torneo de Verano Regular Season,6,Sun,2017-03-05,15:30,UTC,3.0,Juan Aurich,0.0,5585.0,Estadio Héroes de San Ramón,Luis Seminario,,https://fbref.com/en/matches/7415fb67/Universidad-Tecnica-de-Cajamarca-Juan-Aurich-March-5-2017-Torneo-Descentralizado
Liga 1 de Fútbol Profesional,M,PER,2017,1st,Torneo de Verano Regular Season,7,Tue,2017-03-07,15:30,Ayacucho,3.0,USMP,0.0,1559.0,Estadio Ciudad de Cumaná,Augusto Menéndez,,https://fbref.com/en/matches/23535c5a/Ayacucho-Universidad-San-Martin-March-7-2017-Torneo-Descentralizado
Liga 1 de Fútbol Profesional,M,PER,2017,1st,Torneo de Verano Regular Season,7,Wed,2017-03-08,11:00,Unión Comercio,5.0,Alianza Atlético,0.0,688.0,Estadio Municipal de Nueva Cajamarca,Wilmer Villanueva,,https://fbref.com/en/matches/1db177c9/Union-Comercio-Alianza-Atletico-March-8-2017-Torneo-Descentralizado
Liga 1 de Fútbol Profesional,M,PER,2017,1st,Torneo de Verano Regular Season,7,Wed,2017-03-08,13:15,Juan Aurich,3.0,Real Garcilaso,1.0,638.0,Estadio Municipal Francisco Mendoza Piza...,Hibert Villegas,,https://fbref.com/en/matches/ad1023fc/Juan-Aurich-Real-Garcilaso-March-8-2017-Torneo-Descentralizado
Liga 1 de Fútbol Profesional,M,PER,2017,1st,Torneo de Verano Regular Season,7,Wed,2017-03-08,15:30,Dep Municipal,2.0,Sport Huancayo,0.0,1091.0,Estadio Iván Elías Moreno,José Mendoza,,https://fbref.com/en/matches/b6af063c/Deportivo-Municipal-Sport-Huancayo-March-8-2017-Torneo-Descentralizado
Liga 1 de Fútbol Profesional,M,PER,2017,1st,Torneo de Verano Regular Season,7,Wed,2017-03-08,17:45,Cantolao,0.0,Sport Rosario,0.0,771.0,Estadio Miguel Grau del Callao,John Cabrera,,https://fbref.com/en/matches/58bce9bc/Cantolao-Sport-Rosario-March-8-2017-Torneo-Descentralizado
Liga 1 de Fútbol Profesional,M,PER,2017,1st,Torneo de Verano Regular Season,7,Wed,2017-03-08,20:00,Alianza Lima,0.0,UTC,0.0,7186.0,Estadio Alejandro Villanueva,Iván Chang,,https://fbref.com/en/matches/5be915db/Alianza-Lima-Universidad-Tecnica-de-Cajamarca-March-8-2017-Torneo-Descentralizado
Liga 1 de Fútbol Profesional,M,PER,2017,1st,Torneo de Verano Regular Season,7,Thu,2017-03-09,15:30,Comerciantes,3.0,Universitario,0.0,1281.0,Estadio Juan Maldonado Gamarra,Luis Garay Evia,,https://fbref.com/en/matches/27ae6e3e/Comerciantes-Unidos-Universitario-March-9-2017-Torneo-Descentralizado
Liga 1 de Fútbol Profesional,M,PER,2017,1st,Torneo de Verano Regular Season,8,Sat,2017-03-11,11:00,Ayacucho,0.0,Sport Rosario,1.0,1556.0,Estadio Ciudad de Cumaná,Jorge Panta,,https://fbref.com/en/matches/dab10f9e/Ayacucho-Sport-Rosario-March-11-2017-Torneo-Descentralizado
Liga 1 de Fútbol Profesional,M,PER,2017,1st,Torneo de Verano Regular Season,8,Sat,2017-03-11,15:30,Dep Municipal,1.0,Real Garcilaso,1.0,1571.0,Estadio Iván Elías Moreno,Micke Palomino,,https://fbref.com/en/matches/1038e5af/Deportivo-Municipal-Real-Garcilaso-March-11-2017-Torneo-Descentralizado
Liga 1 de Fútbol Profesional,M,PER,2017,1st,Torneo de Verano Regular Season,8,Sun,2017-03-12,11:00,Unión Comercio,2.0,Sporting Cristal,2.0,2483.0,Estadio Municipal de Nueva Cajamarca,Víctor Carrillo,,https://fbref.com/en/matches/4a9a330e/Union-Comercio-Sporting-Cristal-March-12-2017-Torneo-Descentralizado
Liga 1 de Fútbol Profesional,M,PER,2017,1st,Torneo de Verano Regular Season,8,Sun,2017-03-12,13:15,Sport Huancayo,2.0,Universitario,1.0,7634.0,Estadio Huancayo,Diego Haro,,https://fbref.com/en/matches/5afcb126/Sport-Huancayo-Universitario-March-12-2017-Torneo-Descentralizado
Liga 1 de Fútbol Profesional,M,PER,2017,1st,Torneo de Verano Regular Season,8,Sun,2017-03-12,16:00,Alianza Lima,7.0,Juan Aurich,2.0,7402.0,Estadio Alejandro Villanueva,Luis Garay Evia,,https://fbref.com/en/matches/8fdab615/Alianza-Lima-Juan-Aurich-March-12-2017-Torneo-Descentralizado
Liga 1 de Fútbol Profesional,M,PER,2017,1st,Torneo de Verano Regular Season,8,Mon,2017-03-13,15:30,Comerciantes,4.0,UTC,2.0,1348.0,Estadio Juan Maldonado Gamarra,Javier Fernando Camacho,,https://fbref.com/en/matches/7128216a/Comerciantes-Unidos-Universidad-Tecnica-de-Cajamarca-March-13-2017-Torneo-Descentralizado
Liga 1 de Fútbol Profesional,M,PER,2017,1st,Torneo de Verano Regular Season,8,Sat,2017-03-18,15:30,Cantolao,1.0,Melgar,1.0,812.0,Estadio Miguel Grau del Callao,Joel Alarcón,,https://fbref.com/en/matches/869c2967/Cantolao-Melgar-March-18-2017-Torneo-Descentralizado
Liga 1 de Fútbol Profesional,M,PER,2017,1st,Torneo de Verano Regular Season,10,Sun,2017-04-02,11:00,Unión Comercio,1.0,Melgar,2.0,1076.0,Estadio Municipal de Nueva Cajamarca,Joel Alarcón,,https://fbref.com/en/matches/bc064e1a/Union-Comercio-Melgar-April-2-2017-Torneo-Descentralizado
Liga 1 de Fútbol Profesional,M,PER,2017,1st,Torneo de Verano Regular Season,12,Sat,2017-04-08,15:30,Sporting Cristal,1.0,Sport Rosario,0.0,2905.0,Estadio Alberto Gallardo,Miguel Santiváñez,,https://fbref.com/en/matches/afd88a15/Sporting-Cristal-Sport-Rosario-April-8-2017-Torneo-Descentralizado
Liga 1 de Fútbol Profesional,M,PER,2017,1st,Torneo de Verano Regular Season,8,Sun,2017-04-09,13:30,Alianza Atlético,2.0,USMP,2.0,,Estadio Alejandro Villanueva,Gerson Huiman,,https://fbref.com/en/matches/6e7440af/Alianza-Atletico-Universidad-San-Martin-April-9-2017-Torneo-Descentralizado
Liga 1 de Fútbol Profesional,M,PER,2017,1st,Torneo de Verano Regular Season,1,Sun,2017-04-09,16:00,Juan Aurich,0.0,Alianza Lima,1.0,3825.0,Estadio Alejandro Villanueva,Joel Alarcón,,https://fbref.com/en/matches/b9ed2068/Juan-Aurich-Alianza-Lima-April-9-2017-Torneo-Descentralizado
Liga 1 de Fútbol Profesional,M,PER,2017,1st,Torneo de Verano Regular Season,13,Mon,2017-04-10,15:30,Comerciantes,2.0,Sport Huancayo,1.0,1159.0,Estadio Juan Maldonado Gamarra,Renzo Castañeda,,https://fbref.com/en/matches/21bcd2af/Comerciantes-Unidos-Sport-Huancayo-April-10-2017-Torneo-Descentralizado
Liga 1 de Fútbol Profesional,M,PER,2017,1st,Torneo de Verano Regular Season,9,Fri,2017-04-14,13:15,Sporting Cristal,4.0,Alianza Atlético,1.0,3321.0,Estadio Alberto Gallardo,Hibert Villegas,,https://fbref.com/en/matches/2529b180/Sporting-Cristal-Alianza-Atletico-April-14-2017-Torneo-Descentralizado
Liga 1 de Fútbol Profesional,M,PER,2017,1st,Torneo de Verano Regular Season,9,Fri,2017-04-14,15:30,UTC,2.0,Sport Huancayo,0.0,4353.0,Estadio Héroes de San Ramón,Fernando Legario,,https://fbref.com/en/matches/9cf1478a/Universidad-Tecnica-de-Cajamarca-Sport-Huancayo-April-14-2017-Torneo-Descentralizado
Liga 1 de Fútbol Profesional,M,PER,2017,1st,Torneo de Verano Regular Season,9,Sat,2017-04-15,15:30,USMP,1.0,Cantolao,2.0,,Estadio Miguel Grau del Callao,Kevin Ortega,,https://fbref.com/en/matches/fb2b3af0/Universidad-San-Martin-Cantolao-April-15-2017-Torneo-Descentralizado
Liga 1 de Fútbol Profesional,M,PER,2017,1st,Torneo de Verano Regular Season,9,Sat,2017-04-15,17:45,Sport Rosario,0.0,Unión Comercio,0.0,5002.0,Estadio Rosas Pampa,Luis Seminario,,https://fbref.com/en/matches/5348b8e6/Sport-Rosario-Union-Comercio-April-15-2017-Torneo-Descentralizado
Liga 1 de Fútbol Profesional,M,PER,2017,1st,Torneo de Verano Regular Season,9,Sat,2017-04-15,20:00,Universitario,3.0,Alianza Lima,0.0,28600.0,Estadio Monumental,Michael Espinoza,,https://fbref.com/en/matches/2c55d679/Universitario-Alianza-Lima-April-15-2017-Torneo-Descentralizado
Liga 1 de Fútbol Profesional,M,PER,2017,1st,Torneo de Verano Regular Season,9,Sun,2017-04-16,13:15,Real Garcilaso,0.0,Comerciantes,0.0,1648.0,Estadio Túpac Amaru,Ramón Blanco,,https://fbref.com/en/matches/c5ede10e/Real-Garcilaso-Comerciantes-Unidos-April-16-2017-Torneo-Descentralizado
Liga 1 de Fútbol Profesional,M,PER,2017,1st,Torneo de Verano Regular Season,9,Sun,2017-04-16,16:00,Juan Aurich,0.0,Dep Municipal,1.0,2873.0,Estadio César Flores Marigorda,Henry Gambetta,,https://fbref.com/en/matches/bd31cbe2/Juan-Aurich-Deportivo-Municipal-April-16-2017-Torneo-Descentralizado
Liga 1 de Fútbol Profesional,M,PER,2017,1st,Torneo de Verano Regular Season,10,Fri,2017-04-21,15:30,Alianza Atlético,0.0,Sport Rosario,3.0,388.0,Estadio Sesquicentenario,John Cabrera,,https://fbref.com/en/matches/47acda15/Alianza-Atletico-Sport-Rosario-April-21-2017-Torneo-Descentralizado
Liga 1 de Fútbol Profesional,M,PER,2017,1st,Torneo de Verano Regular Season,10,Fri,2017-04-21,20:00,USMP,1.0,Sporting Cristal,0.0,870.0,Estadio Miguel Grau del Callao,Eduardo Chirinos,,https://fbref.com/en/matches/48f10ed7/Universidad-San-Martin-Sporting-Cristal-April-21-2017-Torneo-Descentralizado
Liga 1 de Fútbol Profesional,M,PER,2017,1st,Torneo de Verano Regular Season,10,Sat,2017-04-22,13:00,Ayacucho,2.0,Cantolao,1.0,1192.0,Estadio Ciudad de Cumaná,Jesús Cartagena,,https://fbref.com/en/matches/a737f075/Ayacucho-Cantolao-April-22-2017-Torneo-Descentralizado
Liga 1 de Fútbol Profesional,M,PER,2017,1st,Torneo de Verano Regular Season,10,Sat,2017-04-22,15:30,Comerciantes,0.0,Juan Aurich,1.0,406.0,Estadio Juan Maldonado Gamarra,Augusto Menéndez,,https://fbref.com/en/matches/e909a256/Comerciantes-Unidos-Juan-Aurich-April-22-2017-Torneo-Descentralizado
Liga 1 de Fútbol Profesional,M,PER,2017,1st,Torneo de Verano Regular Season,10,Sat,2017-04-22,20:00,Universitario,3.0,UTC,1.0,7906.0,Estadio Monumental,Renzo Castañeda,,https://fbref.com/en/matches/1203f998/Universitario-Universidad-Tecnica-de-Cajamarca-April-22-2017-Torneo-Descentralizado
Liga 1 de Fútbol Profesional,M,PER,2017,1st,Torneo de Verano Regular Season,10,Sun,2017-04-23,13:30,Sport Huancayo,0.0,Real Garcilaso,3.0,1197.0,Estadio Huancayo,Hibert Villegas,Match awarded to Real Garcilaso,https://fbref.com/en/matches/38da8398/Sport-Huancayo-Real-Garcilaso-April-23-2017-Torneo-Descentralizado
Liga 1 de Fútbol Profesional,M,PER,2017,1st,Torneo de Verano Regular Season,10,Sun,2017-04-23,16:00,Dep Municipal,2.0,Alianza Lima,0.0,8177.0,Estadio Nacional,Miguel Santiváñez,,https://fbref.com/en/matches/fa622c68/Deportivo-Municipal-Alianza-Lima-April-23-2017-Torneo-Descentralizado
Liga 1 de Fútbol Profesional,M,PER,2017,1st,Torneo de Verano Regular Season,11,Sat,2017-04-29,11:00,Cantolao,2.0,Unión Comercio,0.0,1933.0,Estadio Miguel Grau del Callao,Iván Chang,,https://fbref.com/en/matches/faa19d6a/Cantolao-Union-Comercio-April-29-2017-Torneo-Descentralizado
Liga 1 de Fútbol Profesional,M,PER,2017,1st,Torneo de Verano Regular Season,11,Sat,2017-04-29,13:15,Melgar,2.0,Alianza Atlético,1.0,1995.0,Estadio Monumental,José Mendoza,,https://fbref.com/en/matches/199b5556/Melgar-Alianza-Atletico-April-29-2017-Torneo-Descentralizado
Liga 1 de Fútbol Profesional,M,PER,2017,1st,Torneo de Verano Regular Season,11,Sat,2017-04-29,15:30,Dep Municipal,0.0,UTC,1.0,2227.0,Estadio Iván Elías Moreno,Michael Espinoza,,https://fbref.com/en/matches/2c0f805d/Deportivo-Municipal-Universidad-Tecnica-de-Cajamarca-April-29-2017-Torneo-Descentralizado
Liga 1 de Fútbol Profesional,M,PER,2017,1st,Torneo de Verano Regular Season,11,Sun,2017-04-30,11:00,Ayacucho,2.0,Sporting Cristal,2.0,4718.0,Estadio Ciudad de Cumaná,Joel Alarcón,,https://fbref.com/en/matches/706e8024/Ayacucho-Sporting-Cristal-April-30-2017-Torneo-Descentralizado
Liga 1 de Fútbol Profesional,M,PER,2017,1st,Torneo de Verano Regular Season,11,Sun,2017-04-30,13:15,Real Garcilaso,3.0,Universitario,1.0,6595.0,Estadio Túpac Amaru,Henry Gambetta,,https://fbref.com/en/matches/7bf7bfa0/Real-Garcilaso-Universitario-April-30-2017-Torneo-Descentralizado
Liga 1 de Fútbol Profesional,M,PER,2017,1st,Torneo de Verano Regular Season,11,Sun,2017-04-30,15:30,Juan Aurich,1.0,Sport Huancayo,1.0,,Estadio Municipal de Guadalupe Carlos A....,Yovany Quevedo Guerra,,https://fbref.com/en/matches/16c23944/Juan-Aurich-Sport-Huancayo-April-30-2017-Torneo-Descentralizado
Liga 1 de Fútbol Profesional,M,PER,2017,1st,Torneo de Verano Regular Season,11,Sun,2017-04-30,16:00,Alianza Lima,0.0,Comerciantes,0.0,5681.0,Estadio Alejandro Villanueva,Diego Haro,,https://fbref.com/en/matches/9337ff73/Alianza-Lima-Comerciantes-Unidos-April-30-2017-Torneo-Descentralizado
Liga 1 de Fútbol Profesional,M,PER,2017,1st,Torneo de Verano Regular Season,11,Sun,2017-04-30,18:15,Sport Rosario,1.0,USMP,1.0,6388.0,Estadio Rosas Pampa,Roberto Mauro,,https://fbref.com/en/matches/53916191/Sport-Rosario-Universidad-San-Martin-April-30-2017-Torneo-Descentralizado
Liga 1 de Fútbol Profesional,M,PER,2017,1st,Torneo de Verano Regular Season,12,Tue,2017-05-02,15:30,Alianza Atlético,0.0,Cantolao,1.0,205.0,Estadio Sesquicentenario,José Martínez,,https://fbref.com/en/matches/013e03ed/Alianza-Atletico-Cantolao-May-2-2017-Torneo-Descentralizado
Liga 1 de Fútbol Profesional,M,PER,2017,1st,Torneo de Verano Regular Season,12,Wed,2017-05-03,13:15,USMP,1.0,Melgar,2.0,300.0,Estadio Miguel Grau del Callao,Luis Garay Evia,,https://fbref.com/en/matches/7c0a9ead/Universidad-San-Martin-Melgar-May-3-2017-Torneo-Descentralizado
Liga 1 de Fútbol Profesional,M,PER,2017,1st,Torneo de Verano Regular Season,12,Wed,2017-05-03,15:30,UTC,2.0,Real Garcilaso,1.0,4773.0,Estadio Héroes de San Ramón,Edwin Ordóñez,,https://fbref.com/en/matches/7f57b4a0/Universidad-Tecnica-de-Cajamarca-Real-Garcilaso-May-3-2017-Torneo-Descentralizado
Liga 1 de Fútbol Profesional,M,PER,2017,1st,Torneo de Verano Regular Season,12,Wed,2017-05-03,15:30,Sport Huancayo,1.0,Alianza Lima,2.0,3718.0,Estadio Huancayo,Renzo Castañeda,,https://fbref.com/en/matches/c2170078/Sport-Huancayo-Alianza-Lima-May-3-2017-Torneo-Descentralizado
Liga 1 de Fútbol Profesional,M,PER,2017,1st,Torneo de Verano Regular Season,12,Wed,2017-05-03,20:00,Universitario,2.0,Juan Aurich,2.0,6629.0,Estadio Monumental,Michael Espinoza,,https://fbref.com/en/matches/589ca815/Universitario-Juan-Aurich-May-3-2017-Torneo-Descentralizado
Liga 1 de Fútbol Profesional,M,PER,2017,1st,Torneo de Verano Regular Season,12,Thu,2017-05-04,13:15,Unión Comercio,0.0,Ayacucho,2.0,362.0,Estadio Municipal de Nueva Cajamarca,Jorge Panta,,https://fbref.com/en/matches/a420e856/Union-Comercio-Ayacucho-May-4-2017-Torneo-Descentralizado
Liga 1 de Fútbol Profesional,M,PER,2017,1st,Torneo de Verano Regular Season,12,Thu,2017-05-04,15:30,Comerciantes,3.0,Dep Municipal,2.0,920.0,Estadio Juan Maldonado Gamarra,Hibert Villegas,,https://fbref.com/en/matches/2540c136/Comerciantes-Unidos-Deportivo-Municipal-May-4-2017-Torneo-Descentralizado
Liga 1 de Fútbol Profesional,M,PER,2017,1st,Torneo de Verano Regular Season,13,Sat,2017-05-06,15:30,Juan Aurich,2.0,UTC,2.0,1500.0,Estadio César Flores Marigorda,Luis Seminario,,https://fbref.com/en/matches/e9bb420e/Juan-Aurich-Universidad-Tecnica-de-Cajamarca-May-6-2017-Torneo-Descentralizado
Liga 1 de Fútbol Profesional,M,PER,2017,1st,Torneo de Verano Regular Season,13,Sat,2017-05-06,20:00,Alianza Lima,2.0,Real Garcilaso,0.0,5929.0,Estadio Alejandro Villanueva,Fernando Legario,,https://fbref.com/en/matches/d1a342ce/Alianza-Lima-Real-Garcilaso-May-6-2017-Torneo-Descentralizado
Liga 1 de Fútbol Profesional,M,PER,2017,1st,Torneo de Verano Regular Season,13,Sun,2017-05-07,11:00,Unión Comercio,2.0,USMP,1.0,386.0,Estadio Municipal de Nueva Cajamarca,Diego Jaimes,,https://fbref.com/en/matches/de604ae9/Union-Comercio-Universidad-San-Martin-May-7-2017-Torneo-Descentralizado
Liga 1 de Fútbol Profesional,M,PER,2017,1st,Torneo de Verano Regular Season,13,Sun,2017-05-07,13:15,Melgar,0.0,Sport Rosario,0.0,6744.0,Estadio de la Universidad Nacional San A...,Eduardo Chirinos,,https://fbref.com/en/matches/2aa3af25/Melgar-Sport-Rosario-May-7-2017-Torneo-Descentralizado
Liga 1 de Fútbol Profesional,M,PER,2017,1st,Torneo de Verano Regular Season,13,Sun,2017-05-07,13:15,Ayacucho,1.0,Alianza Atlético,2.0,6637.0,Estadio Ciudad de Cumaná,Kevin Ortega,,https://fbref.com/en/matches/babe1900/Ayacucho-Alianza-Atletico-May-7-2017-Torneo-Descentralizado
Liga 1 de Fútbol Profesional,M,PER,2017,1st,Torneo de Verano Regular Season,13,Sun,2017-05-07,15:30,Dep Municipal,1.0,Universitario,2.0,504.0,Estadio Iván Elías Moreno,Roberto Mauro,,https://fbref.com/en/matches/6a11833b/Deportivo-Municipal-Universitario-May-7-2017-Torneo-Descentralizado
Liga 1 de Fútbol Profesional,M,PER,2017,1st,Torneo de Verano Regular Season,13,Mon,2017-05-08,15:30,Cantolao,2.0,Sporting Cristal,0.0,1036.0,Estadio Miguel Grau del Callao,Ramón Blanco,,https://fbref.com/en/matches/d12d4196/Cantolao-Sporting-Cristal-May-8-2017-Torneo-Descentralizado
Liga 1 de Fútbol Profesional,M,PER,2017,1st,Torneo de Verano Regular Season,9,Wed,2017-05-10,19:00,Melgar,2.0,Ayacucho,2.0,,Estadio de la Universidad Nacional San A...,Renzo Castañeda,,https://fbref.com/en/matches/59cdcaec/Melgar-Ayacucho-May-10-2017-Torneo-Descentralizado
Liga 1 de Fútbol Profesional,M,PER,2017,1st,Torneo de Verano Regular Season,14,Sat,2017-05-13,13:15,Alianza Atlético,1.0,Unión Comercio,2.0,154.0,Estadio Municipal Melanio Coloma Calderó...,Javier Fernando Camacho,,https://fbref.com/en/matches/422e1eab/Alianza-Atletico-Union-Comercio-May-13-2017-Torneo-Descentralizado
Liga 1 de Fútbol Profesional,M,PER,2017,1st,Torneo de Verano Regular Season,14,Sat,2017-05-13,15:30,USMP,2.0,Ayacucho,0.0,269.0,Estadio Miguel Grau del Callao,Víctor Carrillo,,https://fbref.com/en/matches/7cc0777d/Universidad-San-Martin-Ayacucho-May-13-2017-Torneo-Descentralizado
Liga 1 de Fútbol Profesional,M,PER,2017,1st,Torneo de Verano Regular Season,14,Sat,2017-05-13,20:00,Universitario,3.0,Comerciantes,0.0,6629.0,Estadio Monumental,Fernando Legario,,https://fbref.com/en/matches/578bd89c/Universitario-Comerciantes-Unidos-May-13-2017-Torneo-Descentralizado
Liga 1 de Fútbol Profesional,M,PER,2017,1st,Torneo de Verano Regular Season,14,Sun,2017-05-14,13:15,Sport Huancayo,2.0,Dep Municipal,0.0,712.0,Estadio Huancayo,Augusto Menéndez,,https://fbref.com/en/matches/5f4cbec3/Sport-Huancayo-Deportivo-Municipal-May-14-2017-Torneo-Descentralizado
Liga 1 de Fútbol Profesional,M,PER,2017,1st,Torneo de Verano Regular Season,14,Sun,2017-05-14,15:30,Real Garcilaso,7.0,Juan Aurich,0.0,1456.0,Estadio Túpac Amaru,Miguel Santiváñez,,https://fbref.com/en/matches/012f5fca/Real-Garcilaso-Juan-Aurich-May-14-2017-Torneo-Descentralizado
Liga 1 de Fútbol Profesional,M,PER,2017,1st,Torneo de Verano Regular Season,14,Sun,2017-05-14,15:30,Sport Rosario,1.0,Cantolao,1.0,2731.0,Estadio Rosas Pampa,José Mendoza,,https://fbref.com/en/matches/7bec054e/Sport-Rosario-Cantolao-May-14-2017-Torneo-Descentralizado
Liga 1 de Fútbol Profesional,M,PER,2017,1st,Torneo de Verano Regular Season,14,Sun,2017-05-14,15:30,UTC,1.0,Alianza Lima,1.0,5166.0,Estadio Héroes de San Ramón,Henry Gambetta,,https://fbref.com/en/matches/b5f46226/Universidad-Tecnica-de-Cajamarca-Alianza-Lima-May-14-2017-Torneo-Descentralizado
Liga 1 de Fútbol Profesional,M,PER,2017,1st,Torneo de Verano Regular Season,14,Sun,2017-05-14,15:30,Sporting Cristal,2.0,Melgar,0.0,1445.0,Estadio Alberto Gallardo,Joel Alarcón,,https://fbref.com/en/matches/dfff9f28/Sporting-Cristal-Melgar-May-14-2017-Torneo-Descentralizado
Liga 1 de Fútbol Profesional,M,PER,2017,1st,Torneo de Verano Finals,,Sun,2017-05-21,16:00,Melgar,1.0,UTC,0.0,11168.0,Estadio de la Universidad Nacional San A...,Miguel Santiváñez,Leg 1 of 2,https://fbref.com/en/matches/a4aa45b7/Melgar-Universidad-Tecnica-de-Cajamarca-May-21-2017-Torneo-Descentralizado
Liga 1 de Fútbol Profesional,M,PER,2017,1st,Torneo Apertura,1,Fri,2017-05-26,15:30,UTC,3.0,Juan Aurich,0.0,2057.0,Estadio Héroes de San Ramón,Augusto Menéndez,,https://fbref.com/en/matches/67679846/Universidad-Tecnica-de-Cajamarca-Juan-Aurich-May-26-2017-Torneo-Descentralizado
Liga 1 de Fútbol Profesional,M,PER,2017,1st,Torneo Apertura,1,Sat,2017-05-27,12:30,Ayacucho,5.0,Comerciantes,3.0,1102.0,Estadio Ciudad de Cumaná,José Mendoza,,https://fbref.com/en/matches/cecfea53/Ayacucho-Comerciantes-Unidos-May-27-2017-Torneo-Descentralizado
Liga 1 de Fútbol Profesional,M,PER,2017,1st,Torneo Apertura,1,Sat,2017-05-27,15:00,Sporting Cristal,2.0,Sport Huancayo,0.0,1645.0,Estadio Alberto Gallardo,Víctor Carrillo,,https://fbref.com/en/matches/dd9968f2/Sporting-Cristal-Sport-Huancayo-May-27-2017-Torneo-Descentralizado
Liga 1 de Fútbol Profesional,M,PER,2017,1st,Torneo Apertura,1,Sat,2017-05-27,17:45,Sport Rosario,1.0,Dep Municipal,0.0,5413.0,Estadio Rosas Pampa,Luis Garay Evia,,https://fbref.com/en/matches/5251c1c7/Sport-Rosario-Deportivo-Municipal-May-27-2017-Torneo-Descentralizado
Liga 1 de Fútbol Profesional,M,PER,2017,1st,Torneo Apertura,1,Sat,2017-05-27,20:00,Cantolao,2.0,Alianza Atlético,1.0,1531.0,Estadio Miguel Grau del Callao,Kevin Ortega,,https://fbref.com/en/matches/7cae3346/Cantolao-Alianza-Atletico-May-27-2017-Torneo-Descentralizado
Liga 1 de Fútbol Profesional,M,PER,2017,1st,Torneo Apertura,1,Sun,2017-05-28,11:15,Melgar,2.0,USMP,3.0,3187.0,Estadio de la Universidad Nacional San A...,Micke Palomino,,https://fbref.com/en/matches/b1906775/Melgar-Universidad-San-Martin-May-28-2017-Torneo-Descentralizado
Liga 1 de Fútbol Profesional,M,PER,2017,1st,Torneo Apertura,1,Sun,2017-05-28,13:30,Unión Comercio,1.0,Universitario,2.0,3712.0,Estadio Municipal de Nueva Cajamarca,Henry Gambetta,,https://fbref.com/en/matches/5cdee26c/Union-Comercio-Universitario-May-28-2017-Torneo-Descentralizado
Liga 1 de Fútbol Profesional,M,PER,2017,1st,Torneo Apertura,1,Sun,2017-05-28,16:00,Alianza Lima,2.0,Real Garcilaso,0.0,4791.0,Estadio Alejandro Villanueva,Roberto Mauro,,https://fbref.com/en/matches/05f0a527/Alianza-Lima-Real-Garcilaso-May-28-2017-Torneo-Descentralizado
Liga 1 de Fútbol Profesional,M,PER,2017,1st,Torneo de Verano Finals,,Wed,2017-05-31,14:30,UTC,2.0,Melgar,2.0,10242.0,Estadio Héroes de San Ramón,Joel Alarcón,Leg 2 of 2; Melgar won; Melgar won on penalty kicks following extra time,https://fbref.com/en/matches/5457f929/Universidad-Tecnica-de-Cajamarca-Melgar-May-31-2017-Torneo-Descentralizado
Liga 1 de Fútbol Profesional,M,PER,2017,1st,Torneo Apertura,2,Fri,2017-06-02,13:15,Sport Huancayo,2.0,Sport Rosario,0.0,832.0,Estadio Huancayo,Roberto Mauro,,https://fbref.com/en/matches/e5132de7/Sport-Huancayo-Sport-Rosario-June-2-2017-Torneo-Descentralizado
Liga 1 de Fútbol Profesional,M,PER,2017,1st,Torneo Apertura,2,Fri,2017-06-02,15:30,USMP,1.0,Ayacucho,1.0,266.0,Estadio Miguel Grau del Callao,Hibert Villegas,,https://fbref.com/en/matches/c685aca5/Universidad-San-Martin-Ayacucho-June-2-2017-Torneo-Descentralizado
Liga 1 de Fútbol Profesional,M,PER,2017,1st,Torneo Apertura,2,Sat,2017-06-03,12:30,Alianza Atlético,1.0,Unión Comercio,3.0,176.0,Estadio Municipal Melanio Coloma Calderó...,Jorge Panta,,https://fbref.com/en/matches/51f303a0/Alianza-Atletico-Union-Comercio-June-3-2017-Torneo-Descentralizado
Liga 1 de Fútbol Profesional,M,PER,2017,1st,Torneo Apertura,2,Sat,2017-06-03,15:00,Dep Municipal,0.0,UTC,1.0,1064.0,Estadio Iván Elías Moreno,Ramón Blanco,,https://fbref.com/en/matches/70632efb/Deportivo-Municipal-Universidad-Tecnica-de-Cajamarca-June-3-2017-Torneo-Descentralizado
Liga 1 de Fútbol Profesional,M,PER,2017,1st,Torneo Apertura,2,Sat,2017-06-03,20:00,Universitario,1.0,Alianza Lima,2.0,20834.0,Estadio Monumental,Víctor Carrillo,,https://fbref.com/en/matches/0b8960d1/Universitario-Alianza-Lima-June-3-2017-Torneo-Descentralizado
Liga 1 de Fútbol Profesional,M,PER,2017,1st,Torneo Apertura,2,Sun,2017-06-04,11:00,Juan Aurich,1.0,Cantolao,0.0,731.0,Estadio Mansiche,Jesús Cartagena,,https://fbref.com/en/matches/c7684f73/Juan-Aurich-Cantolao-June-4-2017-Torneo-Descentralizado
Liga 1 de Fútbol Profesional,M,PER,2017,1st,Torneo Apertura,2,Sun,2017-06-04,13:15,Real Garcilaso,1.0,Melgar,0.0,1877.0,Estadio Inca Garcilaso de la Vega,Michael Espinoza,,https://fbref.com/en/matches/2e022d71/Real-Garcilaso-Melgar-June-4-2017-Torneo-Descentralizado
Liga 1 de Fútbol Profesional,M,PER,2017,1st,Torneo Apertura,2,Sun,2017-06-04,15:30,Comerciantes,4.0,Sporting Cristal,2.0,1567.0,Estadio Juan Maldonado Gamarra,Miguel Santiváñez,,https://fbref.com/en/matches/de863dd1/Comerciantes-Unidos-Sporting-Cristal-June-4-2017-Torneo-Descentralizado
Liga 1 de Fútbol Profesional,M,PER,2017,1st,Torneo Apertura,3,Fri,2017-06-09,15:30,UTC,1.0,Sport Huancayo,1.0,2065.0,Estadio Héroes de San Ramón,Henry Gambetta,,https://fbref.com/en/matches/79f82dc3/Universidad-Tecnica-de-Cajamarca-Sport-Huancayo-June-9-2017-Torneo-Descentralizado
Liga 1 de Fútbol Profesional,M,PER,2017,1st,Torneo Apertura,3,Sat,2017-06-10,12:30,Ayacucho,2.0,Real Garcilaso,1.0,1479.0,Estadio Ciudad de Cumaná,Yovany Quevedo Guerra,,https://fbref.com/en/matches/569412a7/Ayacucho-Real-Garcilaso-June-10-2017-Torneo-Descentralizado
Liga 1 de Fútbol Profesional,M,PER,2017,1st,Torneo Apertura,3,Sat,2017-06-10,15:00,Sporting Cristal,2.0,USMP,1.0,1689.0,Estadio Alberto Gallardo,Renzo Castañeda,,https://fbref.com/en/matches/5b3591da/Sporting-Cristal-Universidad-San-Martin-June-10-2017-Torneo-Descentralizado
Liga 1 de Fútbol Profesional,M,PER,2017,1st,Torneo Apertura,3,Sat,2017-06-10,17:45,Sport Rosario,1.0,Comerciantes,1.0,3438.0,Estadio Rosas Pampa,Wilfredo Blas,,https://fbref.com/en/matches/2e90b22a/Sport-Rosario-Comerciantes-Unidos-June-10-2017-Torneo-Descentralizado
Liga 1 de Fútbol Profesional,M,PER,2017,1st,Torneo Apertura,3,Sat,2017-06-10,20:00,Cantolao,0.0,Dep Municipal,2.0,1174.0,Estadio Miguel Grau del Callao,Fernando Legario,,https://fbref.com/en/matches/b1f5e0c9/Cantolao-Deportivo-Municipal-June-10-2017-Torneo-Descentralizado
Liga 1 de Fútbol Profesional,M,PER,2017,1st,Torneo Apertura,3,Sun,2017-06-11,11:00,Unión Comercio,2.0,Juan Aurich,2.0,503.0,Estadio Municipal de Nueva Cajamarca,Iván Chang,,https://fbref.com/en/matches/589e9a64/Union-Comercio-Juan-Aurich-June-11-2017-Torneo-Descentralizado
Liga 1 de Fútbol Profesional,M,PER,2017,1st,Torneo Apertura,3,Sun,2017-06-11,15:00,Melgar,1.0,Alianza Lima,0.0,5354.0,Estadio Inca Garcilaso de la Vega,Joel Alarcón,,https://fbref.com/en/matches/37301161/Melgar-Alianza-Lima-June-11-2017-Torneo-Descentralizado
Liga 1 de Fútbol Profesional,M,PER,2017,1st,Torneo Apertura,4,Tue,2017-06-13,11:00,Sport Huancayo,2.0,Cantolao,0.0,798.0,Estadio Huancayo,José Martínez,,https://fbref.com/en/matches/1a8c3b4f/Sport-Huancayo-Cantolao-June-13-2017-Torneo-Descentralizado
Liga 1 de Fútbol Profesional,M,PER,2017,1st,Torneo Apertura,4,Tue,2017-06-13,13:15,Real Garcilaso,1.0,Sporting Cristal,0.0,1368.0,Estadio Inca Garcilaso de la Vega,Micke Palomino,,https://fbref.com/en/matches/8bc10c8b/Real-Garcilaso-Sporting-Cristal-June-13-2017-Torneo-Descentralizado
Liga 1 de Fútbol Profesional,M,PER,2017,1st,Torneo Apertura,4,Wed,2017-06-14,13:15,Juan Aurich,1.0,Universitario,1.0,4958.0,Estadio Municipal de Guadalupe Carlos A....,Joel Alarcón,,https://fbref.com/en/matches/51092d9a/Juan-Aurich-Universitario-June-14-2017-Torneo-Descentralizado
Liga 1 de Fútbol Profesional,M,PER,2017,1st,Torneo Apertura,4,Wed,2017-06-14,15:30,Dep Municipal,1.0,Unión Comercio,0.0,1038.0,Estadio Iván Elías Moreno,Kevin Ortega,,https://fbref.com/en/matches/8977ff22/Deportivo-Municipal-Union-Comercio-June-14-2017-Torneo-Descentralizado
Liga 1 de Fútbol Profesional,M,PER,2017,1st,Torneo Apertura,4,Wed,2017-06-14,19:00,Alianza Lima,4.0,Ayacucho,0.0,4016.0,Estadio Alejandro Villanueva,Augusto Menéndez,,https://fbref.com/en/matches/a9e540fe/Alianza-Lima-Ayacucho-June-14-2017-Torneo-Descentralizado
Liga 1 de Fútbol Profesional,M,PER,2017,1st,Torneo Apertura,4,Thu,2017-06-15,13:15,Alianza Atlético,1.0,Melgar,0.0,206.0,Estadio Municipal Melanio Coloma Calderó...,Diego Haro,,https://fbref.com/en/matches/5813c48b/Alianza-Atletico-Melgar-June-15-2017-Torneo-Descentralizado
Liga 1 de Fútbol Profesional,M,PER,2017,1st,Torneo Apertura,4,Thu,2017-06-15,15:30,Comerciantes,1.0,UTC,0.0,817.0,Estadio Juan Maldonado Gamarra,José Mendoza,,https://fbref.com/en/matches/ec9d4d5f/Comerciantes-Unidos-Universidad-Tecnica-de-Cajamarca-June-15-2017-Torneo-Descentralizado
Liga 1 de Fútbol Profesional,M,PER,2017,1st,Torneo Apertura,5,Sat,2017-06-17,12:30,Unión Comercio,4.0,Sport Huancayo,0.0,290.0,Estadio Municipal de Nueva Cajamarca,Edwin Ordóñez,,https://fbref.com/en/matches/d0dcf597/Union-Comercio-Sport-Huancayo-June-17-2017-Torneo-Descentralizado
Liga 1 de Fútbol Profesional,M,PER,2017,1st,Torneo Apertura,5,Sat,2017-06-17,15:00,Sport Rosario,1.0,Real Garcilaso,1.0,2829.0,Estadio Rosas Pampa,Jesús Cartagena,,https://fbref.com/en/matches/d8a31d18/Sport-Rosario-Real-Garcilaso-June-17-2017-Torneo-Descentralizado
Liga 1 de Fútbol Profesional,M,PER,2017,1st,Torneo Apertura,5,Sat,2017-06-17,20:00,Universitario,1.0,Dep Municipal,1.0,6517.0,Estadio Monumental,Renzo Castañeda,,https://fbref.com/en/matches/6e22b92f/Universitario-Deportivo-Municipal-June-17-2017-Torneo-Descentralizado
Liga 1 de Fútbol Profesional,M,PER,2017,1st,Torneo Apertura,5,Sun,2017-06-18,11:00,Ayacucho,1.0,Melgar,2.0,1697.0,Estadio Ciudad de Cumaná,Miguel Santiváñez,,https://fbref.com/en/matches/d4e86a79/Ayacucho-Melgar-June-18-2017-Torneo-Descentralizado
Liga 1 de Fútbol Profesional,M,PER,2017,1st,Torneo Apertura,5,Sun,2017-06-18,13:00,Alianza Atlético,1.0,Juan Aurich,1.0,219.0,Estadio Municipal Melanio Coloma Calderó...,Hibert Villegas,,https://fbref.com/en/matches/6260edf5/Alianza-Atletico-Juan-Aurich-June-18-2017-Torneo-Descentralizado
Liga 1 de Fútbol Profesional,M,PER,2017,1st,Torneo Apertura,5,Mon,2017-06-19,13:15,Cantolao,0.0,Comerciantes,1.0,256.0,Estadio Miguel Grau del Callao,Luis Garay Evia,,https://fbref.com/en/matches/1da1be8f/Cantolao-Comerciantes-Unidos-June-19-2017-Torneo-Descentralizado
Liga 1 de Fútbol Profesional,M,PER,2017,1st,Torneo Apertura,5,Mon,2017-06-19,15:30,UTC,3.0,USMP,1.0,1646.0,Estadio Héroes de San Ramón,Víctor Carrillo,,https://fbref.com/en/matches/928b0c6e/Universidad-Tecnica-de-Cajamarca-Universidad-San-Martin-June-19-2017-Torneo-Descentralizado
Liga 1 de Fútbol Profesional,M,PER,2017,1st,Torneo Apertura,3,Wed,2017-06-21,19:00,Universitario,1.0,Alianza Atlético,1.0,4835.0,Estadio Monumental,Ramón Blanco,,https://fbref.com/en/matches/02b77091/Universitario-Alianza-Atletico-June-21-2017-Torneo-Descentralizado
Liga 1 de Fútbol Profesional,M,PER,2017,1st,Torneo Apertura,6,Fri,2017-06-23,15:30,USMP,3.0,Cantolao,2.0,254.0,Estadio Miguel Grau del Callao,Jorge Panta,,https://fbref.com/en/matches/4f418341/Universidad-San-Martin-Cantolao-June-23-2017-Torneo-Descentralizado
Liga 1 de Fútbol Profesional,M,PER,2017,1st,Torneo Apertura,6,Sat,2017-06-24,12:30,Ayacucho,3.0,Juan Aurich,1.0,1157.0,Estadio Ciudad de Cumaná,Yovany Quevedo Guerra,,https://fbref.com/en/matches/8c217373/Ayacucho-Juan-Aurich-June-24-2017-Torneo-Descentralizado
Liga 1 de Fútbol Profesional,M,PER,2017,1st,Torneo Apertura,6,Sat,2017-06-24,15:00,Dep Municipal,3.0,Alianza Atlético,1.0,1167.0,Estadio Iván Elías Moreno,Roberto Mauro,,https://fbref.com/en/matches/bf511ee5/Deportivo-Municipal-Alianza-Atletico-June-24-2017-Torneo-Descentralizado
Liga 1 de Fútbol Profesional,M,PER,2017,1st,Torneo Apertura,6,Sat,2017-06-24,20:00,Melgar,4.0,Sporting Cristal,1.0,10792.0,Estadio de la Universidad Nacional San A...,Luis Garay Evia,,https://fbref.com/en/matches/3991d6e5/Melgar-Sporting-Cristal-June-24-2017-Torneo-Descentralizado
Liga 1 de Fútbol Profesional,M,PER,2017,1st,Torneo Apertura,6,Sun,2017-06-25,11:00,Real Garcilaso,2.0,UTC,1.0,1197.0,Estadio Inca Garcilaso de la Vega,Joel Alarcón,,https://fbref.com/en/matches/862a830a/Real-Garcilaso-Universidad-Tecnica-de-Cajamarca-June-25-2017-Torneo-Descentralizado
Liga 1 de Fútbol Profesional,M,PER,2017,1st,Torneo Apertura,6,Sun,2017-06-25,13:15,Sport Huancayo,1.0,Universitario,0.0,5616.0,Estadio Huancayo,Henry Gambetta,,https://fbref.com/en/matches/10e351bd/Sport-Huancayo-Universitario-June-25-2017-Torneo-Descentralizado
Liga 1 de Fútbol Profesional,M,PER,2017,1st,Torneo Apertura,6,Sun,2017-06-25,16:00,Alianza Lima,4.0,Sport Rosario,1.0,5505.0,Estadio Alejandro Villanueva,Diego Haro,,https://fbref.com/en/matches/7d8e90db/Alianza-Lima-Sport-Rosario-June-25-2017-Torneo-Descentralizado
Liga 1 de Fútbol Profesional,M,PER,2017,1st,Torneo Apertura,6,Mon,2017-06-26,15:30,Comerciantes,2.0,Unión Comercio,0.0,1930.0,Estadio Juan Maldonado Gamarra,John Cabrera,,https://fbref.com/en/matches/8e92c428/Comerciantes-Unidos-Union-Comercio-June-26-2017-Torneo-Descentralizado
Liga 1 de Fútbol Profesional,M,PER,2017,1st,Torneo Apertura,4,Wed,2017-06-28,15:30,USMP,1.0,Sport Rosario,1.0,,Estadio Miguel Grau del Callao,Edwin Ordóñez,,https://fbref.com/en/matches/563de848/Universidad-San-Martin-Sport-Rosario-June-28-2017-Torneo-Descentralizado
Liga 1 de Fútbol Profesional,M,PER,2017,1st,Torneo Apertura,7,Fri,2017-06-30,19:00,Cantolao,2.0,Real Garcilaso,3.0,894.0,Estadio Miguel Grau del Callao,Augusto Menéndez,,https://fbref.com/en/matches/15666095/Cantolao-Real-Garcilaso-June-30-2017-Torneo-Descentralizado
Liga 1 de Fútbol Profesional,M,PER,2017,1st,Torneo Apertura,7,Sat,2017-07-01,12:30,Unión Comercio,3.0,USMP,1.0,444.0,Estadio Municipal de Nueva Cajamarca,Ramón Blanco,,https://fbref.com/en/matches/7023d425/Union-Comercio-Universidad-San-Martin-July-1-2017-Torneo-Descentralizado
Liga 1 de Fútbol Profesional,M,PER,2017,1st,Torneo Apertura,7,Sat,2017-07-01,15:00,Juan Aurich,1.0,Dep Municipal,1.0,664.0,Estadio Municipal de Guadalupe Carlos A....,Luis Seminario,,https://fbref.com/en/matches/3902f5c7/Juan-Aurich-Deportivo-Municipal-July-1-2017-Torneo-Descentralizado
Liga 1 de Fútbol Profesional,M,PER,2017,1st,Torneo Apertura,7,Sat,2017-07-01,17:45,Sport Rosario,2.0,Melgar,1.0,3538.0,Estadio Rosas Pampa,Michael Espinoza,,https://fbref.com/en/matches/d20db254/Sport-Rosario-Melgar-July-1-2017-Torneo-Descentralizado
Liga 1 de Fútbol Profesional,M,PER,2017,1st,Torneo Apertura,7,Sat,2017-07-01,20:00,Universitario,1.0,Comerciantes,0.0,5355.0,Estadio Monumental,Diego Haro,,https://fbref.com/en/matches/a8bcbc80/Universitario-Comerciantes-Unidos-July-1-2017-Torneo-Descentralizado
Liga 1 de Fútbol Profesional,M,PER,2017,1st,Torneo Apertura,7,Sun,2017-07-02,11:00,Sporting Cristal,2.0,Ayacucho,0.0,3433.0,Estadio Alberto Gallardo,Kevin Ortega,,https://fbref.com/en/matches/a2bc77b8/Sporting-Cristal-Ayacucho-July-2-2017-Torneo-Descentralizado
Liga 1 de Fútbol Profesional,M,PER,2017,1st,Torneo Apertura,7,Sun,2017-07-02,13:00,Alianza Atlético,1.0,Sport Huancayo,3.0,241.0,Estadio Municipal Melanio Coloma Calderó...,José Mendoza,,https://fbref.com/en/matches/efed40f4/Alianza-Atletico-Sport-Huancayo-July-2-2017-Torneo-Descentralizado
Liga 1 de Fútbol Profesional,M,PER,2017,1st,Torneo Apertura,7,Sun,2017-07-02,15:30,UTC,1.0,Alianza Lima,0.0,4412.0,Estadio Héroes de San Ramón,Miguel Santiváñez,,https://fbref.com/en/matches/f68eefb4/Universidad-Tecnica-de-Cajamarca-Alianza-Lima-July-2-2017-Torneo-Descentralizado
Liga 1 de Fútbol Profesional,M,PER,2017,1st,Torneo Apertura,8,Tue,2017-07-04,15:30,Real Garcilaso,2.0,Unión Comercio,1.0,1392.0,Estadio Inca Garcilaso de la Vega,Luis Garay Evia,,https://fbref.com/en/matches/6e44b23b/Real-Garcilaso-Union-Comercio-July-4-2017-Torneo-Descentralizado
Liga 1 de Fútbol Profesional,M,PER,2017,1st,Torneo Apertura,8,Tue,2017-07-04,20:00,USMP,2.0,Universitario,4.0,3076.0,Estadio Miguel Grau del Callao,Eduardo Chirinos,,https://fbref.com/en/matches/2fbe87c2/Universidad-San-Martin-Universitario-July-4-2017-Torneo-Descentralizado
Liga 1 de Fútbol Profesional,M,PER,2017,1st,Torneo Apertura,8,Wed,2017-07-05,11:00,Sport Huancayo,3.0,Juan Aurich,0.0,952.0,Estadio Huancayo,Jesús Cartagena,,https://fbref.com/en/matches/847f49b8/Sport-Huancayo-Juan-Aurich-July-5-2017-Torneo-Descentralizado
Liga 1 de Fútbol Profesional,M,PER,2017,1st,Torneo Apertura,8,Wed,2017-07-05,13:15,Melgar,2.0,UTC,0.0,3424.0,Estadio de la Universidad Nacional San A...,Diego Haro,,https://fbref.com/en/matches/d0e5c40b/Melgar-Universidad-Tecnica-de-Cajamarca-July-5-2017-Torneo-Descentralizado
Liga 1 de Fútbol Profesional,M,PER,2017,1st,Torneo Apertura,8,Wed,2017-07-05,15:30,Comerciantes,0.0,Alianza Atlético,2.0,1093.0,Estadio Juan Maldonado Gamarra,Micke Palomino,,https://fbref.com/en/matches/97eaa8e0/Comerciantes-Unidos-Alianza-Atletico-July-5-2017-Torneo-Descentralizado
Liga 1 de Fútbol Profesional,M,PER,2017,1st,Torneo Apertura,8,Wed,2017-07-05,15:30,Sporting Cristal,2.0,Dep Municipal,2.0,2144.0,Estadio Alberto Gallardo,Henry Gambetta,,https://fbref.com/en/matches/a1595799/Sporting-Cristal-Deportivo-Municipal-July-5-2017-Torneo-Descentralizado
Liga 1 de Fútbol Profesional,M,PER,2017,1st,Torneo Apertura,8,Wed,2017-07-05,20:00,Alianza Lima,1.0,Cantolao,1.0,4292.0,Estadio Alejandro Villanueva,Joel Alarcón,,https://fbref.com/en/matches/f6da6881/Alianza-Lima-Cantolao-July-5-2017-Torneo-Descentralizado
Liga 1 de Fútbol Profesional,M,PER,2017,1st,Torneo Apertura,8,Thu,2017-07-06,13:15,Ayacucho,0.0,Sport Rosario,1.0,1175.0,Estadio Ciudad de Cumaná,Diego Jaimes,,https://fbref.com/en/matches/ba58cf63/Ayacucho-Sport-Rosario-July-6-2017-Torneo-Descentralizado
Liga 1 de Fútbol Profesional,M,PER,2017,1st,Torneo Apertura,9,Sat,2017-07-08,12:30,Alianza Atlético,0.0,USMP,2.0,250.0,Estadio Municipal Melanio Coloma Calderó...,Luis Seminario,,https://fbref.com/en/matches/3a456c62/Alianza-Atletico-Universidad-San-Martin-July-8-2017-Torneo-Descentralizado
Liga 1 de Fútbol Profesional,M,PER,2017,1st,Torneo Apertura,9,Sat,2017-07-08,15:00,Dep Municipal,2.0,Sport Huancayo,1.0,1972.0,Estadio Iván Elías Moreno,Roberto Mauro,,https://fbref.com/en/matches/3c0ab04d/Deportivo-Municipal-Sport-Huancayo-July-8-2017-Torneo-Descentralizado
Liga 1 de Fútbol Profesional,M,PER,2017,1st,Torneo Apertura,9,Sat,2017-07-08,20:00,Cantolao,0.0,Melgar,0.0,726.0,Estadio Miguel Grau del Callao,Renzo Castañeda,,https://fbref.com/en/matches/8ce9b9e4/Cantolao-Melgar-July-8-2017-Torneo-Descentralizado
Liga 1 de Fútbol Profesional,M,PER,2017,1st,Torneo Apertura,9,Sun,2017-07-09,11:15,Juan Aurich,2.0,Comerciantes,2.0,363.0,Estadio Municipal de Guadalupe Carlos A....,Fernando Legario,,https://fbref.com/en/matches/5cd45520/Juan-Aurich-Comerciantes-Unidos-July-9-2017-Torneo-Descentralizado
Liga 1 de Fútbol Profesional,M,PER,2017,1st,Torneo Apertura,9,Sun,2017-07-09,13:30,Unión Comercio,0.0,Alianza Lima,1.0,2470.0,Estadio Municipal de Nueva Cajamarca,Michael Espinoza,,https://fbref.com/en/matches/fecf25b2/Union-Comercio-Alianza-Lima-July-9-2017-Torneo-Descentralizado
Liga 1 de Fútbol Profesional,M,PER,2017,1st,Torneo Apertura,9,Sun,2017-07-09,16:00,Universitario,2.0,Real Garcilaso,1.0,8004.0,Estadio Monumental,Víctor Carrillo,,https://fbref.com/en/matches/75803ea3/Universitario-Real-Garcilaso-July-9-2017-Torneo-Descentralizado
Liga 1 de Fútbol Profesional,M,PER,2017,1st,Torneo Apertura,9,Sun,2017-07-09,18:15,Sport Rosario,1.0,Sporting Cristal,3.0,12161.0,Estadio Rosas Pampa,Miguel Santiváñez,,https://fbref.com/en/matches/47db9e59/Sport-Rosario-Sporting-Cristal-July-9-2017-Torneo-Descentralizado
Liga 1 de Fútbol Profesional,M,PER,2017,1st,Torneo Apertura,9,Mon,2017-07-10,15:30,UTC,3.0,Ayacucho,0.0,2101.0,Estadio Héroes de San Ramón,Iván Chang,,https://fbref.com/en/matches/31c078f8/Universidad-Tecnica-de-Cajamarca-Ayacucho-July-10-2017-Torneo-Descentralizado
Liga 1 de Fútbol Profesional,M,PER,2017,1st,Torneo Apertura,10,Fri,2017-07-14,13:15,Real Garcilaso,2.0,Alianza Atlético,1.0,1015.0,Estadio Inca Garcilaso de la Vega,Luis Garay Evia,,https://fbref.com/en/matches/5d9138a6/Real-Garcilaso-Alianza-Atletico-July-14-2017-Torneo-Descentralizado
Liga 1 de Fútbol Profesional,M,PER,2017,1st,Torneo Apertura,10,Fri,2017-07-14,15:30,USMP,4.0,Juan Aurich,1.0,258.0,Estadio Miguel Grau del Callao,Diego Haro,,https://fbref.com/en/matches/536217a2/Universidad-San-Martin-Juan-Aurich-July-14-2017-Torneo-Descentralizado
Liga 1 de Fútbol Profesional,M,PER,2017,1st,Torneo Apertura,10,Sat,2017-07-15,12:30,Ayacucho,0.0,Cantolao,0.0,1074.0,Estadio Ciudad de Cumaná,Eduardo Chirinos,,https://fbref.com/en/matches/e2f3e8db/Ayacucho-Cantolao-July-15-2017-Torneo-Descentralizado
Liga 1 de Fútbol Profesional,M,PER,2017,1st,Torneo Apertura,10,Sat,2017-07-15,15:00,Comerciantes,0.0,Dep Municipal,0.0,1163.0,Estadio Juan Maldonado Gamarra,Ramón Blanco,,https://fbref.com/en/matches/c41b5210/Comerciantes-Unidos-Deportivo-Municipal-July-15-2017-Torneo-Descentralizado
Liga 1 de Fútbol Profesional,M,PER,2017,1st,Torneo Apertura,10,Sat,2017-07-15,20:00,Sport Rosario,0.0,Universitario,0.0,16000.0,Estadio Rosas Pampa,Joel Alarcón,,https://fbref.com/en/matches/1bb18cbd/Sport-Rosario-Universitario-July-15-2017-Torneo-Descentralizado
Liga 1 de Fútbol Profesional,M,PER,2017,1st,Torneo Apertura,10,Sun,2017-07-16,11:00,Sporting Cristal,1.0,UTC,0.0,5426.0,Estadio Alberto Gallardo,Michael Espinoza,,https://fbref.com/en/matches/882efdd4/Sporting-Cristal-Universidad-Tecnica-de-Cajamarca-July-16-2017-Torneo-Descentralizado
Liga 1 de Fútbol Profesional,M,PER,2017,1st,Torneo Apertura,10,Sun,2017-07-16,13:15,Melgar,2.0,Unión Comercio,1.0,5014.0,Estadio de la Universidad Nacional San A...,Augusto Menéndez,,https://fbref.com/en/matches/32916d56/Melgar-Union-Comercio-July-16-2017-Torneo-Descentralizado
Liga 1 de Fútbol Profesional,M,PER,2017,1st,Torneo Apertura,10,Sun,2017-07-16,15:30,Alianza Lima,3.0,Sport Huancayo,3.0,11526.0,Estadio Alejandro Villanueva,Víctor Carrillo,,https://fbref.com/en/matches/33635cfb/Alianza-Lima-Sport-Huancayo-July-16-2017-Torneo-Descentralizado
Liga 1 de Fútbol Profesional,M,PER,2017,1st,Torneo Apertura,5,Wed,2017-07-19,19:00,Sporting Cristal,0.0,Alianza Lima,1.0,26709.0,Estadio Nacional,Henry Gambetta,,https://fbref.com/en/matches/6d24e147/Sporting-Cristal-Alianza-Lima-July-19-2017-Torneo-Descentralizado
Liga 1 de Fútbol Profesional,M,PER,2017,1st,Torneo Apertura,11,Fri,2017-07-21,13:15,Sport Huancayo,3.0,Comerciantes,1.0,1649.0,Estadio Huancayo,Miguel Santiváñez,,https://fbref.com/en/matches/038085b8/Sport-Huancayo-Comerciantes-Unidos-July-21-2017-Torneo-Descentralizado
Liga 1 de Fútbol Profesional,M,PER,2017,1st,Torneo Apertura,11,Fri,2017-07-21,15:30,UTC,2.0,Sport Rosario,1.0,2361.0,Estadio Héroes de San Ramón,Micke Palomino,,https://fbref.com/en/matches/451c0cff/Universidad-Tecnica-de-Cajamarca-Sport-Rosario-July-21-2017-Torneo-Descentralizado
Liga 1 de Fútbol Profesional,M,PER,2017,1st,Torneo Apertura,11,Sat,2017-07-22,12:30,Unión Comercio,3.0,Ayacucho,1.0,249.0,Estadio Municipal de Nueva Cajamarca,Hibert Villegas,,https://fbref.com/en/matches/f3f3f70a/Union-Comercio-Ayacucho-July-22-2017-Torneo-Descentralizado
Liga 1 de Fútbol Profesional,M,PER,2017,1st,Torneo Apertura,11,Sat,2017-07-22,15:00,Dep Municipal,1.0,USMP,0.0,1121.0,Estadio Iván Elías Moreno,José Mendoza,,https://fbref.com/en/matches/a639d928/Deportivo-Municipal-Universidad-San-Martin-July-22-2017-Torneo-Descentralizado
Liga 1 de Fútbol Profesional,M,PER,2017,1st,Torneo Apertura,11,Sat,2017-07-22,20:00,Cantolao,1.0,Sporting Cristal,1.0,220.0,Estadio Miguel Grau del Callao,Jesús Cartagena,,https://fbref.com/en/matches/21a4bab6/Cantolao-Sporting-Cristal-July-22-2017-Torneo-Descentralizado
Liga 1 de Fútbol Profesional,M,PER,2017,1st,Torneo Apertura,11,Sun,2017-07-23,11:00,Juan Aurich,1.0,Real Garcilaso,2.0,381.0,Estadio Mansiche,Henry Gambetta,,https://fbref.com/en/matches/2b591dab/Juan-Aurich-Real-Garcilaso-July-23-2017-Torneo-Descentralizado
Liga 1 de Fútbol Profesional,M,PER,2017,1st,Torneo Apertura,11,Sun,2017-07-23,13:15,Alianza Atlético,1.0,Alianza Lima,0.0,1300.0,Estadio Municipal Melanio Coloma Calderó...,Roberto Mauro,,https://fbref.com/en/matches/53e00a13/Alianza-Atletico-Alianza-Lima-July-23-2017-Torneo-Descentralizado
Liga 1 de Fútbol Profesional,M,PER,2017,1st,Torneo Apertura,11,Sun,2017-07-23,15:30,Universitario,2.0,Melgar,1.0,13462.0,Estadio Monumental,Diego Haro,,https://fbref.com/en/matches/19a5cba9/Universitario-Melgar-July-23-2017-Torneo-Descentralizado
Liga 1 de Fútbol Profesional,M,PER,2017,1st,Torneo Apertura,12,Tue,2017-07-25,15:30,UTC,1.0,Unión Comercio,0.0,2587.0,Estadio Héroes de San Ramón,José Martínez,,https://fbref.com/en/matches/981bb06d/Universidad-Tecnica-de-Cajamarca-Union-Comercio-July-25-2017-Torneo-Descentralizado
Liga 1 de Fútbol Profesional,M,PER,2017,1st,Torneo Apertura,12,Wed,2017-07-26,13:15,Ayacucho,1.0,Alianza Atlético,0.0,948.0,Estadio Ciudad de Cumaná,Wilfredo Blas,,https://fbref.com/en/matches/ceb7487f/Ayacucho-Alianza-Atletico-July-26-2017-Torneo-Descentralizado
Liga 1 de Fútbol Profesional,M,PER,2017,1st,Torneo Apertura,12,Wed,2017-07-26,15:30,Melgar,1.0,Comerciantes,1.0,4401.0,Estadio de la Universidad Nacional San A...,Eduardo Chirinos,,https://fbref.com/en/matches/7585a8f6/Melgar-Comerciantes-Unidos-July-26-2017-Torneo-Descentralizado
Liga 1 de Fútbol Profesional,M,PER,2017,1st,Torneo Apertura,12,Wed,2017-07-26,17:45,Sport Rosario,3.0,Cantolao,1.0,2474.0,Estadio Rosas Pampa,Yovany Quevedo Guerra,,https://fbref.com/en/matches/32d7b21e/Sport-Rosario-Cantolao-July-26-2017-Torneo-Descentralizado
Liga 1 de Fútbol Profesional,M,PER,2017,1st,Torneo Apertura,12,Wed,2017-07-26,20:00,Sporting Cristal,1.0,Universitario,1.0,26859.0,Estadio Alberto Gallardo,Joel Alarcón,,https://fbref.com/en/matches/eb803c22/Sporting-Cristal-Universitario-July-26-2017-Torneo-Descentralizado
Liga 1 de Fútbol Profesional,M,PER,2017,1st,Torneo Apertura,12,Thu,2017-07-27,15:30,USMP,0.0,Sport Huancayo,0.0,237.0,Estadio Miguel Grau del Callao,Renzo Castañeda,,https://fbref.com/en/matches/b4249132/Universidad-San-Martin-Sport-Huancayo-July-27-2017-Torneo-Descentralizado
Liga 1 de Fútbol Profesional,M,PER,2017,1st,Torneo Apertura,12,Thu,2017-07-27,20:00,Alianza Lima,2.0,Juan Aurich,0.0,9785.0,Estadio Alejandro Villanueva,Michel Espinoza,,https://fbref.com/en/matches/28254516/Alianza-Lima-Juan-Aurich-July-27-2017-Torneo-Descentralizado
Liga 1 de Fútbol Profesional,M,PER,2017,1st,Torneo Apertura,13,Sat,2017-07-29,12:30,Unión Comercio,1.0,Sport Rosario,1.0,270.0,Estadio Municipal de Nueva Cajamarca,Jorge Panta,,https://fbref.com/en/matches/2159b8ba/Union-Comercio-Sport-Rosario-July-29-2017-Torneo-Descentralizado
Liga 1 de Fútbol Profesional,M,PER,2017,1st,Torneo Apertura,13,Sat,2017-07-29,15:00,Alianza Atlético,2.0,Sporting Cristal,3.0,706.0,Estadio Municipal Melanio Coloma Calderó...,Luis Garay Evia,,https://fbref.com/en/matches/c720399a/Alianza-Atletico-Sporting-Cristal-July-29-2017-Torneo-Descentralizado
Liga 1 de Fútbol Profesional,M,PER,2017,1st,Torneo Apertura,13,Sat,2017-07-29,17:45,Cantolao,0.0,UTC,0.0,194.0,Estadio Miguel Grau del Callao,Augusto Menéndez,,https://fbref.com/en/matches/4ccdfbe7/Cantolao-Universidad-Tecnica-de-Cajamarca-July-29-2017-Torneo-Descentralizado
Liga 1 de Fútbol Profesional,M,PER,2017,1st,Torneo Apertura,13,Sat,2017-07-29,20:00,Universitario,2.0,Ayacucho,0.0,6937.0,Estadio Monumental,Luis Seminario,,https://fbref.com/en/matches/f75c7ad7/Universitario-Ayacucho-July-29-2017-Torneo-Descentralizado
Liga 1 de Fútbol Profesional,M,PER,2017,1st,Torneo Apertura,13,Sun,2017-07-30,11:00,Juan Aurich,2.0,Melgar,2.0,564.0,Estadio Mansiche,Miguel Santiváñez,,https://fbref.com/en/matches/c5b4bced/Juan-Aurich-Melgar-July-30-2017-Torneo-Descentralizado
Liga 1 de Fútbol Profesional,M,PER,2017,1st,Torneo Apertura,13,Sun,2017-07-30,13:15,Sport Huancayo,1.0,Real Garcilaso,1.0,3436.0,Estadio Huancayo,Ramón Blanco,,https://fbref.com/en/matches/aac63892/Sport-Huancayo-Real-Garcilaso-July-30-2017-Torneo-Descentralizado
Liga 1 de Fútbol Profesional,M,PER,2017,1st,Torneo Apertura,13,Sun,2017-07-30,15:30,Dep Municipal,0.0,Alianza Lima,2.0,19424.0,Estadio Nacional,Fernando Legario,,https://fbref.com/en/matches/9c93d23c/Deportivo-Municipal-Alianza-Lima-July-30-2017-Torneo-Descentralizado
Liga 1 de Fútbol Profesional,M,PER,2017,1st,Torneo Apertura,13,Mon,2017-07-31,15:30,Comerciantes,1.0,USMP,2.0,1094.0,Estadio Juan Maldonado Gamarra,Kevin Ortega,,https://fbref.com/en/matches/6122679f/Comerciantes-Unidos-Universidad-San-Martin-July-31-2017-Torneo-Descentralizado
Liga 1 de Fútbol Profesional,M,PER,2017,1st,Torneo Apertura,14,Sat,2017-08-05,12:30,Ayacucho,1.0,Sport Huancayo,1.0,1722.0,Estadio Ciudad de Cumaná,Roberto Mauro,,https://fbref.com/en/matches/a49d9740/Ayacucho-Sport-Huancayo-August-5-2017-Torneo-Descentralizado
Liga 1 de Fútbol Profesional,M,PER,2017,1st,Torneo Apertura,14,Sat,2017-08-05,15:00,Melgar,1.0,Dep Municipal,1.0,3926.0,Estadio de la Universidad Nacional San A...,Joel Alarcón,,https://fbref.com/en/matches/8d9f733c/Melgar-Deportivo-Municipal-August-5-2017-Torneo-Descentralizado
Liga 1 de Fútbol Profesional,M,PER,2017,1st,Torneo Apertura,14,Sat,2017-08-05,17:45,Cantolao,2.0,Unión Comercio,0.0,877.0,Estadio Miguel Grau del Callao,Iván Chang,,https://fbref.com/en/matches/a1554e5e/Cantolao-Union-Comercio-August-5-2017-Torneo-Descentralizado
Liga 1 de Fútbol Profesional,M,PER,2017,1st,Torneo Apertura,14,Sat,2017-08-05,20:00,Alianza Lima,3.0,USMP,2.0,25646.0,Estadio Alejandro Villanueva,Micke Palomino,,https://fbref.com/en/matches/07aa111d/Alianza-Lima-Universidad-San-Martin-August-5-2017-Torneo-Descentralizado
Liga 1 de Fútbol Profesional,M,PER,2017,1st,Torneo Apertura,14,Sun,2017-08-06,11:00,Sporting Cristal,0.0,Juan Aurich,0.0,3390.0,Estadio Alberto Gallardo,Renzo Castañeda,,https://fbref.com/en/matches/aa118c40/Sporting-Cristal-Juan-Aurich-August-6-2017-Torneo-Descentralizado
Liga 1 de Fútbol Profesional,M,PER,2017,1st,Torneo Apertura,14,Sun,2017-08-06,13:15,Real Garcilaso,2.0,Comerciantes,1.0,,Estadio Inca Garcilaso de la Vega,Henry Gambetta,,https://fbref.com/en/matches/2fa6f5e2/Real-Garcilaso-Comerciantes-Unidos-August-6-2017-Torneo-Descentralizado
Liga 1 de Fútbol Profesional,M,PER,2017,1st,Torneo Apertura,14,Sun,2017-08-06,15:30,UTC,1.0,Universitario,0.0,8112.0,Estadio Héroes de San Ramón,Eduardo Chirinos,,https://fbref.com/en/matches/dce9e7f8/Universidad-Tecnica-de-Cajamarca-Universitario-August-6-2017-Torneo-Descentralizado
Liga 1 de Fútbol Profesional,M,PER,2017,1st,Torneo Apertura,14,Sun,2017-08-06,18:00,Sport Rosario,1.0,Alianza Atlético,0.0,2944.0,Estadio Rosas Pampa,Augusto Menéndez,,https://fbref.com/en/matches/322b39d4/Sport-Rosario-Alianza-Atletico-August-6-2017-Torneo-Descentralizado
Liga 1 de Fútbol Profesional,M,PER,2017,1st,Torneo Apertura,12,Wed,2017-08-09,13:15,Real Garcilaso,2.0,Dep Municipal,1.0,2462.0,Estadio Inca Garcilaso de la Vega,Diego Haro,,https://fbref.com/en/matches/383e67da/Real-Garcilaso-Deportivo-Municipal-August-9-2017-Torneo-Descentralizado
Liga 1 de Fútbol Profesional,M,PER,2017,1st,Torneo Apertura,15,Sat,2017-08-12,11:00,Juan Aurich,1.0,Sport Rosario,1.0,625.0,Estadio Mansiche,Eduardo Chirinos,,https://fbref.com/en/matches/b8452fb7/Juan-Aurich-Sport-Rosario-August-12-2017-Torneo-Descentralizado
Liga 1 de Fútbol Profesional,M,PER,2017,1st,Torneo Apertura,15,Sat,2017-08-12,12:30,Sport Huancayo,2.0,Melgar,0.0,1203.0,Estadio Huancayo,Michael Espinoza,,https://fbref.com/en/matches/27216abf/Sport-Huancayo-Melgar-August-12-2017-Torneo-Descentralizado
Liga 1 de Fútbol Profesional,M,PER,2017,1st,Torneo Apertura,15,Sat,2017-08-12,15:00,Dep Municipal,2.0,Ayacucho,0.0,1459.0,Estadio Iván Elías Moreno,José Mendoza,,https://fbref.com/en/matches/f1a16f2c/Deportivo-Municipal-Ayacucho-August-12-2017-Torneo-Descentralizado
Liga 1 de Fútbol Profesional,M,PER,2017,1st,Torneo Apertura,15,Sun,2017-08-13,13:00,Unión Comercio,2.0,Sporting Cristal,2.0,1473.0,Estadio Municipal de Nueva Cajamarca,Luis Seminario,,https://fbref.com/en/matches/e55c1dc6/Union-Comercio-Sporting-Cristal-August-13-2017-Torneo-Descentralizado
Liga 1 de Fútbol Profesional,M,PER,2017,1st,Torneo Apertura,15,Sun,2017-08-13,15:30,USMP,2.0,Real Garcilaso,2.0,266.0,Estadio Miguel Grau del Callao,Augusto Menéndez,,https://fbref.com/en/matches/22c259dd/Universidad-San-Martin-Real-Garcilaso-August-13-2017-Torneo-Descentralizado
Liga 1 de Fútbol Profesional,M,PER,2017,1st,Torneo Apertura,15,Sun,2017-08-13,15:30,Alianza Atlético,0.0,UTC,0.0,441.0,Estadio Municipal Melanio Coloma Calderó...,Micke Palomino,,https://fbref.com/en/matches/3a887fe9/Alianza-Atletico-Universidad-Tecnica-de-Cajamarca-August-13-2017-Torneo-Descentralizado
Liga 1 de Fútbol Profesional,M,PER,2017,1st,Torneo Apertura,15,Sun,2017-08-13,15:30,Comerciantes,0.0,Alianza Lima,0.0,5000.0,Estadio Juan Maldonado Gamarra,Joel Alarcón,,https://fbref.com/en/matches/cb93b586/Comerciantes-Unidos-Alianza-Lima-August-13-2017-Torneo-Descentralizado
Liga 1 de Fútbol Profesional,M,PER,2017,1st,Torneo Apertura,15,Sun,2017-08-13,20:00,Universitario,2.0,Cantolao,1.0,3936.0,Estadio Monumental,Henry Gambetta,,https://fbref.com/en/matches/d4a17ba3/Universitario-Cantolao-August-13-2017-Torneo-Descentralizado
Liga 1 de Fútbol Profesional,M,PER,2017,1st,Torneo Clausura,1,Fri,2017-08-18,13:15,Alianza Atlético,0.0,Cantolao,0.0,412.0,Estadio Municipal Melanio Coloma Calderó...,Joel Alarcón,,https://fbref.com/en/matches/0b871beb/Alianza-Atletico-Cantolao-August-18-2017-Torneo-Descentralizado
Liga 1 de Fútbol Profesional,M,PER,2017,1st,Torneo Clausura,1,Fri,2017-08-18,15:30,Juan Aurich,1.0,UTC,2.0,1228.0,Estadio Municipal Francisco Mendoza Piza...,Hibert Villegas,,https://fbref.com/en/matches/9a1b82c6/Juan-Aurich-Universidad-Tecnica-de-Cajamarca-August-18-2017-Torneo-Descentralizado
Liga 1 de Fútbol Profesional,M,PER,2017,1st,Torneo Clausura,1,Sat,2017-08-19,12:30,USMP,0.0,Melgar,2.0,340.0,Estadio Alberto Gallardo,Miguel Santiváñez,,https://fbref.com/en/matches/d53c763f/Universidad-San-Martin-Melgar-August-19-2017-Torneo-Descentralizado
Liga 1 de Fútbol Profesional,M,PER,2017,1st,Torneo Clausura,1,Sat,2017-08-19,15:00,Dep Municipal,3.0,Sport Rosario,0.0,1548.0,Estadio Iván Elías Moreno,Víctor Carrillo,,https://fbref.com/en/matches/3126f2d4/Deportivo-Municipal-Sport-Rosario-August-19-2017-Torneo-Descentralizado
Liga 1 de Fútbol Profesional,M,PER,2017,1st,Torneo Clausura,1,Sun,2017-08-20,11:15,Sport Huancayo,2.0,Sporting Cristal,1.0,5777.0,Estadio Huancayo,Diego Haro,,https://fbref.com/en/matches/64a73e66/Sport-Huancayo-Sporting-Cristal-August-20-2017-Torneo-Descentralizado
Liga 1 de Fútbol Profesional,M,PER,2017,1st,Torneo Clausura,1,Sun,2017-08-20,13:15,Real Garcilaso,4.0,Alianza Lima,1.0,6726.0,Estadio Inca Garcilaso de la Vega,Luis Garay Evia,,https://fbref.com/en/matches/5e10b34f/Real-Garcilaso-Alianza-Lima-August-20-2017-Torneo-Descentralizado
Liga 1 de Fútbol Profesional,M,PER,2017,1st,Torneo Clausura,1,Sun,2017-08-20,15:30,Universitario,3.0,Unión Comercio,2.0,6824.0,Estadio Miguel Grau del Callao,José Mendoza,,https://fbref.com/en/matches/aa8783ea/Universitario-Union-Comercio-August-20-2017-Torneo-Descentralizado
Liga 1 de Fútbol Profesional,M,PER,2017,1st,Torneo Clausura,1,Mon,2017-08-21,15:30,Comerciantes,4.0,Ayacucho,0.0,771.0,Estadio Juan Maldonado Gamarra,Roberto Mauro,,https://fbref.com/en/matches/84383951/Comerciantes-Unidos-Ayacucho-August-21-2017-Torneo-Descentralizado
Liga 1 de Fútbol Profesional,M,PER,2017,1st,Torneo Clausura,2,Fri,2017-09-08,20:00,Cantolao,3.0,Juan Aurich,2.0,988.0,Estadio Miguel Grau del Callao,Henry Gambetta,,https://fbref.com/en/matches/17d0a59a/Cantolao-Juan-Aurich-September-8-2017-Torneo-Descentralizado
Liga 1 de Fútbol Profesional,M,PER,2017,1st,Torneo Clausura,2,Sat,2017-09-09,12:30,Ayacucho,3.0,USMP,0.0,1092.0,Estadio Ciudad de Cumaná,Michael Espinoza,,https://fbref.com/en/matches/23feb99b/Ayacucho-Universidad-San-Martin-September-9-2017-Torneo-Descentralizado
Liga 1 de Fútbol Profesional,M,PER,2017,1st,Torneo Clausura,2,Sat,2017-09-09,15:00,UTC,2.0,Dep Municipal,0.0,2039.0,Estadio Héroes de San Ramón,Micke Palomino,,https://fbref.com/en/matches/d1bc8944/Universidad-Tecnica-de-Cajamarca-Deportivo-Municipal-September-9-2017-Torneo-Descentralizado
Liga 1 de Fútbol Profesional,M,PER,2017,1st,Torneo Clausura,2,Sat,2017-09-09,17:45,Sport Rosario,1.0,Sport Huancayo,1.0,2364.0,Estadio Rosas Pampa,Roberto Mauro,,https://fbref.com/en/matches/1c68bb92/Sport-Rosario-Sport-Huancayo-September-9-2017-Torneo-Descentralizado
Liga 1 de Fútbol Profesional,M,PER,2017,1st,Torneo Clausura,2,Sat,2017-09-09,20:00,Alianza Lima,1.0,Universitario,0.0,16236.0,Estadio Alejandro Villanueva,Joel Alarcón,,https://fbref.com/en/matches/dde03e0c/Alianza-Lima-Universitario-September-9-2017-Torneo-Descentralizado
Liga 1 de Fútbol Profesional,M,PER,2017,1st,Torneo Clausura,2,Sun,2017-09-10,11:15,Unión Comercio,1.0,Alianza Atlético,2.0,346.0,Estadio Municipal de Nueva Cajamarca,Diego Haro,,https://fbref.com/en/matches/c4134fa8/Union-Comercio-Alianza-Atletico-September-10-2017-Torneo-Descentralizado
Liga 1 de Fútbol Profesional,M,PER,2017,1st,Torneo Clausura,2,Sun,2017-09-10,13:15,Melgar,0.0,Real Garcilaso,2.0,5970.0,Estadio de la Universidad Nacional San A...,Iván Chang,,https://fbref.com/en/matches/b1d90af0/Melgar-Real-Garcilaso-September-10-2017-Torneo-Descentralizado
Liga 1 de Fútbol Profesional,M,PER,2017,1st,Torneo Clausura,2,Sun,2017-09-10,15:30,Sporting Cristal,2.0,Comerciantes,2.0,3128.0,Estadio Alberto Gallardo,Augusto Menéndez,,https://fbref.com/en/matches/015d21e3/Sporting-Cristal-Comerciantes-Unidos-September-10-2017-Torneo-Descentralizado
Liga 1 de Fútbol Profesional,M,PER,2017,1st,Torneo Clausura,3,Wed,2017-09-13,11:00,Real Garcilaso,2.0,Ayacucho,0.0,1278.0,Estadio Túpac Amaru,Eduardo Chirinos,,https://fbref.com/en/matches/7f3db9a4/Real-Garcilaso-Ayacucho-September-13-2017-Torneo-Descentralizado
Liga 1 de Fútbol Profesional,M,PER,2017,1st,Torneo Clausura,3,Wed,2017-09-13,13:15,USMP,2.0,Sporting Cristal,3.0,636.0,Estadio Miguel Grau del Callao,José Mendoza,,https://fbref.com/en/matches/cb5f353c/Universidad-San-Martin-Sporting-Cristal-September-13-2017-Torneo-Descentralizado
Liga 1 de Fútbol Profesional,M,PER,2017,1st,Torneo Clausura,3,Wed,2017-09-13,15:30,Alianza Atlético,0.0,Universitario,2.0,780.0,Estadio Municipal Melanio Coloma Calderó...,Luis Garay Evia,,https://fbref.com/en/matches/0c0b8cf9/Alianza-Atletico-Universitario-September-13-2017-Torneo-Descentralizado
Liga 1 de Fútbol Profesional,M,PER,2017,1st,Torneo Clausura,3,Wed,2017-09-13,15:30,Comerciantes,0.0,Sport Rosario,1.0,893.0,Estadio Juan Maldonado Gamarra,Luis Seminario,,https://fbref.com/en/matches/762989e5/Comerciantes-Unidos-Sport-Rosario-September-13-2017-Torneo-Descentralizado
Liga 1 de Fútbol Profesional,M,PER,2017,1st,Torneo Clausura,3,Wed,2017-09-13,20:00,Alianza Lima,2.0,Melgar,1.0,6644.0,Estadio Alejandro Villanueva,Roberto Mauro,,https://fbref.com/en/matches/30b60cd6/Alianza-Lima-Melgar-September-13-2017-Torneo-Descentralizado
Liga 1 de Fútbol Profesional,M,PER,2017,1st,Torneo Clausura,3,Thu,2017-09-14,11:00,Sport Huancayo,2.0,UTC,0.0,1512.0,Estadio Huancayo,Michael Espinoza,,https://fbref.com/en/matches/4bc0131f/Sport-Huancayo-Universidad-Tecnica-de-Cajamarca-September-14-2017-Torneo-Descentralizado
Liga 1 de Fútbol Profesional,M,PER,2017,1st,Torneo Clausura,3,Thu,2017-09-14,13:15,Juan Aurich,2.0,Unión Comercio,1.0,568.0,Estadio Municipal de Guadalupe Carlos A....,Fernando Legario,,https://fbref.com/en/matches/b904a9b7/Juan-Aurich-Union-Comercio-September-14-2017-Torneo-Descentralizado
Liga 1 de Fútbol Profesional,M,PER,2017,1st,Torneo Clausura,3,Thu,2017-09-14,15:15,Dep Municipal,2.0,Cantolao,0.0,813.0,Estadio Iván Elías Moreno,John Cabrera,,https://fbref.com/en/matches/60076357/Deportivo-Municipal-Cantolao-September-14-2017-Torneo-Descentralizado
Liga 1 de Fútbol Profesional,M,PER,2017,1st,Torneo Clausura,4,Sat,2017-09-16,15:00,Sporting Cristal,0.0,Real Garcilaso,0.0,2489.0,Estadio Alberto Gallardo,Henry Gambetta,,https://fbref.com/en/matches/39a6b99a/Sporting-Cristal-Real-Garcilaso-September-16-2017-Torneo-Descentralizado
Liga 1 de Fútbol Profesional,M,PER,2017,1st,Torneo Clausura,4,Sat,2017-09-16,17:45,Sport Rosario,1.0,USMP,1.0,1949.0,Estadio Rosas Pampa,Kevin Ortega,,https://fbref.com/en/matches/27bd1ace/Sport-Rosario-Universidad-San-Martin-September-16-2017-Torneo-Descentralizado
Liga 1 de Fútbol Profesional,M,PER,2017,1st,Torneo Clausura,4,Sun,2017-09-17,11:00,Unión Comercio,2.0,Dep Municipal,2.0,300.0,Estadio Municipal de Nueva Cajamarca,Edwin Ordóñez,,https://fbref.com/en/matches/dbd7cc99/Union-Comercio-Deportivo-Municipal-September-17-2017-Torneo-Descentralizado
Liga 1 de Fútbol Profesional,M,PER,2017,1st,Torneo Clausura,4,Sun,2017-09-17,13:15,Ayacucho,1.0,Alianza Lima,2.0,6495.0,Estadio Ciudad de Cumaná,Ramón Blanco,,https://fbref.com/en/matches/185e6964/Ayacucho-Alianza-Lima-September-17-2017-Torneo-Descentralizado
Liga 1 de Fútbol Profesional,M,PER,2017,1st,Torneo Clausura,4,Sun,2017-09-17,15:30,Universitario,2.0,Juan Aurich,0.0,5569.0,Estadio Monumental,Jesús Cartagena,,https://fbref.com/en/matches/7fb154e6/Universitario-Juan-Aurich-September-17-2017-Torneo-Descentralizado
Liga 1 de Fútbol Profesional,M,PER,2017,1st,Torneo Clausura,4,Sun,2017-09-17,18:15,Cantolao,1.0,Sport Huancayo,1.0,744.0,Estadio Miguel Grau del Callao,Micke Palomino,,https://fbref.com/en/matches/8fb529de/Cantolao-Sport-Huancayo-September-17-2017-Torneo-Descentralizado
Liga 1 de Fútbol Profesional,M,PER,2017,1st,Torneo Clausura,4,Mon,2017-09-18,13:15,Melgar,2.0,Alianza Atlético,0.0,1740.0,Estadio de la Universidad Nacional San A...,Augusto Menéndez,,https://fbref.com/en/matches/56a9fd04/Melgar-Alianza-Atletico-September-18-2017-Torneo-Descentralizado
Liga 1 de Fútbol Profesional,M,PER,2017,1st,Torneo Clausura,4,Mon,2017-09-18,15:30,UTC,2.0,Comerciantes,0.0,2296.0,Estadio Héroes de San Ramón,Renzo Castañeda,,https://fbref.com/en/matches/bbe54c15/Universidad-Tecnica-de-Cajamarca-Comerciantes-Unidos-September-18-2017-Torneo-Descentralizado
Liga 1 de Fútbol Profesional,M,PER,2017,1st,Torneo Clausura,5,Fri,2017-09-22,13:15,USMP,0.0,UTC,2.0,256.0,Estadio Alberto Gallardo,Eduardo Chirinos,,https://fbref.com/en/matches/e71aad1f/Universidad-San-Martin-Universidad-Tecnica-de-Cajamarca-September-22-2017-Torneo-Descentralizado
Liga 1 de Fútbol Profesional,M,PER,2017,1st,Torneo Clausura,5,Fri,2017-09-22,15:30,Comerciantes,3.0,Cantolao,0.0,557.0,Estadio Juan Maldonado Gamarra,Iván Chang,,https://fbref.com/en/matches/dd069d6b/Comerciantes-Unidos-Cantolao-September-22-2017-Torneo-Descentralizado
Liga 1 de Fútbol Profesional,M,PER,2017,1st,Torneo Clausura,5,Sat,2017-09-23,12:30,Juan Aurich,1.0,Alianza Atlético,1.0,728.0,Estadio Municipal Francisco Mendoza Piza...,Víctor Carrillo,,https://fbref.com/en/matches/09dce2b6/Juan-Aurich-Alianza-Atletico-September-23-2017-Torneo-Descentralizado
Liga 1 de Fútbol Profesional,M,PER,2017,1st,Torneo Clausura,5,Sat,2017-09-23,15:00,Melgar,2.0,Ayacucho,0.0,2362.0,Estadio Mariano Melgar,Joel Alarcón,,https://fbref.com/en/matches/49e5c276/Melgar-Ayacucho-September-23-2017-Torneo-Descentralizado
Liga 1 de Fútbol Profesional,M,PER,2017,1st,Torneo Clausura,5,Sun,2017-09-24,11:15,Sport Huancayo,1.0,Unión Comercio,1.0,1895.0,Estadio Huancayo,José Martínez,,https://fbref.com/en/matches/fd3d5ce0/Sport-Huancayo-Union-Comercio-September-24-2017-Torneo-Descentralizado
Liga 1 de Fútbol Profesional,M,PER,2017,1st,Torneo Clausura,5,Sun,2017-09-24,13:15,Real Garcilaso,2.0,Sport Rosario,1.0,1719.0,Estadio Inca Garcilaso de la Vega,Jorge Panta,,https://fbref.com/en/matches/22af0348/Real-Garcilaso-Sport-Rosario-September-24-2017-Torneo-Descentralizado
Liga 1 de Fútbol Profesional,M,PER,2017,1st,Torneo Clausura,5,Sun,2017-09-24,15:30,Alianza Lima,2.0,Sporting Cristal,1.0,16796.0,Estadio Alejandro Villanueva,Luis Garay Evia,,https://fbref.com/en/matches/276476e1/Alianza-Lima-Sporting-Cristal-September-24-2017-Torneo-Descentralizado
Liga 1 de Fútbol Profesional,M,PER,2017,1st,Torneo Clausura,6,Wed,2017-09-27,11:00,Juan Aurich,2.0,Ayacucho,0.0,405.0,Estadio Municipal Francisco Mendoza Piza...,Diego Haro,,https://fbref.com/en/matches/f4a322c6/Juan-Aurich-Ayacucho-September-27-2017-Torneo-Descentralizado
Liga 1 de Fútbol Profesional,M,PER,2017,1st,Torneo Clausura,6,Wed,2017-09-27,13:15,Unión Comercio,3.0,Comerciantes,1.0,482.0,Estadio Municipal de Nueva Cajamarca,Hibert Villegas,,https://fbref.com/en/matches/35ca4df7/Union-Comercio-Comerciantes-Unidos-September-27-2017-Torneo-Descentralizado
Liga 1 de Fútbol Profesional,M,PER,2017,1st,Torneo Clausura,6,Thu,2017-09-28,20:00,Sport Rosario,0.0,Alianza Lima,1.0,14000.0,Estadio Rosas Pampa,Miguel Santiváñez,,https://fbref.com/en/matches/08577a55/Sport-Rosario-Alianza-Lima-September-28-2017-Torneo-Descentralizado
Liga 1 de Fútbol Profesional,M,PER,2017,1st,Torneo Clausura,7,Sat,2017-09-30,15:00,Dep Municipal,2.0,Juan Aurich,1.0,998.0,Estadio Iván Elías Moreno,Joel Alarcón,,https://fbref.com/en/matches/9798827c/Deportivo-Municipal-Juan-Aurich-September-30-2017-Torneo-Descentralizado
Liga 1 de Fútbol Profesional,M,PER,2017,1st,Torneo Clausura,7,Sun,2017-10-01,11:00,Real Garcilaso,1.0,Cantolao,0.0,1406.0,Estadio Inca Garcilaso de la Vega,Renzo Castañeda,,https://fbref.com/en/matches/fdbaaad7/Real-Garcilaso-Cantolao-October-1-2017-Torneo-Descentralizado
Liga 1 de Fútbol Profesional,M,PER,2017,1st,Torneo Clausura,7,Sun,2017-10-01,13:00,Ayacucho,5.0,Sporting Cristal,3.0,3635.0,Estadio Ciudad de Cumaná,Michael Espinoza,,https://fbref.com/en/matches/31ad79b7/Ayacucho-Sporting-Cristal-October-1-2017-Torneo-Descentralizado
Liga 1 de Fútbol Profesional,M,PER,2017,1st,Torneo Clausura,7,Sun,2017-10-01,13:30,Melgar,2.0,Sport Rosario,2.0,3122.0,Estadio Mariano Melgar,José Martínez,,https://fbref.com/en/matches/9d31ae6c/Melgar-Sport-Rosario-October-1-2017-Torneo-Descentralizado
Liga 1 de Fútbol Profesional,M,PER,2017,1st,Torneo Clausura,7,Mon,2017-10-02,13:15,USMP,2.0,Unión Comercio,0.0,283.0,Estadio Alberto Gallardo,Jorge Panta,,https://fbref.com/en/matches/a267a646/Universidad-San-Martin-Union-Comercio-October-2-2017-Torneo-Descentralizado
Liga 1 de Fútbol Profesional,M,PER,2017,1st,Torneo Clausura,7,Mon,2017-10-02,15:30,Sport Huancayo,1.0,Alianza Atlético,1.0,1366.0,Estadio Huancayo,Henry Gambetta,,https://fbref.com/en/matches/78f94828/Sport-Huancayo-Alianza-Atletico-October-2-2017-Torneo-Descentralizado
Liga 1 de Fútbol Profesional,M,PER,2017,1st,Torneo Clausura,6,Sat,2017-10-07,13:15,Alianza Atlético,1.0,Dep Municipal,1.0,,Estadio Municipal Melanio Coloma Calderó...,José Mendoza,,https://fbref.com/en/matches/0616771b/Alianza-Atletico-Deportivo-Municipal-October-7-2017-Torneo-Descentralizado
Liga 1 de Fútbol Profesional,M,PER,2017,1st,Torneo Clausura,8,Fri,2017-10-13,13:15,Unión Comercio,1.0,Real Garcilaso,2.0,218.0,Estadio Municipal de Nueva Cajamarca,Eduardo Chirinos,,https://fbref.com/en/matches/f2b0b172/Union-Comercio-Real-Garcilaso-October-13-2017-Torneo-Descentralizado
Liga 1 de Fútbol Profesional,M,PER,2017,1st,Torneo Clausura,8,Fri,2017-10-13,15:30,UTC,0.0,Melgar,0.0,1940.0,Estadio Héroes de San Ramón,Augusto Menéndez,,https://fbref.com/en/matches/453b95c1/Universidad-Tecnica-de-Cajamarca-Melgar-October-13-2017-Torneo-Descentralizado
Liga 1 de Fútbol Profesional,M,PER,2017,1st,Torneo Clausura,8,Sat,2017-10-14,12:30,Juan Aurich,3.0,Sport Huancayo,2.0,425.0,Estadio Municipal de Guadalupe Carlos A....,Luis Garay Evia,,https://fbref.com/en/matches/44dc4ff3/Juan-Aurich-Sport-Huancayo-October-14-2017-Torneo-Descentralizado
Liga 1 de Fútbol Profesional,M,PER,2017,1st,Torneo Clausura,8,Sat,2017-10-14,15:00,Dep Municipal,3.0,Sporting Cristal,2.0,1981.0,Estadio Iván Elías Moreno,Ramón Blanco,,https://fbref.com/en/matches/630c4435/Deportivo-Municipal-Sporting-Cristal-October-14-2017-Torneo-Descentralizado
Liga 1 de Fútbol Profesional,M,PER,2017,1st,Torneo Clausura,8,Sat,2017-10-14,17:45,Sport Rosario,3.0,Ayacucho,0.0,1124.0,Estadio Rosas Pampa,Fernando Legario,,https://fbref.com/en/matches/83e2c454/Sport-Rosario-Ayacucho-October-14-2017-Torneo-Descentralizado
Liga 1 de Fútbol Profesional,M,PER,2017,1st,Torneo Clausura,8,Sat,2017-10-14,20:00,Cantolao,1.0,Alianza Lima,1.0,3292.0,Estadio Miguel Grau del Callao,Jesús Cartagena,,https://fbref.com/en/matches/5b95a6f7/Cantolao-Alianza-Lima-October-14-2017-Torneo-Descentralizado
Liga 1 de Fútbol Profesional,M,PER,2017,1st,Torneo Clausura,8,Sun,2017-10-15,13:15,Alianza Atlético,3.0,Comerciantes,2.0,,Estadio Municipal Melanio Coloma Calderó...,Michael Espinoza,,https://fbref.com/en/matches/a040af71/Alianza-Atletico-Comerciantes-Unidos-October-15-2017-Torneo-Descentralizado
Liga 1 de Fútbol Profesional,M,PER,2017,1st,Torneo Clausura,8,Sun,2017-10-15,15:30,Universitario,2.0,USMP,1.0,5205.0,Estadio Monumental,Micke Palomino,,https://fbref.com/en/matches/345a285b/Universitario-Universidad-San-Martin-October-15-2017-Torneo-Descentralizado
Liga 1 de Fútbol Profesional,M,PER,2017,1st,Torneo Clausura,6,Tue,2017-10-17,15:30,UTC,2.0,Real Garcilaso,3.0,1886.0,Estadio Héroes de San Ramón,Kevin Ortega,,https://fbref.com/en/matches/a0116f29/Universidad-Tecnica-de-Cajamarca-Real-Garcilaso-October-17-2017-Torneo-Descentralizado
Liga 1 de Fútbol Profesional,M,PER,2017,1st,Torneo Clausura,6,Wed,2017-10-18,13:15,Cantolao,3.0,USMP,1.0,181.0,Estadio Miguel Grau del Callao,Edwin Ordóñez,,https://fbref.com/en/matches/9b8b2089/Cantolao-Universidad-San-Martin-October-18-2017-Torneo-Descentralizado
Liga 1 de Fútbol Profesional,M,PER,2017,1st,Torneo Clausura,6,Wed,2017-10-18,15:30,Sporting Cristal,1.0,Melgar,2.0,909.0,Estadio Alberto Gallardo,Renzo Castañeda,,https://fbref.com/en/matches/4cc91403/Sporting-Cristal-Melgar-October-18-2017-Torneo-Descentralizado
Liga 1 de Fútbol Profesional,M,PER,2017,1st,Torneo Clausura,6,Wed,2017-10-18,19:00,Universitario,2.0,Sport Huancayo,0.0,3694.0,Estadio Monumental,Luis Seminario,,https://fbref.com/en/matches/3ebcbe68/Universitario-Sport-Huancayo-October-18-2017-Torneo-Descentralizado
Liga 1 de Fútbol Profesional,M,PER,2017,1st,Torneo Clausura,9,Fri,2017-10-20,13:15,Ayacucho,2.0,UTC,2.0,858.0,Estadio Ciudad de Cumaná,Roberto Mauro,,https://fbref.com/en/matches/90037bd0/Ayacucho-Universidad-Tecnica-de-Cajamarca-October-20-2017-Torneo-Descentralizado
Liga 1 de Fútbol Profesional,M,PER,2017,1st,Torneo Clausura,9,Fri,2017-10-20,15:30,Comerciantes,3.0,Juan Aurich,2.0,,Estadio Juan Maldonado Gamarra,Henry Gambetta,,https://fbref.com/en/matches/7cdbf403/Comerciantes-Unidos-Juan-Aurich-October-20-2017-Torneo-Descentralizado
Liga 1 de Fútbol Profesional,M,PER,2017,1st,Torneo Clausura,9,Sat,2017-10-21,10:45,USMP,4.0,Alianza Atlético,1.0,,Estadio Alberto Gallardo,José Mendoza,,https://fbref.com/en/matches/71f01ede/Universidad-San-Martin-Alianza-Atletico-October-21-2017-Torneo-Descentralizado
Liga 1 de Fútbol Profesional,M,PER,2017,1st,Torneo Clausura,9,Sat,2017-10-21,13:00,Sporting Cristal,2.0,Sport Rosario,1.0,1007.0,Estadio Alberto Gallardo,Víctor Carrillo,,https://fbref.com/en/matches/775b9179/Sporting-Cristal-Sport-Rosario-October-21-2017-Torneo-Descentralizado
Liga 1 de Fútbol Profesional,M,PER,2017,1st,Torneo Clausura,9,Sat,2017-10-21,13:15,Sport Huancayo,3.0,Dep Municipal,0.0,1007.0,Estadio Huancayo,Miguel Santiváñez,,https://fbref.com/en/matches/7f864650/Sport-Huancayo-Deportivo-Municipal-October-21-2017-Torneo-Descentralizado
Liga 1 de Fútbol Profesional,M,PER,2017,1st,Torneo Clausura,9,Sat,2017-10-21,15:00,Melgar,5.0,Cantolao,0.0,2417.0,Estadio Mariano Melgar,Hibert Villegas,,https://fbref.com/en/matches/6276d842/Melgar-Cantolao-October-21-2017-Torneo-Descentralizado
Liga 1 de Fútbol Profesional,M,PER,2017,1st,Torneo Clausura,9,Sat,2017-10-21,15:00,Real Garcilaso,1.0,Universitario,2.0,9794.0,Estadio Inca Garcilaso de la Vega,Diego Haro,,https://fbref.com/en/matches/96e9eb2c/Real-Garcilaso-Universitario-October-21-2017-Torneo-Descentralizado
Liga 1 de Fútbol Profesional,M,PER,2017,1st,Torneo Clausura,9,Sat,2017-10-21,19:30,Alianza Lima,1.0,Unión Comercio,0.0,8827.0,Estadio Alejandro Villanueva,Iván Chang,,https://fbref.com/en/matches/03650cd5/Alianza-Lima-Union-Comercio-October-21-2017-Torneo-Descentralizado
Liga 1 de Fútbol Profesional,M,PER,2017,1st,Torneo Clausura,10,Tue,2017-10-24,13:15,Juan Aurich,0.0,USMP,0.0,,Estadio Municipal Francisco Mendoza Piza...,Miguel Santiváñez,,https://fbref.com/en/matches/6ce10978/Juan-Aurich-Universidad-San-Martin-October-24-2017-Torneo-Descentralizado
Liga 1 de Fútbol Profesional,M,PER,2017,1st,Torneo Clausura,10,Tue,2017-10-24,15:30,Dep Municipal,1.0,Comerciantes,0.0,360.0,Estadio Iván Elías Moreno,Fernando Legario,,https://fbref.com/en/matches/b290cf6c/Deportivo-Municipal-Comerciantes-Unidos-October-24-2017-Torneo-Descentralizado
Liga 1 de Fútbol Profesional,M,PER,2017,1st,Torneo Clausura,10,Tue,2017-10-24,17:45,Cantolao,0.0,Ayacucho,0.0,289.0,Estadio Miguel Grau del Callao,Víctor Carrillo,,https://fbref.com/en/matches/cf90ced3/Cantolao-Ayacucho-October-24-2017-Torneo-Descentralizado
Liga 1 de Fútbol Profesional,M,PER,2017,1st,Torneo Clausura,10,Wed,2017-10-25,13:15,Unión Comercio,0.0,Melgar,2.0,404.0,Estadio Municipal de Nueva Cajamarca,Luis Seminario,,https://fbref.com/en/matches/aba55af6/Union-Comercio-Melgar-October-25-2017-Torneo-Descentralizado
Liga 1 de Fútbol Profesional,M,PER,2017,1st,Torneo Clausura,10,Wed,2017-10-25,15:30,UTC,1.0,Sporting Cristal,0.0,3100.0,Estadio Héroes de San Ramón,Joel Alarcón,,https://fbref.com/en/matches/240d0ecc/Universidad-Tecnica-de-Cajamarca-Sporting-Cristal-October-25-2017-Torneo-Descentralizado
Liga 1 de Fútbol Profesional,M,PER,2017,1st,Torneo Clausura,10,Wed,2017-10-25,19:00,Universitario,2.0,Sport Rosario,1.0,5770.0,Estadio Monumental,Augusto Menéndez,,https://fbref.com/en/matches/07907cc5/Universitario-Sport-Rosario-October-25-2017-Torneo-Descentralizado
Liga 1 de Fútbol Profesional,M,PER,2017,1st,Torneo Clausura,10,Thu,2017-10-26,13:15,Alianza Atlético,3.0,Real Garcilaso,2.0,,Estadio Municipal Melanio Coloma Calderó...,Luis Garay Evia,,https://fbref.com/en/matches/588cf4e9/Alianza-Atletico-Real-Garcilaso-October-26-2017-Torneo-Descentralizado
Liga 1 de Fútbol Profesional,M,PER,2017,1st,Torneo Clausura,10,Thu,2017-10-26,15:30,Sport Huancayo,4.0,Alianza Lima,2.0,6952.0,Estadio Huancayo,Michael Espinoza,,https://fbref.com/en/matches/9a72ef7f/Sport-Huancayo-Alianza-Lima-October-26-2017-Torneo-Descentralizado
Liga 1 de Fútbol Profesional,M,PER,2017,1st,Torneo Clausura,11,Sat,2017-10-28,12:30,Ayacucho,0.0,Unión Comercio,1.0,1037.0,Estadio Ciudad de Cumaná,Ramón Blanco,,https://fbref.com/en/matches/7359da5b/Ayacucho-Union-Comercio-October-28-2017-Torneo-Descentralizado
Liga 1 de Fútbol Profesional,M,PER,2017,1st,Torneo Clausura,11,Sat,2017-10-28,12:45,Melgar,2.0,Universitario,0.0,8455.0,Estadio Mariano Melgar,Joel Alarcón,,https://fbref.com/en/matches/4be59687/Melgar-Universitario-October-28-2017-Torneo-Descentralizado
Liga 1 de Fútbol Profesional,M,PER,2017,1st,Torneo Clausura,11,Sat,2017-10-28,15:00,USMP,1.0,Dep Municipal,4.0,614.0,Estadio Alberto Gallardo,Kevin Ortega,,https://fbref.com/en/matches/940e543a/Universidad-San-Martin-Deportivo-Municipal-October-28-2017-Torneo-Descentralizado
Liga 1 de Fútbol Profesional,M,PER,2017,1st,Torneo Clausura,11,Sat,2017-10-28,17:45,Sport Rosario,2.0,UTC,1.0,,Estadio Rosas Pampa,Diego Jaimes,,https://fbref.com/en/matches/70db2127/Sport-Rosario-Universidad-Tecnica-de-Cajamarca-October-28-2017-Torneo-Descentralizado
Liga 1 de Fútbol Profesional,M,PER,2017,1st,Torneo Clausura,11,Sun,2017-10-29,11:00,Sporting Cristal,3.0,Cantolao,0.0,127.0,Estadio Alberto Gallardo,José Mendoza,,https://fbref.com/en/matches/2bdd661a/Sporting-Cristal-Cantolao-October-29-2017-Torneo-Descentralizado
Liga 1 de Fútbol Profesional,M,PER,2017,1st,Torneo Clausura,11,Sun,2017-10-29,13:15,Real Garcilaso,5.0,Juan Aurich,1.0,1696.0,Estadio Inca Garcilaso de la Vega,Víctor Carrillo,,https://fbref.com/en/matches/13e4587c/Real-Garcilaso-Juan-Aurich-October-29-2017-Torneo-Descentralizado
Liga 1 de Fútbol Profesional,M,PER,2017,1st,Torneo Clausura,11,Sun,2017-10-29,15:30,Alianza Lima,3.0,Alianza Atlético,0.0,8176.0,Estadio Alejandro Villanueva,Diego Haro,,https://fbref.com/en/matches/3bb88946/Alianza-Lima-Alianza-Atletico-October-29-2017-Torneo-Descentralizado
Liga 1 de Fútbol Profesional,M,PER,2017,1st,Torneo Clausura,11,Mon,2017-10-30,15:30,Comerciantes,2.0,Sport Huancayo,1.0,1874.0,Estadio Juan Maldonado Gamarra,Jorge Panta,,https://fbref.com/en/matches/ac24a851/Comerciantes-Unidos-Sport-Huancayo-October-30-2017-Torneo-Descentralizado
Liga 1 de Fútbol Profesional,M,PER,2017,1st,Torneo Clausura,7,Sun,2017-11-05,15:30,Comerciantes,1.0,Universitario,1.0,1874.0,Estadio Juan Maldonado Gamarra,Víctor Carrillo,,https://fbref.com/en/matches/873ef16d/Comerciantes-Unidos-Universitario-November-5-2017-Torneo-Descentralizado
Liga 1 de Fútbol Profesional,M,PER,2017,1st,Torneo Clausura,12,Fri,2017-11-17,13:15,Sport Huancayo,2.0,USMP,3.0,720.0,Estadio Huancayo,Yovany Quevedo Guerra,,https://fbref.com/en/matches/d23eaf16/Sport-Huancayo-Universidad-San-Martin-November-17-2017-Torneo-Descentralizado
Liga 1 de Fútbol Profesional,M,PER,2017,1st,Torneo Clausura,12,Sat,2017-11-18,15:00,Dep Municipal,0.0,Real Garcilaso,0.0,1246.0,Estadio Iván Elías Moreno,Miguel Santiváñez,,https://fbref.com/en/matches/c86c0e1b/Deportivo-Municipal-Real-Garcilaso-November-18-2017-Torneo-Descentralizado
Liga 1 de Fútbol Profesional,M,PER,2017,1st,Torneo Clausura,12,Sat,2017-11-18,17:45,Cantolao,1.0,Sport Rosario,1.0,802.0,Estadio Miguel Grau del Callao,Edwin Ordóñez,,https://fbref.com/en/matches/17a84fc5/Cantolao-Sport-Rosario-November-18-2017-Torneo-Descentralizado
Liga 1 de Fútbol Profesional,M,PER,2017,1st,Torneo Clausura,12,Sun,2017-11-19,11:00,Unión Comercio,1.0,UTC,0.0,779.0,Estadio Municipal de Nueva Cajamarca,Roberto Mauro,,https://fbref.com/en/matches/beba634d/Union-Comercio-Universidad-Tecnica-de-Cajamarca-November-19-2017-Torneo-Descentralizado
Liga 1 de Fútbol Profesional,M,PER,2017,1st,Torneo Clausura,12,Sun,2017-11-19,12:30,Alianza Atlético,0.0,Ayacucho,2.0,,Estadio Municipal Melanio Coloma Calderó...,Víctor Carrillo,,https://fbref.com/en/matches/7cfa8e56/Alianza-Atletico-Ayacucho-November-19-2017-Torneo-Descentralizado
Liga 1 de Fútbol Profesional,M,PER,2017,1st,Torneo Clausura,12,Sun,2017-11-19,13:15,Juan Aurich,2.0,Alianza Lima,0.0,3012.0,Estadio Municipal de Guadalupe Carlos A....,Luis Garay Evia,,https://fbref.com/en/matches/32e9bf1f/Juan-Aurich-Alianza-Lima-November-19-2017-Torneo-Descentralizado
Liga 1 de Fútbol Profesional,M,PER,2017,1st,Torneo Clausura,12,Sun,2017-11-19,15:30,Universitario,2.0,Sporting Cristal,2.0,19633.0,Estadio Monumental,Diego Haro,,https://fbref.com/en/matches/918b8605/Universitario-Sporting-Cristal-November-19-2017-Torneo-Descentralizado
Liga 1 de Fútbol Profesional,M,PER,2017,1st,Torneo Clausura,12,Mon,2017-11-20,15:30,Comerciantes,1.0,Melgar,1.0,,Estadio Juan Maldonado Gamarra,Renzo Castañeda,,https://fbref.com/en/matches/d5bfebd6/Comerciantes-Unidos-Melgar-November-20-2017-Torneo-Descentralizado
Liga 1 de Fútbol Profesional,M,PER,2017,1st,Torneo Clausura,7,Wed,2017-11-22,19:00,Alianza Lima,2.0,UTC,0.0,,Estadio Alejandro Villanueva,Eduardo Chirinos,,https://fbref.com/en/matches/ff7e824a/Alianza-Lima-Universidad-Tecnica-de-Cajamarca-November-22-2017-Torneo-Descentralizado
Liga 1 de Fútbol Profesional,M,PER,2017,1st,Torneo Clausura,5,Thu,2017-11-23,20:00,Dep Municipal,3.0,Universitario,5.0,100.0,Estadio Nacional,Micke Palomino,,https://fbref.com/en/matches/9d8ab904/Deportivo-Municipal-Universitario-November-23-2017-Torneo-Descentralizado
Liga 1 de Fútbol Profesional,M,PER,2017,1st,Torneo Clausura,13,Fri,2017-11-24,13:15,USMP,3.0,Comerciantes,2.0,246.0,Estadio Alberto Gallardo,Fernando Legario,,https://fbref.com/en/matches/9fd148c8/Universidad-San-Martin-Comerciantes-Unidos-November-24-2017-Torneo-Descentralizado
Liga 1 de Fútbol Profesional,M,PER,2017,1st,Torneo Clausura,13,Sat,2017-11-25,12:30,Real Garcilaso,0.0,Sport Huancayo,1.0,2004.0,Estadio Túpac Amaru,Eduardo Chirinos,,https://fbref.com/en/matches/1991a4dc/Real-Garcilaso-Sport-Huancayo-November-25-2017-Torneo-Descentralizado
Liga 1 de Fútbol Profesional,M,PER,2017,1st,Torneo Clausura,13,Sat,2017-11-25,15:00,Melgar,4.0,Juan Aurich,3.0,2995.0,Estadio de la Universidad Nacional San A...,Miguel Santiváñez,,https://fbref.com/en/matches/7f05aa58/Melgar-Juan-Aurich-November-25-2017-Torneo-Descentralizado
Liga 1 de Fútbol Profesional,M,PER,2017,1st,Torneo Clausura,13,Sat,2017-11-25,15:30,UTC,0.0,Cantolao,1.0,1215.0,Estadio Héroes de San Ramón,Renzo Castañeda,,https://fbref.com/en/matches/3df7661a/Universidad-Tecnica-de-Cajamarca-Cantolao-November-25-2017-Torneo-Descentralizado
Liga 1 de Fútbol Profesional,M,PER,2017,1st,Torneo Clausura,13,Sat,2017-11-25,17:45,Sport Rosario,0.0,Unión Comercio,0.0,1560.0,Estadio Rosas Pampa,Ramón Blanco,,https://fbref.com/en/matches/42b9fd9a/Sport-Rosario-Union-Comercio-November-25-2017-Torneo-Descentralizado
Liga 1 de Fútbol Profesional,M,PER,2017,1st,Torneo Clausura,13,Sun,2017-11-26,11:00,Sporting Cristal,4.0,Alianza Atlético,0.0,1571.0,Estadio Alberto Gallardo,Luis Seminario,,https://fbref.com/en/matches/5f263227/Sporting-Cristal-Alianza-Atletico-November-26-2017-Torneo-Descentralizado
Liga 1 de Fútbol Profesional,M,PER,2017,1st,Torneo Clausura,13,Sun,2017-11-26,13:15,Ayacucho,3.0,Universitario,3.0,6980.0,Estadio Ciudad de Cumaná,Michael Espinoza,,https://fbref.com/en/matches/45a5b507/Ayacucho-Universitario-November-26-2017-Torneo-Descentralizado
Liga 1 de Fútbol Profesional,M,PER,2017,1st,Torneo Clausura,13,Sun,2017-11-26,15:30,Alianza Lima,1.0,Dep Municipal,0.0,16416.0,Estadio Alejandro Villanueva,Henry Gambetta,,https://fbref.com/en/matches/247e92c9/Alianza-Lima-Deportivo-Municipal-November-26-2017-Torneo-Descentralizado
Liga 1 de Fútbol Profesional,M,PER,2017,1st,Torneo Clausura,14,Tue,2017-11-28,13:15,Unión Comercio,2.0,Cantolao,2.0,509.0,Estadio del IPD,José Martínez,,https://fbref.com/en/matches/2e395b47/Union-Comercio-Cantolao-November-28-2017-Torneo-Descentralizado
Liga 1 de Fútbol Profesional,M,PER,2017,1st,Torneo Clausura,14,Tue,2017-11-28,15:30,Comerciantes,2.0,Real Garcilaso,3.0,438.0,Estadio Juan Maldonado Gamarra,Henry Gambetta,,https://fbref.com/en/matches/30e5fc84/Comerciantes-Unidos-Real-Garcilaso-November-28-2017-Torneo-Descentralizado
Liga 1 de Fútbol Profesional,M,PER,2017,1st,Torneo Clausura,14,Wed,2017-11-29,13:15,Alianza Atlético,1.0,Sport Rosario,4.0,,Estadio Municipal Melanio Coloma Calderó...,Luis Garay Evia,,https://fbref.com/en/matches/b5476674/Alianza-Atletico-Sport-Rosario-November-29-2017-Torneo-Descentralizado
Liga 1 de Fútbol Profesional,M,PER,2017,1st,Torneo Clausura,14,Wed,2017-11-29,15:30,Dep Municipal,1.0,Melgar,1.0,856.0,Estadio Iván Elías Moreno,Michael Espinoza,,https://fbref.com/en/matches/46246390/Deportivo-Municipal-Melgar-November-29-2017-Torneo-Descentralizado
Liga 1 de Fútbol Profesional,M,PER,2017,1st,Torneo Clausura,14,Wed,2017-11-29,19:00,USMP,1.0,Alianza Lima,2.0,6291.0,Estadio Miguel Grau del Callao,José Mendoza,,https://fbref.com/en/matches/391276ed/Universidad-San-Martin-Alianza-Lima-November-29-2017-Torneo-Descentralizado
Liga 1 de Fútbol Profesional,M,PER,2017,1st,Torneo Clausura,14,Thu,2017-11-30,13:15,Juan Aurich,2.0,Sporting Cristal,1.0,746.0,Estadio Municipal Francisco Mendoza Piza...,Joel Alarcón,,https://fbref.com/en/matches/7af68641/Juan-Aurich-Sporting-Cristal-November-30-2017-Torneo-Descentralizado
Liga 1 de Fútbol Profesional,M,PER,2017,1st,Torneo Clausura,14,Thu,2017-11-30,15:30,Sport Huancayo,1.0,Ayacucho,1.0,1155.0,Estadio Huancayo,Miguel Santiváñez,,https://fbref.com/en/matches/9970550a/Sport-Huancayo-Ayacucho-November-30-2017-Torneo-Descentralizado
Liga 1 de Fútbol Profesional,M,PER,2017,1st,Torneo Clausura,14,Thu,2017-11-30,19:00,Universitario,3.0,UTC,1.0,3045.0,Estadio Monumental,Augusto Menéndez,,https://fbref.com/en/matches/905cef4c/Universitario-Universidad-Tecnica-de-Cajamarca-November-30-2017-Torneo-Descentralizado
Liga 1 de Fútbol Profesional,M,PER,2017,1st,Torneo Clausura,15,Sun,2017-12-03,15:00,Alianza Lima,2.0,Comerciantes,0.0,27183.0,Estadio Alejandro Villanueva,Roberto Mauro,,https://fbref.com/en/matches/14d621dd/Alianza-Lima-Comerciantes-Unidos-December-3-2017-Torneo-Descentralizado
Liga 1 de Fútbol Profesional,M,PER,2017,1st,Torneo Clausura,15,Sun,2017-12-03,15:00,Cantolao,1.0,Universitario,0.0,5163.0,Estadio Miguel Grau del Callao,Luis Seminario,,https://fbref.com/en/matches/19e96d35/Cantolao-Universitario-December-3-2017-Torneo-Descentralizado
Liga 1 de Fútbol Profesional,M,PER,2017,1st,Torneo Clausura,15,Sun,2017-12-03,15:00,Sport Rosario,2.0,Juan Aurich,0.0,2626.0,Estadio Rosas Pampa,Víctor Carrillo,,https://fbref.com/en/matches/4742cd99/Sport-Rosario-Juan-Aurich-December-3-2017-Torneo-Descentralizado
Liga 1 de Fútbol Profesional,M,PER,2017,1st,Torneo Clausura,15,Sun,2017-12-03,15:00,UTC,2.0,Alianza Atlético,0.0,771.0,Estadio Héroes de San Ramón,Diego Haro,,https://fbref.com/en/matches/4c893e18/Universidad-Tecnica-de-Cajamarca-Alianza-Atletico-December-3-2017-Torneo-Descentralizado
Liga 1 de Fútbol Profesional,M,PER,2017,1st,Torneo Clausura,15,Sun,2017-12-03,15:00,Sporting Cristal,2.0,Unión Comercio,0.0,1556.0,Estadio Alberto Gallardo,John Cabrera,,https://fbref.com/en/matches/b0a9923a/Sporting-Cristal-Union-Comercio-December-3-2017-Torneo-Descentralizado
Liga 1 de Fútbol Profesional,M,PER,2017,1st,Torneo Clausura,15,Sun,2017-12-03,15:00,Real Garcilaso,2.0,USMP,1.0,2131.0,Estadio Túpac Amaru,Ramón Blanco,,https://fbref.com/en/matches/e385a819/Real-Garcilaso-Universidad-San-Martin-December-3-2017-Torneo-Descentralizado
Liga 1 de Fútbol Profesional,M,PER,2017,1st,Torneo Clausura,15,Sun,2017-12-03,15:00,Ayacucho,1.0,Dep Municipal,1.0,1827.0,Estadio Ciudad de Cumaná,Jorge Panta,,https://fbref.com/en/matches/e6c03a11/Ayacucho-Deportivo-Municipal-December-3-2017-Torneo-Descentralizado
Liga 1 de Fútbol Profesional,M,PER,2017,1st,Torneo Clausura,15,Sun,2017-12-03,15:00,Melgar,4.0,Sport Huancayo,0.0,2795.0,Estadio de la Universidad Nacional San A...,Kevin Ortega,,https://fbref.com/en/matches/f99c5bb6/Melgar-Sport-Huancayo-December-3-2017-Torneo-Descentralizado
Liga 1 de Fútbol Profesional,M,PER,2018,1st,Torneo de Verano Regular Season,1,Fri,2018-02-02,20:00,UTC,0.0,Sporting Cristal,3.0,,Estadio Héroes de San Ramón,,Match awarded to Sporting Cristal,https://fbref.com/en/matches/e5a16513/Universidad-Tecnica-de-Cajamarca-Sporting-Cristal-February-2-2018-Torneo-Descentralizado
Liga 1 de Fútbol Profesional,M,PER,2018,1st,Torneo de Verano Regular Season,1,Sat,2018-02-03,15:30,Dep Municipal,1.0,Melgar,3.0,1734.0,Estadio Iván Elías Moreno,Augusto Menéndez,,https://fbref.com/en/matches/050e1b68/Deportivo-Municipal-Melgar-February-3-2018-Torneo-Descentralizado
Liga 1 de Fútbol Profesional,M,PER,2018,1st,Torneo de Verano Regular Season,1,Sat,2018-02-03,17:45,Binacional,0.0,Cantolao,2.0,1369.0,Estadio Mariano Melgar,José Mendoza,,https://fbref.com/en/matches/add5a52e/Binacional-Cantolao-February-3-2018-Torneo-Descentralizado
Liga 1 de Fútbol Profesional,M,PER,2018,1st,Torneo de Verano Regular Season,1,Sat,2018-02-03,20:00,Sport Boys,3.0,Real Garcilaso,1.0,5090.0,Estadio Miguel Grau del Callao,Renzo Castañeda,,https://fbref.com/en/matches/066e6a0f/Sport-Boys-Real-Garcilaso-February-3-2018-Torneo-Descentralizado
Liga 1 de Fútbol Profesional,M,PER,2018,1st,Torneo de Verano Regular Season,1,Sun,2018-02-04,13:30,USMP,4.0,Ayacucho,0.0,365.0,Estadio Miguel Grau del Callao,Eduardo Chirinos,,https://fbref.com/en/matches/5a8f9b58/Universidad-San-Martin-Ayacucho-February-4-2018-Torneo-Descentralizado
Liga 1 de Fútbol Profesional,M,PER,2018,1st,Torneo de Verano Regular Season,1,Sun,2018-02-04,16:00,Alianza Lima,1.0,Comerciantes,1.0,7285.0,Estadio Alejandro Villanueva,Micke Palomino,,https://fbref.com/en/matches/7374d766/Alianza-Lima-Comerciantes-Unidos-February-4-2018-Torneo-Descentralizado
Liga 1 de Fútbol Profesional,M,PER,2018,1st,Torneo de Verano Regular Season,1,Sun,2018-02-04,18:15,Sport Rosario,1.0,Universitario,1.0,6432.0,Estadio Rosas Pampa,Fernando Legario,,https://fbref.com/en/matches/c0345bf9/Sport-Rosario-Universitario-February-4-2018-Torneo-Descentralizado
Liga 1 de Fútbol Profesional,M,PER,2018,1st,Torneo de Verano Regular Season,1,Mon,2018-02-05,20:00,Sport Huancayo,3.0,Unión Comercio,2.0,3656.0,Estadio Huancayo,Kevin Ortega,,https://fbref.com/en/matches/567da934/Sport-Huancayo-Union-Comercio-February-5-2018-Torneo-Descentralizado
Liga 1 de Fútbol Profesional,M,PER,2018,1st,Torneo de Verano Regular Season,2,Fri,2018-02-09,15:00,Real Garcilaso,5.0,Dep Municipal,1.0,2587.0,Estadio Inca Garcilaso de la Vega,Luis Seminario,,https://fbref.com/en/matches/2df68784/Real-Garcilaso-Deportivo-Municipal-February-9-2018-Torneo-Descentralizado
Liga 1 de Fútbol Profesional,M,PER,2018,1st,Torneo de Verano Regular Season,2,Sat,2018-02-10,13:15,Cantolao,3.0,Sport Huancayo,0.0,377.0,Estadio Miguel Grau del Callao,Jesús Cartagena,,https://fbref.com/en/matches/8025238f/Cantolao-Sport-Huancayo-February-10-2018-Torneo-Descentralizado
Liga 1 de Fútbol Profesional,M,PER,2018,1st,Torneo de Verano Regular Season,2,Sat,2018-02-10,15:30,Ayacucho,1.0,Alianza Lima,2.0,3360.0,Estadio Manuel Eloy Molina Robles,Ramón Blanco,,https://fbref.com/en/matches/00156f4d/Ayacucho-Alianza-Lima-February-10-2018-Torneo-Descentralizado
Liga 1 de Fútbol Profesional,M,PER,2018,1st,Torneo de Verano Regular Season,2,Sat,2018-02-10,17:45,Universitario,0.0,UTC,1.0,5657.0,Estadio Monumental,José Martínez,,https://fbref.com/en/matches/63a7ce7b/Universitario-Universidad-Tecnica-de-Cajamarca-February-10-2018-Torneo-Descentralizado
Liga 1 de Fútbol Profesional,M,PER,2018,1st,Torneo de Verano Regular Season,2,Sat,2018-02-10,20:00,Melgar,2.0,Sport Boys,1.0,4871.0,Estadio de la Universidad Nacional San A...,Jorge Panta,,https://fbref.com/en/matches/28413df2/Melgar-Sport-Boys-February-10-2018-Torneo-Descentralizado
Liga 1 de Fútbol Profesional,M,PER,2018,1st,Torneo de Verano Regular Season,2,Sun,2018-02-11,13:30,Comerciantes,1.0,USMP,2.0,959.0,Estadio Municipal de Guadalupe Carlos A....,Romel López,,https://fbref.com/en/matches/a4aa5528/Comerciantes-Unidos-Universidad-San-Martin-February-11-2018-Torneo-Descentralizado
Liga 1 de Fútbol Profesional,M,PER,2018,1st,Torneo de Verano Regular Season,2,Sun,2018-02-11,16:00,Sporting Cristal,4.0,Sport Rosario,1.0,6199.0,Estadio Alberto Gallardo,Hibert Villegas,,https://fbref.com/en/matches/49ee12ed/Sporting-Cristal-Sport-Rosario-February-11-2018-Torneo-Descentralizado
Liga 1 de Fútbol Profesional,M,PER,2018,1st,Torneo de Verano Regular Season,2,Mon,2018-02-12,15:00,Unión Comercio,1.0,Binacional,2.0,786.0,Estadio del IPD,Diego Jaimes,,https://fbref.com/en/matches/79810682/Union-Comercio-Binacional-February-12-2018-Torneo-Descentralizado
Liga 1 de Fútbol Profesional,M,PER,2018,1st,Torneo de Verano Regular Season,3,Fri,2018-02-16,20:00,USMP,1.0,Universitario,1.0,6742.0,Estadio Monumental,Michael Espinoza,,https://fbref.com/en/matches/b88a06f0/Universidad-San-Martin-Universitario-February-16-2018-Torneo-Descentralizado
Liga 1 de Fútbol Profesional,M,PER,2018,1st,Torneo de Verano Regular Season,3,Sat,2018-02-17,13:15,Comerciantes,2.0,Ayacucho,1.0,525.0,Estadio Municipal de Guadalupe Carlos A....,Yovany Quevedo Guerra,,https://fbref.com/en/matches/e099a3f8/Comerciantes-Unidos-Ayacucho-February-17-2018-Torneo-Descentralizado
Liga 1 de Fútbol Profesional,M,PER,2018,1st,Torneo de Verano Regular Season,3,Sat,2018-02-17,15:30,Real Garcilaso,0.0,Melgar,0.0,5589.0,Estadio Inca Garcilaso de la Vega,Joel Alarcón,,https://fbref.com/en/matches/f93ad6bd/Real-Garcilaso-Melgar-February-17-2018-Torneo-Descentralizado
Liga 1 de Fútbol Profesional,M,PER,2018,1st,Torneo de Verano Regular Season,3,Sat,2018-02-17,17:45,Sport Rosario,4.0,UTC,0.0,2490.0,Estadio Rosas Pampa,Roberto Mauro,,https://fbref.com/en/matches/d414ffa9/Sport-Rosario-Universidad-Tecnica-de-Cajamarca-February-17-2018-Torneo-Descentralizado
Liga 1 de Fútbol Profesional,M,PER,2018,1st,Torneo de Verano Regular Season,3,Sat,2018-02-17,20:00,Sport Boys,1.0,Unión Comercio,0.0,5371.0,Estadio Miguel Grau del Callao,Víctor Carrillo,,https://fbref.com/en/matches/2878d69f/Sport-Boys-Union-Comercio-February-17-2018-Torneo-Descentralizado
Liga 1 de Fútbol Profesional,M,PER,2018,1st,Torneo de Verano Regular Season,3,Sun,2018-02-18,13:30,Dep Municipal,3.0,Cantolao,0.0,807.0,Estadio Miguel Grau del Callao,Miguel Santiváñez,,https://fbref.com/en/matches/2535c20b/Deportivo-Municipal-Cantolao-February-18-2018-Torneo-Descentralizado
Liga 1 de Fútbol Profesional,M,PER,2018,1st,Torneo de Verano Regular Season,3,Sun,2018-02-18,16:00,Alianza Lima,0.0,Sporting Cristal,2.0,17291.0,Estadio Alejandro Villanueva,Diego Haro,,https://fbref.com/en/matches/5692a366/Alianza-Lima-Sporting-Cristal-February-18-2018-Torneo-Descentralizado
Liga 1 de Fútbol Profesional,M,PER,2018,1st,Torneo de Verano Regular Season,3,Mon,2018-02-19,20:00,Binacional,2.0,Sport Huancayo,2.0,919.0,Estadio de la Universidad Nacional San A...,John Cabrera,,https://fbref.com/en/matches/ebf5d16f/Binacional-Sport-Huancayo-February-19-2018-Torneo-Descentralizado
Liga 1 de Fútbol Profesional,M,PER,2018,1st,Torneo de Verano Regular Season,4,Fri,2018-02-23,15:30,Ayacucho,2.0,Sport Rosario,0.0,755.0,Estadio Manuel Eloy Molina Robles,Gean Pierre Barbagelatta,,https://fbref.com/en/matches/ad526b40/Ayacucho-Sport-Rosario-February-23-2018-Torneo-Descentralizado
Liga 1 de Fútbol Profesional,M,PER,2018,1st,Torneo de Verano Regular Season,4,Fri,2018-02-23,20:00,Cantolao,2.0,Real Garcilaso,0.0,453.0,Estadio Miguel Grau del Callao,Micke Palomino,,https://fbref.com/en/matches/4c47e838/Cantolao-Real-Garcilaso-February-23-2018-Torneo-Descentralizado
Liga 1 de Fútbol Profesional,M,PER,2018,1st,Torneo de Verano Regular Season,4,Sat,2018-02-24,15:30,Unión Comercio,2.0,Dep Municipal,1.0,623.0,Estadio Municipal de Nueva Cajamarca,Jesús Cartagena,,https://fbref.com/en/matches/18610747/Union-Comercio-Deportivo-Municipal-February-24-2018-Torneo-Descentralizado
Liga 1 de Fútbol Profesional,M,PER,2018,1st,Torneo de Verano Regular Season,4,Sat,2018-02-24,17:45,Sport Huancayo,2.0,Sport Boys,0.0,3624.0,Estadio Huancayo,Hibert Villegas,,https://fbref.com/en/matches/65735182/Sport-Huancayo-Sport-Boys-February-24-2018-Torneo-Descentralizado
Liga 1 de Fútbol Profesional,M,PER,2018,1st,Torneo de Verano Regular Season,4,Sat,2018-02-24,20:00,Melgar,1.0,Binacional,1.0,5785.0,Estadio de la Universidad Nacional San A...,Edwin Ordóñez,,https://fbref.com/en/matches/8df00f3a/Melgar-Binacional-February-24-2018-Torneo-Descentralizado
Liga 1 de Fútbol Profesional,M,PER,2018,1st,Torneo de Verano Regular Season,4,Sun,2018-02-25,13:30,UTC,0.0,USMP,0.0,1072.0,Estadio Municipal de Guadalupe Carlos A....,David Huaman,,https://fbref.com/en/matches/d99e99e7/Universidad-Tecnica-de-Cajamarca-Universidad-San-Martin-February-25-2018-Torneo-Descentralizado
Liga 1 de Fútbol Profesional,M,PER,2018,1st,Torneo de Verano Regular Season,4,Sun,2018-02-25,16:00,Sporting Cristal,3.0,Comerciantes,0.0,4397.0,Estadio Alberto Gallardo,Kevin Ortega,,https://fbref.com/en/matches/69e0328a/Sporting-Cristal-Comerciantes-Unidos-February-25-2018-Torneo-Descentralizado
Liga 1 de Fútbol Profesional,M,PER,2018,1st,Torneo de Verano Regular Season,4,Sun,2018-02-25,18:15,Universitario,1.0,Alianza Lima,3.0,29280.0,Estadio Monumental,Augusto Menéndez,,https://fbref.com/en/matches/30c38ed2/Universitario-Alianza-Lima-February-25-2018-Torneo-Descentralizado
Liga 1 de Fútbol Profesional,M,PER,2018,1st,Torneo de Verano Regular Season,5,Tue,2018-02-27,20:00,Sport Boys,0.0,Binacional,1.0,3573.0,Estadio Miguel Grau del Callao,Eduardo Chirinos,,https://fbref.com/en/matches/4ca4680e/Sport-Boys-Binacional-February-27-2018-Torneo-Descentralizado
Liga 1 de Fútbol Profesional,M,PER,2018,1st,Torneo de Verano Regular Season,5,Wed,2018-02-28,13:15,USMP,4.0,Sport Rosario,0.0,317.0,Estadio Alberto Gallardo,José Mendoza,,https://fbref.com/en/matches/02c6e1b1/Universidad-San-Martin-Sport-Rosario-February-28-2018-Torneo-Descentralizado
Liga 1 de Fútbol Profesional,M,PER,2018,1st,Torneo de Verano Regular Season,5,Wed,2018-02-28,15:30,Comerciantes,0.0,Universitario,2.0,4264.0,Estadio Municipal de Guadalupe Carlos A....,Luis Seminario,,https://fbref.com/en/matches/d7a90432/Comerciantes-Unidos-Universitario-February-28-2018-Torneo-Descentralizado
Liga 1 de Fútbol Profesional,M,PER,2018,1st,Torneo de Verano Regular Season,5,Wed,2018-02-28,17:45,Dep Municipal,2.0,Sport Huancayo,3.0,400.0,Estadio Miguel Grau del Callao,Renzo Castañeda,,https://fbref.com/en/matches/44a99f33/Deportivo-Municipal-Sport-Huancayo-February-28-2018-Torneo-Descentralizado
Liga 1 de Fútbol Profesional,M,PER,2018,1st,Torneo de Verano Regular Season,5,Wed,2018-02-28,20:00,Melgar,0.0,Cantolao,0.0,3338.0,Estadio de la Universidad Nacional San A...,Jesús Cartagena,,https://fbref.com/en/matches/3dbe8cb8/Melgar-Cantolao-February-28-2018-Torneo-Descentralizado
Liga 1 de Fútbol Profesional,M,PER,2018,1st,Torneo de Verano Regular Season,5,Thu,2018-03-01,15:30,Ayacucho,5.0,Sporting Cristal,3.0,2010.0,Estadio Manuel Eloy Molina Robles,Miguel Santiváñez,,https://fbref.com/en/matches/94c1f578/Ayacucho-Sporting-Cristal-March-1-2018-Torneo-Descentralizado
Liga 1 de Fútbol Profesional,M,PER,2018,1st,Torneo de Verano Regular Season,6,Sat,2018-03-03,15:30,USMP,1.0,Sporting Cristal,5.0,1688.0,Estadio Alberto Gallardo,Hibert Villegas,,https://fbref.com/en/matches/631909ed/Universidad-San-Martin-Sporting-Cristal-March-3-2018-Torneo-Descentralizado
Liga 1 de Fútbol Profesional,M,PER,2018,1st,Torneo de Verano Regular Season,6,Sat,2018-03-03,17:45,Sport Huancayo,3.0,Real Garcilaso,1.0,2301.0,Estadio Huancayo,Iván Chang,,https://fbref.com/en/matches/bcd278da/Sport-Huancayo-Real-Garcilaso-March-3-2018-Torneo-Descentralizado
Liga 1 de Fútbol Profesional,M,PER,2018,1st,Torneo de Verano Regular Season,6,Sat,2018-03-03,20:00,Sport Boys,1.0,Cantolao,1.0,3259.0,Estadio Miguel Grau del Callao,Joel Alarcón,,https://fbref.com/en/matches/77c48e4f/Sport-Boys-Cantolao-March-3-2018-Torneo-Descentralizado
Liga 1 de Fútbol Profesional,M,PER,2018,1st,Torneo de Verano Regular Season,6,Sun,2018-03-04,13:30,UTC,1.0,Comerciantes,3.0,504.0,Estadio Municipal de Guadalupe Carlos A....,Augusto Menéndez,,https://fbref.com/en/matches/24bd1e19/Universidad-Tecnica-de-Cajamarca-Comerciantes-Unidos-March-4-2018-Torneo-Descentralizado
Liga 1 de Fútbol Profesional,M,PER,2018,1st,Torneo de Verano Regular Season,6,Sun,2018-03-04,16:00,Universitario,1.0,Ayacucho,1.0,5722.0,Estadio Monumental,Diego Haro,,https://fbref.com/en/matches/78f69d4f/Universitario-Ayacucho-March-4-2018-Torneo-Descentralizado
Liga 1 de Fútbol Profesional,M,PER,2018,1st,Torneo de Verano Regular Season,6,Sun,2018-03-04,18:15,Sport Rosario,1.0,Alianza Lima,1.0,8245.0,Estadio Rosas Pampa,Jorge Panta,,https://fbref.com/en/matches/c4a87ea9/Sport-Rosario-Alianza-Lima-March-4-2018-Torneo-Descentralizado
Liga 1 de Fútbol Profesional,M,PER,2018,1st,Torneo de Verano Regular Season,6,Mon,2018-03-05,15:30,Unión Comercio,1.0,Melgar,1.0,689.0,Estadio Municipal de Nueva Cajamarca,Kevin Ortega,,https://fbref.com/en/matches/2fe3f0ba/Union-Comercio-Melgar-March-5-2018-Torneo-Descentralizado
Liga 1 de Fútbol Profesional,M,PER,2018,1st,Torneo de Verano Regular Season,6,Mon,2018-03-05,20:00,Binacional,0.0,Dep Municipal,0.0,916.0,Estadio de la Universidad Nacional San A...,Luis Garay Evia,,https://fbref.com/en/matches/52c3bfd0/Binacional-Deportivo-Municipal-March-5-2018-Torneo-Descentralizado
Liga 1 de Fútbol Profesional,M,PER,2018,1st,Torneo de Verano Regular Season,7,Fri,2018-03-09,20:00,Alianza Lima,0.0,USMP,0.0,5856.0,Estadio Alejandro Villanueva,Jesús Cartagena,,https://fbref.com/en/matches/3b804b77/Alianza-Lima-Universidad-San-Martin-March-9-2018-Torneo-Descentralizado
Liga 1 de Fútbol Profesional,M,PER,2018,1st,Torneo de Verano Regular Season,7,Sat,2018-03-10,17:45,Real Garcilaso,1.0,Binacional,0.0,2870.0,Estadio Inca Garcilaso de la Vega,David Huaman,,https://fbref.com/en/matches/40ba4412/Real-Garcilaso-Binacional-March-10-2018-Torneo-Descentralizado
Liga 1 de Fútbol Profesional,M,PER,2018,1st,Torneo de Verano Regular Season,7,Sat,2018-03-10,20:00,Dep Municipal,3.0,Sport Boys,2.0,2648.0,Estadio Miguel Grau del Callao,Edwin Ordóñez,,https://fbref.com/en/matches/aae93770/Deportivo-Municipal-Sport-Boys-March-10-2018-Torneo-Descentralizado
Liga 1 de Fútbol Profesional,M,PER,2018,1st,Torneo de Verano Regular Season,7,Sun,2018-03-11,13:30,Cantolao,1.0,Unión Comercio,0.0,425.0,Estadio Miguel Grau del Callao,Diego Jaimes,,https://fbref.com/en/matches/6d631e46/Cantolao-Union-Comercio-March-11-2018-Torneo-Descentralizado
Liga 1 de Fútbol Profesional,M,PER,2018,1st,Torneo de Verano Regular Season,7,Sun,2018-03-11,16:00,Sporting Cristal,1.0,Universitario,1.0,19899.0,Estadio Nacional,Michael Espinoza,,https://fbref.com/en/matches/2bec042d/Sporting-Cristal-Universitario-March-11-2018-Torneo-Descentralizado
Liga 1 de Fútbol Profesional,M,PER,2018,1st,Torneo de Verano Regular Season,8,Tue,2018-03-13,13:15,Comerciantes,3.0,Alianza Lima,0.0,4797.0,Estadio Municipal de Guadalupe Carlos A....,Kevin Ortega,,https://fbref.com/en/matches/b452b12c/Comerciantes-Unidos-Alianza-Lima-March-13-2018-Torneo-Descentralizado
Liga 1 de Fútbol Profesional,M,PER,2018,1st,Torneo de Verano Regular Season,8,Tue,2018-03-13,15:30,Ayacucho,1.0,USMP,1.0,100.0,Estadio Ciudad de Cumaná,Augusto Menéndez,,https://fbref.com/en/matches/4d7fcf03/Ayacucho-Universidad-San-Martin-March-13-2018-Torneo-Descentralizado
Liga 1 de Fútbol Profesional,M,PER,2018,1st,Torneo de Verano Regular Season,8,Tue,2018-03-13,20:00,Melgar,2.0,Dep Municipal,0.0,3528.0,Estadio de la Universidad Nacional San A...,José Mendoza,,https://fbref.com/en/matches/cb90f2e4/Melgar-Deportivo-Municipal-March-13-2018-Torneo-Descentralizado
Liga 1 de Fútbol Profesional,M,PER,2018,1st,Torneo de Verano Regular Season,8,Wed,2018-03-14,15:30,Sporting Cristal,2.0,UTC,2.0,1421.0,Estadio Alberto Gallardo,Fernando Legario,,https://fbref.com/en/matches/2a80eeb2/Sporting-Cristal-Universidad-Tecnica-de-Cajamarca-March-14-2018-Torneo-Descentralizado
Liga 1 de Fútbol Profesional,M,PER,2018,1st,Torneo de Verano Regular Season,8,Wed,2018-03-14,20:00,Universitario,1.0,Sport Rosario,2.0,3465.0,Estadio Monumental,Renzo Castañeda,,https://fbref.com/en/matches/cc5edc0d/Universitario-Sport-Rosario-March-14-2018-Torneo-Descentralizado
Liga 1 de Fútbol Profesional,M,PER,2018,1st,Torneo de Verano Regular Season,8,Thu,2018-03-15,15:30,Unión Comercio,1.0,Sport Huancayo,4.0,410.0,Estadio Municipal de Nueva Cajamarca,Yovany Quevedo Guerra,,https://fbref.com/en/matches/e090321d/Union-Comercio-Sport-Huancayo-March-15-2018-Torneo-Descentralizado
Liga 1 de Fútbol Profesional,M,PER,2018,1st,Torneo de Verano Regular Season,8,Thu,2018-03-15,20:00,Cantolao,0.0,Binacional,0.0,311.0,Estadio Miguel Grau del Callao,Eduardo Chirinos,,https://fbref.com/en/matches/9e658b82/Cantolao-Binacional-March-15-2018-Torneo-Descentralizado
Liga 1 de Fútbol Profesional,M,PER,2018,1st,Torneo de Verano Regular Season,7,Sun,2018-03-18,15:30,Melgar,2.0,Sport Huancayo,1.0,5380.0,Estadio de la Universidad Nacional San A...,Miguel Santiváñez,,https://fbref.com/en/matches/e4bf8e85/Melgar-Sport-Huancayo-March-18-2018-Torneo-Descentralizado
Liga 1 de Fútbol Profesional,M,PER,2018,1st,Torneo de Verano Regular Season,5,Tue,2018-03-20,20:00,Real Garcilaso,5.0,Unión Comercio,2.0,1837.0,Estadio Inca Garcilaso de la Vega,Diego Haro,,https://fbref.com/en/matches/1e377613/Real-Garcilaso-Union-Comercio-March-20-2018-Torneo-Descentralizado
Liga 1 de Fútbol Profesional,M,PER,2018,1st,Torneo de Verano Regular Season,5,Wed,2018-03-21,20:00,Alianza Lima,1.0,UTC,1.0,6090.0,Estadio Alejandro Villanueva,Iván Chang,,https://fbref.com/en/matches/8d278e77/Alianza-Lima-Universidad-Tecnica-de-Cajamarca-March-21-2018-Torneo-Descentralizado
Liga 1 de Fútbol Profesional,M,PER,2018,1st,Torneo de Verano Regular Season,7,Sat,2018-03-24,15:30,Ayacucho,2.0,UTC,1.0,100.0,Estadio Manuel Eloy Molina Robles,Luis Garay Evia,,https://fbref.com/en/matches/a128450f/Ayacucho-Universidad-Tecnica-de-Cajamarca-March-24-2018-Torneo-Descentralizado
Liga 1 de Fútbol Profesional,M,PER,2018,1st,Torneo de Verano Regular Season,7,Sun,2018-03-25,13:00,Comerciantes,2.0,Sport Rosario,4.0,247.0,Estadio Municipal de Guadalupe Carlos A....,Wilmer Villanueva,,https://fbref.com/en/matches/2440d78c/Comerciantes-Unidos-Sport-Rosario-March-25-2018-Torneo-Descentralizado
Liga 1 de Fútbol Profesional,M,PER,2018,1st,Torneo de Verano Regular Season,8,Sun,2018-03-25,15:30,Real Garcilaso,2.0,Sport Boys,0.0,2964.0,Estadio Inca Garcilaso de la Vega,Víctor Carrillo,,https://fbref.com/en/matches/2146161c/Real-Garcilaso-Sport-Boys-March-25-2018-Torneo-Descentralizado
Liga 1 de Fútbol Profesional,M,PER,2018,1st,Torneo de Verano Regular Season,9,Fri,2018-03-30,17:45,Binacional,3.0,Unión Comercio,0.0,983.0,Estadio de la Universidad Nacional San A...,José Martínez,,https://fbref.com/en/matches/af2d416d/Binacional-Union-Comercio-March-30-2018-Torneo-Descentralizado
Liga 1 de Fútbol Profesional,M,PER,2018,1st,Torneo de Verano Regular Season,9,Fri,2018-03-30,20:00,Alianza Lima,3.0,Ayacucho,1.0,6936.0,Estadio Alejandro Villanueva,Ramón Blanco,,https://fbref.com/en/matches/668fd31d/Alianza-Lima-Ayacucho-March-30-2018-Torneo-Descentralizado
Liga 1 de Fútbol Profesional,M,PER,2018,1st,Torneo de Verano Regular Season,9,Sat,2018-03-31,15:30,USMP,1.0,Comerciantes,1.0,323.0,Estadio Alberto Gallardo,Micke Palomino,,https://fbref.com/en/matches/f98e2344/Universidad-San-Martin-Comerciantes-Unidos-March-31-2018-Torneo-Descentralizado
Liga 1 de Fútbol Profesional,M,PER,2018,1st,Torneo de Verano Regular Season,9,Sat,2018-03-31,17:45,Sport Rosario,0.0,Sporting Cristal,1.0,5994.0,Estadio Rosas Pampa,Víctor Carrillo,,https://fbref.com/en/matches/eb3562a9/Sport-Rosario-Sporting-Cristal-March-31-2018-Torneo-Descentralizado
Liga 1 de Fútbol Profesional,M,PER,2018,1st,Torneo de Verano Regular Season,9,Sat,2018-03-31,20:00,Sport Boys,1.0,Melgar,1.0,1822.0,Estadio Miguel Grau del Callao,Augusto Menéndez,,https://fbref.com/en/matches/e77aff13/Sport-Boys-Melgar-March-31-2018-Torneo-Descentralizado
Liga 1 de Fútbol Profesional,M,PER,2018,1st,Torneo de Verano Regular Season,9,Sun,2018-04-01,13:30,Dep Municipal,3.0,Real Garcilaso,0.0,635.0,Estadio Miguel Grau del Callao,Miguel Santiváñez,,https://fbref.com/en/matches/30d407b2/Deportivo-Municipal-Real-Garcilaso-April-1-2018-Torneo-Descentralizado
Liga 1 de Fútbol Profesional,M,PER,2018,1st,Torneo de Verano Regular Season,9,Sun,2018-04-01,15:30,UTC,0.0,Universitario,0.0,4921.0,Estadio Municipal Germán Contreras Jara,Edwin Ordóñez,,https://fbref.com/en/matches/90e1c755/Universidad-Tecnica-de-Cajamarca-Universitario-April-1-2018-Torneo-Descentralizado
Liga 1 de Fútbol Profesional,M,PER,2018,1st,Torneo de Verano Regular Season,9,Mon,2018-04-02,20:00,Sport Huancayo,2.0,Cantolao,1.0,2301.0,Estadio Huancayo,Michael Espinoza,,https://fbref.com/en/matches/6bb68297/Sport-Huancayo-Cantolao-April-2-2018-Torneo-Descentralizado
Liga 1 de Fútbol Profesional,M,PER,2018,1st,Torneo de Verano Regular Season,10,Fri,2018-04-06,15:30,Ayacucho,2.0,Comerciantes,3.0,100.0,Estadio Huancayo,Luis Garay Evia,,https://fbref.com/en/matches/a5a2ad14/Ayacucho-Comerciantes-Unidos-April-6-2018-Torneo-Descentralizado
Liga 1 de Fútbol Profesional,M,PER,2018,1st,Torneo de Verano Regular Season,10,Fri,2018-04-06,15:30,UTC,1.0,Sport Rosario,0.0,786.0,Estadio Huancayo,John Cabrera,,https://fbref.com/en/matches/c198b43b/Universidad-Tecnica-de-Cajamarca-Sport-Rosario-April-6-2018-Torneo-Descentralizado
Liga 1 de Fútbol Profesional,M,PER,2018,1st,Torneo de Verano Regular Season,10,Fri,2018-04-06,20:00,Cantolao,1.0,Dep Municipal,1.0,559.0,Estadio Miguel Grau del Callao,Iván Chang,,https://fbref.com/en/matches/400fc2be/Cantolao-Deportivo-Municipal-April-6-2018-Torneo-Descentralizado
Liga 1 de Fútbol Profesional,M,PER,2018,1st,Torneo de Verano Regular Season,10,Sat,2018-04-07,15:30,Unión Comercio,1.0,Sport Boys,1.0,411.0,Estadio Municipal de Nueva Cajamarca,Diego Haro,,https://fbref.com/en/matches/ab56c34a/Union-Comercio-Sport-Boys-April-7-2018-Torneo-Descentralizado
Liga 1 de Fútbol Profesional,M,PER,2018,1st,Torneo de Verano Regular Season,10,Sat,2018-04-07,17:45,Melgar,1.0,Real Garcilaso,2.0,5009.0,Estadio de la Universidad Nacional San A...,Joel Alarcón,,https://fbref.com/en/matches/8b3b4632/Melgar-Real-Garcilaso-April-7-2018-Torneo-Descentralizado
Liga 1 de Fútbol Profesional,M,PER,2018,1st,Torneo de Verano Regular Season,10,Sat,2018-04-07,20:00,Sporting Cristal,3.0,Alianza Lima,0.0,12563.0,Estadio Nacional,Michael Espinoza,,https://fbref.com/en/matches/7f8ed10a/Sporting-Cristal-Alianza-Lima-April-7-2018-Torneo-Descentralizado
Liga 1 de Fútbol Profesional,M,PER,2018,1st,Torneo de Verano Regular Season,10,Sun,2018-04-08,16:00,Universitario,2.0,USMP,2.0,1741.0,Estadio Monumental,Víctor Carrillo,,https://fbref.com/en/matches/8094a77a/Universitario-Universidad-San-Martin-April-8-2018-Torneo-Descentralizado
Liga 1 de Fútbol Profesional,M,PER,2018,1st,Torneo de Verano Regular Season,10,Mon,2018-04-09,20:00,Sport Huancayo,2.0,Binacional,2.0,1904.0,Estadio Huancayo,Luis Seminario,,https://fbref.com/en/matches/95ae4677/Sport-Huancayo-Binacional-April-9-2018-Torneo-Descentralizado
Liga 1 de Fútbol Profesional,M,PER,2018,1st,Torneo de Verano Regular Season,11,Tue,2018-04-10,17:45,Real Garcilaso,1.0,Cantolao,0.0,1558.0,Estadio Inca Garcilaso de la Vega,Hibert Villegas,,https://fbref.com/en/matches/68978e20/Real-Garcilaso-Cantolao-April-10-2018-Torneo-Descentralizado
Liga 1 de Fútbol Profesional,M,PER,2018,1st,Torneo de Verano Regular Season,11,Tue,2018-04-10,20:00,Dep Municipal,2.0,Unión Comercio,1.0,332.0,Estadio Miguel Grau del Callao,Kevin Ortega,,https://fbref.com/en/matches/18bfee4a/Deportivo-Municipal-Union-Comercio-April-10-2018-Torneo-Descentralizado
Liga 1 de Fútbol Profesional,M,PER,2018,1st,Torneo de Verano Regular Season,11,Wed,2018-04-11,13:15,USMP,2.0,UTC,2.0,279.0,Estadio Alberto Gallardo,Eduardo Chirinos,,https://fbref.com/en/matches/93ebc4ad/Universidad-San-Martin-Universidad-Tecnica-de-Cajamarca-April-11-2018-Torneo-Descentralizado
Liga 1 de Fútbol Profesional,M,PER,2018,1st,Torneo de Verano Regular Season,11,Wed,2018-04-11,15:30,Comerciantes,1.0,Sporting Cristal,3.0,1804.0,Estadio Municipal de Guadalupe Carlos A....,Miguel Santiváñez,,https://fbref.com/en/matches/52920649/Comerciantes-Unidos-Sporting-Cristal-April-11-2018-Torneo-Descentralizado
Liga 1 de Fútbol Profesional,M,PER,2018,1st,Torneo de Verano Regular Season,11,Wed,2018-04-11,17:30,Sport Rosario,5.0,Ayacucho,1.0,1419.0,Estadio Rosas Pampa,Gean Pierre Barbagelatta,,https://fbref.com/en/matches/6c06a5f3/Sport-Rosario-Ayacucho-April-11-2018-Torneo-Descentralizado
Liga 1 de Fútbol Profesional,M,PER,2018,1st,Torneo de Verano Regular Season,11,Wed,2018-04-11,20:00,Alianza Lima,2.0,Universitario,0.0,14045.0,Estadio Alejandro Villanueva,Diego Haro,,https://fbref.com/en/matches/516e3295/Alianza-Lima-Universitario-April-11-2018-Torneo-Descentralizado
Liga 1 de Fútbol Profesional,M,PER,2018,1st,Torneo de Verano Regular Season,11,Thu,2018-04-12,17:45,Binacional,2.0,Melgar,2.0,2927.0,Estadio de la Universidad Nacional San A...,Fernando Legario,,https://fbref.com/en/matches/9420fb77/Binacional-Melgar-April-12-2018-Torneo-Descentralizado
Liga 1 de Fútbol Profesional,M,PER,2018,1st,Torneo de Verano Regular Season,11,Thu,2018-04-12,20:00,Sport Boys,2.0,Sport Huancayo,1.0,1894.0,Estadio Miguel Grau del Callao,Renzo Castañeda,,https://fbref.com/en/matches/7ac13196/Sport-Boys-Sport-Huancayo-April-12-2018-Torneo-Descentralizado
Liga 1 de Fútbol Profesional,M,PER,2018,1st,Torneo de Verano Regular Season,12,Sat,2018-04-14,15:30,Unión Comercio,2.0,Real Garcilaso,2.0,395.0,Estadio Municipal de Nueva Cajamarca,José Mendoza,,https://fbref.com/en/matches/ad5e1055/Union-Comercio-Real-Garcilaso-April-14-2018-Torneo-Descentralizado
Liga 1 de Fútbol Profesional,M,PER,2018,1st,Torneo de Verano Regular Season,12,Sat,2018-04-14,17:45,Sport Rosario,1.0,USMP,0.0,2187.0,Estadio Rosas Pampa,Augusto Menéndez,,https://fbref.com/en/matches/ad14cd49/Sport-Rosario-Universidad-San-Martin-April-14-2018-Torneo-Descentralizado
Liga 1 de Fútbol Profesional,M,PER,2018,1st,Torneo de Verano Regular Season,12,Sun,2018-04-15,11:15,Sporting Cristal,5.0,Ayacucho,0.0,3915.0,Estadio Alberto Gallardo,Jesús Cartagena,,https://fbref.com/en/matches/6e517545/Sporting-Cristal-Ayacucho-April-15-2018-Torneo-Descentralizado
Liga 1 de Fútbol Profesional,M,PER,2018,1st,Torneo de Verano Regular Season,12,Sun,2018-04-15,13:30,Cantolao,1.0,Melgar,2.0,451.0,Estadio Miguel Grau del Callao,Edwin Ordóñez,,https://fbref.com/en/matches/5e40d6bc/Cantolao-Melgar-April-15-2018-Torneo-Descentralizado
Liga 1 de Fútbol Profesional,M,PER,2018,1st,Torneo de Verano Regular Season,12,Sun,2018-04-15,16:00,Universitario,1.0,Comerciantes,0.0,3945.0,Estadio Monumental,Jorge Panta,,https://fbref.com/en/matches/65913ab0/Universitario-Comerciantes-Unidos-April-15-2018-Torneo-Descentralizado
Liga 1 de Fútbol Profesional,M,PER,2018,1st,Torneo de Verano Regular Season,12,Mon,2018-04-16,15:30,UTC,1.0,Alianza Lima,0.0,3054.0,Estadio Municipal Germán Contreras Jara,Luis Garay Evia,,https://fbref.com/en/matches/37deac72/Universidad-Tecnica-de-Cajamarca-Alianza-Lima-April-16-2018-Torneo-Descentralizado
Liga 1 de Fútbol Profesional,M,PER,2018,1st,Torneo de Verano Regular Season,12,Mon,2018-04-16,17:45,Sport Huancayo,2.0,Dep Municipal,1.0,2307.0,Estadio Huancayo,David Huaman,,https://fbref.com/en/matches/ec6c890e/Sport-Huancayo-Deportivo-Municipal-April-16-2018-Torneo-Descentralizado
Liga 1 de Fútbol Profesional,M,PER,2018,1st,Torneo de Verano Regular Season,12,Mon,2018-04-16,20:00,Binacional,2.0,Sport Boys,1.0,743.0,Estadio de la Universidad Nacional San A...,Yovany Quevedo Guerra,,https://fbref.com/en/matches/e80e2078/Binacional-Sport-Boys-April-16-2018-Torneo-Descentralizado
Liga 1 de Fútbol Profesional,M,PER,2018,1st,Torneo de Verano Regular Season,13,Fri,2018-04-20,15:30,Ayacucho,4.0,Universitario,2.0,2228.0,Estadio Manuel Eloy Molina Robles,Wilmer Villanueva,,https://fbref.com/en/matches/510fe74a/Ayacucho-Universitario-April-20-2018-Torneo-Descentralizado
Liga 1 de Fútbol Profesional,M,PER,2018,1st,Torneo de Verano Regular Season,13,Fri,2018-04-20,17:45,Real Garcilaso,0.0,Sport Huancayo,3.0,2573.0,Estadio Huancayo,Michael Espinoza,,https://fbref.com/en/matches/6cd3beaf/Real-Garcilaso-Sport-Huancayo-April-20-2018-Torneo-Descentralizado
Liga 1 de Fútbol Profesional,M,PER,2018,1st,Torneo de Verano Regular Season,13,Fri,2018-04-20,20:00,Dep Municipal,4.0,Binacional,0.0,392.0,Estadio Miguel Grau del Callao,Giuliano Rodríguez,,https://fbref.com/en/matches/b85db57f/Deportivo-Municipal-Binacional-April-20-2018-Torneo-Descentralizado
Liga 1 de Fútbol Profesional,M,PER,2018,1st,Torneo de Verano Regular Season,13,Sat,2018-04-21,15:30,Sporting Cristal,4.0,USMP,1.0,2562.0,Estadio Alberto Gallardo,Luis Garay Evia,,https://fbref.com/en/matches/3495da4e/Sporting-Cristal-Universidad-San-Martin-April-21-2018-Torneo-Descentralizado
Liga 1 de Fútbol Profesional,M,PER,2018,1st,Torneo de Verano Regular Season,13,Sat,2018-04-21,17:45,Melgar,2.0,Unión Comercio,1.0,4123.0,Estadio de la Universidad Nacional San A...,José Martínez,,https://fbref.com/en/matches/ae4c2d1a/Melgar-Union-Comercio-April-21-2018-Torneo-Descentralizado
Liga 1 de Fútbol Profesional,M,PER,2018,1st,Torneo de Verano Regular Season,13,Sat,2018-04-21,20:00,Cantolao,2.0,Sport Boys,2.0,1444.0,Estadio Miguel Grau del Callao,Micke Palomino,,https://fbref.com/en/matches/daa9ae67/Cantolao-Sport-Boys-April-21-2018-Torneo-Descentralizado
Liga 1 de Fútbol Profesional,M,PER,2018,1st,Torneo de Verano Regular Season,13,Sun,2018-04-22,13:30,Comerciantes,1.0,UTC,2.0,208.0,Estadio Municipal de Guadalupe Carlos A....,Romel López,,https://fbref.com/en/matches/a4e00b00/Comerciantes-Unidos-Universidad-Tecnica-de-Cajamarca-April-22-2018-Torneo-Descentralizado
Liga 1 de Fútbol Profesional,M,PER,2018,1st,Torneo de Verano Regular Season,13,Sun,2018-04-22,16:00,Alianza Lima,3.0,Sport Rosario,1.0,4887.0,Estadio Alejandro Villanueva,Luis Seminario,,https://fbref.com/en/matches/df91168c/Alianza-Lima-Sport-Rosario-April-22-2018-Torneo-Descentralizado
Liga 1 de Fútbol Profesional,M,PER,2018,1st,Torneo de Verano Regular Season,14,Sat,2018-04-28,15:30,Binacional,3.0,Real Garcilaso,1.0,692.0,Estadio de la Universidad Nacional San A...,Hibert Villegas,,https://fbref.com/en/matches/1818b9ef/Binacional-Real-Garcilaso-April-28-2018-Torneo-Descentralizado
Liga 1 de Fútbol Profesional,M,PER,2018,1st,Torneo de Verano Regular Season,14,Sat,2018-04-28,15:30,Unión Comercio,1.0,Cantolao,0.0,416.0,Estadio Municipal de Nueva Cajamarca,Eduardo Chirinos,,https://fbref.com/en/matches/24dece8a/Union-Comercio-Cantolao-April-28-2018-Torneo-Descentralizado
Liga 1 de Fútbol Profesional,M,PER,2018,1st,Torneo de Verano Regular Season,14,Sat,2018-04-28,15:30,Sport Huancayo,1.0,Melgar,1.0,7019.0,Estadio Huancayo,Micke Palomino,,https://fbref.com/en/matches/94a0678f/Sport-Huancayo-Melgar-April-28-2018-Torneo-Descentralizado
Liga 1 de Fútbol Profesional,M,PER,2018,1st,Torneo de Verano Regular Season,14,Sat,2018-04-28,20:00,Sport Boys,0.0,Dep Municipal,2.0,1949.0,Estadio Miguel Grau del Callao,Fernando Legario,,https://fbref.com/en/matches/33d5e63d/Sport-Boys-Deportivo-Municipal-April-28-2018-Torneo-Descentralizado
Liga 1 de Fútbol Profesional,M,PER,2018,1st,Torneo de Verano Regular Season,14,Sun,2018-04-29,13:15,USMP,1.0,Alianza Lima,0.0,1082.0,Estadio Miguel Grau del Callao,Víctor Carrillo,,https://fbref.com/en/matches/1486b532/Universidad-San-Martin-Alianza-Lima-April-29-2018-Torneo-Descentralizado
Liga 1 de Fútbol Profesional,M,PER,2018,1st,Torneo de Verano Regular Season,14,Sun,2018-04-29,15:30,UTC,2.0,Ayacucho,1.0,880.0,Estadio Municipal Germán Contreras Jara,Jonathan Zamora,,https://fbref.com/en/matches/444d7b89/Universidad-Tecnica-de-Cajamarca-Ayacucho-April-29-2018-Torneo-Descentralizado
Liga 1 de Fútbol Profesional,M,PER,2018,1st,Torneo de Verano Regular Season,14,Sun,2018-04-29,15:30,Universitario,3.0,Sporting Cristal,3.0,14145.0,Estadio Monumental,Kevin Ortega,,https://fbref.com/en/matches/7d9de40f/Universitario-Sporting-Cristal-April-29-2018-Torneo-Descentralizado
Liga 1 de Fútbol Profesional,M,PER,2018,1st,Torneo de Verano Regular Season,14,Sun,2018-04-29,17:45,Sport Rosario,3.0,Comerciantes,0.0,1922.0,Estadio Rosas Pampa,Wilfredo Blas,,https://fbref.com/en/matches/456a2d49/Sport-Rosario-Comerciantes-Unidos-April-29-2018-Torneo-Descentralizado
Liga 1 de Fútbol Profesional,M,PER,2018,1st,Torneo de Verano Finals,,Sun,2018-05-06,15:30,Sport Huancayo,1.0,Sporting Cristal,1.0,8352.0,Estadio Huancayo,Michael Espinoza,Leg 1 of 2,https://fbref.com/en/matches/d4af7822/Sport-Huancayo-Sporting-Cristal-May-6-2018-Torneo-Descentralizado
Liga 1 de Fútbol Profesional,M,PER,2018,1st,Torneo de Verano Finals,,Sat,2018-05-12,20:15,Sporting Cristal,1.0,Sport Huancayo,0.0,19936.0,Estadio Nacional,Diego Haro,Leg 2 of 2; Sporting Cristal won,https://fbref.com/en/matches/9fa0c303/Sporting-Cristal-Sport-Huancayo-May-12-2018-Torneo-Descentralizado
Liga 1 de Fútbol Profesional,M,PER,2018,1st,Torneo Apertura,1,Fri,2018-05-18,15:00,Ayacucho,3.0,Comerciantes,0.0,705.0,Estadio Manuel Eloy Molina Robles,Giuliano Rodríguez,Match awarded to Ayacucho,https://fbref.com/en/matches/e069fd40/Ayacucho-Comerciantes-Unidos-May-18-2018-Torneo-Descentralizado
Liga 1 de Fútbol Profesional,M,PER,2018,1st,Torneo Apertura,1,Fri,2018-05-18,20:00,Sport Huancayo,1.0,Real Garcilaso,1.0,1268.0,Estadio Huancayo,Joel Alarcón,,https://fbref.com/en/matches/d34446c4/Sport-Huancayo-Real-Garcilaso-May-18-2018-Torneo-Descentralizado
Liga 1 de Fútbol Profesional,M,PER,2018,1st,Torneo Apertura,1,Sat,2018-05-19,13:00,Binacional,0.0,Dep Municipal,0.0,2325.0,Estadio 25 de Noviembre,Augusto Menéndez,,https://fbref.com/en/matches/67912ab6/Binacional-Deportivo-Municipal-May-19-2018-Torneo-Descentralizado
Liga 1 de Fútbol Profesional,M,PER,2018,1st,Torneo Apertura,1,Sat,2018-05-19,15:30,Unión Comercio,2.0,Cantolao,0.0,353.0,Estadio Municipal de Nueva Cajamarca,José Martínez,,https://fbref.com/en/matches/ddd05398/Union-Comercio-Cantolao-May-19-2018-Torneo-Descentralizado
Liga 1 de Fútbol Profesional,M,PER,2018,1st,Torneo Apertura,1,Sat,2018-05-19,17:45,Sport Rosario,3.0,Alianza Lima,2.0,5361.0,Estadio Rosas Pampa,Luis Garay Evia,,https://fbref.com/en/matches/be955889/Sport-Rosario-Alianza-Lima-May-19-2018-Torneo-Descentralizado
Liga 1 de Fútbol Profesional,M,PER,2018,1st,Torneo Apertura,1,Sat,2018-05-19,20:00,Sport Boys,1.0,Sporting Cristal,1.0,2787.0,Estadio Miguel Grau del Callao,Víctor Carrillo,,https://fbref.com/en/matches/5c6f3bb8/Sport-Boys-Sporting-Cristal-May-19-2018-Torneo-Descentralizado
Liga 1 de Fútbol Profesional,M,PER,2018,1st,Torneo Apertura,1,Sun,2018-05-20,13:30,USMP,0.0,UTC,0.0,282.0,Estadio Alberto Gallardo,Edwin Ordóñez,,https://fbref.com/en/matches/3810b3b5/Universidad-San-Martin-Universidad-Tecnica-de-Cajamarca-May-20-2018-Torneo-Descentralizado
Liga 1 de Fútbol Profesional,M,PER,2018,1st,Torneo Apertura,1,Sun,2018-05-20,16:00,Universitario,1.0,Melgar,1.0,5371.0,Estadio Monumental,Miguel Santiváñez,,https://fbref.com/en/matches/bc756c89/Universitario-Melgar-May-20-2018-Torneo-Descentralizado
Liga 1 de Fútbol Profesional,M,PER,2018,1st,Torneo Apertura,2,Fri,2018-05-25,20:00,Melgar,3.0,Ayacucho,0.0,5371.0,Estadio de la Universidad Nacional San A...,José Mendoza,,https://fbref.com/en/matches/1f9eec1f/Melgar-Ayacucho-May-25-2018-Torneo-Descentralizado
Liga 1 de Fútbol Profesional,M,PER,2018,1st,Torneo Apertura,2,Sat,2018-05-26,13:00,Comerciantes,0.0,Sport Huancayo,3.0,206.0,Estadio Municipal de Guadalupe Carlos A....,Jesús Cartagena,,https://fbref.com/en/matches/1e825db2/Comerciantes-Unidos-Sport-Huancayo-May-26-2018-Torneo-Descentralizado
Liga 1 de Fútbol Profesional,M,PER,2018,1st,Torneo Apertura,2,Sat,2018-05-26,15:30,UTC,1.0,Universitario,1.0,1102.0,Estadio Municipal Germán Contreras Jara,Michael Espinoza,,https://fbref.com/en/matches/c76bf119/Universidad-Tecnica-de-Cajamarca-Universitario-May-26-2018-Torneo-Descentralizado
Liga 1 de Fútbol Profesional,M,PER,2018,1st,Torneo Apertura,2,Sat,2018-05-26,17:45,Dep Municipal,4.0,Sport Rosario,0.0,501.0,Estadio Miguel Grau del Callao,Hibert Villegas,,https://fbref.com/en/matches/f90809fa/Deportivo-Municipal-Sport-Rosario-May-26-2018-Torneo-Descentralizado
Liga 1 de Fútbol Profesional,M,PER,2018,1st,Torneo Apertura,2,Sun,2018-05-27,11:15,Sporting Cristal,4.0,Unión Comercio,0.0,3112.0,Estadio Alberto Gallardo,Iván Chang,,https://fbref.com/en/matches/c7511e2c/Sporting-Cristal-Union-Comercio-May-27-2018-Torneo-Descentralizado
Liga 1 de Fútbol Profesional,M,PER,2018,1st,Torneo Apertura,2,Sun,2018-05-27,13:30,Cantolao,1.0,USMP,1.0,353.0,Estadio Miguel Grau del Callao,Ramón Blanco,,https://fbref.com/en/matches/a8b3ea3b/Cantolao-Universidad-San-Martin-May-27-2018-Torneo-Descentralizado
Liga 1 de Fútbol Profesional,M,PER,2018,1st,Torneo Apertura,2,Sun,2018-05-27,16:00,Alianza Lima,1.0,Sport Boys,0.0,8077.0,Estadio Alejandro Villanueva,Diego Haro,,https://fbref.com/en/matches/e34f358c/Alianza-Lima-Sport-Boys-May-27-2018-Torneo-Descentralizado
Liga 1 de Fútbol Profesional,M,PER,2018,1st,Torneo Apertura,2,Sun,2018-05-27,18:15,Real Garcilaso,1.0,Binacional,0.0,1344.0,Estadio Inca Garcilaso de la Vega,Kevin Ortega,,https://fbref.com/en/matches/c14eb39e/Real-Garcilaso-Binacional-May-27-2018-Torneo-Descentralizado
Liga 1 de Fútbol Profesional,M,PER,2018,1st,Torneo Apertura,3,Tue,2018-05-29,15:00,Ayacucho,2.0,UTC,3.0,687.0,Estadio Manuel Eloy Molina Robles,Wilfredo Blas,,https://fbref.com/en/matches/940fec78/Ayacucho-Universidad-Tecnica-de-Cajamarca-May-29-2018-Torneo-Descentralizado
Liga 1 de Fútbol Profesional,M,PER,2018,1st,Torneo Apertura,3,Wed,2018-05-30,13:00,Binacional,1.0,Comerciantes,0.0,974.0,Estadio 25 de Noviembre,Wilmer Villanueva,,https://fbref.com/en/matches/f85bb3fe/Binacional-Comerciantes-Unidos-May-30-2018-Torneo-Descentralizado
Liga 1 de Fútbol Profesional,M,PER,2018,1st,Torneo Apertura,3,Wed,2018-05-30,15:30,Unión Comercio,0.0,USMP,0.0,287.0,Estadio Municipal de Nueva Cajamarca,Fernando Legario,,https://fbref.com/en/matches/26867fb1/Union-Comercio-Universidad-San-Martin-May-30-2018-Torneo-Descentralizado
Liga 1 de Fútbol Profesional,M,PER,2018,1st,Torneo Apertura,3,Wed,2018-05-30,17:30,Sport Huancayo,0.0,Melgar,2.0,1251.0,Estadio Huancayo,Luis Seminario,,https://fbref.com/en/matches/a18f3108/Sport-Huancayo-Melgar-May-30-2018-Torneo-Descentralizado
Liga 1 de Fútbol Profesional,M,PER,2018,1st,Torneo Apertura,3,Wed,2018-05-30,20:00,Sporting Cristal,1.0,Alianza Lima,2.0,3582.0,Estadio Nacional,Joel Alarcón,,https://fbref.com/en/matches/cfa5b04a/Sporting-Cristal-Alianza-Lima-May-30-2018-Torneo-Descentralizado
Liga 1 de Fútbol Profesional,M,PER,2018,1st,Torneo Apertura,3,Thu,2018-05-31,20:00,Universitario,2.0,Cantolao,2.0,2062.0,Estadio Monumental,Víctor Carrillo,,https://fbref.com/en/matches/17bce504/Universitario-Cantolao-May-31-2018-Torneo-Descentralizado
Liga 1 de Fútbol Profesional,M,PER,2018,1st,Torneo Apertura,4,Sat,2018-06-02,13:00,Comerciantes,0.0,Sport Rosario,0.0,101.0,Estadio Municipal de Guadalupe Carlos A....,David Huaman,,https://fbref.com/en/matches/67023cdc/Comerciantes-Unidos-Sport-Rosario-June-2-2018-Torneo-Descentralizado
Liga 1 de Fútbol Profesional,M,PER,2018,1st,Torneo Apertura,4,Sat,2018-06-02,15:30,UTC,2.0,Sport Huancayo,0.0,861.0,Estadio Miguel Grau del Callao,John Cabrera,,https://fbref.com/en/matches/02c57009/Universidad-Tecnica-de-Cajamarca-Sport-Huancayo-June-2-2018-Torneo-Descentralizado
Liga 1 de Fútbol Profesional,M,PER,2018,1st,Torneo Apertura,4,Sat,2018-06-02,15:30,Dep Municipal,0.0,Sporting Cristal,1.0,1204.0,Estadio Miguel Grau del Callao,José Martínez,,https://fbref.com/en/matches/c7dd0ab1/Deportivo-Municipal-Sporting-Cristal-June-2-2018-Torneo-Descentralizado
Liga 1 de Fútbol Profesional,M,PER,2018,1st,Torneo Apertura,4,Sat,2018-06-02,17:45,Melgar,2.0,Binacional,1.0,3426.0,Estadio de la Universidad Nacional San A...,Luis Garay Evia,,https://fbref.com/en/matches/c236bb09/Melgar-Binacional-June-2-2018-Torneo-Descentralizado
Liga 1 de Fútbol Profesional,M,PER,2018,1st,Torneo Apertura,4,Sat,2018-06-02,20:00,Alianza Lima,2.0,Unión Comercio,0.0,4744.0,Estadio Alejandro Villanueva,Eduardo Chirinos,,https://fbref.com/en/matches/32fad93d/Alianza-Lima-Union-Comercio-June-2-2018-Torneo-Descentralizado
Liga 1 de Fútbol Profesional,M,PER,2018,1st,Torneo Apertura,4,Sun,2018-06-03,13:30,Cantolao,3.0,Ayacucho,2.0,292.0,Estadio Miguel Grau del Callao,Jesús Cartagena,,https://fbref.com/en/matches/b7c5e5d4/Cantolao-Ayacucho-June-3-2018-Torneo-Descentralizado
Liga 1 de Fútbol Profesional,M,PER,2018,1st,Torneo Apertura,4,Sun,2018-06-03,16:00,USMP,2.0,Universitario,2.0,2596.0,Estadio Nacional,Kevin Ortega,,https://fbref.com/en/matches/2135c5e9/Universidad-San-Martin-Universitario-June-3-2018-Torneo-Descentralizado
Liga 1 de Fútbol Profesional,M,PER,2018,1st,Torneo Apertura,4,Sun,2018-06-03,18:15,Real Garcilaso,3.0,Sport Boys,2.0,1523.0,Estadio Inca Garcilaso de la Vega,Iván Chang,,https://fbref.com/en/matches/e8822d9e/Real-Garcilaso-Sport-Boys-June-3-2018-Torneo-Descentralizado
Liga 1 de Fútbol Profesional,M,PER,2018,1st,Torneo Apertura,5,Tue,2018-06-05,15:30,Binacional,1.0,UTC,0.0,1079.0,Estadio 25 de Noviembre,Edwin Carranza,,https://fbref.com/en/matches/ee1d4690/Binacional-Universidad-Tecnica-de-Cajamarca-June-5-2018-Torneo-Descentralizado
Liga 1 de Fútbol Profesional,M,PER,2018,1st,Torneo Apertura,5,Tue,2018-06-05,20:00,Alianza Lima,3.0,Dep Municipal,1.0,5514.0,Estadio Alejandro Villanueva,Víctor Carrillo,,https://fbref.com/en/matches/59e864c7/Alianza-Lima-Deportivo-Municipal-June-5-2018-Torneo-Descentralizado
Liga 1 de Fútbol Profesional,M,PER,2018,1st,Torneo Apertura,5,Wed,2018-06-06,13:00,Sporting Cristal,5.0,Real Garcilaso,1.0,974.0,Estadio Alberto Gallardo,Diego Haro,,https://fbref.com/en/matches/67f082fa/Sporting-Cristal-Real-Garcilaso-June-6-2018-Torneo-Descentralizado
Liga 1 de Fútbol Profesional,M,PER,2018,1st,Torneo Apertura,5,Wed,2018-06-06,15:30,Unión Comercio,2.0,Universitario,0.0,1030.0,Estadio Municipal de Nueva Cajamarca,Ramón Blanco,,https://fbref.com/en/matches/56aa8d14/Union-Comercio-Universitario-June-6-2018-Torneo-Descentralizado
Liga 1 de Fútbol Profesional,M,PER,2018,1st,Torneo Apertura,5,Wed,2018-06-06,17:45,Sport Rosario,2.0,Melgar,1.0,1640.0,Estadio Rosas Pampa,Joel Alarcón,,https://fbref.com/en/matches/78919170/Sport-Rosario-Melgar-June-6-2018-Torneo-Descentralizado
Liga 1 de Fútbol Profesional,M,PER,2018,1st,Torneo Apertura,5,Wed,2018-06-06,20:00,Sport Boys,2.0,Comerciantes,1.0,1831.0,Estadio Miguel Grau del Callao,Hibert Villegas,,https://fbref.com/en/matches/c9c2c277/Sport-Boys-Comerciantes-Unidos-June-6-2018-Torneo-Descentralizado
Liga 1 de Fútbol Profesional,M,PER,2018,1st,Torneo Apertura,5,Thu,2018-06-07,15:30,Ayacucho,1.0,USMP,1.0,687.0,Estadio Manuel Eloy Molina Robles,Micke Palomino,,https://fbref.com/en/matches/ce5a9b7c/Ayacucho-Universidad-San-Martin-June-7-2018-Torneo-Descentralizado
Liga 1 de Fútbol Profesional,M,PER,2018,1st,Torneo Apertura,5,Thu,2018-06-07,17:45,Sport Huancayo,3.0,Cantolao,0.0,842.0,Estadio Huancayo,Augusto Menéndez,,https://fbref.com/en/matches/31949beb/Sport-Huancayo-Cantolao-June-7-2018-Torneo-Descentralizado
Liga 1 de Fútbol Profesional,M,PER,2018,1st,Torneo Apertura,6,Sat,2018-06-09,15:30,UTC,1.0,Sport Rosario,1.0,508.0,Estadio Municipal Germán Contreras Jara,Jorge Panta,,https://fbref.com/en/matches/918660e2/Universidad-Tecnica-de-Cajamarca-Sport-Rosario-June-9-2018-Torneo-Descentralizado
Liga 1 de Fútbol Profesional,M,PER,2018,1st,Torneo Apertura,6,Sat,2018-06-09,15:30,Comerciantes,1.0,Sporting Cristal,1.0,333.0,Estadio Municipal de Guadalupe Carlos A....,Miguel Santiváñez,,https://fbref.com/en/matches/d78f02db/Comerciantes-Unidos-Sporting-Cristal-June-9-2018-Torneo-Descentralizado
Liga 1 de Fútbol Profesional,M,PER,2018,1st,Torneo Apertura,6,Sat,2018-06-09,17:45,Dep Municipal,3.0,Unión Comercio,0.0,341.0,Estadio Miguel Grau del Callao,Luis Seminario,,https://fbref.com/en/matches/6c803f5d/Deportivo-Municipal-Union-Comercio-June-9-2018-Torneo-Descentralizado
Liga 1 de Fútbol Profesional,M,PER,2018,1st,Torneo Apertura,6,Sat,2018-06-09,20:00,Real Garcilaso,2.0,Alianza Lima,0.0,2626.0,Estadio Inca Garcilaso de la Vega,Joel Alarcón,,https://fbref.com/en/matches/2e6e5780/Real-Garcilaso-Alianza-Lima-June-9-2018-Torneo-Descentralizado
Liga 1 de Fútbol Profesional,M,PER,2018,1st,Torneo Apertura,6,Sun,2018-06-10,11:15,USMP,0.0,Sport Huancayo,0.0,234.0,Estadio Alberto Gallardo,José Mendoza,,https://fbref.com/en/matches/1052f64b/Universidad-San-Martin-Sport-Huancayo-June-10-2018-Torneo-Descentralizado
Liga 1 de Fútbol Profesional,M,PER,2018,1st,Torneo Apertura,6,Sun,2018-06-10,13:30,Cantolao,3.0,Binacional,1.0,317.0,Estadio Miguel Grau del Callao,Fernando Legario,,https://fbref.com/en/matches/08324730/Cantolao-Binacional-June-10-2018-Torneo-Descentralizado
Liga 1 de Fútbol Profesional,M,PER,2018,1st,Torneo Apertura,6,Sun,2018-06-10,16:00,Universitario,1.0,Ayacucho,1.0,4074.0,Estadio Monumental,Diego Haro,,https://fbref.com/en/matches/af8b7d8b/Universitario-Ayacucho-June-10-2018-Torneo-Descentralizado
Liga 1 de Fútbol Profesional,M,PER,2018,1st,Torneo Apertura,6,Sun,2018-06-10,18:15,Melgar,2.0,Sport Boys,2.0,2985.0,Estadio de la Universidad Nacional San A...,Augusto Menéndez,,https://fbref.com/en/matches/fcdd23b9/Melgar-Sport-Boys-June-10-2018-Torneo-Descentralizado
Liga 1 de Fútbol Profesional,M,PER,2018,1st,Torneo Apertura,3,Wed,2018-06-13,17:30,Sport Rosario,2.0,Real Garcilaso,1.0,1495.0,Estadio Rosas Pampa,Gean Pierre Barbagelatta,,https://fbref.com/en/matches/d5f548e1/Sport-Rosario-Real-Garcilaso-June-13-2018-Torneo-Descentralizado
Liga 1 de Fútbol Profesional,M,PER,2018,1st,Torneo Apertura,3,Sun,2018-07-15,15:30,Sport Boys,1.0,Dep Municipal,1.0,1970.0,Estadio Miguel Grau del Callao,Augusto Menéndez,,https://fbref.com/en/matches/9da26f5d/Sport-Boys-Deportivo-Municipal-July-15-2018-Torneo-Descentralizado
Liga 1 de Fútbol Profesional,M,PER,2018,1st,Torneo Apertura,7,Fri,2018-07-20,20:00,Sport Boys,1.0,UTC,1.0,1556.0,Estadio Miguel Grau del Callao,Diego Haro,,https://fbref.com/en/matches/876fbd3b/Sport-Boys-Universidad-Tecnica-de-Cajamarca-July-20-2018-Torneo-Descentralizado
Liga 1 de Fútbol Profesional,M,PER,2018,1st,Torneo Apertura,7,Sat,2018-07-21,13:00,Binacional,2.0,USMP,0.0,880.0,Estadio 25 de Noviembre,Gean Pierre Barbagelatta,,https://fbref.com/en/matches/fd4597d1/Binacional-Universidad-San-Martin-July-21-2018-Torneo-Descentralizado
Liga 1 de Fútbol Profesional,M,PER,2018,1st,Torneo Apertura,7,Sat,2018-07-21,15:30,Ayacucho,1.0,Unión Comercio,1.0,603.0,Estadio Manuel Eloy Molina Robles,Renzo Castañeda,,https://fbref.com/en/matches/ae3a484d/Ayacucho-Union-Comercio-July-21-2018-Torneo-Descentralizado
Liga 1 de Fútbol Profesional,M,PER,2018,1st,Torneo Apertura,7,Sat,2018-07-21,17:45,Sport Rosario,4.0,Cantolao,1.0,1231.0,Estadio Rosas Pampa,Víctor Carrillo,,https://fbref.com/en/matches/d70f2a81/Sport-Rosario-Cantolao-July-21-2018-Torneo-Descentralizado
Liga 1 de Fútbol Profesional,M,PER,2018,1st,Torneo Apertura,7,Sat,2018-07-21,20:00,Sport Huancayo,2.0,Universitario,1.0,3341.0,Estadio Huancayo,Michael Espinoza,,https://fbref.com/en/matches/a44e9ba1/Sport-Huancayo-Universitario-July-21-2018-Torneo-Descentralizado
Liga 1 de Fútbol Profesional,M,PER,2018,1st,Torneo Apertura,7,Sun,2018-07-22,11:00,Sporting Cristal,2.0,Melgar,0.0,3466.0,Estadio Alberto Gallardo,Joel Alarcón,,https://fbref.com/en/matches/2ed49e57/Sporting-Cristal-Melgar-July-22-2018-Torneo-Descentralizado
Liga 1 de Fútbol Profesional,M,PER,2018,1st,Torneo Apertura,7,Sun,2018-07-22,13:30,Dep Municipal,2.0,Real Garcilaso,0.0,345.0,Estadio Miguel Grau del Callao,Kevin Ortega,,https://fbref.com/en/matches/e93cf8d2/Deportivo-Municipal-Real-Garcilaso-July-22-2018-Torneo-Descentralizado
Liga 1 de Fútbol Profesional,M,PER,2018,1st,Torneo Apertura,7,Sun,2018-07-22,16:00,Alianza Lima,5.0,Comerciantes,1.0,7430.0,Estadio Alejandro Villanueva,Micke Palomino,,https://fbref.com/en/matches/14aa3552/Alianza-Lima-Comerciantes-Unidos-July-22-2018-Torneo-Descentralizado
Liga 1 de Fútbol Profesional,M,PER,2018,1st,Torneo Apertura,8,Tue,2018-07-24,13:15,USMP,0.0,Sport Rosario,1.0,252.0,Estadio Alberto Gallardo,Luis Seminario,,https://fbref.com/en/matches/890b56fc/Universidad-San-Martin-Sport-Rosario-July-24-2018-Torneo-Descentralizado
Liga 1 de Fútbol Profesional,M,PER,2018,1st,Torneo Apertura,8,Tue,2018-07-24,20:00,Universitario,1.0,Binacional,0.0,3041.0,Estadio Monumental,Jesús Cartagena,,https://fbref.com/en/matches/a2742233/Universitario-Binacional-July-24-2018-Torneo-Descentralizado
Liga 1 de Fútbol Profesional,M,PER,2018,1st,Torneo Apertura,8,Wed,2018-07-25,13:00,Comerciantes,1.0,Dep Municipal,1.0,120.0,Estadio Municipal de Guadalupe Carlos A....,Hibert Villegas,,https://fbref.com/en/matches/fbfb65ab/Comerciantes-Unidos-Deportivo-Municipal-July-25-2018-Torneo-Descentralizado
Liga 1 de Fútbol Profesional,M,PER,2018,1st,Torneo Apertura,8,Wed,2018-07-25,15:30,Unión Comercio,1.0,Real Garcilaso,0.0,532.0,Estadio del IPD,José Martínez,,https://fbref.com/en/matches/71cc1cd3/Union-Comercio-Real-Garcilaso-July-25-2018-Torneo-Descentralizado
Liga 1 de Fútbol Profesional,M,PER,2018,1st,Torneo Apertura,8,Wed,2018-07-25,17:45,Cantolao,2.0,Sport Boys,2.0,923.0,Estadio Miguel Grau del Callao,Iván Chang,,https://fbref.com/en/matches/49f0d884/Cantolao-Sport-Boys-July-25-2018-Torneo-Descentralizado
Liga 1 de Fútbol Profesional,M,PER,2018,1st,Torneo Apertura,8,Wed,2018-07-25,20:00,Melgar,2.0,Alianza Lima,0.0,12723.0,Estadio de la Universidad Nacional San A...,Augusto Menéndez,,https://fbref.com/en/matches/3cd24d2d/Melgar-Alianza-Lima-July-25-2018-Torneo-Descentralizado
Liga 1 de Fútbol Profesional,M,PER,2018,1st,Torneo Apertura,8,Thu,2018-07-26,15:30,UTC,0.0,Sporting Cristal,0.0,2254.0,Estadio Municipal Germán Contreras Jara,Edwin Ordóñez,,https://fbref.com/en/matches/91d0c6eb/Universidad-Tecnica-de-Cajamarca-Sporting-Cristal-July-26-2018-Torneo-Descentralizado
Liga 1 de Fútbol Profesional,M,PER,2018,1st,Torneo Apertura,9,Sat,2018-07-28,13:00,Binacional,1.0,Ayacucho,0.0,880.0,Estadio 25 de Noviembre,David Huaman,,https://fbref.com/en/matches/53652126/Binacional-Ayacucho-July-28-2018-Torneo-Descentralizado
Liga 1 de Fútbol Profesional,M,PER,2018,1st,Torneo Apertura,9,Sat,2018-07-28,15:30,Sport Huancayo,0.0,Unión Comercio,0.0,561.0,Estadio Huancayo,Fernando Legario,,https://fbref.com/en/matches/8bd6e645/Sport-Huancayo-Union-Comercio-July-28-2018-Torneo-Descentralizado
Liga 1 de Fútbol Profesional,M,PER,2018,1st,Torneo Apertura,9,Sat,2018-07-28,17:45,Sport Rosario,3.0,Universitario,0.0,6428.0,Estadio Rosas Pampa,Diego Haro,,https://fbref.com/en/matches/40fb4646/Sport-Rosario-Universitario-July-28-2018-Torneo-Descentralizado
Liga 1 de Fútbol Profesional,M,PER,2018,1st,Torneo Apertura,9,Sat,2018-07-28,20:00,Sport Boys,3.0,USMP,2.0,1300.0,Estadio Miguel Grau del Callao,Víctor Carrillo,,https://fbref.com/en/matches/6e5f016b/Sport-Boys-Universidad-San-Martin-July-28-2018-Torneo-Descentralizado
Liga 1 de Fútbol Profesional,M,PER,2018,1st,Torneo Apertura,9,Sun,2018-07-29,13:30,Dep Municipal,4.0,Melgar,0.0,904.0,Estadio Miguel Grau del Callao,Ramón Blanco,,https://fbref.com/en/matches/3476d3a2/Deportivo-Municipal-Melgar-July-29-2018-Torneo-Descentralizado
Liga 1 de Fútbol Profesional,M,PER,2018,1st,Torneo Apertura,9,Sun,2018-07-29,18:15,Real Garcilaso,1.0,Comerciantes,0.0,1412.0,Estadio Inca Garcilaso de la Vega,Luis Garay Evia,,https://fbref.com/en/matches/d4925eb6/Real-Garcilaso-Comerciantes-Unidos-July-29-2018-Torneo-Descentralizado
Liga 1 de Fútbol Profesional,M,PER,2018,1st,Torneo Apertura,10,Tue,2018-07-31,15:30,Ayacucho,2.0,Sport Rosario,0.0,591.0,Estadio Manuel Eloy Molina Robles,Gerson Huiman,,https://fbref.com/en/matches/8055e089/Ayacucho-Sport-Rosario-July-31-2018-Torneo-Descentralizado
Liga 1 de Fútbol Profesional,M,PER,2018,1st,Torneo Apertura,10,Tue,2018-07-31,17:45,Sport Huancayo,1.0,Binacional,2.0,814.0,Estadio Huancayo,Joel Alarcón,,https://fbref.com/en/matches/278fedd2/Sport-Huancayo-Binacional-July-31-2018-Torneo-Descentralizado
Liga 1 de Fútbol Profesional,M,PER,2018,1st,Torneo Apertura,10,Tue,2018-07-31,20:00,Universitario,2.0,Sport Boys,1.0,12990.0,Estadio Monumental,Augusto Menéndez,,https://fbref.com/en/matches/0de42f7a/Universitario-Sport-Boys-July-31-2018-Torneo-Descentralizado
Liga 1 de Fútbol Profesional,M,PER,2018,1st,Torneo Apertura,10,Wed,2018-08-01,13:15,USMP,0.0,Sporting Cristal,3.0,1547.0,Estadio Alberto Gallardo,Renzo Castañeda,,https://fbref.com/en/matches/13e7d5e4/Universidad-San-Martin-Sporting-Cristal-August-1-2018-Torneo-Descentralizado
Liga 1 de Fútbol Profesional,M,PER,2018,1st,Torneo Apertura,10,Wed,2018-08-01,15:30,UTC,1.0,Dep Municipal,0.0,832.0,Estadio Municipal Germán Contreras Jara,Jorge Panta,,https://fbref.com/en/matches/369254c2/Universidad-Tecnica-de-Cajamarca-Deportivo-Municipal-August-1-2018-Torneo-Descentralizado
Liga 1 de Fútbol Profesional,M,PER,2018,1st,Torneo Apertura,10,Wed,2018-08-01,17:45,Melgar,1.0,Real Garcilaso,0.0,3491.0,Estadio de la Universidad Nacional San A...,Michael Espinoza,,https://fbref.com/en/matches/231c79f8/Melgar-Real-Garcilaso-August-1-2018-Torneo-Descentralizado
Liga 1 de Fútbol Profesional,M,PER,2018,1st,Torneo Apertura,10,Wed,2018-08-01,20:00,Cantolao,1.0,Alianza Lima,1.0,3020.0,Estadio Miguel Grau del Callao,Luis Seminario,,https://fbref.com/en/matches/4f9a37ac/Cantolao-Alianza-Lima-August-1-2018-Torneo-Descentralizado
Liga 1 de Fútbol Profesional,M,PER,2018,1st,Torneo Apertura,10,Thu,2018-08-02,15:30,Unión Comercio,2.0,Comerciantes,0.0,524.0,Estadio del IPD,José Mendoza,,https://fbref.com/en/matches/8a5479e3/Union-Comercio-Comerciantes-Unidos-August-2-2018-Torneo-Descentralizado
Liga 1 de Fútbol Profesional,M,PER,2018,1st,Torneo Apertura,11,Sat,2018-08-04,15:30,Sport Boys,1.0,Ayacucho,0.0,1464.0,Estadio Miguel Grau del Callao,Wilmer Villanueva,,https://fbref.com/en/matches/58cc4fe4/Sport-Boys-Ayacucho-August-4-2018-Torneo-Descentralizado
Liga 1 de Fútbol Profesional,M,PER,2018,1st,Torneo Apertura,11,Sat,2018-08-04,17:45,Real Garcilaso,1.0,UTC,0.0,1360.0,Estadio Inca Garcilaso de la Vega,Augusto Menéndez,,https://fbref.com/en/matches/0b4d9363/Real-Garcilaso-Universidad-Tecnica-de-Cajamarca-August-4-2018-Torneo-Descentralizado
Liga 1 de Fútbol Profesional,M,PER,2018,1st,Torneo Apertura,11,Sat,2018-08-04,20:00,Sporting Cristal,1.0,Universitario,0.0,22392.0,Estadio Nacional,Víctor Carrillo,,https://fbref.com/en/matches/697f7af0/Sporting-Cristal-Universitario-August-4-2018-Torneo-Descentralizado
Liga 1 de Fútbol Profesional,M,PER,2018,1st,Torneo Apertura,11,Sun,2018-08-05,11:00,Comerciantes,2.0,Melgar,2.0,235.0,Estadio Municipal de Guadalupe Carlos A....,Kevin Ortega,,https://fbref.com/en/matches/16b945b8/Comerciantes-Unidos-Melgar-August-5-2018-Torneo-Descentralizado
Liga 1 de Fútbol Profesional,M,PER,2018,1st,Torneo Apertura,11,Sun,2018-08-05,13:30,Dep Municipal,1.0,Cantolao,0.0,641.0,Estadio Miguel Grau del Callao,Michael Espinoza,,https://fbref.com/en/matches/43f70edb/Deportivo-Municipal-Cantolao-August-5-2018-Torneo-Descentralizado
Liga 1 de Fútbol Profesional,M,PER,2018,1st,Torneo Apertura,11,Sun,2018-08-05,16:00,Alianza Lima,3.0,USMP,1.0,8861.0,Estadio Alejandro Villanueva,Edwin Ordóñez,,https://fbref.com/en/matches/ed4162c1/Alianza-Lima-Universidad-San-Martin-August-5-2018-Torneo-Descentralizado
Liga 1 de Fútbol Profesional,M,PER,2018,1st,Torneo Apertura,11,Sun,2018-08-05,18:15,Sport Rosario,2.0,Sport Huancayo,4.0,1539.0,Estadio Rosas Pampa,Jesús Cartagena,,https://fbref.com/en/matches/de12baa2/Sport-Rosario-Sport-Huancayo-August-5-2018-Torneo-Descentralizado
Liga 1 de Fútbol Profesional,M,PER,2018,1st,Torneo Apertura,11,Mon,2018-08-06,15:30,Binacional,1.0,Unión Comercio,1.0,1162.0,Estadio 25 de Noviembre,Giuliano Rodríguez,,https://fbref.com/en/matches/3db60f91/Binacional-Union-Comercio-August-6-2018-Torneo-Descentralizado
Liga 1 de Fútbol Profesional,M,PER,2018,1st,Torneo Apertura,9,Wed,2018-08-08,13:00,Sporting Cristal,4.0,Cantolao,0.0,1517.0,Estadio Alberto Gallardo,Kevin Ortega,,https://fbref.com/en/matches/835f1f7e/Sporting-Cristal-Cantolao-August-8-2018-Torneo-Descentralizado
Liga 1 de Fútbol Profesional,M,PER,2018,1st,Torneo Apertura,8,Wed,2018-08-08,15:00,Ayacucho,3.0,Sport Huancayo,1.0,713.0,Estadio Manuel Eloy Molina Robles,Eduardo Chirinos,,https://fbref.com/en/matches/e5fe060b/Ayacucho-Sport-Huancayo-August-8-2018-Torneo-Descentralizado
Liga 1 de Fútbol Profesional,M,PER,2018,1st,Torneo Apertura,12,Sat,2018-08-11,13:00,Binacional,3.0,Sport Rosario,1.0,1172.0,Estadio 25 de Noviembre,Fernando Legario,,https://fbref.com/en/matches/88f6e729/Binacional-Sport-Rosario-August-11-2018-Torneo-Descentralizado
Liga 1 de Fútbol Profesional,M,PER,2018,1st,Torneo Apertura,12,Sat,2018-08-11,15:00,UTC,2.0,Comerciantes,1.0,625.0,Estadio Municipal Germán Contreras Jara,Diego Haro,,https://fbref.com/en/matches/66f6ff35/Universidad-Tecnica-de-Cajamarca-Comerciantes-Unidos-August-11-2018-Torneo-Descentralizado
Liga 1 de Fútbol Profesional,M,PER,2018,1st,Torneo Apertura,12,Sat,2018-08-11,15:30,Ayacucho,0.0,Sporting Cristal,1.0,1709.0,Estadio Manuel Eloy Molina Robles,Iván Chang,,https://fbref.com/en/matches/d4c8d46f/Ayacucho-Sporting-Cristal-August-11-2018-Torneo-Descentralizado
Liga 1 de Fútbol Profesional,M,PER,2018,1st,Torneo Apertura,12,Sat,2018-08-11,17:30,Sport Huancayo,0.0,Sport Boys,0.0,1213.0,Estadio Huancayo,Miguel Santiváñez,,https://fbref.com/en/matches/0f79106e/Sport-Huancayo-Sport-Boys-August-11-2018-Torneo-Descentralizado
Liga 1 de Fútbol Profesional,M,PER,2018,1st,Torneo Apertura,12,Sat,2018-08-11,20:00,Universitario,1.0,Alianza Lima,1.0,30357.0,Estadio Nacional,Kevin Ortega,,https://fbref.com/en/matches/f0734205/Universitario-Alianza-Lima-August-11-2018-Torneo-Descentralizado
Liga 1 de Fútbol Profesional,M,PER,2018,1st,Torneo Apertura,12,Sun,2018-08-12,13:30,Cantolao,1.0,Real Garcilaso,2.0,333.0,Estadio Miguel Grau del Callao,Michael Espinoza,,https://fbref.com/en/matches/f32b64de/Cantolao-Real-Garcilaso-August-12-2018-Torneo-Descentralizado
Liga 1 de Fútbol Profesional,M,PER,2018,1st,Torneo Apertura,12,Sun,2018-08-12,16:00,USMP,6.0,Dep Municipal,1.0,746.0,Estadio Alberto Gallardo,Fabricio Valcercel,,https://fbref.com/en/matches/c8b66dc3/Universidad-San-Martin-Deportivo-Municipal-August-12-2018-Torneo-Descentralizado
Liga 1 de Fútbol Profesional,M,PER,2018,1st,Torneo Apertura,12,Mon,2018-08-13,15:30,Unión Comercio,0.0,Melgar,0.0,624.0,Estadio del IPD,Edwin Ordóñez,,https://fbref.com/en/matches/5b82e616/Union-Comercio-Melgar-August-13-2018-Torneo-Descentralizado
Liga 1 de Fútbol Profesional,M,PER,2018,1st,Torneo Apertura,13,Tue,2018-08-14,15:30,Sporting Cristal,0.0,Sport Huancayo,0.0,2622.0,Estadio Alberto Gallardo,Micke Palomino,,https://fbref.com/en/matches/6b6b49ae/Sporting-Cristal-Sport-Huancayo-August-14-2018-Torneo-Descentralizado
Liga 1 de Fútbol Profesional,M,PER,2018,1st,Torneo Apertura,13,Tue,2018-08-14,17:45,Sport Boys,1.0,Binacional,0.0,1682.0,Estadio Miguel Grau del Callao,Luis Garay Evia,,https://fbref.com/en/matches/b8f0019d/Sport-Boys-Binacional-August-14-2018-Torneo-Descentralizado
Liga 1 de Fútbol Profesional,M,PER,2018,1st,Torneo Apertura,13,Tue,2018-08-14,20:00,Alianza Lima,1.0,Ayacucho,0.0,3692.0,Estadio Alejandro Villanueva,José Martínez,,https://fbref.com/en/matches/f2e1dcff/Alianza-Lima-Ayacucho-August-14-2018-Torneo-Descentralizado
Liga 1 de Fútbol Profesional,M,PER,2018,1st,Torneo Apertura,13,Wed,2018-08-15,15:30,Comerciantes,0.0,Cantolao,4.0,101.0,Estadio Municipal de Guadalupe Carlos A....,Eduardo Chirinos,,https://fbref.com/en/matches/e504c257/Comerciantes-Unidos-Cantolao-August-15-2018-Torneo-Descentralizado
Liga 1 de Fútbol Profesional,M,PER,2018,1st,Torneo Apertura,13,Wed,2018-08-15,17:45,Real Garcilaso,3.0,USMP,3.0,1709.0,Estadio Inca Garcilaso de la Vega,Jesús Cartagena,,https://fbref.com/en/matches/c9afe842/Real-Garcilaso-Universidad-San-Martin-August-15-2018-Torneo-Descentralizado
Liga 1 de Fútbol Profesional,M,PER,2018,1st,Torneo Apertura,13,Wed,2018-08-15,20:00,Dep Municipal,0.0,Universitario,2.0,2883.0,Estadio Miguel Grau del Callao,Diego Haro,,https://fbref.com/en/matches/f13a73b6/Deportivo-Municipal-Universitario-August-15-2018-Torneo-Descentralizado
Liga 1 de Fútbol Profesional,M,PER,2018,1st,Torneo Apertura,13,Thu,2018-08-16,17:45,Sport Rosario,0.0,Unión Comercio,2.0,958.0,Estadio Rosas Pampa,Renzo Castañeda,,https://fbref.com/en/matches/9f4b7325/Sport-Rosario-Union-Comercio-August-16-2018-Torneo-Descentralizado
Liga 1 de Fútbol Profesional,M,PER,2018,1st,Torneo Apertura,13,Thu,2018-08-16,20:00,Melgar,3.0,UTC,3.0,2398.0,Estadio de la Universidad Nacional San A...,Joel Alarcón,,https://fbref.com/en/matches/f89218fb/Melgar-Universidad-Tecnica-de-Cajamarca-August-16-2018-Torneo-Descentralizado
Liga 1 de Fútbol Profesional,M,PER,2018,1st,Torneo Apertura,14,Sat,2018-08-18,13:00,Binacional,1.0,Sporting Cristal,1.0,4275.0,Estadio 25 de Noviembre,Víctor Carrillo,,https://fbref.com/en/matches/1851d387/Binacional-Sporting-Cristal-August-18-2018-Torneo-Descentralizado
Liga 1 de Fútbol Profesional,M,PER,2018,1st,Torneo Apertura,14,Sat,2018-08-18,15:30,Ayacucho,1.0,Dep Municipal,2.0,843.0,Estadio Manuel Eloy Molina Robles,José Mendoza,,https://fbref.com/en/matches/29907c42/Ayacucho-Deportivo-Municipal-August-18-2018-Torneo-Descentralizado
Liga 1 de Fútbol Profesional,M,PER,2018,1st,Torneo Apertura,14,Sat,2018-08-18,20:00,Sport Huancayo,1.0,Alianza Lima,1.0,4954.0,Estadio Huancayo,Michael Espinoza,,https://fbref.com/en/matches/8b211242/Sport-Huancayo-Alianza-Lima-August-18-2018-Torneo-Descentralizado
Liga 1 de Fútbol Profesional,M,PER,2018,1st,Torneo Apertura,14,Sun,2018-08-19,11:15,USMP,2.0,Comerciantes,0.0,407.0,Estadio Alberto Gallardo,Jorge Panta,,https://fbref.com/en/matches/ea0455fe/Universidad-San-Martin-Comerciantes-Unidos-August-19-2018-Torneo-Descentralizado
Liga 1 de Fútbol Profesional,M,PER,2018,1st,Torneo Apertura,14,Sun,2018-08-19,13:30,Cantolao,1.0,Melgar,1.0,368.0,Estadio Miguel Grau del Callao,Miguel Santiváñez,,https://fbref.com/en/matches/564a7f79/Cantolao-Melgar-August-19-2018-Torneo-Descentralizado
Liga 1 de Fútbol Profesional,M,PER,2018,1st,Torneo Apertura,14,Sun,2018-08-19,16:00,Universitario,0.0,Real Garcilaso,1.0,17743.0,Estadio Monumental,Edwin Ordóñez,,https://fbref.com/en/matches/2fefc271/Universitario-Real-Garcilaso-August-19-2018-Torneo-Descentralizado
Liga 1 de Fútbol Profesional,M,PER,2018,1st,Torneo Apertura,14,Sun,2018-08-19,18:15,Sport Rosario,1.0,Sport Boys,1.0,200.0,Estadio Rosas Pampa,Luis Seminario,,https://fbref.com/en/matches/8f01e7a6/Sport-Rosario-Sport-Boys-August-19-2018-Torneo-Descentralizado
Liga 1 de Fútbol Profesional,M,PER,2018,1st,Torneo Apertura,14,Mon,2018-08-20,15:30,Unión Comercio,2.0,UTC,3.0,468.0,Estadio del IPD,Gerson Huiman,,https://fbref.com/en/matches/064ee33f/Union-Comercio-Universidad-Tecnica-de-Cajamarca-August-20-2018-Torneo-Descentralizado
Liga 1 de Fútbol Profesional,M,PER,2018,1st,Torneo Apertura,9,Thu,2018-08-23,20:00,Alianza Lima,0.0,UTC,1.0,5383.0,Estadio Alejandro Villanueva,José Mendoza,,https://fbref.com/en/matches/e843a1da/Alianza-Lima-Universidad-Tecnica-de-Cajamarca-August-23-2018-Torneo-Descentralizado
Liga 1 de Fútbol Profesional,M,PER,2018,1st,Torneo Apertura,15,Sat,2018-08-25,15:00,Melgar,3.0,USMP,2.0,5723.0,Estadio de la Universidad Nacional San A...,Diego Haro,,https://fbref.com/en/matches/e0c8142f/Melgar-Universidad-San-Martin-August-25-2018-Torneo-Descentralizado
Liga 1 de Fútbol Profesional,M,PER,2018,1st,Torneo Apertura,15,Sat,2018-08-25,17:30,Sport Boys,2.0,Unión Comercio,4.0,3389.0,Estadio Miguel Grau del Callao,Fernando Legario,,https://fbref.com/en/matches/3c2e6313/Sport-Boys-Union-Comercio-August-25-2018-Torneo-Descentralizado
Liga 1 de Fútbol Profesional,M,PER,2018,1st,Torneo Apertura,15,Sat,2018-08-25,20:00,Dep Municipal,1.0,Sport Huancayo,0.0,3389.0,Estadio Nacional,Joel Alarcón,,https://fbref.com/en/matches/de5b435a/Deportivo-Municipal-Sport-Huancayo-August-25-2018-Torneo-Descentralizado
Liga 1 de Fútbol Profesional,M,PER,2018,1st,Torneo Apertura,15,Sun,2018-08-26,13:00,Comerciantes,3.0,Universitario,4.0,2472.0,Estadio Municipal de Guadalupe Carlos A....,Luis Garay Evia,,https://fbref.com/en/matches/bf00cbac/Comerciantes-Unidos-Universitario-August-26-2018-Torneo-Descentralizado
Liga 1 de Fútbol Profesional,M,PER,2018,1st,Torneo Apertura,15,Sun,2018-08-26,15:30,Real Garcilaso,2.0,Ayacucho,1.0,2201.0,Estadio Inca Garcilaso de la Vega,Víctor Carrillo,,https://fbref.com/en/matches/74c2447b/Real-Garcilaso-Ayacucho-August-26-2018-Torneo-Descentralizado
Liga 1 de Fútbol Profesional,M,PER,2018,1st,Torneo Apertura,15,Sun,2018-08-26,15:30,Sporting Cristal,2.0,Sport Rosario,1.0,8460.0,Estadio Alberto Gallardo,Renzo Castañeda,,https://fbref.com/en/matches/9368c0e1/Sporting-Cristal-Sport-Rosario-August-26-2018-Torneo-Descentralizado
Liga 1 de Fútbol Profesional,M,PER,2018,1st,Torneo Apertura,15,Sun,2018-08-26,15:30,Alianza Lima,2.0,Binacional,1.0,3272.0,Estadio Alejandro Villanueva,Miguel Santiváñez,,https://fbref.com/en/matches/b0614444/Alianza-Lima-Binacional-August-26-2018-Torneo-Descentralizado
Liga 1 de Fútbol Profesional,M,PER,2018,1st,Torneo Apertura,15,Mon,2018-08-27,15:00,UTC,1.0,Cantolao,2.0,677.0,Estadio Municipal Germán Contreras Jara,Micke Palomino,,https://fbref.com/en/matches/a0afaeb6/Universidad-Tecnica-de-Cajamarca-Cantolao-August-27-2018-Torneo-Descentralizado
Liga 1 de Fútbol Profesional,M,PER,2018,1st,Torneo Clausura,1,Fri,2018-08-31,15:30,UTC,0.0,USMP,0.0,856.0,Estadio Municipal Germán Contreras Jara,Jonathan Zamora,,https://fbref.com/en/matches/ca1b9a98/Universidad-Tecnica-de-Cajamarca-Universidad-San-Martin-August-31-2018-Torneo-Descentralizado
Liga 1 de Fútbol Profesional,M,PER,2018,1st,Torneo Clausura,1,Sat,2018-09-01,13:15,Comerciantes,0.0,Ayacucho,3.0,,Estadio Municipal de Guadalupe Carlos A....,Michael Espinoza,Match awarded to Ayacucho,https://fbref.com/en/matches/d6aae42b/Comerciantes-Unidos-Ayacucho-September-1-2018-Torneo-Descentralizado
Liga 1 de Fútbol Profesional,M,PER,2018,1st,Torneo Clausura,1,Sat,2018-09-01,15:30,Sporting Cristal,4.0,Sport Boys,0.0,5254.0,Estadio Alberto Gallardo,Jesús Cartagena,,https://fbref.com/en/matches/4184b0b7/Sporting-Cristal-Sport-Boys-September-1-2018-Torneo-Descentralizado
Liga 1 de Fútbol Profesional,M,PER,2018,1st,Torneo Clausura,1,Sat,2018-09-01,17:45,Real Garcilaso,2.0,Sport Huancayo,2.0,2318.0,Estadio Inca Garcilaso de la Vega,Kevin Ortega,,https://fbref.com/en/matches/d52c6850/Real-Garcilaso-Sport-Huancayo-September-1-2018-Torneo-Descentralizado
Liga 1 de Fútbol Profesional,M,PER,2018,1st,Torneo Clausura,1,Sat,2018-09-01,20:00,Melgar,2.0,Universitario,1.0,16135.0,Estadio de la Universidad Nacional San A...,Augusto Menéndez,,https://fbref.com/en/matches/6961a701/Melgar-Universitario-September-1-2018-Torneo-Descentralizado
Liga 1 de Fútbol Profesional,M,PER,2018,1st,Torneo Clausura,1,Sun,2018-09-02,11:00,Dep Municipal,1.0,Binacional,0.0,1921.0,Estadio Miguel Grau del Callao,Gean Pierre Barbagelatta,,https://fbref.com/en/matches/5a04bc7c/Deportivo-Municipal-Binacional-September-2-2018-Torneo-Descentralizado
Liga 1 de Fútbol Profesional,M,PER,2018,1st,Torneo Clausura,1,Sun,2018-09-02,13:30,Cantolao,2.0,Unión Comercio,1.0,1921.0,Estadio Alberto Gallardo,Luis Ciriaco Liñan,,https://fbref.com/en/matches/be597185/Cantolao-Union-Comercio-September-2-2018-Torneo-Descentralizado
Liga 1 de Fútbol Profesional,M,PER,2018,1st,Torneo Clausura,1,Sun,2018-09-02,16:00,Alianza Lima,1.0,Sport Rosario,0.0,6140.0,Estadio Alejandro Villanueva,Edwin Ordóñez,,https://fbref.com/en/matches/e1656449/Alianza-Lima-Sport-Rosario-September-2-2018-Torneo-Descentralizado
Liga 1 de Fútbol Profesional,M,PER,2018,1st,Torneo Clausura,2,Tue,2018-09-11,13:00,Binacional,1.0,Real Garcilaso,4.0,2277.0,Estadio 25 de Noviembre,José Mendoza,,https://fbref.com/en/matches/35a06f5e/Binacional-Real-Garcilaso-September-11-2018-Torneo-Descentralizado
Liga 1 de Fútbol Profesional,M,PER,2018,1st,Torneo Clausura,2,Tue,2018-09-11,15:30,Ayacucho,0.0,Melgar,0.0,2277.0,Estadio Ciudad de Cumaná,Joel Alarcón,,https://fbref.com/en/matches/979c48ea/Ayacucho-Melgar-September-11-2018-Torneo-Descentralizado
Liga 1 de Fútbol Profesional,M,PER,2018,1st,Torneo Clausura,2,Tue,2018-09-11,17:45,Sport Huancayo,1.0,Comerciantes,0.0,793.0,Estadio Huancayo,Renzo Castañeda,,https://fbref.com/en/matches/bdfabc48/Sport-Huancayo-Comerciantes-Unidos-September-11-2018-Torneo-Descentralizado
Liga 1 de Fútbol Profesional,M,PER,2018,1st,Torneo Clausura,2,Tue,2018-09-11,20:00,Universitario,2.0,UTC,1.0,2758.0,Estadio Monumental,Kevin Ortega,,https://fbref.com/en/matches/5e56dae4/Universitario-Universidad-Tecnica-de-Cajamarca-September-11-2018-Torneo-Descentralizado
Liga 1 de Fútbol Profesional,M,PER,2018,1st,Torneo Clausura,2,Wed,2018-09-12,13:15,USMP,3.0,Cantolao,2.0,229.0,Estadio Alberto Gallardo,Luis Seminario,,https://fbref.com/en/matches/44064920/Universidad-San-Martin-Cantolao-September-12-2018-Torneo-Descentralizado
Liga 1 de Fútbol Profesional,M,PER,2018,1st,Torneo Clausura,2,Wed,2018-09-12,15:30,Unión Comercio,2.0,Sporting Cristal,1.0,1127.0,Estadio del IPD,Eduardo Chirinos,,https://fbref.com/en/matches/31dec08b/Union-Comercio-Sporting-Cristal-September-12-2018-Torneo-Descentralizado
Liga 1 de Fútbol Profesional,M,PER,2018,1st,Torneo Clausura,2,Wed,2018-09-12,17:45,Sport Rosario,0.0,Dep Municipal,1.0,1766.0,Estadio Rosas Pampa,Roberto Pérez,,https://fbref.com/en/matches/9679822b/Sport-Rosario-Deportivo-Municipal-September-12-2018-Torneo-Descentralizado
Liga 1 de Fútbol Profesional,M,PER,2018,1st,Torneo Clausura,3,Sat,2018-09-15,13:00,USMP,2.0,Unión Comercio,0.0,281.0,Estadio Alberto Gallardo,Iván Chang,,https://fbref.com/en/matches/a8a7fbb7/Universidad-San-Martin-Union-Comercio-September-15-2018-Torneo-Descentralizado
Liga 1 de Fútbol Profesional,M,PER,2018,1st,Torneo Clausura,3,Sat,2018-09-15,15:30,UTC,0.0,Ayacucho,0.0,333.0,Estadio Municipal Germán Contreras Jara,Augusto Menéndez,,https://fbref.com/en/matches/a3c9c57c/Universidad-Tecnica-de-Cajamarca-Ayacucho-September-15-2018-Torneo-Descentralizado
Liga 1 de Fútbol Profesional,M,PER,2018,1st,Torneo Clausura,3,Sat,2018-09-15,17:45,Melgar,3.0,Sport Huancayo,2.0,3777.0,Estadio de la Universidad Nacional San A...,Miguel Santiváñez,,https://fbref.com/en/matches/04f86b7b/Melgar-Sport-Huancayo-September-15-2018-Torneo-Descentralizado
Liga 1 de Fútbol Profesional,M,PER,2018,1st,Torneo Clausura,3,Sat,2018-09-15,20:00,Cantolao,2.0,Universitario,0.0,3927.0,Estadio Miguel Grau del Callao,Luis Garay Evia,,https://fbref.com/en/matches/b31a33c3/Cantolao-Universitario-September-15-2018-Torneo-Descentralizado
Liga 1 de Fútbol Profesional,M,PER,2018,1st,Torneo Clausura,3,Sun,2018-09-16,11:15,Comerciantes,1.0,Binacional,2.0,100.0,Estadio Mansiche,Edwin Ordóñez,,https://fbref.com/en/matches/e7db49a0/Comerciantes-Unidos-Binacional-September-16-2018-Torneo-Descentralizado
Liga 1 de Fútbol Profesional,M,PER,2018,1st,Torneo Clausura,3,Sun,2018-09-16,16:00,Alianza Lima,2.0,Sporting Cristal,2.0,25427.0,Estadio Alejandro Villanueva,Joel Alarcón,,https://fbref.com/en/matches/0578eb0e/Alianza-Lima-Sporting-Cristal-September-16-2018-Torneo-Descentralizado
Liga 1 de Fútbol Profesional,M,PER,2018,1st,Torneo Clausura,3,Sun,2018-09-16,18:15,Real Garcilaso,3.0,Sport Rosario,1.0,1988.0,Estadio Inca Garcilaso de la Vega,Micke Palomino,,https://fbref.com/en/matches/91a94963/Real-Garcilaso-Sport-Rosario-September-16-2018-Torneo-Descentralizado
Liga 1 de Fútbol Profesional,M,PER,2018,1st,Torneo Clausura,3,Mon,2018-09-17,20:00,Dep Municipal,0.0,Sport Boys,0.0,1262.0,Estadio Municipal El Coloso de la Fronte...,Kevin Ortega,,https://fbref.com/en/matches/f772d144/Deportivo-Municipal-Sport-Boys-September-17-2018-Torneo-Descentralizado
Liga 1 de Fútbol Profesional,M,PER,2018,1st,Torneo Clausura,4,Fri,2018-09-21,15:30,Unión Comercio,1.0,Alianza Lima,3.0,1765.0,Estadio del IPD,Ramón Blanco,,https://fbref.com/en/matches/1484b582/Union-Comercio-Alianza-Lima-September-21-2018-Torneo-Descentralizado
Liga 1 de Fútbol Profesional,M,PER,2018,1st,Torneo Clausura,4,Fri,2018-09-21,20:00,Sport Huancayo,1.0,UTC,1.0,938.0,Estadio Huancayo,Jesús Cartagena,,https://fbref.com/en/matches/15f4dfc5/Sport-Huancayo-Universidad-Tecnica-de-Cajamarca-September-21-2018-Torneo-Descentralizado
Liga 1 de Fútbol Profesional,M,PER,2018,1st,Torneo Clausura,4,Sat,2018-09-22,13:00,Binacional,0.0,Melgar,4.0,2119.0,Estadio 25 de Noviembre,Renzo Castañeda,,https://fbref.com/en/matches/52063385/Binacional-Melgar-September-22-2018-Torneo-Descentralizado
Liga 1 de Fútbol Profesional,M,PER,2018,1st,Torneo Clausura,4,Sat,2018-09-22,15:30,Ayacucho,3.0,Cantolao,1.0,2295.0,Estadio Ciudad de Cumaná,Diego Haro,,https://fbref.com/en/matches/b546caf4/Ayacucho-Cantolao-September-22-2018-Torneo-Descentralizado
Liga 1 de Fútbol Profesional,M,PER,2018,1st,Torneo Clausura,4,Sat,2018-09-22,17:45,Sport Rosario,1.0,Comerciantes,1.0,837.0,Estadio Rosas Pampa,Jorge Panta,,https://fbref.com/en/matches/be1aba06/Sport-Rosario-Comerciantes-Unidos-September-22-2018-Torneo-Descentralizado
Liga 1 de Fútbol Profesional,M,PER,2018,1st,Torneo Clausura,4,Sat,2018-09-22,20:00,Sport Boys,3.0,Real Garcilaso,1.0,1945.0,Estadio Miguel Grau del Callao,Joel Alarcón,,https://fbref.com/en/matches/7da49e1d/Sport-Boys-Real-Garcilaso-September-22-2018-Torneo-Descentralizado
Liga 1 de Fútbol Profesional,M,PER,2018,1st,Torneo Clausura,4,Sun,2018-09-23,11:00,Sporting Cristal,4.0,Dep Municipal,0.0,2768.0,Estadio Alberto Gallardo,Víctor Carrillo,,https://fbref.com/en/matches/07301de9/Sporting-Cristal-Deportivo-Municipal-September-23-2018-Torneo-Descentralizado
Liga 1 de Fútbol Profesional,M,PER,2018,1st,Torneo Clausura,4,Sun,2018-09-23,16:00,Universitario,2.0,USMP,2.0,2782.0,Estadio Monumental,Michael Espinoza,,https://fbref.com/en/matches/223686ba/Universitario-Universidad-San-Martin-September-23-2018-Torneo-Descentralizado
Liga 1 de Fútbol Profesional,M,PER,2018,1st,Torneo Clausura,5,Tue,2018-09-25,15:00,Comerciantes,3.0,Sport Boys,2.0,907.0,Estadio Cristo es el Señor,Fernando Legario,,https://fbref.com/en/matches/5e91370c/Comerciantes-Unidos-Sport-Boys-September-25-2018-Torneo-Descentralizado
Liga 1 de Fútbol Profesional,M,PER,2018,1st,Torneo Clausura,5,Tue,2018-09-25,17:30,Cantolao,1.0,Sport Huancayo,1.0,318.0,Estadio Miguel Grau del Callao,Hibert Villegas,,https://fbref.com/en/matches/839a1250/Cantolao-Sport-Huancayo-September-25-2018-Torneo-Descentralizado
Liga 1 de Fútbol Profesional,M,PER,2018,1st,Torneo Clausura,5,Wed,2018-09-26,13:00,USMP,1.0,Ayacucho,3.0,126.0,Estadio Alberto Gallardo,Roberto Pérez,,https://fbref.com/en/matches/0ec270d0/Universidad-San-Martin-Ayacucho-September-26-2018-Torneo-Descentralizado
Liga 1 de Fútbol Profesional,M,PER,2018,1st,Torneo Clausura,5,Wed,2018-09-26,15:30,UTC,2.0,Binacional,1.0,89.0,Estadio Municipal Germán Contreras Jara,Pablo López,,https://fbref.com/en/matches/a3769443/Universidad-Tecnica-de-Cajamarca-Binacional-September-26-2018-Torneo-Descentralizado
Liga 1 de Fútbol Profesional,M,PER,2018,1st,Torneo Clausura,5,Wed,2018-09-26,17:45,Melgar,2.0,Sport Rosario,1.0,3281.0,Estadio de la Universidad Nacional San A...,Micke Palomino,,https://fbref.com/en/matches/fa7b478d/Melgar-Sport-Rosario-September-26-2018-Torneo-Descentralizado
Liga 1 de Fútbol Profesional,M,PER,2018,1st,Torneo Clausura,5,Thu,2018-09-27,20:00,Real Garcilaso,2.0,Sporting Cristal,2.0,5375.0,Estadio Inca Garcilaso de la Vega,Iván Chang,,https://fbref.com/en/matches/71e4ddef/Real-Garcilaso-Sporting-Cristal-September-27-2018-Torneo-Descentralizado
Liga 1 de Fútbol Profesional,M,PER,2018,1st,Torneo Clausura,6,Sat,2018-09-29,13:00,Binacional,2.0,Cantolao,0.0,780.0,Estadio 25 de Noviembre,Gerson Huiman,,https://fbref.com/en/matches/a7b120f6/Binacional-Cantolao-September-29-2018-Torneo-Descentralizado
Liga 1 de Fútbol Profesional,M,PER,2018,1st,Torneo Clausura,6,Sat,2018-09-29,15:30,Ayacucho,4.0,Universitario,2.0,8800.0,Estadio Ciudad de Cumaná,Miguel Santiváñez,,https://fbref.com/en/matches/cd51cbb8/Ayacucho-Universitario-September-29-2018-Torneo-Descentralizado
Liga 1 de Fútbol Profesional,M,PER,2018,1st,Torneo Clausura,6,Sat,2018-09-29,17:45,Sport Rosario,1.0,UTC,0.0,840.0,Estadio Rosas Pampa,Luis Garay Evia,,https://fbref.com/en/matches/eb603fd5/Sport-Rosario-Universidad-Tecnica-de-Cajamarca-September-29-2018-Torneo-Descentralizado
Liga 1 de Fútbol Profesional,M,PER,2018,1st,Torneo Clausura,6,Sat,2018-09-29,20:00,Sport Boys,1.0,Melgar,0.0,2226.0,Estadio Miguel Grau del Callao,Víctor Carrillo,,https://fbref.com/en/matches/fb30a3be/Sport-Boys-Melgar-September-29-2018-Torneo-Descentralizado
Liga 1 de Fútbol Profesional,M,PER,2018,1st,Torneo Clausura,6,Sun,2018-09-30,11:00,Sporting Cristal,0.0,Comerciantes,2.0,2758.0,Estadio Alberto Gallardo,Augusto Menéndez,,https://fbref.com/en/matches/2ffc788e/Sporting-Cristal-Comerciantes-Unidos-September-30-2018-Torneo-Descentralizado
Liga 1 de Fútbol Profesional,M,PER,2018,1st,Torneo Clausura,6,Sun,2018-09-30,13:30,Unión Comercio,3.0,Dep Municipal,1.0,268.0,Estadio del IPD,Edwin Ordóñez,,https://fbref.com/en/matches/28313ee1/Union-Comercio-Deportivo-Municipal-September-30-2018-Torneo-Descentralizado
Liga 1 de Fútbol Profesional,M,PER,2018,1st,Torneo Clausura,6,Sun,2018-09-30,16:00,Alianza Lima,1.0,Real Garcilaso,0.0,100.0,Estadio Alejandro Villanueva,Michael Espinoza,,https://fbref.com/en/matches/6af02918/Alianza-Lima-Real-Garcilaso-September-30-2018-Torneo-Descentralizado
Liga 1 de Fútbol Profesional,M,PER,2018,1st,Torneo Clausura,6,Sun,2018-09-30,18:15,Sport Huancayo,2.0,USMP,1.0,1106.0,Estadio Huancayo,José Mendoza,,https://fbref.com/en/matches/a31bb632/Sport-Huancayo-Universidad-San-Martin-September-30-2018-Torneo-Descentralizado
Liga 1 de Fútbol Profesional,M,PER,2018,1st,Torneo Clausura,7,Wed,2018-10-03,13:15,USMP,1.0,Binacional,0.0,83.0,Estadio Alberto Gallardo,David Huaman,,https://fbref.com/en/matches/b7c3d3a9/Universidad-San-Martin-Binacional-October-3-2018-Torneo-Descentralizado
Liga 1 de Fútbol Profesional,M,PER,2018,1st,Torneo Clausura,7,Wed,2018-10-03,15:30,UTC,2.0,Sport Boys,1.0,5254.0,Estadio Municipal Germán Contreras Jara,Ramón Blanco,,https://fbref.com/en/matches/026c52a3/Universidad-Tecnica-de-Cajamarca-Sport-Boys-October-3-2018-Torneo-Descentralizado
Liga 1 de Fútbol Profesional,M,PER,2018,1st,Torneo Clausura,7,Wed,2018-10-03,17:45,Real Garcilaso,3.0,Dep Municipal,3.0,2318.0,Estadio Inca Garcilaso de la Vega,Renzo Castañeda,,https://fbref.com/en/matches/5dd8b88c/Real-Garcilaso-Deportivo-Municipal-October-3-2018-Torneo-Descentralizado
Liga 1 de Fútbol Profesional,M,PER,2018,1st,Torneo Clausura,7,Wed,2018-10-03,20:00,Melgar,2.0,Sporting Cristal,0.0,16135.0,Estadio de la Universidad Nacional San A...,Kevin Ortega,,https://fbref.com/en/matches/2c92cc66/Melgar-Sporting-Cristal-October-3-2018-Torneo-Descentralizado
Liga 1 de Fútbol Profesional,M,PER,2018,1st,Torneo Clausura,7,Thu,2018-10-04,13:15,Unión Comercio,3.0,Ayacucho,1.0,235.0,Estadio del IPD,Luis Garay Evia,,https://fbref.com/en/matches/d6952cf5/Union-Comercio-Ayacucho-October-4-2018-Torneo-Descentralizado
Liga 1 de Fútbol Profesional,M,PER,2018,1st,Torneo Clausura,7,Thu,2018-10-04,15:30,Comerciantes,1.0,Alianza Lima,0.0,2115.0,Estadio Cristo es el Señor,Iván Chang,,https://fbref.com/en/matches/b8bbf2c0/Comerciantes-Unidos-Alianza-Lima-October-4-2018-Torneo-Descentralizado
Liga 1 de Fútbol Profesional,M,PER,2018,1st,Torneo Clausura,7,Thu,2018-10-04,17:45,Cantolao,2.0,Sport Rosario,0.0,306.0,Estadio Miguel Grau del Callao,Yovany Quevedo Guerra,,https://fbref.com/en/matches/aad64d0a/Cantolao-Sport-Rosario-October-4-2018-Torneo-Descentralizado
Liga 1 de Fútbol Profesional,M,PER,2018,1st,Torneo Clausura,7,Thu,2018-10-04,20:00,Universitario,1.0,Sport Huancayo,0.0,12356.0,Estadio Monumental,Jesús Cartagena,,https://fbref.com/en/matches/e642a314/Universitario-Sport-Huancayo-October-4-2018-Torneo-Descentralizado
Liga 1 de Fútbol Profesional,M,PER,2018,1st,Torneo Clausura,5,Mon,2018-10-08,15:30,Dep Municipal,1.0,Alianza Lima,0.0,10556.0,Estadio Nacional,Eduardo Chirinos,,https://fbref.com/en/matches/f34c51d2/Deportivo-Municipal-Alianza-Lima-October-8-2018-Torneo-Descentralizado
Liga 1 de Fútbol Profesional,M,PER,2018,1st,Torneo Clausura,5,Sat,2018-10-13,20:00,Universitario,2.0,Unión Comercio,1.0,23101.0,Estadio Monumental,Diego Haro,,https://fbref.com/en/matches/b83ef4a7/Universitario-Union-Comercio-October-13-2018-Torneo-Descentralizado
Liga 1 de Fútbol Profesional,M,PER,2018,1st,Torneo Clausura,2,Sun,2018-10-14,15:00,Sport Boys,1.0,Alianza Lima,1.0,125.0,Estadio Miguel Grau del Callao,Miguel Santiváñez,,https://fbref.com/en/matches/9235fd54/Sport-Boys-Alianza-Lima-October-14-2018-Torneo-Descentralizado
Liga 1 de Fútbol Profesional,M,PER,2018,1st,Torneo Clausura,8,Fri,2018-10-19,20:00,Sport Huancayo,3.0,Ayacucho,3.0,1098.0,Estadio Huancayo,Michael Espinoza,,https://fbref.com/en/matches/139601c5/Sport-Huancayo-Ayacucho-October-19-2018-Torneo-Descentralizado
Liga 1 de Fútbol Profesional,M,PER,2018,1st,Torneo Clausura,8,Sat,2018-10-20,13:00,Binacional,0.0,Universitario,1.0,4962.0,Estadio 25 de Noviembre,Joel Alarcón,,https://fbref.com/en/matches/2018585a/Binacional-Universitario-October-20-2018-Torneo-Descentralizado
Liga 1 de Fútbol Profesional,M,PER,2018,1st,Torneo Clausura,8,Sat,2018-10-20,15:30,Real Garcilaso,1.0,Unión Comercio,0.0,1481.0,Estadio Inca Garcilaso de la Vega,Víctor Carrillo,,https://fbref.com/en/matches/cd66f090/Real-Garcilaso-Union-Comercio-October-20-2018-Torneo-Descentralizado
Liga 1 de Fútbol Profesional,M,PER,2018,1st,Torneo Clausura,8,Sat,2018-10-20,17:45,Sport Rosario,0.0,USMP,2.0,1141.0,Estadio Rosas Pampa,Kevin Ortega,,https://fbref.com/en/matches/3abe956f/Sport-Rosario-Universidad-San-Martin-October-20-2018-Torneo-Descentralizado
Liga 1 de Fútbol Profesional,M,PER,2018,1st,Torneo Clausura,8,Sat,2018-10-20,20:00,Sport Boys,3.0,Cantolao,1.0,2940.0,Estadio Miguel Grau del Callao,Luis Garay Evia,,https://fbref.com/en/matches/fff47d64/Sport-Boys-Cantolao-October-20-2018-Torneo-Descentralizado
Liga 1 de Fútbol Profesional,M,PER,2018,1st,Torneo Clausura,8,Sun,2018-10-21,11:00,Sporting Cristal,1.0,UTC,0.0,3714.0,Estadio Alberto Gallardo,Fernando Legario,,https://fbref.com/en/matches/5ac1cd7b/Sporting-Cristal-Universidad-Tecnica-de-Cajamarca-October-21-2018-Torneo-Descentralizado
Liga 1 de Fútbol Profesional,M,PER,2018,1st,Torneo Clausura,8,Sun,2018-10-21,13:30,Dep Municipal,1.0,Comerciantes,0.0,454.0,Estadio Miguel Grau del Callao,Jesús Cartagena,,https://fbref.com/en/matches/ce43c784/Deportivo-Municipal-Comerciantes-Unidos-October-21-2018-Torneo-Descentralizado
Liga 1 de Fútbol Profesional,M,PER,2018,1st,Torneo Clausura,8,Sun,2018-10-21,16:00,Alianza Lima,0.0,Melgar,1.0,7446.0,Estadio Alejandro Villanueva,Augusto Menéndez,,https://fbref.com/en/matches/c237eab0/Alianza-Lima-Melgar-October-21-2018-Torneo-Descentralizado
Liga 1 de Fútbol Profesional,M,PER,2018,1st,Torneo Clausura,9,Tue,2018-10-23,13:00,USMP,1.0,Sport Boys,0.0,769.0,Estadio Alberto Gallardo,Renzo Castañeda,,https://fbref.com/en/matches/8e9f775b/Universidad-San-Martin-Sport-Boys-October-23-2018-Torneo-Descentralizado
Liga 1 de Fútbol Profesional,M,PER,2018,1st,Torneo Clausura,9,Tue,2018-10-23,15:30,Comerciantes,1.0,Real Garcilaso,0.0,363.0,Estadio Cristo es el Señor,Micke Palomino,,https://fbref.com/en/matches/6eef7750/Comerciantes-Unidos-Real-Garcilaso-October-23-2018-Torneo-Descentralizado
Liga 1 de Fútbol Profesional,M,PER,2018,1st,Torneo Clausura,9,Tue,2018-10-23,20:30,Universitario,2.0,Sport Rosario,0.0,24743.0,Estadio Monumental,Michael Espinoza,,https://fbref.com/en/matches/53dc822a/Universitario-Sport-Rosario-October-23-2018-Torneo-Descentralizado
Liga 1 de Fútbol Profesional,M,PER,2018,1st,Torneo Clausura,9,Wed,2018-10-24,13:00,Unión Comercio,4.0,Sport Huancayo,2.0,280.0,Estadio del IPD,Iván Chang,,https://fbref.com/en/matches/604bdcb1/Union-Comercio-Sport-Huancayo-October-24-2018-Torneo-Descentralizado
Liga 1 de Fútbol Profesional,M,PER,2018,1st,Torneo Clausura,9,Wed,2018-10-24,15:30,UTC,0.0,Alianza Lima,1.0,100.0,Estadio Cristo es el Señor,Joel Alarcón,,https://fbref.com/en/matches/77a9bd55/Universidad-Tecnica-de-Cajamarca-Alianza-Lima-October-24-2018-Torneo-Descentralizado
Liga 1 de Fútbol Profesional,M,PER,2018,1st,Torneo Clausura,9,Wed,2018-10-24,15:30,Ayacucho,3.0,Binacional,0.0,100.0,Estadio Ciudad de Cumaná,Hibert Villegas,,https://fbref.com/en/matches/aedb63ab/Ayacucho-Binacional-October-24-2018-Torneo-Descentralizado
Liga 1 de Fútbol Profesional,M,PER,2018,1st,Torneo Clausura,9,Wed,2018-10-24,20:00,Cantolao,0.0,Sporting Cristal,3.0,1084.0,Estadio Miguel Grau del Callao,Ramón Blanco,,https://fbref.com/en/matches/a5cdbb88/Cantolao-Sporting-Cristal-October-24-2018-Torneo-Descentralizado
Liga 1 de Fútbol Profesional,M,PER,2018,1st,Torneo Clausura,9,Thu,2018-10-25,20:00,Melgar,1.0,Dep Municipal,0.0,7725.0,Estadio de la Universidad Nacional San A...,Miguel Santiváñez,,https://fbref.com/en/matches/cd65fecd/Melgar-Deportivo-Municipal-October-25-2018-Torneo-Descentralizado
Liga 1 de Fútbol Profesional,M,PER,2018,1st,Torneo Clausura,10,Sat,2018-10-27,13:00,Sporting Cristal,0.0,USMP,1.0,2728.0,Estadio Alberto Gallardo,Jesús Cartagena,,https://fbref.com/en/matches/2768a4f1/Sporting-Cristal-Universidad-San-Martin-October-27-2018-Torneo-Descentralizado
Liga 1 de Fútbol Profesional,M,PER,2018,1st,Torneo Clausura,10,Sat,2018-10-27,15:30,Comerciantes,2.0,Unión Comercio,2.0,301.0,Estadio Cristo es el Señor,Víctor Carrillo,,https://fbref.com/en/matches/474e27fe/Comerciantes-Unidos-Union-Comercio-October-27-2018-Torneo-Descentralizado
Liga 1 de Fútbol Profesional,M,PER,2018,1st,Torneo Clausura,10,Sat,2018-10-27,17:45,Sport Rosario,2.0,Ayacucho,3.0,1612.0,Estadio Rosas Pampa,Ramón Blanco,,https://fbref.com/en/matches/19f22427/Sport-Rosario-Ayacucho-October-27-2018-Torneo-Descentralizado
Liga 1 de Fútbol Profesional,M,PER,2018,1st,Torneo Clausura,10,Sat,2018-10-27,20:00,Sport Boys,0.0,Universitario,0.0,26171.0,Estadio Nacional,Miguel Santiváñez,,https://fbref.com/en/matches/56f157fc/Sport-Boys-Universitario-October-27-2018-Torneo-Descentralizado
Liga 1 de Fútbol Profesional,M,PER,2018,1st,Torneo Clausura,10,Sun,2018-10-28,11:00,Binacional,0.0,Sport Huancayo,0.0,677.0,Estadio 25 de Noviembre,Eduardo Chirinos,,https://fbref.com/en/matches/22a0a08c/Binacional-Sport-Huancayo-October-28-2018-Torneo-Descentralizado
Liga 1 de Fútbol Profesional,M,PER,2018,1st,Torneo Clausura,10,Sun,2018-10-28,13:30,Dep Municipal,0.0,UTC,1.0,398.0,Estadio Miguel Grau del Callao,Iván Chang,,https://fbref.com/en/matches/0589db70/Deportivo-Municipal-Universidad-Tecnica-de-Cajamarca-October-28-2018-Torneo-Descentralizado
Liga 1 de Fútbol Profesional,M,PER,2018,1st,Torneo Clausura,10,Sun,2018-10-28,16:00,Alianza Lima,2.0,Cantolao,0.0,4858.0,Estadio Alejandro Villanueva,Renzo Castañeda,,https://fbref.com/en/matches/20b9396e/Alianza-Lima-Cantolao-October-28-2018-Torneo-Descentralizado
Liga 1 de Fútbol Profesional,M,PER,2018,1st,Torneo Clausura,10,Sun,2018-10-28,19:30,Real Garcilaso,2.0,Melgar,2.0,2378.0,Estadio Inca Garcilaso de la Vega,Augusto Menéndez,,https://fbref.com/en/matches/953ca6ef/Real-Garcilaso-Melgar-October-28-2018-Torneo-Descentralizado
Liga 1 de Fútbol Profesional,M,PER,2018,1st,Torneo Clausura,11,Tue,2018-10-30,15:30,Ayacucho,3.0,Sport Boys,2.0,3175.0,Estadio Ciudad de Cumaná,Edwin Ordóñez,,https://fbref.com/en/matches/f618cb85/Ayacucho-Sport-Boys-October-30-2018-Torneo-Descentralizado
Liga 1 de Fútbol Profesional,M,PER,2018,1st,Torneo Clausura,11,Tue,2018-10-30,20:30,Universitario,2.0,Sporting Cristal,1.0,34940.0,Estadio Monumental,Joel Alarcón,,https://fbref.com/en/matches/55a76f6c/Universitario-Sporting-Cristal-October-30-2018-Torneo-Descentralizado
Liga 1 de Fútbol Profesional,M,PER,2018,1st,Torneo Clausura,11,Wed,2018-10-31,15:30,UTC,1.0,Real Garcilaso,1.0,363.0,Estadio Cristo es el Señor,José Mendoza,,https://fbref.com/en/matches/e3203bba/Universidad-Tecnica-de-Cajamarca-Real-Garcilaso-October-31-2018-Torneo-Descentralizado
Liga 1 de Fútbol Profesional,M,PER,2018,1st,Torneo Clausura,11,Wed,2018-10-31,17:45,Cantolao,1.0,Dep Municipal,0.0,221.0,Estadio Miguel Grau del Callao,Fernando Legario,,https://fbref.com/en/matches/d9938658/Cantolao-Deportivo-Municipal-October-31-2018-Torneo-Descentralizado
Liga 1 de Fútbol Profesional,M,PER,2018,1st,Torneo Clausura,11,Thu,2018-11-01,15:30,Unión Comercio,1.0,Binacional,1.0,411.0,Estadio del IPD,Yovany Quevedo Guerra,,https://fbref.com/en/matches/b51a8a8a/Union-Comercio-Binacional-November-1-2018-Torneo-Descentralizado
Liga 1 de Fútbol Profesional,M,PER,2018,1st,Torneo Clausura,11,Thu,2018-11-01,17:45,Sport Huancayo,1.0,Sport Rosario,1.0,1061.0,Estadio Huancayo,Augusto Menéndez,,https://fbref.com/en/matches/de63efc9/Sport-Huancayo-Sport-Rosario-November-1-2018-Torneo-Descentralizado
Liga 1 de Fútbol Profesional,M,PER,2018,1st,Torneo Clausura,11,Thu,2018-11-01,20:00,Melgar,2.0,Comerciantes,1.0,4885.0,Estadio de la Universidad Nacional San A...,Renzo Castañeda,,https://fbref.com/en/matches/35e36e89/Melgar-Comerciantes-Unidos-November-1-2018-Torneo-Descentralizado
Liga 1 de Fútbol Profesional,M,PER,2018,1st,Torneo Clausura,12,Sat,2018-11-03,15:00,Dep Municipal,3.0,USMP,1.0,181.0,Estadio Miguel Grau del Callao,Jorge Panta,,https://fbref.com/en/matches/81e6d0ef/Deportivo-Municipal-Universidad-San-Martin-November-3-2018-Torneo-Descentralizado
Liga 1 de Fútbol Profesional,M,PER,2018,1st,Torneo Clausura,12,Sat,2018-11-03,17:15,Real Garcilaso,3.0,Cantolao,1.0,1317.0,Estadio Inca Garcilaso de la Vega,Gean Pierre Barbagelatta,,https://fbref.com/en/matches/027953cf/Real-Garcilaso-Cantolao-November-3-2018-Torneo-Descentralizado
Liga 1 de Fútbol Profesional,M,PER,2018,1st,Torneo Clausura,12,Sat,2018-11-03,20:00,Alianza Lima,2.0,Universitario,1.0,17221.0,Estadio Alejandro Villanueva,Miguel Santiváñez,,https://fbref.com/en/matches/15513745/Alianza-Lima-Universitario-November-3-2018-Torneo-Descentralizado
Liga 1 de Fútbol Profesional,M,PER,2018,1st,Torneo Clausura,12,Sun,2018-11-04,13:30,Sport Boys,2.0,Sport Huancayo,0.0,2719.0,Estadio Miguel Grau del Callao,Víctor Carrillo,,https://fbref.com/en/matches/3d0c5baa/Sport-Boys-Sport-Huancayo-November-4-2018-Torneo-Descentralizado
Liga 1 de Fútbol Profesional,M,PER,2018,1st,Torneo Clausura,12,Sun,2018-11-04,15:30,Comerciantes,0.0,UTC,0.0,1045.0,Estadio Cristo es el Señor,Micke Palomino,,https://fbref.com/en/matches/7d3704b0/Comerciantes-Unidos-Universidad-Tecnica-de-Cajamarca-November-4-2018-Torneo-Descentralizado
Liga 1 de Fútbol Profesional,M,PER,2018,1st,Torneo Clausura,12,Sun,2018-11-04,16:00,Sporting Cristal,6.0,Ayacucho,0.0,3591.0,Estadio Alberto Gallardo,Diego Haro,,https://fbref.com/en/matches/3f0341e1/Sporting-Cristal-Ayacucho-November-4-2018-Torneo-Descentralizado
Liga 1 de Fútbol Profesional,M,PER,2018,1st,Torneo Clausura,12,Sun,2018-11-04,18:30,Sport Rosario,0.0,Binacional,2.0,1775.0,Estadio Rosas Pampa,Luis Seminario,,https://fbref.com/en/matches/d10770a9/Sport-Rosario-Binacional-November-4-2018-Torneo-Descentralizado
Liga 1 de Fútbol Profesional,M,PER,2018,1st,Torneo Clausura,12,Mon,2018-11-05,20:00,Melgar,1.0,Unión Comercio,0.0,4521.0,Estadio de la Universidad Nacional San A...,Michael Espinoza,,https://fbref.com/en/matches/c854c955/Melgar-Union-Comercio-November-5-2018-Torneo-Descentralizado
Liga 1 de Fútbol Profesional,M,PER,2018,1st,Torneo Clausura,13,Tue,2018-11-06,15:30,USMP,2.0,Real Garcilaso,3.0,137.0,Estadio Alberto Gallardo,Fernando Legario,,https://fbref.com/en/matches/d9c85c1a/Universidad-San-Martin-Real-Garcilaso-November-6-2018-Torneo-Descentralizado
Liga 1 de Fútbol Profesional,M,PER,2018,1st,Torneo Clausura,13,Tue,2018-11-06,20:00,Universitario,1.0,Dep Municipal,2.0,11697.0,Estadio Monumental,Jesús Cartagena,,https://fbref.com/en/matches/4ff9fd51/Universitario-Deportivo-Municipal-November-6-2018-Torneo-Descentralizado
Liga 1 de Fútbol Profesional,M,PER,2018,1st,Torneo Clausura,13,Wed,2018-11-07,11:00,Cantolao,2.0,Comerciantes,0.0,229.0,Estadio Miguel Grau del Callao,Augusto Menéndez,,https://fbref.com/en/matches/b089b792/Cantolao-Comerciantes-Unidos-November-7-2018-Torneo-Descentralizado
Liga 1 de Fútbol Profesional,M,PER,2018,1st,Torneo Clausura,13,Wed,2018-11-07,13:15,Binacional,2.0,Sport Boys,1.0,753.0,Estadio 25 de Noviembre,José Martínez,,https://fbref.com/en/matches/381db285/Binacional-Sport-Boys-November-7-2018-Torneo-Descentralizado
Liga 1 de Fútbol Profesional,M,PER,2018,1st,Torneo Clausura,13,Wed,2018-11-07,15:30,Ayacucho,1.0,Alianza Lima,2.0,7757.0,Estadio Ciudad de Cumaná,Michael Espinoza,,https://fbref.com/en/matches/f5a351ee/Ayacucho-Alianza-Lima-November-7-2018-Torneo-Descentralizado
Liga 1 de Fútbol Profesional,M,PER,2018,1st,Torneo Clausura,13,Wed,2018-11-07,20:00,Sport Huancayo,1.0,Sporting Cristal,1.0,3758.0,Estadio Huancayo,Miguel Santiváñez,,https://fbref.com/en/matches/3472e391/Sport-Huancayo-Sporting-Cristal-November-7-2018-Torneo-Descentralizado
Liga 1 de Fútbol Profesional,M,PER,2018,1st,Torneo Clausura,13,Thu,2018-11-08,13:15,Unión Comercio,4.0,Sport Rosario,2.0,228.0,Estadio del IPD,Víctor Carrillo,,https://fbref.com/en/matches/68f2b992/Union-Comercio-Sport-Rosario-November-8-2018-Torneo-Descentralizado
Liga 1 de Fútbol Profesional,M,PER,2018,1st,Torneo Clausura,13,Thu,2018-11-08,15:30,UTC,3.0,Melgar,0.0,900.0,Estadio Cristo es el Señor,Diego Haro,,https://fbref.com/en/matches/5b2b5c34/Universidad-Tecnica-de-Cajamarca-Melgar-November-8-2018-Torneo-Descentralizado
Liga 1 de Fútbol Profesional,M,PER,2018,1st,Torneo Clausura,14,Sat,2018-11-10,13:00,Sporting Cristal,4.0,Binacional,0.0,2313.0,Estadio Alberto Gallardo,Iván Chang,,https://fbref.com/en/matches/1a77e7b3/Sporting-Cristal-Binacional-November-10-2018-Torneo-Descentralizado
Liga 1 de Fútbol Profesional,M,PER,2018,1st,Torneo Clausura,14,Sat,2018-11-10,15:30,Comerciantes,3.0,USMP,1.0,211.0,Estadio Cristo es el Señor,César Chung Saenz,,https://fbref.com/en/matches/c6656ac0/Comerciantes-Unidos-Universidad-San-Martin-November-10-2018-Torneo-Descentralizado
Liga 1 de Fútbol Profesional,M,PER,2018,1st,Torneo Clausura,14,Sat,2018-11-10,17:45,Real Garcilaso,0.0,Universitario,1.0,8737.0,Estadio Inca Garcilaso de la Vega,Eduardo Chirinos,,https://fbref.com/en/matches/bcda2a1b/Real-Garcilaso-Universitario-November-10-2018-Torneo-Descentralizado
Liga 1 de Fútbol Profesional,M,PER,2018,1st,Torneo Clausura,14,Sat,2018-11-10,20:00,Sport Boys,3.0,Sport Rosario,1.0,3884.0,Estadio Miguel Grau del Callao,Hibert Villegas,,https://fbref.com/en/matches/ed6fac2e/Sport-Boys-Sport-Rosario-November-10-2018-Torneo-Descentralizado
Liga 1 de Fútbol Profesional,M,PER,2018,1st,Torneo Clausura,14,Sun,2018-11-11,13:30,Dep Municipal,2.0,Ayacucho,2.0,647.0,Estadio Miguel Grau del Callao,José Martínez,,https://fbref.com/en/matches/825293bd/Deportivo-Municipal-Ayacucho-November-11-2018-Torneo-Descentralizado
Liga 1 de Fútbol Profesional,M,PER,2018,1st,Torneo Clausura,14,Sun,2018-11-11,16:00,Alianza Lima,2.0,Sport Huancayo,1.0,16186.0,Estadio Alejandro Villanueva,Joel Alarcón,,https://fbref.com/en/matches/52e5caa7/Alianza-Lima-Sport-Huancayo-November-11-2018-Torneo-Descentralizado
Liga 1 de Fútbol Profesional,M,PER,2018,1st,Torneo Clausura,14,Sun,2018-11-11,18:15,Melgar,0.0,Cantolao,1.0,7219.0,Estadio de la Universidad Nacional San A...,Edwin Ordóñez,,https://fbref.com/en/matches/c281a6a8/Melgar-Cantolao-November-11-2018-Torneo-Descentralizado
Liga 1 de Fútbol Profesional,M,PER,2018,1st,Torneo Clausura,14,Mon,2018-11-12,15:30,UTC,2.0,Unión Comercio,3.0,995.0,Estadio Cristo es el Señor,Kevin Menéndez Lagos,,https://fbref.com/en/matches/a9ca13e7/Universidad-Tecnica-de-Cajamarca-Union-Comercio-November-12-2018-Torneo-Descentralizado
Liga 1 de Fútbol Profesional,M,PER,2018,1st,Torneo Clausura,11,Wed,2018-11-21,20:00,USMP,1.0,Alianza Lima,1.0,1997.0,Estadio Nacional,Eduardo Chirinos,,https://fbref.com/en/matches/c94434d6/Universidad-San-Martin-Alianza-Lima-November-21-2018-Torneo-Descentralizado
Liga 1 de Fútbol Profesional,M,PER,2018,1st,Torneo Clausura,15,Fri,2018-11-23,20:00,Sport Rosario,0.0,Sporting Cristal,8.0,632.0,Estadio Rosas Pampa,Gean Pierre Barbagelatta,,https://fbref.com/en/matches/31cdaffa/Sport-Rosario-Sporting-Cristal-November-23-2018-Torneo-Descentralizado
Liga 1 de Fútbol Profesional,M,PER,2018,1st,Torneo Clausura,15,Sun,2018-11-25,11:00,Cantolao,2.0,UTC,1.0,857.0,Estadio Miguel Grau del Callao,Roberto Pérez,,https://fbref.com/en/matches/1bb515ee/Cantolao-Universidad-Tecnica-de-Cajamarca-November-25-2018-Torneo-Descentralizado
Liga 1 de Fútbol Profesional,M,PER,2018,1st,Torneo Clausura,15,Sun,2018-11-25,13:15,Unión Comercio,4.0,Sport Boys,2.0,442.0,Estadio Municipal de Nueva Cajamarca,Fernando Legario,,https://fbref.com/en/matches/ae3d8df0/Union-Comercio-Sport-Boys-November-25-2018-Torneo-Descentralizado
Liga 1 de Fútbol Profesional,M,PER,2018,1st,Torneo Clausura,15,Sun,2018-11-25,15:30,USMP,1.0,Melgar,1.0,475.0,Estadio Miguel Grau del Callao,Renzo Castañeda,,https://fbref.com/en/matches/163da186/Universidad-San-Martin-Melgar-November-25-2018-Torneo-Descentralizado
Liga 1 de Fútbol Profesional,M,PER,2018,1st,Torneo Clausura,15,Sun,2018-11-25,15:30,Binacional,3.0,Alianza Lima,2.0,3504.0,Estadio de la Universidad Nacional San A...,Hibert Villegas,,https://fbref.com/en/matches/1bbfdcb4/Binacional-Alianza-Lima-November-25-2018-Torneo-Descentralizado
Liga 1 de Fútbol Profesional,M,PER,2018,1st,Torneo Clausura,15,Sun,2018-11-25,15:30,Sport Huancayo,2.0,Dep Municipal,0.0,1315.0,Estadio Huancayo,José Mendoza,,https://fbref.com/en/matches/327d439d/Sport-Huancayo-Deportivo-Municipal-November-25-2018-Torneo-Descentralizado
Liga 1 de Fútbol Profesional,M,PER,2018,1st,Torneo Clausura,15,Sun,2018-11-25,15:30,Ayacucho,1.0,Real Garcilaso,1.0,2283.0,Estadio Ciudad de Cumaná,Luis Seminario,,https://fbref.com/en/matches/809c1090/Ayacucho-Real-Garcilaso-November-25-2018-Torneo-Descentralizado
Liga 1 de Fútbol Profesional,M,PER,2018,1st,Torneo Clausura,15,Sun,2018-11-25,15:30,Universitario,2.0,Comerciantes,0.0,23541.0,Estadio Nacional del Perú,Jordy Espinoza,,https://fbref.com/en/matches/8bea6fb1/Universitario-Comerciantes-Unidos-November-25-2018-Torneo-Descentralizado
Liga 1 de Fútbol Profesional,M,PER,2018,1st,Semi-finals,,Sun,2018-12-02,16:00,Alianza Lima,3.0,Melgar,3.0,28905.0,Estadio Alejandro Villanueva,Kevin Ortega,Leg 1 of 2,https://fbref.com/en/matches/9450daa3/Alianza-Lima-Melgar-December-2-2018-Torneo-Descentralizado
Liga 1 de Fútbol Profesional,M,PER,2018,1st,Semi-finals,,Thu,2018-12-06,20:00,Melgar,2.0,Alianza Lima,2.0,30177.0,Estadio de la Universidad Nacional San A...,Joel Alarcón,Leg 2 of 2; Alianza Lima won; Alianza Lima won on penalty kicks following extra time,https://fbref.com/en/matches/a0c4818c/Melgar-Alianza-Lima-December-6-2018-Torneo-Descentralizado
Liga 1 de Fútbol Profesional,M,PER,2018,1st,Finals,,Wed,2018-12-12,20:00,Alianza Lima,1.0,Sporting Cristal,4.0,30266.0,Estadio Alejandro Villanueva,Diego Haro,Leg 1 of 2,https://fbref.com/en/matches/57fb913d/Alianza-Lima-Sporting-Cristal-December-12-2018-Torneo-Descentralizado
Liga 1 de Fútbol Profesional,M,PER,2018,1st,Finals,,Sun,2018-12-16,16:00,Sporting Cristal,3.0,Alianza Lima,0.0,34635.0,Estadio Nacional,Víctor Carrillo,Leg 2 of 2; Sporting Cristal won,https://fbref.com/en/matches/6dc5599d/Sporting-Cristal-Alianza-Lima-December-16-2018-Torneo-Descentralizado
Liga 1 de Fútbol Profesional,M,PER,2019,1st,Torneo Apertura,1,Fri,2019-02-15,20:00,Alianza Lima,3.0,Sport Boys,0.0,30025.0,Estadio Alejandro Villanueva,Luis Garay Evia,,https://fbref.com/en/matches/4312a013/Alianza-Lima-Sport-Boys-February-15-2019-Liga-1
Liga 1 de Fútbol Profesional,M,PER,2019,1st,Torneo Apertura,1,Sat,2019-02-16,13:15,USMP,1.0,UTC,1.0,356.0,Estadio Alberto Gallardo,Micke Palomino,,https://fbref.com/en/matches/ad018755/Universidad-San-Martin-Universidad-Tecnica-de-Cajamarca-February-16-2019-Liga-1
Liga 1 de Fútbol Profesional,M,PER,2019,1st,Torneo Apertura,1,Sat,2019-02-16,15:30,Binacional,1.0,U César Vallejo,0.0,10624.0,Estadio Guillermo Briceño Rosamedina,Renzo Castañeda,,https://fbref.com/en/matches/1338b8fc/Binacional-Universidad-Cesar-Vallejo-February-16-2019-Liga-1
Liga 1 de Fútbol Profesional,M,PER,2019,1st,Torneo Apertura,1,Sat,2019-02-16,17:45,Mannucci,4.0,Ayacucho,4.0,3947.0,Estadio Mansiche,Edwin Ordóñez,,https://fbref.com/en/matches/b1400c0f/Carlos-A-Mannucci-Ayacucho-February-16-2019-Liga-1
Liga 1 de Fútbol Profesional,M,PER,2019,1st,Torneo Apertura,1,Sat,2019-02-16,20:00,Sport Huancayo,0.0,Sporting Cristal,2.0,7798.0,Estadio Huancayo,Miguel Santiváñez,,https://fbref.com/en/matches/844a9463/Sport-Huancayo-Sporting-Cristal-February-16-2019-Liga-1
Liga 1 de Fútbol Profesional,M,PER,2019,1st,Torneo Apertura,1,Sun,2019-02-17,13:30,Unión Comercio,1.0,Universitario,1.0,2693.0,Estadio del IPD,Kevin Ortega,,https://fbref.com/en/matches/3a9838af/Union-Comercio-Universitario-February-17-2019-Liga-1
Liga 1 de Fútbol Profesional,M,PER,2019,1st,Torneo Apertura,1,Sun,2019-02-17,16:00,Melgar,0.0,Dep Municipal,3.0,5617.0,Estadio de la Universidad Nacional San A...,Michael Espinoza,,https://fbref.com/en/matches/d7b5f9bc/Melgar-Deportivo-Municipal-February-17-2019-Liga-1
Liga 1 de Fútbol Profesional,M,PER,2019,1st,Torneo Apertura,1,Mon,2019-02-18,15:30,Pirata,2.0,Real Garcilaso,1.0,2635.0,Estadio Municipal Francisco Mendoza Piza...,Víctor Carrillo,,https://fbref.com/en/matches/47af9c3b/Pirata-Real-Garcilaso-February-18-2019-Liga-1
Liga 1 de Fútbol Profesional,M,PER,2019,1st,Torneo Apertura,1,Mon,2019-02-18,20:00,Alianza Univ,0.0,Cantolao,0.0,10908.0,Estadio Heraclio Tapia León,Joel Alarcón,,https://fbref.com/en/matches/cbc91c83/Alianza-Universidad-Cantolao-February-18-2019-Liga-1
Liga 1 de Fútbol Profesional,M,PER,2019,1st,Torneo Apertura,2,Fri,2019-02-22,15:30,UTC,0.0,Mannucci,0.0,2020.0,Estadio Cristo es el Señor,Luis Seminario,,https://fbref.com/en/matches/392b5872/Universidad-Tecnica-de-Cajamarca-Carlos-A-Mannucci-February-22-2019-Liga-1
Liga 1 de Fútbol Profesional,M,PER,2019,1st,Torneo Apertura,2,Fri,2019-02-22,20:00,Universitario,3.0,Pirata,1.0,13329.0,Estadio Monumental,Michael Espinoza,,https://fbref.com/en/matches/4a31ddba/Universitario-Pirata-February-22-2019-Liga-1
Liga 1 de Fútbol Profesional,M,PER,2019,1st,Torneo Apertura,2,Sat,2019-02-23,13:15,U César Vallejo,2.0,Sport Huancayo,2.0,1204.0,Estadio Mansiche,Kevin Ortega,,https://fbref.com/en/matches/7e3f4c90/Universidad-Cesar-Vallejo-Sport-Huancayo-February-23-2019-Liga-1
Liga 1 de Fútbol Profesional,M,PER,2019,1st,Torneo Apertura,2,Sat,2019-02-23,15:30,Ayacucho,1.0,Melgar,1.0,4104.0,Estadio Ciudad de Cumaná,Jesús Cartagena,,https://fbref.com/en/matches/33899936/Ayacucho-Melgar-February-23-2019-Liga-1
Liga 1 de Fútbol Profesional,M,PER,2019,1st,Torneo Apertura,2,Sat,2019-02-23,17:30,Cantolao,0.0,Binacional,4.0,106.0,Estadio Miguel Grau del Callao,Hibert Villegas,,https://fbref.com/en/matches/c6c362a3/Cantolao-Binacional-February-23-2019-Liga-1
Liga 1 de Fútbol Profesional,M,PER,2019,1st,Torneo Apertura,2,Sat,2019-02-23,20:00,Sport Boys,0.0,Unión Comercio,1.0,5646.0,Estadio Miguel Grau del Callao,Diego Haro,,https://fbref.com/en/matches/e3c2f778/Sport-Boys-Union-Comercio-February-23-2019-Liga-1
Liga 1 de Fútbol Profesional,M,PER,2019,1st,Torneo Apertura,2,Sun,2019-02-24,13:30,Dep Municipal,0.0,Alianza Univ,0.0,835.0,Estadio Miguel Grau del Callao,Augusto Menéndez,,https://fbref.com/en/matches/b68ed3f2/Deportivo-Municipal-Alianza-Universidad-February-24-2019-Liga-1
Liga 1 de Fútbol Profesional,M,PER,2019,1st,Torneo Apertura,2,Sun,2019-02-24,16:00,Sporting Cristal,1.0,Alianza Lima,0.0,19658.0,Estadio Nacional,Víctor Carrillo,,https://fbref.com/en/matches/8ce013b3/Sporting-Cristal-Alianza-Lima-February-24-2019-Liga-1
Liga 1 de Fútbol Profesional,M,PER,2019,1st,Torneo Apertura,2,Mon,2019-02-25,15:30,Real Garcilaso,2.0,USMP,1.0,1776.0,Estadio Inca Garcilaso de la Vega,Joel Alarcón,,https://fbref.com/en/matches/73fb29c3/Real-Garcilaso-Universidad-San-Martin-February-25-2019-Liga-1
Liga 1 de Fútbol Profesional,M,PER,2019,1st,Torneo Apertura,3,Fri,2019-03-01,20:00,USMP,2.0,Universitario,3.0,20619.0,Estadio Nacional,Renzo Castañeda,,https://fbref.com/en/matches/b5aa2ca1/Universidad-San-Martin-Universitario-March-1-2019-Liga-1
Liga 1 de Fútbol Profesional,M,PER,2019,1st,Torneo Apertura,3,Sat,2019-03-02,15:30,Binacional,3.0,Dep Municipal,0.0,10537.0,Estadio Guillermo Briceño Rosamedina,Kevin Ortega,,https://fbref.com/en/matches/df475058/Binacional-Deportivo-Municipal-March-2-2019-Liga-1
Liga 1 de Fútbol Profesional,M,PER,2019,1st,Torneo Apertura,3,Sat,2019-03-02,17:45,Mannucci,0.0,Real Garcilaso,1.0,3401.0,Estadio Mansiche,Víctor Carrillo,,https://fbref.com/en/matches/7045abcc/Carlos-A-Mannucci-Real-Garcilaso-March-2-2019-Liga-1
Liga 1 de Fútbol Profesional,M,PER,2019,1st,Torneo Apertura,3,Sat,2019-03-02,20:00,Sport Boys,0.0,Sporting Cristal,3.0,5429.0,Estadio Miguel Grau del Callao,Michael Espinoza,,https://fbref.com/en/matches/bc6ab6b7/Sport-Boys-Sporting-Cristal-March-2-2019-Liga-1
Liga 1 de Fútbol Profesional,M,PER,2019,1st,Torneo Apertura,3,Sun,2019-03-03,15:30,Alianza Univ,1.0,Ayacucho,0.0,8246.0,Estadio Heraclio Tapia León,Miguel Santiváñez,,https://fbref.com/en/matches/40fb4797/Alianza-Universidad-Ayacucho-March-3-2019-Liga-1
Liga 1 de Fútbol Profesional,M,PER,2019,1st,Torneo Apertura,3,Sun,2019-03-03,16:00,Alianza Lima,3.0,U César Vallejo,1.0,19877.0,Estadio Alejandro Villanueva,Jesús Cartagena,,https://fbref.com/en/matches/14bc9930/Alianza-Lima-Universidad-Cesar-Vallejo-March-3-2019-Liga-1
Liga 1 de Fútbol Profesional,M,PER,2019,1st,Torneo Apertura,3,Mon,2019-03-04,15:30,Unión Comercio,2.0,Pirata,0.0,710.0,Estadio del IPD,Gean Pierre Barbagelatta,,https://fbref.com/en/matches/5f531c47/Union-Comercio-Pirata-March-4-2019-Liga-1
Liga 1 de Fútbol Profesional,M,PER,2019,1st,Torneo Apertura,3,Mon,2019-03-04,20:00,Sport Huancayo,0.0,Cantolao,3.0,1307.0,Estadio Huancayo,Jorge Panta,,https://fbref.com/en/matches/d9779aa1/Sport-Huancayo-Cantolao-March-4-2019-Liga-1
Liga 1 de Fútbol Profesional,M,PER,2019,1st,Torneo Apertura,4,Fri,2019-03-08,15:30,Ayacucho,3.0,Binacional,2.0,2087.0,Estadio Ciudad de Cumaná,Gerson Huiman,,https://fbref.com/en/matches/5c498bce/Ayacucho-Binacional-March-8-2019-Liga-1
Liga 1 de Fútbol Profesional,M,PER,2019,1st,Torneo Apertura,4,Fri,2019-03-08,20:00,U César Vallejo,1.0,Sport Boys,0.0,1588.0,Estadio Mansiche,Ramón Blanco,,https://fbref.com/en/matches/b72edb6e/Universidad-Cesar-Vallejo-Sport-Boys-March-8-2019-Liga-1
Liga 1 de Fútbol Profesional,M,PER,2019,1st,Torneo Apertura,4,Sat,2019-03-09,13:15,Sporting Cristal,1.0,Unión Comercio,0.0,2258.0,Estadio Alberto Gallardo,José Mendoza,,https://fbref.com/en/matches/7f538adb/Sporting-Cristal-Union-Comercio-March-9-2019-Liga-1
Liga 1 de Fútbol Profesional,M,PER,2019,1st,Torneo Apertura,4,Sat,2019-03-09,15:30,Real Garcilaso,1.0,Melgar,0.0,2995.0,Estadio Inca Garcilaso de la Vega,Edwin Ordóñez,,https://fbref.com/en/matches/875878df/Real-Garcilaso-Melgar-March-9-2019-Liga-1
Liga 1 de Fútbol Profesional,M,PER,2019,1st,Torneo Apertura,4,Sat,2019-03-09,20:00,Cantolao,1.0,Alianza Lima,2.0,3346.0,Estadio Miguel Grau del Callao,Diego Haro,,https://fbref.com/en/matches/1c0473a1/Cantolao-Alianza-Lima-March-9-2019-Liga-1
Liga 1 de Fútbol Profesional,M,PER,2019,1st,Torneo Apertura,4,Sun,2019-03-10,11:00,Pirata,0.0,USMP,0.0,1512.0,Estadio Municipal Francisco Mendoza Piza...,Miguel Santiváñez,,https://fbref.com/en/matches/ff20ff94/Pirata-Universidad-San-Martin-March-10-2019-Liga-1
Liga 1 de Fútbol Profesional,M,PER,2019,1st,Torneo Apertura,4,Sun,2019-03-10,13:30,Dep Municipal,2.0,Sport Huancayo,2.0,601.0,Estadio Municipal Segundo Aranda Torres,Michael Espinoza,,https://fbref.com/en/matches/160301af/Deportivo-Municipal-Sport-Huancayo-March-10-2019-Liga-1
Liga 1 de Fútbol Profesional,M,PER,2019,1st,Torneo Apertura,4,Sun,2019-03-10,16:00,Universitario,1.0,Mannucci,0.0,19460.0,Estadio Monumental,Kevin Ortega,,https://fbref.com/en/matches/c0e46db1/Universitario-Carlos-A-Mannucci-March-10-2019-Liga-1
Liga 1 de Fútbol Profesional,M,PER,2019,1st,Torneo Apertura,4,Mon,2019-03-11,15:30,UTC,2.0,Alianza Univ,1.0,865.0,Estadio Municipal Germán Contreras Jara,Fernando Legario,,https://fbref.com/en/matches/01c95a92/Universidad-Tecnica-de-Cajamarca-Alianza-Universidad-March-11-2019-Liga-1
Liga 1 de Fútbol Profesional,M,PER,2019,1st,Torneo Apertura,5,Fri,2019-03-15,15:30,Binacional,4.0,UTC,1.0,6850.0,Estadio Guillermo Briceño Rosamedina,Jorge Panta,,https://fbref.com/en/matches/da5cf83e/Binacional-Universidad-Tecnica-de-Cajamarca-March-15-2019-Liga-1
Liga 1 de Fútbol Profesional,M,PER,2019,1st,Torneo Apertura,5,Fri,2019-03-15,20:00,Sport Boys,0.0,Cantolao,0.0,1891.0,Estadio Miguel Grau del Callao,Kevin Ortega,,https://fbref.com/en/matches/af73bfea/Sport-Boys-Cantolao-March-15-2019-Liga-1
Liga 1 de Fútbol Profesional,M,PER,2019,1st,Torneo Apertura,5,Sat,2019-03-16,15:30,Unión Comercio,0.0,USMP,0.0,360.0,Estadio del IPD,Víctor Carrillo,,https://fbref.com/en/matches/2d765883/Union-Comercio-Universidad-San-Martin-March-16-2019-Liga-1
Liga 1 de Fútbol Profesional,M,PER,2019,1st,Torneo Apertura,5,Sat,2019-03-16,17:45,Sport Huancayo,2.0,Ayacucho,2.0,1453.0,Estadio Huancayo,Micke Palomino,,https://fbref.com/en/matches/2595f4a9/Sport-Huancayo-Ayacucho-March-16-2019-Liga-1
Liga 1 de Fútbol Profesional,M,PER,2019,1st,Torneo Apertura,5,Sat,2019-03-16,20:00,Alianza Lima,2.0,Dep Municipal,2.0,13168.0,Estadio Alejandro Villanueva,Augusto Menéndez,,https://fbref.com/en/matches/13543b40/Alianza-Lima-Deportivo-Municipal-March-16-2019-Liga-1
Liga 1 de Fútbol Profesional,M,PER,2019,1st,Torneo Apertura,5,Sun,2019-03-17,11:15,Sporting Cristal,4.0,U César Vallejo,1.0,2825.0,Estadio Alberto Gallardo,Miguel Santiváñez,,https://fbref.com/en/matches/041e720e/Sporting-Cristal-Universidad-Cesar-Vallejo-March-17-2019-Liga-1
Liga 1 de Fútbol Profesional,M,PER,2019,1st,Torneo Apertura,5,Sun,2019-03-17,13:30,Mannucci,3.0,Pirata,2.0,1523.0,Estadio Mansiche,Luis Seminario,,https://fbref.com/en/matches/674750d1/Carlos-A-Mannucci-Pirata-March-17-2019-Liga-1
Liga 1 de Fútbol Profesional,M,PER,2019,1st,Torneo Apertura,5,Sun,2019-03-17,15:30,Alianza Univ,2.0,Real Garcilaso,1.0,5789.0,Estadio Heraclio Tapia León,Jesús Cartagena,,https://fbref.com/en/matches/5d331a86/Alianza-Universidad-Real-Garcilaso-March-17-2019-Liga-1
Liga 1 de Fútbol Profesional,M,PER,2019,1st,Torneo Apertura,5,Sun,2019-03-17,16:00,Melgar,2.0,Universitario,1.0,14802.0,Estadio Nacional,Diego Haro,,https://fbref.com/en/matches/e5bd6554/Melgar-Universitario-March-17-2019-Liga-1
Liga 1 de Fútbol Profesional,M,PER,2019,1st,Torneo Apertura,3,Wed,2019-03-20,20:00,Melgar,1.0,UTC,1.0,,Estadio Nacional,Augusto Menéndez,,https://fbref.com/en/matches/0c565404/Melgar-Universidad-Tecnica-de-Cajamarca-March-20-2019-Liga-1
Liga 1 de Fútbol Profesional,M,PER,2019,1st,Torneo Apertura,6,Fri,2019-03-22,15:30,Real Garcilaso,0.0,Binacional,1.0,,Estadio Inca Garcilaso de la Vega,Hibert Villegas,,https://fbref.com/en/matches/ac0420b9/Real-Garcilaso-Binacional-March-22-2019-Liga-1
Liga 1 de Fútbol Profesional,M,PER,2019,1st,Torneo Apertura,6,Sat,2019-03-23,13:15,Pirata,2.0,Melgar,0.0,,Estadio Municipal Francisco Mendoza Piza...,Eduardo Chirinos,,https://fbref.com/en/matches/a8d8593f/Pirata-Melgar-March-23-2019-Liga-1
Liga 1 de Fútbol Profesional,M,PER,2019,1st,Torneo Apertura,6,Sat,2019-03-23,15:30,Ayacucho,2.0,Alianza Lima,0.0,,Estadio Ciudad de Cumaná,Renzo Castañeda,,https://fbref.com/en/matches/08e94cdb/Ayacucho-Alianza-Lima-March-23-2019-Liga-1
Liga 1 de Fútbol Profesional,M,PER,2019,1st,Torneo Apertura,6,Sat,2019-03-23,17:45,Cantolao,0.0,Sporting Cristal,0.0,,Estadio Miguel Grau del Callao,Víctor Carrillo,,https://fbref.com/en/matches/789826c0/Cantolao-Sporting-Cristal-March-23-2019-Liga-1
Liga 1 de Fútbol Profesional,M,PER,2019,1st,Torneo Apertura,6,Sat,2019-03-23,20:00,Universitario,1.0,Alianza Univ,1.0,,Estadio Monumental,Michael Espinoza,,https://fbref.com/en/matches/2d8b946a/Universitario-Alianza-Universidad-March-23-2019-Liga-1
Liga 1 de Fútbol Profesional,M,PER,2019,1st,Torneo Apertura,6,Sun,2019-03-24,11:15,USMP,1.0,Mannucci,0.0,,Estadio Alberto Gallardo,Jesús Cartagena,,https://fbref.com/en/matches/10d4fb1c/Universidad-San-Martin-Carlos-A-Mannucci-March-24-2019-Liga-1
Liga 1 de Fútbol Profesional,M,PER,2019,1st,Torneo Apertura,6,Sun,2019-03-24,16:00,Dep Municipal,3.0,Sport Boys,1.0,,Estadio Municipal Segundo Aranda Torres,Yovany Quevedo Guerra,,https://fbref.com/en/matches/10c2e526/Deportivo-Municipal-Sport-Boys-March-24-2019-Liga-1
Liga 1 de Fútbol Profesional,M,PER,2019,1st,Torneo Apertura,6,Sun,2019-03-24,18:15,U César Vallejo,3.0,Unión Comercio,0.0,,Estadio Mansiche,Joel Alarcón,,https://fbref.com/en/matches/47c32157/Universidad-Cesar-Vallejo-Union-Comercio-March-24-2019-Liga-1
Liga 1 de Fútbol Profesional,M,PER,2019,1st,Torneo Apertura,6,Mon,2019-03-25,15:30,UTC,0.0,Sport Huancayo,0.0,,Estadio Municipal Germán Contreras Jara,Luis Garay Evia,,https://fbref.com/en/matches/71f20834/Universidad-Tecnica-de-Cajamarca-Sport-Huancayo-March-25-2019-Liga-1
Liga 1 de Fútbol Profesional,M,PER,2019,1st,Torneo Apertura,7,Fri,2019-03-29,20:00,Alianza Lima,2.0,UTC,2.0,,Estadio Alejandro Villanueva,Edwin Ordóñez,,https://fbref.com/en/matches/19ac6a2d/Alianza-Lima-Universidad-Tecnica-de-Cajamarca-March-29-2019-Liga-1
Liga 1 de Fútbol Profesional,M,PER,2019,1st,Torneo Apertura,7,Sat,2019-03-30,13:15,Unión Comercio,0.0,Mannucci,2.0,,Estadio Municipal de Nueva Cajamarca,Pablo López,,https://fbref.com/en/matches/9d119dac/Union-Comercio-Carlos-A-Mannucci-March-30-2019-Liga-1
Liga 1 de Fútbol Profesional,M,PER,2019,1st,Torneo Apertura,7,Sat,2019-03-30,15:30,Binacional,4.0,Universitario,2.0,,Estadio Guillermo Briceño Rosamedina,Augusto Menéndez,,https://fbref.com/en/matches/244f9198/Binacional-Universitario-March-30-2019-Liga-1
Liga 1 de Fútbol Profesional,M,PER,2019,1st,Torneo Apertura,7,Sat,2019-03-30,17:45,Sport Huancayo,0.0,Real Garcilaso,1.0,,Estadio Huancayo,Roberto Pérez,,https://fbref.com/en/matches/4773d8e2/Sport-Huancayo-Real-Garcilaso-March-30-2019-Liga-1
Liga 1 de Fútbol Profesional,M,PER,2019,1st,Torneo Apertura,7,Sat,2019-03-30,20:00,Melgar,3.0,USMP,1.0,,Estadio de la Universidad Nacional San A...,Michael Espinoza,,https://fbref.com/en/matches/abab72f9/Melgar-Universidad-San-Martin-March-30-2019-Liga-1
Liga 1 de Fútbol Profesional,M,PER,2019,1st,Torneo Apertura,7,Sun,2019-03-31,13:30,Sport Boys,0.0,Ayacucho,1.0,,Estadio Miguel Grau del Callao,Miguel Santiváñez,,https://fbref.com/en/matches/7001b7df/Sport-Boys-Ayacucho-March-31-2019-Liga-1
Liga 1 de Fútbol Profesional,M,PER,2019,1st,Torneo Apertura,7,Sun,2019-03-31,15:30,Alianza Univ,0.0,Pirata,0.0,,Estadio Heraclio Tapia León,Luis Garay Evia,,https://fbref.com/en/matches/b5e00398/Alianza-Universidad-Pirata-March-31-2019-Liga-1
Liga 1 de Fútbol Profesional,M,PER,2019,1st,Torneo Apertura,7,Sun,2019-03-31,16:00,Sporting Cristal,2.0,Dep Municipal,0.0,,Estadio Alberto Gallardo,Joel Alarcón,,https://fbref.com/en/matches/b6b822c3/Sporting-Cristal-Deportivo-Municipal-March-31-2019-Liga-1
Liga 1 de Fútbol Profesional,M,PER,2019,1st,Torneo Apertura,7,Sun,2019-03-31,18:15,U César Vallejo,1.0,Cantolao,0.0,,Estadio Mansiche,Gean Pierre Barbagelatta,,https://fbref.com/en/matches/90bbb9ca/Universidad-Cesar-Vallejo-Cantolao-March-31-2019-Liga-1
Liga 1 de Fútbol Profesional,M,PER,2019,1st,Torneo Apertura,8,Fri,2019-04-05,20:00,Mannucci,0.0,Melgar,1.0,,Estadio Mansiche,Joel Alarcón,,https://fbref.com/en/matches/880b79c6/Carlos-A-Mannucci-Melgar-April-5-2019-Liga-1
Liga 1 de Fútbol Profesional,M,PER,2019,1st,Torneo Apertura,8,Sat,2019-04-06,13:15,USMP,1.0,Alianza Univ,1.0,,Estadio Miguel Grau del Callao,Miguel Santiváñez,,https://fbref.com/en/matches/4af49138/Universidad-San-Martin-Alianza-Universidad-April-6-2019-Liga-1
Liga 1 de Fútbol Profesional,M,PER,2019,1st,Torneo Apertura,8,Sat,2019-04-06,15:30,Ayacucho,2.0,Sporting Cristal,0.0,,Estadio Ciudad de Cumaná,Michael Espinoza,,https://fbref.com/en/matches/d090bd5e/Ayacucho-Sporting-Cristal-April-6-2019-Liga-1
Liga 1 de Fútbol Profesional,M,PER,2019,1st,Torneo Apertura,8,Sat,2019-04-06,17:45,Cantolao,1.0,Unión Comercio,1.0,,Estadio Municipal de Barranca,Renzo Castañeda,,https://fbref.com/en/matches/c8bd22ec/Cantolao-Union-Comercio-April-6-2019-Liga-1
Liga 1 de Fútbol Profesional,M,PER,2019,1st,Torneo Apertura,8,Sun,2019-04-07,11:15,Dep Municipal,1.0,U César Vallejo,0.0,,Estadio Iván Elías Moreno,Luis Garay Evia,,https://fbref.com/en/matches/dd4c1369/Deportivo-Municipal-Universidad-Cesar-Vallejo-April-7-2019-Liga-1
Liga 1 de Fútbol Profesional,M,PER,2019,1st,Torneo Apertura,8,Sun,2019-04-07,13:15,Pirata,1.0,Binacional,2.0,,Estadio César Flores Marigorda,Gerson Huiman,,https://fbref.com/en/matches/711782f1/Pirata-Binacional-April-7-2019-Liga-1
Liga 1 de Fútbol Profesional,M,PER,2019,1st,Torneo Apertura,8,Sun,2019-04-07,15:30,Real Garcilaso,2.0,Alianza Lima,1.0,,Estadio Inca Garcilaso de la Vega,Kevin Ortega,,https://fbref.com/en/matches/7a571342/Real-Garcilaso-Alianza-Lima-April-7-2019-Liga-1
Liga 1 de Fútbol Profesional,M,PER,2019,1st,Torneo Apertura,8,Mon,2019-04-08,15:30,UTC,2.0,Sport Boys,0.0,,Estadio Héroes de San Ramón,Jordy Espinoza,,https://fbref.com/en/matches/5aa50d38/Universidad-Tecnica-de-Cajamarca-Sport-Boys-April-8-2019-Liga-1
Liga 1 de Fútbol Profesional,M,PER,2019,1st,Torneo Apertura,9,Fri,2019-04-12,15:30,Binacional,6.0,USMP,0.0,,Estadio de la Universidad Nacional San A...,José Martínez,,https://fbref.com/en/matches/313f3da0/Binacional-Universidad-San-Martin-April-12-2019-Liga-1
Liga 1 de Fútbol Profesional,M,PER,2019,1st,Torneo Apertura,9,Fri,2019-04-12,17:45,Cantolao,3.0,Dep Municipal,0.0,,Estadio Miguel Grau del Callao,Eduardo Chirinos,,https://fbref.com/en/matches/dc073a35/Cantolao-Deportivo-Municipal-April-12-2019-Liga-1
Liga 1 de Fútbol Profesional,M,PER,2019,1st,Torneo Apertura,9,Fri,2019-04-12,20:00,Sport Boys,0.0,Real Garcilaso,0.0,,Estadio Miguel Grau,Luis Seminario,,https://fbref.com/en/matches/f27837f4/Sport-Boys-Real-Garcilaso-April-12-2019-Liga-1
Liga 1 de Fútbol Profesional,M,PER,2019,1st,Torneo Apertura,9,Sat,2019-04-13,15:30,Sport Huancayo,1.0,Pirata,0.0,,Estadio Huancayo,Alejandro Villanueva,,https://fbref.com/en/matches/271a9dc5/Sport-Huancayo-Pirata-April-13-2019-Liga-1
Liga 1 de Fútbol Profesional,M,PER,2019,1st,Torneo Apertura,9,Sat,2019-04-13,20:00,U César Vallejo,3.0,Ayacucho,1.0,,Estadio Mansiche,Jorge Panta,,https://fbref.com/en/matches/317cd012/Universidad-Cesar-Vallejo-Ayacucho-April-13-2019-Liga-1
Liga 1 de Fútbol Profesional,M,PER,2019,1st,Torneo Apertura,9,Sun,2019-04-14,13:30,Unión Comercio,1.0,Melgar,1.0,,Estadio del IPD,Ramón Blanco,,https://fbref.com/en/matches/49946222/Union-Comercio-Melgar-April-14-2019-Liga-1
Liga 1 de Fútbol Profesional,M,PER,2019,1st,Torneo Apertura,9,Sun,2019-04-14,15:30,Alianza Univ,3.0,Mannucci,0.0,,Estadio Heraclio Tapia León,José Mendoza,,https://fbref.com/en/matches/73ed7159/Alianza-Universidad-Carlos-A-Mannucci-April-14-2019-Liga-1
Liga 1 de Fútbol Profesional,M,PER,2019,1st,Torneo Apertura,9,Sun,2019-04-14,16:00,Sporting Cristal,3.0,UTC,1.0,,Estadio Alberto Gallardo,Víctor Carrillo,,https://fbref.com/en/matches/49fab34c/Sporting-Cristal-Universidad-Tecnica-de-Cajamarca-April-14-2019-Liga-1
Liga 1 de Fútbol Profesional,M,PER,2019,1st,Torneo Apertura,9,Mon,2019-04-15,20:00,Alianza Lima,2.0,Universitario,3.0,,Estadio Alejandro Villanueva,Diego Haro,,https://fbref.com/en/matches/6fac5ea4/Alianza-Lima-Universitario-April-15-2019-Liga-1
Liga 1 de Fútbol Profesional,M,PER,2019,1st,Torneo Apertura,10,Fri,2019-04-19,15:30,Real Garcilaso,1.0,Sporting Cristal,1.0,,Estadio Inca Garcilaso de la Vega,Miguel Santiváñez,,https://fbref.com/en/matches/abfff73e/Real-Garcilaso-Sporting-Cristal-April-19-2019-Liga-1
Liga 1 de Fútbol Profesional,M,PER,2019,1st,Torneo Apertura,10,Sat,2019-04-20,13:15,Pirata,2.0,Alianza Lima,2.0,,Estadio Municipal Francisco Mendoza Piza...,Michael Espinoza,,https://fbref.com/en/matches/98ce6856/Pirata-Alianza-Lima-April-20-2019-Liga-1
Liga 1 de Fútbol Profesional,M,PER,2019,1st,Torneo Apertura,10,Sat,2019-04-20,15:30,Ayacucho,0.0,Cantolao,0.0,,Estadio Ciudad de Cumaná,David Huaman,,https://fbref.com/en/matches/0c5aac19/Ayacucho-Cantolao-April-20-2019-Liga-1
Liga 1 de Fútbol Profesional,M,PER,2019,1st,Torneo Apertura,10,Sat,2019-04-20,17:45,Mannucci,4.0,Binacional,3.0,,Estadio Mansiche,Yovany Quevedo Guerra,,https://fbref.com/en/matches/8926d5f0/Carlos-A-Mannucci-Binacional-April-20-2019-Liga-1
Liga 1 de Fútbol Profesional,M,PER,2019,1st,Torneo Apertura,10,Sat,2019-04-20,20:00,Melgar,2.0,Alianza Univ,0.0,,Estadio de la Universidad Nacional San A...,Edwin Ordóñez,,https://fbref.com/en/matches/84fb0a0c/Melgar-Alianza-Universidad-April-20-2019-Liga-1
Liga 1 de Fútbol Profesional,M,PER,2019,1st,Torneo Apertura,10,Sun,2019-04-21,11:15,USMP,2.0,Sport Huancayo,1.0,,Estadio Alberto Gallardo,Víctor Carrillo,,https://fbref.com/en/matches/5e482227/Universidad-San-Martin-Sport-Huancayo-April-21-2019-Liga-1
Liga 1 de Fútbol Profesional,M,PER,2019,1st,Torneo Apertura,10,Sun,2019-04-21,13:30,Dep Municipal,1.0,Unión Comercio,0.0,,Estadio Municipal Segundo Aranda Torres,Joel Alarcón,,https://fbref.com/en/matches/e82e4392/Deportivo-Municipal-Union-Comercio-April-21-2019-Liga-1
Liga 1 de Fútbol Profesional,M,PER,2019,1st,Torneo Apertura,10,Sun,2019-04-21,16:00,Universitario,4.0,Sport Boys,0.0,,Estadio Monumental,Kevin Ortega,,https://fbref.com/en/matches/36bd62bf/Universitario-Sport-Boys-April-21-2019-Liga-1
Liga 1 de Fútbol Profesional,M,PER,2019,1st,Torneo Apertura,10,Tue,2019-04-23,15:30,UTC,4.0,U César Vallejo,1.0,,Estadio Municipal Germán Contreras Jara,Wilmer Villanueva,,https://fbref.com/en/matches/fd8d5669/Universidad-Tecnica-de-Cajamarca-Universidad-Cesar-Vallejo-April-23-2019-Liga-1
Liga 1 de Fútbol Profesional,M,PER,2019,1st,Torneo Apertura,11,Fri,2019-04-26,17:45,Cantolao,0.0,UTC,0.0,,Estadio Municipal de Barranca,Fernando Legario,,https://fbref.com/en/matches/9a24529e/Cantolao-Universidad-Tecnica-de-Cajamarca-April-26-2019-Liga-1
Liga 1 de Fútbol Profesional,M,PER,2019,1st,Torneo Apertura,11,Fri,2019-04-26,20:00,Sport Boys,2.0,Pirata,1.0,,Estadio Miguel Grau del Callao,Víctor Carrillo,,https://fbref.com/en/matches/dc11a3e4/Sport-Boys-Pirata-April-26-2019-Liga-1
Liga 1 de Fútbol Profesional,M,PER,2019,1st,Torneo Apertura,11,Sat,2019-04-27,15:30,Sport Huancayo,2.0,Mannucci,1.0,,Estadio Huancayo,José Martínez,,https://fbref.com/en/matches/c800d8f1/Sport-Huancayo-Carlos-A-Mannucci-April-27-2019-Liga-1
Liga 1 de Fútbol Profesional,M,PER,2019,1st,Torneo Apertura,11,Sat,2019-04-27,17:45,U César Vallejo,1.0,Real Garcilaso,0.0,,Estadio Mansiche,Augusto Menéndez,,https://fbref.com/en/matches/79029f4a/Universidad-Cesar-Vallejo-Real-Garcilaso-April-27-2019-Liga-1
Liga 1 de Fútbol Profesional,M,PER,2019,1st,Torneo Apertura,11,Sat,2019-04-27,20:00,Sporting Cristal,1.0,Universitario,1.0,,Estadio Alberto Gallardo,Joel Alarcón,,https://fbref.com/en/matches/915e2e60/Sporting-Cristal-Universitario-April-27-2019-Liga-1
Liga 1 de Fútbol Profesional,M,PER,2019,1st,Torneo Apertura,11,Sun,2019-04-28,13:15,Dep Municipal,2.0,Ayacucho,1.0,,Estadio Iván Elías Moreno,Diego Haro,,https://fbref.com/en/matches/d778d93b/Deportivo-Municipal-Ayacucho-April-28-2019-Liga-1
Liga 1 de Fútbol Profesional,M,PER,2019,1st,Torneo Apertura,11,Sun,2019-04-28,15:30,Binacional,3.0,Melgar,1.0,,Estadio de la Universidad Nacional San A...,Eduardo Chirinos,,https://fbref.com/en/matches/2bc601da/Binacional-Melgar-April-28-2019-Liga-1
Liga 1 de Fútbol Profesional,M,PER,2019,1st,Torneo Apertura,11,Sun,2019-04-28,15:30,Alianza Univ,2.0,Unión Comercio,2.0,,Estadio Heraclio Tapia León,Renzo Castañeda,,https://fbref.com/en/matches/d698b343/Alianza-Universidad-Union-Comercio-April-28-2019-Liga-1
Liga 1 de Fútbol Profesional,M,PER,2019,1st,Torneo Apertura,11,Sun,2019-04-28,18:00,Alianza Lima,1.0,USMP,0.0,,Estadio Alejandro Villanueva,Miguel Santiváñez,,https://fbref.com/en/matches/843fd4d1/Alianza-Lima-Universidad-San-Martin-April-28-2019-Liga-1
Liga 1 de Fútbol Profesional,M,PER,2019,1st,Torneo Apertura,8,Wed,2019-05-01,15:30,Universitario,1.0,Sport Huancayo,1.0,,Estadio Monumental,Micke Palomino,,https://fbref.com/en/matches/72b51019/Universitario-Sport-Huancayo-May-1-2019-Liga-1
Liga 1 de Fútbol Profesional,M,PER,2019,1st,Torneo Apertura,12,Fri,2019-05-03,20:00,Mannucci,2.0,Alianza Lima,2.0,,Estadio Mansiche,Víctor Carrillo,,https://fbref.com/en/matches/9ef86192/Carlos-A-Mannucci-Alianza-Lima-May-3-2019-Liga-1
Liga 1 de Fútbol Profesional,M,PER,2019,1st,Torneo Apertura,12,Sat,2019-05-04,13:15,Unión Comercio,0.0,Ayacucho,1.0,,Estadio Municipal de Nueva Cajamarca,Roberto Pérez,,https://fbref.com/en/matches/ac4ae4a3/Union-Comercio-Ayacucho-May-4-2019-Liga-1
Liga 1 de Fútbol Profesional,M,PER,2019,1st,Torneo Apertura,12,Sat,2019-05-04,15:30,UTC,2.0,Dep Municipal,2.0,,Estadio Héroes de San Ramón,Gerson Huiman,,https://fbref.com/en/matches/50066ebf/Universidad-Tecnica-de-Cajamarca-Deportivo-Municipal-May-4-2019-Liga-1
Liga 1 de Fútbol Profesional,M,PER,2019,1st,Torneo Apertura,12,Sat,2019-05-04,20:00,Melgar,2.0,Sport Huancayo,2.0,,Estadio de la Universidad Nacional San A...,Jesús Cartagena,,https://fbref.com/en/matches/9caee119/Melgar-Sport-Huancayo-May-4-2019-Liga-1
Liga 1 de Fútbol Profesional,M,PER,2019,1st,Torneo Apertura,12,Sun,2019-05-05,11:15,USMP,1.0,Sport Boys,1.0,,Estadio Miguel Grau del Callao,Diego Haro,,https://fbref.com/en/matches/11fc97cc/Universidad-San-Martin-Sport-Boys-May-5-2019-Liga-1
Liga 1 de Fútbol Profesional,M,PER,2019,1st,Torneo Apertura,12,Sun,2019-05-05,13:30,Pirata,0.0,Sporting Cristal,0.0,,Estadio César Flores Marigorda,Luis Garay Evia,,https://fbref.com/en/matches/ccd7182c/Pirata-Sporting-Cristal-May-5-2019-Liga-1
Liga 1 de Fútbol Profesional,M,PER,2019,1st,Torneo Apertura,12,Sun,2019-05-05,15:30,Alianza Univ,2.0,Binacional,3.0,,Estadio Heraclio Tapia León,Michael Espinoza,,https://fbref.com/en/matches/e1d7f144/Alianza-Universidad-Binacional-May-5-2019-Liga-1
Liga 1 de Fútbol Profesional,M,PER,2019,1st,Torneo Apertura,12,Sun,2019-05-05,16:00,Universitario,0.0,U César Vallejo,4.0,,Estadio Monumental,Luis Seminario,,https://fbref.com/en/matches/d0136685/Universitario-Universidad-Cesar-Vallejo-May-5-2019-Liga-1
Liga 1 de Fútbol Profesional,M,PER,2019,1st,Torneo Apertura,12,Mon,2019-05-06,15:30,Real Garcilaso,2.0,Cantolao,2.0,,Estadio Inca Garcilaso de la Vega,Hibert Villegas,,https://fbref.com/en/matches/2be720da/Real-Garcilaso-Cantolao-May-6-2019-Liga-1
Liga 1 de Fútbol Profesional,M,PER,2019,1st,Torneo Apertura,13,Fri,2019-05-10,15:30,Ayacucho,0.0,UTC,2.0,,Estadio Ciudad de Cumaná,Miguel Santiváñez,,https://fbref.com/en/matches/2f50476c/Ayacucho-Universidad-Tecnica-de-Cajamarca-May-10-2019-Liga-1
Liga 1 de Fútbol Profesional,M,PER,2019,1st,Torneo Apertura,13,Fri,2019-05-10,20:00,Cantolao,1.0,Universitario,0.0,,Estadio Miguel Grau del Callao,Víctor Carrillo,,https://fbref.com/en/matches/4b6025c7/Cantolao-Universitario-May-10-2019-Liga-1
Liga 1 de Fútbol Profesional,M,PER,2019,1st,Torneo Apertura,13,Sat,2019-05-11,13:15,Sport Boys,3.0,Mannucci,2.0,,Estadio Miguel Grau del Callao,Renzo Castañeda,,https://fbref.com/en/matches/57b2387a/Sport-Boys-Carlos-A-Mannucci-May-11-2019-Liga-1
Liga 1 de Fútbol Profesional,M,PER,2019,1st,Torneo Apertura,13,Sat,2019-05-11,15:30,Binacional,3.0,Unión Comercio,1.0,,Estadio Guillermo Briceño Rosamedina,Pablo López,,https://fbref.com/en/matches/790f8834/Binacional-Union-Comercio-May-11-2019-Liga-1
Liga 1 de Fútbol Profesional,M,PER,2019,1st,Torneo Apertura,13,Sat,2019-05-11,17:45,Sport Huancayo,2.0,Alianza Univ,0.0,,Estadio Huancayo,José Mendoza,,https://fbref.com/en/matches/3aaa5872/Sport-Huancayo-Alianza-Universidad-May-11-2019-Liga-1
Liga 1 de Fútbol Profesional,M,PER,2019,1st,Torneo Apertura,13,Sat,2019-05-11,20:00,U César Vallejo,2.0,Pirata,2.0,,Estadio Mansiche,Jordy Espinoza,,https://fbref.com/en/matches/86c5ac1a/Universidad-Cesar-Vallejo-Pirata-May-11-2019-Liga-1
Liga 1 de Fútbol Profesional,M,PER,2019,1st,Torneo Apertura,13,Sun,2019-05-12,13:30,Dep Municipal,1.0,Real Garcilaso,1.0,,Estadio Municipal Segundo Aranda Torres,Micke Palomino,,https://fbref.com/en/matches/382b898c/Deportivo-Municipal-Real-Garcilaso-May-12-2019-Liga-1
Liga 1 de Fútbol Profesional,M,PER,2019,1st,Torneo Apertura,13,Sun,2019-05-12,16:00,Alianza Lima,3.0,Melgar,2.0,,Estadio Alejandro Villanueva,Diego Haro,,https://fbref.com/en/matches/1cb76ebc/Alianza-Lima-Melgar-May-12-2019-Liga-1
Liga 1 de Fútbol Profesional,M,PER,2019,1st,Torneo Apertura,13,Mon,2019-05-13,15:30,Sporting Cristal,4.0,USMP,0.0,,Estadio Alberto Gallardo,Augusto Menéndez,,https://fbref.com/en/matches/674df52b/Sporting-Cristal-Universidad-San-Martin-May-13-2019-Liga-1
Liga 1 de Fútbol Profesional,M,PER,2019,1st,Torneo Apertura,14,Fri,2019-05-17,15:30,Binacional,1.0,Sport Huancayo,3.0,,Estadio Guillermo Briceño Rosamedina,José Martínez,,https://fbref.com/en/matches/f6fae53f/Binacional-Sport-Huancayo-May-17-2019-Liga-1
Liga 1 de Fútbol Profesional,M,PER,2019,1st,Torneo Apertura,14,Fri,2019-05-17,20:00,Melgar,1.0,Sport Boys,1.0,,Estadio de la Universidad Nacional San A...,Kevin Ortega,,https://fbref.com/en/matches/027103d7/Melgar-Sport-Boys-May-17-2019-Liga-1
Liga 1 de Fútbol Profesional,M,PER,2019,1st,Torneo Apertura,14,Sat,2019-05-18,11:00,Unión Comercio,4.0,UTC,0.0,,Estadio del IPD,Jonathan Zamora,,https://fbref.com/en/matches/02ef8ace/Union-Comercio-Universidad-Tecnica-de-Cajamarca-May-18-2019-Liga-1
Liga 1 de Fútbol Profesional,M,PER,2019,1st,Torneo Apertura,14,Sat,2019-05-18,15:30,Real Garcilaso,3.0,Ayacucho,0.0,,Estadio Inca Garcilaso de la Vega,Jorge Panta,,https://fbref.com/en/matches/1fefc7ff/Real-Garcilaso-Ayacucho-May-18-2019-Liga-1
Liga 1 de Fútbol Profesional,M,PER,2019,1st,Torneo Apertura,14,Sat,2019-05-18,20:00,Mannucci,2.0,Sporting Cristal,0.0,,Estadio Mansiche,Michael Espinoza,,https://fbref.com/en/matches/0e51eaca/Carlos-A-Mannucci-Sporting-Cristal-May-18-2019-Liga-1
Liga 1 de Fútbol Profesional,M,PER,2019,1st,Torneo Apertura,14,Sun,2019-05-19,11:15,Pirata,0.0,Cantolao,1.0,,Estadio Municipal Francisco Mendoza Piza...,Fernando Legario,,https://fbref.com/en/matches/9b662947/Pirata-Cantolao-May-19-2019-Liga-1
Liga 1 de Fútbol Profesional,M,PER,2019,1st,Torneo Apertura,14,Sun,2019-05-19,13:30,USMP,2.0,U César Vallejo,1.0,,Estadio Alberto Gallardo,Alejandro Villanueva,,https://fbref.com/en/matches/90b89b12/Universidad-San-Martin-Universidad-Cesar-Vallejo-May-19-2019-Liga-1
Liga 1 de Fútbol Profesional,M,PER,2019,1st,Torneo Apertura,14,Sun,2019-05-19,15:30,Alianza Univ,2.0,Alianza Lima,1.0,,Estadio Heraclio Tapia León,Edwin Ordóñez,,https://fbref.com/en/matches/8cba0d3d/Alianza-Universidad-Alianza-Lima-May-19-2019-Liga-1
Liga 1 de Fútbol Profesional,M,PER,2019,1st,Torneo Apertura,14,Sun,2019-05-19,16:00,Universitario,2.0,Dep Municipal,4.0,,Estadio Monumental,Diego Haro,,https://fbref.com/en/matches/13371e45/Universitario-Deportivo-Municipal-May-19-2019-Liga-1
Liga 1 de Fútbol Profesional,M,PER,2019,1st,Torneo Apertura,15,Fri,2019-05-24,15:30,UTC,3.0,Real Garcilaso,2.0,,Estadio Héroes de San Ramón,Yovany Quevedo Guerra,,https://fbref.com/en/matches/b485c439/Universidad-Tecnica-de-Cajamarca-Real-Garcilaso-May-24-2019-Liga-1
Liga 1 de Fútbol Profesional,M,PER,2019,1st,Torneo Apertura,15,Fri,2019-05-24,20:00,U César Vallejo,1.0,Mannucci,0.0,,Estadio Mansiche,Luis Garay Evia,,https://fbref.com/en/matches/3aea5f55/Universidad-Cesar-Vallejo-Carlos-A-Mannucci-May-24-2019-Liga-1
Liga 1 de Fútbol Profesional,M,PER,2019,1st,Torneo Apertura,15,Sat,2019-05-25,11:15,Sporting Cristal,2.0,Melgar,3.0,,Estadio Alberto Gallardo,Ramón Blanco,,https://fbref.com/en/matches/0a5120a1/Sporting-Cristal-Melgar-May-25-2019-Liga-1
Liga 1 de Fútbol Profesional,M,PER,2019,1st,Torneo Apertura,15,Sat,2019-05-25,15:30,Ayacucho,2.0,Universitario,0.0,,Estadio Ciudad de Cumaná,Kevin Ortega,,https://fbref.com/en/matches/c3e18272/Ayacucho-Universitario-May-25-2019-Liga-1
Liga 1 de Fútbol Profesional,M,PER,2019,1st,Torneo Apertura,15,Sat,2019-05-25,17:45,Cantolao,3.0,USMP,1.0,,Estadio Municipal de Barranca,Luis Seminario,,https://fbref.com/en/matches/b9f9176a/Cantolao-Universidad-San-Martin-May-25-2019-Liga-1
Liga 1 de Fútbol Profesional,M,PER,2019,1st,Torneo Apertura,15,Sat,2019-05-25,20:00,Sport Boys,1.0,Alianza Univ,2.0,,Estadio Miguel Grau del Callao,Víctor Carrillo,,https://fbref.com/en/matches/3665e000/Sport-Boys-Alianza-Universidad-May-25-2019-Liga-1
Liga 1 de Fútbol Profesional,M,PER,2019,1st,Torneo Apertura,15,Sun,2019-05-26,13:30,Dep Municipal,5.0,Pirata,0.0,,Estadio Iván Elías Moreno,Gerson Huiman,,https://fbref.com/en/matches/02a81c01/Deportivo-Municipal-Pirata-May-26-2019-Liga-1
Liga 1 de Fútbol Profesional,M,PER,2019,1st,Torneo Apertura,15,Sun,2019-05-26,16:00,Alianza Lima,2.0,Binacional,1.0,,Estadio Alejandro Villanueva,Miguel Santiváñez,,https://fbref.com/en/matches/e53604e2/Alianza-Lima-Binacional-May-26-2019-Liga-1
Liga 1 de Fútbol Profesional,M,PER,2019,1st,Torneo Apertura,15,Mon,2019-05-27,20:00,Sport Huancayo,3.0,Unión Comercio,1.0,,Estadio Huancayo,Jordy Espinoza,,https://fbref.com/en/matches/a1ae6426/Sport-Huancayo-Union-Comercio-May-27-2019-Liga-1
Liga 1 de Fútbol Profesional,M,PER,2019,1st,Torneo Apertura,16,Fri,2019-05-31,20:00,Sport Huancayo,0.0,Alianza Lima,3.0,,Estadio Huancayo,Kevin Ortega,,https://fbref.com/en/matches/a72ed403/Sport-Huancayo-Alianza-Lima-May-31-2019-Liga-1
Liga 1 de Fútbol Profesional,M,PER,2019,1st,Torneo Apertura,16,Sat,2019-06-01,11:00,Pirata,3.0,Ayacucho,1.0,,Estadio César Flores Marigorda,Fabricio Valcercel,,https://fbref.com/en/matches/c9e6c2b4/Pirata-Ayacucho-June-1-2019-Liga-1
Liga 1 de Fútbol Profesional,M,PER,2019,1st,Torneo Apertura,16,Sat,2019-06-01,15:00,Binacional,2.0,Sport Boys,0.0,,Estadio de la Universidad Nacional San A...,Michael Espinoza,,https://fbref.com/en/matches/d3ebd8a0/Binacional-Sport-Boys-June-1-2019-Liga-1
Liga 1 de Fútbol Profesional,M,PER,2019,1st,Torneo Apertura,16,Sat,2019-06-01,17:45,Mannucci,1.0,Cantolao,2.0,,Estadio Mansiche,Gean Pierre Barbagelatta,,https://fbref.com/en/matches/ea729eac/Carlos-A-Mannucci-Cantolao-June-1-2019-Liga-1
Liga 1 de Fútbol Profesional,M,PER,2019,1st,Torneo Apertura,16,Sat,2019-06-01,20:00,Melgar,1.0,U César Vallejo,2.0,,Estadio de la Universidad Nacional San A...,Miguel Santiváñez,,https://fbref.com/en/matches/3c78b4e1/Melgar-Universidad-Cesar-Vallejo-June-1-2019-Liga-1
Liga 1 de Fútbol Profesional,M,PER,2019,1st,Torneo Apertura,16,Sun,2019-06-02,11:15,Unión Comercio,0.0,Real Garcilaso,1.0,,Estadio Municipal de Nueva Cajamarca,Renzo Castañeda,,https://fbref.com/en/matches/e4bcaaa9/Union-Comercio-Real-Garcilaso-June-2-2019-Liga-1
Liga 1 de Fútbol Profesional,M,PER,2019,1st,Torneo Apertura,16,Sun,2019-06-02,13:30,USMP,0.0,Dep Municipal,0.0,,Estadio Monumental,Luis Garay Evia,,https://fbref.com/en/matches/e2308769/Universidad-San-Martin-Deportivo-Municipal-June-2-2019-Liga-1
Liga 1 de Fútbol Profesional,M,PER,2019,1st,Torneo Apertura,16,Sun,2019-06-02,15:30,Alianza Univ,1.0,Sporting Cristal,1.0,,Estadio Heraclio Tapia León,Augusto Menéndez,,https://fbref.com/en/matches/39cf0f49/Alianza-Universidad-Sporting-Cristal-June-2-2019-Liga-1
Liga 1 de Fútbol Profesional,M,PER,2019,1st,Torneo Apertura,16,Sun,2019-06-02,18:00,Universitario,2.0,UTC,1.0,,Estadio Miguel Grau del Callao,Hibert Villegas,,https://fbref.com/en/matches/478dcb3f/Universitario-Universidad-Tecnica-de-Cajamarca-June-2-2019-Liga-1
Liga 1 de Fútbol Profesional,M,PER,2019,1st,Torneo Apertura,17,Fri,2019-06-07,13:15,Alianza Lima,1.0,Unión Comercio,1.0,,Estadio Alejandro Villanueva,Jesús Cartagena,,https://fbref.com/en/matches/9f6a5d62/Alianza-Lima-Union-Comercio-June-7-2019-Liga-1
Liga 1 de Fútbol Profesional,M,PER,2019,1st,Torneo Apertura,17,Fri,2019-06-07,15:30,Real Garcilaso,0.0,Universitario,0.0,,Estadio Inca Garcilaso de la Vega,José Mendoza,,https://fbref.com/en/matches/04a96391/Real-Garcilaso-Universitario-June-7-2019-Liga-1
Liga 1 de Fútbol Profesional,M,PER,2019,1st,Torneo Apertura,17,Fri,2019-06-07,20:00,U César Vallejo,1.0,Alianza Univ,0.0,,Estadio Mansiche,Roberto Pérez,,https://fbref.com/en/matches/6e58c964/Universidad-Cesar-Vallejo-Alianza-Universidad-June-7-2019-Liga-1
Liga 1 de Fútbol Profesional,M,PER,2019,1st,Torneo Apertura,17,Sat,2019-06-08,13:15,Dep Municipal,1.0,Mannucci,1.0,,Estadio Iván Elías Moreno,Jorge Panta,,https://fbref.com/en/matches/e21fc976/Deportivo-Municipal-Carlos-A-Mannucci-June-8-2019-Liga-1
Liga 1 de Fútbol Profesional,M,PER,2019,1st,Torneo Apertura,17,Sat,2019-06-08,15:30,Sporting Cristal,3.0,Binacional,1.0,,Estadio Alberto Gallardo,Kevin Ortega,,https://fbref.com/en/matches/84e7fc3c/Sporting-Cristal-Binacional-June-8-2019-Liga-1
Liga 1 de Fútbol Profesional,M,PER,2019,1st,Torneo Apertura,17,Sat,2019-06-08,17:45,Sport Boys,0.0,Sport Huancayo,1.0,,Estadio Miguel Grau del Callao,Miguel Santiváñez,,https://fbref.com/en/matches/b6b88a95/Sport-Boys-Sport-Huancayo-June-8-2019-Liga-1
Liga 1 de Fútbol Profesional,M,PER,2019,1st,Torneo Apertura,17,Sat,2019-06-08,20:00,Cantolao,1.0,Melgar,5.0,,Estadio Municipal de Barranca,Micke Palomino,,https://fbref.com/en/matches/e92ba504/Cantolao-Melgar-June-8-2019-Liga-1
Liga 1 de Fútbol Profesional,M,PER,2019,1st,Torneo Apertura,17,Mon,2019-06-10,15:30,Ayacucho,5.0,USMP,0.0,,Estadio Ciudad de Cumaná,Wilmer Villanueva,,https://fbref.com/en/matches/ef3ccae3/Ayacucho-Universidad-San-Martin-June-10-2019-Liga-1
Liga 1 de Fútbol Profesional,M,PER,2019,1st,Torneo Apertura,17,Tue,2019-06-11,15:30,UTC,4.0,Pirata,1.0,,Estadio Héroes de San Ramón,Gean Pierre Barbagelatta,,https://fbref.com/en/matches/e6839aad/Universidad-Tecnica-de-Cajamarca-Pirata-June-11-2019-Liga-1
Liga 1 de Fútbol Profesional,M,PER,2019,1st,Torneo Clausura,1,Fri,2019-07-12,15:30,Ayacucho,1.0,Mannucci,0.0,,Estadio Ciudad de Cumaná,Luis Garay Evia,,https://fbref.com/en/matches/323c5747/Ayacucho-Carlos-A-Mannucci-July-12-2019-Liga-1
Liga 1 de Fútbol Profesional,M,PER,2019,1st,Torneo Clausura,1,Fri,2019-07-12,20:00,U César Vallejo,1.0,Binacional,1.0,,Estadio Mansiche,Diego Haro,,https://fbref.com/en/matches/44ae5f05/Universidad-Cesar-Vallejo-Binacional-July-12-2019-Liga-1
Liga 1 de Fútbol Profesional,M,PER,2019,1st,Torneo Clausura,1,Sat,2019-07-13,11:15,Sporting Cristal,3.0,Sport Huancayo,0.0,,Estadio Alberto Gallardo,Jesús Cartagena,,https://fbref.com/en/matches/e88007cf/Sporting-Cristal-Sport-Huancayo-July-13-2019-Liga-1
Liga 1 de Fútbol Profesional,M,PER,2019,1st,Torneo Clausura,1,Sat,2019-07-13,15:30,UTC,0.0,USMP,2.0,,Estadio Héroes de San Ramón,Alejandro Villanueva,,https://fbref.com/en/matches/7984b4bb/Universidad-Tecnica-de-Cajamarca-Universidad-San-Martin-July-13-2019-Liga-1
Liga 1 de Fútbol Profesional,M,PER,2019,1st,Torneo Clausura,1,Sat,2019-07-13,17:45,Cantolao,2.0,Alianza Univ,1.0,,Estadio Miguel Grau del Callao,Miguel Santiváñez,,https://fbref.com/en/matches/0c5a69cf/Cantolao-Alianza-Universidad-July-13-2019-Liga-1
Liga 1 de Fútbol Profesional,M,PER,2019,1st,Torneo Clausura,1,Sat,2019-07-13,20:00,Universitario,2.0,Unión Comercio,1.0,,Estadio Monumental,Joel Alarcón,,https://fbref.com/en/matches/a8f6172a/Universitario-Union-Comercio-July-13-2019-Liga-1
Liga 1 de Fútbol Profesional,M,PER,2019,1st,Torneo Clausura,1,Sun,2019-07-14,13:30,Dep Municipal,1.0,Melgar,0.0,,Estadio Municipal Segundo Aranda Torres,Augusto Menéndez,,https://fbref.com/en/matches/1058169b/Deportivo-Municipal-Melgar-July-14-2019-Liga-1
Liga 1 de Fútbol Profesional,M,PER,2019,1st,Torneo Clausura,1,Sun,2019-07-14,16:00,Sport Boys,1.0,Alianza Lima,2.0,,Estadio Miguel Grau del Callao,Michael Espinoza,,https://fbref.com/en/matches/f0f1ef69/Sport-Boys-Alianza-Lima-July-14-2019-Liga-1
Liga 1 de Fútbol Profesional,M,PER,2019,1st,Torneo Clausura,1,Mon,2019-07-15,15:00,Real Garcilaso,0.0,Pirata,1.0,,Estadio Inca Garcilaso de la Vega,Johan Gutierrez,,https://fbref.com/en/matches/137d5cde/Real-Garcilaso-Pirata-July-15-2019-Liga-1
Liga 1 de Fútbol Profesional,M,PER,2019,1st,Torneo Clausura,2,Fri,2019-07-19,20:00,Alianza Lima,2.0,Sporting Cristal,1.0,,Estadio Alejandro Villanueva,Diego Haro,,https://fbref.com/en/matches/e7234b23/Alianza-Lima-Sporting-Cristal-July-19-2019-Liga-1
Liga 1 de Fútbol Profesional,M,PER,2019,1st,Torneo Clausura,2,Sat,2019-07-20,15:30,Binacional,1.0,Cantolao,1.0,,Estadio Guillermo Briceño Rosamedina,Roberto Pérez,,https://fbref.com/en/matches/0d480534/Binacional-Cantolao-July-20-2019-Liga-1
Liga 1 de Fútbol Profesional,M,PER,2019,1st,Torneo Clausura,2,Sat,2019-07-20,17:45,Mannucci,2.0,UTC,1.0,,Estadio Mansiche,José Mendoza,,https://fbref.com/en/matches/d2a2a67f/Carlos-A-Mannucci-Universidad-Tecnica-de-Cajamarca-July-20-2019-Liga-1
Liga 1 de Fútbol Profesional,M,PER,2019,1st,Torneo Clausura,2,Sat,2019-07-20,20:00,Melgar,3.0,Ayacucho,0.0,,Estadio de la Universidad Nacional San A...,Micke Palomino,,https://fbref.com/en/matches/e5c3aeb3/Melgar-Ayacucho-July-20-2019-Liga-1
Liga 1 de Fútbol Profesional,M,PER,2019,1st,Torneo Clausura,2,Sun,2019-07-21,11:15,USMP,2.0,Real Garcilaso,1.0,,Estadio Alberto Gallardo,Joel Alarcón,,https://fbref.com/en/matches/230f8c19/Universidad-San-Martin-Real-Garcilaso-July-21-2019-Liga-1
Liga 1 de Fútbol Profesional,M,PER,2019,1st,Torneo Clausura,2,Sun,2019-07-21,13:30,Unión Comercio,1.0,Sport Boys,1.0,,Estadio Municipal de Nueva Cajamarca,Wilmer Villanueva,,https://fbref.com/en/matches/d12d73d9/Union-Comercio-Sport-Boys-July-21-2019-Liga-1
Liga 1 de Fútbol Profesional,M,PER,2019,1st,Torneo Clausura,2,Sun,2019-07-21,15:30,Alianza Univ,2.0,Dep Municipal,1.0,,Estadio Heraclio Tapia León,Ramón Blanco,,https://fbref.com/en/matches/6536ed02/Alianza-Universidad-Deportivo-Municipal-July-21-2019-Liga-1
Liga 1 de Fútbol Profesional,M,PER,2019,1st,Torneo Clausura,2,Sun,2019-07-21,16:00,Pirata,0.0,Universitario,1.0,,Estadio César Flores Marigorda,Edwin Ordóñez,,https://fbref.com/en/matches/b201149d/Pirata-Universitario-July-21-2019-Liga-1
Liga 1 de Fútbol Profesional,M,PER,2019,1st,Torneo Clausura,2,Mon,2019-07-22,20:00,Sport Huancayo,2.0,U César Vallejo,0.0,,Estadio Huancayo,Miguel Santiváñez,,https://fbref.com/en/matches/ded6440a/Sport-Huancayo-Universidad-Cesar-Vallejo-July-22-2019-Liga-1
Liga 1 de Fútbol Profesional,M,PER,2019,1st,Torneo Clausura,3,Fri,2019-08-16,15:00,Real Garcilaso,1.0,Mannucci,0.0,,Estadio Inca Garcilaso de la Vega,Gerson Huiman,,https://fbref.com/en/matches/310f39a7/Real-Garcilaso-Carlos-A-Mannucci-August-16-2019-Liga-1
Liga 1 de Fútbol Profesional,M,PER,2019,1st,Torneo Clausura,3,Fri,2019-08-16,20:00,Universitario,0.0,USMP,0.0,,Estadio Monumental,Michael Espinoza,,https://fbref.com/en/matches/4348ce3e/Universitario-Universidad-San-Martin-August-16-2019-Liga-1
Liga 1 de Fútbol Profesional,M,PER,2019,1st,Torneo Clausura,3,Sat,2019-08-17,13:15,Pirata,0.0,Unión Comercio,2.0,,Estadio Municipal Francisco Mendoza Piza...,Ramón Blanco,,https://fbref.com/en/matches/ada82d5e/Pirata-Union-Comercio-August-17-2019-Liga-1
Liga 1 de Fútbol Profesional,M,PER,2019,1st,Torneo Clausura,3,Sat,2019-08-17,15:30,UTC,0.0,Melgar,2.0,,Estadio Héroes de San Ramón,Miguel Santiváñez,,https://fbref.com/en/matches/c6e84309/Universidad-Tecnica-de-Cajamarca-Melgar-August-17-2019-Liga-1
Liga 1 de Fútbol Profesional,M,PER,2019,1st,Torneo Clausura,3,Sat,2019-08-17,17:45,Cantolao,0.0,Sport Huancayo,2.0,,Estadio Miguel Grau del Callao,Eduardo Chirinos,,https://fbref.com/en/matches/615a5e20/Cantolao-Sport-Huancayo-August-17-2019-Liga-1
Liga 1 de Fútbol Profesional,M,PER,2019,1st,Torneo Clausura,3,Sat,2019-08-17,20:00,U César Vallejo,3.0,Alianza Lima,1.0,,Estadio Mansiche,Edwin Ordóñez,,https://fbref.com/en/matches/aaa18568/Universidad-Cesar-Vallejo-Alianza-Lima-August-17-2019-Liga-1
Liga 1 de Fútbol Profesional,M,PER,2019,1st,Torneo Clausura,3,Sun,2019-08-18,13:15,Dep Municipal,1.0,Binacional,1.0,,Estadio Municipal Segundo Aranda Torres,Jonathan Zamora,,https://fbref.com/en/matches/11b8b884/Deportivo-Municipal-Binacional-August-18-2019-Liga-1
Liga 1 de Fútbol Profesional,M,PER,2019,1st,Torneo Clausura,3,Sun,2019-08-18,15:30,Sporting Cristal,4.0,Sport Boys,2.0,,Estadio Alberto Gallardo,Víctor Carrillo,,https://fbref.com/en/matches/4d4cf5de/Sporting-Cristal-Sport-Boys-August-18-2019-Liga-1
Liga 1 de Fútbol Profesional,M,PER,2019,1st,Torneo Clausura,3,Mon,2019-08-19,15:00,Ayacucho,3.0,Alianza Univ,2.0,,Estadio Ciudad de Cumaná,Jesús Cartagena,,https://fbref.com/en/matches/bbb9bc29/Ayacucho-Alianza-Universidad-August-19-2019-Liga-1
Liga 1 de Fútbol Profesional,M,PER,2019,1st,Torneo Clausura,4,Fri,2019-08-23,20:00,Melgar,2.0,Real Garcilaso,1.0,,Estadio de la Universidad Nacional San A...,Kevin Ortega,,https://fbref.com/en/matches/182e7f69/Melgar-Real-Garcilaso-August-23-2019-Liga-1
Liga 1 de Fútbol Profesional,M,PER,2019,1st,Torneo Clausura,4,Sat,2019-08-24,15:15,Binacional,2.0,Ayacucho,1.0,,Estadio Guillermo Briceño Rosamedina,Hibert Villegas,,https://fbref.com/en/matches/d96ca730/Binacional-Ayacucho-August-24-2019-Liga-1
Liga 1 de Fútbol Profesional,M,PER,2019,1st,Torneo Clausura,4,Sat,2019-08-24,17:45,Sport Huancayo,4.0,Dep Municipal,2.0,,Estadio Guillermo Briceño Rosamedina,Miguel Santiváñez,,https://fbref.com/en/matches/23e7ae20/Sport-Huancayo-Deportivo-Municipal-August-24-2019-Liga-1
Liga 1 de Fútbol Profesional,M,PER,2019,1st,Torneo Clausura,4,Sat,2019-08-24,20:00,Alianza Lima,3.0,Cantolao,2.0,,Estadio Alejandro Villanueva,Joel Alarcón,,https://fbref.com/en/matches/82d316ba/Alianza-Lima-Cantolao-August-24-2019-Liga-1
Liga 1 de Fútbol Profesional,M,PER,2019,1st,Torneo Clausura,4,Sun,2019-08-25,11:15,USMP,2.0,Pirata,2.0,,Estadio Miguel Grau del Callao,Fernando Legario,,https://fbref.com/en/matches/e8965c1c/Universidad-San-Martin-Pirata-August-25-2019-Liga-1
Liga 1 de Fútbol Profesional,M,PER,2019,1st,Torneo Clausura,4,Sun,2019-08-25,13:30,Unión Comercio,2.0,Sporting Cristal,1.0,,Estadio Municipal de Nueva Cajamarca,Diego Haro,,https://fbref.com/en/matches/1afd94e8/Union-Comercio-Sporting-Cristal-August-25-2019-Liga-1
Liga 1 de Fútbol Profesional,M,PER,2019,1st,Torneo Clausura,4,Sun,2019-08-25,15:30,Alianza Univ,2.0,UTC,1.0,,Estadio Heraclio Tapia León,Alejandro Villanueva,,https://fbref.com/en/matches/2cf337e8/Alianza-Universidad-Universidad-Tecnica-de-Cajamarca-August-25-2019-Liga-1
Liga 1 de Fútbol Profesional,M,PER,2019,1st,Torneo Clausura,4,Sun,2019-08-25,16:00,Mannucci,1.0,Universitario,0.0,,Estadio Mansiche,Luis Garay Evia,,https://fbref.com/en/matches/4c754050/Carlos-A-Mannucci-Universitario-August-25-2019-Liga-1
Liga 1 de Fútbol Profesional,M,PER,2019,1st,Torneo Clausura,4,Mon,2019-08-26,20:00,Sport Boys,1.0,U César Vallejo,1.0,,Estadio Miguel Grau del Callao,Micke Palomino,,https://fbref.com/en/matches/2f3798e5/Sport-Boys-Universidad-Cesar-Vallejo-August-26-2019-Liga-1
Liga 1 de Fútbol Profesional,M,PER,2019,1st,Torneo Clausura,5,Fri,2019-08-30,15:00,Ayacucho,1.0,Sport Huancayo,1.0,,Estadio Ciudad de Cumaná,Wilmer Villanueva,,https://fbref.com/en/matches/7ec30a23/Ayacucho-Sport-Huancayo-August-30-2019-Liga-1
Liga 1 de Fútbol Profesional,M,PER,2019,1st,Torneo Clausura,5,Fri,2019-08-30,20:00,U César Vallejo,2.0,Sporting Cristal,3.0,,Estadio Mansiche,Augusto Menéndez,,https://fbref.com/en/matches/390dba62/Universidad-Cesar-Vallejo-Sporting-Cristal-August-30-2019-Liga-1
Liga 1 de Fútbol Profesional,M,PER,2019,1st,Torneo Clausura,5,Sat,2019-08-31,11:00,USMP,1.0,Unión Comercio,2.0,,Estadio Miguel Grau del Callao,Eduardo Chirinos,,https://fbref.com/en/matches/4914dc99/Universidad-San-Martin-Union-Comercio-August-31-2019-Liga-1
Liga 1 de Fútbol Profesional,M,PER,2019,1st,Torneo Clausura,5,Sat,2019-08-31,15:30,UTC,0.0,Binacional,0.0,,Estadio Héroes de San Ramón,Ramón Blanco,,https://fbref.com/en/matches/ef9038af/Universidad-Tecnica-de-Cajamarca-Binacional-August-31-2019-Liga-1
Liga 1 de Fútbol Profesional,M,PER,2019,1st,Torneo Clausura,5,Sat,2019-08-31,17:45,Cantolao,1.0,Sport Boys,2.0,,Estadio Miguel Grau del Callao,Edwin Ordóñez,,https://fbref.com/en/matches/caa16c32/Cantolao-Sport-Boys-August-31-2019-Liga-1
Liga 1 de Fútbol Profesional,M,PER,2019,1st,Torneo Clausura,5,Sat,2019-08-31,20:00,Universitario,2.0,Melgar,1.0,,Estadio Monumental,Michael Espinoza,,https://fbref.com/en/matches/dd5da893/Universitario-Melgar-August-31-2019-Liga-1
Liga 1 de Fútbol Profesional,M,PER,2019,1st,Torneo Clausura,5,Sun,2019-09-01,13:15,Pirata,0.0,Mannucci,0.0,,Estadio Municipal Francisco Mendoza Piza...,Jesús Cartagena,,https://fbref.com/en/matches/470a5332/Pirata-Carlos-A-Mannucci-September-1-2019-Liga-1
Liga 1 de Fútbol Profesional,M,PER,2019,1st,Torneo Clausura,5,Sun,2019-09-01,16:00,Dep Municipal,2.0,Alianza Lima,2.0,,Estadio Mansiche,Víctor Carrillo,,https://fbref.com/en/matches/93d7f41c/Deportivo-Municipal-Alianza-Lima-September-1-2019-Liga-1
Liga 1 de Fútbol Profesional,M,PER,2019,1st,Torneo Clausura,5,Mon,2019-09-02,15:00,Real Garcilaso,0.0,Alianza Univ,1.0,,Estadio Inca Garcilaso de la Vega,Luis Seminario,,https://fbref.com/en/matches/29bc5d76/Real-Garcilaso-Alianza-Universidad-September-2-2019-Liga-1
Liga 1 de Fútbol Profesional,M,PER,2019,1st,Torneo Clausura,6,Fri,2019-09-06,20:00,Mannucci,1.0,USMP,0.0,,Estadio Mansiche,Gean Pierre Barbagelatta,,https://fbref.com/en/matches/e4be124a/Carlos-A-Mannucci-Universidad-San-Martin-September-6-2019-Liga-1
Liga 1 de Fútbol Profesional,M,PER,2019,1st,Torneo Clausura,6,Sat,2019-09-07,15:30,Sport Huancayo,2.0,UTC,1.0,,Estadio Huancayo,Roberto Pérez,,https://fbref.com/en/matches/276b0600/Sport-Huancayo-Universidad-Tecnica-de-Cajamarca-September-7-2019-Liga-1
Liga 1 de Fútbol Profesional,M,PER,2019,1st,Torneo Clausura,6,Sat,2019-09-07,17:45,Melgar,3.0,Pirata,0.0,,Estadio de la Universidad Nacional San A...,Joel Alarcón,,https://fbref.com/en/matches/f3a28f7f/Melgar-Pirata-September-7-2019-Liga-1
Liga 1 de Fútbol Profesional,M,PER,2019,1st,Torneo Clausura,6,Sat,2019-09-07,20:00,Sport Boys,2.0,Dep Municipal,1.0,,Estadio Miguel Grau del Callao,Miguel Santiváñez,,https://fbref.com/en/matches/a1f1dc4b/Sport-Boys-Deportivo-Municipal-September-7-2019-Liga-1
Liga 1 de Fútbol Profesional,M,PER,2019,1st,Torneo Clausura,6,Sun,2019-09-08,11:15,Sporting Cristal,1.0,Cantolao,1.0,,Estadio Alberto Gallardo,Víctor Carrillo,,https://fbref.com/en/matches/8caaf8c7/Sporting-Cristal-Cantolao-September-8-2019-Liga-1
Liga 1 de Fútbol Profesional,M,PER,2019,1st,Torneo Clausura,6,Sun,2019-09-08,13:30,Unión Comercio,0.0,U César Vallejo,0.0,,Estadio Municipal de Nueva Cajamarca,Fernando Legario,,https://fbref.com/en/matches/bc88af90/Union-Comercio-Universidad-Cesar-Vallejo-September-8-2019-Liga-1
Liga 1 de Fútbol Profesional,M,PER,2019,1st,Torneo Clausura,6,Sun,2019-09-08,15:00,Alianza Univ,0.0,Universitario,1.0,,Estadio Heraclio Tapia León,Hibert Villegas,,https://fbref.com/en/matches/8a8433b7/Alianza-Universidad-Universitario-September-8-2019-Liga-1
Liga 1 de Fútbol Profesional,M,PER,2019,1st,Torneo Clausura,6,Sun,2019-09-08,16:00,Alianza Lima,2.0,Ayacucho,0.0,,Estadio Alejandro Villanueva,Diego Haro,,https://fbref.com/en/matches/640975c0/Alianza-Lima-Ayacucho-September-8-2019-Liga-1
Liga 1 de Fútbol Profesional,M,PER,2019,1st,Torneo Clausura,6,Mon,2019-09-09,15:00,Binacional,2.0,Real Garcilaso,2.0,,Estadio Guillermo Briceño Rosamedina,Micke Palomino,,https://fbref.com/en/matches/3296df72/Binacional-Real-Garcilaso-September-9-2019-Liga-1
Liga 1 de Fútbol Profesional,M,PER,2019,1st,Torneo Clausura,7,Fri,2019-09-13,15:00,Ayacucho,0.0,Sport Boys,1.0,,Estadio Ciudad de Cumaná,Joel Alarcón,,https://fbref.com/en/matches/02a6ddbf/Ayacucho-Sport-Boys-September-13-2019-Liga-1
Liga 1 de Fútbol Profesional,M,PER,2019,1st,Torneo Clausura,7,Sat,2019-09-14,11:00,Pirata,0.0,Alianza Univ,0.0,,Estadio César Flores Marigorda,José Mendoza,,https://fbref.com/en/matches/ae2f3177/Pirata-Alianza-Universidad-September-14-2019-Liga-1
Liga 1 de Fútbol Profesional,M,PER,2019,1st,Torneo Clausura,7,Sat,2019-09-14,13:15,USMP,1.0,Melgar,1.0,,Estadio Miguel Grau del Callao,Micke Palomino,,https://fbref.com/en/matches/3e1d7761/Universidad-San-Martin-Melgar-September-14-2019-Liga-1
Liga 1 de Fútbol Profesional,M,PER,2019,1st,Torneo Clausura,7,Sat,2019-09-14,15:30,UTC,1.0,Alianza Lima,1.0,,Estadio Héroes de San Ramón,Jesús Cartagena,,https://fbref.com/en/matches/9e14473a/Universidad-Tecnica-de-Cajamarca-Alianza-Lima-September-14-2019-Liga-1
Liga 1 de Fútbol Profesional,M,PER,2019,1st,Torneo Clausura,7,Sat,2019-09-14,17:45,Cantolao,1.0,U César Vallejo,0.0,,Estadio Miguel Grau del Callao,Luis Garay Evia,,https://fbref.com/en/matches/1fe81b19/Cantolao-Universidad-Cesar-Vallejo-September-14-2019-Liga-1
Liga 1 de Fútbol Profesional,M,PER,2019,1st,Torneo Clausura,7,Sat,2019-09-14,20:00,Universitario,2.0,Binacional,0.0,,Estadio Monumental,Augusto Menéndez,,https://fbref.com/en/matches/800792c7/Universitario-Binacional-September-14-2019-Liga-1
Liga 1 de Fútbol Profesional,M,PER,2019,1st,Torneo Clausura,7,Sun,2019-09-15,13:30,Mannucci,2.0,Unión Comercio,1.0,,Estadio Mansiche,Kevin Ortega,,https://fbref.com/en/matches/b9353f21/Carlos-A-Mannucci-Union-Comercio-September-15-2019-Liga-1
Liga 1 de Fútbol Profesional,M,PER,2019,1st,Torneo Clausura,7,Sun,2019-09-15,16:00,Dep Municipal,0.0,Sporting Cristal,1.0,,Estadio Municipal Segundo Aranda Torres,Diego Haro,,https://fbref.com/en/matches/4356e487/Deportivo-Municipal-Sporting-Cristal-September-15-2019-Liga-1
Liga 1 de Fútbol Profesional,M,PER,2019,1st,Torneo Clausura,7,Mon,2019-09-16,15:00,Real Garcilaso,0.0,Sport Huancayo,1.0,,Estadio Inca Garcilaso de la Vega,Edwin Ordóñez,,https://fbref.com/en/matches/ca68786d/Real-Garcilaso-Sport-Huancayo-September-16-2019-Liga-1
Liga 1 de Fútbol Profesional,M,PER,2019,1st,Torneo Clausura,8,Fri,2019-09-20,15:00,Binacional,2.0,Pirata,0.0,,Estadio Guillermo Briceño Rosamedina,Luis Garay Evia,,https://fbref.com/en/matches/87e4f264/Binacional-Pirata-September-20-2019-Liga-1
Liga 1 de Fútbol Profesional,M,PER,2019,1st,Torneo Clausura,8,Fri,2019-09-20,20:00,U César Vallejo,3.0,Dep Municipal,1.0,,Estadio Mansiche,Joel Alarcón,,https://fbref.com/en/matches/534b88f1/Universidad-Cesar-Vallejo-Deportivo-Municipal-September-20-2019-Liga-1
Liga 1 de Fútbol Profesional,M,PER,2019,1st,Torneo Clausura,8,Sat,2019-09-21,13:15,Unión Comercio,5.0,Cantolao,2.0,,Estadio del IPD,José Mendoza,,https://fbref.com/en/matches/995b1e5f/Union-Comercio-Cantolao-September-21-2019-Liga-1
Liga 1 de Fútbol Profesional,M,PER,2019,1st,Torneo Clausura,8,Sat,2019-09-21,17:45,Sport Boys,4.0,UTC,0.0,,Estadio Miguel Grau del Callao,Víctor Carrillo,,https://fbref.com/en/matches/a213dbd8/Sport-Boys-Universidad-Tecnica-de-Cajamarca-September-21-2019-Liga-1
Liga 1 de Fútbol Profesional,M,PER,2019,1st,Torneo Clausura,8,Sat,2019-09-21,20:00,Sport Huancayo,0.0,Universitario,1.0,,Estadio Huancayo,Michael Espinoza,,https://fbref.com/en/matches/8c66a777/Sport-Huancayo-Universitario-September-21-2019-Liga-1
Liga 1 de Fútbol Profesional,M,PER,2019,1st,Torneo Clausura,8,Sun,2019-09-22,11:00,Sporting Cristal,1.0,Ayacucho,0.0,,Estadio Alberto Gallardo,Kevin Ortega,,https://fbref.com/en/matches/36ff143d/Sporting-Cristal-Ayacucho-September-22-2019-Liga-1
Liga 1 de Fútbol Profesional,M,PER,2019,1st,Torneo Clausura,8,Sun,2019-09-22,15:00,Alianza Univ,1.0,USMP,1.0,,Estadio Heraclio Tapia León,Alejandro Villanueva,,https://fbref.com/en/matches/f0f66423/Alianza-Universidad-Universidad-San-Martin-September-22-2019-Liga-1
Liga 1 de Fútbol Profesional,M,PER,2019,1st,Torneo Clausura,8,Sun,2019-09-22,15:30,Alianza Lima,1.0,Real Garcilaso,0.0,,Estadio Alberto Gallardo,Diego Haro,,https://fbref.com/en/matches/1cceaef3/Alianza-Lima-Real-Garcilaso-September-22-2019-Liga-1
Liga 1 de Fútbol Profesional,M,PER,2019,1st,Torneo Clausura,8,Sun,2019-09-22,18:00,Melgar,0.0,Mannucci,1.0,,Estadio de la Universidad Nacional San A...,Edwin Ordóñez,,https://fbref.com/en/matches/666d68a0/Melgar-Carlos-A-Mannucci-September-22-2019-Liga-1
Liga 1 de Fútbol Profesional,M,PER,2019,1st,Torneo Clausura,9,Fri,2019-09-27,15:00,Real Garcilaso,4.0,Sport Boys,0.0,,Estadio Inca Garcilaso de la Vega,Fernando Legario,,https://fbref.com/en/matches/69ef8716/Real-Garcilaso-Sport-Boys-September-27-2019-Liga-1
Liga 1 de Fútbol Profesional,M,PER,2019,1st,Torneo Clausura,9,Sat,2019-09-28,11:00,Pirata,2.0,Sport Huancayo,1.0,,Estadio César Flores Marigorda,Alejandro Villanueva,,https://fbref.com/en/matches/e38cd3bf/Pirata-Sport-Huancayo-September-28-2019-Liga-1
Liga 1 de Fútbol Profesional,M,PER,2019,1st,Torneo Clausura,9,Sat,2019-09-28,15:30,UTC,1.0,Sporting Cristal,1.0,,Estadio Héroes de San Ramón,José Martínez,,https://fbref.com/en/matches/edebb910/Universidad-Tecnica-de-Cajamarca-Sporting-Cristal-September-28-2019-Liga-1
Liga 1 de Fútbol Profesional,M,PER,2019,1st,Torneo Clausura,9,Sat,2019-09-28,17:45,Mannucci,0.0,Alianza Univ,0.0,,Estadio Mansiche,Ramón Blanco,,https://fbref.com/en/matches/0b2bebac/Carlos-A-Mannucci-Alianza-Universidad-September-28-2019-Liga-1
Liga 1 de Fútbol Profesional,M,PER,2019,1st,Torneo Clausura,9,Sat,2019-09-28,20:00,Melgar,1.0,Unión Comercio,1.0,,Estadio de la Universidad Nacional San A...,Hibert Villegas,,https://fbref.com/en/matches/79da6301/Melgar-Union-Comercio-September-28-2019-Liga-1
Liga 1 de Fútbol Profesional,M,PER,2019,1st,Torneo Clausura,9,Sun,2019-09-29,11:30,Dep Municipal,1.0,Cantolao,3.0,,Estadio Municipal Segundo Aranda Torres,Diego Haro,,https://fbref.com/en/matches/605ed8f6/Deportivo-Municipal-Cantolao-September-29-2019-Liga-1
Liga 1 de Fútbol Profesional,M,PER,2019,1st,Torneo Clausura,9,Sun,2019-09-29,16:00,Universitario,1.0,Alianza Lima,0.0,,Estadio Monumental,Joel Alarcón,,https://fbref.com/en/matches/f1c0a986/Universitario-Alianza-Lima-September-29-2019-Liga-1
Liga 1 de Fútbol Profesional,M,PER,2019,1st,Torneo Clausura,9,Mon,2019-09-30,13:15,USMP,1.0,Binacional,3.0,,Estadio Miguel Grau del Callao,Víctor Carrillo,,https://fbref.com/en/matches/b1cf37d5/Universidad-San-Martin-Binacional-September-30-2019-Liga-1
Liga 1 de Fútbol Profesional,M,PER,2019,1st,Torneo Clausura,9,Mon,2019-09-30,15:30,Ayacucho,1.0,U César Vallejo,0.0,,Estadio Ciudad de Cumaná,Luis Garay Evia,,https://fbref.com/en/matches/74b16acf/Ayacucho-Universidad-Cesar-Vallejo-September-30-2019-Liga-1
Liga 1 de Fútbol Profesional,M,PER,2019,1st,Torneo Clausura,10,Fri,2019-10-04,20:00,Sport Huancayo,0.0,USMP,0.0,,Estadio Huancayo,Miguel Santiváñez,,https://fbref.com/en/matches/899e926e/Sport-Huancayo-Universidad-San-Martin-October-4-2019-Liga-1
Liga 1 de Fútbol Profesional,M,PER,2019,1st,Torneo Clausura,10,Sat,2019-10-05,13:15,Cantolao,1.0,Ayacucho,2.0,,Estadio Miguel Grau del Callao,Roberto Pérez,,https://fbref.com/en/matches/5294e10b/Cantolao-Ayacucho-October-5-2019-Liga-1
Liga 1 de Fútbol Profesional,M,PER,2019,1st,Torneo Clausura,10,Sat,2019-10-05,15:30,Binacional,4.0,Mannucci,0.0,,Estadio Guillermo Briceño Rosamedina,Micke Palomino,,https://fbref.com/en/matches/ff160ecb/Binacional-Carlos-A-Mannucci-October-5-2019-Liga-1
Liga 1 de Fútbol Profesional,M,PER,2019,1st,Torneo Clausura,10,Sat,2019-10-05,20:00,Alianza Lima,3.0,Pirata,2.0,,Estadio Alejandro Villanueva,Víctor Carrillo,,https://fbref.com/en/matches/43e9bc9b/Alianza-Lima-Pirata-October-5-2019-Liga-1
Liga 1 de Fútbol Profesional,M,PER,2019,1st,Torneo Clausura,10,Sun,2019-10-06,11:00,Sporting Cristal,3.0,Real Garcilaso,0.0,,Estadio Alberto Gallardo,Joel Alarcón,,https://fbref.com/en/matches/b0fa1bdf/Sporting-Cristal-Real-Garcilaso-October-6-2019-Liga-1
Liga 1 de Fútbol Profesional,M,PER,2019,1st,Torneo Clausura,10,Sun,2019-10-06,13:15,Unión Comercio,2.0,Dep Municipal,1.0,,Estadio Municipal de Nueva Cajamarca,Ramón Blanco,,https://fbref.com/en/matches/02bed17d/Union-Comercio-Deportivo-Municipal-October-6-2019-Liga-1
Liga 1 de Fútbol Profesional,M,PER,2019,1st,Torneo Clausura,10,Sun,2019-10-06,15:00,Alianza Univ,2.0,Melgar,1.0,,Estadio Heraclio Tapia León,Kevin Ortega,,https://fbref.com/en/matches/09fe527a/Alianza-Universidad-Melgar-October-6-2019-Liga-1
Liga 1 de Fútbol Profesional,M,PER,2019,1st,Torneo Clausura,10,Sun,2019-10-06,15:30,Sport Boys,0.0,Universitario,0.0,,Estadio Miguel Grau del Callao,Diego Haro,,https://fbref.com/en/matches/04834c1e/Sport-Boys-Universitario-October-6-2019-Liga-1
Liga 1 de Fútbol Profesional,M,PER,2019,1st,Torneo Clausura,10,Sun,2019-10-06,18:00,U César Vallejo,0.0,UTC,0.0,,Estadio Mansiche,Gerson Huiman,,https://fbref.com/en/matches/5ca221e2/Universidad-Cesar-Vallejo-Universidad-Tecnica-de-Cajamarca-October-6-2019-Liga-1
Liga 1 de Fútbol Profesional,M,PER,2019,1st,Torneo Clausura,11,Fri,2019-10-11,15:00,UTC,1.0,Cantolao,1.0,,Estadio Héroes de San Ramón,Wilmer Villanueva,,https://fbref.com/en/matches/573f1f57/Universidad-Tecnica-de-Cajamarca-Cantolao-October-11-2019-Liga-1
Liga 1 de Fútbol Profesional,M,PER,2019,1st,Torneo Clausura,11,Sat,2019-10-12,11:00,Unión Comercio,1.0,Alianza Univ,0.0,,Estadio Municipal de Nueva Cajamarca,José Martínez,,https://fbref.com/en/matches/f91b2373/Union-Comercio-Alianza-Universidad-October-12-2019-Liga-1
Liga 1 de Fútbol Profesional,M,PER,2019,1st,Torneo Clausura,11,Sat,2019-10-12,15:30,Ayacucho,2.0,Dep Municipal,0.0,,Estadio Ciudad de Cumaná,Edwin Ordóñez,,https://fbref.com/en/matches/781d88d0/Ayacucho-Deportivo-Municipal-October-12-2019-Liga-1
Liga 1 de Fútbol Profesional,M,PER,2019,1st,Torneo Clausura,11,Sat,2019-10-12,17:45,Mannucci,3.0,Sport Huancayo,3.0,,Estadio Mansiche,Diego Haro,,https://fbref.com/en/matches/d266e44e/Carlos-A-Mannucci-Sport-Huancayo-October-12-2019-Liga-1
Liga 1 de Fútbol Profesional,M,PER,2019,1st,Torneo Clausura,11,Sat,2019-10-12,20:00,Universitario,0.0,Sporting Cristal,0.0,,Estadio Monumental,Víctor Carrillo,,https://fbref.com/en/matches/39e22413/Universitario-Sporting-Cristal-October-12-2019-Liga-1
Liga 1 de Fútbol Profesional,M,PER,2019,1st,Torneo Clausura,11,Sun,2019-10-13,11:00,Pirata,1.0,Sport Boys,1.0,,Estadio César Flores Marigorda,Micke Palomino,,https://fbref.com/en/matches/bc5cfab4/Pirata-Sport-Boys-October-13-2019-Liga-1
Liga 1 de Fútbol Profesional,M,PER,2019,1st,Torneo Clausura,11,Sun,2019-10-13,15:30,USMP,2.0,Alianza Lima,3.0,,Estadio Miguel Grau del Callao,Luis Garay Evia,,https://fbref.com/en/matches/a438d1e6/Universidad-San-Martin-Alianza-Lima-October-13-2019-Liga-1
Liga 1 de Fútbol Profesional,M,PER,2019,1st,Torneo Clausura,11,Sun,2019-10-13,18:00,Melgar,1.0,Binacional,0.0,,Estadio de la Universidad Nacional San A...,Joel Alarcón,,https://fbref.com/en/matches/47c84a2f/Melgar-Binacional-October-13-2019-Liga-1
Liga 1 de Fútbol Profesional,M,PER,2019,1st,Torneo Clausura,11,Mon,2019-10-14,15:00,Real Garcilaso,2.0,U César Vallejo,0.0,,Estadio Inca Garcilaso de la Vega,Luis Seminario,,https://fbref.com/en/matches/1dbb2f07/Real-Garcilaso-Universidad-Cesar-Vallejo-October-14-2019-Liga-1
Liga 1 de Fútbol Profesional,M,PER,2019,1st,Torneo Clausura,12,Fri,2019-10-18,15:30,Binacional,7.0,Alianza Univ,0.0,,Estadio Guillermo Briceño Rosamedina,Miguel Santiváñez,,https://fbref.com/en/matches/2ba25730/Binacional-Alianza-Universidad-October-18-2019-Liga-1
Liga 1 de Fútbol Profesional,M,PER,2019,1st,Torneo Clausura,12,Fri,2019-10-18,20:00,Alianza Lima,2.0,Mannucci,2.0,,Estadio Alejandro Villanueva,Micke Palomino,,https://fbref.com/en/matches/3be3d701/Alianza-Lima-Carlos-A-Mannucci-October-18-2019-Liga-1
Liga 1 de Fútbol Profesional,M,PER,2019,1st,Torneo Clausura,12,Sat,2019-10-19,15:30,Ayacucho,1.0,Unión Comercio,1.0,,Estadio Ciudad de Cumaná,Joel Alarcón,,https://fbref.com/en/matches/162f0da8/Ayacucho-Union-Comercio-October-19-2019-Liga-1
Liga 1 de Fútbol Profesional,M,PER,2019,1st,Torneo Clausura,12,Sat,2019-10-19,17:45,Cantolao,1.0,Real Garcilaso,2.0,,Estadio Miguel Grau del Callao,Augusto Menéndez,,https://fbref.com/en/matches/b3b6d25b/Cantolao-Real-Garcilaso-October-19-2019-Liga-1
Liga 1 de Fútbol Profesional,M,PER,2019,1st,Torneo Clausura,12,Sat,2019-10-19,20:00,Sport Boys,0.0,USMP,0.0,,Estadio Miguel Grau del Callao,Kevin Ortega,,https://fbref.com/en/matches/2208d9ee/Sport-Boys-Universidad-San-Martin-October-19-2019-Liga-1
Liga 1 de Fútbol Profesional,M,PER,2019,1st,Torneo Clausura,12,Sun,2019-10-20,11:15,Sporting Cristal,4.0,Pirata,0.0,,Estadio Alberto Gallardo,Alejandro Villanueva,,https://fbref.com/en/matches/552edb66/Sporting-Cristal-Pirata-October-20-2019-Liga-1
Liga 1 de Fútbol Profesional,M,PER,2019,1st,Torneo Clausura,12,Sun,2019-10-20,13:30,Dep Municipal,0.0,UTC,0.0,,Estadio Municipal Segundo Aranda Torres,Renzo Castañeda,,https://fbref.com/en/matches/64981b03/Deportivo-Municipal-Universidad-Tecnica-de-Cajamarca-October-20-2019-Liga-1
Liga 1 de Fútbol Profesional,M,PER,2019,1st,Torneo Clausura,12,Sun,2019-10-20,16:00,U César Vallejo,0.0,Universitario,0.0,,Estadio Mansiche,Yovany Quevedo Guerra,,https://fbref.com/en/matches/90852654/Universidad-Cesar-Vallejo-Universitario-October-20-2019-Liga-1
Liga 1 de Fútbol Profesional,M,PER,2019,1st,Torneo Clausura,12,Mon,2019-10-21,20:00,Sport Huancayo,1.0,Melgar,1.0,,Estadio Huancayo,Edwin Ordóñez,,https://fbref.com/en/matches/5f6511a0/Sport-Huancayo-Melgar-October-21-2019-Liga-1
Liga 1 de Fútbol Profesional,M,PER,2019,1st,Torneo Clausura,13,Fri,2019-10-25,15:00,Real Garcilaso,1.0,Dep Municipal,0.0,,Estadio Inca Garcilaso de la Vega,Miguel Santiváñez,,https://fbref.com/en/matches/7c29609d/Real-Garcilaso-Deportivo-Municipal-October-25-2019-Liga-1
Liga 1 de Fútbol Profesional,M,PER,2019,1st,Torneo Clausura,13,Sat,2019-10-26,11:00,Pirata,0.0,U César Vallejo,2.0,,Estadio César Flores Marigorda,Luis Seminario,,https://fbref.com/en/matches/2c917e58/Pirata-Universidad-Cesar-Vallejo-October-26-2019-Liga-1
Liga 1 de Fútbol Profesional,M,PER,2019,1st,Torneo Clausura,13,Sat,2019-10-26,20:00,Universitario,1.0,Cantolao,1.0,,Estadio Monumental,Joel Alarcón,,https://fbref.com/en/matches/043f1a4e/Universitario-Cantolao-October-26-2019-Liga-1
Liga 1 de Fútbol Profesional,M,PER,2019,1st,Torneo Clausura,13,Sun,2019-10-27,11:00,Unión Comercio,0.0,Binacional,2.0,,Estadio Municipal de Nueva Cajamarca,Edwin Ordóñez,,https://fbref.com/en/matches/cf979e78/Union-Comercio-Binacional-October-27-2019-Liga-1
Liga 1 de Fútbol Profesional,M,PER,2019,1st,Torneo Clausura,13,Sun,2019-10-27,13:15,USMP,1.0,Sporting Cristal,1.0,,Estadio Miguel Grau del Callao,Micke Palomino,,https://fbref.com/en/matches/a96bc318/Universidad-San-Martin-Sporting-Cristal-October-27-2019-Liga-1
Liga 1 de Fútbol Profesional,M,PER,2019,1st,Torneo Clausura,13,Sun,2019-10-27,15:00,Alianza Univ,2.0,Sport Huancayo,4.0,,Estadio Heraclio Tapia León,Yovany Quevedo Guerra,,https://fbref.com/en/matches/6e22584e/Alianza-Universidad-Sport-Huancayo-October-27-2019-Liga-1
Liga 1 de Fútbol Profesional,M,PER,2019,1st,Torneo Clausura,13,Sun,2019-10-27,15:30,Melgar,2.0,Alianza Lima,3.0,,Estadio de la Universidad Nacional San A...,Kevin Ortega,,https://fbref.com/en/matches/b062d092/Melgar-Alianza-Lima-October-27-2019-Liga-1
Liga 1 de Fútbol Profesional,M,PER,2019,1st,Torneo Clausura,13,Sun,2019-10-27,18:15,Mannucci,1.0,Sport Boys,1.0,,Estadio Mansiche,Víctor Carrillo,,https://fbref.com/en/matches/9d7773a1/Carlos-A-Mannucci-Sport-Boys-October-27-2019-Liga-1
Liga 1 de Fútbol Profesional,M,PER,2019,1st,Torneo Clausura,13,Mon,2019-10-28,15:30,UTC,2.0,Ayacucho,0.0,,Estadio Héroes de San Ramón,Michael Espinoza,,https://fbref.com/en/matches/2ff2be27/Universidad-Tecnica-de-Cajamarca-Ayacucho-October-28-2019-Liga-1
Liga 1 de Fútbol Profesional,M,PER,2019,1st,Torneo Clausura,14,Fri,2019-11-01,15:30,UTC,2.0,Unión Comercio,1.0,,Estadio Héroes de San Ramón,Kevin Ortega,,https://fbref.com/en/matches/431e068c/Universidad-Tecnica-de-Cajamarca-Union-Comercio-November-1-2019-Liga-1
Liga 1 de Fútbol Profesional,M,PER,2019,1st,Torneo Clausura,14,Fri,2019-11-01,17:45,Cantolao,3.0,Pirata,0.0,,Estadio Miguel Grau del Callao,Víctor Carrillo,,https://fbref.com/en/matches/8c4149ba/Cantolao-Pirata-November-1-2019-Liga-1
Liga 1 de Fútbol Profesional,M,PER,2019,1st,Torneo Clausura,14,Fri,2019-11-01,20:00,Sport Boys,4.0,Melgar,2.0,,Estadio Miguel Grau del Callao,Michael Espinoza,,https://fbref.com/en/matches/b8556f1d/Sport-Boys-Melgar-November-1-2019-Liga-1
Liga 1 de Fútbol Profesional,M,PER,2019,1st,Torneo Clausura,14,Sat,2019-11-02,15:00,Ayacucho,1.0,Real Garcilaso,1.0,,Estadio Ciudad de Cumaná,Luis Seminario,,https://fbref.com/en/matches/1b022208/Ayacucho-Real-Garcilaso-November-2-2019-Liga-1
Liga 1 de Fútbol Profesional,M,PER,2019,1st,Torneo Clausura,14,Sat,2019-11-02,17:15,Sport Huancayo,0.0,Binacional,0.0,,Estadio Huancayo,Micke Palomino,,https://fbref.com/en/matches/c982b934/Sport-Huancayo-Binacional-November-2-2019-Liga-1
Liga 1 de Fútbol Profesional,M,PER,2019,1st,Torneo Clausura,14,Sat,2019-11-02,20:00,Alianza Lima,1.0,Alianza Univ,1.0,,Estadio Alejandro Villanueva,Renzo Castañeda,,https://fbref.com/en/matches/58368be5/Alianza-Lima-Alianza-Universidad-November-2-2019-Liga-1
Liga 1 de Fútbol Profesional,M,PER,2019,1st,Torneo Clausura,14,Sun,2019-11-03,11:00,Sporting Cristal,1.0,Mannucci,2.0,,Estadio Alberto Gallardo,Augusto Menéndez,,https://fbref.com/en/matches/3aaab28c/Sporting-Cristal-Carlos-A-Mannucci-November-3-2019-Liga-1
Liga 1 de Fútbol Profesional,M,PER,2019,1st,Torneo Clausura,14,Sun,2019-11-03,15:30,Dep Municipal,3.0,Universitario,0.0,,Estadio Iván Elías Moreno,Edwin Ordóñez,,https://fbref.com/en/matches/2e05bca2/Deportivo-Municipal-Universitario-November-3-2019-Liga-1
Liga 1 de Fútbol Profesional,M,PER,2019,1st,Torneo Clausura,14,Sun,2019-11-03,18:00,U César Vallejo,0.0,USMP,1.0,,Estadio Mansiche,Roberto Pérez,,https://fbref.com/en/matches/379b4476/Universidad-Cesar-Vallejo-Universidad-San-Martin-November-3-2019-Liga-1
Liga 1 de Fútbol Profesional,M,PER,2019,1st,Torneo Clausura,15,Fri,2019-11-08,15:00,Real Garcilaso,0.0,UTC,0.0,,Estadio Inca Garcilaso de la Vega,Michael Espinoza,,https://fbref.com/en/matches/f325c9fd/Real-Garcilaso-Universidad-Tecnica-de-Cajamarca-November-8-2019-Liga-1
Liga 1 de Fútbol Profesional,M,PER,2019,1st,Torneo Clausura,15,Sat,2019-11-09,13:00,Pirata,0.0,Dep Municipal,3.0,,Estadio César Flores Marigorda,Jordy Espinoza,,https://fbref.com/en/matches/74595f5a/Pirata-Deportivo-Municipal-November-9-2019-Liga-1
Liga 1 de Fútbol Profesional,M,PER,2019,1st,Torneo Clausura,15,Sat,2019-11-09,15:30,Melgar,2.0,Sporting Cristal,3.0,,Estadio de la Universidad Nacional San A...,Joel Alarcón,,https://fbref.com/en/matches/8ac540fe/Melgar-Sporting-Cristal-November-9-2019-Liga-1
Liga 1 de Fútbol Profesional,M,PER,2019,1st,Torneo Clausura,15,Sat,2019-11-09,20:00,Universitario,3.0,Ayacucho,2.0,,Estadio Monumental,Micke Palomino,,https://fbref.com/en/matches/99ae74ee/Universitario-Ayacucho-November-9-2019-Liga-1
Liga 1 de Fútbol Profesional,M,PER,2019,1st,Torneo Clausura,15,Sun,2019-11-10,11:00,USMP,3.0,Cantolao,1.0,,Estadio Miguel Grau del Callao,Yovany Quevedo Guerra,,https://fbref.com/en/matches/5b18f884/Universidad-San-Martin-Cantolao-November-10-2019-Liga-1
Liga 1 de Fútbol Profesional,M,PER,2019,1st,Torneo Clausura,15,Sun,2019-11-10,13:00,Unión Comercio,1.0,Sport Huancayo,2.0,,Estadio Municipal de Nueva Cajamarca,Miguel Santiváñez,,https://fbref.com/en/matches/c7f847de/Union-Comercio-Sport-Huancayo-November-10-2019-Liga-1
Liga 1 de Fútbol Profesional,M,PER,2019,1st,Torneo Clausura,15,Sun,2019-11-10,15:00,Alianza Univ,2.0,Sport Boys,0.0,,Estadio Heraclio Tapia León,Fernando Legario,,https://fbref.com/en/matches/9c57b3c3/Alianza-Universidad-Sport-Boys-November-10-2019-Liga-1
Liga 1 de Fútbol Profesional,M,PER,2019,1st,Torneo Clausura,15,Sun,2019-11-10,15:15,Binacional,0.0,Alianza Lima,0.0,,Estadio Guillermo Briceño Rosamedina,Edwin Ordóñez,,https://fbref.com/en/matches/50f00d73/Binacional-Alianza-Lima-November-10-2019-Liga-1
Liga 1 de Fútbol Profesional,M,PER,2019,1st,Torneo Clausura,15,Sun,2019-11-10,17:30,Mannucci,2.0,U César Vallejo,2.0,,Estadio Mansiche,Renzo Castañeda,,https://fbref.com/en/matches/b9a3b429/Carlos-A-Mannucci-Universidad-Cesar-Vallejo-November-10-2019-Liga-1
Liga 1 de Fútbol Profesional,M,PER,2019,1st,Torneo Clausura,16,Fri,2019-11-15,15:30,Ayacucho,2.0,Pirata,1.0,,Estadio Ciudad de Cumaná,Gean Pierre Barbagelatta,,https://fbref.com/en/matches/1e8ca174/Ayacucho-Pirata-November-15-2019-Liga-1
Liga 1 de Fútbol Profesional,M,PER,2019,1st,Torneo Clausura,16,Sat,2019-11-16,15:30,Alianza Lima,3.0,Sport Huancayo,1.0,,Estadio Alejandro Villanueva,Roberto Pérez,,https://fbref.com/en/matches/73a7fc59/Alianza-Lima-Sport-Huancayo-November-16-2019-Liga-1
Liga 1 de Fútbol Profesional,M,PER,2019,1st,Torneo Clausura,16,Sat,2019-11-16,17:45,Cantolao,0.0,Mannucci,1.0,,Estadio Miguel Grau del Callao,Jordy Espinoza,,https://fbref.com/en/matches/bdb6882d/Cantolao-Carlos-A-Mannucci-November-16-2019-Liga-1
Liga 1 de Fútbol Profesional,M,PER,2019,1st,Torneo Clausura,16,Sat,2019-11-16,20:00,Sport Boys,2.0,Binacional,1.0,,Estadio Miguel Grau del Callao,Micke Palomino,,https://fbref.com/en/matches/9ff20dbd/Sport-Boys-Binacional-November-16-2019-Liga-1
Liga 1 de Fútbol Profesional,M,PER,2019,1st,Torneo Clausura,16,Sun,2019-11-17,11:00,Sporting Cristal,2.0,Alianza Univ,1.0,,Estadio Alberto Gallardo,Alejandro Villanueva,,https://fbref.com/en/matches/6d82532c/Sporting-Cristal-Alianza-Universidad-November-17-2019-Liga-1
Liga 1 de Fútbol Profesional,M,PER,2019,1st,Torneo Clausura,16,Sun,2019-11-17,13:00,Dep Municipal,1.0,USMP,2.0,,Estadio Municipal Segundo Aranda Torres,Joel Alarcón,,https://fbref.com/en/matches/b4b68aeb/Deportivo-Municipal-Universidad-San-Martin-November-17-2019-Liga-1
Liga 1 de Fútbol Profesional,M,PER,2019,1st,Torneo Clausura,16,Sun,2019-11-17,15:30,UTC,1.0,Universitario,1.0,,Estadio Héroes de San Ramón,Renzo Castañeda,,https://fbref.com/en/matches/26ec4f89/Universidad-Tecnica-de-Cajamarca-Universitario-November-17-2019-Liga-1
Liga 1 de Fútbol Profesional,M,PER,2019,1st,Torneo Clausura,16,Sun,2019-11-17,18:30,U César Vallejo,0.0,Melgar,3.0,,Estadio Mansiche,Augusto Menéndez,,https://fbref.com/en/matches/abfa6c99/Universidad-Cesar-Vallejo-Melgar-November-17-2019-Liga-1
Liga 1 de Fútbol Profesional,M,PER,2019,1st,Torneo Clausura,16,Mon,2019-11-18,15:00,Real Garcilaso,4.0,Unión Comercio,0.0,,Estadio Inca Garcilaso de la Vega,Yovany Quevedo Guerra,,https://fbref.com/en/matches/292a7e02/Real-Garcilaso-Union-Comercio-November-18-2019-Liga-1
Liga 1 de Fútbol Profesional,M,PER,2019,1st,Torneo Clausura,17,Sun,2019-11-24,11:00,Pirata,3.0,UTC,1.0,,Estadio Municipal Francisco Mendoza Piza...,Gerson Huiman,,https://fbref.com/en/matches/ef2d94c3/Pirata-Universidad-Tecnica-de-Cajamarca-November-24-2019-Liga-1
Liga 1 de Fútbol Profesional,M,PER,2019,1st,Torneo Clausura,17,Sun,2019-11-24,15:00,Alianza Univ,0.0,U César Vallejo,1.0,,Estadio Heraclio Tapia León,Luis Seminario,,https://fbref.com/en/matches/3b76d2c5/Alianza-Universidad-Universidad-Cesar-Vallejo-November-24-2019-Liga-1
Liga 1 de Fútbol Profesional,M,PER,2019,1st,Torneo Clausura,17,Sun,2019-11-24,15:00,Binacional,4.0,Sporting Cristal,1.0,,Estadio Guillermo Briceño Rosamedina,Michael Espinoza,,https://fbref.com/en/matches/632058d0/Binacional-Sporting-Cristal-November-24-2019-Liga-1
Liga 1 de Fútbol Profesional,M,PER,2019,1st,Torneo Clausura,17,Sun,2019-11-24,15:00,Universitario,1.0,Real Garcilaso,0.0,,Estadio Nacional,Víctor Carrillo,,https://fbref.com/en/matches/7ecac295/Universitario-Real-Garcilaso-November-24-2019-Liga-1
Liga 1 de Fútbol Profesional,M,PER,2019,1st,Torneo Clausura,17,Sun,2019-11-24,15:00,Sport Huancayo,0.0,Sport Boys,1.0,,Estadio Huancayo,Miguel Santiváñez,,https://fbref.com/en/matches/a68ecd22/Sport-Huancayo-Sport-Boys-November-24-2019-Liga-1
Liga 1 de Fútbol Profesional,M,PER,2019,1st,Torneo Clausura,17,Sun,2019-11-24,15:00,Unión Comercio,2.0,Alianza Lima,3.0,,Estadio del IPD,Joel Alarcón,,https://fbref.com/en/matches/c838131f/Union-Comercio-Alianza-Lima-November-24-2019-Liga-1
Liga 1 de Fútbol Profesional,M,PER,2019,1st,Torneo Clausura,17,Sun,2019-11-24,15:00,Mannucci,2.0,Dep Municipal,2.0,,Estadio Mansiche,Micke Palomino,,https://fbref.com/en/matches/c875780a/Carlos-A-Mannucci-Deportivo-Municipal-November-24-2019-Liga-1
Liga 1 de Fútbol Profesional,M,PER,2019,1st,Torneo Clausura,17,Sun,2019-11-24,15:00,Melgar,4.0,Cantolao,2.0,,Estadio de la Universidad Nacional San A...,Roberto Pérez,,https://fbref.com/en/matches/e4e27129/Melgar-Cantolao-November-24-2019-Liga-1
Liga 1 de Fútbol Profesional,M,PER,2019,1st,Torneo Clausura,17,Sun,2019-11-24,15:00,USMP,0.0,Ayacucho,0.0,,Estadio Alberto Gallardo,Renzo Castañeda,,https://fbref.com/en/matches/fca95d21/Universidad-San-Martin-Ayacucho-November-24-2019-Liga-1
Liga 1 de Fútbol Profesional,M,PER,2019,1st,Semi-finals,,Sun,2019-12-01,15:30,Alianza Lima,1.0,Sporting Cristal,0.0,30565.0,Estadio Alejandro Villanueva,Diego Haro,Leg 1 of 2,https://fbref.com/en/matches/b6a8fbca/Alianza-Lima-Sporting-Cristal-December-1-2019-Liga-1
Liga 1 de Fútbol Profesional,M,PER,2019,1st,Semi-finals,,Wed,2019-12-04,20:00,Sporting Cristal,1.0,Alianza Lima,1.0,,Estadio Nacional,Miguel Santiváñez,Leg 2 of 2; Alianza Lima won,https://fbref.com/en/matches/1c4e28e9/Sporting-Cristal-Alianza-Lima-December-4-2019-Liga-1
Liga 1 de Fútbol Profesional,M,PER,2019,1st,Finals,,Sun,2019-12-08,15:00,Binacional,4.0,Alianza Lima,1.0,,Estadio Guillermo Briceño Rosamedina,Michael Espinoza,Leg 1 of 2,https://fbref.com/en/matches/a079bb9d/Binacional-Alianza-Lima-December-8-2019-Liga-1
Liga 1 de Fútbol Profesional,M,PER,2019,1st,Finals,,Sun,2019-12-15,15:30,Alianza Lima,2.0,Binacional,0.0,,Estadio Alejandro Villanueva,Patricio Loustau,Leg 2 of 2; Binacional won,https://fbref.com/en/matches/d76671d8/Alianza-Lima-Binacional-December-15-2019-Liga-1
Liga 1 de Fútbol Profesional,M,PER,2020,1st,Torneo Apertura,1,Fri,2020-01-31,18:00,Melgar,1.0,Universitario,2.0,,Estadio de la Universidad Nacional San A...,Joel Alarcón,,https://fbref.com/en/matches/8e36326c/Melgar-Universitario-January-31-2020-Liga-1
Liga 1 de Fútbol Profesional,M,PER,2020,1st,Torneo Apertura,1,Fri,2020-01-31,20:30,Alianza Lima,2.0,Alianza Univ,3.0,,Estadio Alejandro Villanueva,Augusto Menéndez,,https://fbref.com/en/matches/f9cee113/Alianza-Lima-Alianza-Universidad-January-31-2020-Liga-1
Liga 1 de Fútbol Profesional,M,PER,2020,1st,Torneo Apertura,1,Sat,2020-02-01,15:00,UTC,2.0,Sporting Cristal,1.0,,Estadio Héroes de San Ramón,Diego Haro,,https://fbref.com/en/matches/8ea51e16/Universidad-Tecnica-de-Cajamarca-Sporting-Cristal-February-1-2020-Liga-1
Liga 1 de Fútbol Profesional,M,PER,2020,1st,Torneo Apertura,1,Sat,2020-02-01,17:30,Sport Huancayo,1.0,Atlético Grau,0.0,,Estadio Huancayo,Roberto Pérez,,https://fbref.com/en/matches/f7df26bb/Sport-Huancayo-Atletico-Grau-February-1-2020-Liga-1
Liga 1 de Fútbol Profesional,M,PER,2020,1st,Torneo Apertura,1,Sat,2020-02-01,20:00,U César Vallejo,1.0,Dep Municipal,1.0,,Estadio Mansiche,Edwin Ordóñez,,https://fbref.com/en/matches/c38f49ac/Universidad-Cesar-Vallejo-Deportivo-Municipal-February-1-2020-Liga-1
Liga 1 de Fútbol Profesional,M,PER,2020,1st,Torneo Apertura,1,Sun,2020-02-02,11:00,USMP,3.0,Ayacucho,1.0,,Estadio Alberto Gallardo,Renzo Castañeda,,https://fbref.com/en/matches/b8f2a8c4/Universidad-San-Martin-Ayacucho-February-2-2020-Liga-1
Liga 1 de Fútbol Profesional,M,PER,2020,1st,Torneo Apertura,1,Sun,2020-02-02,13:00,Cantolao,2.0,Cienciano,1.0,,Estadio Miguel Grau del Callao,Jesús Cartagena,,https://fbref.com/en/matches/04c6f081/Cantolao-Cienciano-February-2-2020-Liga-1
Liga 1 de Fútbol Profesional,M,PER,2020,1st,Torneo Apertura,1,Sun,2020-02-02,15:00,Carlos Stein,0.0,Mannucci,3.0,,Estadio Municipal Francisco Mendoza Piza...,José Mendoza,,https://fbref.com/en/matches/f311063d/Carlos-Stein-Carlos-A-Mannucci-February-2-2020-Liga-1
Liga 1 de Fútbol Profesional,M,PER,2020,1st,Torneo Apertura,1,Sun,2020-02-02,15:30,Sport Boys,3.0,Llacuabamba,2.0,,Estadio Miguel Grau del Callao,Fernando Legario,,https://fbref.com/en/matches/4c865c82/Sport-Boys-Llacuabamba-February-2-2020-Liga-1
Liga 1 de Fútbol Profesional,M,PER,2020,1st,Torneo Apertura,1,Mon,2020-02-03,15:00,Cusco,0.0,Binacional,2.0,,Estadio Inca Garcilaso de la Vega,Michael Espinoza,,https://fbref.com/en/matches/c82d3287/Cusco-Binacional-February-3-2020-Liga-1
Liga 1 de Fútbol Profesional,M,PER,2020,1st,Torneo Apertura,2,Fri,2020-02-07,15:00,Ayacucho,2.0,Sport Boys,1.0,,Estadio Ciudad de Cumaná,Jorge Panta,,https://fbref.com/en/matches/0e475dd9/Ayacucho-Sport-Boys-February-7-2020-Liga-1
Liga 1 de Fútbol Profesional,M,PER,2020,1st,Torneo Apertura,2,Sat,2020-02-08,13:15,Atlético Grau,1.0,U César Vallejo,1.0,,Estadio Campeones del 36,Luis Seminario,,https://fbref.com/en/matches/c7fcd637/Atletico-Grau-Universidad-Cesar-Vallejo-February-8-2020-Liga-1
Liga 1 de Fútbol Profesional,M,PER,2020,1st,Torneo Apertura,2,Sat,2020-02-08,15:00,Binacional,2.0,Melgar,4.0,,Estadio Guillermo Briceño Rosamedina,Roberto Pérez,,https://fbref.com/en/matches/a737997a/Binacional-Melgar-February-8-2020-Liga-1
Liga 1 de Fútbol Profesional,M,PER,2020,1st,Torneo Apertura,2,Sat,2020-02-08,20:00,Universitario,2.0,Sport Huancayo,1.0,,Estadio Monumental,Michael Espinoza,,https://fbref.com/en/matches/48f2fded/Universitario-Sport-Huancayo-February-8-2020-Liga-1
Liga 1 de Fútbol Profesional,M,PER,2020,1st,Torneo Apertura,2,Sun,2020-02-09,11:00,Sporting Cristal,3.0,Cusco,2.0,,Estadio Alberto Gallardo,José Mendoza,,https://fbref.com/en/matches/17bde50a/Sporting-Cristal-Cusco-February-9-2020-Liga-1
Liga 1 de Fútbol Profesional,M,PER,2020,1st,Torneo Apertura,2,Sun,2020-02-09,15:00,Cienciano,4.0,USMP,0.0,,Estadio Inca Garcilaso de la Vega,Fernando Legario,,https://fbref.com/en/matches/67a5e1ba/Cienciano-Universidad-San-Martin-February-9-2020-Liga-1
Liga 1 de Fútbol Profesional,M,PER,2020,1st,Torneo Apertura,2,Sun,2020-02-09,15:00,Alianza Univ,1.0,Carlos Stein,0.0,,Estadio Heraclio Tapia León,David Huaman,,https://fbref.com/en/matches/9044af06/Alianza-Universidad-Carlos-Stein-February-9-2020-Liga-1
Liga 1 de Fútbol Profesional,M,PER,2020,1st,Torneo Apertura,2,Sun,2020-02-09,15:30,Llacuabamba,3.0,Cantolao,1.0,,Estadio Héroes de San Ramón,Gean Pierre Barbagelatta,,https://fbref.com/en/matches/3916e98c/Llacuabamba-Cantolao-February-9-2020-Liga-1
Liga 1 de Fútbol Profesional,M,PER,2020,1st,Torneo Apertura,2,Sun,2020-02-09,17:15,Mannucci,1.0,Alianza Lima,1.0,,Estadio Mansiche,Miguel Santiváñez,,https://fbref.com/en/matches/d93a9752/Carlos-A-Mannucci-Alianza-Lima-February-9-2020-Liga-1
Liga 1 de Fútbol Profesional,M,PER,2020,1st,Torneo Apertura,2,Sun,2020-02-09,19:30,Dep Municipal,0.0,UTC,0.0,,Estadio de la Universidad Nacional Mayor...,Jesús Cartagena,,https://fbref.com/en/matches/e0d67668/Deportivo-Municipal-Universidad-Tecnica-de-Cajamarca-February-9-2020-Liga-1
Liga 1 de Fútbol Profesional,M,PER,2020,1st,Torneo Apertura,3,Fri,2020-02-14,15:00,Cienciano,5.0,Llacuabamba,2.0,,Estadio Inca Garcilaso de la Vega,Augusto Menéndez,,https://fbref.com/en/matches/656f31be/Cienciano-Llacuabamba-February-14-2020-Liga-1
Liga 1 de Fútbol Profesional,M,PER,2020,1st,Torneo Apertura,3,Fri,2020-02-14,20:00,U César Vallejo,0.0,Binacional,2.0,,Estadio Mansiche,Renzo Castañeda,,https://fbref.com/en/matches/13c17c2d/Universidad-Cesar-Vallejo-Binacional-February-14-2020-Liga-1
Liga 1 de Fútbol Profesional,M,PER,2020,1st,Torneo Apertura,3,Sat,2020-02-15,13:00,Cantolao,0.0,Ayacucho,2.0,,Estadio Miguel Grau del Callao,Luis Garay Evia,,https://fbref.com/en/matches/f3c02565/Cantolao-Ayacucho-February-15-2020-Liga-1
Liga 1 de Fútbol Profesional,M,PER,2020,1st,Torneo Apertura,3,Sat,2020-02-15,15:00,Carlos Stein,1.0,Universitario,3.0,,Estadio Municipal de Guadalupe Carlos A....,Roberto Pérez,,https://fbref.com/en/matches/3b424521/Carlos-Stein-Universitario-February-15-2020-Liga-1
Liga 1 de Fútbol Profesional,M,PER,2020,1st,Torneo Apertura,3,Sat,2020-02-15,16:00,Sport Boys,3.0,Mannucci,3.0,,Estadio Miguel Grau del Callao,Diego Haro,,https://fbref.com/en/matches/f6ccc92a/Sport-Boys-Carlos-A-Mannucci-February-15-2020-Liga-1
Liga 1 de Fútbol Profesional,M,PER,2020,1st,Torneo Apertura,3,Sat,2020-02-15,20:00,Alianza Lima,1.0,Atlético Grau,0.0,,Estadio Alejandro Villanueva,Joel Alarcón,,https://fbref.com/en/matches/de8f6e6c/Alianza-Lima-Atletico-Grau-February-15-2020-Liga-1
Liga 1 de Fútbol Profesional,M,PER,2020,1st,Torneo Apertura,3,Sun,2020-02-16,11:00,USMP,1.0,Alianza Univ,2.0,,Estadio Alberto Gallardo,Jesús Cartagena,,https://fbref.com/en/matches/13bd016c/Universidad-San-Martin-Alianza-Universidad-February-16-2020-Liga-1
Liga 1 de Fútbol Profesional,M,PER,2020,1st,Torneo Apertura,3,Sun,2020-02-16,15:30,Melgar,1.0,Sporting Cristal,0.0,,Estadio de la Universidad Nacional San A...,Micke Palomino,,https://fbref.com/en/matches/4cc23b0a/Melgar-Sporting-Cristal-February-16-2020-Liga-1
Liga 1 de Fútbol Profesional,M,PER,2020,1st,Torneo Apertura,3,Sun,2020-02-16,17:45,Sport Huancayo,1.0,Dep Municipal,1.0,,Estadio Huancayo,Eduardo Chirinos,,https://fbref.com/en/matches/f419f16e/Sport-Huancayo-Deportivo-Municipal-February-16-2020-Liga-1
Liga 1 de Fútbol Profesional,M,PER,2020,1st,Torneo Apertura,3,Mon,2020-02-17,15:00,UTC,2.0,Cusco,1.0,,Estadio Héroes de San Ramón,Hibert Villegas,,https://fbref.com/en/matches/7a9b9cf1/Universidad-Tecnica-de-Cajamarca-Cusco-February-17-2020-Liga-1
Liga 1 de Fútbol Profesional,M,PER,2020,1st,Torneo Apertura,4,Fri,2020-02-21,18:00,Binacional,1.0,UTC,0.0,,Estadio Guillermo Briceño Rosamedina,Ramón Blanco,,https://fbref.com/en/matches/e6dbd1e7/Binacional-Universidad-Tecnica-de-Cajamarca-February-21-2020-Liga-1
Liga 1 de Fútbol Profesional,M,PER,2020,1st,Torneo Apertura,4,Fri,2020-02-21,21:00,Dep Municipal,1.0,Carlos Stein,1.0,,Estadio Municipal Segundo Aranda Torres,Alejandro Villanueva,,https://fbref.com/en/matches/34bc8d47/Deportivo-Municipal-Carlos-Stein-February-21-2020-Liga-1
Liga 1 de Fútbol Profesional,M,PER,2020,1st,Torneo Apertura,4,Sat,2020-02-22,11:00,Sporting Cristal,0.0,Sport Huancayo,0.0,,Estadio Alberto Gallardo,Kevin Ortega,,https://fbref.com/en/matches/ae5bb11f/Sporting-Cristal-Sport-Huancayo-February-22-2020-Liga-1
Liga 1 de Fútbol Profesional,M,PER,2020,1st,Torneo Apertura,4,Sat,2020-02-22,13:15,Atlético Grau,2.0,Sport Boys,3.0,,Estadio Campeones del 36,Renzo Castañeda,,https://fbref.com/en/matches/6cdbbe19/Atletico-Grau-Sport-Boys-February-22-2020-Liga-1
Liga 1 de Fútbol Profesional,M,PER,2020,1st,Torneo Apertura,4,Sat,2020-02-22,15:30,Cusco,3.0,Melgar,1.0,,Estadio Túpac Amaru,Luis Garay Evia,,https://fbref.com/en/matches/499d9fea/Cusco-Melgar-February-22-2020-Liga-1
Liga 1 de Fútbol Profesional,M,PER,2020,1st,Torneo Apertura,4,Sat,2020-02-22,20:00,Universitario,0.0,U César Vallejo,2.0,,Estadio Monumental,Víctor Carrillo,,https://fbref.com/en/matches/56b304dd/Universitario-Universidad-Cesar-Vallejo-February-22-2020-Liga-1
Liga 1 de Fútbol Profesional,M,PER,2020,1st,Torneo Apertura,4,Sun,2020-02-23,13:00,Mannucci,0.0,Cantolao,1.0,,Estadio Mansiche,Eduardo Chirinos,,https://fbref.com/en/matches/197b0506/Carlos-A-Mannucci-Cantolao-February-23-2020-Liga-1
Liga 1 de Fútbol Profesional,M,PER,2020,1st,Torneo Apertura,4,Sun,2020-02-23,15:30,Ayacucho,2.0,Alianza Lima,0.0,,Estadio Ciudad de Cumaná,Edwin Ordóñez,,https://fbref.com/en/matches/c3ec2d3d/Ayacucho-Alianza-Lima-February-23-2020-Liga-1
Liga 1 de Fútbol Profesional,M,PER,2020,1st,Torneo Apertura,4,Mon,2020-02-24,15:00,Llacuabamba,1.0,USMP,2.0,,Estadio Municipal Germán Contreras Jara,Joel Alarcón,,https://fbref.com/en/matches/7e25f327/Llacuabamba-Universidad-San-Martin-February-24-2020-Liga-1
Liga 1 de Fútbol Profesional,M,PER,2020,1st,Torneo Apertura,4,Mon,2020-02-24,20:00,Alianza Univ,1.0,Cienciano,0.0,,Estadio Heraclio Tapia León,Michael Espinoza,,https://fbref.com/en/matches/c6564909/Alianza-Universidad-Cienciano-February-24-2020-Liga-1
Liga 1 de Fútbol Profesional,M,PER,2020,1st,Torneo Apertura,5,Fri,2020-02-28,15:00,UTC,1.0,Melgar,1.0,,Estadio Héroes de San Ramón,Edwin Ordóñez,,https://fbref.com/en/matches/3d62ec40/Universidad-Tecnica-de-Cajamarca-Melgar-February-28-2020-Liga-1
Liga 1 de Fútbol Profesional,M,PER,2020,1st,Torneo Apertura,5,Fri,2020-02-28,20:00,Alianza Lima,1.0,Dep Municipal,0.0,,Estadio Alejandro Villanueva,Luis Garay Evia,,https://fbref.com/en/matches/ca20ddbd/Alianza-Lima-Deportivo-Municipal-February-28-2020-Liga-1
Liga 1 de Fútbol Profesional,M,PER,2020,1st,Torneo Apertura,5,Sat,2020-02-29,13:00,Cantolao,1.0,Atlético Grau,0.0,,Estadio Miguel Grau del Callao,Kevin Ortega,,https://fbref.com/en/matches/628c1ad4/Cantolao-Atletico-Grau-February-29-2020-Liga-1
Liga 1 de Fútbol Profesional,M,PER,2020,1st,Torneo Apertura,5,Sat,2020-02-29,15:30,Cienciano,1.0,Ayacucho,4.0,,Estadio Inca Garcilaso de la Vega,Ramón Blanco,,https://fbref.com/en/matches/aa62b870/Cienciano-Ayacucho-February-29-2020-Liga-1
Liga 1 de Fútbol Profesional,M,PER,2020,1st,Torneo Apertura,5,Sat,2020-02-29,20:00,Alianza Univ,3.0,Llacuabamba,0.0,,Estadio Heraclio Tapia León,Fernando Legario,,https://fbref.com/en/matches/ffc04d5c/Alianza-Universidad-Llacuabamba-February-29-2020-Liga-1
Liga 1 de Fútbol Profesional,M,PER,2020,1st,Torneo Apertura,5,Sun,2020-03-01,11:00,USMP,2.0,Mannucci,2.0,,Estadio Alberto Gallardo,Víctor Carrillo,,https://fbref.com/en/matches/b7cef621/Universidad-San-Martin-Carlos-A-Mannucci-March-1-2020-Liga-1
Liga 1 de Fútbol Profesional,M,PER,2020,1st,Torneo Apertura,5,Sun,2020-03-01,15:00,Sport Boys,3.0,Universitario,3.0,,Estadio Miguel Grau del Callao,Joel Alarcón,,https://fbref.com/en/matches/a430bb76/Sport-Boys-Universitario-March-1-2020-Liga-1
Liga 1 de Fútbol Profesional,M,PER,2020,1st,Torneo Apertura,5,Sun,2020-03-01,15:00,Carlos Stein,1.0,Binacional,1.0,,Estadio Municipal Francisco Mendoza Piza...,Luis Seminario,,https://fbref.com/en/matches/c48a0938/Carlos-Stein-Binacional-March-1-2020-Liga-1
Liga 1 de Fútbol Profesional,M,PER,2020,1st,Torneo Apertura,5,Sun,2020-03-01,17:45,U César Vallejo,1.0,Sporting Cristal,1.0,,Estadio Mansiche,Michael Espinoza,,https://fbref.com/en/matches/6f1617e9/Universidad-Cesar-Vallejo-Sporting-Cristal-March-1-2020-Liga-1
Liga 1 de Fútbol Profesional,M,PER,2020,1st,Torneo Apertura,5,Mon,2020-03-02,20:00,Sport Huancayo,3.0,Cusco,2.0,,Estadio Huancayo,Diego Haro,,https://fbref.com/en/matches/b28bae5c/Sport-Huancayo-Cusco-March-2-2020-Liga-1
Liga 1 de Fútbol Profesional,M,PER,2020,1st,Torneo Apertura,6,Fri,2020-03-06,15:00,Llacuabamba,2.0,UTC,2.0,,Estadio Municipal Germán Contreras Jara,Alejandro Villanueva,,https://fbref.com/en/matches/eaf21e04/Llacuabamba-Universidad-Tecnica-de-Cajamarca-March-6-2020-Liga-1
Liga 1 de Fútbol Profesional,M,PER,2020,1st,Torneo Apertura,6,Fri,2020-03-06,21:00,Mannucci,0.0,Cienciano,2.0,,Estadio Mansiche,Fernando Legario,,https://fbref.com/en/matches/94f3c7a3/Carlos-A-Mannucci-Cienciano-March-6-2020-Liga-1
Liga 1 de Fútbol Profesional,M,PER,2020,1st,Torneo Apertura,6,Sat,2020-03-07,11:00,Sporting Cristal,0.0,Carlos Stein,1.0,,Estadio Alberto Gallardo,Renzo Castañeda,,https://fbref.com/en/matches/6c930eee/Sporting-Cristal-Carlos-Stein-March-7-2020-Liga-1
Liga 1 de Fútbol Profesional,M,PER,2020,1st,Torneo Apertura,6,Sat,2020-03-07,15:00,Cusco,2.0,U César Vallejo,1.0,,Estadio Túpac Amaru,Eduardo Chirinos,,https://fbref.com/en/matches/2c723d8c/Cusco-Universidad-Cesar-Vallejo-March-7-2020-Liga-1
Liga 1 de Fútbol Profesional,M,PER,2020,1st,Torneo Apertura,6,Sat,2020-03-07,17:45,Dep Municipal,2.0,Cantolao,0.0,,Estadio Municipal Segundo Aranda Torres,Ramón Blanco,,https://fbref.com/en/matches/bb80035a/Deportivo-Municipal-Cantolao-March-7-2020-Liga-1
Liga 1 de Fútbol Profesional,M,PER,2020,1st,Torneo Apertura,6,Sat,2020-03-07,20:00,Melgar,1.0,Sport Huancayo,0.0,,Estadio de la Universidad Nacional San A...,Diego Haro,,https://fbref.com/en/matches/86ba5278/Melgar-Sport-Huancayo-March-7-2020-Liga-1
Liga 1 de Fútbol Profesional,M,PER,2020,1st,Torneo Apertura,6,Sun,2020-03-08,13:15,Atlético Grau,0.0,USMP,0.0,,Estadio Campeones del 36,Roberto Pérez,,https://fbref.com/en/matches/8812ee4b/Atletico-Grau-Universidad-San-Martin-March-8-2020-Liga-1
Liga 1 de Fútbol Profesional,M,PER,2020,1st,Torneo Apertura,6,Sun,2020-03-08,15:00,Universitario,2.0,Alianza Lima,0.0,,Estadio Monumental,Miguel Santiváñez,,https://fbref.com/en/matches/de6fb359/Universitario-Alianza-Lima-March-8-2020-Liga-1
Liga 1 de Fútbol Profesional,M,PER,2020,1st,Torneo Apertura,6,Sun,2020-03-08,19:30,Binacional,3.0,Sport Boys,1.0,,Estadio Guillermo Briceño Rosamedina,Michael Espinoza,,https://fbref.com/en/matches/552a79bd/Binacional-Sport-Boys-March-8-2020-Liga-1
Liga 1 de Fútbol Profesional,M,PER,2020,1st,Torneo Apertura,6,Mon,2020-03-09,15:00,Ayacucho,1.0,Alianza Univ,1.0,,Estadio Ciudad de Cumaná,Joel Alarcón,,https://fbref.com/en/matches/6b95a765/Ayacucho-Alianza-Universidad-March-9-2020-Liga-1
Liga 1 de Fútbol Profesional,M,PER,2020,1st,Torneo Apertura,7,Fri,2020-08-07,18:00,Cantolao,0.0,Universitario,0.0,,Estadio Miguel Grau del Callao,Joel Alarcón,,https://fbref.com/en/matches/348534f7/Cantolao-Universitario-August-7-2020-Liga-1
Liga 1 de Fútbol Profesional,M,PER,2020,1st,Torneo Apertura,7,Mon,2020-08-10,13:15,Alianza Lima,3.0,Binacional,0.0,,Estadio Alejandro Villanueva,,Match awarded to Alianza Lima,https://fbref.com/en/matches/b663c41d/Alianza-Lima-Binacional-August-10-2020-Liga-1
Liga 1 de Fútbol Profesional,M,PER,2020,1st,Torneo Apertura,7,Tue,2020-08-18,11:00,Cienciano,3.0,Atlético Grau,0.0,,Estadio Inca Garcilaso de la Vega,Edwin Ordóñez,Match awarded to Cienciano,https://fbref.com/en/matches/21acad0f/Cienciano-Atletico-Grau-August-18-2020-Liga-1
Liga 1 de Fútbol Profesional,M,PER,2020,1st,Torneo Apertura,7,Tue,2020-08-18,13:15,Sport Boys,1.0,Sporting Cristal,4.0,,Estadio Miguel Grau del Callao,Miguel Santiváñez,,https://fbref.com/en/matches/83bc06eb/Sport-Boys-Sporting-Cristal-August-18-2020-Liga-1
Liga 1 de Fútbol Profesional,M,PER,2020,1st,Torneo Apertura,7,Tue,2020-08-18,15:30,Sport Huancayo,2.0,UTC,0.0,,Estadio Huancayo,Luis Seminario,,https://fbref.com/en/matches/453b8840/Sport-Huancayo-Universidad-Tecnica-de-Cajamarca-August-18-2020-Liga-1
Liga 1 de Fútbol Profesional,M,PER,2020,1st,Torneo Apertura,7,Tue,2020-08-18,18:00,USMP,0.0,Dep Municipal,1.0,,Estadio Alberto Gallardo,Renzo Castañeda,,https://fbref.com/en/matches/768ab766/Universidad-San-Martin-Deportivo-Municipal-August-18-2020-Liga-1
Liga 1 de Fútbol Profesional,M,PER,2020,1st,Torneo Apertura,7,Wed,2020-08-19,11:00,Carlos Stein,1.0,Cusco,2.0,,Estadio Municipal Francisco Mendoza Piza...,Roberto Pérez,,https://fbref.com/en/matches/cb771964/Carlos-Stein-Cusco-August-19-2020-Liga-1
Liga 1 de Fútbol Profesional,M,PER,2020,1st,Torneo Apertura,7,Wed,2020-08-19,13:15,Alianza Univ,0.0,Mannucci,1.0,,Estadio Heraclio Tapia León,Víctor Carrillo,,https://fbref.com/en/matches/464e797c/Alianza-Universidad-Carlos-A-Mannucci-August-19-2020-Liga-1
Liga 1 de Fútbol Profesional,M,PER,2020,1st,Torneo Apertura,7,Wed,2020-08-19,15:30,Llacuabamba,1.0,Ayacucho,3.0,,Estadio Municipal Germán Contreras Jara,Augusto Menéndez,,https://fbref.com/en/matches/189635c4/Llacuabamba-Ayacucho-August-19-2020-Liga-1
Liga 1 de Fútbol Profesional,M,PER,2020,1st,Torneo Apertura,7,Wed,2020-08-19,18:00,U César Vallejo,0.0,Melgar,0.0,,Estadio Mansiche,Kevin Ortega,,https://fbref.com/en/matches/2c9e9334/Universidad-Cesar-Vallejo-Melgar-August-19-2020-Liga-1
Liga 1 de Fútbol Profesional,M,PER,2020,1st,Torneo Apertura,8,Tue,2020-08-25,11:00,Binacional,2.0,Cantolao,3.0,,Estadio Guillermo Briceño Rosamedina,Edwin Ordóñez,,https://fbref.com/en/matches/fbf3a985/Binacional-Cantolao-August-25-2020-Liga-1
Liga 1 de Fútbol Profesional,M,PER,2020,1st,Torneo Apertura,8,Tue,2020-08-25,14:15,Sporting Cristal,1.0,Alianza Lima,1.0,,Estadio Alberto Gallardo,Kevin Ortega,,https://fbref.com/en/matches/280b4d8c/Sporting-Cristal-Alianza-Lima-August-25-2020-Liga-1
Liga 1 de Fútbol Profesional,M,PER,2020,1st,Torneo Apertura,8,Tue,2020-08-25,18:00,Dep Municipal,0.0,Cienciano,1.0,,Estadio Municipal Segundo Aranda Torres,Augusto Menéndez,,https://fbref.com/en/matches/8caff502/Deportivo-Municipal-Cienciano-August-25-2020-Liga-1
Liga 1 de Fútbol Profesional,M,PER,2020,1st,Torneo Apertura,8,Wed,2020-08-26,11:00,Mannucci,1.0,Llacuabamba,0.0,,Estadio Mansiche,José Panta,,https://fbref.com/en/matches/97b16266/Carlos-A-Mannucci-Llacuabamba-August-26-2020-Liga-1
Liga 1 de Fútbol Profesional,M,PER,2020,1st,Torneo Apertura,8,Wed,2020-08-26,13:15,UTC,1.0,U César Vallejo,3.0,,Estadio Héroes de San Ramón,Víctor Carrillo,,https://fbref.com/en/matches/7118a6d8/Universidad-Tecnica-de-Cajamarca-Universidad-Cesar-Vallejo-August-26-2020-Liga-1
Liga 1 de Fútbol Profesional,M,PER,2020,1st,Torneo Apertura,8,Wed,2020-08-26,15:30,Ayacucho,1.0,Sport Huancayo,1.0,,Estadio Ciudad de Cumaná,Joel Alarcón,,https://fbref.com/en/matches/7941dc0c/Ayacucho-Sport-Huancayo-August-26-2020-Liga-1
Liga 1 de Fútbol Profesional,M,PER,2020,1st,Torneo Apertura,8,Wed,2020-08-26,18:00,Cusco,2.0,Sport Boys,0.0,,Estadio Túpac Amaru,Diego Haro,,https://fbref.com/en/matches/bd4c5ad4/Cusco-Sport-Boys-August-26-2020-Liga-1
Liga 1 de Fútbol Profesional,M,PER,2020,1st,Torneo Apertura,8,Thu,2020-08-27,11:00,Universitario,2.0,USMP,0.0,,Estadio Monumental,Miguel Santiváñez,,https://fbref.com/en/matches/c94619e3/Universitario-Universidad-San-Martin-August-27-2020-Liga-1
Liga 1 de Fútbol Profesional,M,PER,2020,1st,Torneo Apertura,8,Thu,2020-08-27,13:15,Atlético Grau,1.0,Alianza Univ,1.0,,Estadio Campeones del 36,Renzo Castañeda,,https://fbref.com/en/matches/356c4a56/Atletico-Grau-Alianza-Universidad-August-27-2020-Liga-1
Liga 1 de Fútbol Profesional,M,PER,2020,1st,Torneo Apertura,8,Thu,2020-08-27,15:30,Melgar,0.0,Carlos Stein,2.0,,Estadio de la Universidad Nacional San A...,Luis Garay Evia,,https://fbref.com/en/matches/5f5eeaf5/Melgar-Carlos-Stein-August-27-2020-Liga-1
Liga 1 de Fútbol Profesional,M,PER,2020,1st,Torneo Apertura,9,Sat,2020-08-29,13:15,Alianza Lima,0.0,Cusco,0.0,,Estadio Alejandro Villanueva,Víctor Carrillo,,https://fbref.com/en/matches/b56dfc0b/Alianza-Lima-Cusco-August-29-2020-Liga-1
Liga 1 de Fútbol Profesional,M,PER,2020,1st,Torneo Apertura,9,Mon,2020-08-31,11:00,Cienciano,1.0,Universitario,3.0,,Estadio Inca Garcilaso de la Vega,Joel Alarcón,,https://fbref.com/en/matches/e04582cd/Cienciano-Universitario-August-31-2020-Liga-1
Liga 1 de Fútbol Profesional,M,PER,2020,1st,Torneo Apertura,9,Mon,2020-08-31,13:15,Cantolao,2.0,Sporting Cristal,6.0,,Estadio Miguel Grau del Callao,Michael Espinoza,,https://fbref.com/en/matches/7e263210/Cantolao-Sporting-Cristal-August-31-2020-Liga-1
Liga 1 de Fútbol Profesional,M,PER,2020,1st,Torneo Apertura,9,Mon,2020-08-31,15:30,U César Vallejo,2.0,Sport Huancayo,0.0,,Estadio Mansiche,Miguel Santiváñez,,https://fbref.com/en/matches/8a4bd24b/Universidad-Cesar-Vallejo-Sport-Huancayo-August-31-2020-Liga-1
Liga 1 de Fútbol Profesional,M,PER,2020,1st,Torneo Apertura,9,Mon,2020-08-31,15:30,Alianza Univ,1.0,Dep Municipal,1.0,,Estadio Heraclio Tapia León,Roberto Pérez,,https://fbref.com/en/matches/f2727bd1/Alianza-Universidad-Deportivo-Municipal-August-31-2020-Liga-1
Liga 1 de Fútbol Profesional,M,PER,2020,1st,Torneo Apertura,9,Mon,2020-08-31,18:00,Sport Boys,1.0,Melgar,0.0,,Estadio Miguel Grau del Callao,José Mendoza,,https://fbref.com/en/matches/29208cfe/Sport-Boys-Melgar-August-31-2020-Liga-1
Liga 1 de Fútbol Profesional,M,PER,2020,1st,Torneo Apertura,9,Tue,2020-09-01,11:00,Carlos Stein,0.0,UTC,1.0,,Estadio Municipal Francisco Mendoza Piza...,Hibert Villegas,,https://fbref.com/en/matches/6639de2c/Carlos-Stein-Universidad-Tecnica-de-Cajamarca-September-1-2020-Liga-1
Liga 1 de Fútbol Profesional,M,PER,2020,1st,Torneo Apertura,9,Tue,2020-09-01,13:15,USMP,0.0,Binacional,0.0,,Estadio Alberto Gallardo,Fernando Legario,,https://fbref.com/en/matches/38cb607a/Universidad-San-Martin-Binacional-September-1-2020-Liga-1
Liga 1 de Fútbol Profesional,M,PER,2020,1st,Torneo Apertura,9,Tue,2020-09-01,15:30,Llacuabamba,2.0,Atlético Grau,0.0,,Estadio Municipal Germán Contreras Jara,Luis Garay Evia,,https://fbref.com/en/matches/102bd517/Llacuabamba-Atletico-Grau-September-1-2020-Liga-1
Liga 1 de Fútbol Profesional,M,PER,2020,1st,Torneo Apertura,9,Tue,2020-09-01,18:00,Ayacucho,1.0,Mannucci,2.0,,Estadio Ciudad de Cumaná,Renzo Castañeda,,https://fbref.com/en/matches/04771969/Ayacucho-Carlos-A-Mannucci-September-1-2020-Liga-1
Liga 1 de Fútbol Profesional,M,PER,2020,1st,Torneo Apertura,10,Mon,2020-09-07,11:00,Melgar,2.0,Alianza Lima,2.0,,Estadio de la Universidad Nacional San A...,Joel Alarcón,,https://fbref.com/en/matches/edfcb231/Melgar-Alianza-Lima-September-7-2020-Liga-1
Liga 1 de Fútbol Profesional,M,PER,2020,1st,Torneo Apertura,10,Mon,2020-09-07,13:15,Universitario,3.0,Alianza Univ,2.0,,Estadio Monumental,Kevin Ortega,,https://fbref.com/en/matches/c01930e6/Universitario-Alianza-Universidad-September-7-2020-Liga-1
Liga 1 de Fútbol Profesional,M,PER,2020,1st,Torneo Apertura,10,Mon,2020-09-07,15:30,UTC,2.0,Sport Boys,1.0,,Estadio Héroes de San Ramón,Augusto Menéndez,,https://fbref.com/en/matches/458db51f/Universidad-Tecnica-de-Cajamarca-Sport-Boys-September-7-2020-Liga-1
Liga 1 de Fútbol Profesional,M,PER,2020,1st,Torneo Apertura,10,Mon,2020-09-07,18:00,Binacional,0.0,Cienciano,0.0,,Estadio Guillermo Briceño Rosamedina,Ramón Blanco,,https://fbref.com/en/matches/c03f671b/Binacional-Cienciano-September-7-2020-Liga-1
Liga 1 de Fútbol Profesional,M,PER,2020,1st,Torneo Apertura,10,Tue,2020-09-08,11:00,Sport Huancayo,1.0,Carlos Stein,0.0,,Estadio Huancayo,Edwin Ordóñez,,https://fbref.com/en/matches/9d24ca85/Sport-Huancayo-Carlos-Stein-September-8-2020-Liga-1
Liga 1 de Fútbol Profesional,M,PER,2020,1st,Torneo Apertura,10,Tue,2020-09-08,13:15,Cusco,1.0,Cantolao,1.0,,Estadio Túpac Amaru,Micke Palomino,,https://fbref.com/en/matches/690813f4/Cusco-Cantolao-September-8-2020-Liga-1
Liga 1 de Fútbol Profesional,M,PER,2020,1st,Torneo Apertura,10,Tue,2020-09-08,15:30,Dep Municipal,2.0,Llacuabamba,2.0,,Estadio Municipal Segundo Aranda Torres,Alejandro Villanueva,,https://fbref.com/en/matches/8d31639b/Deportivo-Municipal-Llacuabamba-September-8-2020-Liga-1
Liga 1 de Fútbol Profesional,M,PER,2020,1st,Torneo Apertura,10,Tue,2020-09-08,18:00,Mannucci,1.0,U César Vallejo,1.0,,Estadio Mansiche,Michael Espinoza,,https://fbref.com/en/matches/fa22b5b1/Carlos-A-Mannucci-Universidad-Cesar-Vallejo-September-8-2020-Liga-1
Liga 1 de Fútbol Profesional,M,PER,2020,1st,Torneo Apertura,10,Wed,2020-09-09,13:00,Sporting Cristal,2.0,USMP,0.0,,Estadio Alberto Gallardo,Diego Haro,,https://fbref.com/en/matches/25ff946f/Sporting-Cristal-Universidad-San-Martin-September-9-2020-Liga-1
Liga 1 de Fútbol Profesional,M,PER,2020,1st,Torneo Apertura,10,Wed,2020-09-09,15:30,Atlético Grau,2.0,Ayacucho,2.0,,Estadio Campeones del 36,Eduardo Chirinos,,https://fbref.com/en/matches/0a03430a/Atletico-Grau-Ayacucho-September-9-2020-Liga-1
Liga 1 de Fútbol Profesional,M,PER,2020,1st,Torneo Apertura,11,Fri,2020-09-11,11:00,Alianza Univ,1.0,Binacional,2.0,,Estadio Heraclio Tapia León,Diego Haro,,https://fbref.com/en/matches/5e2b4e86/Alianza-Universidad-Binacional-September-11-2020-Liga-1
Liga 1 de Fútbol Profesional,M,PER,2020,1st,Torneo Apertura,11,Fri,2020-09-11,15:30,Alianza Lima,0.0,UTC,2.0,,Estadio Alejandro Villanueva,Kevin Ortega,,https://fbref.com/en/matches/a6618f03/Alianza-Lima-Universidad-Tecnica-de-Cajamarca-September-11-2020-Liga-1
Liga 1 de Fútbol Profesional,M,PER,2020,1st,Torneo Apertura,11,Sat,2020-09-12,11:00,Llacuabamba,0.0,Universitario,1.0,,Estadio Municipal Germán Contreras Jara,Víctor Carrillo,,https://fbref.com/en/matches/65746acd/Llacuabamba-Universitario-September-12-2020-Liga-1
Liga 1 de Fútbol Profesional,M,PER,2020,1st,Torneo Apertura,11,Sat,2020-09-12,11:30,Sport Boys,0.0,Sport Huancayo,1.0,,Estadio Miguel Grau del Callao,Eduardo Chirinos,,https://fbref.com/en/matches/1c785d70/Sport-Boys-Sport-Huancayo-September-12-2020-Liga-1
Liga 1 de Fútbol Profesional,M,PER,2020,1st,Torneo Apertura,11,Sat,2020-09-12,15:00,Carlos Stein,2.0,U César Vallejo,2.0,,Estadio Municipal Francisco Mendoza Piza...,Miguel Santiváñez,,https://fbref.com/en/matches/dd855150/Carlos-Stein-Universidad-Cesar-Vallejo-September-12-2020-Liga-1
Liga 1 de Fútbol Profesional,M,PER,2020,1st,Torneo Apertura,11,Sat,2020-09-12,15:30,Cantolao,0.0,Melgar,2.0,,Estadio Miguel Grau del Callao,Roberto Pérez,,https://fbref.com/en/matches/8459cb6c/Cantolao-Melgar-September-12-2020-Liga-1
Liga 1 de Fútbol Profesional,M,PER,2020,1st,Torneo Apertura,11,Mon,2020-09-14,11:00,USMP,1.0,Cusco,2.0,,Estadio Alberto Gallardo,Jonathan Zamora,,https://fbref.com/en/matches/dde83b97/Universidad-San-Martin-Cusco-September-14-2020-Liga-1
Liga 1 de Fútbol Profesional,M,PER,2020,1st,Torneo Apertura,11,Mon,2020-09-14,13:15,Ayacucho,1.0,Dep Municipal,2.0,,Estadio Ciudad de Cumaná,Micke Palomino,,https://fbref.com/en/matches/c20da2ca/Ayacucho-Deportivo-Municipal-September-14-2020-Liga-1
Liga 1 de Fútbol Profesional,M,PER,2020,1st,Torneo Apertura,11,Mon,2020-09-14,15:30,Mannucci,0.0,Atlético Grau,2.0,,Estadio Mansiche,Wilmer Villanueva,,https://fbref.com/en/matches/804ea4f2/Carlos-A-Mannucci-Atletico-Grau-September-14-2020-Liga-1
Liga 1 de Fútbol Profesional,M,PER,2020,1st,Torneo Apertura,11,Mon,2020-09-14,18:00,Cienciano,0.0,Sporting Cristal,0.0,,Estadio Inca Garcilaso de la Vega,Fernando Legario,,https://fbref.com/en/matches/470424dc/Cienciano-Sporting-Cristal-September-14-2020-Liga-1
Liga 1 de Fútbol Profesional,M,PER,2020,1st,Torneo Apertura,12,Thu,2020-09-17,13:00,UTC,3.0,Cantolao,1.0,,Estadio Héroes de San Ramón,Luis Garay Evia,,https://fbref.com/en/matches/87f80161/Universidad-Tecnica-de-Cajamarca-Cantolao-September-17-2020-Liga-1
Liga 1 de Fútbol Profesional,M,PER,2020,1st,Torneo Apertura,12,Thu,2020-09-17,15:30,U César Vallejo,2.0,Sport Boys,0.0,,Estadio Mansiche,Ramón Blanco,,https://fbref.com/en/matches/8b68e2d2/Universidad-Cesar-Vallejo-Sport-Boys-September-17-2020-Liga-1
Liga 1 de Fútbol Profesional,M,PER,2020,1st,Torneo Apertura,12,Fri,2020-09-18,11:00,Carlos Stein,1.0,Atlético Grau,1.0,,Estadio Municipal Francisco Mendoza Piza...,José Mendoza,,https://fbref.com/en/matches/c76db9e9/Carlos-Stein-Atletico-Grau-September-18-2020-Liga-1
Liga 1 de Fútbol Profesional,M,PER,2020,1st,Torneo Apertura,12,Fri,2020-09-18,13:00,Binacional,2.0,Llacuabamba,1.0,,Estadio Guillermo Briceño Rosamedina,Edwin Ordóñez,,https://fbref.com/en/matches/31dd72c6/Binacional-Llacuabamba-September-18-2020-Liga-1
Liga 1 de Fútbol Profesional,M,PER,2020,1st,Torneo Apertura,12,Fri,2020-09-18,15:30,Melgar,1.0,USMP,1.0,,Estadio de la Universidad Nacional San A...,Augusto Menéndez,,https://fbref.com/en/matches/875e10c0/Melgar-Universidad-San-Martin-September-18-2020-Liga-1
Liga 1 de Fútbol Profesional,M,PER,2020,1st,Torneo Apertura,12,Fri,2020-09-18,18:00,Universitario,1.0,Ayacucho,0.0,,Estadio Monumental,Michael Espinoza,,https://fbref.com/en/matches/015ca2d9/Universitario-Ayacucho-September-18-2020-Liga-1
Liga 1 de Fútbol Profesional,M,PER,2020,1st,Torneo Apertura,12,Sat,2020-09-19,11:00,Dep Municipal,0.0,Mannucci,1.0,,Estadio Municipal Segundo Aranda Torres,Eduardo Chirinos,,https://fbref.com/en/matches/cc34dfee/Deportivo-Municipal-Carlos-A-Mannucci-September-19-2020-Liga-1
Liga 1 de Fútbol Profesional,M,PER,2020,1st,Torneo Apertura,12,Sat,2020-09-19,13:15,Sport Huancayo,1.0,Alianza Lima,1.0,,Estadio Huancayo,Joel Alarcón,,https://fbref.com/en/matches/9ce3eced/Sport-Huancayo-Alianza-Lima-September-19-2020-Liga-1
Liga 1 de Fútbol Profesional,M,PER,2020,1st,Torneo Apertura,12,Sat,2020-09-19,15:30,Cusco,2.0,Cienciano,3.0,,Estadio Túpac Amaru,Jesús Cartagena,,https://fbref.com/en/matches/60346b4e/Cusco-Cienciano-September-19-2020-Liga-1
Liga 1 de Fútbol Profesional,M,PER,2020,1st,Torneo Apertura,12,Sat,2020-09-19,18:00,Sporting Cristal,2.0,Alianza Univ,1.0,,Estadio Alberto Gallardo,Roberto Pérez,,https://fbref.com/en/matches/1f72899d/Sporting-Cristal-Alianza-Universidad-September-19-2020-Liga-1
Liga 1 de Fútbol Profesional,M,PER,2020,1st,Torneo Apertura,13,Mon,2020-09-21,11:00,Sport Boys,0.0,Carlos Stein,1.0,,Estadio Miguel Grau del Callao,Joel Alarcón,,https://fbref.com/en/matches/1dda84d4/Sport-Boys-Carlos-Stein-September-21-2020-Liga-1
Liga 1 de Fútbol Profesional,M,PER,2020,1st,Torneo Apertura,13,Mon,2020-09-21,15:30,Alianza Lima,1.0,U César Vallejo,1.0,,Estadio Alejandro Villanueva,Micke Palomino,,https://fbref.com/en/matches/7b0abf9f/Alianza-Lima-Universidad-Cesar-Vallejo-September-21-2020-Liga-1
Liga 1 de Fútbol Profesional,M,PER,2020,1st,Torneo Apertura,13,Tue,2020-09-22,11:00,USMP,1.0,UTC,1.0,,Estadio Alberto Gallardo,Jordy Espinoza,,https://fbref.com/en/matches/e411a7e2/Universidad-San-Martin-Universidad-Tecnica-de-Cajamarca-September-22-2020-Liga-1
Liga 1 de Fútbol Profesional,M,PER,2020,1st,Torneo Apertura,13,Tue,2020-09-22,13:15,Mannucci,2.0,Universitario,2.0,,Estadio Mansiche,Miguel Santiváñez,,https://fbref.com/en/matches/65649c33/Carlos-A-Mannucci-Universitario-September-22-2020-Liga-1
Liga 1 de Fútbol Profesional,M,PER,2020,1st,Torneo Apertura,13,Tue,2020-09-22,15:00,Atlético Grau,3.0,Dep Municipal,2.0,,Estadio Campeones del 36,Edwin Ordóñez,,https://fbref.com/en/matches/710c24b5/Atletico-Grau-Deportivo-Municipal-September-22-2020-Liga-1
Liga 1 de Fútbol Profesional,M,PER,2020,1st,Torneo Apertura,13,Tue,2020-09-22,15:30,Cantolao,1.0,Sport Huancayo,3.0,,Estadio Miguel Grau del Callao,Alejandro Villanueva,,https://fbref.com/en/matches/5b70e018/Cantolao-Sport-Huancayo-September-22-2020-Liga-1
Liga 1 de Fútbol Profesional,M,PER,2020,1st,Torneo Apertura,13,Wed,2020-09-23,11:00,Alianza Univ,1.0,Cusco,0.0,,Estadio Heraclio Tapia León,José Mendoza,,https://fbref.com/en/matches/a1c0e214/Alianza-Universidad-Cusco-September-23-2020-Liga-1
Liga 1 de Fútbol Profesional,M,PER,2020,1st,Torneo Apertura,13,Wed,2020-09-23,15:00,Cienciano,3.0,Melgar,1.0,,Estadio Inca Garcilaso de la Vega,Renzo Castañeda,,https://fbref.com/en/matches/f5864816/Cienciano-Melgar-September-23-2020-Liga-1
Liga 1 de Fútbol Profesional,M,PER,2020,1st,Torneo Apertura,13,Wed,2020-09-23,15:30,Llacuabamba,1.0,Sporting Cristal,4.0,,Estadio Municipal Germán Contreras Jara,Michael Espinoza,,https://fbref.com/en/matches/d41abb89/Llacuabamba-Sporting-Cristal-September-23-2020-Liga-1
Liga 1 de Fútbol Profesional,M,PER,2020,1st,Torneo Apertura,13,Thu,2020-09-24,15:30,Ayacucho,1.0,Binacional,0.0,,Estadio Ciudad de Cumaná,Víctor Carrillo,,https://fbref.com/en/matches/137c9883/Ayacucho-Binacional-September-24-2020-Liga-1
Liga 1 de Fútbol Profesional,M,PER,2020,1st,Torneo Apertura,14,Fri,2020-09-25,10:15,U César Vallejo,1.0,Cantolao,1.0,,Estadio Mansiche,Luis Seminario,,https://fbref.com/en/matches/54626a4c/Universidad-Cesar-Vallejo-Cantolao-September-25-2020-Liga-1
Liga 1 de Fútbol Profesional,M,PER,2020,1st,Torneo Apertura,14,Fri,2020-09-25,13:00,Sport Huancayo,4.0,USMP,3.0,,Estadio Huancayo,Roberto Pérez,,https://fbref.com/en/matches/ff789ad4/Sport-Huancayo-Universidad-San-Martin-September-25-2020-Liga-1
Liga 1 de Fútbol Profesional,M,PER,2020,1st,Torneo Apertura,14,Fri,2020-09-25,15:30,Universitario,2.0,Atlético Grau,0.0,,Estadio Monumental,Augusto Menéndez,,https://fbref.com/en/matches/4d4af1ca/Universitario-Atletico-Grau-September-25-2020-Liga-1
Liga 1 de Fútbol Profesional,M,PER,2020,1st,Torneo Apertura,14,Fri,2020-09-25,18:00,Sport Boys,1.0,Dep Municipal,1.0,,Estadio Miguel Grau del Callao,Micke Palomino,,https://fbref.com/en/matches/9d86e15b/Sport-Boys-Deportivo-Municipal-September-25-2020-Liga-1
Liga 1 de Fútbol Profesional,M,PER,2020,1st,Torneo Apertura,14,Sat,2020-09-26,13:00,UTC,3.0,Cienciano,0.0,,Estadio Héroes de San Ramón,Hibert Villegas,,https://fbref.com/en/matches/1f297a11/Universidad-Tecnica-de-Cajamarca-Cienciano-September-26-2020-Liga-1
Liga 1 de Fútbol Profesional,M,PER,2020,1st,Torneo Apertura,14,Sat,2020-09-26,15:00,Carlos Stein,0.0,Alianza Lima,2.0,,Estadio Municipal Francisco Mendoza Piza...,Fernando Legario,,https://fbref.com/en/matches/fe9b20c6/Carlos-Stein-Alianza-Lima-September-26-2020-Liga-1
Liga 1 de Fútbol Profesional,M,PER,2020,1st,Torneo Apertura,14,Sat,2020-09-26,15:30,Binacional,0.0,Mannucci,1.0,,Estadio Guillermo Briceño Rosamedina,Ramón Blanco,,https://fbref.com/en/matches/2b345a5a/Binacional-Carlos-A-Mannucci-September-26-2020-Liga-1
Liga 1 de Fútbol Profesional,M,PER,2020,1st,Torneo Apertura,14,Sat,2020-09-26,18:00,Sporting Cristal,2.0,Ayacucho,1.0,,Estadio Alberto Gallardo,Edwin Ordóñez,,https://fbref.com/en/matches/eaf98b44/Sporting-Cristal-Ayacucho-September-26-2020-Liga-1
Liga 1 de Fútbol Profesional,M,PER,2020,1st,Torneo Apertura,14,Mon,2020-09-28,12:00,Cusco,2.0,Llacuabamba,2.0,,Estadio Túpac Amaru,Gean Pierre Barbagelatta,,https://fbref.com/en/matches/4ec56bc3/Cusco-Llacuabamba-September-28-2020-Liga-1
Liga 1 de Fútbol Profesional,M,PER,2020,1st,Torneo Apertura,14,Mon,2020-09-28,15:30,Melgar,1.0,Alianza Univ,0.0,,Estadio de la Universidad Nacional San A...,Víctor Carrillo,,https://fbref.com/en/matches/186f0cb4/Melgar-Alianza-Universidad-September-28-2020-Liga-1
Liga 1 de Fútbol Profesional,M,PER,2020,1st,Torneo Apertura,15,Tue,2020-09-29,11:00,Cantolao,2.0,Carlos Stein,2.0,,Estadio Miguel Grau del Callao,Michael Espinoza,,https://fbref.com/en/matches/b2b06f2c/Cantolao-Carlos-Stein-September-29-2020-Liga-1
Liga 1 de Fútbol Profesional,M,PER,2020,1st,Torneo Apertura,15,Tue,2020-09-29,13:15,Cienciano,0.0,Sport Huancayo,0.0,,Estadio Inca Garcilaso de la Vega,José Mendoza,,https://fbref.com/en/matches/487e3066/Cienciano-Sport-Huancayo-September-29-2020-Liga-1
Liga 1 de Fútbol Profesional,M,PER,2020,1st,Torneo Apertura,15,Tue,2020-09-29,15:30,USMP,0.0,U César Vallejo,1.0,,Estadio Alberto Gallardo,Augusto Menéndez,,https://fbref.com/en/matches/c122f4d0/Universidad-San-Martin-Universidad-Cesar-Vallejo-September-29-2020-Liga-1
Liga 1 de Fútbol Profesional,M,PER,2020,1st,Torneo Apertura,15,Wed,2020-09-30,13:00,Mannucci,3.0,Sporting Cristal,3.0,,Estadio Mansiche,Joel Alarcón,,https://fbref.com/en/matches/22843f35/Carlos-A-Mannucci-Sporting-Cristal-September-30-2020-Liga-1
Liga 1 de Fútbol Profesional,M,PER,2020,1st,Torneo Apertura,15,Wed,2020-09-30,15:30,Dep Municipal,0.0,Universitario,5.0,,Estadio Municipal Segundo Aranda Torres,Roberto Pérez,,https://fbref.com/en/matches/b5e8f463/Deportivo-Municipal-Universitario-September-30-2020-Liga-1
Liga 1 de Fútbol Profesional,M,PER,2020,1st,Torneo Apertura,15,Thu,2020-10-01,11:00,Llacuabamba,1.0,Melgar,1.0,,Estadio Municipal Germán Contreras Jara,Luis Garay Evia,,https://fbref.com/en/matches/f167410a/Llacuabamba-Melgar-October-1-2020-Liga-1
Liga 1 de Fútbol Profesional,M,PER,2020,1st,Torneo Apertura,15,Thu,2020-10-01,15:00,Ayacucho,1.0,Cusco,1.0,,Estadio Ciudad de Cumaná,Fernando Legario,,https://fbref.com/en/matches/cd5b02bc/Ayacucho-Cusco-October-1-2020-Liga-1
Liga 1 de Fútbol Profesional,M,PER,2020,1st,Torneo Apertura,15,Thu,2020-10-01,15:30,Alianza Univ,0.0,UTC,0.0,,Estadio Heraclio Tapia León,Jonathan Zamora,,https://fbref.com/en/matches/5816fb5c/Alianza-Universidad-Universidad-Tecnica-de-Cajamarca-October-1-2020-Liga-1
Liga 1 de Fútbol Profesional,M,PER,2020,1st,Torneo Apertura,16,Fri,2020-10-02,11:00,Carlos Stein,1.0,USMP,2.0,,Estadio Municipal Francisco Mendoza Piza...,José Mendoza,,https://fbref.com/en/matches/96dcf2c7/Carlos-Stein-Universidad-San-Martin-October-2-2020-Liga-1
Liga 1 de Fútbol Profesional,M,PER,2020,1st,Torneo Apertura,16,Fri,2020-10-02,15:30,U César Vallejo,1.0,Cienciano,0.0,,Estadio Mansiche,Víctor Carrillo,,https://fbref.com/en/matches/2e35958b/Universidad-Cesar-Vallejo-Cienciano-October-2-2020-Liga-1
Liga 1 de Fútbol Profesional,M,PER,2020,1st,Torneo Apertura,16,Sat,2020-10-03,10:30,Sport Boys,1.0,Cantolao,2.0,,Estadio Miguel Grau del Callao,Augusto Menéndez,,https://fbref.com/en/matches/dbf7423c/Sport-Boys-Cantolao-October-3-2020-Liga-1
Liga 1 de Fútbol Profesional,M,PER,2020,1st,Torneo Apertura,16,Sat,2020-10-03,13:00,Binacional,1.0,Dep Municipal,3.0,,Estadio Guillermo Briceño Rosamedina,Michael Espinoza,,https://fbref.com/en/matches/f898fa39/Binacional-Deportivo-Municipal-October-3-2020-Liga-1
Liga 1 de Fútbol Profesional,M,PER,2020,1st,Torneo Apertura,16,Sat,2020-10-03,15:30,Alianza Lima,2.0,Llacuabamba,0.0,,Estadio Alejandro Villanueva,Micke Palomino,,https://fbref.com/en/matches/7496b093/Alianza-Lima-Llacuabamba-October-3-2020-Liga-1
Liga 1 de Fútbol Profesional,M,PER,2020,1st,Torneo Apertura,16,Sat,2020-10-03,18:00,Sporting Cristal,1.0,Atlético Grau,2.0,,Estadio Alberto Gallardo,Renzo Castañeda,,https://fbref.com/en/matches/6404c1e3/Sporting-Cristal-Atletico-Grau-October-3-2020-Liga-1
Liga 1 de Fútbol Profesional,M,PER,2020,1st,Torneo Apertura,16,Mon,2020-10-05,10:30,Cusco,0.0,Mannucci,4.0,,Estadio Túpac Amaru,Jesús Cartagena,,https://fbref.com/en/matches/2f019693/Cusco-Carlos-A-Mannucci-October-5-2020-Liga-1
Liga 1 de Fútbol Profesional,M,PER,2020,1st,Torneo Apertura,16,Mon,2020-10-05,13:00,Melgar,0.0,Ayacucho,0.0,,Estadio de la Universidad Nacional San A...,Joel Alarcón,,https://fbref.com/en/matches/fb516e00/Melgar-Ayacucho-October-5-2020-Liga-1
Liga 1 de Fútbol Profesional,M,PER,2020,1st,Torneo Apertura,16,Mon,2020-10-05,15:30,Sport Huancayo,0.0,Alianza Univ,1.0,,Estadio Huancayo,Edwin Ordóñez,,https://fbref.com/en/matches/ba0e92eb/Sport-Huancayo-Alianza-Universidad-October-5-2020-Liga-1
Liga 1 de Fútbol Profesional,M,PER,2020,1st,Torneo Apertura,16,Mon,2020-10-05,18:00,UTC,1.0,Universitario,3.0,,Estadio Héroes de San Ramón,Diego Haro,,https://fbref.com/en/matches/7e6d6574/Universidad-Tecnica-de-Cajamarca-Universitario-October-5-2020-Liga-1
Liga 1 de Fútbol Profesional,M,PER,2020,1st,Torneo Apertura,15,Wed,2020-10-07,13:00,Alianza Lima,1.0,Sport Boys,1.0,,Estadio Alejandro Villanueva,Ramón Blanco,,https://fbref.com/en/matches/e451a98d/Alianza-Lima-Sport-Boys-October-7-2020-Liga-1
Liga 1 de Fútbol Profesional,M,PER,2020,1st,Torneo Apertura,15,Wed,2020-10-07,15:30,Atlético Grau,2.0,Binacional,2.0,,Estadio Campeones del 36,Kevin Ortega,,https://fbref.com/en/matches/1f1069cb/Atletico-Grau-Binacional-October-7-2020-Liga-1
Liga 1 de Fútbol Profesional,M,PER,2020,1st,Torneo Apertura,17,Thu,2020-10-08,10:30,Cienciano,0.0,Carlos Stein,1.0,,Estadio Inca Garcilaso de la Vega,Gean Pierre Barbagelatta,,https://fbref.com/en/matches/406721da/Cienciano-Carlos-Stein-October-8-2020-Liga-1
Liga 1 de Fútbol Profesional,M,PER,2020,1st,Torneo Apertura,17,Thu,2020-10-08,13:30,Dep Municipal,1.0,Sporting Cristal,1.0,,Estadio Municipal Segundo Aranda Torres,Luis Garay Evia,,https://fbref.com/en/matches/cf306ff2/Deportivo-Municipal-Sporting-Cristal-October-8-2020-Liga-1
Liga 1 de Fútbol Profesional,M,PER,2020,1st,Torneo Apertura,17,Fri,2020-10-09,11:00,Llacuabamba,0.0,Sport Huancayo,2.0,,Estadio Municipal Germán Contreras Jara,Augusto Menéndez,,https://fbref.com/en/matches/05ae897c/Llacuabamba-Sport-Huancayo-October-9-2020-Liga-1
Liga 1 de Fútbol Profesional,M,PER,2020,1st,Torneo Apertura,17,Fri,2020-10-09,13:00,Ayacucho,1.0,UTC,1.0,,Estadio Ciudad de Cumaná,Hibert Villegas,,https://fbref.com/en/matches/89beb58d/Ayacucho-Universidad-Tecnica-de-Cajamarca-October-9-2020-Liga-1
Liga 1 de Fútbol Profesional,M,PER,2020,1st,Torneo Apertura,17,Fri,2020-10-09,15:30,Alianza Univ,0.0,U César Vallejo,0.0,,Estadio Heraclio Tapia León,Roberto Pérez,,https://fbref.com/en/matches/a9f01e4d/Alianza-Universidad-Universidad-Cesar-Vallejo-October-9-2020-Liga-1
Liga 1 de Fútbol Profesional,M,PER,2020,1st,Torneo Apertura,17,Fri,2020-10-09,18:00,Mannucci,1.0,Melgar,1.0,,Estadio Mansiche,Jonathan Zamora,,https://fbref.com/en/matches/b31771d3/Carlos-A-Mannucci-Melgar-October-9-2020-Liga-1
Liga 1 de Fútbol Profesional,M,PER,2020,1st,Torneo Apertura,17,Sat,2020-10-10,11:00,USMP,1.0,Sport Boys,1.0,,Estadio Alberto Gallardo,Kevin Ortega,,https://fbref.com/en/matches/bb48c442/Universidad-San-Martin-Sport-Boys-October-10-2020-Liga-1
Liga 1 de Fútbol Profesional,M,PER,2020,1st,Torneo Apertura,17,Sat,2020-10-10,13:15,Cantolao,1.0,Alianza Lima,0.0,,Estadio Miguel Grau del Callao,Jesús Cartagena,,https://fbref.com/en/matches/2292b47a/Cantolao-Alianza-Lima-October-10-2020-Liga-1
Liga 1 de Fútbol Profesional,M,PER,2020,1st,Torneo Apertura,17,Sat,2020-10-10,15:00,Atlético Grau,1.0,Cusco,1.0,,Estadio Campeones del 36,Alejandro Villanueva,,https://fbref.com/en/matches/adada1d7/Atletico-Grau-Cusco-October-10-2020-Liga-1
Liga 1 de Fútbol Profesional,M,PER,2020,1st,Torneo Apertura,17,Sat,2020-10-10,15:30,Universitario,1.0,Binacional,1.0,,Estadio Monumental,Edwin Ordóñez,,https://fbref.com/en/matches/7e89c906/Universitario-Binacional-October-10-2020-Liga-1
Liga 1 de Fútbol Profesional,M,PER,2020,1st,Torneo Apertura,18,Mon,2020-10-12,11:00,Carlos Stein,3.0,Llacuabamba,3.0,,Estadio Municipal Francisco Mendoza Piza...,Roberto Pérez,,https://fbref.com/en/matches/e70b9f30/Carlos-Stein-Llacuabamba-October-12-2020-Liga-1
Liga 1 de Fútbol Profesional,M,PER,2020,1st,Torneo Apertura,18,Mon,2020-10-12,15:00,Cantolao,1.0,Alianza Univ,2.0,,Estadio Miguel Grau del Callao,Pablo López,,https://fbref.com/en/matches/02ecfde7/Cantolao-Alianza-Universidad-October-12-2020-Liga-1
Liga 1 de Fútbol Profesional,M,PER,2020,1st,Torneo Apertura,18,Tue,2020-10-13,10:30,Cusco,1.0,Dep Municipal,1.0,,Estadio Túpac Amaru,Luis Seminario,,https://fbref.com/en/matches/7cbd2236/Cusco-Deportivo-Municipal-October-13-2020-Liga-1
Liga 1 de Fútbol Profesional,M,PER,2020,1st,Torneo Apertura,18,Tue,2020-10-13,13:15,Alianza Lima,0.0,USMP,1.0,,Estadio Alejandro Villanueva,Edwin Ordóñez,,https://fbref.com/en/matches/c53283ab/Alianza-Lima-Universidad-San-Martin-October-13-2020-Liga-1
Liga 1 de Fútbol Profesional,M,PER,2020,1st,Torneo Apertura,18,Tue,2020-10-13,15:30,Sport Huancayo,1.0,Binacional,0.0,,Estadio Huancayo,Joel Alarcón,,https://fbref.com/en/matches/c01378a3/Sport-Huancayo-Binacional-October-13-2020-Liga-1
Liga 1 de Fútbol Profesional,M,PER,2020,1st,Torneo Apertura,18,Wed,2020-10-14,11:00,Melgar,3.0,Atlético Grau,0.0,,Estadio de la Universidad Nacional San A...,Luis Garay Evia,,https://fbref.com/en/matches/c7cebcef/Melgar-Atletico-Grau-October-14-2020-Liga-1
Liga 1 de Fútbol Profesional,M,PER,2020,1st,Torneo Apertura,18,Wed,2020-10-14,13:15,Sport Boys,2.0,Cienciano,1.0,,Estadio Miguel Grau del Callao,Augusto Menéndez,,https://fbref.com/en/matches/06bfc171/Sport-Boys-Cienciano-October-14-2020-Liga-1
Liga 1 de Fútbol Profesional,M,PER,2020,1st,Torneo Apertura,18,Wed,2020-10-14,15:30,U César Vallejo,2.0,Ayacucho,1.0,,Estadio Mansiche,Micke Palomino,,https://fbref.com/en/matches/8dbfc368/Universidad-Cesar-Vallejo-Ayacucho-October-14-2020-Liga-1
Liga 1 de Fútbol Profesional,M,PER,2020,1st,Torneo Apertura,18,Thu,2020-10-15,14:00,Sporting Cristal,1.0,Universitario,0.0,,Estadio Alberto Gallardo,Kevin Ortega,,https://fbref.com/en/matches/b8d90691/Sporting-Cristal-Universitario-October-15-2020-Liga-1
Liga 1 de Fútbol Profesional,M,PER,2020,1st,Torneo Apertura,18,Thu,2020-10-15,18:15,UTC,2.0,Mannucci,2.0,,Estadio Héroes de San Ramón,José Mendoza,,https://fbref.com/en/matches/5b953027/Universidad-Tecnica-de-Cajamarca-Carlos-A-Mannucci-October-15-2020-Liga-1
Liga 1 de Fútbol Profesional,M,PER,2020,1st,Torneo Apertura,19,Fri,2020-10-16,15:00,USMP,2.0,Cantolao,1.0,,Estadio Alberto Gallardo,Joel Alarcón,,https://fbref.com/en/matches/8cefe865/Universidad-San-Martin-Cantolao-October-16-2020-Liga-1
Liga 1 de Fútbol Profesional,M,PER,2020,1st,Torneo Apertura,19,Sat,2020-10-17,13:15,Dep Municipal,1.0,Melgar,2.0,,Estadio Municipal Segundo Aranda Torres,Renzo Castañeda,,https://fbref.com/en/matches/afcd0e0d/Deportivo-Municipal-Melgar-October-17-2020-Liga-1
Liga 1 de Fútbol Profesional,M,PER,2020,1st,Torneo Apertura,19,Sat,2020-10-17,15:30,Cienciano,2.0,Alianza Lima,1.0,,Estadio Inca Garcilaso de la Vega,Kevin Ortega,,https://fbref.com/en/matches/12980ff7/Cienciano-Alianza-Lima-October-17-2020-Liga-1
Liga 1 de Fútbol Profesional,M,PER,2020,1st,Torneo Apertura,19,Sat,2020-10-17,15:30,Alianza Univ,0.0,Sport Boys,1.0,,Estadio Heraclio Tapia León,Víctor Carrillo,,https://fbref.com/en/matches/764422be/Alianza-Universidad-Sport-Boys-October-17-2020-Liga-1
Liga 1 de Fútbol Profesional,M,PER,2020,1st,Torneo Apertura,19,Sat,2020-10-17,18:00,Binacional,3.0,Sporting Cristal,6.0,,Estadio Guillermo Briceño Rosamedina,Diego Haro,,https://fbref.com/en/matches/729cb2e7/Binacional-Sporting-Cristal-October-17-2020-Liga-1
Liga 1 de Fútbol Profesional,M,PER,2020,1st,Torneo Apertura,19,Mon,2020-10-19,11:00,Ayacucho,3.0,Carlos Stein,0.0,,Estadio Ciudad de Cumaná,Luis Garay Evia,,https://fbref.com/en/matches/3eb44695/Ayacucho-Carlos-Stein-October-19-2020-Liga-1
Liga 1 de Fútbol Profesional,M,PER,2020,1st,Torneo Apertura,19,Mon,2020-10-19,11:00,Llacuabamba,2.0,U César Vallejo,3.0,,Estadio Municipal Germán Contreras Jara,Hibert Villegas,,https://fbref.com/en/matches/8d95323d/Llacuabamba-Universidad-Cesar-Vallejo-October-19-2020-Liga-1
Liga 1 de Fútbol Profesional,M,PER,2020,1st,Torneo Apertura,19,Mon,2020-10-19,14:00,Universitario,3.0,Cusco,2.0,,Estadio Monumental,Michael Espinoza,,https://fbref.com/en/matches/0b97019f/Universitario-Cusco-October-19-2020-Liga-1
Liga 1 de Fútbol Profesional,M,PER,2020,1st,Torneo Apertura,19,Mon,2020-10-19,15:30,Atlético Grau,0.0,UTC,0.0,,Estadio Campeones del 36,Eduardo Chirinos,,https://fbref.com/en/matches/c3002a09/Atletico-Grau-Universidad-Tecnica-de-Cajamarca-October-19-2020-Liga-1
Liga 1 de Fútbol Profesional,M,PER,2020,1st,Torneo Apertura,19,Mon,2020-10-19,18:15,Mannucci,0.0,Sport Huancayo,1.0,,Estadio Mansiche,Alejandro Villanueva,,https://fbref.com/en/matches/98ae4620/Carlos-A-Mannucci-Sport-Huancayo-October-19-2020-Liga-1
Liga 1 de Fútbol Profesional,M,PER,2020,1st,Group Stage,1,Fri,2020-10-23,11:00,Cusco,3.0,Melgar,1.0,,Estadio Alejandro Villanueva,Víctor Carrillo,,https://fbref.com/en/matches/53ad80a2/Cusco-Melgar-October-23-2020-Liga-1
Liga 1 de Fútbol Profesional,M,PER,2020,1st,Group Stage,1,Fri,2020-10-23,15:30,Dep Municipal,0.0,Sport Huancayo,0.0,,Estadio Alejandro Villanueva,José Mendoza,,https://fbref.com/en/matches/35c31ffc/Deportivo-Municipal-Sport-Huancayo-October-23-2020-Liga-1
Liga 1 de Fútbol Profesional,M,PER,2020,1st,Group Stage,1,Sat,2020-10-24,10:30,Llacuabamba,3.0,Sport Boys,0.0,,Estadio de la Universidad Nacional Mayor...,Miguel Santiváñez,,https://fbref.com/en/matches/44ad29ee/Llacuabamba-Sport-Boys-October-24-2020-Liga-1
Liga 1 de Fútbol Profesional,M,PER,2020,1st,Group Stage,1,Sat,2020-10-24,13:00,Mannucci,2.0,U César Vallejo,3.0,,Estadio de la Universidad Nacional Mayor...,Diego Haro,,https://fbref.com/en/matches/65d85267/Carlos-A-Mannucci-Universidad-Cesar-Vallejo-October-24-2020-Liga-1
Liga 1 de Fútbol Profesional,M,PER,2020,1st,Group Stage,1,Sat,2020-10-24,15:30,Universitario,2.0,Atlético Grau,1.0,,Estadio de la Universidad Nacional Mayor...,Edwin Ordóñez,,https://fbref.com/en/matches/5d636d47/Universitario-Atletico-Grau-October-24-2020-Liga-1
Liga 1 de Fútbol Profesional,M,PER,2020,1st,Group Stage,1,Sat,2020-10-24,18:30,Cienciano,2.0,Sporting Cristal,3.0,,Estadio de la Universidad Nacional Mayor...,Roberto Pérez,,https://fbref.com/en/matches/67568845/Cienciano-Sporting-Cristal-October-24-2020-Liga-1
Liga 1 de Fútbol Profesional,M,PER,2020,1st,Group Stage,1,Mon,2020-10-26,10:30,Carlos Stein,2.0,Cantolao,1.0,,Estadio de la Universidad Nacional Mayor...,Micke Palomino,,https://fbref.com/en/matches/714714f1/Carlos-Stein-Cantolao-October-26-2020-Liga-1
Liga 1 de Fútbol Profesional,M,PER,2020,1st,Group Stage,1,Mon,2020-10-26,13:00,Alianza Univ,0.0,USMP,1.0,,Estadio de la Universidad Nacional Mayor...,Renzo Castañeda,,https://fbref.com/en/matches/1aee0d72/Alianza-Universidad-Universidad-San-Martin-October-26-2020-Liga-1
Liga 1 de Fútbol Profesional,M,PER,2020,1st,Group Stage,1,Mon,2020-10-26,15:30,Alianza Lima,1.0,Ayacucho,2.0,,Estadio de la Universidad Nacional Mayor...,Ramón Blanco,,https://fbref.com/en/matches/d2be1c5c/Alianza-Lima-Ayacucho-October-26-2020-Liga-1
Liga 1 de Fútbol Profesional,M,PER,2020,1st,Group Stage,1,Mon,2020-10-26,18:00,UTC,3.0,Binacional,0.0,,Estadio de la Universidad Nacional Mayor...,Joel Alarcón,,https://fbref.com/en/matches/cd9355b8/Universidad-Tecnica-de-Cajamarca-Binacional-October-26-2020-Liga-1
Liga 1 de Fútbol Profesional,M,PER,2020,1st,Group Stage,2,Thu,2020-10-29,15:30,Mannucci,0.0,Cusco,2.0,,Estadio Iván Elías Moreno,Ramón Blanco,,https://fbref.com/en/matches/5e14771b/Carlos-A-Mannucci-Cusco-October-29-2020-Liga-1
Liga 1 de Fútbol Profesional,M,PER,2020,1st,Group Stage,2,Fri,2020-10-30,11:00,Sport Boys,3.0,Sport Huancayo,2.0,,Estadio Monumental,Roberto Pérez,,https://fbref.com/en/matches/03fcdee6/Sport-Boys-Sport-Huancayo-October-30-2020-Liga-1
Liga 1 de Fútbol Profesional,M,PER,2020,1st,Group Stage,2,Fri,2020-10-30,11:00,Cantolao,0.0,Atlético Grau,0.0,,Villa Deportiva Nacional,Joel Alarcón,,https://fbref.com/en/matches/cbadd358/Cantolao-Atletico-Grau-October-30-2020-Liga-1
Liga 1 de Fútbol Profesional,M,PER,2020,1st,Group Stage,2,Fri,2020-10-30,13:15,Alianza Lima,1.0,Dep Municipal,2.0,,Estadio Alberto Gallardo,Diego Haro,,https://fbref.com/en/matches/c7a9ce95/Alianza-Lima-Deportivo-Municipal-October-30-2020-Liga-1
Liga 1 de Fútbol Profesional,M,PER,2020,1st,Group Stage,2,Fri,2020-10-30,15:30,Sporting Cristal,1.0,Carlos Stein,0.0,,Estadio Monumental,Víctor Carrillo,,https://fbref.com/en/matches/414f6b63/Sporting-Cristal-Carlos-Stein-October-30-2020-Liga-1
Liga 1 de Fútbol Profesional,M,PER,2020,1st,Group Stage,2,Fri,2020-10-30,15:30,U César Vallejo,2.0,Llacuabamba,0.0,,Villa Deportiva Nacional,Luis Garay Evia,,https://fbref.com/en/matches/f2c1e19c/Universidad-Cesar-Vallejo-Llacuabamba-October-30-2020-Liga-1
Liga 1 de Fútbol Profesional,M,PER,2020,1st,Group Stage,2,Sat,2020-10-31,11:00,Cienciano,1.0,UTC,1.0,,Estadio Iván Elías Moreno,Micke Palomino,,https://fbref.com/en/matches/bbd0814c/Cienciano-Universidad-Tecnica-de-Cajamarca-October-31-2020-Liga-1
Liga 1 de Fútbol Profesional,M,PER,2020,1st,Group Stage,2,Sat,2020-10-31,13:15,USMP,0.0,Binacional,2.0,,Estadio Alejandro Villanueva,Edwin Ordóñez,,https://fbref.com/en/matches/d27f6c40/Universidad-San-Martin-Binacional-October-31-2020-Liga-1
Liga 1 de Fútbol Profesional,M,PER,2020,1st,Group Stage,2,Sat,2020-10-31,15:30,Alianza Univ,0.0,Universitario,1.0,,Estadio Iván Elías Moreno,Augusto Menéndez,,https://fbref.com/en/matches/0a574da2/Alianza-Universidad-Universitario-October-31-2020-Liga-1
Liga 1 de Fútbol Profesional,M,PER,2020,1st,Group Stage,2,Sat,2020-10-31,18:00,Ayacucho,2.0,Melgar,0.0,,Estadio Alejandro Villanueva,Eduardo Chirinos,,https://fbref.com/en/matches/f6079752/Ayacucho-Melgar-October-31-2020-Liga-1
Liga 1 de Fútbol Profesional,M,PER,2020,1st,Group Stage,3,Mon,2020-11-02,11:00,Cusco,1.0,Sport Boys,2.0,,Estadio Iván Elías Moreno,Edwin Ordóñez,,https://fbref.com/en/matches/bbe24738/Cusco-Sport-Boys-November-2-2020-Liga-1
Liga 1 de Fútbol Profesional,M,PER,2020,1st,Group Stage,3,Mon,2020-11-02,13:15,Dep Municipal,0.0,Mannucci,2.0,,Estadio Monumental,Fernando Legario,,https://fbref.com/en/matches/2078dcaf/Deportivo-Municipal-Carlos-A-Mannucci-November-2-2020-Liga-1
Liga 1 de Fútbol Profesional,M,PER,2020,1st,Group Stage,3,Mon,2020-11-02,15:30,Melgar,0.0,Alianza Lima,4.0,,Estadio Iván Elías Moreno,Roberto Pérez,,https://fbref.com/en/matches/aabfbe9c/Melgar-Alianza-Lima-November-2-2020-Liga-1
Liga 1 de Fútbol Profesional,M,PER,2020,1st,Group Stage,3,Tue,2020-11-03,11:00,UTC,4.0,Cantolao,2.0,,Estadio Alberto Gallardo,Renzo Castañeda,,https://fbref.com/en/matches/f4e1a550/Universidad-Tecnica-de-Cajamarca-Cantolao-November-3-2020-Liga-1
Liga 1 de Fútbol Profesional,M,PER,2020,1st,Group Stage,3,Tue,2020-11-03,13:15,Llacuabamba,1.0,Ayacucho,0.0,,Estadio Alejandro Villanueva,Alejandro Villanueva,,https://fbref.com/en/matches/f5b66e14/Llacuabamba-Ayacucho-November-3-2020-Liga-1
Liga 1 de Fútbol Profesional,M,PER,2020,1st,Group Stage,3,Tue,2020-11-03,15:30,Universitario,0.0,Cienciano,1.0,,Estadio Alberto Gallardo,Joel Alarcón,,https://fbref.com/en/matches/33797c87/Universitario-Cienciano-November-3-2020-Liga-1
Liga 1 de Fútbol Profesional,M,PER,2020,1st,Group Stage,3,Tue,2020-11-03,18:00,Atlético Grau,1.0,Sporting Cristal,4.0,,Estadio Alejandro Villanueva,Augusto Menéndez,,https://fbref.com/en/matches/fe9381eb/Atletico-Grau-Sporting-Cristal-November-3-2020-Liga-1
Liga 1 de Fútbol Profesional,M,PER,2020,1st,Group Stage,3,Wed,2020-11-04,11:00,Carlos Stein,0.0,USMP,2.0,,Estadio Miguel Grau del Callao,Luis Garay Evia,,https://fbref.com/en/matches/b5432c1a/Carlos-Stein-Universidad-San-Martin-November-4-2020-Liga-1
Liga 1 de Fútbol Profesional,M,PER,2020,1st,Group Stage,3,Wed,2020-11-04,15:30,Binacional,2.0,Alianza Univ,1.0,,Estadio Miguel Grau del Callao,Michael Espinoza,,https://fbref.com/en/matches/97e128d9/Binacional-Alianza-Universidad-November-4-2020-Liga-1
Liga 1 de Fútbol Profesional,M,PER,2020,1st,Group Stage,4,Thu,2020-11-05,15:30,Sport Boys,1.0,Dep Municipal,0.0,,Estadio Alberto Gallardo,Diego Haro,,https://fbref.com/en/matches/8835fea2/Sport-Boys-Deportivo-Municipal-November-5-2020-Liga-1
Liga 1 de Fútbol Profesional,M,PER,2020,1st,Group Stage,4,Fri,2020-11-06,11:00,Cusco,0.0,Sport Huancayo,0.0,,Estadio Iván Elías Moreno,Hibert Villegas,,https://fbref.com/en/matches/fc7b4328/Cusco-Sport-Huancayo-November-6-2020-Liga-1
Liga 1 de Fútbol Profesional,M,PER,2020,1st,Group Stage,4,Fri,2020-11-06,13:15,Cantolao,2.0,Universitario,2.0,,Estadio Alberto Gallardo,Michael Espinoza,,https://fbref.com/en/matches/7c2492bb/Cantolao-Universitario-November-6-2020-Liga-1
Liga 1 de Fútbol Profesional,M,PER,2020,1st,Group Stage,4,Fri,2020-11-06,15:30,Alianza Lima,2.0,Llacuabamba,2.0,,Estadio Iván Elías Moreno,Joel Alarcón,,https://fbref.com/en/matches/22488468/Alianza-Lima-Llacuabamba-November-6-2020-Liga-1
Liga 1 de Fútbol Profesional,M,PER,2020,1st,Group Stage,4,Fri,2020-11-06,18:00,Ayacucho,1.0,U César Vallejo,1.0,,Estadio Alejandro Villanueva,Víctor Carrillo,,https://fbref.com/en/matches/9c4a65d1/Ayacucho-Universidad-Cesar-Vallejo-November-6-2020-Liga-1
Liga 1 de Fútbol Profesional,M,PER,2020,1st,Group Stage,4,Sat,2020-11-07,11:00,Alianza Univ,3.0,Carlos Stein,2.0,,Estadio Monumental,Miguel Santiváñez,,https://fbref.com/en/matches/525386cd/Alianza-Universidad-Carlos-Stein-November-7-2020-Liga-1
Liga 1 de Fútbol Profesional,M,PER,2020,1st,Group Stage,4,Sat,2020-11-07,13:15,Cienciano,1.0,Binacional,1.0,,Estadio Miguel Grau del Callao,Kevin Ortega,,https://fbref.com/en/matches/b01ab996/Cienciano-Binacional-November-7-2020-Liga-1
Liga 1 de Fútbol Profesional,M,PER,2020,1st,Group Stage,4,Sat,2020-11-07,15:30,UTC,0.0,Atlético Grau,0.0,,Estadio Monumental,Fernando Legario,,https://fbref.com/en/matches/e1ef04fd/Universidad-Tecnica-de-Cajamarca-Atletico-Grau-November-7-2020-Liga-1
Liga 1 de Fútbol Profesional,M,PER,2020,1st,Group Stage,4,Sat,2020-11-07,18:00,USMP,0.0,Sporting Cristal,2.0,,Estadio Alejandro Villanueva,Edwin Ordóñez,,https://fbref.com/en/matches/0496334f/Universidad-San-Martin-Sporting-Cristal-November-7-2020-Liga-1
Liga 1 de Fútbol Profesional,M,PER,2020,1st,Group Stage,5,Mon,2020-11-09,11:00,Llacuabamba,0.0,Mannucci,2.0,,Estadio Iván Elías Moreno,Renzo Castañeda,,https://fbref.com/en/matches/9f9fcf32/Llacuabamba-Carlos-A-Mannucci-November-9-2020-Liga-1
Liga 1 de Fútbol Profesional,M,PER,2020,1st,Group Stage,5,Mon,2020-11-09,13:15,Sport Huancayo,0.0,Ayacucho,3.0,,Estadio Miguel Grau del Callao,Joel Alarcón,,https://fbref.com/en/matches/28bf69dc/Sport-Huancayo-Ayacucho-November-9-2020-Liga-1
Liga 1 de Fútbol Profesional,M,PER,2020,1st,Group Stage,5,Mon,2020-11-09,15:30,U César Vallejo,4.0,Alianza Lima,1.0,,Estadio Iván Elías Moreno,Diego Haro,,https://fbref.com/en/matches/99c7eed7/Universidad-Cesar-Vallejo-Alianza-Lima-November-9-2020-Liga-1
Liga 1 de Fútbol Profesional,M,PER,2020,1st,Group Stage,5,Mon,2020-11-09,18:00,Melgar,4.0,Sport Boys,1.0,,Estadio Alejandro Villanueva,Víctor Carrillo,,https://fbref.com/en/matches/33fe502a/Melgar-Sport-Boys-November-9-2020-Liga-1
Liga 1 de Fútbol Profesional,M,PER,2020,1st,Group Stage,5,Tue,2020-11-10,11:00,Binacional,1.0,Cantolao,0.0,,Estadio Monumental,Edwin Ordóñez,,https://fbref.com/en/matches/45bcbab8/Binacional-Cantolao-November-10-2020-Liga-1
Liga 1 de Fútbol Profesional,M,PER,2020,1st,Group Stage,5,Tue,2020-11-10,13:15,Universitario,1.0,UTC,6.0,,Estadio Alberto Gallardo,Kevin Ortega,,https://fbref.com/en/matches/c6c933d2/Universitario-Universidad-Tecnica-de-Cajamarca-November-10-2020-Liga-1
Liga 1 de Fútbol Profesional,M,PER,2020,1st,Group Stage,5,Tue,2020-11-10,15:30,Dep Municipal,1.0,Cusco,1.0,,Estadio Monumental,Augusto Menéndez,,https://fbref.com/en/matches/5f9ad307/Deportivo-Municipal-Cusco-November-10-2020-Liga-1
Liga 1 de Fútbol Profesional,M,PER,2020,1st,Group Stage,5,Tue,2020-11-10,18:00,Sporting Cristal,2.0,Alianza Univ,0.0,,Estadio Alejandro Villanueva,Luis Garay Evia,,https://fbref.com/en/matches/3e8f95f4/Sporting-Cristal-Alianza-Universidad-November-10-2020-Liga-1
Liga 1 de Fútbol Profesional,M,PER,2020,1st,Group Stage,5,Wed,2020-11-11,11:00,Atlético Grau,0.0,USMP,2.0,,Estadio Miguel Grau del Callao,Miguel Santiváñez,,https://fbref.com/en/matches/13cc5cb9/Atletico-Grau-Universidad-San-Martin-November-11-2020-Liga-1
Liga 1 de Fútbol Profesional,M,PER,2020,1st,Group Stage,5,Wed,2020-11-11,15:30,Carlos Stein,3.0,Cienciano,2.0,,Estadio Miguel Grau del Callao,Michael Espinoza,,https://fbref.com/en/matches/ce5b574b/Carlos-Stein-Cienciano-November-11-2020-Liga-1
Liga 1 de Fútbol Profesional,M,PER,2020,1st,Group Stage,4,Thu,2020-11-12,11:00,Mannucci,0.0,Melgar,0.0,,Estadio Monumental,Micke Palomino,,https://fbref.com/en/matches/4378dcb7/Carlos-A-Mannucci-Melgar-November-12-2020-Liga-1
Liga 1 de Fútbol Profesional,M,PER,2020,1st,Group Stage,3,Thu,2020-11-12,15:30,Sport Huancayo,0.0,U César Vallejo,0.0,,Estadio Monumental,Kevin Ortega,,https://fbref.com/en/matches/a96c9bd2/Sport-Huancayo-Universidad-Cesar-Vallejo-November-12-2020-Liga-1
Liga 1 de Fútbol Profesional,M,PER,2020,1st,Group Stage,6,Fri,2020-11-13,13:15,UTC,1.0,Alianza Univ,2.0,,Estadio Iván Elías Moreno,Jesús Cartagena,,https://fbref.com/en/matches/1460c2b8/Universidad-Tecnica-de-Cajamarca-Alianza-Universidad-November-13-2020-Liga-1
Liga 1 de Fútbol Profesional,M,PER,2020,1st,Group Stage,6,Sat,2020-11-14,11:00,Cantolao,2.0,Cienciano,0.0,,Estadio Iván Elías Moreno,Kevin Ortega,,https://fbref.com/en/matches/a456b444/Cantolao-Cienciano-November-14-2020-Liga-1
Liga 1 de Fútbol Profesional,M,PER,2020,1st,Group Stage,6,Sat,2020-11-14,13:15,Universitario,2.0,USMP,3.0,,Estadio Alberto Gallardo,Renzo Castañeda,,https://fbref.com/en/matches/de8f5127/Universitario-Universidad-San-Martin-November-14-2020-Liga-1
Liga 1 de Fútbol Profesional,M,PER,2020,1st,Group Stage,6,Sat,2020-11-14,15:30,Dep Municipal,1.0,Ayacucho,1.0,,Estadio Monumental,Luis Garay Evia,,https://fbref.com/en/matches/d32c2462/Deportivo-Municipal-Ayacucho-November-14-2020-Liga-1
Liga 1 de Fútbol Profesional,M,PER,2020,1st,Group Stage,6,Sat,2020-11-14,18:00,Binacional,1.0,Sporting Cristal,2.0,,Estadio Alejandro Villanueva,Michael Espinoza,,https://fbref.com/en/matches/ea37ac6b/Binacional-Sporting-Cristal-November-14-2020-Liga-1
Liga 1 de Fútbol Profesional,M,PER,2020,1st,Group Stage,6,Mon,2020-11-16,11:00,Atlético Grau,3.0,Carlos Stein,1.0,,Estadio Miguel Grau del Callao,Edwin Ordóñez,,https://fbref.com/en/matches/c22c967a/Atletico-Grau-Carlos-Stein-November-16-2020-Liga-1
Liga 1 de Fútbol Profesional,M,PER,2020,1st,Group Stage,6,Mon,2020-11-16,11:00,Sport Boys,0.0,Mannucci,4.0,,Estadio Iván Elías Moreno,Joel Alarcón,,https://fbref.com/en/matches/fab2e025/Sport-Boys-Carlos-A-Mannucci-November-16-2020-Liga-1
Liga 1 de Fútbol Profesional,M,PER,2020,1st,Group Stage,6,Mon,2020-11-16,13:15,Melgar,0.0,U César Vallejo,2.0,,Estadio Monumental,Fernando Legario,,https://fbref.com/en/matches/36e4ace7/Melgar-Universidad-Cesar-Vallejo-November-16-2020-Liga-1
Liga 1 de Fútbol Profesional,M,PER,2020,1st,Group Stage,6,Mon,2020-11-16,15:30,Sport Huancayo,4.0,Llacuabamba,3.0,,Estadio Miguel Grau del Callao,Miguel Santiváñez,,https://fbref.com/en/matches/34096172/Sport-Huancayo-Llacuabamba-November-16-2020-Liga-1
Liga 1 de Fútbol Profesional,M,PER,2020,1st,Group Stage,6,Mon,2020-11-16,15:30,Cusco,1.0,Alianza Lima,0.0,,Estadio Iván Elías Moreno,Roberto Pérez,,https://fbref.com/en/matches/67d97a4e/Cusco-Alianza-Lima-November-16-2020-Liga-1
Liga 1 de Fútbol Profesional,M,PER,2020,1st,Group Stage,8,Wed,2020-11-18,18:00,Melgar,4.0,Sport Huancayo,0.0,,Estadio de la Universidad Nacional San A...,Micke Palomino,,https://fbref.com/en/matches/f1636518/Melgar-Sport-Huancayo-November-18-2020-Liga-1
Liga 1 de Fútbol Profesional,M,PER,2020,1st,Group Stage,7,Thu,2020-11-19,15:00,Alianza Univ,1.0,Cantolao,1.0,,Villa Deportiva Nacional,Joel Alarcón,,https://fbref.com/en/matches/4cea4366/Alianza-Universidad-Cantolao-November-19-2020-Liga-1
Liga 1 de Fútbol Profesional,M,PER,2020,1st,Group Stage,7,Thu,2020-11-19,15:30,USMP,1.0,UTC,1.0,,Estadio Miguel Grau del Callao,Fernando Legario,,https://fbref.com/en/matches/8069ed5b/Universidad-San-Martin-Universidad-Tecnica-de-Cajamarca-November-19-2020-Liga-1
Liga 1 de Fútbol Profesional,M,PER,2020,1st,Group Stage,7,Fri,2020-11-20,11:00,Ayacucho,3.0,Cusco,1.0,,Estadio Nacional,Diego Haro,,https://fbref.com/en/matches/e820bb24/Ayacucho-Cusco-November-20-2020-Liga-1
Liga 1 de Fútbol Profesional,M,PER,2020,1st,Group Stage,7,Fri,2020-11-20,13:15,Cienciano,1.0,Atlético Grau,0.0,,Estadio Iván Elías Moreno,Michael Espinoza,,https://fbref.com/en/matches/75a4cabe/Cienciano-Atletico-Grau-November-20-2020-Liga-1
Liga 1 de Fútbol Profesional,M,PER,2020,1st,Group Stage,7,Fri,2020-11-20,17:00,Sporting Cristal,2.0,Universitario,2.0,,Estadio Nacional,Roberto Pérez,,https://fbref.com/en/matches/deb5127d/Sporting-Cristal-Universitario-November-20-2020-Liga-1
Liga 1 de Fútbol Profesional,M,PER,2020,1st,Group Stage,7,Sat,2020-11-21,11:00,Carlos Stein,1.0,Binacional,3.0,,Estadio Iván Elías Moreno,Miguel Santiváñez,,https://fbref.com/en/matches/b1ccf41d/Carlos-Stein-Binacional-November-21-2020-Liga-1
Liga 1 de Fútbol Profesional,M,PER,2020,1st,Group Stage,7,Sat,2020-11-21,13:15,U César Vallejo,0.0,Dep Municipal,1.0,,Estadio Alejandro Villanueva,Renzo Castañeda,,https://fbref.com/en/matches/16762297/Universidad-Cesar-Vallejo-Deportivo-Municipal-November-21-2020-Liga-1
Liga 1 de Fútbol Profesional,M,PER,2020,1st,Group Stage,7,Sat,2020-11-21,15:00,Llacuabamba,0.0,Melgar,6.0,,Villa Deportiva Nacional,Jesús Cartagena,,https://fbref.com/en/matches/5ceeab23/Llacuabamba-Melgar-November-21-2020-Liga-1
Liga 1 de Fútbol Profesional,M,PER,2020,1st,Group Stage,7,Sat,2020-11-21,15:30,Alianza Lima,0.0,Sport Boys,2.0,,Estadio Iván Elías Moreno,Edwin Ordóñez,,https://fbref.com/en/matches/0d500e8a/Alianza-Lima-Sport-Boys-November-21-2020-Liga-1
Liga 1 de Fútbol Profesional,M,PER,2020,1st,Group Stage,7,Sat,2020-11-21,18:00,Mannucci,2.0,Sport Huancayo,1.0,,Estadio Alejandro Villanueva,Alejandro Villanueva,,https://fbref.com/en/matches/d9c0868a/Carlos-A-Mannucci-Sport-Huancayo-November-21-2020-Liga-1
Liga 1 de Fútbol Profesional,M,PER,2020,1st,Group Stage,8,Mon,2020-11-23,11:00,Cantolao,1.0,USMP,2.0,,Estadio Iván Elías Moreno,Víctor Carrillo,,https://fbref.com/en/matches/84b30980/Cantolao-Universidad-San-Martin-November-23-2020-Liga-1
Liga 1 de Fútbol Profesional,M,PER,2020,1st,Group Stage,8,Mon,2020-11-23,13:15,Cienciano,2.0,Alianza Univ,0.0,,Estadio Miguel Grau del Callao,Jonathan Zamora,,https://fbref.com/en/matches/9d2fa02b/Cienciano-Alianza-Universidad-November-23-2020-Liga-1
Liga 1 de Fútbol Profesional,M,PER,2020,1st,Group Stage,8,Mon,2020-11-23,15:30,UTC,1.0,Sporting Cristal,1.0,,Estadio Iván Elías Moreno,Augusto Menéndez,,https://fbref.com/en/matches/78efd449/Universidad-Tecnica-de-Cajamarca-Sporting-Cristal-November-23-2020-Liga-1
Liga 1 de Fútbol Profesional,M,PER,2020,1st,Group Stage,8,Tue,2020-11-24,11:00,Sport Boys,0.0,Ayacucho,1.0,,Estadio Monumental,Fernando Legario,,https://fbref.com/en/matches/904b1d93/Sport-Boys-Ayacucho-November-24-2020-Liga-1
Liga 1 de Fútbol Profesional,M,PER,2020,1st,Group Stage,8,Tue,2020-11-24,13:15,Universitario,0.0,Carlos Stein,2.0,,Estadio Alberto Gallardo,Jesús Cartagena,,https://fbref.com/en/matches/023abe6a/Universitario-Carlos-Stein-November-24-2020-Liga-1
Liga 1 de Fútbol Profesional,M,PER,2020,1st,Group Stage,8,Tue,2020-11-24,15:00,Binacional,1.0,Atlético Grau,3.0,,Villa Deportiva Nacional,José Mendoza,,https://fbref.com/en/matches/20b9157c/Binacional-Atletico-Grau-November-24-2020-Liga-1
Liga 1 de Fútbol Profesional,M,PER,2020,1st,Group Stage,8,Tue,2020-11-24,15:30,Cusco,1.0,U César Vallejo,1.0,,Estadio Monumental,Roberto Pérez,,https://fbref.com/en/matches/222e8fd5/Cusco-Universidad-Cesar-Vallejo-November-24-2020-Liga-1
Liga 1 de Fútbol Profesional,M,PER,2020,1st,Group Stage,8,Wed,2020-11-25,15:00,Dep Municipal,2.0,Llacuabamba,5.0,,Villa Deportiva Nacional,Daniel Ureta,,https://fbref.com/en/matches/ef0e0c26/Deportivo-Municipal-Llacuabamba-November-25-2020-Liga-1
Liga 1 de Fútbol Profesional,M,PER,2020,1st,Group Stage,8,Wed,2020-11-25,15:30,Mannucci,1.0,Alianza Lima,0.0,,Estadio Alberto Gallardo,Miguel Santiváñez,,https://fbref.com/en/matches/e874ed55/Carlos-A-Mannucci-Alianza-Lima-November-25-2020-Liga-1
Liga 1 de Fútbol Profesional,M,PER,2020,1st,Group Stage,9,Sat,2020-11-28,11:00,Llacuabamba,2.0,Cusco,3.0,,Estadio Iván Elías Moreno,Luis Ciriaco Liñan,,https://fbref.com/en/matches/e6d57d1f/Llacuabamba-Cusco-November-28-2020-Liga-1
Liga 1 de Fútbol Profesional,M,PER,2020,1st,Group Stage,9,Sat,2020-11-28,15:30,Sporting Cristal,3.0,Cantolao,2.0,,Estadio Iván Elías Moreno,Diego Haro,,https://fbref.com/en/matches/23cc29b1/Sporting-Cristal-Cantolao-November-28-2020-Liga-1
Liga 1 de Fútbol Profesional,M,PER,2020,1st,Group Stage,9,Sat,2020-11-28,15:30,Carlos Stein,1.0,UTC,1.0,,Estadio Monumental,Víctor Carrillo,,https://fbref.com/en/matches/82a8e6d4/Carlos-Stein-Universidad-Tecnica-de-Cajamarca-November-28-2020-Liga-1
Liga 1 de Fútbol Profesional,M,PER,2020,1st,Group Stage,9,Sat,2020-11-28,15:30,Sport Huancayo,2.0,Alianza Lima,0.0,,Estadio Nacional,Kevin Ortega,,https://fbref.com/en/matches/91e752a6/Sport-Huancayo-Alianza-Lima-November-28-2020-Liga-1
Liga 1 de Fútbol Profesional,M,PER,2020,1st,Group Stage,9,Sat,2020-11-28,15:30,Atlético Grau,1.0,Alianza Univ,1.0,,Villa Deportiva Nacional,Edwin Ordóñez,,https://fbref.com/en/matches/ddbea611/Atletico-Grau-Alianza-Universidad-November-28-2020-Liga-1
Liga 1 de Fútbol Profesional,M,PER,2020,1st,Group Stage,9,Mon,2020-11-30,11:00,Melgar,3.0,Dep Municipal,2.0,,Estadio Alejandro Villanueva,Luis Garay Evia,,https://fbref.com/en/matches/bbb2afb6/Melgar-Deportivo-Municipal-November-30-2020-Liga-1
Liga 1 de Fútbol Profesional,M,PER,2020,1st,Group Stage,9,Mon,2020-11-30,11:00,USMP,1.0,Cienciano,2.0,,Estadio Monumental,Augusto Menéndez,,https://fbref.com/en/matches/fd6d05f2/Universidad-San-Martin-Cienciano-November-30-2020-Liga-1
Liga 1 de Fútbol Profesional,M,PER,2020,1st,Group Stage,9,Mon,2020-11-30,13:15,Binacional,0.0,Universitario,2.0,,Estadio Iván Elías Moreno,Micke Palomino,,https://fbref.com/en/matches/24897a20/Binacional-Universitario-November-30-2020-Liga-1
Liga 1 de Fútbol Profesional,M,PER,2020,1st,Group Stage,9,Mon,2020-11-30,15:30,Ayacucho,1.0,Mannucci,0.0,,Estadio Alejandro Villanueva,Roberto Pérez,,https://fbref.com/en/matches/0c9b3a36/Ayacucho-Carlos-A-Mannucci-November-30-2020-Liga-1
Liga 1 de Fútbol Profesional,M,PER,2020,1st,Group Stage,9,Mon,2020-11-30,15:30,U César Vallejo,3.0,Sport Boys,1.0,,Estadio Monumental,Miguel Santiváñez,,https://fbref.com/en/matches/69e97761/Universidad-Cesar-Vallejo-Sport-Boys-November-30-2020-Liga-1
Liga 1 de Fútbol Profesional,M,PER,2020,1st,Final,,Sat,2020-12-05,14:00,Sporting Cristal,1.0,Ayacucho,1.0,,Estadio Monumental,Miguel Santiváñez,Ayacucho won on penalty kicks following extra time,https://fbref.com/en/matches/0be7986c/Sporting-Cristal-Ayacucho-December-5-2020-Liga-1
Liga 1 de Fútbol Profesional,M,PER,2020,1st,Semi-finals,,Wed,2020-12-09,15:30,Sporting Cristal,2.0,Ayacucho,1.0,,Estadio Monumental,Kevin Ortega,Leg 1 of 2,https://fbref.com/en/matches/689112c6/Sporting-Cristal-Ayacucho-December-9-2020-Liga-1
Liga 1 de Fútbol Profesional,M,PER,2020,1st,Semi-finals,,Sat,2020-12-12,15:00,Ayacucho,1.0,Sporting Cristal,4.0,,Estadio Monumental,Diego Haro,Leg 2 of 2; Sporting Cristal won,https://fbref.com/en/matches/7034d353/Ayacucho-Sporting-Cristal-December-12-2020-Liga-1
Liga 1 de Fútbol Profesional,M,PER,2020,1st,Finals,,Wed,2020-12-16,19:00,Universitario,1.0,Sporting Cristal,2.0,,Estadio Monumental,Joel Alarcón,Leg 1 of 2,https://fbref.com/en/matches/9dda3c47/Universitario-Sporting-Cristal-December-16-2020-Liga-1
Liga 1 de Fútbol Profesional,M,PER,2020,1st,Finals,,Sun,2020-12-20,15:00,Sporting Cristal,1.0,Universitario,1.0,,Estadio Monumental,Víctor Carrillo,Leg 2 of 2; Sporting Cristal won,https://fbref.com/en/matches/bebdef1f/Sporting-Cristal-Universitario-December-20-2020-Liga-1
Liga 1 de Fútbol Profesional,M,PER,2021,1st,Group Stage,1,Fri,2021-03-12,13:15,Dep Municipal,0.0,Sport Huancayo,1.0,,Estadio Monumental,Diego Haro,,https://fbref.com/en/matches/433c92d3/Deportivo-Municipal-Sport-Huancayo-March-12-2021-Liga-1
Liga 1 de Fútbol Profesional,M,PER,2021,1st,Group Stage,1,Fri,2021-03-12,15:30,Cienciano,1.0,UTC,0.0,,Villa Deportiva Nacional,Michael Espinoza,,https://fbref.com/en/matches/e73551f2/Cienciano-Universidad-Tecnica-de-Cajamarca-March-12-2021-Liga-1
Liga 1 de Fútbol Profesional,M,PER,2021,1st,Group Stage,1,Fri,2021-03-12,18:00,Binacional,0.0,Sporting Cristal,4.0,,Estadio Monumental,Joel Alarcón,,https://fbref.com/en/matches/0328b0ec/Binacional-Sporting-Cristal-March-12-2021-Liga-1
Liga 1 de Fútbol Profesional,M,PER,2021,1st,Group Stage,1,Sat,2021-03-13,11:00,Mannucci,2.0,Cantolao,0.0,,Estadio Alberto Gallardo,Augusto Menéndez,,https://fbref.com/en/matches/b0482382/Carlos-A-Mannucci-Cantolao-March-13-2021-Liga-1
Liga 1 de Fútbol Profesional,M,PER,2021,1st,Group Stage,1,Sat,2021-03-13,15:30,Universitario,1.0,Melgar,1.0,,Estadio Alberto Gallardo,Kevin Ortega,,https://fbref.com/en/matches/ef4eb21d/Universitario-Melgar-March-13-2021-Liga-1
Liga 1 de Fútbol Profesional,M,PER,2021,1st,Group Stage,1,Sat,2021-03-13,18:00,Sport Boys,2.0,U César Vallejo,3.0,,Estadio Alejandro Villanueva,Edwin Ordóñez,,https://fbref.com/en/matches/98149bf9/Sport-Boys-Universidad-Cesar-Vallejo-March-13-2021-Liga-1
Liga 1 de Fútbol Profesional,M,PER,2021,1st,Group Stage,1,Mon,2021-03-15,15:30,Alianza Univ,1.0,Cusco,0.0,,Estadio Iván Elías Moreno,Roberto Pérez,,https://fbref.com/en/matches/04b2fee3/Alianza-Universidad-Cusco-March-15-2021-Liga-1
Liga 1 de Fútbol Profesional,M,PER,2021,1st,Group Stage,2,Fri,2021-03-19,15:00,Cantolao,3.0,Universitario,1.0,,Estadio Iván Elías Moreno,Micke Palomino,,https://fbref.com/en/matches/62680b70/Cantolao-Universitario-March-19-2021-Liga-1
Liga 1 de Fútbol Profesional,M,PER,2021,1st,Group Stage,2,Fri,2021-03-19,18:00,Sporting Cristal,1.0,Sport Boys,0.0,,Estadio Alejandro Villanueva,Diego Haro,,https://fbref.com/en/matches/a5cfb71e/Sporting-Cristal-Sport-Boys-March-19-2021-Liga-1
Liga 1 de Fútbol Profesional,M,PER,2021,1st,Group Stage,2,Sat,2021-03-20,13:15,USMP,2.0,Alianza Atlético,1.0,,Estadio Iván Elías Moreno,Renzo Castañeda,,https://fbref.com/en/matches/b49e8dd8/Universidad-San-Martin-Alianza-Atletico-March-20-2021-Liga-1
Liga 1 de Fútbol Profesional,M,PER,2021,1st,Group Stage,2,Sat,2021-03-20,15:30,Cusco,2.0,Cienciano,2.0,,Estadio Inca Garcilaso de la Vega,Luis Garay Evia,,https://fbref.com/en/matches/ded5d508/Cusco-Cienciano-March-20-2021-Liga-1
Liga 1 de Fútbol Profesional,M,PER,2021,1st,Group Stage,2,Mon,2021-03-22,11:00,Sport Huancayo,3.0,Binacional,0.0,,Estadio Alberto Gallardo,Fernando Legario,,https://fbref.com/en/matches/166704b0/Sport-Huancayo-Binacional-March-22-2021-Liga-1
Liga 1 de Fútbol Profesional,M,PER,2021,1st,Group Stage,2,Mon,2021-03-22,13:15,U César Vallejo,0.0,Alianza Univ,1.0,,Estadio Alejandro Villanueva,Kevin Ortega,,https://fbref.com/en/matches/ab788dad/Universidad-Cesar-Vallejo-Alianza-Universidad-March-22-2021-Liga-1
Liga 1 de Fútbol Profesional,M,PER,2021,1st,Group Stage,2,Mon,2021-03-22,15:30,UTC,2.0,Mannucci,2.0,,Estadio Alberto Gallardo,José Mendoza,,https://fbref.com/en/matches/a89c6d52/Universidad-Tecnica-de-Cajamarca-Carlos-A-Mannucci-March-22-2021-Liga-1
Liga 1 de Fútbol Profesional,M,PER,2021,1st,Group Stage,3,Sat,2021-03-27,11:00,Cienciano,1.0,Alianza Atlético,0.0,,Estadio Iván Elías Moreno,Diego Haro,,https://fbref.com/en/matches/7494010d/Cienciano-Alianza-Atletico-March-27-2021-Liga-1
Liga 1 de Fútbol Profesional,M,PER,2021,1st,Group Stage,3,Sat,2021-03-27,13:15,Melgar,3.0,Cantolao,0.0,,Estadio Alejandro Villanueva,Hibert Villegas,,https://fbref.com/en/matches/4294f663/Melgar-Cantolao-March-27-2021-Liga-1
Liga 1 de Fútbol Profesional,M,PER,2021,1st,Group Stage,3,Sat,2021-03-27,18:00,Mannucci,2.0,USMP,0.0,,Estadio Alejandro Villanueva,Luis Seminario,,https://fbref.com/en/matches/90d9181e/Carlos-A-Mannucci-Universidad-San-Martin-March-27-2021-Liga-1
Liga 1 de Fútbol Profesional,M,PER,2021,1st,Group Stage,3,Mon,2021-03-29,13:15,Sport Boys,3.0,Binacional,2.0,,Estadio Monumental,Michael Espinoza,,https://fbref.com/en/matches/1fc78303/Sport-Boys-Binacional-March-29-2021-Liga-1
Liga 1 de Fútbol Profesional,M,PER,2021,1st,Group Stage,3,Mon,2021-03-29,15:30,Alianza Univ,0.0,Sporting Cristal,3.0,,Estadio Alejandro Villanueva,Víctor Carrillo,,https://fbref.com/en/matches/77452f3f/Alianza-Universidad-Sporting-Cristal-March-29-2021-Liga-1
Liga 1 de Fútbol Profesional,M,PER,2021,1st,Group Stage,3,Mon,2021-03-29,18:00,Dep Municipal,0.0,U César Vallejo,4.0,,Estadio Monumental,Micke Palomino,,https://fbref.com/en/matches/3da4301e/Deportivo-Municipal-Universidad-Cesar-Vallejo-March-29-2021-Liga-1
Liga 1 de Fútbol Profesional,M,PER,2021,1st,Group Stage,3,Tue,2021-03-30,15:30,Alianza Lima,2.0,Cusco,2.0,,Estadio Alberto Gallardo,Renzo Castañeda,,https://fbref.com/en/matches/460d249a/Alianza-Lima-Cusco-March-30-2021-Liga-1
Liga 1 de Fútbol Profesional,M,PER,2021,1st,Group Stage,3,Wed,2021-03-31,15:30,Ayacucho,3.0,Sport Huancayo,0.0,,Estadio Miguel Grau del Callao,José Mendoza,,https://fbref.com/en/matches/3f9884ba/Ayacucho-Sport-Huancayo-March-31-2021-Liga-1
Liga 1 de Fútbol Profesional,M,PER,2021,1st,Group Stage,2,Tue,2021-04-06,15:30,Alianza Lima,1.0,Dep Municipal,0.0,,Estadio Miguel Grau del Callao,Joel Alarcón,,https://fbref.com/en/matches/e92df7c1/Alianza-Lima-Deportivo-Municipal-April-6-2021-Liga-1
Liga 1 de Fútbol Profesional,M,PER,2021,1st,Group Stage,1,Wed,2021-04-07,15:30,Ayacucho,2.0,USMP,2.0,,Estadio Alejandro Villanueva,Micke Palomino,,https://fbref.com/en/matches/c481edbd/Ayacucho-Universidad-San-Martin-April-7-2021-Liga-1
Liga 1 de Fútbol Profesional,M,PER,2021,1st,Group Stage,2,Mon,2021-04-12,15:30,Melgar,0.0,Ayacucho,0.0,,Estadio Alejandro Villanueva,Roberto Pérez,,https://fbref.com/en/matches/144f6d3e/Melgar-Ayacucho-April-12-2021-Liga-1
Liga 1 de Fútbol Profesional,M,PER,2021,1st,Group Stage,4,Tue,2021-04-13,13:15,Cusco,2.0,Sport Boys,2.0,,Estadio Alejandro Villanueva,Augusto Menéndez,,https://fbref.com/en/matches/2ea20644/Cusco-Sport-Boys-April-13-2021-Liga-1
Liga 1 de Fútbol Profesional,M,PER,2021,1st,Group Stage,4,Tue,2021-04-13,15:30,Binacional,2.0,Alianza Univ,1.0,,Estadio Alberto Gallardo,Kevin Ortega,,https://fbref.com/en/matches/cfc2c816/Binacional-Alianza-Universidad-April-13-2021-Liga-1
Liga 1 de Fútbol Profesional,M,PER,2021,1st,Group Stage,4,Tue,2021-04-13,18:00,Sporting Cristal,3.0,Dep Municipal,1.0,,Estadio Alejandro Villanueva,Diego Haro,,https://fbref.com/en/matches/edd6dae7/Sporting-Cristal-Deportivo-Municipal-April-13-2021-Liga-1
Liga 1 de Fútbol Profesional,M,PER,2021,1st,Group Stage,4,Wed,2021-04-14,13:15,Cantolao,0.0,Cienciano,2.0,,Estadio Monumental,Jordy Espinoza,,https://fbref.com/en/matches/f8f1c7fc/Cantolao-Cienciano-April-14-2021-Liga-1
Liga 1 de Fútbol Profesional,M,PER,2021,1st,Group Stage,4,Wed,2021-04-14,15:30,Sport Huancayo,0.0,Alianza Lima,0.0,,Estadio Alberto Gallardo,Edwin Ordóñez,,https://fbref.com/en/matches/7c4ca8ec/Sport-Huancayo-Alianza-Lima-April-14-2021-Liga-1
Liga 1 de Fútbol Profesional,M,PER,2021,1st,Group Stage,4,Wed,2021-04-14,18:00,U César Vallejo,2.0,Mannucci,1.0,,Estadio Monumental,Jesús Cartagena,,https://fbref.com/en/matches/2c56ca26/Universidad-Cesar-Vallejo-Carlos-A-Mannucci-April-14-2021-Liga-1
Liga 1 de Fútbol Profesional,M,PER,2021,1st,Group Stage,4,Thu,2021-04-15,11:00,Alianza Atlético,0.0,Ayacucho,1.0,,Estadio Iván Elías Moreno,Pablo López,,https://fbref.com/en/matches/58819c3a/Alianza-Atletico-Ayacucho-April-15-2021-Liga-1
Liga 1 de Fútbol Profesional,M,PER,2021,1st,Group Stage,4,Thu,2021-04-15,15:30,USMP,0.0,Universitario,1.0,,Estadio Iván Elías Moreno,Roberto Pérez,,https://fbref.com/en/matches/a0fd23b1/Universidad-San-Martin-Universitario-April-15-2021-Liga-1
Liga 1 de Fútbol Profesional,M,PER,2021,1st,Group Stage,4,Thu,2021-04-15,18:00,UTC,3.0,Melgar,1.0,,Estadio Alejandro Villanueva,Alejandro Villanueva,,https://fbref.com/en/matches/17d12711/Universidad-Tecnica-de-Cajamarca-Melgar-April-15-2021-Liga-1
Liga 1 de Fútbol Profesional,M,PER,2021,1st,Group Stage,5,Fri,2021-04-23,13:15,Cantolao,0.0,UTC,1.0,,Estadio Alejandro Villanueva,Luis Ciriaco Liñan,,https://fbref.com/en/matches/68609321/Cantolao-Universidad-Tecnica-de-Cajamarca-April-23-2021-Liga-1
Liga 1 de Fútbol Profesional,M,PER,2021,1st,Group Stage,5,Fri,2021-04-23,15:30,Dep Municipal,2.0,Binacional,1.0,,Estadio Miguel Grau del Callao,Jesús Cartagena,,https://fbref.com/en/matches/51c72abd/Deportivo-Municipal-Binacional-April-23-2021-Liga-1
Liga 1 de Fútbol Profesional,M,PER,2021,1st,Group Stage,5,Fri,2021-04-23,18:00,Ayacucho,1.0,Cienciano,1.0,,Estadio Alejandro Villanueva,Jonathan Zamora,,https://fbref.com/en/matches/1372fdc7/Ayacucho-Cienciano-April-23-2021-Liga-1
Liga 1 de Fútbol Profesional,M,PER,2021,1st,Group Stage,5,Sat,2021-04-24,11:00,Alianza Univ,1.0,Sport Boys,0.0,,Estadio Iván Elías Moreno,Jordy Espinoza,,https://fbref.com/en/matches/50159bd1/Alianza-Universidad-Sport-Boys-April-24-2021-Liga-1
Liga 1 de Fútbol Profesional,M,PER,2021,1st,Group Stage,5,Sat,2021-04-24,13:15,Melgar,0.0,USMP,2.0,,Estadio Miguel Grau del Callao,Fernando Legario,,https://fbref.com/en/matches/786a6c7d/Melgar-Universidad-San-Martin-April-24-2021-Liga-1
Liga 1 de Fútbol Profesional,M,PER,2021,1st,Group Stage,5,Sat,2021-04-24,15:30,Alianza Lima,2.0,U César Vallejo,2.0,,Estadio Iván Elías Moreno,Roberto Pérez,,https://fbref.com/en/matches/e3cd7dc6/Alianza-Lima-Universidad-Cesar-Vallejo-April-24-2021-Liga-1
Liga 1 de Fútbol Profesional,M,PER,2021,1st,Group Stage,5,Sun,2021-04-25,15:30,Universitario,0.0,Sporting Cristal,1.0,,Estadio Nacional,Michael Espinoza,,https://fbref.com/en/matches/a56d4aeb/Universitario-Sporting-Cristal-April-25-2021-Liga-1
Liga 1 de Fútbol Profesional,M,PER,2021,1st,Group Stage,5,Mon,2021-04-26,11:00,Mannucci,1.0,Alianza Atlético,3.0,,Estadio Monumental,Luis Garay Evia,,https://fbref.com/en/matches/3f1d4000/Carlos-A-Mannucci-Alianza-Atletico-April-26-2021-Liga-1
Liga 1 de Fútbol Profesional,M,PER,2021,1st,Group Stage,5,Mon,2021-04-26,15:30,Cusco,0.0,Sport Huancayo,1.0,,Estadio Monumental,Pablo López,,https://fbref.com/en/matches/9a555115/Cusco-Sport-Huancayo-April-26-2021-Liga-1
Liga 1 de Fútbol Profesional,M,PER,2021,1st,Group Stage,6,Fri,2021-04-30,11:00,UTC,1.0,Ayacucho,3.0,,Estadio Monumental,Hibert Villegas,,https://fbref.com/en/matches/20a1b3c5/Universidad-Tecnica-de-Cajamarca-Ayacucho-April-30-2021-Liga-1
Liga 1 de Fútbol Profesional,M,PER,2021,1st,Group Stage,6,Fri,2021-04-30,15:30,USMP,1.0,Cantolao,0.0,,Estadio Monumental,Jonathan Zamora,,https://fbref.com/en/matches/476c88d1/Universidad-San-Martin-Cantolao-April-30-2021-Liga-1
Liga 1 de Fútbol Profesional,M,PER,2021,1st,Group Stage,6,Fri,2021-04-30,18:00,Sport Boys,3.0,Dep Municipal,1.0,,Estadio Alejandro Villanueva,Fernando Legario,,https://fbref.com/en/matches/f51b1082/Sport-Boys-Deportivo-Municipal-April-30-2021-Liga-1
Liga 1 de Fútbol Profesional,M,PER,2021,1st,Group Stage,6,Sat,2021-05-01,11:00,Binacional,1.0,Melgar,1.0,,Estadio Iván Elías Moreno,José Mendoza,,https://fbref.com/en/matches/945d8cbf/Binacional-Melgar-May-1-2021-Liga-1
Liga 1 de Fútbol Profesional,M,PER,2021,1st,Group Stage,6,Sat,2021-05-01,15:30,Alianza Atlético,1.0,Universitario,2.0,,Estadio Iván Elías Moreno,Micke Palomino,,https://fbref.com/en/matches/bea74f4f/Alianza-Atletico-Universitario-May-1-2021-Liga-1
Liga 1 de Fútbol Profesional,M,PER,2021,1st,Group Stage,6,Sun,2021-05-02,15:30,Sporting Cristal,2.0,Alianza Lima,1.0,,Estadio Nacional,Augusto Menéndez,,https://fbref.com/en/matches/0960b306/Sporting-Cristal-Alianza-Lima-May-2-2021-Liga-1
Liga 1 de Fútbol Profesional,M,PER,2021,1st,Group Stage,6,Mon,2021-05-03,11:00,Sport Huancayo,3.0,Alianza Univ,3.0,,Estadio Miguel Grau del Callao,Luis Seminario,,https://fbref.com/en/matches/62ecdbfd/Sport-Huancayo-Alianza-Universidad-May-3-2021-Liga-1
Liga 1 de Fútbol Profesional,M,PER,2021,1st,Group Stage,6,Mon,2021-05-03,15:30,U César Vallejo,1.0,Cusco,1.0,,Estadio Miguel Grau del Callao,Joel Alarcón,,https://fbref.com/en/matches/5a402a3c/Universidad-Cesar-Vallejo-Cusco-May-3-2021-Liga-1
Liga 1 de Fútbol Profesional,M,PER,2021,1st,Group Stage,6,Mon,2021-05-03,18:00,Cienciano,5.0,Mannucci,2.0,,Estadio Alejandro Villanueva,Diego Haro,,https://fbref.com/en/matches/bb0c1a21/Cienciano-Carlos-A-Mannucci-May-3-2021-Liga-1
Liga 1 de Fútbol Profesional,M,PER,2021,1st,Group Stage,7,Fri,2021-05-07,11:00,Cantolao,2.0,Sport Boys,1.0,,Estadio Alberto Gallardo,Micke Palomino,,https://fbref.com/en/matches/dde40eb2/Cantolao-Sport-Boys-May-7-2021-Liga-1
Liga 1 de Fútbol Profesional,M,PER,2021,1st,Group Stage,7,Fri,2021-05-07,13:15,UTC,0.0,USMP,1.0,,Estadio Alejandro Villanueva,Gean Pierre Barbagelatta,,https://fbref.com/en/matches/b9d3864b/Universidad-Tecnica-de-Cajamarca-Universidad-San-Martin-May-7-2021-Liga-1
Liga 1 de Fútbol Profesional,M,PER,2021,1st,Group Stage,7,Fri,2021-05-07,15:30,Alianza Lima,2.0,Binacional,0.0,,Estadio Alberto Gallardo,Edwin Ordóñez,,https://fbref.com/en/matches/7a8733a7/Alianza-Lima-Binacional-May-7-2021-Liga-1
Liga 1 de Fútbol Profesional,M,PER,2021,1st,Group Stage,7,Sat,2021-05-08,11:00,Melgar,1.0,Alianza Atlético,3.0,,Estadio Miguel Grau del Callao,Jordy Espinoza,,https://fbref.com/en/matches/1af92589/Melgar-Alianza-Atletico-May-8-2021-Liga-1
Liga 1 de Fútbol Profesional,M,PER,2021,1st,Group Stage,7,Sat,2021-05-08,13:15,Universitario,3.0,Cienciano,2.0,,Estadio Iván Elías Moreno,Kevin Ortega,,https://fbref.com/en/matches/342e0a59/Universitario-Cienciano-May-8-2021-Liga-1
Liga 1 de Fútbol Profesional,M,PER,2021,1st,Group Stage,7,Sat,2021-05-08,15:30,Cusco,1.0,Sporting Cristal,2.0,,Estadio Miguel Grau del Callao,Jesús Cartagena,,https://fbref.com/en/matches/45040a8a/Cusco-Sporting-Cristal-May-8-2021-Liga-1
Liga 1 de Fútbol Profesional,M,PER,2021,1st,Group Stage,7,Sat,2021-05-08,18:00,Mannucci,1.0,Ayacucho,1.0,,Estadio Alejandro Villanueva,Augusto Menéndez,,https://fbref.com/en/matches/aa0a2219/Carlos-A-Mannucci-Ayacucho-May-8-2021-Liga-1
Liga 1 de Fútbol Profesional,M,PER,2021,1st,Group Stage,7,Sun,2021-05-09,15:30,Sport Huancayo,0.0,U César Vallejo,0.0,,Villa Deportiva Nacional,Fernando Legario,,https://fbref.com/en/matches/0ffd339a/Sport-Huancayo-Universidad-Cesar-Vallejo-May-9-2021-Liga-1
Liga 1 de Fútbol Profesional,M,PER,2021,1st,Group Stage,7,Mon,2021-05-10,13:00,Dep Municipal,1.0,Alianza Univ,0.0,,Estadio Alberto Gallardo,Jonathan Zamora,,https://fbref.com/en/matches/d0147d2f/Deportivo-Municipal-Alianza-Universidad-May-10-2021-Liga-1
Liga 1 de Fútbol Profesional,M,PER,2021,1st,Group Stage,3,Mon,2021-05-10,15:30,Universitario,1.0,UTC,0.0,,Estadio Iván Elías Moreno,Joel Alarcón,,https://fbref.com/en/matches/fc4938df/Universitario-Universidad-Tecnica-de-Cajamarca-May-10-2021-Liga-1
Liga 1 de Fútbol Profesional,M,PER,2021,1st,Group Stage,1,Wed,2021-05-12,15:30,Alianza Atlético,0.0,Alianza Lima,0.0,,Estadio Alberto Gallardo,Jesús Cartagena,,https://fbref.com/en/matches/66c92b45/Alianza-Atletico-Alianza-Lima-May-12-2021-Liga-1
Liga 1 de Fútbol Profesional,M,PER,2021,1st,Group Stage,8,Sat,2021-05-15,11:00,Binacional,1.0,U César Vallejo,2.0,,Estadio Guillermo Briceño Rosamedina,José Mendoza,,https://fbref.com/en/matches/8371f75b/Binacional-Universidad-Cesar-Vallejo-May-15-2021-Liga-1
Liga 1 de Fútbol Profesional,M,PER,2021,1st,Group Stage,8,Sat,2021-05-15,13:15,Dep Municipal,1.0,Cusco,1.0,,Estadio Municipal Segundo Aranda Torres,Michael Espinoza,,https://fbref.com/en/matches/1a16a0c5/Deportivo-Municipal-Cusco-May-15-2021-Liga-1
Liga 1 de Fútbol Profesional,M,PER,2021,1st,Group Stage,8,Sat,2021-05-15,15:30,Ayacucho,3.0,Universitario,3.0,,Estadio Ciudad de Cumaná,Roberto Pérez,,https://fbref.com/en/matches/35f4d839/Ayacucho-Universitario-May-15-2021-Liga-1
Liga 1 de Fútbol Profesional,M,PER,2021,1st,Group Stage,8,Sat,2021-05-15,18:00,Cienciano,0.0,USMP,1.0,,Estadio Inca Garcilaso de la Vega,Joel Alarcón,,https://fbref.com/en/matches/f0bcb258/Cienciano-Universidad-San-Martin-May-15-2021-Liga-1
Liga 1 de Fútbol Profesional,M,PER,2021,1st,Group Stage,8,Sun,2021-05-16,11:00,Mannucci,2.0,Melgar,1.0,,Estadio Mansiche,Jonathan Zamora,,https://fbref.com/en/matches/03462ff5/Carlos-A-Mannucci-Melgar-May-16-2021-Liga-1
Liga 1 de Fútbol Profesional,M,PER,2021,1st,Group Stage,8,Sun,2021-05-16,15:30,Sporting Cristal,2.0,Sport Huancayo,0.0,,Estadio Alberto Gallardo,Micke Palomino,,https://fbref.com/en/matches/f7dcd2f4/Sporting-Cristal-Sport-Huancayo-May-16-2021-Liga-1
Liga 1 de Fútbol Profesional,M,PER,2021,1st,Group Stage,8,Mon,2021-05-17,11:00,Alianza Univ,1.0,UTC,2.0,,Estadio Heraclio Tapia León,Jordi Espinoza,,https://fbref.com/en/matches/b5bb8fd2/Alianza-Universidad-Universidad-Tecnica-de-Cajamarca-May-17-2021-Liga-1
Liga 1 de Fútbol Profesional,M,PER,2021,1st,Group Stage,8,Mon,2021-05-17,13:15,Sport Boys,0.0,Alianza Lima,2.0,,Estadio Miguel Grau del Callao,Fernando Legario,,https://fbref.com/en/matches/3b5b39d8/Sport-Boys-Alianza-Lima-May-17-2021-Liga-1
Liga 1 de Fútbol Profesional,M,PER,2021,1st,Group Stage,8,Mon,2021-05-17,15:30,Alianza Atlético,0.0,Cantolao,1.0,,Estadio Iván Elías Moreno,Pablo López,,https://fbref.com/en/matches/9780eeea/Alianza-Atletico-Cantolao-May-17-2021-Liga-1
Liga 1 de Fútbol Profesional,M,PER,2021,1st,Group Stage,9,Fri,2021-05-21,13:15,Cusco,3.0,Binacional,1.0,,Villa Deportiva Nacional,Kevin Ortega,,https://fbref.com/en/matches/460451b8/Cusco-Binacional-May-21-2021-Liga-1
Liga 1 de Fútbol Profesional,M,PER,2021,1st,Group Stage,9,Fri,2021-05-21,15:30,Alianza Lima,2.0,Alianza Univ,0.0,,Estadio Alberto Gallardo,Micke Palomino,,https://fbref.com/en/matches/4c933c8c/Alianza-Lima-Alianza-Universidad-May-21-2021-Liga-1
Liga 1 de Fútbol Profesional,M,PER,2021,1st,Group Stage,9,Sat,2021-05-22,13:15,UTC,0.0,Alianza Atlético,2.0,,Villa Deportiva Nacional,David Huaman,,https://fbref.com/en/matches/692b777d/Universidad-Tecnica-de-Cajamarca-Alianza-Atletico-May-22-2021-Liga-1
Liga 1 de Fútbol Profesional,M,PER,2021,1st,Group Stage,9,Sat,2021-05-22,15:30,U César Vallejo,3.0,Sporting Cristal,0.0,,Estadio Alejandro Villanueva,Jonathan Zamora,,https://fbref.com/en/matches/8e696091/Universidad-Cesar-Vallejo-Sporting-Cristal-May-22-2021-Liga-1
Liga 1 de Fútbol Profesional,M,PER,2021,1st,Group Stage,9,Sun,2021-05-23,11:00,Sport Huancayo,0.0,Sport Boys,1.0,,Estadio Monumental,José Mendoza,,https://fbref.com/en/matches/850a2e45/Sport-Huancayo-Sport-Boys-May-23-2021-Liga-1
Liga 1 de Fútbol Profesional,M,PER,2021,1st,Group Stage,9,Sun,2021-05-23,15:30,Melgar,3.0,Cienciano,0.0,,Estadio Alberto Gallardo,Diego Haro,,https://fbref.com/en/matches/769804e8/Melgar-Cienciano-May-23-2021-Liga-1
Liga 1 de Fútbol Profesional,M,PER,2021,1st,Group Stage,9,Sun,2021-05-23,15:30,Cantolao,2.0,Ayacucho,2.0,,Estadio Alejandro Villanueva,Jesús Cartagena,,https://fbref.com/en/matches/9ded8f2f/Cantolao-Ayacucho-May-23-2021-Liga-1
Liga 1 de Fútbol Profesional,M,PER,2021,1st,Group Stage,9,Sun,2021-05-23,15:30,Universitario,0.0,Mannucci,0.0,,Estadio Iván Elías Moreno,Fernando Legario,,https://fbref.com/en/matches/d5894525/Universitario-Carlos-A-Mannucci-May-23-2021-Liga-1
Liga 1 de Fútbol Profesional,M,PER,2021,1st,Group Stage,9,Sun,2021-05-23,15:30,USMP,1.0,Dep Municipal,0.0,,Estadio Monumental,Edwin Ordóñez,,https://fbref.com/en/matches/e8781eef/Universidad-San-Martin-Deportivo-Municipal-May-23-2021-Liga-1
Liga 1 de Fútbol Profesional,M,PER,2021,1st,Final,,Sun,2021-05-30,14:00,Sporting Cristal,2.0,USMP,0.0,,Estadio Alejandro Villanueva,Kevin Ortega,Required Extra Time,https://fbref.com/en/matches/357912ec/Sporting-Cristal-Universidad-San-Martin-May-30-2021-Liga-1
Liga 1 de Fútbol Profesional,M,PER,2021,1st,Torneo Clausura,1,Sat,2021-07-17,11:00,Dep Municipal,1.0,UTC,1.0,,Estadio Alejandro Villanueva,Roberto Pérez,,https://fbref.com/en/matches/fd7ac6df/Deportivo-Municipal-Universidad-Tecnica-de-Cajamarca-July-17-2021-Liga-1
Liga 1 de Fútbol Profesional,M,PER,2021,1st,Torneo Clausura,1,Sat,2021-07-17,13:15,USMP,0.0,Mannucci,2.0,,Estadio Miguel Grau del Callao,Beider Joel Vásquez Guevara,,https://fbref.com/en/matches/84298b09/Universidad-San-Martin-Carlos-A-Mannucci-July-17-2021-Liga-1
Liga 1 de Fútbol Profesional,M,PER,2021,1st,Torneo Clausura,1,Sat,2021-07-17,15:30,Cantolao,2.0,Sporting Cristal,4.0,,Estadio Alejandro Villanueva,Luis Seminario,,https://fbref.com/en/matches/05b49c98/Cantolao-Sporting-Cristal-July-17-2021-Liga-1
Liga 1 de Fútbol Profesional,M,PER,2021,1st,Torneo Clausura,1,Sun,2021-07-18,11:00,Sport Huancayo,0.0,Melgar,3.0,,Estadio Iván Elías Moreno,Jonathan Zamora,,https://fbref.com/en/matches/7b83340e/Sport-Huancayo-Melgar-July-18-2021-Liga-1
Liga 1 de Fútbol Profesional,M,PER,2021,1st,Torneo Clausura,1,Sun,2021-07-18,13:15,Sport Boys,1.0,Cienciano,4.0,,Estadio Monumental,Michael Espinoza,,https://fbref.com/en/matches/0d282be7/Sport-Boys-Cienciano-July-18-2021-Liga-1
Liga 1 de Fútbol Profesional,M,PER,2021,1st,Torneo Clausura,1,Sun,2021-07-18,15:30,Alianza Lima,4.0,Ayacucho,1.0,,Estadio Iván Elías Moreno,Fernando Legario,,https://fbref.com/en/matches/1b718e01/Alianza-Lima-Ayacucho-July-18-2021-Liga-1
Liga 1 de Fútbol Profesional,M,PER,2021,1st,Torneo Clausura,1,Mon,2021-07-19,11:00,Binacional,1.0,Alianza Univ,1.0,,Estadio Miguel Grau del Callao,Edwin Ordóñez,,https://fbref.com/en/matches/7953a1d9/Binacional-Alianza-Universidad-July-19-2021-Liga-1
Liga 1 de Fútbol Profesional,M,PER,2021,1st,Torneo Clausura,1,Mon,2021-07-19,13:15,U César Vallejo,1.0,Cusco,0.0,,Estadio Monumental,Joel Alarcón,,https://fbref.com/en/matches/c623517a/Universidad-Cesar-Vallejo-Cusco-July-19-2021-Liga-1
Liga 1 de Fútbol Profesional,M,PER,2021,1st,Torneo Clausura,1,Mon,2021-07-19,15:30,Universitario,2.0,Alianza Atlético,2.0,,Estadio Miguel Grau del Callao,Luis Garay Evia,,https://fbref.com/en/matches/da139a7b/Universitario-Alianza-Atletico-July-19-2021-Liga-1
Liga 1 de Fútbol Profesional,M,PER,2021,1st,Torneo Clausura,2,Fri,2021-07-23,13:15,Cienciano,0.0,Cantolao,0.0,,Estadio Iván Elías Moreno,Joel Alarcón,,https://fbref.com/en/matches/066e96b9/Cienciano-Cantolao-July-23-2021-Liga-1
Liga 1 de Fútbol Profesional,M,PER,2021,1st,Torneo Clausura,2,Fri,2021-07-23,15:30,Mannucci,1.0,Dep Municipal,2.0,,Estadio Alejandro Villanueva,Michael Espinoza,,https://fbref.com/en/matches/6ee7b28e/Carlos-A-Mannucci-Deportivo-Municipal-July-23-2021-Liga-1
Liga 1 de Fútbol Profesional,M,PER,2021,1st,Torneo Clausura,2,Sat,2021-07-24,11:00,Alianza Atlético,1.0,Sport Huancayo,0.0,,Estadio Miguel Grau del Callao,Micke Palomino,,https://fbref.com/en/matches/d71f5c29/Alianza-Atletico-Sport-Huancayo-July-24-2021-Liga-1
Liga 1 de Fútbol Profesional,M,PER,2021,1st,Torneo Clausura,2,Sat,2021-07-24,13:15,Ayacucho,1.0,Sport Boys,2.0,,Estadio Monumental,Jordy Espinoza,,https://fbref.com/en/matches/3d9000e8/Ayacucho-Sport-Boys-July-24-2021-Liga-1
Liga 1 de Fútbol Profesional,M,PER,2021,1st,Torneo Clausura,2,Sat,2021-07-24,15:30,Alianza Univ,0.0,Alianza Lima,0.0,,Estadio Miguel Grau del Callao,Augusto Menéndez,,https://fbref.com/en/matches/5b285264/Alianza-Universidad-Alianza-Lima-July-24-2021-Liga-1
Liga 1 de Fútbol Profesional,M,PER,2021,1st,Torneo Clausura,2,Sun,2021-07-25,11:00,Cusco,2.0,Binacional,2.0,,Estadio Iván Elías Moreno,José Mendoza,,https://fbref.com/en/matches/d2e783d9/Cusco-Binacional-July-25-2021-Liga-1
Liga 1 de Fútbol Profesional,M,PER,2021,1st,Torneo Clausura,2,Sun,2021-07-25,13:15,Melgar,1.0,U César Vallejo,1.0,,Estadio Monumental,Roberto Pérez,,https://fbref.com/en/matches/e8742e95/Melgar-Universidad-Cesar-Vallejo-July-25-2021-Liga-1
Liga 1 de Fútbol Profesional,M,PER,2021,1st,Torneo Clausura,2,Sun,2021-07-25,15:30,UTC,0.0,Universitario,1.0,,Estadio Iván Elías Moreno,Jesús Cartagena,,https://fbref.com/en/matches/a9753c5d/Universidad-Tecnica-de-Cajamarca-Universitario-July-25-2021-Liga-1
Liga 1 de Fútbol Profesional,M,PER,2021,1st,Torneo Clausura,3,Fri,2021-07-30,11:00,Cantolao,2.0,Ayacucho,2.0,,Estadio Alejandro Villanueva,Micke Palomino,,https://fbref.com/en/matches/886a366e/Cantolao-Ayacucho-July-30-2021-Liga-1
Liga 1 de Fútbol Profesional,M,PER,2021,1st,Torneo Clausura,3,Fri,2021-07-30,13:15,USMP,1.0,Cienciano,1.0,,Estadio Miguel Grau del Callao,Luis Garay Evia,,https://fbref.com/en/matches/2c86e369/Universidad-San-Martin-Cienciano-July-30-2021-Liga-1
Liga 1 de Fútbol Profesional,M,PER,2021,1st,Torneo Clausura,3,Fri,2021-07-30,15:30,Dep Municipal,1.0,Sporting Cristal,1.0,,Estadio Alejandro Villanueva,Jesús Cartagena,,https://fbref.com/en/matches/cabdc280/Deportivo-Municipal-Sporting-Cristal-July-30-2021-Liga-1
Liga 1 de Fútbol Profesional,M,PER,2021,1st,Torneo Clausura,3,Sat,2021-07-31,11:00,U César Vallejo,2.0,Alianza Atlético,0.0,,Estadio Monumental,Jonathan Zamora,,https://fbref.com/en/matches/21e55b69/Universidad-Cesar-Vallejo-Alianza-Atletico-July-31-2021-Liga-1
Liga 1 de Fútbol Profesional,M,PER,2021,1st,Torneo Clausura,3,Sat,2021-07-31,13:15,Universitario,1.0,Mannucci,3.0,,Estadio Miguel Grau del Callao,Augusto Méndez,,https://fbref.com/en/matches/881c61ef/Universitario-Carlos-A-Mannucci-July-31-2021-Liga-1
Liga 1 de Fútbol Profesional,M,PER,2021,1st,Torneo Clausura,3,Sat,2021-07-31,15:30,Sport Huancayo,0.0,UTC,0.0,,Estadio Monumental,Edwin Ordóñez,,https://fbref.com/en/matches/3226c64c/Sport-Huancayo-Universidad-Tecnica-de-Cajamarca-July-31-2021-Liga-1
Liga 1 de Fútbol Profesional,M,PER,2021,1st,Torneo Clausura,3,Sun,2021-08-01,11:00,Cusco,2.0,Alianza Univ,3.0,,Estadio Iván Elías Moreno,Hibert Villegas,,https://fbref.com/en/matches/424060b1/Cusco-Alianza-Universidad-August-1-2021-Liga-1
Liga 1 de Fútbol Profesional,M,PER,2021,1st,Torneo Clausura,3,Sun,2021-08-01,13:15,Binacional,1.0,Melgar,5.0,,Estadio Miguel Grau del Callao,Renzo Castañeda,,https://fbref.com/en/matches/917847fc/Binacional-Melgar-August-1-2021-Liga-1
Liga 1 de Fútbol Profesional,M,PER,2021,1st,Torneo Clausura,3,Sun,2021-08-01,15:30,Sport Boys,0.0,Alianza Lima,0.0,,Estadio Iván Elías Moreno,Joel Alarcón,,https://fbref.com/en/matches/0de64fb8/Sport-Boys-Alianza-Lima-August-1-2021-Liga-1
Liga 1 de Fútbol Profesional,M,PER,2021,1st,Torneo Clausura,4,Mon,2021-08-02,17:00,Ayacucho,1.0,USMP,0.0,,Estadio Ciudad de Cumaná,Fernando Legario,,https://fbref.com/en/matches/8cc862c6/Ayacucho-Universidad-San-Martin-August-2-2021-Liga-1
Liga 1 de Fútbol Profesional,M,PER,2021,1st,Torneo Clausura,4,Mon,2021-08-02,19:30,Cienciano,2.0,Dep Municipal,3.0,,Estadio Inca Garcilaso de la Vega,Micke Palomino,,https://fbref.com/en/matches/9415261f/Cienciano-Deportivo-Municipal-August-2-2021-Liga-1
Liga 1 de Fútbol Profesional,M,PER,2021,1st,Torneo Clausura,4,Tue,2021-08-03,13:00,UTC,0.0,U César Vallejo,0.0,,Estadio Héroes de San Ramón,Michael Espinoza,,https://fbref.com/en/matches/c6185de2/Universidad-Tecnica-de-Cajamarca-Universidad-Cesar-Vallejo-August-3-2021-Liga-1
Liga 1 de Fútbol Profesional,M,PER,2021,1st,Torneo Clausura,4,Tue,2021-08-03,15:30,Mannucci,1.0,Sport Huancayo,1.0,,Estadio de la Universidad Nacional Mayor...,Jesús Cartagena,,https://fbref.com/en/matches/38d8eb04/Carlos-A-Mannucci-Sport-Huancayo-August-3-2021-Liga-1
Liga 1 de Fútbol Profesional,M,PER,2021,1st,Torneo Clausura,4,Tue,2021-08-03,19:03,Sporting Cristal,2.0,Universitario,2.0,,Estadio Nacional,Roberto Pérez,,https://fbref.com/en/matches/855b7104/Sporting-Cristal-Universitario-August-3-2021-Liga-1
Liga 1 de Fútbol Profesional,M,PER,2021,1st,Torneo Clausura,4,Wed,2021-08-04,12:00,Alianza Atlético,0.0,Binacional,3.0,,Estadio de la Universidad Nacional Mayor...,Joel Alarcón,,https://fbref.com/en/matches/a070b685/Alianza-Atletico-Binacional-August-4-2021-Liga-1
Liga 1 de Fútbol Profesional,M,PER,2021,1st,Torneo Clausura,4,Wed,2021-08-04,14:30,Melgar,2.0,Cusco,2.0,,Estadio de la Universidad Nacional Mayor...,Edwin Ordóñez,,https://fbref.com/en/matches/cbe851df/Melgar-Cusco-August-4-2021-Liga-1
Liga 1 de Fútbol Profesional,M,PER,2021,1st,Torneo Clausura,4,Wed,2021-08-04,17:00,Alianza Univ,2.0,Sport Boys,0.0,,Estadio de la Universidad Nacional Mayor...,Jonathan Zamora,,https://fbref.com/en/matches/cfe50074/Alianza-Universidad-Sport-Boys-August-4-2021-Liga-1
Liga 1 de Fútbol Profesional,M,PER,2021,1st,Torneo Clausura,4,Wed,2021-08-04,19:30,Alianza Lima,2.0,Cantolao,1.0,,Estadio de la Universidad Nacional Mayor...,Luis Garay Evia,,https://fbref.com/en/matches/27019d28/Alianza-Lima-Cantolao-August-4-2021-Liga-1
Liga 1 de Fútbol Profesional,M,PER,2021,1st,Torneo Clausura,5,Fri,2021-08-06,11:00,Dep Municipal,0.0,Ayacucho,1.0,,Estadio Alejandro Villanueva,Michael Espinoza,,https://fbref.com/en/matches/88aa1577/Deportivo-Municipal-Ayacucho-August-6-2021-Liga-1
Liga 1 de Fútbol Profesional,M,PER,2021,1st,Torneo Clausura,5,Fri,2021-08-06,15:30,Sport Huancayo,1.0,Sporting Cristal,2.0,,Estadio Alejandro Villanueva,Fernando Legario,,https://fbref.com/en/matches/0c5f5a4f/Sport-Huancayo-Sporting-Cristal-August-6-2021-Liga-1
Liga 1 de Fútbol Profesional,M,PER,2021,1st,Torneo Clausura,5,Sat,2021-08-07,13:15,Binacional,1.0,UTC,0.0,,Estadio Miguel Grau del Callao,Edwin Ordóñez,,https://fbref.com/en/matches/261b9dc8/Binacional-Universidad-Tecnica-de-Cajamarca-August-7-2021-Liga-1
Liga 1 de Fútbol Profesional,M,PER,2021,1st,Torneo Clausura,5,Sat,2021-08-07,15:30,U César Vallejo,0.0,Mannucci,1.0,,Estadio Monumental,Roberto Pérez,,https://fbref.com/en/matches/3cd4b09f/Universidad-Cesar-Vallejo-Carlos-A-Mannucci-August-7-2021-Liga-1
Liga 1 de Fútbol Profesional,M,PER,2021,1st,Torneo Clausura,5,Sun,2021-08-08,11:00,Cusco,3.0,Alianza Atlético,0.0,,Estadio Alberto Gallardo,Augusto Menéndez,,https://fbref.com/en/matches/1782fa2f/Cusco-Alianza-Atletico-August-8-2021-Liga-1
Liga 1 de Fútbol Profesional,M,PER,2021,1st,Torneo Clausura,5,Sun,2021-08-08,13:15,Cantolao,0.0,Sport Boys,2.0,,Estadio Iván Elías Moreno,Pablo López,,https://fbref.com/en/matches/dafbe35e/Cantolao-Sport-Boys-August-8-2021-Liga-1
Liga 1 de Fútbol Profesional,M,PER,2021,1st,Torneo Clausura,5,Sun,2021-08-08,15:30,USMP,0.0,Alianza Lima,2.0,,Estadio Alberto Gallardo,Jonathan Zamora,,https://fbref.com/en/matches/3136859c/Universidad-San-Martin-Alianza-Lima-August-8-2021-Liga-1
Liga 1 de Fútbol Profesional,M,PER,2021,1st,Torneo Clausura,5,Mon,2021-08-09,13:15,Universitario,3.0,Cienciano,1.0,,Estadio Miguel Grau del Callao,Joel Alarcón,,https://fbref.com/en/matches/a79c0c76/Universitario-Cienciano-August-9-2021-Liga-1
Liga 1 de Fútbol Profesional,M,PER,2021,1st,Torneo Clausura,5,Mon,2021-08-09,15:30,Melgar,3.0,Alianza Univ,0.0,,Estadio Iván Elías Moreno,Luis Garay Evia,,https://fbref.com/en/matches/5aef7528/Melgar-Alianza-Universidad-August-9-2021-Liga-1
Liga 1 de Fútbol Profesional,M,PER,2021,1st,Torneo Clausura,6,Fri,2021-08-13,11:00,UTC,2.0,Cusco,1.0,,Estadio Monumental,Fernando Legario,,https://fbref.com/en/matches/a1988297/Universidad-Tecnica-de-Cajamarca-Cusco-August-13-2021-Liga-1
Liga 1 de Fútbol Profesional,M,PER,2021,1st,Torneo Clausura,6,Fri,2021-08-13,13:15,Alianza Atlético,3.0,Melgar,3.0,,Estadio Alejandro Villanueva,Jesús Cartagena,,https://fbref.com/en/matches/6718c752/Alianza-Atletico-Melgar-August-13-2021-Liga-1
Liga 1 de Fútbol Profesional,M,PER,2021,1st,Torneo Clausura,6,Fri,2021-08-13,15:30,Mannucci,3.0,Binacional,1.0,,Estadio Monumental,Augusto Menéndez,,https://fbref.com/en/matches/e0eabd7a/Carlos-A-Mannucci-Binacional-August-13-2021-Liga-1
Liga 1 de Fútbol Profesional,M,PER,2021,1st,Torneo Clausura,6,Sat,2021-08-14,11:00,Sporting Cristal,0.0,U César Vallejo,1.0,,Estadio Miguel Grau del Callao,Michael Espinoza,,https://fbref.com/en/matches/b0fe9ab5/Sporting-Cristal-Universidad-Cesar-Vallejo-August-14-2021-Liga-1
Liga 1 de Fútbol Profesional,M,PER,2021,1st,Torneo Clausura,6,Sat,2021-08-14,13:15,Ayacucho,1.0,Universitario,1.0,,Estadio Iván Elías Moreno,Luis Garay Evia,,https://fbref.com/en/matches/0a360dee/Ayacucho-Universitario-August-14-2021-Liga-1
Liga 1 de Fútbol Profesional,M,PER,2021,1st,Torneo Clausura,6,Sat,2021-08-14,15:30,Alianza Lima,1.0,Dep Municipal,0.0,,Estadio Miguel Grau del Callao,Roberto Pérez,,https://fbref.com/en/matches/0f8eaf48/Alianza-Lima-Deportivo-Municipal-August-14-2021-Liga-1
Liga 1 de Fútbol Profesional,M,PER,2021,1st,Torneo Clausura,6,Sat,2021-08-14,18:00,Cienciano,0.0,Sport Huancayo,0.0,,Estadio Alejandro Villanueva,Edwin Ordóñez,,https://fbref.com/en/matches/30b49003/Cienciano-Sport-Huancayo-August-14-2021-Liga-1
Liga 1 de Fútbol Profesional,M,PER,2021,1st,Torneo Clausura,6,Sun,2021-08-15,11:00,Alianza Univ,0.0,Cantolao,3.0,,Estadio Alberto Gallardo,Hibert Villegas,,https://fbref.com/en/matches/061f8002/Alianza-Universidad-Cantolao-August-15-2021-Liga-1
Liga 1 de Fútbol Profesional,M,PER,2021,1st,Torneo Clausura,6,Sun,2021-08-15,15:30,Sport Boys,2.0,USMP,0.0,,Estadio Alberto Gallardo,David Huaman,,https://fbref.com/en/matches/cec629c1/Sport-Boys-Universidad-San-Martin-August-15-2021-Liga-1
Liga 1 de Fútbol Profesional,M,PER,2021,1st,Torneo Clausura,7,Tue,2021-08-17,11:00,Cusco,2.0,Mannucci,3.0,,Estadio Miguel Grau del Callao,Joel Alarcón,,https://fbref.com/en/matches/11485d09/Cusco-Carlos-A-Mannucci-August-17-2021-Liga-1
Liga 1 de Fútbol Profesional,M,PER,2021,1st,Torneo Clausura,7,Tue,2021-08-17,13:15,U César Vallejo,0.0,Cienciano,1.0,,Estadio Iván Elías Moreno,Hibert Villegas,,https://fbref.com/en/matches/24f1a234/Universidad-Cesar-Vallejo-Cienciano-August-17-2021-Liga-1
Liga 1 de Fútbol Profesional,M,PER,2021,1st,Torneo Clausura,7,Tue,2021-08-17,15:30,Melgar,0.0,UTC,1.0,,Estadio Miguel Grau del Callao,Luis Seminario,,https://fbref.com/en/matches/4c02b447/Melgar-Universidad-Tecnica-de-Cajamarca-August-17-2021-Liga-1
Liga 1 de Fútbol Profesional,M,PER,2021,1st,Torneo Clausura,7,Wed,2021-08-18,13:00,Sport Huancayo,1.0,Ayacucho,1.0,,Estadio Alberto Gallardo,David Huaman,,https://fbref.com/en/matches/c1c960d9/Sport-Huancayo-Ayacucho-August-18-2021-Liga-1
Liga 1 de Fútbol Profesional,M,PER,2021,1st,Torneo Clausura,7,Wed,2021-08-18,19:30,Universitario,1.0,Alianza Lima,2.0,,Estadio Nacional,Augusto Menéndez,,https://fbref.com/en/matches/260b4223/Universitario-Alianza-Lima-August-18-2021-Liga-1
Liga 1 de Fútbol Profesional,M,PER,2021,1st,Torneo Clausura,7,Thu,2021-08-19,11:00,Alianza Atlético,1.0,Alianza Univ,2.0,,Estadio Monumental,Michael Espinoza,,https://fbref.com/en/matches/e3a2ec52/Alianza-Atletico-Alianza-Universidad-August-19-2021-Liga-1
Liga 1 de Fútbol Profesional,M,PER,2021,1st,Torneo Clausura,7,Thu,2021-08-19,15:30,USMP,0.0,Cantolao,2.0,,Estadio Monumental,Luis Garay Evia,,https://fbref.com/en/matches/9452cab2/Universidad-San-Martin-Cantolao-August-19-2021-Liga-1
Liga 1 de Fútbol Profesional,M,PER,2021,1st,Torneo Clausura,8,Sat,2021-08-21,15:30,Mannucci,1.0,Melgar,2.0,,Estadio Alberto Gallardo,Roberto Pérez,,https://fbref.com/en/matches/44b5b111/Carlos-A-Mannucci-Melgar-August-21-2021-Liga-1
Liga 1 de Fútbol Profesional,M,PER,2021,1st,Torneo Clausura,8,Sun,2021-08-22,11:00,Cienciano,2.0,Binacional,0.0,,Estadio Iván Elías Moreno,Kevin Ortega,,https://fbref.com/en/matches/ef0dc892/Cienciano-Binacional-August-22-2021-Liga-1
Liga 1 de Fútbol Profesional,M,PER,2021,1st,Torneo Clausura,8,Sun,2021-08-22,13:15,Ayacucho,2.0,U César Vallejo,1.0,,Estadio Alejandro Villanueva,Edwin Ordóñez,,https://fbref.com/en/matches/aad9c681/Ayacucho-Universidad-Cesar-Vallejo-August-22-2021-Liga-1
Liga 1 de Fútbol Profesional,M,PER,2021,1st,Torneo Clausura,8,Sun,2021-08-22,15:30,Sport Boys,0.0,Universitario,0.0,,Estadio Iván Elías Moreno,Michael Espinoza,,https://fbref.com/en/matches/08c9c212/Sport-Boys-Universitario-August-22-2021-Liga-1
Liga 1 de Fútbol Profesional,M,PER,2021,1st,Torneo Clausura,8,Sun,2021-08-22,18:00,Sporting Cristal,4.0,Cusco,1.0,,Estadio Alejandro Villanueva,Fernando Legario,,https://fbref.com/en/matches/e6483380/Sporting-Cristal-Cusco-August-22-2021-Liga-1
Liga 1 de Fútbol Profesional,M,PER,2021,1st,Torneo Clausura,8,Mon,2021-08-23,11:00,Alianza Univ,1.0,USMP,1.0,,Estadio Alberto Gallardo,Pablo López,,https://fbref.com/en/matches/6e5df7c6/Alianza-Universidad-Universidad-San-Martin-August-23-2021-Liga-1
Liga 1 de Fútbol Profesional,M,PER,2021,1st,Torneo Clausura,8,Mon,2021-08-23,13:15,UTC,3.0,Alianza Atlético,1.0,,Estadio Miguel Grau,Diego Haro,,https://fbref.com/en/matches/7180b10f/Universidad-Tecnica-de-Cajamarca-Alianza-Atletico-August-23-2021-Liga-1
Liga 1 de Fútbol Profesional,M,PER,2021,1st,Torneo Clausura,8,Mon,2021-08-23,15:30,Alianza Lima,1.0,Sport Huancayo,1.0,,Estadio Alberto Gallardo,Joel Alarcón,,https://fbref.com/en/matches/bb51d110/Alianza-Lima-Sport-Huancayo-August-23-2021-Liga-1
Liga 1 de Fútbol Profesional,M,PER,2021,1st,Torneo Clausura,8,Mon,2021-08-23,18:00,Cantolao,2.0,Dep Municipal,1.0,,Estadio Alejandro Villanueva,Augusto Menéndez,,https://fbref.com/en/matches/0f439b9f/Cantolao-Deportivo-Municipal-August-23-2021-Liga-1
Liga 1 de Fútbol Profesional,M,PER,2021,1st,Torneo Clausura,9,Fri,2021-08-27,11:00,Binacional,3.0,Ayacucho,1.0,,Estadio Alejandro Villanueva,Joel Alarcón,,https://fbref.com/en/matches/05baac47/Binacional-Ayacucho-August-27-2021-Liga-1
Liga 1 de Fútbol Profesional,M,PER,2021,1st,Torneo Clausura,9,Fri,2021-08-27,13:15,Melgar,0.0,Sporting Cristal,1.0,,Estadio Miguel Grau del Callao,Diego Haro,,https://fbref.com/en/matches/b45f077b/Melgar-Sporting-Cristal-August-27-2021-Liga-1
Liga 1 de Fútbol Profesional,M,PER,2021,1st,Torneo Clausura,9,Fri,2021-08-27,15:30,Cusco,2.0,Cienciano,2.0,,Estadio Alejandro Villanueva,Michael Espinoza,,https://fbref.com/en/matches/8fdcf495/Cusco-Cienciano-August-27-2021-Liga-1
Liga 1 de Fútbol Profesional,M,PER,2021,1st,Torneo Clausura,9,Sat,2021-08-28,11:00,Alianza Atlético,2.0,Mannucci,0.0,,Estadio Iván Elías Moreno,Alejandro Villanueva,,https://fbref.com/en/matches/74b8799f/Alianza-Atletico-Carlos-A-Mannucci-August-28-2021-Liga-1
Liga 1 de Fútbol Profesional,M,PER,2021,1st,Torneo Clausura,9,Sat,2021-08-28,13:15,UTC,1.0,Alianza Univ,0.0,,Estadio Monumental,Luis Garay Evia,,https://fbref.com/en/matches/ce154739/Universidad-Tecnica-de-Cajamarca-Alianza-Universidad-August-28-2021-Liga-1
Liga 1 de Fútbol Profesional,M,PER,2021,1st,Torneo Clausura,9,Sat,2021-08-28,15:30,Universitario,2.0,Cantolao,2.0,,Estadio Iván Elías Moreno,Fernando Legario,,https://fbref.com/en/matches/e8747769/Universitario-Cantolao-August-28-2021-Liga-1
Liga 1 de Fútbol Profesional,M,PER,2021,1st,Torneo Clausura,9,Sun,2021-08-29,11:00,Sport Huancayo,1.0,Sport Boys,1.0,,Estadio Alberto Gallardo,Roberto Pérez,,https://fbref.com/en/matches/825dcf73/Sport-Huancayo-Sport-Boys-August-29-2021-Liga-1
Liga 1 de Fútbol Profesional,M,PER,2021,1st,Torneo Clausura,9,Sun,2021-08-29,13:15,Dep Municipal,2.0,USMP,0.0,,Estadio Miguel Grau del Callao,Luis Seminario,,https://fbref.com/en/matches/a9843ab3/Deportivo-Municipal-Universidad-San-Martin-August-29-2021-Liga-1
Liga 1 de Fútbol Profesional,M,PER,2021,1st,Torneo Clausura,9,Sun,2021-08-29,15:30,U César Vallejo,0.0,Alianza Lima,1.0,,Estadio Alberto Gallardo,Kevin Ortega,,https://fbref.com/en/matches/ba7b61bf/Universidad-Cesar-Vallejo-Alianza-Lima-August-29-2021-Liga-1
Liga 1 de Fútbol Profesional,M,PER,2021,1st,Torneo Clausura,7,Fri,2021-09-03,11:30,Dep Municipal,0.0,Sport Boys,1.0,,Estadio Alejandro Villanueva,Edwin Ordóñez,,https://fbref.com/en/matches/34eb8178/Deportivo-Municipal-Sport-Boys-September-3-2021-Liga-1
Liga 1 de Fútbol Profesional,M,PER,2021,1st,Torneo Clausura,2,Fri,2021-09-03,15:30,Sporting Cristal,1.0,USMP,1.0,,Estadio Alberto Gallardo,Kevin Ortega,,https://fbref.com/en/matches/b1b2c47d/Sporting-Cristal-Universidad-San-Martin-September-3-2021-Liga-1
Liga 1 de Fútbol Profesional,M,PER,2021,1st,Torneo Clausura,10,Sat,2021-09-11,11:00,Cantolao,0.0,Sport Huancayo,0.0,,Estadio Monumental,Joel Alarcón,,https://fbref.com/en/matches/70da3af0/Cantolao-Sport-Huancayo-September-11-2021-Liga-1
Liga 1 de Fútbol Profesional,M,PER,2021,1st,Torneo Clausura,10,Sat,2021-09-11,13:15,Ayacucho,1.0,Cusco,3.0,,Estadio Iván Elías Moreno,Micke Palomino,,https://fbref.com/en/matches/ba27df70/Ayacucho-Cusco-September-11-2021-Liga-1
Liga 1 de Fútbol Profesional,M,PER,2021,1st,Torneo Clausura,10,Sat,2021-09-11,15:30,Alianza Univ,0.0,Dep Municipal,3.0,,Estadio Monumental,Alejandro Villanueva,,https://fbref.com/en/matches/d42eda11/Alianza-Universidad-Deportivo-Municipal-September-11-2021-Liga-1
Liga 1 de Fútbol Profesional,M,PER,2021,1st,Torneo Clausura,10,Sun,2021-09-12,11:00,Mannucci,1.0,UTC,3.0,,Estadio Miguel Grau del Callao,Luis Seminario,,https://fbref.com/en/matches/bbae009d/Carlos-A-Mannucci-Universidad-Tecnica-de-Cajamarca-September-12-2021-Liga-1
Liga 1 de Fútbol Profesional,M,PER,2021,1st,Torneo Clausura,10,Sun,2021-09-12,13:15,Alianza Lima,3.0,Binacional,2.0,,Estadio Iván Elías Moreno,Augusto Menéndez,,https://fbref.com/en/matches/ffaf44f8/Alianza-Lima-Binacional-September-12-2021-Liga-1
Liga 1 de Fútbol Profesional,M,PER,2021,1st,Torneo Clausura,10,Sun,2021-09-12,15:30,Sporting Cristal,5.0,Alianza Atlético,2.0,,Estadio Miguel Grau del Callao,Luis Garay Evia,,https://fbref.com/en/matches/3703f260/Sporting-Cristal-Alianza-Atletico-September-12-2021-Liga-1
Liga 1 de Fútbol Profesional,M,PER,2021,1st,Torneo Clausura,10,Sun,2021-09-12,18:00,Cienciano,0.0,Melgar,1.0,,Estadio Alejandro Villanueva,Edwin Ordóñez,,https://fbref.com/en/matches/5d1e6bf0/Cienciano-Melgar-September-12-2021-Liga-1
Liga 1 de Fútbol Profesional,M,PER,2021,1st,Torneo Clausura,10,Mon,2021-09-13,13:15,Sport Boys,2.0,U César Vallejo,2.0,,Estadio Alejandro Villanueva,Jesús Cartagena,,https://fbref.com/en/matches/ebafbf1d/Sport-Boys-Universidad-Cesar-Vallejo-September-13-2021-Liga-1
Liga 1 de Fútbol Profesional,M,PER,2021,1st,Torneo Clausura,10,Mon,2021-09-13,15:30,USMP,0.0,Universitario,2.0,,Estadio Alberto Gallardo,Diego Haro,,https://fbref.com/en/matches/184c4f36/Universidad-San-Martin-Universitario-September-13-2021-Liga-1
Liga 1 de Fútbol Profesional,M,PER,2021,1st,Torneo Clausura,11,Fri,2021-09-17,11:00,Alianza Atlético,2.0,Cienciano,2.0,,Estadio Alberto Gallardo,José Mendoza,,https://fbref.com/en/matches/7ba4663e/Alianza-Atletico-Cienciano-September-17-2021-Liga-1
Liga 1 de Fútbol Profesional,M,PER,2021,1st,Torneo Clausura,11,Fri,2021-09-17,13:15,UTC,1.0,Sporting Cristal,6.0,,Estadio Iván Elías Moreno,Jesús Cartagena,,https://fbref.com/en/matches/1e4202a7/Universidad-Tecnica-de-Cajamarca-Sporting-Cristal-September-17-2021-Liga-1
Liga 1 de Fútbol Profesional,M,PER,2021,1st,Torneo Clausura,11,Fri,2021-09-17,15:30,Cusco,0.0,Alianza Lima,2.0,,Estadio Alberto Gallardo,Roberto Pérez,,https://fbref.com/en/matches/a2aa41e5/Cusco-Alianza-Lima-September-17-2021-Liga-1
Liga 1 de Fútbol Profesional,M,PER,2021,1st,Torneo Clausura,11,Fri,2021-09-17,18:00,Melgar,1.0,Ayacucho,1.0,,Estadio Alejandro Villanueva,Augusto Menéndez,,https://fbref.com/en/matches/c87f47bc/Melgar-Ayacucho-September-17-2021-Liga-1
Liga 1 de Fútbol Profesional,M,PER,2021,1st,Torneo Clausura,11,Sat,2021-09-18,11:00,Mannucci,1.0,Alianza Univ,1.0,,Estadio Monumental,Diego Haro,,https://fbref.com/en/matches/a58ca394/Carlos-A-Mannucci-Alianza-Universidad-September-18-2021-Liga-1
Liga 1 de Fútbol Profesional,M,PER,2021,1st,Torneo Clausura,11,Sat,2021-09-18,13:15,U César Vallejo,0.0,Cantolao,0.0,,Estadio Iván Elías Moreno,Jonathan Zamora,,https://fbref.com/en/matches/596ddc14/Universidad-Cesar-Vallejo-Cantolao-September-18-2021-Liga-1
Liga 1 de Fútbol Profesional,M,PER,2021,1st,Torneo Clausura,11,Sat,2021-09-18,15:30,Binacional,1.0,Sport Boys,2.0,,Estadio Monumental,Edwin Ordóñez,,https://fbref.com/en/matches/a281dd23/Binacional-Sport-Boys-September-18-2021-Liga-1
Liga 1 de Fútbol Profesional,M,PER,2021,1st,Torneo Clausura,11,Sun,2021-09-19,11:00,Sport Huancayo,3.0,USMP,1.0,,Estadio Miguel Grau del Callao,Jordy Espinoza,,https://fbref.com/en/matches/1a5b163c/Sport-Huancayo-Universidad-San-Martin-September-19-2021-Liga-1
Liga 1 de Fútbol Profesional,M,PER,2021,1st,Torneo Clausura,11,Sun,2021-09-19,15:30,Universitario,0.0,Dep Municipal,2.0,,Estadio Miguel Grau del Callao,Michael Espinoza,,https://fbref.com/en/matches/a2b04920/Universitario-Deportivo-Municipal-September-19-2021-Liga-1
Liga 1 de Fútbol Profesional,M,PER,2021,1st,Torneo Clausura,12,Tue,2021-09-21,11:00,Cienciano,2.0,UTC,2.0,,Estadio Monumental,Jonathan Zamora,,https://fbref.com/en/matches/28407df7/Cienciano-Universidad-Tecnica-de-Cajamarca-September-21-2021-Liga-1
Liga 1 de Fútbol Profesional,M,PER,2021,1st,Torneo Clausura,12,Tue,2021-09-21,15:30,Ayacucho,0.0,Alianza Atlético,1.0,,Estadio Monumental,Alejandro Villanueva,,https://fbref.com/en/matches/2d03b12b/Ayacucho-Alianza-Atletico-September-21-2021-Liga-1
Liga 1 de Fútbol Profesional,M,PER,2021,1st,Torneo Clausura,12,Wed,2021-09-22,11:00,Sport Boys,3.0,Cusco,2.0,,Estadio Iván Elías Moreno,Hibert Villegas,,https://fbref.com/en/matches/5d1eb12d/Sport-Boys-Cusco-September-22-2021-Liga-1
Liga 1 de Fútbol Profesional,M,PER,2021,1st,Torneo Clausura,12,Wed,2021-09-22,13:15,Alianza Lima,1.0,Melgar,0.0,,Estadio Alberto Gallardo,Fernando Legario,,https://fbref.com/en/matches/f524358d/Alianza-Lima-Melgar-September-22-2021-Liga-1
Liga 1 de Fútbol Profesional,M,PER,2021,1st,Torneo Clausura,12,Wed,2021-09-22,15:30,Sporting Cristal,1.0,Mannucci,3.0,,Estadio Iván Elías Moreno,Michael Espinoza,,https://fbref.com/en/matches/0669bfba/Sporting-Cristal-Carlos-A-Mannucci-September-22-2021-Liga-1
Liga 1 de Fútbol Profesional,M,PER,2021,1st,Torneo Clausura,12,Thu,2021-09-23,11:00,Dep Municipal,2.0,Sport Huancayo,2.0,,Estadio Alberto Gallardo,Jesús Cartagena,,https://fbref.com/en/matches/024834b8/Deportivo-Municipal-Sport-Huancayo-September-23-2021-Liga-1
Liga 1 de Fútbol Profesional,M,PER,2021,1st,Torneo Clausura,12,Thu,2021-09-23,13:15,Cantolao,1.0,Binacional,2.0,,Estadio Iván Elías Moreno,Augusto Menéndez,,https://fbref.com/en/matches/1389a346/Cantolao-Binacional-September-23-2021-Liga-1
Liga 1 de Fútbol Profesional,M,PER,2021,1st,Torneo Clausura,12,Thu,2021-09-23,15:30,Alianza Univ,0.0,Universitario,4.0,,Estadio Alberto Gallardo,Roberto Pérez,,https://fbref.com/en/matches/2e394bf2/Alianza-Universidad-Universitario-September-23-2021-Liga-1
Liga 1 de Fútbol Profesional,M,PER,2021,1st,Torneo Clausura,12,Thu,2021-09-23,18:00,USMP,0.0,U César Vallejo,1.0,,Estadio Alejandro Villanueva,Luis Garay Evia,,https://fbref.com/en/matches/751f6156/Universidad-San-Martin-Universidad-Cesar-Vallejo-September-23-2021-Liga-1
Liga 1 de Fútbol Profesional,M,PER,2021,1st,Torneo Clausura,13,Sat,2021-09-25,11:00,UTC,0.0,Ayacucho,2.0,,Estadio Iván Elías Moreno,Edwin Ordóñez,,https://fbref.com/en/matches/8c262ec5/Universidad-Tecnica-de-Cajamarca-Ayacucho-September-25-2021-Liga-1
Liga 1 de Fútbol Profesional,M,PER,2021,1st,Torneo Clausura,13,Sat,2021-09-25,13:15,Mannucci,1.0,Cienciano,3.0,,Estadio Monumental,Roberto Pérez,,https://fbref.com/en/matches/979d162e/Carlos-A-Mannucci-Cienciano-September-25-2021-Liga-1
Liga 1 de Fútbol Profesional,M,PER,2021,1st,Torneo Clausura,13,Sat,2021-09-25,15:30,Alianza Atlético,1.0,Alianza Lima,3.0,,Estadio Iván Elías Moreno,Augusto Menéndez,,https://fbref.com/en/matches/a9e86c2f/Alianza-Atletico-Alianza-Lima-September-25-2021-Liga-1
Liga 1 de Fútbol Profesional,M,PER,2021,1st,Torneo Clausura,13,Sun,2021-09-26,11:00,U César Vallejo,2.0,Dep Municipal,0.0,,Estadio Miguel Grau del Callao,Fernando Legario,,https://fbref.com/en/matches/b44330a2/Universidad-Cesar-Vallejo-Deportivo-Municipal-September-26-2021-Liga-1
Liga 1 de Fútbol Profesional,M,PER,2021,1st,Torneo Clausura,13,Sun,2021-09-26,13:15,Melgar,1.0,Sport Boys,0.0,,Estadio Monumental,David Huaman,,https://fbref.com/en/matches/8f940094/Melgar-Sport-Boys-September-26-2021-Liga-1
Liga 1 de Fútbol Profesional,M,PER,2021,1st,Torneo Clausura,13,Sun,2021-09-26,15:30,Sport Huancayo,1.0,Universitario,3.0,,Estadio Miguel Grau del Callao,Luis Garay Evia,,https://fbref.com/en/matches/2849bcc9/Sport-Huancayo-Universitario-September-26-2021-Liga-1
Liga 1 de Fútbol Profesional,M,PER,2021,1st,Torneo Clausura,13,Sun,2021-09-26,18:00,Alianza Univ,1.0,Sporting Cristal,2.0,,Estadio Alejandro Villanueva,Jonathan Zamora,,https://fbref.com/en/matches/45d4c7a0/Alianza-Universidad-Sporting-Cristal-September-26-2021-Liga-1
Liga 1 de Fútbol Profesional,M,PER,2021,1st,Torneo Clausura,13,Mon,2021-09-27,11:00,Cusco,3.0,Cantolao,2.0,,Estadio Alberto Gallardo,Pablo López,,https://fbref.com/en/matches/8a857660/Cusco-Cantolao-September-27-2021-Liga-1
Liga 1 de Fútbol Profesional,M,PER,2021,1st,Torneo Clausura,13,Mon,2021-09-27,15:30,Binacional,1.0,USMP,0.0,,Estadio Alberto Gallardo,Hibert Villegas,,https://fbref.com/en/matches/c69be86d/Binacional-Universidad-San-Martin-September-27-2021-Liga-1
Liga 1 de Fútbol Profesional,M,PER,2021,1st,Torneo Clausura,14,Fri,2021-10-01,10:30,Ayacucho,3.0,Mannucci,2.0,,Estadio de la Universidad Nacional Mayor...,Pablo López,,https://fbref.com/en/matches/88cc9053/Ayacucho-Carlos-A-Mannucci-October-1-2021-Liga-1
Liga 1 de Fútbol Profesional,M,PER,2021,1st,Torneo Clausura,14,Fri,2021-10-01,13:00,Sport Boys,3.0,Alianza Atlético,1.0,,Estadio de la Universidad Nacional Mayor...,Luis Seminario,,https://fbref.com/en/matches/200cd2f3/Sport-Boys-Alianza-Atletico-October-1-2021-Liga-1
Liga 1 de Fútbol Profesional,M,PER,2021,1st,Torneo Clausura,14,Fri,2021-10-01,15:30,Cienciano,2.0,Sporting Cristal,1.0,,Estadio de la Universidad Nacional Mayor...,Jordy Espinoza,,https://fbref.com/en/matches/50eba374/Cienciano-Sporting-Cristal-October-1-2021-Liga-1
Liga 1 de Fútbol Profesional,M,PER,2021,1st,Torneo Clausura,14,Sat,2021-10-02,10:30,Sport Huancayo,4.0,Alianza Univ,3.0,,Estadio de la Universidad Nacional Mayor...,Fernando Legario,,https://fbref.com/en/matches/d264f9a5/Sport-Huancayo-Alianza-Universidad-October-2-2021-Liga-1
Liga 1 de Fútbol Profesional,M,PER,2021,1st,Torneo Clausura,14,Sat,2021-10-02,13:00,Dep Municipal,1.0,Binacional,2.0,,Estadio de la Universidad Nacional Mayor...,Augusto Menéndez,,https://fbref.com/en/matches/e94f7ea7/Deportivo-Municipal-Binacional-October-2-2021-Liga-1
Liga 1 de Fútbol Profesional,M,PER,2021,1st,Torneo Clausura,14,Sat,2021-10-02,15:30,Alianza Lima,2.0,UTC,0.0,,Estadio de la Universidad Nacional Mayor...,Micke Palomino,,https://fbref.com/en/matches/c7d99466/Alianza-Lima-Universidad-Tecnica-de-Cajamarca-October-2-2021-Liga-1
Liga 1 de Fútbol Profesional,M,PER,2021,1st,Torneo Clausura,14,Sun,2021-10-03,10:30,USMP,1.0,Cusco,1.0,,Estadio de la Universidad Nacional Mayor...,David Huaman,,https://fbref.com/en/matches/d9b265ca/Universidad-San-Martin-Cusco-October-3-2021-Liga-1
Liga 1 de Fútbol Profesional,M,PER,2021,1st,Torneo Clausura,14,Sun,2021-10-03,13:00,Cantolao,0.0,Melgar,2.0,,Estadio de la Universidad Nacional Mayor...,Roberto Pérez,,https://fbref.com/en/matches/4bb1c84c/Cantolao-Melgar-October-3-2021-Liga-1
Liga 1 de Fútbol Profesional,M,PER,2021,1st,Torneo Clausura,14,Sun,2021-10-03,15:30,Universitario,3.0,U César Vallejo,0.0,,Estadio de la Universidad Nacional Mayor...,Víctor Carrillo,,https://fbref.com/en/matches/362f8721/Universitario-Universidad-Cesar-Vallejo-October-3-2021-Liga-1
Liga 1 de Fútbol Profesional,M,PER,2021,1st,Torneo Clausura,7,Fri,2021-10-08,15:30,Binacional,3.0,Sporting Cristal,4.0,,Estadio Guillermo Briceño Rosamedina,Jesús Cartagena,,https://fbref.com/en/matches/6a40251b/Binacional-Sporting-Cristal-October-8-2021-Liga-1
Liga 1 de Fútbol Profesional,M,PER,2021,1st,Torneo Clausura,15,Sat,2021-10-16,11:00,Alianza Atlético,3.0,Cantolao,1.0,,Estadio Iván Elías Moreno,Micke Palomino,,https://fbref.com/en/matches/c17edf4e/Alianza-Atletico-Cantolao-October-16-2021-Liga-1
Liga 1 de Fútbol Profesional,M,PER,2021,1st,Torneo Clausura,15,Sat,2021-10-16,13:15,UTC,1.0,Sport Boys,1.0,,Estadio Alberto Gallardo,Gean Pierre Barbagelatta,,https://fbref.com/en/matches/0a3f2ac7/Universidad-Tecnica-de-Cajamarca-Sport-Boys-October-16-2021-Liga-1
Liga 1 de Fútbol Profesional,M,PER,2021,1st,Torneo Clausura,15,Sat,2021-10-16,15:30,Mannucci,0.0,Alianza Lima,1.0,,Estadio Iván Elías Moreno,Luis Seminario,,https://fbref.com/en/matches/aa05eca9/Carlos-A-Mannucci-Alianza-Lima-October-16-2021-Liga-1
Liga 1 de Fútbol Profesional,M,PER,2021,1st,Torneo Clausura,15,Sun,2021-10-17,11:00,Melgar,6.0,USMP,0.0,,Estadio Monumental,Víctor Carrillo,,https://fbref.com/en/matches/589aecd9/Melgar-Universidad-San-Martin-October-17-2021-Liga-1
Liga 1 de Fútbol Profesional,M,PER,2021,1st,Torneo Clausura,15,Sun,2021-10-17,13:15,Alianza Univ,1.0,Cienciano,1.0,,Estadio Alberto Gallardo,Augusto Menéndez,,https://fbref.com/en/matches/9c721dd9/Alianza-Universidad-Cienciano-October-17-2021-Liga-1
Liga 1 de Fútbol Profesional,M,PER,2021,1st,Torneo Clausura,15,Sun,2021-10-17,15:30,Sporting Cristal,1.0,Ayacucho,0.0,,Estadio Monumental,Fernando Legario,,https://fbref.com/en/matches/7b22bc6b/Sporting-Cristal-Ayacucho-October-17-2021-Liga-1
Liga 1 de Fútbol Profesional,M,PER,2021,1st,Torneo Clausura,15,Mon,2021-10-18,11:00,Cusco,3.0,Dep Municipal,5.0,,Estadio Miguel Grau del Callao,Kevin Ortega,,https://fbref.com/en/matches/1da20e96/Cusco-Deportivo-Municipal-October-18-2021-Liga-1
Liga 1 de Fútbol Profesional,M,PER,2021,1st,Torneo Clausura,15,Mon,2021-10-18,13:15,Binacional,1.0,Universitario,2.0,,Estadio Alberto Gallardo,Edwin Ordóñez,,https://fbref.com/en/matches/405dbae7/Binacional-Universitario-October-18-2021-Liga-1
Liga 1 de Fútbol Profesional,M,PER,2021,1st,Torneo Clausura,15,Mon,2021-10-18,15:30,U César Vallejo,0.0,Sport Huancayo,0.0,,Estadio Miguel Grau del Callao,Roberto Pérez,,https://fbref.com/en/matches/92a789e9/Universidad-Cesar-Vallejo-Sport-Huancayo-October-18-2021-Liga-1
Liga 1 de Fútbol Profesional,M,PER,2021,1st,Torneo Clausura,16,Fri,2021-10-22,11:00,Cantolao,2.0,UTC,0.0,,Estadio Miguel Grau del Callao,Kevin Ortega,,https://fbref.com/en/matches/1f705e86/Cantolao-Universidad-Tecnica-de-Cajamarca-October-22-2021-Liga-1
Liga 1 de Fútbol Profesional,M,PER,2021,1st,Torneo Clausura,16,Fri,2021-10-22,13:15,Ayacucho,1.0,Cienciano,3.0,,Estadio Miguel Grau del Callao,Víctor Carrillo,,https://fbref.com/en/matches/9248ec39/Ayacucho-Cienciano-October-22-2021-Liga-1
Liga 1 de Fútbol Profesional,M,PER,2021,1st,Torneo Clausura,16,Fri,2021-10-22,15:30,Sport Boys,3.0,Mannucci,3.0,,Estadio Monumental,Fernando Legario,,https://fbref.com/en/matches/b889aa7d/Sport-Boys-Carlos-A-Mannucci-October-22-2021-Liga-1
Liga 1 de Fútbol Profesional,M,PER,2021,1st,Torneo Clausura,16,Sat,2021-10-23,11:00,Sport Huancayo,2.0,Binacional,0.0,,Estadio Alberto Gallardo,Joel Alarcón,,https://fbref.com/en/matches/620a4043/Sport-Huancayo-Binacional-October-23-2021-Liga-1
Liga 1 de Fútbol Profesional,M,PER,2021,1st,Torneo Clausura,16,Sat,2021-10-23,13:15,USMP,3.0,Alianza Atlético,1.0,,Estadio Alberto Gallardo,Edwin Ordóñez,,https://fbref.com/en/matches/d2ae9cfe/Universidad-San-Martin-Alianza-Atletico-October-23-2021-Liga-1
Liga 1 de Fútbol Profesional,M,PER,2021,1st,Torneo Clausura,16,Sat,2021-10-23,15:30,Universitario,2.0,Cusco,1.0,,Estadio Alberto Gallardo,Diego Haro,,https://fbref.com/en/matches/5c2b57d8/Universitario-Cusco-October-23-2021-Liga-1
Liga 1 de Fútbol Profesional,M,PER,2021,1st,Torneo Clausura,16,Sun,2021-10-24,11:00,Dep Municipal,1.0,Melgar,3.0,,Estadio Alberto Gallardo,Roberto Pérez,,https://fbref.com/en/matches/7c675ff7/Deportivo-Municipal-Melgar-October-24-2021-Liga-1
Liga 1 de Fútbol Profesional,M,PER,2021,1st,Torneo Clausura,16,Sun,2021-10-24,13:15,U César Vallejo,3.0,Alianza Univ,1.0,,Villa Deportiva Nacional,Michael Espinoza,,https://fbref.com/en/matches/7cb8858d/Universidad-Cesar-Vallejo-Alianza-Universidad-October-24-2021-Liga-1
Liga 1 de Fútbol Profesional,M,PER,2021,1st,Torneo Clausura,16,Sun,2021-10-24,15:30,Alianza Lima,1.0,Sporting Cristal,3.0,,Estadio Nacional,Micke Palomino,,https://fbref.com/en/matches/88ab6226/Alianza-Lima-Sporting-Cristal-October-24-2021-Liga-1
Liga 1 de Fútbol Profesional,M,PER,2021,1st,Torneo Clausura,17,Fri,2021-10-29,15:00,Cienciano,1.0,Alianza Lima,1.0,,Estadio Inca Garcilaso de la Vega,Gean Pierre Barbagelatta,,https://fbref.com/en/matches/e9a81243/Cienciano-Alianza-Lima-October-29-2021-Liga-1
Liga 1 de Fútbol Profesional,M,PER,2021,1st,Torneo Clausura,17,Sat,2021-10-30,15:00,Sporting Cristal,1.0,Sport Boys,1.0,,Estadio Alberto Gallardo,Luis Seminario,,https://fbref.com/en/matches/076a0f33/Sporting-Cristal-Sport-Boys-October-30-2021-Liga-1
Liga 1 de Fútbol Profesional,M,PER,2021,1st,Torneo Clausura,17,Sat,2021-10-30,15:00,Cusco,2.0,Sport Huancayo,1.0,,Estadio Inca Garcilaso de la Vega,Roberto Pérez,,https://fbref.com/en/matches/07f8e82e/Cusco-Sport-Huancayo-October-30-2021-Liga-1
Liga 1 de Fútbol Profesional,M,PER,2021,1st,Torneo Clausura,17,Sat,2021-10-30,15:00,Mannucci,1.0,Cantolao,0.0,,Estadio Mansiche,Michael Espinoza,,https://fbref.com/en/matches/65b649f2/Carlos-A-Mannucci-Cantolao-October-30-2021-Liga-1
Liga 1 de Fútbol Profesional,M,PER,2021,1st,Torneo Clausura,17,Sat,2021-10-30,15:00,Alianza Atlético,0.0,Dep Municipal,2.0,,Estadio Municipal Melanio Coloma Calderó...,David Huaman,,https://fbref.com/en/matches/74b73613/Alianza-Atletico-Deportivo-Municipal-October-30-2021-Liga-1
Liga 1 de Fútbol Profesional,M,PER,2021,1st,Torneo Clausura,17,Sat,2021-10-30,15:00,Binacional,0.0,U César Vallejo,0.0,,Estadio Guillermo Briceño Rosamedina,Edwin Ordóñez,,https://fbref.com/en/matches/c38b579c/Binacional-Universidad-Cesar-Vallejo-October-30-2021-Liga-1
Liga 1 de Fútbol Profesional,M,PER,2021,1st,Torneo Clausura,17,Sat,2021-10-30,15:00,Alianza Univ,1.0,Ayacucho,2.0,,Estadio Heraclio Tapia León,Diego Haro,,https://fbref.com/en/matches/db2031f1/Alianza-Universidad-Ayacucho-October-30-2021-Liga-1
Liga 1 de Fútbol Profesional,M,PER,2021,1st,Torneo Clausura,17,Sat,2021-10-30,15:00,UTC,4.0,USMP,0.0,,Estadio Héroes de San Ramón,Micke Palomino,,https://fbref.com/en/matches/dcc45837/Universidad-Tecnica-de-Cajamarca-Universidad-San-Martin-October-30-2021-Liga-1
Liga 1 de Fútbol Profesional,M,PER,2021,1st,Torneo Clausura,17,Sun,2021-10-31,15:30,Melgar,1.0,Universitario,2.0,,Estadio de la Universidad Nacional San A...,Joel Alarcón,,https://fbref.com/en/matches/7557327d/Melgar-Universitario-October-31-2021-Liga-1
Liga 1 de Fútbol Profesional,M,PER,2021,1st,Finals,,Sun,2021-11-21,15:00,Alianza Lima,1.0,Sporting Cristal,0.0,,Estadio Nacional,Diego Haro,Leg 1 of 2,https://fbref.com/en/matches/1d87e892/Alianza-Lima-Sporting-Cristal-November-21-2021-Liga-1
Liga 1 de Fútbol Profesional,M,PER,2021,1st,Finals,,Sun,2021-11-28,15:00,Sporting Cristal,0.0,Alianza Lima,0.0,,Estadio Nacional,Kevin Ortega,Leg 2 of 2; Alianza Lima won,https://fbref.com/en/matches/1f0eca1f/Sporting-Cristal-Alianza-Lima-November-28-2021-Liga-1
Liga 1 de Fútbol Profesional,M,PER,2022,1st,Torneo Apertura,1,Fri,2022-02-04,13:15,U César Vallejo,0.0,Cienciano,0.0,,Villa Deportiva Nacional,Wilfredo Blas,,https://fbref.com/en/matches/b7e54be7/Universidad-Cesar-Vallejo-Cienciano-February-4-2022-Liga-1
Liga 1 de Fútbol Profesional,M,PER,2022,1st,Torneo Apertura,1,Fri,2022-02-04,15:30,UTC,2.0,Sport Boys,1.0,,Estadio Héroes de San Ramón,Kevin Ortega,,https://fbref.com/en/matches/951144e6/Universidad-Tecnica-de-Cajamarca-Sport-Boys-February-4-2022-Liga-1
Liga 1 de Fútbol Profesional,M,PER,2022,1st,Torneo Apertura,1,Fri,2022-02-04,19:00,Alianza Lima,1.0,Atlético Grau,1.0,,Estadio Alejandro Villanueva,Michael Espinoza,,https://fbref.com/en/matches/f47c5cff/Alianza-Lima-Atletico-Grau-February-4-2022-Liga-1
Liga 1 de Fútbol Profesional,M,PER,2022,1st,Torneo Apertura,1,Sat,2022-02-05,13:15,Dep Municipal,3.0,Ayacucho,2.0,,Estadio Iván Elías Moreno,Joel Alarcón,,https://fbref.com/en/matches/f71472a5/Deportivo-Municipal-Ayacucho-February-5-2022-Liga-1
Liga 1 de Fútbol Profesional,M,PER,2022,1st,Torneo Apertura,1,Sat,2022-02-05,15:30,Sport Huancayo,1.0,Sporting Cristal,0.0,,Estadio Huancayo,Roberto Pérez,,https://fbref.com/en/matches/1dfd103e/Sport-Huancayo-Sporting-Cristal-February-5-2022-Liga-1
Liga 1 de Fútbol Profesional,M,PER,2022,1st,Torneo Apertura,1,Sat,2022-02-05,19:00,Melgar,1.0,Mannucci,0.0,,Estadio de la Universidad Nacional San A...,Fernando Legario,,https://fbref.com/en/matches/2663094e/Melgar-Carlos-A-Mannucci-February-5-2022-Liga-1
Liga 1 de Fútbol Profesional,M,PER,2022,1st,Torneo Apertura,1,Sun,2022-02-06,13:15,Carlos Stein,0.0,Asociación Deportiva Tarma,0.0,,Estadio César Flores Marigorda,David Huaman,,https://fbref.com/en/matches/d9dce453/Carlos-Stein-Asociacion-Deportiva-Tarma-February-6-2022-Liga-1
Liga 1 de Fútbol Profesional,M,PER,2022,1st,Torneo Apertura,1,Sun,2022-02-06,15:30,Cantolao,0.0,Universitario,3.0,,Estadio Miguel Grau del Callao,Jesús Cartagena,,https://fbref.com/en/matches/fca1b892/Cantolao-Universitario-February-6-2022-Liga-1
Liga 1 de Fútbol Profesional,M,PER,2022,1st,Torneo Apertura,2,Fri,2022-02-11,19:00,Universitario,3.0,USMP,0.0,,Estadio Monumental,Kevin Ortega,,https://fbref.com/en/matches/2a59c51e/Universitario-Universidad-San-Martin-February-11-2022-Liga-1
Liga 1 de Fútbol Profesional,M,PER,2022,1st,Torneo Apertura,2,Sat,2022-02-12,13:15,Alianza Atlético,1.0,UTC,0.0,,Estadio Municipal Melanio Coloma Calderó...,Micke Palomino,,https://fbref.com/en/matches/f34cf583/Alianza-Atletico-Universidad-Tecnica-de-Cajamarca-February-12-2022-Liga-1
Liga 1 de Fútbol Profesional,M,PER,2022,1st,Torneo Apertura,2,Sat,2022-02-12,15:00,Asociación Deportiva Tarma,0.0,U César Vallejo,0.0,,Estadio Huancayo,Jordi Espinoza,,https://fbref.com/en/matches/9fb09d67/Asociacion-Deportiva-Tarma-Universidad-Cesar-Vallejo-February-12-2022-Liga-1
Liga 1 de Fútbol Profesional,M,PER,2022,1st,Torneo Apertura,2,Sat,2022-02-12,15:30,Ayacucho,2.0,Carlos Stein,1.0,,Estadio Ciudad de Cumaná,Jesús Cartagena,,https://fbref.com/en/matches/8c384e3b/Ayacucho-Carlos-Stein-February-12-2022-Liga-1
Liga 1 de Fútbol Profesional,M,PER,2022,1st,Torneo Apertura,2,Sat,2022-02-12,19:00,Cienciano,4.0,Dep Municipal,2.0,,Estadio Inca Garcilaso de la Vega,Fernando Legario,,https://fbref.com/en/matches/7c10e960/Cienciano-Deportivo-Municipal-February-12-2022-Liga-1
Liga 1 de Fútbol Profesional,M,PER,2022,1st,Torneo Apertura,2,Sun,2022-02-13,13:15,Sporting Cristal,2.0,Melgar,2.0,,Estadio Alberto Gallardo,Michael Espinoza,,https://fbref.com/en/matches/d8087695/Sporting-Cristal-Melgar-February-13-2022-Liga-1
Liga 1 de Fútbol Profesional,M,PER,2022,1st,Torneo Apertura,2,Sun,2022-02-13,13:30,Atlético Grau,3.0,Sport Huancayo,4.0,,Estadio Municipal Bernales,Joel Alarcón,,https://fbref.com/en/matches/547b3092/Atletico-Grau-Sport-Huancayo-February-13-2022-Liga-1
Liga 1 de Fútbol Profesional,M,PER,2022,1st,Torneo Apertura,2,Sun,2022-02-13,15:30,Sport Boys,0.0,Alianza Lima,0.0,,Estadio Miguel Grau del Callao,Roberto Pérez,,https://fbref.com/en/matches/259b7acb/Sport-Boys-Alianza-Lima-February-13-2022-Liga-1
Liga 1 de Fútbol Profesional,M,PER,2022,1st,Torneo Apertura,2,Mon,2022-02-14,19:00,Binacional,5.0,Cantolao,0.0,,Estadio Guillermo Briceño Rosamedina,Gean Pierre Barbagelatta,,https://fbref.com/en/matches/0f2f5b06/Binacional-Cantolao-February-14-2022-Liga-1
Liga 1 de Fútbol Profesional,M,PER,2022,1st,Torneo Apertura,3,Sat,2022-02-19,11:30,Carlos Stein,2.0,Universitario,1.0,,Estadio César Flores Marigorda,Fernando Legario,,https://fbref.com/en/matches/da0c2593/Carlos-Stein-Universitario-February-19-2022-Liga-1
Liga 1 de Fútbol Profesional,M,PER,2022,1st,Torneo Apertura,3,Sat,2022-02-19,13:15,Dep Municipal,1.0,Binacional,0.0,,Estadio Iván Elías Moreno,David Huaman,,https://fbref.com/en/matches/7df97d50/Deportivo-Municipal-Binacional-February-19-2022-Liga-1
Liga 1 de Fútbol Profesional,M,PER,2022,1st,Torneo Apertura,3,Sat,2022-02-19,15:30,UTC,0.0,Atlético Grau,0.0,,Estadio Héroes de San Ramón,Jordy Espinoza,,https://fbref.com/en/matches/e1036651/Universidad-Tecnica-de-Cajamarca-Atletico-Grau-February-19-2022-Liga-1
Liga 1 de Fútbol Profesional,M,PER,2022,1st,Torneo Apertura,3,Sat,2022-02-19,19:00,Sport Huancayo,3.0,Melgar,0.0,,Estadio Huancayo,Edwin Ordóñez,,https://fbref.com/en/matches/88ccb7b8/Sport-Huancayo-Melgar-February-19-2022-Liga-1
Liga 1 de Fútbol Profesional,M,PER,2022,1st,Torneo Apertura,3,Sun,2022-02-20,11:00,Cantolao,1.0,Alianza Atlético,3.0,,Estadio Miguel Grau del Callao,Pablo López,,https://fbref.com/en/matches/11c0bbb7/Cantolao-Alianza-Atletico-February-20-2022-Liga-1
Liga 1 de Fútbol Profesional,M,PER,2022,1st,Torneo Apertura,3,Sun,2022-02-20,13:15,U César Vallejo,2.0,Ayacucho,1.0,,Estadio Mansiche,Roberto Pérez,,https://fbref.com/en/matches/6b355d05/Universidad-Cesar-Vallejo-Ayacucho-February-20-2022-Liga-1
Liga 1 de Fútbol Profesional,M,PER,2022,1st,Torneo Apertura,3,Sun,2022-02-20,15:30,Alianza Lima,3.0,Mannucci,1.0,,Estadio Alejandro Villanueva,Joel Alarcón,,https://fbref.com/en/matches/2beadc54/Alianza-Lima-Carlos-A-Mannucci-February-20-2022-Liga-1
Liga 1 de Fútbol Profesional,M,PER,2022,1st,Torneo Apertura,3,Sun,2022-02-20,19:00,Cienciano,0.0,Asociación Deportiva Tarma,0.0,,Estadio Inca Garcilaso de la Vega,Jesús Cartagena,,https://fbref.com/en/matches/a81c20a1/Cienciano-Asociacion-Deportiva-Tarma-February-20-2022-Liga-1
Liga 1 de Fútbol Profesional,M,PER,2022,1st,Torneo Apertura,3,Mon,2022-02-21,15:00,USMP,2.0,Sport Boys,0.0,,Estadio de la Universidad Nacional Mayor...,Michael Espinoza,,https://fbref.com/en/matches/c7977897/Universidad-San-Martin-Sport-Boys-February-21-2022-Liga-1
Liga 1 de Fútbol Profesional,M,PER,2022,1st,Torneo Apertura,4,Fri,2022-02-25,15:30,Sporting Cristal,3.0,UTC,2.0,,Estadio Alberto Gallardo,Jesús Cartagena,,https://fbref.com/en/matches/3901509a/Sporting-Cristal-Universidad-Tecnica-de-Cajamarca-February-25-2022-Liga-1
Liga 1 de Fútbol Profesional,M,PER,2022,1st,Torneo Apertura,4,Fri,2022-02-25,19:00,Binacional,3.0,Cienciano,2.0,,Estadio Guillermo Briceño Rosamedina,Edwin Ordóñez,,https://fbref.com/en/matches/f45a4ae2/Binacional-Cienciano-February-25-2022-Liga-1
Liga 1 de Fútbol Profesional,M,PER,2022,1st,Torneo Apertura,4,Sat,2022-02-26,13:30,Atlético Grau,1.0,Cantolao,0.0,,Estadio Municipal Bernales,Luis Garay Evia,,https://fbref.com/en/matches/29310c4f/Atletico-Grau-Cantolao-February-26-2022-Liga-1
Liga 1 de Fútbol Profesional,M,PER,2022,1st,Torneo Apertura,4,Sat,2022-02-26,15:30,Ayacucho,5.0,USMP,0.0,,Estadio Ciudad de Cumaná,Fernando Legario,,https://fbref.com/en/matches/3ded5d97/Ayacucho-Universidad-San-Martin-February-26-2022-Liga-1
Liga 1 de Fútbol Profesional,M,PER,2022,1st,Torneo Apertura,4,Sat,2022-02-26,17:45,Mannucci,0.0,Sport Huancayo,1.0,,Estadio Mansiche,Roberto Pérez,,https://fbref.com/en/matches/dd3d027e/Carlos-A-Mannucci-Sport-Huancayo-February-26-2022-Liga-1
Liga 1 de Fútbol Profesional,M,PER,2022,1st,Torneo Apertura,4,Sun,2022-02-27,11:00,Sport Boys,2.0,Carlos Stein,1.0,,Estadio Miguel Grau del Callao,David Huaman,,https://fbref.com/en/matches/b2449af8/Sport-Boys-Carlos-Stein-February-27-2022-Liga-1
Liga 1 de Fútbol Profesional,M,PER,2022,1st,Torneo Apertura,4,Sun,2022-02-27,13:15,Alianza Atlético,4.0,Alianza Lima,2.0,,Estadio Municipal Melanio Coloma Calderó...,Michael Espinoza,,https://fbref.com/en/matches/3ef1337b/Alianza-Atletico-Alianza-Lima-February-27-2022-Liga-1
Liga 1 de Fútbol Profesional,M,PER,2022,1st,Torneo Apertura,4,Sun,2022-02-27,15:00,Asociación Deportiva Tarma,2.0,Dep Municipal,3.0,,Estadio Huancayo,Luis Seminario,,https://fbref.com/en/matches/63937d5f/Asociacion-Deportiva-Tarma-Deportivo-Municipal-February-27-2022-Liga-1
Liga 1 de Fútbol Profesional,M,PER,2022,1st,Torneo Apertura,4,Sun,2022-02-27,15:30,Universitario,3.0,U César Vallejo,0.0,,Estadio Monumental,Jordy Espinoza,,https://fbref.com/en/matches/a1f9b8ce/Universitario-Universidad-Cesar-Vallejo-February-27-2022-Liga-1
Liga 1 de Fútbol Profesional,M,PER,2022,1st,Torneo Apertura,5,Fri,2022-03-04,15:30,UTC,3.0,Melgar,1.0,,Estadio Héroes de San Ramón,Fernando Legario,,https://fbref.com/en/matches/9b1cafc5/Universidad-Tecnica-de-Cajamarca-Melgar-March-4-2022-Liga-1
Liga 1 de Fútbol Profesional,M,PER,2022,1st,Torneo Apertura,5,Fri,2022-03-04,19:00,Cienciano,3.0,Ayacucho,1.0,,Estadio Inca Garcilaso de la Vega,Micke Palomino,,https://fbref.com/en/matches/adc372ef/Cienciano-Ayacucho-March-4-2022-Liga-1
Liga 1 de Fútbol Profesional,M,PER,2022,1st,Torneo Apertura,5,Sat,2022-03-05,15:00,Dep Municipal,2.0,Universitario,1.0,,Estadio Nacional,Roberto Pérez,,https://fbref.com/en/matches/02ea4df5/Deportivo-Municipal-Universitario-March-5-2022-Liga-1
Liga 1 de Fútbol Profesional,M,PER,2022,1st,Torneo Apertura,5,Sat,2022-03-05,19:00,U César Vallejo,1.0,Sport Boys,1.0,,Estadio Mansiche,Piero Maza,,https://fbref.com/en/matches/5d8f77c5/Universidad-Cesar-Vallejo-Sport-Boys-March-5-2022-Liga-1
Liga 1 de Fútbol Profesional,M,PER,2022,1st,Torneo Apertura,5,Sun,2022-03-06,11:00,Cantolao,3.0,Mannucci,2.0,,Estadio Miguel Grau del Callao,Hibert Villegas,,https://fbref.com/en/matches/64b4b81a/Cantolao-Carlos-A-Mannucci-March-6-2022-Liga-1
Liga 1 de Fútbol Profesional,M,PER,2022,1st,Torneo Apertura,5,Sun,2022-03-06,15:00,Carlos Stein,0.0,Alianza Atlético,1.0,,Estadio César Flores Marigorda,Edwin Ordóñez,,https://fbref.com/en/matches/a976692c/Carlos-Stein-Alianza-Atletico-March-6-2022-Liga-1
Liga 1 de Fútbol Profesional,M,PER,2022,1st,Torneo Apertura,5,Sun,2022-03-06,15:30,Alianza Lima,0.0,Sporting Cristal,1.0,,Estadio Alejandro Villanueva,Kevin Ortega,,https://fbref.com/en/matches/c1da6db6/Alianza-Lima-Sporting-Cristal-March-6-2022-Liga-1
Liga 1 de Fútbol Profesional,M,PER,2022,1st,Torneo Apertura,5,Mon,2022-03-07,15:00,USMP,1.0,Atlético Grau,2.0,,Estadio Alejandro Villanueva,Gean Pierre Barbagelatta,,https://fbref.com/en/matches/65f08a39/Universidad-San-Martin-Atletico-Grau-March-7-2022-Liga-1
Liga 1 de Fútbol Profesional,M,PER,2022,1st,Torneo Apertura,5,Mon,2022-03-07,19:00,Binacional,0.0,Asociación Deportiva Tarma,1.0,,Estadio Guillermo Briceño Rosamedina,Joel Alarcón,,https://fbref.com/en/matches/2faee83a/Binacional-Asociacion-Deportiva-Tarma-March-7-2022-Liga-1
Liga 1 de Fútbol Profesional,M,PER,2022,1st,Torneo Apertura,6,Sat,2022-03-12,11:00,Alianza Atlético,3.0,USMP,1.0,,Estadio Municipal Melanio Coloma Calderó...,Michael Espinoza,,https://fbref.com/en/matches/0771574f/Alianza-Atletico-Universidad-San-Martin-March-12-2022-Liga-1
Liga 1 de Fútbol Profesional,M,PER,2022,1st,Torneo Apertura,6,Sat,2022-03-12,13:15,Mannucci,1.0,Carlos Stein,0.0,,Estadio Mansiche,Pablo López,,https://fbref.com/en/matches/73dbd9f8/Carlos-A-Mannucci-Carlos-Stein-March-12-2022-Liga-1
Liga 1 de Fútbol Profesional,M,PER,2022,1st,Torneo Apertura,6,Sat,2022-03-12,15:30,Melgar,1.0,Alianza Lima,0.0,,Estadio de la Universidad Nacional San A...,Edwin Ordóñez,,https://fbref.com/en/matches/bb9118a7/Melgar-Alianza-Lima-March-12-2022-Liga-1
Liga 1 de Fútbol Profesional,M,PER,2022,1st,Torneo Apertura,6,Sat,2022-03-12,19:30,Universitario,1.0,Cienciano,1.0,,Estadio Monumental,Luis Seminario,,https://fbref.com/en/matches/f8c95764/Universitario-Cienciano-March-12-2022-Liga-1
Liga 1 de Fútbol Profesional,M,PER,2022,1st,Torneo Apertura,6,Sun,2022-03-13,11:00,Sporting Cristal,2.0,Cantolao,2.0,,Estadio Alberto Gallardo,Jordy Espinoza,,https://fbref.com/en/matches/1b0f1b7e/Sporting-Cristal-Cantolao-March-13-2022-Liga-1
Liga 1 de Fútbol Profesional,M,PER,2022,1st,Torneo Apertura,6,Sun,2022-03-13,13:00,Atlético Grau,1.0,U César Vallejo,1.0,,Estadio Municipal Bernales,Jonathan Zamora,,https://fbref.com/en/matches/97ba321b/Atletico-Grau-Universidad-Cesar-Vallejo-March-13-2022-Liga-1
Liga 1 de Fútbol Profesional,M,PER,2022,1st,Torneo Apertura,6,Sun,2022-03-13,13:15,Sport Boys,1.0,Dep Municipal,2.0,,Estadio Miguel Grau del Callao,Joel Alarcón,,https://fbref.com/en/matches/c42f7508/Sport-Boys-Deportivo-Municipal-March-13-2022-Liga-1
Liga 1 de Fútbol Profesional,M,PER,2022,1st,Torneo Apertura,6,Sun,2022-03-13,15:30,Ayacucho,2.0,Binacional,3.0,,Estadio Ciudad de Cumaná,Fernando Legario,,https://fbref.com/en/matches/6b366a1d/Ayacucho-Binacional-March-13-2022-Liga-1
Liga 1 de Fútbol Profesional,M,PER,2022,1st,Torneo Apertura,6,Sun,2022-03-13,15:30,Asociación Deportiva Tarma,1.0,Sport Huancayo,0.0,,Estadio Huancayo,Luis Garay Evia,,https://fbref.com/en/matches/a79eea7f/Asociacion-Deportiva-Tarma-Sport-Huancayo-March-13-2022-Liga-1
Liga 1 de Fútbol Profesional,M,PER,2022,1st,Torneo Apertura,7,Sat,2022-03-19,15:30,Cienciano,4.0,Sport Boys,1.0,,Estadio Inca Garcilaso de la Vega,Luis Garay Evia,,https://fbref.com/en/matches/f0baee5e/Cienciano-Sport-Boys-March-19-2022-Liga-1
Liga 1 de Fútbol Profesional,M,PER,2022,1st,Torneo Apertura,7,Sat,2022-03-19,19:00,U César Vallejo,3.0,Alianza Atlético,1.0,,Estadio Mansiche,Pablo López,,https://fbref.com/en/matches/38907bdb/Universidad-Cesar-Vallejo-Alianza-Atletico-March-19-2022-Liga-1
Liga 1 de Fútbol Profesional,M,PER,2022,1st,Torneo Apertura,7,Sun,2022-03-20,11:00,Cantolao,0.0,Melgar,1.0,,Estadio Miguel Grau del Callao,Roberto Pérez,,https://fbref.com/en/matches/f6cc574c/Cantolao-Melgar-March-20-2022-Liga-1
Liga 1 de Fútbol Profesional,M,PER,2022,1st,Torneo Apertura,7,Sun,2022-03-20,13:00,Carlos Stein,1.0,Sporting Cristal,1.0,,Estadio César Flores Marigorda,Jesús Cartagena,,https://fbref.com/en/matches/428d7def/Carlos-Stein-Sporting-Cristal-March-20-2022-Liga-1
Liga 1 de Fútbol Profesional,M,PER,2022,1st,Torneo Apertura,7,Sun,2022-03-20,13:15,Dep Municipal,1.0,Atlético Grau,1.0,,Estadio Iván Elías Moreno,Augusto Menéndez,,https://fbref.com/en/matches/5af90a2d/Deportivo-Municipal-Atletico-Grau-March-20-2022-Liga-1
Liga 1 de Fútbol Profesional,M,PER,2022,1st,Torneo Apertura,7,Sun,2022-03-20,15:30,Asociación Deportiva Tarma,0.0,Ayacucho,0.0,,Estadio Huancayo,Jordy Espinoza,,https://fbref.com/en/matches/5d38fcb7/Asociacion-Deportiva-Tarma-Ayacucho-March-20-2022-Liga-1
Liga 1 de Fútbol Profesional,M,PER,2022,1st,Torneo Apertura,7,Sun,2022-03-20,18:00,Binacional,1.0,Universitario,0.0,,Estadio Guillermo Briceño Rosamedina,Edwin Ordóñez,,https://fbref.com/en/matches/354816bd/Binacional-Universitario-March-20-2022-Liga-1
Liga 1 de Fútbol Profesional,M,PER,2022,1st,Torneo Apertura,7,Mon,2022-03-21,15:30,UTC,3.0,Sport Huancayo,4.0,,Estadio Héroes de San Ramón,Joel Alarcón,,https://fbref.com/en/matches/741be5d7/Universidad-Tecnica-de-Cajamarca-Sport-Huancayo-March-21-2022-Liga-1
Liga 1 de Fútbol Profesional,M,PER,2022,1st,Torneo Apertura,7,Mon,2022-03-21,19:00,USMP,1.0,Mannucci,3.0,,Estadio de la Universidad Nacional Mayor...,José Mendoza,,https://fbref.com/en/matches/0d3f1ae4/Universidad-San-Martin-Carlos-A-Mannucci-March-21-2022-Liga-1
Liga 1 de Fútbol Profesional,M,PER,2022,1st,Torneo Apertura,1,Fri,2022-03-25,15:30,USMP,0.0,Binacional,1.0,,Estadio de la Universidad Nacional Mayor...,Luis Seminario,,https://fbref.com/en/matches/33ee4199/Universidad-San-Martin-Binacional-March-25-2022-Liga-1
Liga 1 de Fútbol Profesional,M,PER,2022,1st,Torneo Apertura,8,Fri,2022-04-01,13:15,Sporting Cristal,4.0,USMP,1.0,,Estadio Alberto Gallardo,Roberto Pérez,,https://fbref.com/en/matches/f369f1a5/Sporting-Cristal-Universidad-San-Martin-April-1-2022-Liga-1
Liga 1 de Fútbol Profesional,M,PER,2022,1st,Torneo Apertura,8,Fri,2022-04-01,15:30,Ayacucho,3.0,UTC,2.0,,Estadio Ciudad de Cumaná,David Huaman,,https://fbref.com/en/matches/4c3d2044/Ayacucho-Universidad-Tecnica-de-Cajamarca-April-1-2022-Liga-1
Liga 1 de Fútbol Profesional,M,PER,2022,1st,Torneo Apertura,8,Sat,2022-04-02,11:00,Sport Boys,1.0,Binacional,3.0,,Estadio Alberto Gallardo,Augusto Menéndez,,https://fbref.com/en/matches/35e046c7/Sport-Boys-Binacional-April-2-2022-Liga-1
Liga 1 de Fútbol Profesional,M,PER,2022,1st,Torneo Apertura,8,Sat,2022-04-02,13:15,Alianza Atlético,2.0,Dep Municipal,2.0,,Estadio Municipal Melanio Coloma Calderó...,Edwin Ordóñez,,https://fbref.com/en/matches/3b9cfead/Alianza-Atletico-Deportivo-Municipal-April-2-2022-Liga-1
Liga 1 de Fútbol Profesional,M,PER,2022,1st,Torneo Apertura,8,Sat,2022-04-02,15:30,Melgar,3.0,Carlos Stein,0.0,,Estadio de la Universidad Nacional San A...,José Mendoza,,https://fbref.com/en/matches/e0d57dd4/Melgar-Carlos-Stein-April-2-2022-Liga-1
Liga 1 de Fútbol Profesional,M,PER,2022,1st,Torneo Apertura,8,Sun,2022-04-03,15:00,Atlético Grau,1.0,Cienciano,2.0,,Estadio Municipal Francisco Mendoza Piza...,Jordy Espinoza,,https://fbref.com/en/matches/d99fa143/Atletico-Grau-Cienciano-April-3-2022-Liga-1
Liga 1 de Fútbol Profesional,M,PER,2022,1st,Torneo Apertura,8,Sun,2022-04-03,18:30,Mannucci,0.0,U César Vallejo,0.0,,Estadio Mansiche,Joel Alarcón,,https://fbref.com/en/matches/5ebe3978/Carlos-A-Mannucci-Universidad-Cesar-Vallejo-April-3-2022-Liga-1
Liga 1 de Fútbol Profesional,M,PER,2022,1st,Torneo Apertura,8,Mon,2022-04-04,20:00,Universitario,2.0,Asociación Deportiva Tarma,1.0,,Estadio Monumental,Hibert Villegas,,https://fbref.com/en/matches/e10d3ef7/Universitario-Asociacion-Deportiva-Tarma-April-4-2022-Liga-1
Liga 1 de Fútbol Profesional,M,PER,2022,1st,Torneo Apertura,9,Fri,2022-04-08,19:30,U César Vallejo,2.0,Sporting Cristal,0.0,,Estadio Mansiche,Michael Espinoza,,https://fbref.com/en/matches/7489bd01/Universidad-Cesar-Vallejo-Sporting-Cristal-April-8-2022-Liga-1
Liga 1 de Fútbol Profesional,M,PER,2022,1st,Torneo Apertura,9,Sat,2022-04-09,11:00,Cantolao,0.0,Sport Huancayo,2.0,,Estadio Miguel Grau del Callao,Edwin Ordóñez,,https://fbref.com/en/matches/55a32951/Cantolao-Sport-Huancayo-April-9-2022-Liga-1
Liga 1 de Fútbol Profesional,M,PER,2022,1st,Torneo Apertura,9,Sat,2022-04-09,13:15,Dep Municipal,1.0,Mannucci,0.0,,Estadio Iván Elías Moreno,Kevin Ortega,,https://fbref.com/en/matches/cd416764/Deportivo-Municipal-Carlos-A-Mannucci-April-9-2022-Liga-1
Liga 1 de Fútbol Profesional,M,PER,2022,1st,Torneo Apertura,9,Sat,2022-04-09,15:30,Binacional,1.0,Atlético Grau,1.0,,Estadio Guillermo Briceño Rosamedina,Roberto Pérez,,https://fbref.com/en/matches/0c0379aa/Binacional-Atletico-Grau-April-9-2022-Liga-1
Liga 1 de Fútbol Profesional,M,PER,2022,1st,Torneo Apertura,9,Sat,2022-04-09,19:00,Cienciano,5.0,Alianza Atlético,0.0,,Estadio Inca Garcilaso de la Vega,Jesús Cartagena,,https://fbref.com/en/matches/de77a51a/Cienciano-Alianza-Atletico-April-9-2022-Liga-1
Liga 1 de Fútbol Profesional,M,PER,2022,1st,Torneo Apertura,9,Sun,2022-04-10,13:15,Alianza Lima,1.0,UTC,0.0,,Estadio Alejandro Villanueva,Hibert Villegas,,https://fbref.com/en/matches/f33fdd88/Alianza-Lima-Universidad-Tecnica-de-Cajamarca-April-10-2022-Liga-1
Liga 1 de Fútbol Profesional,M,PER,2022,1st,Torneo Apertura,9,Sun,2022-04-10,15:00,Asociación Deportiva Tarma,3.0,Sport Boys,0.0,,Estadio Huancayo,Gean Pierre Barbagelatta,,https://fbref.com/en/matches/93c18dab/Asociacion-Deportiva-Tarma-Sport-Boys-April-10-2022-Liga-1
Liga 1 de Fútbol Profesional,M,PER,2022,1st,Torneo Apertura,9,Sun,2022-04-10,15:30,Ayacucho,1.0,Universitario,2.0,,Estadio Ciudad de Cumaná,Joel Alarcón,,https://fbref.com/en/matches/c4151293/Ayacucho-Universitario-April-10-2022-Liga-1
Liga 1 de Fútbol Profesional,M,PER,2022,1st,Torneo Apertura,9,Sun,2022-04-10,18:00,USMP,2.0,Melgar,0.0,,Estadio de la Universidad Nacional Mayor...,Jordy Espinoza,,https://fbref.com/en/matches/cd978bfc/Universidad-San-Martin-Melgar-April-10-2022-Liga-1
Liga 1 de Fútbol Profesional,M,PER,2022,1st,Torneo Apertura,10,Fri,2022-04-15,13:00,Alianza Atlético,2.0,Binacional,0.0,,Estadio Municipal Melanio Coloma Calderó...,Joel Alarcón,,https://fbref.com/en/matches/8f8cfa85/Alianza-Atletico-Binacional-April-15-2022-Liga-1
Liga 1 de Fútbol Profesional,M,PER,2022,1st,Torneo Apertura,10,Fri,2022-04-15,15:30,UTC,2.0,Cantolao,2.0,,Estadio Héroes de San Ramón,Fernando Legario,,https://fbref.com/en/matches/58c5d58a/Universidad-Tecnica-de-Cajamarca-Cantolao-April-15-2022-Liga-1
Liga 1 de Fútbol Profesional,M,PER,2022,1st,Torneo Apertura,10,Sat,2022-04-16,13:00,Atlético Grau,4.0,Asociación Deportiva Tarma,1.0,,Estadio Municipal Bernales,Micke Palomino,,https://fbref.com/en/matches/7a0c61cb/Atletico-Grau-Asociacion-Deportiva-Tarma-April-16-2022-Liga-1
Liga 1 de Fútbol Profesional,M,PER,2022,1st,Torneo Apertura,10,Sat,2022-04-16,13:15,Mannucci,0.0,Cienciano,2.0,,Estadio Mansiche,Edwin Ordóñez,,https://fbref.com/en/matches/038a60b4/Carlos-A-Mannucci-Cienciano-April-16-2022-Liga-1
Liga 1 de Fútbol Profesional,M,PER,2022,1st,Torneo Apertura,10,Sat,2022-04-16,15:30,Sporting Cristal,6.0,Dep Municipal,4.0,,Estadio Alberto Gallardo,Roberto Pérez,,https://fbref.com/en/matches/c5bc368c/Sporting-Cristal-Deportivo-Municipal-April-16-2022-Liga-1
Liga 1 de Fútbol Profesional,M,PER,2022,1st,Torneo Apertura,10,Sat,2022-04-16,19:00,Sport Huancayo,2.0,Carlos Stein,1.0,,Estadio Huancayo,Luis Garay Evia,,https://fbref.com/en/matches/f1ac1129/Sport-Huancayo-Carlos-Stein-April-16-2022-Liga-1
Liga 1 de Fútbol Profesional,M,PER,2022,1st,Torneo Apertura,10,Sun,2022-04-17,11:00,Sport Boys,1.0,Ayacucho,0.0,,Estadio Miguel Grau del Callao,Jesús Cartagena,,https://fbref.com/en/matches/fad6f4a5/Sport-Boys-Ayacucho-April-17-2022-Liga-1
Liga 1 de Fútbol Profesional,M,PER,2022,1st,Torneo Apertura,10,Sun,2022-04-17,15:00,Universitario,1.0,Alianza Lima,4.0,,Estadio Monumental,Kevin Ortega,,https://fbref.com/en/matches/471c4f09/Universitario-Alianza-Lima-April-17-2022-Liga-1
Liga 1 de Fútbol Profesional,M,PER,2022,1st,Torneo Apertura,10,Sun,2022-04-17,19:00,Melgar,1.0,U César Vallejo,0.0,,Estadio de la Universidad Nacional San A...,Augusto Menéndez,,https://fbref.com/en/matches/3a65a962/Melgar-Universidad-Cesar-Vallejo-April-17-2022-Liga-1
Liga 1 de Fútbol Profesional,M,PER,2022,1st,Torneo Apertura,11,Fri,2022-04-22,13:15,Dep Municipal,1.0,Melgar,3.0,,Estadio Iván Elías Moreno,Kevin Ortega,,https://fbref.com/en/matches/a00f1a9e/Deportivo-Municipal-Melgar-April-22-2022-Liga-1
Liga 1 de Fútbol Profesional,M,PER,2022,1st,Torneo Apertura,11,Fri,2022-04-22,15:30,Ayacucho,1.0,Atlético Grau,2.0,,Estadio Ciudad de Cumaná,Hibert Villegas,,https://fbref.com/en/matches/5a2d75ef/Ayacucho-Atletico-Grau-April-22-2022-Liga-1
Liga 1 de Fútbol Profesional,M,PER,2022,1st,Torneo Apertura,11,Fri,2022-04-22,19:00,Cienciano,0.0,Sporting Cristal,1.0,,Estadio Inca Garcilaso de la Vega,Luis Seminario,,https://fbref.com/en/matches/2fa2ea8b/Cienciano-Sporting-Cristal-April-22-2022-Liga-1
Liga 1 de Fútbol Profesional,M,PER,2022,1st,Torneo Apertura,11,Sat,2022-04-23,15:30,Cantolao,1.0,Alianza Lima,2.0,,Estadio Miguel Grau del Callao,Jordy Espinoza,,https://fbref.com/en/matches/c1dac67d/Cantolao-Alianza-Lima-April-23-2022-Liga-1
Liga 1 de Fútbol Profesional,M,PER,2022,1st,Torneo Apertura,11,Sat,2022-04-23,18:00,Binacional,2.0,Mannucci,1.0,,Estadio Guillermo Briceño Rosamedina,Jesús Cartagena,,https://fbref.com/en/matches/34605950/Binacional-Carlos-A-Mannucci-April-23-2022-Liga-1
Liga 1 de Fútbol Profesional,M,PER,2022,1st,Torneo Apertura,11,Sun,2022-04-24,11:00,Carlos Stein,2.0,UTC,0.0,,Estadio Víctor Montoya Segura,Luis Ciriaco Liñan,,https://fbref.com/en/matches/69b473f8/Carlos-Stein-Universidad-Tecnica-de-Cajamarca-April-24-2022-Liga-1
Liga 1 de Fútbol Profesional,M,PER,2022,1st,Torneo Apertura,11,Sun,2022-04-24,12:30,USMP,1.0,Sport Huancayo,1.0,,Estadio Iván Elías Moreno,Daniel Ureta,,https://fbref.com/en/matches/12f685ef/Universidad-San-Martin-Sport-Huancayo-April-24-2022-Liga-1
Liga 1 de Fútbol Profesional,M,PER,2022,1st,Torneo Apertura,11,Sun,2022-04-24,15:00,Asociación Deportiva Tarma,1.0,Alianza Atlético,2.0,,Estadio Huancayo,Luis Garay Evia,,https://fbref.com/en/matches/17cf54fb/Asociacion-Deportiva-Tarma-Alianza-Atletico-April-24-2022-Liga-1
Liga 1 de Fútbol Profesional,M,PER,2022,1st,Torneo Apertura,11,Sun,2022-04-24,15:30,Universitario,1.0,Sport Boys,1.0,,Estadio Monumental,Michael Espinoza,,https://fbref.com/en/matches/34ec59bf/Universitario-Sport-Boys-April-24-2022-Liga-1
Liga 1 de Fútbol Profesional,M,PER,2022,1st,Torneo Apertura,12,Sat,2022-04-30,13:15,Sporting Cristal,1.0,Binacional,0.0,,Estadio Alberto Gallardo,Augusto Menéndez,,https://fbref.com/en/matches/478ee929/Sporting-Cristal-Binacional-April-30-2022-Liga-1
Liga 1 de Fútbol Profesional,M,PER,2022,1st,Torneo Apertura,12,Sat,2022-04-30,15:30,Melgar,1.0,Cienciano,0.0,,Estadio de la Universidad Nacional San A...,Michael Espinoza,,https://fbref.com/en/matches/7d5c1f26/Melgar-Cienciano-April-30-2022-Liga-1
Liga 1 de Fútbol Profesional,M,PER,2022,1st,Torneo Apertura,12,Sun,2022-05-01,11:00,Alianza Atlético,2.0,Ayacucho,1.0,,Estadio Municipal Melanio Coloma Calderó...,Joel Alarcón,,https://fbref.com/en/matches/bc2d6f6d/Alianza-Atletico-Ayacucho-May-1-2022-Liga-1
Liga 1 de Fútbol Profesional,M,PER,2022,1st,Torneo Apertura,12,Sun,2022-05-01,13:00,Atlético Grau,0.0,Universitario,1.0,,Estadio Municipal Bernales,Luis Seminario,,https://fbref.com/en/matches/f3785200/Atletico-Grau-Universitario-May-1-2022-Liga-1
Liga 1 de Fútbol Profesional,M,PER,2022,1st,Torneo Apertura,12,Sun,2022-05-01,13:15,Mannucci,1.0,Asociación Deportiva Tarma,1.0,,Estadio Mansiche,David Huaman,,https://fbref.com/en/matches/8c1ac9f8/Carlos-A-Mannucci-Asociacion-Deportiva-Tarma-May-1-2022-Liga-1
Liga 1 de Fútbol Profesional,M,PER,2022,1st,Torneo Apertura,12,Sun,2022-05-01,15:30,Alianza Lima,5.0,Carlos Stein,2.0,,Estadio Alejandro Villanueva,Hibert Villegas,,https://fbref.com/en/matches/e71c9911/Alianza-Lima-Carlos-Stein-May-1-2022-Liga-1
Liga 1 de Fútbol Profesional,M,PER,2022,1st,Torneo Apertura,12,Sun,2022-05-01,18:00,Sport Huancayo,1.0,U César Vallejo,1.0,,Estadio Huancayo,Jesús Cartagena,,https://fbref.com/en/matches/87b6c5f2/Sport-Huancayo-Universidad-Cesar-Vallejo-May-1-2022-Liga-1
Liga 1 de Fútbol Profesional,M,PER,2022,1st,Torneo Apertura,12,Mon,2022-05-02,13:15,Cantolao,0.0,Sport Boys,1.0,,Estadio Miguel Grau del Callao,Gean Pierre Barbagelatta,,https://fbref.com/en/matches/2dddec90/Cantolao-Sport-Boys-May-2-2022-Liga-1
Liga 1 de Fútbol Profesional,M,PER,2022,1st,Torneo Apertura,12,Mon,2022-05-02,15:30,UTC,3.0,USMP,1.0,,Estadio Héroes de San Ramón,Fernando Legario,,https://fbref.com/en/matches/be00cc1a/Universidad-Tecnica-de-Cajamarca-Universidad-San-Martin-May-2-2022-Liga-1
Liga 1 de Fútbol Profesional,M,PER,2022,1st,Torneo Apertura,13,Sat,2022-05-07,13:15,Sport Boys,2.0,Atlético Grau,1.0,,Estadio Miguel Grau del Callao,Augusto Menéndez,,https://fbref.com/en/matches/2d536e34/Sport-Boys-Atletico-Grau-May-7-2022-Liga-1
Liga 1 de Fútbol Profesional,M,PER,2022,1st,Torneo Apertura,13,Sat,2022-05-07,15:30,Universitario,3.0,Alianza Atlético,1.0,,Estadio Monumental,Jesús Cartagena,,https://fbref.com/en/matches/5dc1f73f/Universitario-Alianza-Atletico-May-7-2022-Liga-1
Liga 1 de Fútbol Profesional,M,PER,2022,1st,Torneo Apertura,13,Sat,2022-05-07,19:30,U César Vallejo,3.0,UTC,1.0,,Estadio Mansiche,Pablo López,,https://fbref.com/en/matches/86002a4d/Universidad-Cesar-Vallejo-Universidad-Tecnica-de-Cajamarca-May-7-2022-Liga-1
Liga 1 de Fútbol Profesional,M,PER,2022,1st,Torneo Apertura,13,Sun,2022-05-08,11:00,Carlos Stein,2.0,Cantolao,1.0,,Estadio Víctor Montoya Segura,Luis Seminario,,https://fbref.com/en/matches/90cd4e7b/Carlos-Stein-Cantolao-May-8-2022-Liga-1
Liga 1 de Fútbol Profesional,M,PER,2022,1st,Torneo Apertura,13,Sun,2022-05-08,13:15,Dep Municipal,0.0,Sport Huancayo,1.0,,Estadio Iván Elías Moreno,Joel Alarcón,,https://fbref.com/en/matches/f6a822b8/Deportivo-Municipal-Sport-Huancayo-May-8-2022-Liga-1
Liga 1 de Fútbol Profesional,M,PER,2022,1st,Torneo Apertura,13,Sun,2022-05-08,15:00,Asociación Deportiva Tarma,1.0,Sporting Cristal,1.0,,Estadio Huancayo,Kevin Ortega,,https://fbref.com/en/matches/215cf4ef/Asociacion-Deportiva-Tarma-Sporting-Cristal-May-8-2022-Liga-1
Liga 1 de Fútbol Profesional,M,PER,2022,1st,Torneo Apertura,13,Sun,2022-05-08,15:30,Ayacucho,2.0,Mannucci,2.0,,Estadio Ciudad de Cumaná,Fernando Legario,,https://fbref.com/en/matches/61ef0bcf/Ayacucho-Carlos-A-Mannucci-May-8-2022-Liga-1
Liga 1 de Fútbol Profesional,M,PER,2022,1st,Torneo Apertura,13,Sun,2022-05-08,18:00,Binacional,0.0,Melgar,1.0,,Estadio Guillermo Briceño Rosamedina,Roberto Pérez,,https://fbref.com/en/matches/cf372b0d/Binacional-Melgar-May-8-2022-Liga-1
Liga 1 de Fútbol Profesional,M,PER,2022,1st,Torneo Apertura,13,Mon,2022-05-09,15:30,USMP,0.0,Alianza Lima,1.0,,Estadio Alberto Gallardo,Gean Pierre Barbagelatta,,https://fbref.com/en/matches/715159d8/Universidad-San-Martin-Alianza-Lima-May-9-2022-Liga-1
Liga 1 de Fútbol Profesional,M,PER,2022,1st,Torneo Apertura,14,Fri,2022-05-13,13:15,Sporting Cristal,3.0,Ayacucho,2.0,,Estadio Alberto Gallardo,Carlos Lozano,,https://fbref.com/en/matches/cadccfae/Sporting-Cristal-Ayacucho-May-13-2022-Liga-1
Liga 1 de Fútbol Profesional,M,PER,2022,1st,Torneo Apertura,14,Fri,2022-05-13,15:30,Melgar,3.0,Asociación Deportiva Tarma,0.0,,Estadio de la Universidad Nacional San A...,Luis Seminario,,https://fbref.com/en/matches/f1f4c044/Melgar-Asociacion-Deportiva-Tarma-May-13-2022-Liga-1
Liga 1 de Fútbol Profesional,M,PER,2022,1st,Torneo Apertura,14,Sat,2022-05-14,13:15,Cantolao,2.0,USMP,2.0,,Estadio Miguel Grau del Callao,Daniel Ureta,,https://fbref.com/en/matches/40ade494/Cantolao-Universidad-San-Martin-May-14-2022-Liga-1
Liga 1 de Fútbol Profesional,M,PER,2022,1st,Torneo Apertura,14,Sat,2022-05-14,15:30,UTC,4.0,Dep Municipal,3.0,,Estadio Héroes de San Ramón,Kevin Ortega,,https://fbref.com/en/matches/e454b2cb/Universidad-Tecnica-de-Cajamarca-Deportivo-Municipal-May-14-2022-Liga-1
Liga 1 de Fútbol Profesional,M,PER,2022,1st,Torneo Apertura,14,Sat,2022-05-14,19:00,Alianza Lima,2.0,U César Vallejo,0.0,,Estadio Alejandro Villanueva,Joel Alarcón,,https://fbref.com/en/matches/8d63e5f5/Alianza-Lima-Universidad-Cesar-Vallejo-May-14-2022-Liga-1
Liga 1 de Fútbol Profesional,M,PER,2022,1st,Torneo Apertura,14,Sun,2022-05-15,13:15,Alianza Atlético,1.0,Sport Boys,2.0,,Estadio Municipal Melanio Coloma Calderó...,Roberto Pérez,,https://fbref.com/en/matches/296427d8/Alianza-Atletico-Sport-Boys-May-15-2022-Liga-1
Liga 1 de Fútbol Profesional,M,PER,2022,1st,Torneo Apertura,14,Sun,2022-05-15,15:30,Mannucci,0.0,Universitario,0.0,,Estadio Mansiche,Hibert Villegas,,https://fbref.com/en/matches/d7f9ed21/Carlos-A-Mannucci-Universitario-May-15-2022-Liga-1
Liga 1 de Fútbol Profesional,M,PER,2022,1st,Torneo Apertura,14,Sun,2022-05-15,18:00,Sport Huancayo,3.0,Cienciano,3.0,,Estadio Huancayo,Jordy Espinoza,,https://fbref.com/en/matches/b80bf702/Sport-Huancayo-Cienciano-May-15-2022-Liga-1
Liga 1 de Fútbol Profesional,M,PER,2022,1st,Torneo Apertura,14,Mon,2022-05-16,11:00,Carlos Stein,1.0,Atlético Grau,1.0,,Estadio Víctor Montoya Segura,Pablo López,,https://fbref.com/en/matches/9f7675d2/Carlos-Stein-Atletico-Grau-May-16-2022-Liga-1
Liga 1 de Fútbol Profesional,M,PER,2022,1st,Torneo Apertura,15,Fri,2022-05-20,19:30,U César Vallejo,0.0,Cantolao,1.0,800.0,Estadio Mansiche,Luis Garay Evia,,https://fbref.com/en/matches/19cee58b/Universidad-Cesar-Vallejo-Cantolao-May-20-2022-Liga-1
Liga 1 de Fútbol Profesional,M,PER,2022,1st,Torneo Apertura,15,Sat,2022-05-21,13:15,USMP,3.0,Carlos Stein,1.0,,Estadio Iván Elías Moreno,Beider Joel Vásquez Guevara,,https://fbref.com/en/matches/e246aa84/Universidad-San-Martin-Carlos-Stein-May-21-2022-Liga-1
Liga 1 de Fútbol Profesional,M,PER,2022,1st,Torneo Apertura,15,Sat,2022-05-21,15:30,Cienciano,3.0,UTC,2.0,,Estadio Inca Garcilaso de la Vega,Jonathan Zamora,,https://fbref.com/en/matches/857acfea/Cienciano-Universidad-Tecnica-de-Cajamarca-May-21-2022-Liga-1
Liga 1 de Fútbol Profesional,M,PER,2022,1st,Torneo Apertura,15,Sat,2022-05-21,19:00,Universitario,1.0,Sporting Cristal,1.0,,Estadio Monumental,Kevin Ortega,,https://fbref.com/en/matches/a94ae8cd/Universitario-Sporting-Cristal-May-21-2022-Liga-1
Liga 1 de Fútbol Profesional,M,PER,2022,1st,Torneo Apertura,15,Sun,2022-05-22,11:00,Dep Municipal,0.0,Alianza Lima,3.0,,Estadio Iván Elías Moreno,Pablo López,,https://fbref.com/en/matches/635c2e88/Deportivo-Municipal-Alianza-Lima-May-22-2022-Liga-1
Liga 1 de Fútbol Profesional,M,PER,2022,1st,Torneo Apertura,15,Sun,2022-05-22,13:00,Atlético Grau,1.0,Alianza Atlético,2.0,,Estadio Municipal Bernales,Hibert Villegas,,https://fbref.com/en/matches/0d2a521b/Atletico-Grau-Alianza-Atletico-May-22-2022-Liga-1
Liga 1 de Fútbol Profesional,M,PER,2022,1st,Torneo Apertura,15,Sun,2022-05-22,13:15,Sport Boys,1.0,Mannucci,4.0,,Estadio Miguel Grau del Callao,Alejandro Villanueva,,https://fbref.com/en/matches/511e28bc/Sport-Boys-Carlos-A-Mannucci-May-22-2022-Liga-1
Liga 1 de Fútbol Profesional,M,PER,2022,1st,Torneo Apertura,15,Sun,2022-05-22,15:30,Ayacucho,0.0,Melgar,1.0,,Estadio Ciudad de Cumaná,Roberto Pérez,,https://fbref.com/en/matches/bccc6a4a/Ayacucho-Melgar-May-22-2022-Liga-1
Liga 1 de Fútbol Profesional,M,PER,2022,1st,Torneo Apertura,15,Sun,2022-05-22,18:00,Binacional,1.0,Sport Huancayo,0.0,,Estadio Guillermo Briceño Rosamedina,Joel Alarcón,,https://fbref.com/en/matches/bb80977b/Binacional-Sport-Huancayo-May-22-2022-Liga-1
Liga 1 de Fútbol Profesional,M,PER,2022,1st,Torneo Apertura,16,Sat,2022-05-28,11:00,USMP,2.0,Asociación Deportiva Tarma,0.0,,Estadio Alberto Gallardo,Sebastián Lozano,,https://fbref.com/en/matches/9ad53ec2/Universidad-San-Martin-Asociacion-Deportiva-Tarma-May-28-2022-Liga-1
Liga 1 de Fútbol Profesional,M,PER,2022,1st,Torneo Apertura,16,Sat,2022-05-28,18:00,Mannucci,1.0,Atlético Grau,0.0,,Estadio César Flores Marigorda,Augusto Menéndez,,https://fbref.com/en/matches/6b5d9ee9/Carlos-A-Mannucci-Atletico-Grau-May-28-2022-Liga-1
Liga 1 de Fútbol Profesional,M,PER,2022,1st,Torneo Apertura,16,Sun,2022-05-29,11:00,Cantolao,0.0,Dep Municipal,2.0,,Estadio Miguel Grau del Callao,Daniel Ureta,,https://fbref.com/en/matches/30de03dd/Cantolao-Deportivo-Municipal-May-29-2022-Liga-1
Liga 1 de Fútbol Profesional,M,PER,2022,1st,Torneo Apertura,16,Sun,2022-05-29,13:00,Carlos Stein,1.0,U César Vallejo,2.0,1770.0,Estadio Mansiche,Jonathan Zamora,,https://fbref.com/en/matches/65b0c764/Carlos-Stein-Universidad-Cesar-Vallejo-May-29-2022-Liga-1
Liga 1 de Fútbol Profesional,M,PER,2022,1st,Torneo Apertura,16,Sun,2022-05-29,15:30,Melgar,2.0,Universitario,0.0,,Estadio de la Universidad Nacional San A...,Michael Espinoza,,https://fbref.com/en/matches/5a80856c/Melgar-Universitario-May-29-2022-Liga-1
Liga 1 de Fútbol Profesional,M,PER,2022,1st,Torneo Apertura,16,Mon,2022-05-30,15:30,Sport Huancayo,4.0,Alianza Atlético,1.0,,Estadio Huancayo,Edwin Ordóñez,,https://fbref.com/en/matches/b7ea9fd9/Sport-Huancayo-Alianza-Atletico-May-30-2022-Liga-1
Liga 1 de Fútbol Profesional,M,PER,2022,1st,Torneo Apertura,16,Mon,2022-05-30,19:00,Alianza Lima,1.0,Cienciano,0.0,,Estadio Alejandro Villanueva,Roberto Pérez,,https://fbref.com/en/matches/7eb5fa6a/Alianza-Lima-Cienciano-May-30-2022-Liga-1
Liga 1 de Fútbol Profesional,M,PER,2022,1st,Torneo Apertura,16,Tue,2022-05-31,15:00,UTC,2.0,Binacional,0.0,,Estadio Héroes de San Ramón,Luis Garay Evia,,https://fbref.com/en/matches/658def9b/Universidad-Tecnica-de-Cajamarca-Binacional-May-31-2022-Liga-1
Liga 1 de Fútbol Profesional,M,PER,2022,1st,Torneo Apertura,16,Sun,2022-06-05,13:00,Sporting Cristal,3.0,Sport Boys,0.0,,Estadio Alberto Gallardo,Pablo López,,https://fbref.com/en/matches/fd58ecfd/Sporting-Cristal-Sport-Boys-June-5-2022-Liga-1
Liga 1 de Fútbol Profesional,M,PER,2022,1st,Torneo Apertura,8,Sun,2022-06-05,15:30,Sport Huancayo,2.0,Alianza Lima,0.0,,Estadio Huancayo,Jonathan Zamora,,https://fbref.com/en/matches/460660f0/Sport-Huancayo-Alianza-Lima-June-5-2022-Liga-1
Liga 1 de Fútbol Profesional,M,PER,2022,1st,Torneo Apertura,17,Sat,2022-06-18,13:15,Dep Municipal,1.0,Carlos Stein,1.0,,Estadio Iván Elías Moreno,Pablo López,,https://fbref.com/en/matches/9a970334/Deportivo-Municipal-Carlos-Stein-June-18-2022-Liga-1
Liga 1 de Fútbol Profesional,M,PER,2022,1st,Torneo Apertura,17,Sat,2022-06-18,15:30,Cienciano,1.0,Cantolao,0.0,,Estadio Inca Garcilaso de la Vega,Jonathan Zamora,,https://fbref.com/en/matches/701eb41f/Cienciano-Cantolao-June-18-2022-Liga-1
Liga 1 de Fútbol Profesional,M,PER,2022,1st,Torneo Apertura,17,Sat,2022-06-18,19:30,U César Vallejo,2.0,USMP,0.0,,Estadio Mansiche,Julio Quiróz,,https://fbref.com/en/matches/1a6cf0e4/Universidad-Cesar-Vallejo-Universidad-San-Martin-June-18-2022-Liga-1
Liga 1 de Fútbol Profesional,M,PER,2022,1st,Torneo Apertura,17,Sun,2022-06-19,11:00,Sport Boys,0.0,Melgar,1.0,,Estadio Miguel Grau del Callao,Luis Garay Evia,,https://fbref.com/en/matches/4ed1b28f/Sport-Boys-Melgar-June-19-2022-Liga-1
Liga 1 de Fútbol Profesional,M,PER,2022,1st,Torneo Apertura,17,Sun,2022-06-19,13:00,Atlético Grau,0.0,Sporting Cristal,2.0,,Estadio Municipal Bernales,Daniel Ureta,,https://fbref.com/en/matches/d59a9171/Atletico-Grau-Sporting-Cristal-June-19-2022-Liga-1
Liga 1 de Fútbol Profesional,M,PER,2022,1st,Torneo Apertura,17,Sun,2022-06-19,13:10,Alianza Atlético,0.0,Mannucci,0.0,,Estadio Municipal Melanio Coloma Calderó...,Jordy Espinoza,,https://fbref.com/en/matches/9c1f3478/Alianza-Atletico-Carlos-A-Mannucci-June-19-2022-Liga-1
Liga 1 de Fútbol Profesional,M,PER,2022,1st,Torneo Apertura,17,Sun,2022-06-19,15:00,Asociación Deportiva Tarma,1.0,UTC,2.0,,Estadio Huancayo,Robin Segura Tuanama,,https://fbref.com/en/matches/13e68489/Asociacion-Deportiva-Tarma-Universidad-Tecnica-de-Cajamarca-June-19-2022-Liga-1
Liga 1 de Fútbol Profesional,M,PER,2022,1st,Torneo Apertura,17,Sun,2022-06-19,15:20,Binacional,1.0,Alianza Lima,0.0,,Estadio Guillermo Briceño Rosamedina,Michael Espinoza,,https://fbref.com/en/matches/7424fd48/Binacional-Alianza-Lima-June-19-2022-Liga-1
Liga 1 de Fútbol Profesional,M,PER,2022,1st,Torneo Apertura,17,Mon,2022-06-20,15:00,Ayacucho,1.0,Sport Huancayo,1.0,,Estadio Ciudad de Cumaná,Roberto Pérez,,https://fbref.com/en/matches/fd6a0cb8/Ayacucho-Sport-Huancayo-June-20-2022-Liga-1
Liga 1 de Fútbol Profesional,M,PER,2022,1st,Torneo Apertura,18,Fri,2022-06-24,15:30,UTC,1.0,Mannucci,2.0,,Estadio Héroes de San Ramón,Jasmani Chambi,,https://fbref.com/en/matches/42674fce/Universidad-Tecnica-de-Cajamarca-Carlos-A-Mannucci-June-24-2022-Liga-1
Liga 1 de Fútbol Profesional,M,PER,2022,1st,Torneo Apertura,18,Fri,2022-06-24,19:00,Melgar,1.0,Atlético Grau,0.0,,Estadio de la Universidad Nacional San A...,Jesús Cartagena,,https://fbref.com/en/matches/fbff8233/Melgar-Atletico-Grau-June-24-2022-Liga-1
Liga 1 de Fútbol Profesional,M,PER,2022,1st,Torneo Apertura,18,Sat,2022-06-25,15:30,Sporting Cristal,1.0,Alianza Atlético,0.0,,Estadio Alberto Gallardo,Edwin Ordóñez,,https://fbref.com/en/matches/23e69797/Sporting-Cristal-Alianza-Atletico-June-25-2022-Liga-1
Liga 1 de Fútbol Profesional,M,PER,2022,1st,Torneo Apertura,18,Sun,2022-06-26,11:00,Cantolao,3.0,Asociación Deportiva Tarma,0.0,,Estadio Miguel Grau del Callao,Luis Seminario,,https://fbref.com/en/matches/a34c5763/Cantolao-Asociacion-Deportiva-Tarma-June-26-2022-Liga-1
Liga 1 de Fútbol Profesional,M,PER,2022,1st,Torneo Apertura,18,Sun,2022-06-26,13:00,Carlos Stein,2.0,Cienciano,2.0,,Estadio Víctor Montoya Segura,Hibert Villegas,,https://fbref.com/en/matches/ef50ed15/Carlos-Stein-Cienciano-June-26-2022-Liga-1
Liga 1 de Fútbol Profesional,M,PER,2022,1st,Torneo Apertura,18,Sun,2022-06-26,13:15,U César Vallejo,4.0,Binacional,0.0,,Estadio Mansiche,Roberto Pérez,,https://fbref.com/en/matches/adaada28/Universidad-Cesar-Vallejo-Binacional-June-26-2022-Liga-1
Liga 1 de Fútbol Profesional,M,PER,2022,1st,Torneo Apertura,18,Sun,2022-06-26,15:30,Sport Huancayo,2.0,Universitario,0.0,,Estadio Huancayo,Joel Alarcón,,https://fbref.com/en/matches/a6020ed3/Sport-Huancayo-Universitario-June-26-2022-Liga-1
Liga 1 de Fútbol Profesional,M,PER,2022,1st,Torneo Apertura,18,Sun,2022-06-26,18:00,Alianza Lima,2.0,Ayacucho,0.0,,Estadio Alejandro Villanueva,Carlos Lozano,,https://fbref.com/en/matches/55ae9d18/Alianza-Lima-Ayacucho-June-26-2022-Liga-1
Liga 1 de Fútbol Profesional,M,PER,2022,1st,Torneo Apertura,18,Mon,2022-06-27,15:30,USMP,1.0,Dep Municipal,1.0,,Estadio Alberto Gallardo,Luis Ciriaco Liñan,,https://fbref.com/en/matches/b323d225/Universidad-San-Martin-Deportivo-Municipal-June-27-2022-Liga-1
Liga 1 de Fútbol Profesional,M,PER,2022,1st,Torneo Apertura,19,Fri,2022-07-01,15:30,Ayacucho,1.0,Cantolao,2.0,,Estadio Ciudad de Cumaná,Joel Alarcón,,https://fbref.com/en/matches/06a5f284/Ayacucho-Cantolao-July-1-2022-Liga-1
Liga 1 de Fútbol Profesional,M,PER,2022,1st,Torneo Apertura,19,Sat,2022-07-02,13:00,Dep Municipal,1.0,U César Vallejo,4.0,,Estadio Iván Elías Moreno,Alejandro Villanueva,,https://fbref.com/en/matches/c046bed7/Deportivo-Municipal-Universidad-Cesar-Vallejo-July-2-2022-Liga-1
Liga 1 de Fútbol Profesional,M,PER,2022,1st,Torneo Apertura,19,Sat,2022-07-02,15:15,Cienciano,5.0,USMP,3.0,,Estadio Inca Garcilaso de la Vega,Julio Quiróz,,https://fbref.com/en/matches/4fb8f5ba/Cienciano-Universidad-San-Martin-July-2-2022-Liga-1
Liga 1 de Fútbol Profesional,M,PER,2022,1st,Torneo Apertura,19,Sat,2022-07-02,18:00,Binacional,3.0,Carlos Stein,0.0,,Estadio Guillermo Briceño Rosamedina,Edwin Ordóñez,,https://fbref.com/en/matches/9df3ff6b/Binacional-Carlos-Stein-July-2-2022-Liga-1
Liga 1 de Fútbol Profesional,M,PER,2022,1st,Torneo Apertura,19,Sun,2022-07-03,12:00,Mannucci,1.0,Sporting Cristal,3.0,,Estadio Mansiche,Victor Cori,,https://fbref.com/en/matches/7fcecb05/Carlos-A-Mannucci-Sporting-Cristal-July-3-2022-Liga-1
Liga 1 de Fútbol Profesional,M,PER,2022,1st,Torneo Apertura,19,Sun,2022-07-03,15:00,Alianza Atlético,0.0,Melgar,0.0,,Estadio Municipal Melanio Coloma Calderó...,Michael Espinoza,,https://fbref.com/en/matches/0f2e409f/Alianza-Atletico-Melgar-July-3-2022-Liga-1
Liga 1 de Fútbol Profesional,M,PER,2022,1st,Torneo Apertura,19,Sun,2022-07-03,15:00,Sport Boys,2.0,Sport Huancayo,3.0,,Estadio Alberto Gallardo,Jesús Cartagena,,https://fbref.com/en/matches/75e6983a/Sport-Boys-Sport-Huancayo-July-3-2022-Liga-1
Liga 1 de Fútbol Profesional,M,PER,2022,1st,Torneo Apertura,19,Sun,2022-07-03,15:00,Asociación Deportiva Tarma,1.0,Alianza Lima,1.0,,Estadio Municipal Unión de Tarma,Daniel Ureta,,https://fbref.com/en/matches/e713fc83/Asociacion-Deportiva-Tarma-Alianza-Lima-July-3-2022-Liga-1
Liga 1 de Fútbol Profesional,M,PER,2022,1st,Torneo Apertura,19,Sun,2022-07-03,20:00,Universitario,1.0,UTC,0.0,,Estadio Monumental,Luis Garay Evia,,https://fbref.com/en/matches/a60bf285/Universitario-Universidad-Tecnica-de-Cajamarca-July-3-2022-Liga-1
Liga 1 de Fútbol Profesional,M,PER,2022,1st,Torneo Clausura,1,Sat,2022-07-09,13:00,Sporting Cristal,4.0,Sport Huancayo,3.0,,Estadio Alberto Gallardo,Hibert Villegas,,https://fbref.com/en/matches/b7415d31/Sporting-Cristal-Sport-Huancayo-July-9-2022-Liga-1
Liga 1 de Fútbol Profesional,M,PER,2022,1st,Torneo Clausura,1,Sat,2022-07-09,15:15,Ayacucho,1.0,Dep Municipal,1.0,,Estadio Ciudad de Cumaná,Fernando Legario,,https://fbref.com/en/matches/8e1e5163/Ayacucho-Deportivo-Municipal-July-9-2022-Liga-1
Liga 1 de Fútbol Profesional,M,PER,2022,1st,Torneo Clausura,1,Sat,2022-07-09,18:00,Cienciano,2.0,U César Vallejo,0.0,,Estadio Inca Garcilaso de la Vega,Beider Joel Vásquez Guevara,,https://fbref.com/en/matches/b858e928/Cienciano-Universidad-Cesar-Vallejo-July-9-2022-Liga-1
Liga 1 de Fútbol Profesional,M,PER,2022,1st,Torneo Clausura,1,Sun,2022-07-10,13:00,Atlético Grau,1.0,Alianza Lima,2.0,,Estadio Municipal Bernales,David Huaman,,https://fbref.com/en/matches/7efa4ddf/Atletico-Grau-Alianza-Lima-July-10-2022-Liga-1
Liga 1 de Fútbol Profesional,M,PER,2022,1st,Torneo Clausura,1,Sun,2022-07-10,13:15,Mannucci,0.0,Melgar,1.0,,Estadio Mansiche,Sebastián Lozano,,https://fbref.com/en/matches/b5cb13cf/Carlos-A-Mannucci-Melgar-July-10-2022-Liga-1
Liga 1 de Fútbol Profesional,M,PER,2022,1st,Torneo Clausura,1,Sun,2022-07-10,15:00,Asociación Deportiva Tarma,1.0,Carlos Stein,0.0,,Estadio Municipal Unión de Tarma,Luis Garay Evia,,https://fbref.com/en/matches/7b226273/Asociacion-Deportiva-Tarma-Carlos-Stein-July-10-2022-Liga-1
Liga 1 de Fútbol Profesional,M,PER,2022,1st,Torneo Clausura,1,Sun,2022-07-10,15:30,Universitario,1.0,Cantolao,1.0,,Estadio Monumental,Gean Pierre Barbagelatta,,https://fbref.com/en/matches/3a040fbb/Universitario-Cantolao-July-10-2022-Liga-1
Liga 1 de Fútbol Profesional,M,PER,2022,1st,Torneo Clausura,1,Mon,2022-07-11,13:00,Sport Boys,3.0,UTC,0.0,,Estadio Iván Elías Moreno,Luis Seminario,,https://fbref.com/en/matches/5bb8878c/Sport-Boys-Universidad-Tecnica-de-Cajamarca-July-11-2022-Liga-1
Liga 1 de Fútbol Profesional,M,PER,2022,1st,Torneo Clausura,1,Mon,2022-07-11,15:15,Binacional,4.0,USMP,0.0,,Estadio Guillermo Briceño Rosamedina,Pablo López,,https://fbref.com/en/matches/8408ebbc/Binacional-Universidad-San-Martin-July-11-2022-Liga-1
Liga 1 de Fútbol Profesional,M,PER,2022,1st,Torneo Clausura,2,Fri,2022-07-15,15:30,Dep Municipal,0.0,Cienciano,0.0,,Estadio Iván Elías Moreno,Wilfredo Blas,,https://fbref.com/en/matches/6aa475a7/Deportivo-Municipal-Cienciano-July-15-2022-Liga-1
Liga 1 de Fútbol Profesional,M,PER,2022,1st,Torneo Clausura,2,Sat,2022-07-16,13:00,U César Vallejo,3.0,Asociación Deportiva Tarma,2.0,,Estadio Mansiche,James Huamaní,,https://fbref.com/en/matches/4047a7d1/Universidad-Cesar-Vallejo-Asociacion-Deportiva-Tarma-July-16-2022-Liga-1
Liga 1 de Fútbol Profesional,M,PER,2022,1st,Torneo Clausura,2,Sat,2022-07-16,15:30,USMP,0.0,Universitario,4.0,,Estadio Alberto Gallardo,Jordy Espinoza,,https://fbref.com/en/matches/d31e0346/Universidad-San-Martin-Universitario-July-16-2022-Liga-1
Liga 1 de Fútbol Profesional,M,PER,2022,1st,Torneo Clausura,2,Sat,2022-07-16,18:00,Sport Huancayo,1.0,Atlético Grau,1.0,,Estadio Huancayo,Edwin Ordóñez,,https://fbref.com/en/matches/f3f4ac4e/Sport-Huancayo-Atletico-Grau-July-16-2022-Liga-1
Liga 1 de Fútbol Profesional,M,PER,2022,1st,Torneo Clausura,2,Sun,2022-07-17,11:00,Cantolao,1.0,Binacional,0.0,,Estadio Miguel Grau del Callao,Kevin Ortega,,https://fbref.com/en/matches/c8a133ee/Cantolao-Binacional-July-17-2022-Liga-1
Liga 1 de Fútbol Profesional,M,PER,2022,1st,Torneo Clausura,2,Sun,2022-07-17,13:00,Carlos Stein,2.0,Ayacucho,2.0,,Estadio Víctor Montoya Segura,Michael Espinoza,,https://fbref.com/en/matches/8ecaaa72/Carlos-Stein-Ayacucho-July-17-2022-Liga-1
Liga 1 de Fútbol Profesional,M,PER,2022,1st,Torneo Clausura,2,Sun,2022-07-17,13:15,Alianza Lima,3.0,Sport Boys,1.0,,Estadio Alejandro Villanueva,Roberto Pérez,,https://fbref.com/en/matches/72736c4f/Alianza-Lima-Sport-Boys-July-17-2022-Liga-1
Liga 1 de Fútbol Profesional,M,PER,2022,1st,Torneo Clausura,2,Sun,2022-07-17,15:30,Melgar,0.0,Sporting Cristal,1.0,,Estadio de la Universidad Nacional San A...,Joel Alarcón,,https://fbref.com/en/matches/2c10d397/Melgar-Sporting-Cristal-July-17-2022-Liga-1
Liga 1 de Fútbol Profesional,M,PER,2022,1st,Torneo Clausura,2,Mon,2022-07-18,15:30,UTC,2.0,Alianza Atlético,1.0,,Estadio Héroes de San Ramón,Julio Quiróz,,https://fbref.com/en/matches/adeb9416/Universidad-Tecnica-de-Cajamarca-Alianza-Atletico-July-18-2022-Liga-1
Liga 1 de Fútbol Profesional,M,PER,2022,1st,Torneo Clausura,3,Fri,2022-07-22,15:00,Ayacucho,0.0,U César Vallejo,1.0,,Estadio Ciudad de Cumaná,Edwin Ordóñez,,https://fbref.com/en/matches/a2610484/Ayacucho-Universidad-Cesar-Vallejo-July-22-2022-Liga-1
Liga 1 de Fútbol Profesional,M,PER,2022,1st,Torneo Clausura,3,Sat,2022-07-23,11:00,Alianza Atlético,3.0,Cantolao,1.0,,Estadio Municipal Melanio Coloma Calderó...,Michael Espinoza,,https://fbref.com/en/matches/3238e633/Alianza-Atletico-Cantolao-July-23-2022-Liga-1
Liga 1 de Fútbol Profesional,M,PER,2022,1st,Torneo Clausura,3,Sat,2022-07-23,13:00,Atlético Grau,3.0,UTC,1.0,,Estadio Municipal Bernales,Robin Segura Tuanama,,https://fbref.com/en/matches/1961bffc/Atletico-Grau-Universidad-Tecnica-de-Cajamarca-July-23-2022-Liga-1
Liga 1 de Fútbol Profesional,M,PER,2022,1st,Torneo Clausura,3,Sat,2022-07-23,13:15,Sport Boys,2.0,USMP,0.0,,Estadio Miguel Grau del Callao,Pablo López,,https://fbref.com/en/matches/19717e89/Sport-Boys-Universidad-San-Martin-July-23-2022-Liga-1
Liga 1 de Fútbol Profesional,M,PER,2022,1st,Torneo Clausura,3,Sat,2022-07-23,15:30,Mannucci,0.0,Alianza Lima,1.0,,Estadio Mansiche,Luis Garay Evia,,https://fbref.com/en/matches/79f83de7/Carlos-A-Mannucci-Alianza-Lima-July-23-2022-Liga-1
Liga 1 de Fútbol Profesional,M,PER,2022,1st,Torneo Clausura,3,Sat,2022-07-23,18:00,Melgar,1.0,Sport Huancayo,0.0,,Estadio de la Universidad Nacional San A...,Kevin Ortega,,https://fbref.com/en/matches/f241ecff/Melgar-Sport-Huancayo-July-23-2022-Liga-1
Liga 1 de Fútbol Profesional,M,PER,2022,1st,Torneo Clausura,3,Sun,2022-07-24,15:00,Asociación Deportiva Tarma,0.0,Cienciano,1.0,,Estadio Municipal Unión de Tarma,Sebastián Lozano,,https://fbref.com/en/matches/e8cd98c6/Asociacion-Deportiva-Tarma-Cienciano-July-24-2022-Liga-1
Liga 1 de Fútbol Profesional,M,PER,2022,1st,Torneo Clausura,3,Sun,2022-07-24,15:30,Universitario,2.0,Carlos Stein,0.0,,Estadio Monumental,Daniel Ureta,,https://fbref.com/en/matches/dc3ff6ed/Universitario-Carlos-Stein-July-24-2022-Liga-1
Liga 1 de Fútbol Profesional,M,PER,2022,1st,Torneo Clausura,3,Sun,2022-07-24,18:00,Binacional,2.0,Dep Municipal,0.0,,Estadio Guillermo Briceño Rosamedina,Roberto Pérez,,https://fbref.com/en/matches/86bb4996/Binacional-Deportivo-Municipal-July-24-2022-Liga-1
Liga 1 de Fútbol Profesional,M,PER,2022,1st,Torneo Clausura,4,Tue,2022-07-26,13:00,Cantolao,1.0,Atlético Grau,2.0,,Estadio Iván Elías Moreno,Luis Seminario,,https://fbref.com/en/matches/6d0fb750/Cantolao-Atletico-Grau-July-26-2022-Liga-1
Liga 1 de Fútbol Profesional,M,PER,2022,1st,Torneo Clausura,4,Tue,2022-07-26,15:15,UTC,0.0,Sporting Cristal,2.0,,Estadio Héroes de San Ramón,Wilfredo Blas,,https://fbref.com/en/matches/810dccc3/Universidad-Tecnica-de-Cajamarca-Sporting-Cristal-July-26-2022-Liga-1
Liga 1 de Fútbol Profesional,M,PER,2022,1st,Torneo Clausura,4,Tue,2022-07-26,17:30,Sport Huancayo,4.0,Mannucci,0.0,,Estadio Huancayo,Fernando Legario,,https://fbref.com/en/matches/9aa4d6d1/Sport-Huancayo-Carlos-A-Mannucci-July-26-2022-Liga-1
Liga 1 de Fútbol Profesional,M,PER,2022,1st,Torneo Clausura,4,Wed,2022-07-27,11:00,Alianza Lima,1.0,Alianza Atlético,0.0,,Estadio Alejandro Villanueva,Alejandro Villanueva,,https://fbref.com/en/matches/25458356/Alianza-Lima-Alianza-Atletico-July-27-2022-Liga-1
Liga 1 de Fútbol Profesional,M,PER,2022,1st,Torneo Clausura,4,Wed,2022-07-27,13:00,USMP,3.0,Ayacucho,3.0,,Estadio Alberto Gallardo,Victor Cori,,https://fbref.com/en/matches/816c5341/Universidad-San-Martin-Ayacucho-July-27-2022-Liga-1
Liga 1 de Fútbol Profesional,M,PER,2022,1st,Torneo Clausura,4,Wed,2022-07-27,15:00,Carlos Stein,3.0,Sport Boys,2.0,,Estadio Víctor Montoya Segura,Hibert Villegas,,https://fbref.com/en/matches/d8d17494/Carlos-Stein-Sport-Boys-July-27-2022-Liga-1
Liga 1 de Fútbol Profesional,M,PER,2022,1st,Torneo Clausura,4,Wed,2022-07-27,15:15,Dep Municipal,1.0,Asociación Deportiva Tarma,0.0,,Estadio Iván Elías Moreno,Jesús Cartagena,,https://fbref.com/en/matches/3103eb00/Deportivo-Municipal-Asociacion-Deportiva-Tarma-July-27-2022-Liga-1
Liga 1 de Fútbol Profesional,M,PER,2022,1st,Torneo Clausura,4,Wed,2022-07-27,17:30,Cienciano,1.0,Binacional,1.0,,Estadio Inca Garcilaso de la Vega,Joel Alarcón,,https://fbref.com/en/matches/273241f6/Cienciano-Binacional-July-27-2022-Liga-1
Liga 1 de Fútbol Profesional,M,PER,2022,1st,Torneo Clausura,4,Wed,2022-07-27,20:00,U César Vallejo,1.0,Universitario,0.0,,Estadio Mansiche,Jonathan Zamora,,https://fbref.com/en/matches/69d43160/Universidad-Cesar-Vallejo-Universitario-July-27-2022-Liga-1
Liga 1 de Fútbol Profesional,M,PER,2022,1st,Torneo Clausura,5,Fri,2022-07-29,15:30,Melgar,1.0,UTC,0.0,,Estadio de la Universidad Nacional San A...,Daniel Ureta,,https://fbref.com/en/matches/52798459/Melgar-Universidad-Tecnica-de-Cajamarca-July-29-2022-Liga-1
Liga 1 de Fútbol Profesional,M,PER,2022,1st,Torneo Clausura,5,Sat,2022-07-30,15:15,Ayacucho,0.0,Cienciano,1.0,,Estadio Ciudad de Cumaná,Luis Garay Evia,,https://fbref.com/en/matches/d4d18c26/Ayacucho-Cienciano-July-30-2022-Liga-1
Liga 1 de Fútbol Profesional,M,PER,2022,1st,Torneo Clausura,5,Sat,2022-07-30,18:00,Universitario,0.0,Dep Municipal,1.0,,Estadio Monumental,Pablo López,,https://fbref.com/en/matches/d8be4f4b/Universitario-Deportivo-Municipal-July-30-2022-Liga-1
Liga 1 de Fútbol Profesional,M,PER,2022,1st,Torneo Clausura,5,Sun,2022-07-31,11:00,Alianza Atlético,2.0,Carlos Stein,1.0,,Estadio Municipal Melanio Coloma Calderó...,James Huamaní,,https://fbref.com/en/matches/9f83b92f/Alianza-Atletico-Carlos-Stein-July-31-2022-Liga-1
Liga 1 de Fútbol Profesional,M,PER,2022,1st,Torneo Clausura,5,Sun,2022-07-31,13:00,Atlético Grau,1.0,USMP,0.0,,Estadio Municipal Bernales,Beider Joel Vásquez Guevara,,https://fbref.com/en/matches/bd772730/Atletico-Grau-Universidad-San-Martin-July-31-2022-Liga-1
Liga 1 de Fútbol Profesional,M,PER,2022,1st,Torneo Clausura,5,Sun,2022-07-31,13:00,Mannucci,0.0,Cantolao,0.0,,Estadio Mansiche,Jordy Espinoza,,https://fbref.com/en/matches/dbb7ac20/Carlos-A-Mannucci-Cantolao-July-31-2022-Liga-1
Liga 1 de Fútbol Profesional,M,PER,2022,1st,Torneo Clausura,5,Sun,2022-07-31,15:00,Asociación Deportiva Tarma,1.0,Binacional,0.0,,Estadio Municipal Unión de Tarma,Augusto Menéndez,,https://fbref.com/en/matches/039de6cf/Asociacion-Deportiva-Tarma-Binacional-July-31-2022-Liga-1
Liga 1 de Fútbol Profesional,M,PER,2022,1st,Torneo Clausura,5,Sun,2022-07-31,15:30,Sporting Cristal,0.0,Alianza Lima,0.0,,Estadio Alberto Gallardo,Kevin Ortega,,https://fbref.com/en/matches/587729c7/Sporting-Cristal-Alianza-Lima-July-31-2022-Liga-1
Liga 1 de Fútbol Profesional,M,PER,2022,1st,Torneo Clausura,5,Mon,2022-08-01,13:00,Sport Boys,1.0,U César Vallejo,2.0,,Estadio Miguel Grau,Carlos Lozano,,https://fbref.com/en/matches/863ff350/Sport-Boys-Universidad-Cesar-Vallejo-August-1-2022-Liga-1
Liga 1 de Fútbol Profesional,M,PER,2022,1st,Torneo Clausura,6,Sat,2022-08-06,11:00,USMP,1.0,Alianza Atlético,0.0,,Estadio Monumental,Hibert Villegas,,https://fbref.com/en/matches/8e4d6ded/Universidad-San-Martin-Alianza-Atletico-August-6-2022-Liga-1
Liga 1 de Fútbol Profesional,M,PER,2022,1st,Torneo Clausura,6,Sat,2022-08-06,13:15,Cantolao,2.0,Sporting Cristal,2.0,,Estadio Monumental,Julio Quiróz,,https://fbref.com/en/matches/d64564c4/Cantolao-Sporting-Cristal-August-6-2022-Liga-1
Liga 1 de Fútbol Profesional,M,PER,2022,1st,Torneo Clausura,6,Sat,2022-08-06,15:30,Binacional,4.0,Ayacucho,1.0,,Estadio Guillermo Briceño Rosamedina,Roberto Pérez,,https://fbref.com/en/matches/29560c92/Binacional-Ayacucho-August-6-2022-Liga-1
Liga 1 de Fútbol Profesional,M,PER,2022,1st,Torneo Clausura,6,Sat,2022-08-06,18:00,Sport Huancayo,1.0,Asociación Deportiva Tarma,1.0,,Estadio Huancayo,Micke Palomino,,https://fbref.com/en/matches/c2ff8c96/Sport-Huancayo-Asociacion-Deportiva-Tarma-August-6-2022-Liga-1
Liga 1 de Fútbol Profesional,M,PER,2022,1st,Torneo Clausura,6,Sun,2022-08-07,11:00,U César Vallejo,0.0,Atlético Grau,1.0,,Estadio Mansiche,Robin Segura Tuanama,,https://fbref.com/en/matches/b7ddcb08/Universidad-Cesar-Vallejo-Atletico-Grau-August-7-2022-Liga-1
Liga 1 de Fútbol Profesional,M,PER,2022,1st,Torneo Clausura,6,Sun,2022-08-07,13:15,Dep Municipal,2.0,Sport Boys,2.0,,Estadio Iván Elías Moreno,Joel Alarcón,,https://fbref.com/en/matches/81ae894a/Deportivo-Municipal-Sport-Boys-August-7-2022-Liga-1
Liga 1 de Fútbol Profesional,M,PER,2022,1st,Torneo Clausura,6,Sun,2022-08-07,15:30,Cienciano,1.0,Universitario,0.0,,Estadio Inca Garcilaso de la Vega,Jesús Cartagena,,https://fbref.com/en/matches/a4dad969/Cienciano-Universitario-August-7-2022-Liga-1
Liga 1 de Fútbol Profesional,M,PER,2022,1st,Torneo Clausura,7,Sat,2022-08-13,11:00,Sporting Cristal,3.0,Carlos Stein,2.0,,Estadio Monumental,Italo Gonzáles,,https://fbref.com/en/matches/65b5b4ff/Sporting-Cristal-Carlos-Stein-August-13-2022-Liga-1
Liga 1 de Fútbol Profesional,M,PER,2022,1st,Torneo Clausura,7,Sat,2022-08-13,13:15,Mannucci,3.0,USMP,2.0,,Estadio Mansiche,Sebastián Lozano,,https://fbref.com/en/matches/4dbfe9e7/Carlos-A-Mannucci-Universidad-San-Martin-August-13-2022-Liga-1
Liga 1 de Fútbol Profesional,M,PER,2022,1st,Torneo Clausura,7,Sat,2022-08-13,15:30,Ayacucho,1.0,Asociación Deportiva Tarma,2.0,,Estadio Ciudad de Cumaná,Augusto Menéndez,,https://fbref.com/en/matches/5c5648ea/Ayacucho-Asociacion-Deportiva-Tarma-August-13-2022-Liga-1
Liga 1 de Fútbol Profesional,M,PER,2022,1st,Torneo Clausura,7,Sat,2022-08-13,19:00,Universitario,2.0,Binacional,0.0,,Estadio Monumental,Kevin Ortega,,https://fbref.com/en/matches/6f9e23f4/Universitario-Binacional-August-13-2022-Liga-1
Liga 1 de Fútbol Profesional,M,PER,2022,1st,Torneo Clausura,7,Sun,2022-08-14,11:00,Alianza Atlético,3.0,U César Vallejo,0.0,,Estadio Municipal Melanio Coloma Calderó...,Luis Garay Evia,,https://fbref.com/en/matches/160bed8d/Alianza-Atletico-Universidad-Cesar-Vallejo-August-14-2022-Liga-1
Liga 1 de Fútbol Profesional,M,PER,2022,1st,Torneo Clausura,7,Sun,2022-08-14,13:00,Atlético Grau,2.0,Dep Municipal,1.0,,Estadio Municipal Bernales,Daniel Ureta,,https://fbref.com/en/matches/c6459b94/Atletico-Grau-Deportivo-Municipal-August-14-2022-Liga-1
Liga 1 de Fútbol Profesional,M,PER,2022,1st,Torneo Clausura,7,Sun,2022-08-14,13:15,Sport Boys,2.0,Cienciano,1.0,,Estadio Iván Elías Moreno,Roberto Pérez,,https://fbref.com/en/matches/02fa677b/Sport-Boys-Cienciano-August-14-2022-Liga-1
Liga 1 de Fútbol Profesional,M,PER,2022,1st,Torneo Clausura,7,Sun,2022-08-14,15:30,Sport Huancayo,4.0,UTC,0.0,,Estadio Huancayo,Julio Quiróz,,https://fbref.com/en/matches/28b4cee1/Sport-Huancayo-Universidad-Tecnica-de-Cajamarca-August-14-2022-Liga-1
Liga 1 de Fútbol Profesional,M,PER,2022,1st,Torneo Clausura,7,Mon,2022-08-15,19:00,Melgar,3.0,Cantolao,1.0,,Estadio de la Universidad Nacional San A...,Hibert Villegas,,https://fbref.com/en/matches/55c9b38d/Melgar-Cantolao-August-15-2022-Liga-1
Liga 1 de Fútbol Profesional,M,PER,2022,1st,Torneo Clausura,8,Fri,2022-08-19,15:00,UTC,2.0,Ayacucho,1.0,,Estadio Héroes de San Ramón,Kevin Ortega,,https://fbref.com/en/matches/c678b52e/Universidad-Tecnica-de-Cajamarca-Ayacucho-August-19-2022-Liga-1
Liga 1 de Fútbol Profesional,M,PER,2022,1st,Torneo Clausura,8,Sat,2022-08-20,13:15,Dep Municipal,0.0,Alianza Atlético,1.0,,Estadio Iván Elías Moreno,Robin Segura Tuanama,,https://fbref.com/en/matches/d7c60f0f/Deportivo-Municipal-Alianza-Atletico-August-20-2022-Liga-1
Liga 1 de Fútbol Profesional,M,PER,2022,1st,Torneo Clausura,8,Sat,2022-08-20,15:30,Cienciano,2.0,Atlético Grau,2.0,,Estadio Inca Garcilaso de la Vega,Sebastián Lozano,,https://fbref.com/en/matches/12c1f7e2/Cienciano-Atletico-Grau-August-20-2022-Liga-1
Liga 1 de Fútbol Profesional,M,PER,2022,1st,Torneo Clausura,8,Sun,2022-08-21,11:00,Alianza Lima,1.0,Sport Huancayo,0.0,,Estadio Alejandro Villanueva,Joel Alarcón,,https://fbref.com/en/matches/241d7956/Alianza-Lima-Sport-Huancayo-August-21-2022-Liga-1
Liga 1 de Fútbol Profesional,M,PER,2022,1st,Torneo Clausura,8,Sun,2022-08-21,13:00,Carlos Stein,0.0,Melgar,2.0,,Estadio Víctor Montoya Segura,Daniel Ureta,,https://fbref.com/en/matches/cee88bc0/Carlos-Stein-Melgar-August-21-2022-Liga-1
Liga 1 de Fútbol Profesional,M,PER,2022,1st,Torneo Clausura,8,Sun,2022-08-21,13:15,U César Vallejo,4.0,Mannucci,1.0,,Estadio Mansiche,Julio Quiróz,,https://fbref.com/en/matches/79254024/Universidad-Cesar-Vallejo-Carlos-A-Mannucci-August-21-2022-Liga-1
Liga 1 de Fútbol Profesional,M,PER,2022,1st,Torneo Clausura,8,Sun,2022-08-21,15:00,Asociación Deportiva Tarma,1.0,Universitario,1.0,,Estadio Municipal Unión de Tarma,Edwin Ordóñez,,https://fbref.com/en/matches/441b2105/Asociacion-Deportiva-Tarma-Universitario-August-21-2022-Liga-1
Liga 1 de Fútbol Profesional,M,PER,2022,1st,Torneo Clausura,8,Sun,2022-08-21,15:30,USMP,1.0,Sporting Cristal,2.0,,Estadio Monumental,Luis Garay Evia,,https://fbref.com/en/matches/72144011/Universidad-San-Martin-Sporting-Cristal-August-21-2022-Liga-1
Liga 1 de Fútbol Profesional,M,PER,2022,1st,Torneo Clausura,8,Sun,2022-08-21,18:00,Binacional,3.0,Sport Boys,0.0,,Estadio Guillermo Briceño Rosamedina,Michael Espinoza,,https://fbref.com/en/matches/4d2de00b/Binacional-Sport-Boys-August-21-2022-Liga-1
Liga 1 de Fútbol Profesional,M,PER,2022,1st,Torneo Clausura,9,Fri,2022-08-26,15:30,Sport Boys,2.0,Asociación Deportiva Tarma,1.0,,Estadio Iván Elías Moreno,Christian Zegarra,,https://fbref.com/en/matches/bf4a7c3f/Sport-Boys-Asociacion-Deportiva-Tarma-August-26-2022-Liga-1
Liga 1 de Fútbol Profesional,M,PER,2022,1st,Torneo Clausura,9,Fri,2022-08-26,19:00,Melgar,2.0,USMP,1.0,,Estadio de la Universidad Nacional San A...,Wilfredo Blas,,https://fbref.com/en/matches/8f3e4cd2/Melgar-Universidad-San-Martin-August-26-2022-Liga-1
Liga 1 de Fútbol Profesional,M,PER,2022,1st,Torneo Clausura,9,Sat,2022-08-27,13:00,Mannucci,1.0,Dep Municipal,1.0,,Estadio Mansiche,Fernando Legario,,https://fbref.com/en/matches/54c7d506/Carlos-A-Mannucci-Deportivo-Municipal-August-27-2022-Liga-1
Liga 1 de Fútbol Profesional,M,PER,2022,1st,Torneo Clausura,9,Sat,2022-08-27,15:30,Sport Huancayo,1.0,Cantolao,1.0,,Estadio Huancayo,Daniel Ureta,,https://fbref.com/en/matches/dd0b63dd/Sport-Huancayo-Cantolao-August-27-2022-Liga-1
Liga 1 de Fútbol Profesional,M,PER,2022,1st,Torneo Clausura,9,Sat,2022-08-27,19:00,Universitario,2.0,Ayacucho,1.0,,Estadio Monumental,Joel Alarcón,,https://fbref.com/en/matches/8ec252c5/Universitario-Ayacucho-August-27-2022-Liga-1
Liga 1 de Fútbol Profesional,M,PER,2022,1st,Torneo Clausura,9,Sun,2022-08-28,11:00,Alianza Atlético,1.0,Cienciano,0.0,,Estadio Municipal Melanio Coloma Calderó...,Julio Quiróz,,https://fbref.com/en/matches/81718887/Alianza-Atletico-Cienciano-August-28-2022-Liga-1
Liga 1 de Fútbol Profesional,M,PER,2022,1st,Torneo Clausura,9,Sun,2022-08-28,13:00,Atlético Grau,3.0,Binacional,1.0,,Estadio Municipal Bernales,Kevin Ortega,,https://fbref.com/en/matches/a0d27cda/Atletico-Grau-Binacional-August-28-2022-Liga-1
Liga 1 de Fútbol Profesional,M,PER,2022,1st,Torneo Clausura,9,Sun,2022-08-28,13:15,Sporting Cristal,0.0,U César Vallejo,0.0,,Estadio Alberto Gallardo,Alejandro Villanueva,,https://fbref.com/en/matches/832d470e/Sporting-Cristal-Universidad-Cesar-Vallejo-August-28-2022-Liga-1
Liga 1 de Fútbol Profesional,M,PER,2022,1st,Torneo Clausura,9,Sun,2022-08-28,15:30,UTC,1.0,Alianza Lima,1.0,,Estadio Héroes de San Ramón,Roberto Pérez,,https://fbref.com/en/matches/25f678a8/Universidad-Tecnica-de-Cajamarca-Alianza-Lima-August-28-2022-Liga-1
Liga 1 de Fútbol Profesional,M,PER,2022,1st,Torneo Clausura,10,Fri,2022-09-02,15:30,Ayacucho,1.0,Sport Boys,1.0,,Estadio Ciudad de Cumaná,Diego Haro,,https://fbref.com/en/matches/2061f609/Ayacucho-Sport-Boys-September-2-2022-Liga-1
Liga 1 de Fútbol Profesional,M,PER,2022,1st,Torneo Clausura,10,Sat,2022-09-03,13:00,Dep Municipal,0.0,Sporting Cristal,3.0,,Estadio Iván Elías Moreno,Joel Alarcón,,https://fbref.com/en/matches/7a4e148b/Deportivo-Municipal-Sporting-Cristal-September-3-2022-Liga-1
Liga 1 de Fútbol Profesional,M,PER,2022,1st,Torneo Clausura,10,Sat,2022-09-03,15:30,Cienciano,2.0,Mannucci,0.0,,Estadio Inca Garcilaso de la Vega,Italo Gonzáles,,https://fbref.com/en/matches/2d45ae9e/Cienciano-Carlos-A-Mannucci-September-3-2022-Liga-1
Liga 1 de Fútbol Profesional,M,PER,2022,1st,Torneo Clausura,10,Sun,2022-09-04,11:00,Cantolao,0.0,UTC,0.0,,Estadio Iván Elías Moreno,Luis Garay Evia,,https://fbref.com/en/matches/1216b57f/Cantolao-Universidad-Tecnica-de-Cajamarca-September-4-2022-Liga-1
Liga 1 de Fútbol Profesional,M,PER,2022,1st,Torneo Clausura,10,Sun,2022-09-04,13:00,Carlos Stein,0.0,Sport Huancayo,1.0,,Estadio Víctor Montoya Segura,Sebastián Lozano,,https://fbref.com/en/matches/ea1b2ee7/Carlos-Stein-Sport-Huancayo-September-4-2022-Liga-1
Liga 1 de Fútbol Profesional,M,PER,2022,1st,Torneo Clausura,10,Sun,2022-09-04,15:00,Asociación Deportiva Tarma,1.0,Atlético Grau,1.0,,Estadio Municipal Unión de Tarma,Hibert Villegas,,https://fbref.com/en/matches/e7f44014/Asociacion-Deportiva-Tarma-Atletico-Grau-September-4-2022-Liga-1
Liga 1 de Fútbol Profesional,M,PER,2022,1st,Torneo Clausura,10,Sun,2022-09-04,15:30,Alianza Lima,0.0,Universitario,2.0,,Estadio Alejandro Villanueva,Augusto Menéndez,,https://fbref.com/en/matches/612225e6/Alianza-Lima-Universitario-September-4-2022-Liga-1
Liga 1 de Fútbol Profesional,M,PER,2022,1st,Torneo Clausura,10,Mon,2022-09-05,15:30,Binacional,2.0,Alianza Atlético,0.0,,Estadio Guillermo Briceño Rosamedina,Jesús Cartagena,,https://fbref.com/en/matches/e62bbb33/Binacional-Alianza-Atletico-September-5-2022-Liga-1
Liga 1 de Fútbol Profesional,M,PER,2022,1st,Torneo Clausura,11,Fri,2022-09-09,15:30,UTC,4.0,Carlos Stein,0.0,,Estadio Héroes de San Ramón,Wilfredo Blas,,https://fbref.com/en/matches/ab4e2bc8/Universidad-Tecnica-de-Cajamarca-Carlos-Stein-September-9-2022-Liga-1
Liga 1 de Fútbol Profesional,M,PER,2022,1st,Torneo Clausura,11,Sat,2022-09-10,13:15,Alianza Atlético,2.0,Asociación Deportiva Tarma,2.0,,Estadio Municipal Melanio Coloma Calderó...,Italo Gonzáles,,https://fbref.com/en/matches/0b557e19/Alianza-Atletico-Asociacion-Deportiva-Tarma-September-10-2022-Liga-1
Liga 1 de Fútbol Profesional,M,PER,2022,1st,Torneo Clausura,11,Sat,2022-09-10,15:30,Alianza Lima,0.0,Cantolao,0.0,,Estadio Alejandro Villanueva,Kevin Ortega,,https://fbref.com/en/matches/8bc867f3/Alianza-Lima-Cantolao-September-10-2022-Liga-1
Liga 1 de Fútbol Profesional,M,PER,2022,1st,Torneo Clausura,11,Sun,2022-09-11,11:00,Sporting Cristal,4.0,Cienciano,1.0,5000.0,Estadio Alberto Gallardo,Christian Zegarra,,https://fbref.com/en/matches/161a6f36/Sporting-Cristal-Cienciano-September-11-2022-Liga-1
Liga 1 de Fútbol Profesional,M,PER,2022,1st,Torneo Clausura,11,Sun,2022-09-11,13:00,Atlético Grau,3.0,Ayacucho,0.0,,Estadio Municipal Bernales,Daniel Ureta,,https://fbref.com/en/matches/419efe28/Atletico-Grau-Ayacucho-September-11-2022-Liga-1
Liga 1 de Fútbol Profesional,M,PER,2022,1st,Torneo Clausura,11,Sun,2022-09-11,13:15,Mannucci,2.0,Binacional,1.0,,Estadio Mansiche,Joel Alarcón,,https://fbref.com/en/matches/26cbfd4a/Carlos-A-Mannucci-Binacional-September-11-2022-Liga-1
Liga 1 de Fútbol Profesional,M,PER,2022,1st,Torneo Clausura,11,Sun,2022-09-11,15:45,Sport Boys,0.0,Universitario,1.0,,Estadio Iván Elías Moreno,Roberto Pérez,,https://fbref.com/en/matches/6df7f543/Sport-Boys-Universitario-September-11-2022-Liga-1
Liga 1 de Fútbol Profesional,M,PER,2022,1st,Torneo Clausura,11,Sun,2022-09-11,18:00,Melgar,6.0,Dep Municipal,2.0,,Estadio de la Universidad Nacional San A...,Carlos Lozano,,https://fbref.com/en/matches/ed474fa9/Melgar-Deportivo-Municipal-September-11-2022-Liga-1
Liga 1 de Fútbol Profesional,M,PER,2022,1st,Torneo Clausura,11,Mon,2022-09-12,15:30,Sport Huancayo,3.0,USMP,2.0,,Estadio Huancayo,Julio Quiróz,,https://fbref.com/en/matches/14abbbc0/Sport-Huancayo-Universidad-San-Martin-September-12-2022-Liga-1
Liga 1 de Fútbol Profesional,M,PER,2022,1st,Torneo Clausura,12,Sat,2022-09-17,13:15,U César Vallejo,2.0,Sport Huancayo,1.0,,Estadio Mansiche,Robin Segura Tuanama,,https://fbref.com/en/matches/34fe8fa7/Universidad-Cesar-Vallejo-Sport-Huancayo-September-17-2022-Liga-1
Liga 1 de Fútbol Profesional,M,PER,2022,1st,Torneo Clausura,12,Sat,2022-09-17,15:30,Cienciano,2.0,Melgar,2.0,,Estadio Inca Garcilaso de la Vega,Joel Alarcón,,https://fbref.com/en/matches/ff2d7c06/Cienciano-Melgar-September-17-2022-Liga-1
Liga 1 de Fútbol Profesional,M,PER,2022,1st,Torneo Clausura,12,Sat,2022-09-17,19:00,Universitario,2.0,Atlético Grau,0.0,,Estadio Monumental,Kevin Ortega,,https://fbref.com/en/matches/7de499cd/Universitario-Atletico-Grau-September-17-2022-Liga-1
Liga 1 de Fútbol Profesional,M,PER,2022,1st,Torneo Clausura,12,Sun,2022-09-18,11:00,Carlos Stein,1.0,Alianza Lima,2.0,,Estadio Víctor Montoya Segura,Christian Zegarra,,https://fbref.com/en/matches/01e47d5e/Carlos-Stein-Alianza-Lima-September-18-2022-Liga-1
Liga 1 de Fútbol Profesional,M,PER,2022,1st,Torneo Clausura,12,Sun,2022-09-18,11:00,USMP,1.0,UTC,5.0,,Estadio Monumental,Luis Garay Evia,,https://fbref.com/en/matches/0b5d16a4/Universidad-San-Martin-Universidad-Tecnica-de-Cajamarca-September-18-2022-Liga-1
Liga 1 de Fútbol Profesional,M,PER,2022,1st,Torneo Clausura,12,Sun,2022-09-18,13:15,Sport Boys,1.0,Cantolao,0.0,,Estadio Iván Elías Moreno,Daniel Ureta,,https://fbref.com/en/matches/d76a3b46/Sport-Boys-Cantolao-September-18-2022-Liga-1
Liga 1 de Fútbol Profesional,M,PER,2022,1st,Torneo Clausura,12,Sun,2022-09-18,15:00,Asociación Deportiva Tarma,2.0,Mannucci,1.0,,Estadio Municipal Unión de Tarma,Wilfredo Blas,,https://fbref.com/en/matches/204bc9b8/Asociacion-Deportiva-Tarma-Carlos-A-Mannucci-September-18-2022-Liga-1
Liga 1 de Fútbol Profesional,M,PER,2022,1st,Torneo Clausura,12,Sun,2022-09-18,15:30,Binacional,1.0,Sporting Cristal,1.0,,Estadio Guillermo Briceño Rosamedina,Hibert Villegas,,https://fbref.com/en/matches/d2e85e46/Binacional-Sporting-Cristal-September-18-2022-Liga-1
Liga 1 de Fútbol Profesional,M,PER,2022,1st,Torneo Clausura,12,Mon,2022-09-19,15:30,Ayacucho,2.0,Alianza Atlético,0.0,,Estadio Ciudad de Cumaná,Roberto Pérez,,https://fbref.com/en/matches/6de5ae10/Ayacucho-Alianza-Atletico-September-19-2022-Liga-1
Liga 1 de Fútbol Profesional,M,PER,2022,1st,Torneo Clausura,6,Wed,2022-09-21,19:30,Alianza Lima,2.0,Melgar,0.0,,Estadio Alejandro Villanueva,Kevin Ortega,,https://fbref.com/en/matches/e6b8dfe9/Alianza-Lima-Melgar-September-21-2022-Liga-1
Liga 1 de Fútbol Profesional,M,PER,2022,1st,Torneo Clausura,10,Sat,2022-09-24,15:30,U César Vallejo,3.0,Melgar,2.0,,Estadio Mansiche,Roberto Pérez,,https://fbref.com/en/matches/f2e9b4d8/Universidad-Cesar-Vallejo-Melgar-September-24-2022-Liga-1
Liga 1 de Fútbol Profesional,M,PER,2022,1st,Torneo Clausura,6,Sun,2022-09-25,13:00,Carlos Stein,1.0,Mannucci,2.0,,Estadio Víctor Montoya Segura,Joel Alarcón,,https://fbref.com/en/matches/76eb0706/Carlos-Stein-Carlos-A-Mannucci-September-25-2022-Liga-1
Liga 1 de Fútbol Profesional,M,PER,2022,1st,Torneo Clausura,13,Mon,2022-09-26,20:00,Alianza Lima,5.0,USMP,0.0,,Estadio Alejandro Villanueva,Michael Espinoza,,https://fbref.com/en/matches/c3639970/Alianza-Lima-Universidad-San-Martin-September-26-2022-Liga-1
Liga 1 de Fútbol Profesional,M,PER,2022,1st,Torneo Clausura,13,Wed,2022-09-28,13:15,Cantolao,3.0,Carlos Stein,2.0,,Estadio Víctor Montoya Segura,Kevin Ortega,,https://fbref.com/en/matches/d576cc3c/Cantolao-Carlos-Stein-September-28-2022-Liga-1
Liga 1 de Fútbol Profesional,M,PER,2022,1st,Torneo Clausura,13,Wed,2022-09-28,15:30,Sport Huancayo,2.0,Dep Municipal,1.0,,Estadio Huancayo,Hibert Villegas,,https://fbref.com/en/matches/a0cd2304/Sport-Huancayo-Deportivo-Municipal-September-28-2022-Liga-1
Liga 1 de Fútbol Profesional,M,PER,2022,1st,Torneo Clausura,13,Thu,2022-09-29,13:00,Sporting Cristal,4.0,Asociación Deportiva Tarma,2.0,,Estadio Alberto Gallardo,Jesús Cartagena,,https://fbref.com/en/matches/21a4514a/Sporting-Cristal-Asociacion-Deportiva-Tarma-September-29-2022-Liga-1
Liga 1 de Fútbol Profesional,M,PER,2022,1st,Torneo Clausura,13,Thu,2022-09-29,13:00,Atlético Grau,3.0,Sport Boys,0.0,,Estadio Miguel Grau,Roberto Pérez,,https://fbref.com/en/matches/64ba7e2f/Atletico-Grau-Sport-Boys-September-29-2022-Liga-1
Liga 1 de Fútbol Profesional,M,PER,2022,1st,Torneo Clausura,13,Thu,2022-09-29,15:30,Melgar,2.0,Binacional,1.0,,Estadio de la Universidad Nacional San A...,Edwin Ordóñez,,https://fbref.com/en/matches/e48e21ca/Melgar-Binacional-September-29-2022-Liga-1
Liga 1 de Fútbol Profesional,M,PER,2022,1st,Torneo Clausura,13,Fri,2022-09-30,13:15,Alianza Atlético,2.0,Universitario,2.0,,Estadio Campeones del 36,Joel Alarcón,,https://fbref.com/en/matches/15f6af38/Alianza-Atletico-Universitario-September-30-2022-Liga-1
Liga 1 de Fútbol Profesional,M,PER,2022,1st,Torneo Clausura,13,Fri,2022-09-30,15:30,UTC,4.0,U César Vallejo,0.0,,Estadio Héroes de San Ramón,Micke Palomino,,https://fbref.com/en/matches/6f1eb9ef/Universidad-Tecnica-de-Cajamarca-Universidad-Cesar-Vallejo-September-30-2022-Liga-1
Liga 1 de Fútbol Profesional,M,PER,2022,1st,Torneo Clausura,13,Fri,2022-09-30,19:00,Mannucci,0.0,Ayacucho,1.0,,Estadio Mansiche,Augusto Menéndez,,https://fbref.com/en/matches/5c5fa891/Carlos-A-Mannucci-Ayacucho-September-30-2022-Liga-1
Liga 1 de Fútbol Profesional,M,PER,2022,1st,Torneo Clausura,14,Tue,2022-10-04,13:00,USMP,1.0,Cantolao,3.0,,Estadio Monumental,Roberto Pérez,,https://fbref.com/en/matches/153d5974/Universidad-San-Martin-Cantolao-October-4-2022-Liga-1
Liga 1 de Fútbol Profesional,M,PER,2022,1st,Torneo Clausura,14,Tue,2022-10-04,13:00,Atlético Grau,0.0,Carlos Stein,0.0,,Estadio Municipal Bernales,Edwin Ordóñez,,https://fbref.com/en/matches/339f22c1/Atletico-Grau-Carlos-Stein-October-4-2022-Liga-1
Liga 1 de Fútbol Profesional,M,PER,2022,1st,Torneo Clausura,14,Tue,2022-10-04,15:15,Dep Municipal,1.0,UTC,2.0,,Estadio Iván Elías Moreno,Alejandro Villanueva,,https://fbref.com/en/matches/0852ad2a/Deportivo-Municipal-Universidad-Tecnica-de-Cajamarca-October-4-2022-Liga-1
Liga 1 de Fútbol Profesional,M,PER,2022,1st,Torneo Clausura,14,Tue,2022-10-04,17:30,Cienciano,0.0,Sport Huancayo,1.0,,Estadio Inca Garcilaso de la Vega,Jesús Cartagena,,https://fbref.com/en/matches/2e91207b/Cienciano-Sport-Huancayo-October-4-2022-Liga-1
Liga 1 de Fútbol Profesional,M,PER,2022,1st,Torneo Clausura,14,Tue,2022-10-04,20:00,U César Vallejo,3.0,Alianza Lima,2.0,,Estadio Mansiche,Kevin Ortega,,https://fbref.com/en/matches/ea90690c/Universidad-Cesar-Vallejo-Alianza-Lima-October-4-2022-Liga-1
Liga 1 de Fútbol Profesional,M,PER,2022,1st,Torneo Clausura,14,Wed,2022-10-05,15:00,Asociación Deportiva Tarma,1.0,Melgar,1.0,,Estadio Municipal Unión de Tarma,Michael Espinoza,,https://fbref.com/en/matches/805f6f79/Asociacion-Deportiva-Tarma-Melgar-October-5-2022-Liga-1
Liga 1 de Fútbol Profesional,M,PER,2022,1st,Torneo Clausura,14,Wed,2022-10-05,15:30,Ayacucho,0.0,Sporting Cristal,1.0,,Estadio Ciudad de Cumaná,Luis Garay Evia,,https://fbref.com/en/matches/56f21689/Ayacucho-Sporting-Cristal-October-5-2022-Liga-1
Liga 1 de Fútbol Profesional,M,PER,2022,1st,Torneo Clausura,14,Wed,2022-10-05,20:00,Universitario,3.0,Mannucci,0.0,,Estadio Monumental,Hibert Villegas,,https://fbref.com/en/matches/8446e023/Universitario-Carlos-A-Mannucci-October-5-2022-Liga-1
Liga 1 de Fútbol Profesional,M,PER,2022,1st,Torneo Clausura,14,Thu,2022-10-06,13:00,Sport Boys,2.0,Alianza Atlético,0.0,100.0,Estadio Iván Elías Moreno,Augusto Menéndez,,https://fbref.com/en/matches/d6fa313e/Sport-Boys-Alianza-Atletico-October-6-2022-Liga-1
Liga 1 de Fútbol Profesional,M,PER,2022,1st,Torneo Clausura,15,Fri,2022-10-07,15:30,UTC,2.0,Cienciano,1.0,5000.0,Estadio Héroes de San Ramón,Daniel Ureta,,https://fbref.com/en/matches/817a2c8e/Universidad-Tecnica-de-Cajamarca-Cienciano-October-7-2022-Liga-1
Liga 1 de Fútbol Profesional,M,PER,2022,1st,Torneo Clausura,15,Sat,2022-10-08,13:15,Cantolao,0.0,U César Vallejo,1.0,,Estadio Iván Elías Moreno,Augusto Menéndez,,https://fbref.com/en/matches/6e584991/Cantolao-Universidad-Cesar-Vallejo-October-8-2022-Liga-1
Liga 1 de Fútbol Profesional,M,PER,2022,1st,Torneo Clausura,15,Sat,2022-10-08,19:00,Melgar,3.0,Ayacucho,0.0,,Estadio de la Universidad Nacional San A...,Edwin Ordóñez,,https://fbref.com/en/matches/3d0a6c30/Melgar-Ayacucho-October-8-2022-Liga-1
Liga 1 de Fútbol Profesional,M,PER,2022,1st,Torneo Clausura,15,Sun,2022-10-09,11:00,Alianza Atlético,4.0,Atlético Grau,1.0,,Estadio Municipal Melanio Coloma Calderó...,Jesús Cartagena,,https://fbref.com/en/matches/10fe81ab/Alianza-Atletico-Atletico-Grau-October-9-2022-Liga-1
Liga 1 de Fútbol Profesional,M,PER,2022,1st,Torneo Clausura,15,Sun,2022-10-09,13:15,Mannucci,0.0,Sport Boys,0.0,,Estadio Mansiche,Michael Espinoza,,https://fbref.com/en/matches/1d8add2b/Carlos-A-Mannucci-Sport-Boys-October-9-2022-Liga-1
Liga 1 de Fútbol Profesional,M,PER,2022,1st,Torneo Clausura,15,Sun,2022-10-09,15:00,Carlos Stein,1.0,USMP,1.0,,Estadio Víctor Montoya Segura,Michael Espinoza,,https://fbref.com/en/matches/5af158a7/Carlos-Stein-Universidad-San-Martin-October-9-2022-Liga-1
Liga 1 de Fútbol Profesional,M,PER,2022,1st,Torneo Clausura,15,Sun,2022-10-09,15:30,Sporting Cristal,0.0,Universitario,0.0,,Estadio Alberto Gallardo,Kevin Ortega,,https://fbref.com/en/matches/34ed22ed/Sporting-Cristal-Universitario-October-9-2022-Liga-1
Liga 1 de Fútbol Profesional,M,PER,2022,1st,Torneo Clausura,15,Mon,2022-10-10,15:30,Sport Huancayo,1.0,Binacional,0.0,,Estadio Huancayo,Diego Haro,,https://fbref.com/en/matches/2a786fcc/Sport-Huancayo-Binacional-October-10-2022-Liga-1
Liga 1 de Fútbol Profesional,M,PER,2022,1st,Torneo Clausura,15,Mon,2022-10-10,20:00,Alianza Lima,4.0,Dep Municipal,1.0,,Estadio Alejandro Villanueva,Roberto Pérez,,https://fbref.com/en/matches/a59419da/Alianza-Lima-Deportivo-Municipal-October-10-2022-Liga-1
Liga 1 de Fútbol Profesional,M,PER,2022,1st,Torneo Clausura,16,Fri,2022-10-14,15:30,U César Vallejo,3.0,Carlos Stein,0.0,,Estadio Mansiche,Hibert Villegas,,https://fbref.com/en/matches/a6e9f319/Universidad-Cesar-Vallejo-Carlos-Stein-October-14-2022-Liga-1
Liga 1 de Fútbol Profesional,M,PER,2022,1st,Torneo Clausura,16,Sat,2022-10-15,13:00,Alianza Atlético,1.0,Sport Huancayo,0.0,,Estadio Municipal Melanio Coloma Calderó...,Edwin Ordóñez,,https://fbref.com/en/matches/ae218642/Alianza-Atletico-Sport-Huancayo-October-15-2022-Liga-1
Liga 1 de Fútbol Profesional,M,PER,2022,1st,Torneo Clausura,16,Sat,2022-10-15,15:30,Sport Boys,3.0,Sporting Cristal,5.0,,Estadio Iván Elías Moreno,Michael Espinoza,,https://fbref.com/en/matches/d1c48a00/Sport-Boys-Sporting-Cristal-October-15-2022-Liga-1
Liga 1 de Fútbol Profesional,M,PER,2022,1st,Torneo Clausura,16,Sat,2022-10-15,18:00,Binacional,2.0,UTC,0.0,,Estadio Guillermo Briceño Rosamedina,Roberto Pérez,,https://fbref.com/en/matches/a5478ade/Binacional-Universidad-Tecnica-de-Cajamarca-October-15-2022-Liga-1
Liga 1 de Fútbol Profesional,M,PER,2022,1st,Torneo Clausura,16,Sun,2022-10-16,10:00,Dep Municipal,1.0,Cantolao,0.0,,Estadio Iván Elías Moreno,Joel Alarcón,,https://fbref.com/en/matches/0aa84001/Deportivo-Municipal-Cantolao-October-16-2022-Liga-1
Liga 1 de Fútbol Profesional,M,PER,2022,1st,Torneo Clausura,16,Sun,2022-10-16,13:00,Atlético Grau,2.0,Mannucci,1.0,,Estadio Municipal Bernales,Pablo López,,https://fbref.com/en/matches/97e3e408/Atletico-Grau-Carlos-A-Mannucci-October-16-2022-Liga-1
Liga 1 de Fútbol Profesional,M,PER,2022,1st,Torneo Clausura,16,Sun,2022-10-16,15:00,Asociación Deportiva Tarma,4.0,USMP,1.0,,Estadio Municipal Unión de Tarma,Diego Haro,,https://fbref.com/en/matches/36db72c0/Asociacion-Deportiva-Tarma-Universidad-San-Martin-October-16-2022-Liga-1
Liga 1 de Fútbol Profesional,M,PER,2022,1st,Torneo Clausura,16,Sun,2022-10-16,15:45,Universitario,1.0,Melgar,1.0,,Estadio Monumental,Jesús Cartagena,,https://fbref.com/en/matches/78d24fc1/Universitario-Melgar-October-16-2022-Liga-1
Liga 1 de Fútbol Profesional,M,PER,2022,1st,Torneo Clausura,16,Sun,2022-10-16,18:00,Cienciano,0.0,Alianza Lima,2.0,,Estadio Inca Garcilaso de la Vega,Augusto Menéndez,,https://fbref.com/en/matches/a71d5093/Cienciano-Alianza-Lima-October-16-2022-Liga-1
Liga 1 de Fútbol Profesional,M,PER,2022,1st,Torneo Clausura,17,Wed,2022-10-19,12:45,USMP,1.0,U César Vallejo,1.0,,Estadio Alberto Gallardo,Roberto Pérez,,https://fbref.com/en/matches/4c91802b/Universidad-San-Martin-Universidad-Cesar-Vallejo-October-19-2022-Liga-1
Liga 1 de Fútbol Profesional,M,PER,2022,1st,Torneo Clausura,17,Wed,2022-10-19,15:00,Carlos Stein,1.0,Dep Municipal,4.0,,Estadio Víctor Montoya Segura,Micke Palomino,,https://fbref.com/en/matches/4570861c/Carlos-Stein-Deportivo-Municipal-October-19-2022-Liga-1
Liga 1 de Fútbol Profesional,M,PER,2022,1st,Torneo Clausura,17,Wed,2022-10-19,15:00,Sport Huancayo,0.0,Ayacucho,1.0,,Estadio Huancayo,Michael Espinoza,,https://fbref.com/en/matches/bb341e6e/Sport-Huancayo-Ayacucho-October-19-2022-Liga-1
Liga 1 de Fútbol Profesional,M,PER,2022,1st,Torneo Clausura,17,Wed,2022-10-19,17:15,Melgar,3.0,Sport Boys,0.0,,Estadio de la Universidad Nacional San A...,Hibert Villegas,,https://fbref.com/en/matches/d7ee59dc/Melgar-Sport-Boys-October-19-2022-Liga-1
Liga 1 de Fútbol Profesional,M,PER,2022,1st,Torneo Clausura,17,Thu,2022-10-20,11:00,Cantolao,3.0,Cienciano,1.0,,Estadio Miguel Grau del Callao,Diego Haro,,https://fbref.com/en/matches/052ad618/Cantolao-Cienciano-October-20-2022-Liga-1
Liga 1 de Fútbol Profesional,M,PER,2022,1st,Torneo Clausura,17,Thu,2022-10-20,13:15,Sporting Cristal,1.0,Atlético Grau,2.0,,Estadio Alberto Gallardo,Joel Alarcón,,https://fbref.com/en/matches/26674171/Sporting-Cristal-Atletico-Grau-October-20-2022-Liga-1
Liga 1 de Fútbol Profesional,M,PER,2022,1st,Torneo Clausura,17,Thu,2022-10-20,15:30,UTC,2.0,Asociación Deportiva Tarma,2.0,,Estadio Héroes de San Ramón,Jesús Cartagena,,https://fbref.com/en/matches/1df63ddc/Universidad-Tecnica-de-Cajamarca-Asociacion-Deportiva-Tarma-October-20-2022-Liga-1
Liga 1 de Fútbol Profesional,M,PER,2022,1st,Torneo Clausura,17,Thu,2022-10-20,18:00,Mannucci,2.0,Alianza Atlético,2.0,,Estadio Mansiche,Augusto Menéndez,,https://fbref.com/en/matches/1786428a/Carlos-A-Mannucci-Alianza-Atletico-October-20-2022-Liga-1
Liga 1 de Fútbol Profesional,M,PER,2022,1st,Torneo Clausura,17,Thu,2022-10-20,20:15,Alianza Lima,2.0,Binacional,0.0,,Estadio Alejandro Villanueva,Edwin Ordóñez,,https://fbref.com/en/matches/509cdf9a/Alianza-Lima-Binacional-October-20-2022-Liga-1
Liga 1 de Fútbol Profesional,M,PER,2022,1st,Torneo Clausura,18,Sat,2022-10-22,13:15,Dep Municipal,2.0,USMP,1.0,,Estadio Iván Elías Moreno,Edwin Ordóñez,,https://fbref.com/en/matches/a8da31da/Deportivo-Municipal-Universidad-San-Martin-October-22-2022-Liga-1
Liga 1 de Fútbol Profesional,M,PER,2022,1st,Torneo Clausura,18,Sun,2022-10-23,11:00,Mannucci,0.0,UTC,2.0,,Estadio Mansiche,Luis Garay Evia,,https://fbref.com/en/matches/3d5b318c/Carlos-A-Mannucci-Universidad-Tecnica-de-Cajamarca-October-23-2022-Liga-1
Liga 1 de Fútbol Profesional,M,PER,2022,1st,Torneo Clausura,18,Sun,2022-10-23,13:15,Alianza Atlético,0.0,Sporting Cristal,2.0,,Estadio Campeones del 36,Hibert Villegas,,https://fbref.com/en/matches/66ae714e/Alianza-Atletico-Sporting-Cristal-October-23-2022-Liga-1
Liga 1 de Fútbol Profesional,M,PER,2022,1st,Torneo Clausura,18,Sun,2022-10-23,15:00,Asociación Deportiva Tarma,2.0,Cantolao,1.0,,Estadio Municipal Unión de Tarma,Roberto Pérez,,https://fbref.com/en/matches/dd7cc7ad/Asociacion-Deportiva-Tarma-Cantolao-October-23-2022-Liga-1
Liga 1 de Fútbol Profesional,M,PER,2022,1st,Torneo Clausura,18,Sun,2022-10-23,18:00,Cienciano,6.0,Carlos Stein,2.0,,Estadio Víctor Montoya Segura,Joel Alarcón,,https://fbref.com/en/matches/9392fef3/Cienciano-Carlos-Stein-October-23-2022-Liga-1
Liga 1 de Fútbol Profesional,M,PER,2022,1st,Torneo Clausura,18,Mon,2022-10-24,15:00,Binacional,3.0,U César Vallejo,0.0,,Estadio Inca Garcilaso de la Vega,Diego Haro,,https://fbref.com/en/matches/03a07606/Binacional-Universidad-Cesar-Vallejo-October-24-2022-Liga-1
Liga 1 de Fútbol Profesional,M,PER,2022,1st,Torneo Clausura,18,Mon,2022-10-24,15:00,Atlético Grau,2.0,Melgar,1.0,,Estadio Municipal Bernales,Michael Espinoza,,https://fbref.com/en/matches/4469d45e/Atletico-Grau-Melgar-October-24-2022-Liga-1
Liga 1 de Fútbol Profesional,M,PER,2022,1st,Torneo Clausura,18,Mon,2022-10-24,20:00,Universitario,2.0,Sport Huancayo,0.0,,Estadio Monumental,Augusto Menéndez,,https://fbref.com/en/matches/61134ef4/Universitario-Sport-Huancayo-October-24-2022-Liga-1
Liga 1 de Fútbol Profesional,M,PER,2022,1st,Torneo Clausura,18,Tue,2022-10-25,15:00,Ayacucho,0.0,Alianza Lima,1.0,,Estadio Ciudad de Cumaná,Jesús Cartagena,,https://fbref.com/en/matches/8df2433c/Ayacucho-Alianza-Lima-October-25-2022-Liga-1
Liga 1 de Fútbol Profesional,M,PER,2022,1st,Torneo Clausura,19,Fri,2022-10-28,15:00,UTC,1.0,Universitario,1.0,,Estadio Héroes de San Ramón,Joel Alarcón,,https://fbref.com/en/matches/f14ef84f/Universidad-Tecnica-de-Cajamarca-Universitario-October-28-2022-Liga-1
Liga 1 de Fútbol Profesional,M,PER,2022,1st,Torneo Clausura,19,Sat,2022-10-29,13:00,U César Vallejo,1.0,Dep Municipal,1.0,,Estadio Mansiche,Augusto Menéndez,,https://fbref.com/en/matches/1bdf3ee6/Universidad-Cesar-Vallejo-Deportivo-Municipal-October-29-2022-Liga-1
Liga 1 de Fútbol Profesional,M,PER,2022,1st,Torneo Clausura,19,Sat,2022-10-29,15:30,Cantolao,1.0,Ayacucho,1.0,,Estadio Miguel Grau del Callao,Luis Garay Evia,,https://fbref.com/en/matches/4f4fbac1/Cantolao-Ayacucho-October-29-2022-Liga-1
Liga 1 de Fútbol Profesional,M,PER,2022,1st,Torneo Clausura,19,Sat,2022-10-29,15:30,Sport Huancayo,3.0,Sport Boys,1.0,,Estadio Huancayo,Micke Palomino,,https://fbref.com/en/matches/6f3f761e/Sport-Huancayo-Sport-Boys-October-29-2022-Liga-1
Liga 1 de Fútbol Profesional,M,PER,2022,1st,Torneo Clausura,19,Sun,2022-10-30,15:00,USMP,1.0,Cienciano,2.0,,Estadio Iván Elías Moreno,Julio Quiróz,,https://fbref.com/en/matches/279c88b1/Universidad-San-Martin-Cienciano-October-30-2022-Liga-1
Liga 1 de Fútbol Profesional,M,PER,2022,1st,Torneo Clausura,19,Sun,2022-10-30,15:00,Sporting Cristal,4.0,Mannucci,0.0,,Estadio Alberto Gallardo,Diego Haro,,https://fbref.com/en/matches/598c944a/Sporting-Cristal-Carlos-A-Mannucci-October-30-2022-Liga-1
Liga 1 de Fútbol Profesional,M,PER,2022,1st,Torneo Clausura,19,Sun,2022-10-30,15:00,Carlos Stein,2.0,Binacional,3.0,,Estadio Víctor Montoya Segura,Roberto Pérez,,https://fbref.com/en/matches/99ea187f/Carlos-Stein-Binacional-October-30-2022-Liga-1
Liga 1 de Fútbol Profesional,M,PER,2022,1st,Torneo Clausura,19,Sun,2022-10-30,15:00,Alianza Lima,2.0,Asociación Deportiva Tarma,0.0,,Estadio Alejandro Villanueva,Michael Espinoza,,https://fbref.com/en/matches/dc29c9fd/Alianza-Lima-Asociacion-Deportiva-Tarma-October-30-2022-Liga-1
Liga 1 de Fútbol Profesional,M,PER,2022,1st,Torneo Clausura,19,Sun,2022-10-30,15:00,Melgar,0.0,Alianza Atlético,1.0,,Estadio de la Universidad Nacional San A...,Edwin Ordóñez,,https://fbref.com/en/matches/e28c6660/Melgar-Alianza-Atletico-October-30-2022-Liga-1
Liga 1 de Fútbol Profesional,M,PER,2022,1st,Semi-finals,,Wed,2022-11-02,15:00,Melgar,2.0,Sporting Cristal,0.0,,Estadio de la Universidad Nacional San A...,Roberto Pérez,Leg 1 of 2,https://fbref.com/en/matches/a03b9060/Melgar-Sporting-Cristal-November-2-2022-Liga-1
Liga 1 de Fútbol Profesional,M,PER,2022,1st,Semi-finals,,Sun,2022-11-06,15:00,Sporting Cristal,0.0,Melgar,2.0,,Estadio Nacional,Edwin Ordóñez,Leg 2 of 2; Melgar won,https://fbref.com/en/matches/e1bb1c79/Sporting-Cristal-Melgar-November-6-2022-Liga-1
Liga 1 de Fútbol Profesional,M,PER,2022,1st,Finals,,Wed,2022-11-09,15:00,Melgar,1.0,Alianza Lima,0.0,,Estadio de la Universidad Nacional San A...,Michael Espinoza,Leg 1 of 2,https://fbref.com/en/matches/e0d555b4/Melgar-Alianza-Lima-November-9-2022-Liga-1
Liga 1 de Fútbol Profesional,M,PER,2022,1st,Finals,,Sat,2022-11-12,20:00,Alianza Lima,2.0,Melgar,0.0,,Estadio Alejandro Villanueva,Roberto Pérez,Leg 2 of 2; Alianza Lima won,https://fbref.com/en/matches/bdae3cc1/Alianza-Lima-Melgar-November-12-2022-Liga-1
Liga 1 de Fútbol Profesional,M,PER,2023,1st,Torneo Apertura,3,Fri,2023-02-03,15:30,Cusco,0.0,Sport Huancayo,3.0,,Estadio Inca Garcilaso de la Vega,Jesús Cartagena,Match awarded to Sport Huancayo,https://fbref.com/en/matches/91576ad4/Cusco-Sport-Huancayo-February-3-2023-Liga-1
Liga 1 de Fútbol Profesional,M,PER,2023,1st,Torneo Apertura,3,Sat,2023-02-04,13:00,Atlético Grau,3.0,Melgar,0.0,,Estadio Miguel Grau,Edwin Ordóñez,Match awarded to Atlético Grau,https://fbref.com/en/matches/6dfd4ddd/Atletico-Grau-Melgar-February-4-2023-Liga-1
Liga 1 de Fútbol Profesional,M,PER,2023,1st,Torneo Apertura,3,Sat,2023-02-04,15:30,UTC,3.0,Cienciano,0.0,,Estadio Héroes de San Ramón,,Match awarded to UTC,https://fbref.com/en/matches/1dd17966/Universidad-Tecnica-de-Cajamarca-Cienciano-February-4-2023-Liga-1
Liga 1 de Fútbol Profesional,M,PER,2023,1st,Torneo Apertura,3,Sat,2023-02-04,15:30,Universitario,4.0,Cantolao,0.0,,Estadio Monumental,Diego Haro,,https://fbref.com/en/matches/8dc94f7e/Universitario-Cantolao-February-4-2023-Liga-1
Liga 1 de Fútbol Profesional,M,PER,2023,1st,Torneo Apertura,3,Sat,2023-02-04,19:30,Deportivo Garcilaso,3.0,Binacional,0.0,,Estadio Inca Garcilaso de la Vega,,Match awarded to Deportivo Garcilaso,https://fbref.com/en/matches/e50516b9/Deportivo-Garcilaso-Binacional-February-4-2023-Liga-1
Liga 1 de Fútbol Profesional,M,PER,2023,1st,Torneo Apertura,3,Sun,2023-02-05,10:00,Sporting Cristal,3.0,Alianza Lima,0.0,,Estadio Alberto Gallardo,,Match awarded to Sporting Cristal,https://fbref.com/en/matches/53eb7d98/Sporting-Cristal-Alianza-Lima-February-5-2023-Liga-1
Liga 1 de Fútbol Profesional,M,PER,2023,1st,Torneo Apertura,3,Mon,2023-02-06,13:00,Sport Boys,2.0,Unión Comercio,1.0,,Estadio Miguel Grau del Callao,Micke Palomino,,https://fbref.com/en/matches/be895295/Sport-Boys-Union-Comercio-February-6-2023-Liga-1
Liga 1 de Fútbol Profesional,M,PER,2023,1st,Torneo Apertura,3,Mon,2023-02-06,15:30,U César Vallejo,2.0,Alianza Atlético,2.0,,Estadio Mansiche,Roberto Pérez,,https://fbref.com/en/matches/3aa2f0f5/Universidad-Cesar-Vallejo-Alianza-Atletico-February-6-2023-Liga-1
Liga 1 de Fútbol Profesional,M,PER,2023,1st,Torneo Apertura,3,Tue,2023-02-07,13:00,Dep Municipal,0.0,Mannucci,3.0,,Estadio Iván Elías Moreno,,Match awarded to Mannucci,https://fbref.com/en/matches/825a2cb5/Deportivo-Municipal-Carlos-A-Mannucci-February-7-2023-Liga-1
Liga 1 de Fútbol Profesional,M,PER,2023,1st,Torneo Apertura,4,Fri,2023-02-10,19:00,Cienciano,2.0,Cusco,0.0,,Estadio Inca Garcilaso de la Vega,Diego Haro,,https://fbref.com/en/matches/02adc1d0/Cienciano-Cusco-February-10-2023-Liga-1
Liga 1 de Fútbol Profesional,M,PER,2023,1st,Torneo Apertura,4,Sat,2023-02-11,13:00,Cantolao,1.0,U César Vallejo,2.0,,Estadio Iván Elías Moreno,Fernando Legario,,https://fbref.com/en/matches/7ec108e1/Cantolao-Universidad-Cesar-Vallejo-February-11-2023-Liga-1
Liga 1 de Fútbol Profesional,M,PER,2023,1st,Torneo Apertura,4,Sat,2023-02-11,15:00,Binacional,2.0,Atlético Grau,4.0,,Estadio Guillermo Briceño Rosamedina,Pablo López,,https://fbref.com/en/matches/4d468618/Binacional-Atletico-Grau-February-11-2023-Liga-1
Liga 1 de Fútbol Profesional,M,PER,2023,1st,Torneo Apertura,4,Sat,2023-02-11,15:30,Asociación Deportiva Tarma,1.0,Deportivo Garcilaso,2.0,,Estadio Municipal Unión de Tarma,Alejandro Villanueva,,https://fbref.com/en/matches/fd7dac41/Asociacion-Deportiva-Tarma-Deportivo-Garcilaso-February-11-2023-Liga-1
Liga 1 de Fútbol Profesional,M,PER,2023,1st,Torneo Apertura,4,Sun,2023-02-12,11:00,Alianza Atlético,2.0,UTC,0.0,,Estadio Campeones del 36,Jordy Espinoza,,https://fbref.com/en/matches/5ae69851/Alianza-Atletico-Universidad-Tecnica-de-Cajamarca-February-12-2023-Liga-1
Liga 1 de Fútbol Profesional,M,PER,2023,1st,Torneo Apertura,4,Sun,2023-02-12,13:30,Unión Comercio,1.0,Universitario,0.0,,Estadio Municipal Carlos Vidaurre García,Kevin Ortega,,https://fbref.com/en/matches/240f3868/Union-Comercio-Universitario-February-12-2023-Liga-1
Liga 1 de Fútbol Profesional,M,PER,2023,1st,Torneo Apertura,4,Sun,2023-02-12,15:00,Mannucci,1.0,Sporting Cristal,1.0,,Estadio Mansiche,Edwin Ordóñez,,https://fbref.com/en/matches/7b4b50f2/Carlos-A-Mannucci-Sporting-Cristal-February-12-2023-Liga-1
Liga 1 de Fútbol Profesional,M,PER,2023,1st,Torneo Apertura,4,Sun,2023-02-12,16:00,Alianza Lima,2.0,Sport Boys,0.0,,Estadio Alejandro Villanueva,Joel Alarcón,,https://fbref.com/en/matches/80fa1bc2/Alianza-Lima-Sport-Boys-February-12-2023-Liga-1
Liga 1 de Fútbol Profesional,M,PER,2023,1st,Torneo Apertura,4,Mon,2023-02-13,15:00,Melgar,0.0,Dep Municipal,2.0,,Estadio de la Universidad Nacional San A...,Michael Espinoza,,https://fbref.com/en/matches/a148e033/Melgar-Deportivo-Municipal-February-13-2023-Liga-1
Liga 1 de Fútbol Profesional,M,PER,2023,1st,Torneo Apertura,5,Fri,2023-02-17,16:00,Sporting Cristal,1.0,Melgar,0.0,,Estadio Alberto Gallardo,Jesús Cartagena,,https://fbref.com/en/matches/d31a709d/Sporting-Cristal-Melgar-February-17-2023-Liga-1
Liga 1 de Fútbol Profesional,M,PER,2023,1st,Torneo Apertura,5,Fri,2023-02-17,19:00,U César Vallejo,3.0,Unión Comercio,1.0,,Estadio Mansiche,Michael Espinoza,,https://fbref.com/en/matches/f9087a9f/Universidad-Cesar-Vallejo-Union-Comercio-February-17-2023-Liga-1
Liga 1 de Fútbol Profesional,M,PER,2023,1st,Torneo Apertura,5,Sat,2023-02-18,13:00,Sport Huancayo,1.0,Cienciano,3.0,,Estadio Huancayo,Edwin Ordóñez,,https://fbref.com/en/matches/0aa1a7c0/Sport-Huancayo-Cienciano-February-18-2023-Liga-1
Liga 1 de Fútbol Profesional,M,PER,2023,1st,Torneo Apertura,5,Sat,2023-02-18,15:30,Sport Boys,0.0,Mannucci,1.0,,Estadio Miguel Grau del Callao,Luis Seminario,,https://fbref.com/en/matches/7f2765fb/Sport-Boys-Carlos-A-Mannucci-February-18-2023-Liga-1
Liga 1 de Fútbol Profesional,M,PER,2023,1st,Torneo Apertura,5,Sun,2023-02-19,13:00,Atlético Grau,1.0,Asociación Deportiva Tarma,1.0,,Estadio Miguel Grau,Luis Ciriaco Liñan,,https://fbref.com/en/matches/6fbf64cb/Atletico-Grau-Asociacion-Deportiva-Tarma-February-19-2023-Liga-1
Liga 1 de Fútbol Profesional,M,PER,2023,1st,Torneo Apertura,5,Sun,2023-02-19,15:30,Universitario,1.0,Alianza Lima,2.0,,Estadio Monumental,Augusto Menéndez,,https://fbref.com/en/matches/d1648b0b/Universitario-Alianza-Lima-February-19-2023-Liga-1
Liga 1 de Fútbol Profesional,M,PER,2023,1st,Torneo Apertura,5,Sun,2023-02-19,18:00,Cusco,2.0,Alianza Atlético,1.0,,Estadio Inca Garcilaso de la Vega,Jonathan Zamora,,https://fbref.com/en/matches/754215e8/Cusco-Alianza-Atletico-February-19-2023-Liga-1
Liga 1 de Fútbol Profesional,M,PER,2023,1st,Torneo Apertura,5,Mon,2023-02-20,15:30,Dep Municipal,2.0,Binacional,0.0,,Estadio Iván Elías Moreno,Wilfredo Blas,,https://fbref.com/en/matches/4d42d192/Deportivo-Municipal-Binacional-February-20-2023-Liga-1
Liga 1 de Fútbol Profesional,M,PER,2023,1st,Torneo Apertura,5,Wed,2023-02-22,15:00,UTC,1.0,Cantolao,0.0,,Estadio Héroes de San Ramón,Daniel Ureta,,https://fbref.com/en/matches/c48cd9ae/Universidad-Tecnica-de-Cajamarca-Cantolao-February-22-2023-Liga-1
Liga 1 de Fútbol Profesional,M,PER,2023,1st,Torneo Apertura,6,Sat,2023-02-25,13:00,Alianza Atlético,4.0,Sport Huancayo,2.0,,Estadio Campeones del 36,Pablo López,,https://fbref.com/en/matches/cd723d92/Alianza-Atletico-Sport-Huancayo-February-25-2023-Liga-1
Liga 1 de Fútbol Profesional,M,PER,2023,1st,Torneo Apertura,6,Sat,2023-02-25,15:30,Deportivo Garcilaso,2.0,Atlético Grau,0.0,,Estadio Inca Garcilaso de la Vega,Jordy Espinoza,,https://fbref.com/en/matches/e25ef498/Deportivo-Garcilaso-Atletico-Grau-February-25-2023-Liga-1
Liga 1 de Fútbol Profesional,M,PER,2023,1st,Torneo Apertura,6,Sun,2023-02-26,13:00,Unión Comercio,1.0,UTC,0.0,,Estadio Municipal Carlos Vidaurre García,Fernando Legario,,https://fbref.com/en/matches/8a61cd90/Union-Comercio-Universidad-Tecnica-de-Cajamarca-February-26-2023-Liga-1
Liga 1 de Fútbol Profesional,M,PER,2023,1st,Torneo Apertura,6,Sun,2023-02-26,15:30,Asociación Deportiva Tarma,3.0,Dep Municipal,0.0,,Estadio Municipal Unión de Tarma,James Huamaní,,https://fbref.com/en/matches/ff50f4fa/Asociacion-Deportiva-Tarma-Deportivo-Municipal-February-26-2023-Liga-1
Liga 1 de Fútbol Profesional,M,PER,2023,1st,Torneo Apertura,6,Sun,2023-02-26,19:00,Mannucci,2.0,Universitario,0.0,,Estadio Mansiche,Roberto Pérez,,https://fbref.com/en/matches/a5d59c0f/Carlos-A-Mannucci-Universitario-February-26-2023-Liga-1
Liga 1 de Fútbol Profesional,M,PER,2023,1st,Torneo Apertura,6,Mon,2023-02-27,15:30,Cantolao,2.0,Cusco,3.0,,Estadio Iván Elías Moreno,Jesús Cartagena,,https://fbref.com/en/matches/30ec01bc/Cantolao-Cusco-February-27-2023-Liga-1
Liga 1 de Fútbol Profesional,M,PER,2023,1st,Torneo Apertura,7,Fri,2023-03-03,16:00,Sport Boys,2.0,Binacional,2.0,,Estadio Alberto Gallardo,Jasmani Chambi,,https://fbref.com/en/matches/8b7acada/Sport-Boys-Binacional-March-3-2023-Liga-1
Liga 1 de Fútbol Profesional,M,PER,2023,1st,Torneo Apertura,7,Sat,2023-03-04,13:00,Sport Huancayo,4.0,Cantolao,0.0,,Estadio Huancayo,Sebastián Lozano,,https://fbref.com/en/matches/2d33bcd8/Sport-Huancayo-Cantolao-March-4-2023-Liga-1
Liga 1 de Fútbol Profesional,M,PER,2023,1st,Torneo Apertura,7,Sat,2023-03-04,16:00,Sporting Cristal,0.0,Asociación Deportiva Tarma,0.0,,Estadio Alberto Gallardo,Pablo López,,https://fbref.com/en/matches/cb424b16/Sporting-Cristal-Asociacion-Deportiva-Tarma-March-4-2023-Liga-1
Liga 1 de Fútbol Profesional,M,PER,2023,1st,Torneo Apertura,7,Sat,2023-03-04,19:00,U César Vallejo,2.0,Mannucci,0.0,,Estadio Mansiche,Augusto Méndez,,https://fbref.com/en/matches/8f9e10f0/Universidad-Cesar-Vallejo-Carlos-A-Mannucci-March-4-2023-Liga-1
Liga 1 de Fútbol Profesional,M,PER,2023,1st,Torneo Apertura,7,Sun,2023-03-05,15:30,Universitario,1.0,Melgar,0.0,,Estadio Monumental,Diego Haro,,https://fbref.com/en/matches/06640b4b/Universitario-Melgar-March-5-2023-Liga-1
Liga 1 de Fútbol Profesional,M,PER,2023,1st,Torneo Apertura,7,Sun,2023-03-05,15:30,UTC,0.0,Alianza Lima,1.0,,Estadio Héroes de San Ramón,Kevin Ortega,,https://fbref.com/en/matches/9b91fe1d/Universidad-Tecnica-de-Cajamarca-Alianza-Lima-March-5-2023-Liga-1
Liga 1 de Fútbol Profesional,M,PER,2023,1st,Torneo Apertura,7,Mon,2023-03-06,15:00,Dep Municipal,0.0,Deportivo Garcilaso,3.0,,Estadio Iván Elías Moreno,Fernando Legario,,https://fbref.com/en/matches/41c5ff6c/Deportivo-Municipal-Deportivo-Garcilaso-March-6-2023-Liga-1
Liga 1 de Fútbol Profesional,M,PER,2023,1st,Torneo Apertura,7,Mon,2023-03-06,15:30,Cusco,2.0,Unión Comercio,1.0,,Estadio Inca Garcilaso de la Vega,Edwin Ordóñez,,https://fbref.com/en/matches/00f0a8e4/Cusco-Union-Comercio-March-6-2023-Liga-1
Liga 1 de Fútbol Profesional,M,PER,2023,1st,Torneo Apertura,8,Fri,2023-03-10,15:30,Asociación Deportiva Tarma,1.0,Sport Boys,0.0,,Estadio Municipal Unión de Tarma,Wilmer Villanueva,,https://fbref.com/en/matches/3c4eeba3/Asociacion-Deportiva-Tarma-Sport-Boys-March-10-2023-Liga-1
Liga 1 de Fútbol Profesional,M,PER,2023,1st,Torneo Apertura,8,Sat,2023-03-11,20:00,Alianza Lima,2.0,Cusco,0.0,,Estadio Alejandro Villanueva,Kevin Ortega,,https://fbref.com/en/matches/ef051a84/Alianza-Lima-Cusco-March-11-2023-Liga-1
Liga 1 de Fútbol Profesional,M,PER,2023,1st,Torneo Apertura,8,Sun,2023-03-12,11:00,Unión Comercio,2.0,Sport Huancayo,0.0,,Estadio del IPD,Alejandro Villanueva,,https://fbref.com/en/matches/0dbf03ad/Union-Comercio-Sport-Huancayo-March-12-2023-Liga-1
Liga 1 de Fútbol Profesional,M,PER,2023,1st,Torneo Apertura,8,Sun,2023-03-12,13:00,Atlético Grau,1.0,Dep Municipal,1.0,,Estadio Miguel Grau,Diego Haro,,https://fbref.com/en/matches/cb7dec35/Atletico-Grau-Deportivo-Municipal-March-12-2023-Liga-1
Liga 1 de Fútbol Profesional,M,PER,2023,1st,Torneo Apertura,8,Sun,2023-03-12,15:30,Cantolao,1.0,Cienciano,0.0,,Estadio Miguel Grau del Callao,Julio Quiróz,,https://fbref.com/en/matches/376aae68/Cantolao-Cienciano-March-12-2023-Liga-1
Liga 1 de Fútbol Profesional,M,PER,2023,1st,Torneo Apertura,8,Sun,2023-03-12,18:00,Deportivo Garcilaso,4.0,Sporting Cristal,4.0,,Estadio Inca Garcilaso de la Vega,Augusto Menéndez,,https://fbref.com/en/matches/5cd6a4f0/Deportivo-Garcilaso-Sporting-Cristal-March-12-2023-Liga-1
Liga 1 de Fútbol Profesional,M,PER,2023,1st,Torneo Apertura,8,Mon,2023-03-13,18:00,Binacional,1.0,Universitario,2.0,,Estadio Guillermo Briceño Rosamedina,Joel Alarcón,,https://fbref.com/en/matches/3086ef91/Binacional-Universitario-March-13-2023-Liga-1
Liga 1 de Fútbol Profesional,M,PER,2023,1st,Torneo Apertura,9,Fri,2023-03-17,15:30,Sport Boys,2.0,Deportivo Garcilaso,1.0,,Estadio Miguel Grau del Callao,Italo Gonzáles,,https://fbref.com/en/matches/d339a6fd/Sport-Boys-Deportivo-Garcilaso-March-17-2023-Liga-1
Liga 1 de Fútbol Profesional,M,PER,2023,1st,Torneo Apertura,9,Sat,2023-03-18,13:00,Alianza Atlético,2.0,Cantolao,1.0,,Estadio Municipal Melanio Coloma Calderó...,Pablo López,,https://fbref.com/en/matches/2d4c44c2/Alianza-Atletico-Cantolao-March-18-2023-Liga-1
Liga 1 de Fútbol Profesional,M,PER,2023,1st,Torneo Apertura,9,Sat,2023-03-18,15:30,UTC,0.0,Melgar,0.0,,Estadio Héroes de San Ramón,Kevin Ortega,,https://fbref.com/en/matches/73dc3e47/Universidad-Tecnica-de-Cajamarca-Melgar-March-18-2023-Liga-1
Liga 1 de Fútbol Profesional,M,PER,2023,1st,Torneo Apertura,9,Sat,2023-03-18,18:00,Cienciano,3.0,Unión Comercio,1.0,,Estadio Inca Garcilaso de la Vega,Edwin Ordóñez,,https://fbref.com/en/matches/9852fb08/Cienciano-Union-Comercio-March-18-2023-Liga-1
Liga 1 de Fútbol Profesional,M,PER,2023,1st,Torneo Apertura,9,Sat,2023-03-18,20:00,Universitario,3.0,Asociación Deportiva Tarma,1.0,,Estadio Monumental,Michael Espinoza,,https://fbref.com/en/matches/6d1beea4/Universitario-Asociacion-Deportiva-Tarma-March-18-2023-Liga-1
Liga 1 de Fútbol Profesional,M,PER,2023,1st,Torneo Apertura,9,Sun,2023-03-19,13:00,U César Vallejo,2.0,Binacional,0.0,,Estadio Mansiche,David Huaman,,https://fbref.com/en/matches/9ac934fe/Universidad-Cesar-Vallejo-Binacional-March-19-2023-Liga-1
Liga 1 de Fútbol Profesional,M,PER,2023,1st,Torneo Apertura,9,Sun,2023-03-19,15:30,Sporting Cristal,2.0,Atlético Grau,1.0,,Estadio Alberto Gallardo,Hibert Villegas,,https://fbref.com/en/matches/b716a37c/Sporting-Cristal-Atletico-Grau-March-19-2023-Liga-1
Liga 1 de Fútbol Profesional,M,PER,2023,1st,Torneo Apertura,9,Sun,2023-03-19,18:00,Sport Huancayo,2.0,Alianza Lima,1.0,,Estadio Huancayo,Diego Haro,,https://fbref.com/en/matches/45a05ea0/Sport-Huancayo-Alianza-Lima-March-19-2023-Liga-1
Liga 1 de Fútbol Profesional,M,PER,2023,1st,Torneo Apertura,9,Mon,2023-03-20,15:30,Cusco,3.0,Mannucci,0.0,,Estadio Inca Garcilaso de la Vega,Alejandro Villanueva,,https://fbref.com/en/matches/0b965a4c/Cusco-Carlos-A-Mannucci-March-20-2023-Liga-1
Liga 1 de Fútbol Profesional,M,PER,2023,1st,Torneo Apertura,1,Fri,2023-03-24,20:30,Universitario,3.0,Cienciano,0.0,,Estadio Miguel Grau del Callao,Kevin Ortega,,https://fbref.com/en/matches/2929237a/Universitario-Cienciano-March-24-2023-Liga-1
Liga 1 de Fútbol Profesional,M,PER,2023,1st,Torneo Apertura,1,Sat,2023-03-25,16:00,Sporting Cristal,2.0,Cantolao,0.0,,Estadio Alberto Gallardo,Roberto Pérez,,https://fbref.com/en/matches/c6496714/Sporting-Cristal-Cantolao-March-25-2023-Liga-1
Liga 1 de Fútbol Profesional,M,PER,2023,1st,Torneo Apertura,1,Sat,2023-03-25,20:00,U César Vallejo,0.0,Sport Huancayo,2.0,,Estadio Mansiche,Jordy Espinoza,,https://fbref.com/en/matches/9d0a8c1a/Universidad-Cesar-Vallejo-Sport-Huancayo-March-25-2023-Liga-1
Liga 1 de Fútbol Profesional,M,PER,2023,1st,Torneo Apertura,1,Sun,2023-03-26,11:00,Dep Municipal,2.0,Unión Comercio,0.0,,Estadio Iván Elías Moreno,Sebastián Lozano,,https://fbref.com/en/matches/95e2669f/Deportivo-Municipal-Union-Comercio-March-26-2023-Liga-1
Liga 1 de Fútbol Profesional,M,PER,2023,1st,Torneo Apertura,1,Sun,2023-03-26,13:00,Atlético Grau,1.0,Alianza Lima,2.0,,Estadio Miguel Grau,Edwin Ordóñez,,https://fbref.com/en/matches/d468382f/Atletico-Grau-Alianza-Lima-March-26-2023-Liga-1
Liga 1 de Fútbol Profesional,M,PER,2023,1st,Torneo Apertura,1,Sun,2023-03-26,15:30,Asociación Deportiva Tarma,0.0,Melgar,0.0,,Estadio Municipal Unión de Tarma,Daniel Ureta,,https://fbref.com/en/matches/da67bac3/Asociacion-Deportiva-Tarma-Melgar-March-26-2023-Liga-1
Liga 1 de Fútbol Profesional,M,PER,2023,1st,Torneo Apertura,1,Sun,2023-03-26,16:00,Sport Boys,0.0,Alianza Atlético,1.0,,Estadio Miguel Grau del Callao,Joel Alarcón,,https://fbref.com/en/matches/58b333db/Sport-Boys-Alianza-Atletico-March-26-2023-Liga-1
Liga 1 de Fútbol Profesional,M,PER,2023,1st,Torneo Apertura,1,Sun,2023-03-26,18:00,Deportivo Garcilaso,1.0,Mannucci,2.0,,Estadio Inca Garcilaso de la Vega,Micke Palomino,,https://fbref.com/en/matches/a8550dd6/Deportivo-Garcilaso-Carlos-A-Mannucci-March-26-2023-Liga-1
Liga 1 de Fútbol Profesional,M,PER,2023,1st,Torneo Apertura,1,Mon,2023-03-27,15:00,UTC,0.0,Cusco,0.0,,Estadio Héroes de San Ramón,Fernando Legario,,https://fbref.com/en/matches/0f37d720/Universidad-Tecnica-de-Cajamarca-Cusco-March-27-2023-Liga-1
Liga 1 de Fútbol Profesional,M,PER,2023,1st,Torneo Apertura,10,Fri,2023-03-31,15:00,Dep Municipal,1.0,Sporting Cristal,1.0,,Estadio Iván Elías Moreno,Micke Palomino,,https://fbref.com/en/matches/2e252e9e/Deportivo-Municipal-Sporting-Cristal-March-31-2023-Liga-1
Liga 1 de Fútbol Profesional,M,PER,2023,1st,Torneo Apertura,10,Fri,2023-03-31,15:30,Asociación Deportiva Tarma,2.0,U César Vallejo,0.0,,Estadio Municipal Unión de Tarma,Jesús Cartagena,,https://fbref.com/en/matches/3160b4c5/Asociacion-Deportiva-Tarma-Universidad-Cesar-Vallejo-March-31-2023-Liga-1
Liga 1 de Fútbol Profesional,M,PER,2023,1st,Torneo Apertura,10,Fri,2023-03-31,19:30,Deportivo Garcilaso,0.0,Universitario,0.0,,Estadio Inca Garcilaso de la Vega,Diego Haro,,https://fbref.com/en/matches/2e545a56/Deportivo-Garcilaso-Universitario-March-31-2023-Liga-1
Liga 1 de Fútbol Profesional,M,PER,2023,1st,Torneo Apertura,10,Sat,2023-04-01,15:30,Melgar,1.0,Cusco,1.0,,Estadio de la Universidad Nacional San A...,Luis Ciriaco Liñan,,https://fbref.com/en/matches/1958a935/Melgar-Cusco-April-1-2023-Liga-1
Liga 1 de Fútbol Profesional,M,PER,2023,1st,Torneo Apertura,10,Sat,2023-04-01,19:00,Alianza Lima,2.0,Cienciano,0.0,,Estadio Alejandro Villanueva,Joel Alarcón,,https://fbref.com/en/matches/66bf7e06/Alianza-Lima-Cienciano-April-1-2023-Liga-1
Liga 1 de Fútbol Profesional,M,PER,2023,1st,Torneo Apertura,10,Sun,2023-04-02,13:00,Unión Comercio,3.0,Alianza Atlético,3.0,,Estadio del IPD,Jordy Espinoza,,https://fbref.com/en/matches/2f485d7b/Union-Comercio-Alianza-Atletico-April-2-2023-Liga-1
Liga 1 de Fútbol Profesional,M,PER,2023,1st,Torneo Apertura,10,Sun,2023-04-02,15:00,Mannucci,0.0,Sport Huancayo,0.0,,Estadio Mansiche,Luis Seminario,,https://fbref.com/en/matches/b2c55ea2/Carlos-A-Mannucci-Sport-Huancayo-April-2-2023-Liga-1
Liga 1 de Fútbol Profesional,M,PER,2023,1st,Torneo Apertura,10,Sun,2023-04-02,15:30,Atlético Grau,3.0,Sport Boys,0.0,,Estadio Miguel Grau,Alejandro Villanueva,,https://fbref.com/en/matches/bdbc97e5/Atletico-Grau-Sport-Boys-April-2-2023-Liga-1
Liga 1 de Fútbol Profesional,M,PER,2023,1st,Torneo Apertura,10,Sun,2023-04-02,18:00,Binacional,1.0,UTC,1.0,,Estadio Guillermo Briceño Rosamedina,Augusto Menéndez,,https://fbref.com/en/matches/2681ae08/Binacional-Universidad-Tecnica-de-Cajamarca-April-2-2023-Liga-1
Liga 1 de Fútbol Profesional,M,PER,2023,1st,Torneo Apertura,11,Fri,2023-04-07,15:30,Cusco,2.0,Binacional,1.0,,Estadio Inca Garcilaso de la Vega,Jesús Cartagena,,https://fbref.com/en/matches/809e8346/Cusco-Binacional-April-7-2023-Liga-1
Liga 1 de Fútbol Profesional,M,PER,2023,1st,Torneo Apertura,11,Sat,2023-04-08,13:00,Sport Boys,0.0,Dep Municipal,2.0,,Estadio Miguel Grau del Callao,Jonathan Zamora,,https://fbref.com/en/matches/e3c2a6ef/Sport-Boys-Deportivo-Municipal-April-8-2023-Liga-1
Liga 1 de Fútbol Profesional,M,PER,2023,1st,Torneo Apertura,11,Sat,2023-04-08,15:30,UTC,1.0,Asociación Deportiva Tarma,0.0,,Estadio Héroes de San Ramón,Alejandro Villanueva,,https://fbref.com/en/matches/6e48d260/Universidad-Tecnica-de-Cajamarca-Asociacion-Deportiva-Tarma-April-8-2023-Liga-1
Liga 1 de Fútbol Profesional,M,PER,2023,1st,Torneo Apertura,11,Sat,2023-04-08,18:00,Cienciano,1.0,Mannucci,0.0,,Estadio Inca Garcilaso de la Vega,Luis Ciriaco Liñan,,https://fbref.com/en/matches/00c70127/Cienciano-Carlos-A-Mannucci-April-8-2023-Liga-1
Liga 1 de Fútbol Profesional,M,PER,2023,1st,Torneo Apertura,11,Sun,2023-04-09,13:00,Alianza Atlético,0.0,Alianza Lima,1.0,,Estadio Municipal Melanio Coloma Calderó...,Augusto Menéndez,,https://fbref.com/en/matches/d603a0f9/Alianza-Atletico-Alianza-Lima-April-9-2023-Liga-1
Liga 1 de Fútbol Profesional,M,PER,2023,1st,Torneo Apertura,11,Sun,2023-04-09,15:30,Sport Huancayo,1.0,Melgar,1.0,,Estadio Huancayo,Pablo López,,https://fbref.com/en/matches/deef342d/Sport-Huancayo-Melgar-April-9-2023-Liga-1
Liga 1 de Fútbol Profesional,M,PER,2023,1st,Torneo Apertura,11,Sun,2023-04-09,18:00,Universitario,2.0,Atlético Grau,1.0,,Estadio Monumental,Daniel Ureta,,https://fbref.com/en/matches/0d0f64ce/Universitario-Atletico-Grau-April-9-2023-Liga-1
Liga 1 de Fútbol Profesional,M,PER,2023,1st,Torneo Apertura,11,Mon,2023-04-10,15:30,Cantolao,1.0,Unión Comercio,2.0,,Estadio Miguel Grau del Callao,Fernando Legario,,https://fbref.com/en/matches/59c89509/Cantolao-Union-Comercio-April-10-2023-Liga-1
Liga 1 de Fútbol Profesional,M,PER,2023,1st,Torneo Apertura,11,Mon,2023-04-10,18:00,U César Vallejo,3.0,Deportivo Garcilaso,0.0,,Estadio Mansiche,Wilfredo Blas,,https://fbref.com/en/matches/2e6cc236/Universidad-Cesar-Vallejo-Deportivo-Garcilaso-April-10-2023-Liga-1
Liga 1 de Fútbol Profesional,M,PER,2023,1st,Torneo Apertura,12,Fri,2023-04-14,16:00,Sporting Cristal,1.0,Sport Boys,1.0,,Estadio Alberto Gallardo,Diego Haro,,https://fbref.com/en/matches/59cdb1fb/Sporting-Cristal-Sport-Boys-April-14-2023-Liga-1
Liga 1 de Fútbol Profesional,M,PER,2023,1st,Torneo Apertura,12,Fri,2023-04-14,19:00,Melgar,1.0,Cienciano,0.0,,Estadio de la Universidad Nacional San A...,Jesús Cartagena,,https://fbref.com/en/matches/246403a6/Melgar-Cienciano-April-14-2023-Liga-1
Liga 1 de Fútbol Profesional,M,PER,2023,1st,Torneo Apertura,12,Sat,2023-04-15,13:00,Atlético Grau,1.0,U César Vallejo,1.0,,Estadio Miguel Grau,Augusto Menéndez,,https://fbref.com/en/matches/4fd73f9f/Atletico-Grau-Universidad-Cesar-Vallejo-April-15-2023-Liga-1
Liga 1 de Fútbol Profesional,M,PER,2023,1st,Torneo Apertura,12,Sat,2023-04-15,19:00,Alianza Lima,3.0,Cantolao,0.0,,Estadio Alejandro Villanueva,Kevin Ortega,,https://fbref.com/en/matches/5e642c48/Alianza-Lima-Cantolao-April-15-2023-Liga-1
Liga 1 de Fútbol Profesional,M,PER,2023,1st,Torneo Apertura,12,Sun,2023-04-16,13:00,Deportivo Garcilaso,2.0,UTC,2.0,,Estadio Inca Garcilaso de la Vega,David Huaman,,https://fbref.com/en/matches/746d3d29/Deportivo-Garcilaso-Universidad-Tecnica-de-Cajamarca-April-16-2023-Liga-1
Liga 1 de Fútbol Profesional,M,PER,2023,1st,Torneo Apertura,12,Sun,2023-04-16,15:30,Asociación Deportiva Tarma,0.0,Cusco,2.0,,Estadio Municipal Unión de Tarma,Joel Alarcón,,https://fbref.com/en/matches/7f2562f2/Asociacion-Deportiva-Tarma-Cusco-April-16-2023-Liga-1
Liga 1 de Fútbol Profesional,M,PER,2023,1st,Torneo Apertura,12,Sun,2023-04-16,16:00,Dep Municipal,1.0,Universitario,2.0,,Estadio Iván Elías Moreno,Edwin Ordóñez,,https://fbref.com/en/matches/1551cfdb/Deportivo-Municipal-Universitario-April-16-2023-Liga-1
Liga 1 de Fútbol Profesional,M,PER,2023,1st,Torneo Apertura,12,Sun,2023-04-16,18:00,Binacional,5.0,Sport Huancayo,3.0,,Estadio Guillermo Briceño Rosamedina,Jordy Espinoza,,https://fbref.com/en/matches/b2fd9f84/Binacional-Sport-Huancayo-April-16-2023-Liga-1
Liga 1 de Fútbol Profesional,M,PER,2023,1st,Torneo Apertura,12,Sun,2023-04-16,19:00,Mannucci,1.0,Alianza Atlético,0.0,,Estadio Mansiche,Fernando Legario,,https://fbref.com/en/matches/a484cf4c/Carlos-A-Mannucci-Alianza-Atletico-April-16-2023-Liga-1
Liga 1 de Fútbol Profesional,M,PER,2023,1st,Torneo Apertura,13,Fri,2023-04-21,15:30,UTC,1.0,Atlético Grau,1.0,,Estadio Héroes de San Ramón,Wilfredo Blas,,https://fbref.com/en/matches/bfb4da2a/Universidad-Tecnica-de-Cajamarca-Atletico-Grau-April-21-2023-Liga-1
Liga 1 de Fútbol Profesional,M,PER,2023,1st,Torneo Apertura,13,Sat,2023-04-22,13:00,Cantolao,0.0,Mannucci,2.0,,Estadio Miguel Grau del Callao,Joel Alarcón,,https://fbref.com/en/matches/a2d1d3ab/Cantolao-Carlos-A-Mannucci-April-22-2023-Liga-1
Liga 1 de Fútbol Profesional,M,PER,2023,1st,Torneo Apertura,13,Sat,2023-04-22,15:30,Sport Huancayo,1.0,Asociación Deportiva Tarma,3.0,,Estadio Huancayo,Sebastián Lozano,,https://fbref.com/en/matches/5175dbee/Sport-Huancayo-Asociacion-Deportiva-Tarma-April-22-2023-Liga-1
Liga 1 de Fútbol Profesional,M,PER,2023,1st,Torneo Apertura,13,Sat,2023-04-22,18:00,Cienciano,1.0,Binacional,1.0,,Estadio Inca Garcilaso de la Vega,David Huaman,,https://fbref.com/en/matches/dc8ceb4e/Cienciano-Binacional-April-22-2023-Liga-1
Liga 1 de Fútbol Profesional,M,PER,2023,1st,Torneo Apertura,13,Sun,2023-04-23,13:00,Unión Comercio,1.0,Alianza Lima,3.0,,Estadio del IPD,Diego Haro,,https://fbref.com/en/matches/ef9f1a47/Union-Comercio-Alianza-Lima-April-23-2023-Liga-1
Liga 1 de Fútbol Profesional,M,PER,2023,1st,Torneo Apertura,13,Sun,2023-04-23,15:30,Cusco,2.0,Deportivo Garcilaso,1.0,,Estadio Inca Garcilaso de la Vega,Michael Espinoza,,https://fbref.com/en/matches/aed4641e/Cusco-Deportivo-Garcilaso-April-23-2023-Liga-1
Liga 1 de Fútbol Profesional,M,PER,2023,1st,Torneo Apertura,13,Mon,2023-04-24,13:00,Alianza Atlético,3.0,Melgar,3.0,,Estadio Municipal Melanio Coloma Calderó...,Italo Gonzáles,,https://fbref.com/en/matches/40f30059/Alianza-Atletico-Melgar-April-24-2023-Liga-1
Liga 1 de Fútbol Profesional,M,PER,2023,1st,Torneo Apertura,13,Mon,2023-04-24,18:00,U César Vallejo,1.0,Dep Municipal,1.0,,Estadio Mansiche,Wilmer Villanueva,,https://fbref.com/en/matches/9a0d8f1e/Universidad-Cesar-Vallejo-Deportivo-Municipal-April-24-2023-Liga-1
Liga 1 de Fútbol Profesional,M,PER,2023,1st,Torneo Apertura,13,Mon,2023-04-24,20:30,Universitario,2.0,Sporting Cristal,0.0,,Estadio Monumental,Kevin Ortega,,https://fbref.com/en/matches/8b63b06c/Universitario-Sporting-Cristal-April-24-2023-Liga-1
Liga 1 de Fútbol Profesional,M,PER,2023,1st,Torneo Apertura,14,Fri,2023-04-28,15:30,Sporting Cristal,1.0,U César Vallejo,1.0,,Estadio Alberto Gallardo,Jordy Espinoza,,https://fbref.com/en/matches/328b7fcb/Sporting-Cristal-Universidad-Cesar-Vallejo-April-28-2023-Liga-1
Liga 1 de Fútbol Profesional,M,PER,2023,1st,Torneo Apertura,14,Sat,2023-04-29,13:00,Atlético Grau,3.0,Cusco,0.0,,Estadio Miguel Grau,Kevin Ortega,,https://fbref.com/en/matches/8a09235a/Atletico-Grau-Cusco-April-29-2023-Liga-1
Liga 1 de Fútbol Profesional,M,PER,2023,1st,Torneo Apertura,14,Sat,2023-04-29,15:00,Sport Boys,0.0,Universitario,3.0,,Estadio Miguel Grau del Callao,Joel Alarcón,,https://fbref.com/en/matches/96f817b3/Sport-Boys-Universitario-April-29-2023-Liga-1
Liga 1 de Fútbol Profesional,M,PER,2023,1st,Torneo Apertura,14,Sat,2023-04-29,15:30,Deportivo Garcilaso,1.0,Sport Huancayo,1.0,,Estadio Inca Garcilaso de la Vega,Micke Palomino,,https://fbref.com/en/matches/c4f682e6/Deportivo-Garcilaso-Sport-Huancayo-April-29-2023-Liga-1
Liga 1 de Fútbol Profesional,M,PER,2023,1st,Torneo Apertura,14,Sat,2023-04-29,18:00,Melgar,5.0,Cantolao,0.0,,Estadio de la Universidad Nacional San A...,Roberto Pérez,,https://fbref.com/en/matches/6d9ced24/Melgar-Cantolao-April-29-2023-Liga-1
Liga 1 de Fútbol Profesional,M,PER,2023,1st,Torneo Apertura,14,Sun,2023-04-30,13:00,Binacional,4.0,Alianza Atlético,2.0,,Estadio Guillermo Briceño Rosamedina,Daniel Ureta,,https://fbref.com/en/matches/e603c87a/Binacional-Alianza-Atletico-April-30-2023-Liga-1
Liga 1 de Fútbol Profesional,M,PER,2023,1st,Torneo Apertura,14,Sun,2023-04-30,15:00,Dep Municipal,2.0,UTC,0.0,,Estadio Iván Elías Moreno,Luis Seminario,,https://fbref.com/en/matches/39989e4c/Deportivo-Municipal-Universidad-Tecnica-de-Cajamarca-April-30-2023-Liga-1
Liga 1 de Fútbol Profesional,M,PER,2023,1st,Torneo Apertura,14,Sun,2023-04-30,15:30,Asociación Deportiva Tarma,3.0,Cienciano,4.0,,Estadio Municipal Unión de Tarma,Pablo López,,https://fbref.com/en/matches/b30c7f1c/Asociacion-Deportiva-Tarma-Cienciano-April-30-2023-Liga-1
Liga 1 de Fútbol Profesional,M,PER,2023,1st,Torneo Apertura,14,Sun,2023-04-30,19:00,Mannucci,2.0,Unión Comercio,0.0,,Estadio Mansiche,Sebastián Lozano,,https://fbref.com/en/matches/571d1ac4/Carlos-A-Mannucci-Union-Comercio-April-30-2023-Liga-1
Liga 1 de Fútbol Profesional,M,PER,2023,1st,Torneo Apertura,15,Fri,2023-05-05,13:00,Cantolao,1.0,Binacional,0.0,,Estadio Iván Elías Moreno,Pablo López,,https://fbref.com/en/matches/d81ca023/Cantolao-Binacional-May-5-2023-Liga-1
Liga 1 de Fútbol Profesional,M,PER,2023,1st,Torneo Apertura,15,Fri,2023-05-05,15:30,Cusco,1.0,Dep Municipal,0.0,,Estadio Inca Garcilaso de la Vega,Alejandro Villanueva,,https://fbref.com/en/matches/863ef095/Cusco-Deportivo-Municipal-May-5-2023-Liga-1
Liga 1 de Fútbol Profesional,M,PER,2023,1st,Torneo Apertura,15,Sat,2023-05-06,13:00,Alianza Atlético,1.0,Asociación Deportiva Tarma,1.0,,Estadio Campeones del 36,Jonathan Zamora,,https://fbref.com/en/matches/ac4c3757/Alianza-Atletico-Asociacion-Deportiva-Tarma-May-6-2023-Liga-1
Liga 1 de Fútbol Profesional,M,PER,2023,1st,Torneo Apertura,15,Sat,2023-05-06,15:30,Sport Huancayo,1.0,Atlético Grau,0.0,,Estadio Huancayo,Edwin Ordóñez,,https://fbref.com/en/matches/e97385f1/Sport-Huancayo-Atletico-Grau-May-6-2023-Liga-1
Liga 1 de Fútbol Profesional,M,PER,2023,1st,Torneo Apertura,15,Sat,2023-05-06,19:00,Cienciano,0.0,Deportivo Garcilaso,0.0,,Estadio Inca Garcilaso de la Vega,Joel Alarcón,,https://fbref.com/en/matches/db2c84ba/Cienciano-Deportivo-Garcilaso-May-6-2023-Liga-1
Liga 1 de Fútbol Profesional,M,PER,2023,1st,Torneo Apertura,15,Sun,2023-05-07,15:15,UTC,1.0,Sporting Cristal,1.0,,Estadio Héroes de San Ramón,Roberto Pérez,,https://fbref.com/en/matches/2abdfaa3/Universidad-Tecnica-de-Cajamarca-Sporting-Cristal-May-7-2023-Liga-1
Liga 1 de Fútbol Profesional,M,PER,2023,1st,Torneo Apertura,15,Sun,2023-05-07,17:30,U César Vallejo,2.0,Sport Boys,0.0,,Estadio Mansiche,Victor Cori,,https://fbref.com/en/matches/a872db89/Universidad-Cesar-Vallejo-Sport-Boys-May-7-2023-Liga-1
Liga 1 de Fútbol Profesional,M,PER,2023,1st,Torneo Apertura,15,Sun,2023-05-07,20:00,Alianza Lima,3.0,Mannucci,0.0,,Estadio Alejandro Villanueva,Jordy Espinoza,,https://fbref.com/en/matches/50969931/Alianza-Lima-Carlos-A-Mannucci-May-7-2023-Liga-1
Liga 1 de Fútbol Profesional,M,PER,2023,1st,Torneo Apertura,15,Mon,2023-05-08,13:00,Unión Comercio,1.0,Melgar,1.0,,Estadio Municipal Carlos Vidaurre García,Luis Ciriaco Liñan,,https://fbref.com/en/matches/dd88ac10/Union-Comercio-Melgar-May-8-2023-Liga-1
Liga 1 de Fútbol Profesional,M,PER,2023,1st,Torneo Apertura,7,Wed,2023-05-10,15:30,Cienciano,5.0,Alianza Atlético,2.0,,Estadio Inca Garcilaso de la Vega,Wilfredo Blas,,https://fbref.com/en/matches/69880a92/Cienciano-Alianza-Atletico-May-10-2023-Liga-1
Liga 1 de Fútbol Profesional,M,PER,2023,1st,Torneo Apertura,6,Thu,2023-05-11,20:00,Alianza Lima,2.0,U César Vallejo,0.0,,Estadio Alejandro Villanueva,Diego Haro,,https://fbref.com/en/matches/02f3d262/Alianza-Lima-Universidad-Cesar-Vallejo-May-11-2023-Liga-1
Liga 1 de Fútbol Profesional,M,PER,2023,1st,Torneo Apertura,2,Fri,2023-05-12,13:00,Sport Huancayo,5.0,UTC,1.0,,Estadio Huancayo,Fernando Legario,,https://fbref.com/en/matches/bd01285a/Sport-Huancayo-Universidad-Tecnica-de-Cajamarca-May-12-2023-Liga-1
Liga 1 de Fútbol Profesional,M,PER,2023,1st,Torneo Apertura,6,Fri,2023-05-12,15:30,Melgar,2.0,Sport Boys,0.0,,Estadio de la Universidad Nacional San A...,Roberto Pérez,,https://fbref.com/en/matches/d0ffee42/Melgar-Sport-Boys-May-12-2023-Liga-1
Liga 1 de Fútbol Profesional,M,PER,2023,1st,Torneo Apertura,2,Fri,2023-05-12,18:00,Binacional,1.0,Asociación Deportiva Tarma,0.0,,Estadio Guillermo Briceño Rosamedina,Joel Alarcón,,https://fbref.com/en/matches/4019fd34/Binacional-Asociacion-Deportiva-Tarma-May-12-2023-Liga-1
Liga 1 de Fútbol Profesional,M,PER,2023,1st,Torneo Apertura,2,Sat,2023-05-13,13:00,Unión Comercio,1.0,Sporting Cristal,6.0,,Estadio Municipal Carlos Vidaurre García,Jesús Cartagena,,https://fbref.com/en/matches/18713add/Union-Comercio-Sporting-Cristal-May-13-2023-Liga-1
Liga 1 de Fútbol Profesional,M,PER,2023,1st,Torneo Apertura,2,Sat,2023-05-13,19:00,Mannucci,1.0,Atlético Grau,0.0,,Estadio Mansiche,Diego Haro,,https://fbref.com/en/matches/5453efa6/Carlos-A-Mannucci-Atletico-Grau-May-13-2023-Liga-1
Liga 1 de Fútbol Profesional,M,PER,2023,1st,Torneo Apertura,2,Sun,2023-05-14,13:00,Alianza Atlético,3.0,Universitario,1.0,,Estadio Campeones del 36,Augusto Menéndez,,https://fbref.com/en/matches/b4d519e5/Alianza-Atletico-Universitario-May-14-2023-Liga-1
Liga 1 de Fútbol Profesional,M,PER,2023,1st,Torneo Apertura,2,Sun,2023-05-14,15:30,Cienciano,1.0,U César Vallejo,1.0,,Estadio Inca Garcilaso de la Vega,Jonathan Zamora,,https://fbref.com/en/matches/374e441f/Cienciano-Universidad-Cesar-Vallejo-May-14-2023-Liga-1
Liga 1 de Fútbol Profesional,M,PER,2023,1st,Torneo Apertura,2,Mon,2023-05-15,15:30,Melgar,2.0,Deportivo Garcilaso,4.0,,Estadio de la Universidad Nacional San A...,David Huaman,,https://fbref.com/en/matches/d4d045ab/Melgar-Deportivo-Garcilaso-May-15-2023-Liga-1
Liga 1 de Fútbol Profesional,M,PER,2023,1st,Torneo Apertura,2,Mon,2023-05-15,20:00,Alianza Lima,2.0,Dep Municipal,1.0,,Estadio Alejandro Villanueva,Edwin Ordóñez,,https://fbref.com/en/matches/f9118edb/Alianza-Lima-Deportivo-Municipal-May-15-2023-Liga-1
Liga 1 de Fútbol Profesional,M,PER,2023,1st,Torneo Apertura,2,Tue,2023-05-16,15:30,Cantolao,0.0,Sport Boys,0.0,,Estadio Iván Elías Moreno,Daniel Ureta,,https://fbref.com/en/matches/35edb90f/Cantolao-Sport-Boys-May-16-2023-Liga-1
Liga 1 de Fútbol Profesional,M,PER,2023,1st,Torneo Apertura,8,Wed,2023-05-17,15:00,Mannucci,0.0,UTC,1.0,,Estadio Mansiche,Jordy Espinoza,,https://fbref.com/en/matches/c629048c/Carlos-A-Mannucci-Universidad-Tecnica-de-Cajamarca-May-17-2023-Liga-1
Liga 1 de Fútbol Profesional,M,PER,2023,1st,Torneo Apertura,6,Wed,2023-05-17,19:00,Binacional,0.0,Sporting Cristal,1.0,,Estadio de la Universidad Nacional San A...,Augusto Menéndez,,https://fbref.com/en/matches/40b53660/Binacional-Sporting-Cristal-May-17-2023-Liga-1
Liga 1 de Fútbol Profesional,M,PER,2023,1st,Torneo Apertura,16,Fri,2023-05-19,18:30,Melgar,2.0,Alianza Lima,1.0,,Estadio de la Universidad Nacional San A...,Diego Haro,,https://fbref.com/en/matches/f1423fd9/Melgar-Alianza-Lima-May-19-2023-Liga-1
Liga 1 de Fútbol Profesional,M,PER,2023,1st,Torneo Apertura,16,Fri,2023-05-19,20:30,Universitario,4.0,U César Vallejo,0.0,,Estadio Monumental,Kevin Ortega,,https://fbref.com/en/matches/b94d7c4e/Universitario-Universidad-Cesar-Vallejo-May-19-2023-Liga-1
Liga 1 de Fútbol Profesional,M,PER,2023,1st,Torneo Apertura,16,Sat,2023-05-20,13:00,Asociación Deportiva Tarma,1.0,Cantolao,1.0,,Estadio Municipal Unión de Tarma,Fernando Legario,,https://fbref.com/en/matches/71d6b71f/Asociacion-Deportiva-Tarma-Cantolao-May-20-2023-Liga-1
Liga 1 de Fútbol Profesional,M,PER,2023,1st,Torneo Apertura,16,Sat,2023-05-20,18:00,Deportivo Garcilaso,3.0,Alianza Atlético,2.0,,Estadio Inca Garcilaso de la Vega,Daniel Ureta,,https://fbref.com/en/matches/a38017c7/Deportivo-Garcilaso-Alianza-Atletico-May-20-2023-Liga-1
Liga 1 de Fútbol Profesional,M,PER,2023,1st,Torneo Apertura,16,Sat,2023-05-20,20:30,Sporting Cristal,3.0,Cusco,2.0,,Estadio Alberto Gallardo,Edwin Ordóñez,,https://fbref.com/en/matches/bcc01e2f/Sporting-Cristal-Cusco-May-20-2023-Liga-1
Liga 1 de Fútbol Profesional,M,PER,2023,1st,Torneo Apertura,16,Sun,2023-05-21,13:00,Atlético Grau,4.0,Cienciano,0.0,,Estadio Miguel Grau,Luis Ciriaco Liñan,,https://fbref.com/en/matches/906092ce/Atletico-Grau-Cienciano-May-21-2023-Liga-1
Liga 1 de Fútbol Profesional,M,PER,2023,1st,Torneo Apertura,16,Sun,2023-05-21,15:00,Dep Municipal,1.0,Sport Huancayo,2.0,,Estadio Iván Elías Moreno,Joel Alarcón,,https://fbref.com/en/matches/67ca3413/Deportivo-Municipal-Sport-Huancayo-May-21-2023-Liga-1
Liga 1 de Fútbol Profesional,M,PER,2023,1st,Torneo Apertura,16,Mon,2023-05-22,15:30,Sport Boys,3.0,UTC,2.0,,Estadio Miguel Grau del Callao,Michael Espinoza,,https://fbref.com/en/matches/0b61c3c1/Sport-Boys-Universidad-Tecnica-de-Cajamarca-May-22-2023-Liga-1
Liga 1 de Fútbol Profesional,M,PER,2023,1st,Torneo Apertura,16,Mon,2023-05-22,20:00,Binacional,5.0,Unión Comercio,0.0,,Estadio Guillermo Briceño Rosamedina,Roberto Pérez,,https://fbref.com/en/matches/8732380f/Binacional-Union-Comercio-May-22-2023-Liga-1
Liga 1 de Fútbol Profesional,M,PER,2023,1st,Torneo Apertura,17,Fri,2023-05-26,15:00,Cantolao,1.0,Deportivo Garcilaso,1.0,,Estadio Iván Elías Moreno,Luis Seminario,,https://fbref.com/en/matches/cb67f7ac/Cantolao-Deportivo-Garcilaso-May-26-2023-Liga-1
Liga 1 de Fútbol Profesional,M,PER,2023,1st,Torneo Apertura,17,Fri,2023-05-26,19:00,Cienciano,1.0,Dep Municipal,0.0,,Estadio Inca Garcilaso de la Vega,Roberto Pérez,,https://fbref.com/en/matches/9a30cba8/Cienciano-Deportivo-Municipal-May-26-2023-Liga-1
Liga 1 de Fútbol Profesional,M,PER,2023,1st,Torneo Apertura,17,Sat,2023-05-27,13:00,Alianza Atlético,3.0,Atlético Grau,2.0,,Estadio Campeones del 36,Michael Espinoza,,https://fbref.com/en/matches/7a240fec/Alianza-Atletico-Atletico-Grau-May-27-2023-Liga-1
Liga 1 de Fútbol Profesional,M,PER,2023,1st,Torneo Apertura,17,Sat,2023-05-27,15:30,Cusco,2.0,Sport Boys,1.0,,Estadio Inca Garcilaso de la Vega,Jonathan Zamora,,https://fbref.com/en/matches/0cd83f42/Cusco-Sport-Boys-May-27-2023-Liga-1
Liga 1 de Fútbol Profesional,M,PER,2023,1st,Torneo Apertura,17,Sun,2023-05-28,13:00,Unión Comercio,4.0,Asociación Deportiva Tarma,3.0,,Estadio Municipal Carlos Vidaurre García,Kevin Ortega,,https://fbref.com/en/matches/d9a7280b/Union-Comercio-Asociacion-Deportiva-Tarma-May-28-2023-Liga-1
Liga 1 de Fútbol Profesional,M,PER,2023,1st,Torneo Apertura,17,Sun,2023-05-28,15:30,UTC,1.0,Universitario,0.0,,Estadio Héroes de San Ramón,Diego Haro,,https://fbref.com/en/matches/6bbf6f9c/Universidad-Tecnica-de-Cajamarca-Universitario-May-28-2023-Liga-1
Liga 1 de Fútbol Profesional,M,PER,2023,1st,Torneo Apertura,17,Sun,2023-05-28,18:00,Sport Huancayo,1.0,Sporting Cristal,2.0,,Estadio Huancayo,Micke Palomino,,https://fbref.com/en/matches/306c7bf5/Sport-Huancayo-Sporting-Cristal-May-28-2023-Liga-1
Liga 1 de Fútbol Profesional,M,PER,2023,1st,Torneo Apertura,17,Sun,2023-05-28,18:30,Mannucci,1.0,Melgar,2.0,,Estadio Mansiche,Alejandro Villanueva,,https://fbref.com/en/matches/5835b0db/Carlos-A-Mannucci-Melgar-May-28-2023-Liga-1
Liga 1 de Fútbol Profesional,M,PER,2023,1st,Torneo Apertura,17,Sun,2023-05-28,20:30,Alianza Lima,6.0,Binacional,1.0,,Estadio Alejandro Villanueva,Joel Alarcón,,https://fbref.com/en/matches/71eca985/Alianza-Lima-Binacional-May-28-2023-Liga-1
Liga 1 de Fútbol Profesional,M,PER,2023,1st,Torneo Apertura,8,Wed,2023-05-31,19:00,Melgar,2.0,U César Vallejo,2.0,,Estadio de la Universidad Nacional San A...,Edwin Ordóñez,,https://fbref.com/en/matches/bdb81629/Melgar-Universidad-Cesar-Vallejo-May-31-2023-Liga-1
Liga 1 de Fútbol Profesional,M,PER,2023,1st,Torneo Apertura,18,Thu,2023-06-01,20:00,Sporting Cristal,4.0,Cienciano,2.0,,Estadio Nacional,Diego Haro,,https://fbref.com/en/matches/f1519a06/Sporting-Cristal-Cienciano-June-1-2023-Liga-1
Liga 1 de Fútbol Profesional,M,PER,2023,1st,Torneo Apertura,18,Fri,2023-06-02,20:00,Asociación Deportiva Tarma,2.0,Alianza Lima,1.0,,Estadio Huancayo,Michael Espinoza,,https://fbref.com/en/matches/a0b5e12c/Asociacion-Deportiva-Tarma-Alianza-Lima-June-2-2023-Liga-1
Liga 1 de Fútbol Profesional,M,PER,2023,1st,Torneo Apertura,18,Fri,2023-06-02,20:30,Universitario,1.0,Cusco,0.0,,Estadio Monumental,Kevin Ortega,,https://fbref.com/en/matches/70bc29c6/Universitario-Cusco-June-2-2023-Liga-1
Liga 1 de Fútbol Profesional,M,PER,2023,1st,Torneo Apertura,18,Sat,2023-06-03,15:00,Dep Municipal,2.0,Alianza Atlético,1.0,,Estadio Iván Elías Moreno,David Huaman,,https://fbref.com/en/matches/0d942d1c/Deportivo-Municipal-Alianza-Atletico-June-3-2023-Liga-1
Liga 1 de Fútbol Profesional,M,PER,2023,1st,Torneo Apertura,18,Sat,2023-06-03,18:00,Binacional,3.0,Mannucci,0.0,,Estadio Guillermo Briceño Rosamedina,Edwin Ordóñez,,https://fbref.com/en/matches/9143b145/Binacional-Carlos-A-Mannucci-June-3-2023-Liga-1
Liga 1 de Fútbol Profesional,M,PER,2023,1st,Torneo Apertura,18,Sat,2023-06-03,20:30,Deportivo Garcilaso,2.0,Unión Comercio,2.0,,Estadio Inca Garcilaso de la Vega,Alejandro Villanueva,,https://fbref.com/en/matches/6eb7dd49/Deportivo-Garcilaso-Union-Comercio-June-3-2023-Liga-1
Liga 1 de Fútbol Profesional,M,PER,2023,1st,Torneo Apertura,18,Sun,2023-06-04,13:00,Atlético Grau,3.0,Cantolao,0.0,,Estadio Municipal Bernales,Daniel Ureta,,https://fbref.com/en/matches/d4d038e0/Atletico-Grau-Cantolao-June-4-2023-Liga-1
Liga 1 de Fútbol Profesional,M,PER,2023,1st,Torneo Apertura,18,Sun,2023-06-04,15:30,Sport Boys,1.0,Sport Huancayo,0.0,,Estadio Iván Elías Moreno,Pablo López,,https://fbref.com/en/matches/fc32a1f4/Sport-Boys-Sport-Huancayo-June-4-2023-Liga-1
Liga 1 de Fútbol Profesional,M,PER,2023,1st,Torneo Apertura,18,Sun,2023-06-04,18:00,U César Vallejo,3.0,UTC,1.0,,Estadio Mansiche,Jordy Espinoza,,https://fbref.com/en/matches/c2b2136d/Universidad-Cesar-Vallejo-Universidad-Tecnica-de-Cajamarca-June-4-2023-Liga-1
Liga 1 de Fútbol Profesional,M,PER,2023,1st,Torneo Apertura,19,Fri,2023-06-09,19:00,Cienciano,0.0,Sport Boys,1.0,,Estadio Inca Garcilaso de la Vega,Jordy Espinoza,,https://fbref.com/en/matches/72f6cbd2/Cienciano-Sport-Boys-June-9-2023-Liga-1
Liga 1 de Fútbol Profesional,M,PER,2023,1st,Torneo Apertura,19,Sat,2023-06-10,13:00,Unión Comercio,2.0,Atlético Grau,2.0,,Estadio del IPD,Joel Alarcón,,https://fbref.com/en/matches/c469cc21/Union-Comercio-Atletico-Grau-June-10-2023-Liga-1
Liga 1 de Fútbol Profesional,M,PER,2023,1st,Torneo Apertura,19,Sat,2023-06-10,15:30,Cantolao,0.0,Dep Municipal,1.0,,Estadio Municipal Segundo Aranda Torres,Micke Palomino,,https://fbref.com/en/matches/ad33369d/Cantolao-Deportivo-Municipal-June-10-2023-Liga-1
Liga 1 de Fútbol Profesional,M,PER,2023,1st,Torneo Apertura,19,Sat,2023-06-10,18:00,Melgar,2.0,Binacional,1.0,,Estadio de la Universidad Nacional San A...,Michael Espinoza,,https://fbref.com/en/matches/2557d355/Melgar-Binacional-June-10-2023-Liga-1
Liga 1 de Fútbol Profesional,M,PER,2023,1st,Torneo Apertura,19,Sat,2023-06-10,20:00,Mannucci,1.0,Asociación Deportiva Tarma,1.0,,Estadio Mansiche,David Huaman,,https://fbref.com/en/matches/07ecc558/Carlos-A-Mannucci-Asociacion-Deportiva-Tarma-June-10-2023-Liga-1
Liga 1 de Fútbol Profesional,M,PER,2023,1st,Torneo Apertura,19,Sat,2023-06-10,20:30,Alianza Lima,3.0,Deportivo Garcilaso,2.0,,Estadio Alejandro Villanueva,Fernando Legario,,https://fbref.com/en/matches/eafec8df/Alianza-Lima-Deportivo-Garcilaso-June-10-2023-Liga-1
Liga 1 de Fútbol Profesional,M,PER,2023,1st,Torneo Apertura,19,Sun,2023-06-11,13:00,Alianza Atlético,0.0,Sporting Cristal,0.0,,Estadio Campeones del 36,Edwin Ordóñez,,https://fbref.com/en/matches/7017203f/Alianza-Atletico-Sporting-Cristal-June-11-2023-Liga-1
Liga 1 de Fútbol Profesional,M,PER,2023,1st,Torneo Apertura,19,Sun,2023-06-11,15:30,Cusco,2.0,U César Vallejo,0.0,,Estadio Inca Garcilaso de la Vega,Wilfredo Blas,,https://fbref.com/en/matches/5fb5a2ee/Cusco-Universidad-Cesar-Vallejo-June-11-2023-Liga-1
Liga 1 de Fútbol Profesional,M,PER,2023,1st,Torneo Apertura,19,Sun,2023-06-11,18:00,Sport Huancayo,1.0,Universitario,0.0,,Estadio Huancayo,Roberto Pérez,,https://fbref.com/en/matches/06d3a943/Sport-Huancayo-Universitario-June-11-2023-Liga-1
Liga 1 de Fútbol Profesional,M,PER,2023,1st,Torneo Clausura,1,Thu,2023-06-22,15:00,Cantolao,0.0,Sporting Cristal,2.0,,Estadio Municipal Segundo Aranda Torres,Joel Alarcón,,https://fbref.com/en/matches/efb0e8cf/Cantolao-Sporting-Cristal-June-22-2023-Liga-1
Liga 1 de Fútbol Profesional,M,PER,2023,1st,Torneo Clausura,1,Thu,2023-06-22,18:00,Melgar,4.0,Asociación Deportiva Tarma,0.0,,Estadio de la Universidad Nacional San A...,Jonathan Zamora,,https://fbref.com/en/matches/75676aa1/Melgar-Asociacion-Deportiva-Tarma-June-22-2023-Liga-1
Liga 1 de Fútbol Profesional,M,PER,2023,1st,Torneo Clausura,1,Thu,2023-06-22,19:00,Cienciano,1.0,Universitario,1.0,,Estadio Inca Garcilaso de la Vega,Fernando Legario,,https://fbref.com/en/matches/12319b9a/Cienciano-Universitario-June-22-2023-Liga-1
Liga 1 de Fútbol Profesional,M,PER,2023,1st,Torneo Clausura,1,Fri,2023-06-23,20:00,Alianza Lima,2.0,Atlético Grau,0.0,,Estadio Nacional,Roberto Pérez,,https://fbref.com/en/matches/0b68a9ec/Alianza-Lima-Atletico-Grau-June-23-2023-Liga-1
Liga 1 de Fútbol Profesional,M,PER,2023,1st,Torneo Clausura,1,Sat,2023-06-24,15:30,Sport Huancayo,2.0,U César Vallejo,0.0,,Estadio Huancayo,Kevin Ortega,,https://fbref.com/en/matches/7802a820/Sport-Huancayo-Universidad-Cesar-Vallejo-June-24-2023-Liga-1
Liga 1 de Fútbol Profesional,M,PER,2023,1st,Torneo Clausura,1,Sat,2023-06-24,20:00,Mannucci,0.0,Deportivo Garcilaso,1.0,,Estadio Mansiche,Edwin Ordóñez,,https://fbref.com/en/matches/351fba1e/Carlos-A-Mannucci-Deportivo-Garcilaso-June-24-2023-Liga-1
Liga 1 de Fútbol Profesional,M,PER,2023,1st,Torneo Clausura,1,Sun,2023-06-25,13:00,Alianza Atlético,1.0,Sport Boys,2.0,,Estadio Campeones del 36,Sebastián Lozano,,https://fbref.com/en/matches/e2d72263/Alianza-Atletico-Sport-Boys-June-25-2023-Liga-1
Liga 1 de Fútbol Profesional,M,PER,2023,1st,Torneo Clausura,1,Sun,2023-06-25,15:30,Unión Comercio,1.0,Dep Municipal,3.0,,Estadio Municipal Carlos Vidaurre García,Jordy Espinoza,,https://fbref.com/en/matches/acf2e7ed/Union-Comercio-Deportivo-Municipal-June-25-2023-Liga-1
Liga 1 de Fútbol Profesional,M,PER,2023,1st,Torneo Clausura,1,Mon,2023-06-26,15:30,Cusco,2.0,UTC,1.0,,Estadio Inca Garcilaso de la Vega,Daniel Ureta,,https://fbref.com/en/matches/9a9214cf/Cusco-Universidad-Tecnica-de-Cajamarca-June-26-2023-Liga-1
Liga 1 de Fútbol Profesional,M,PER,2023,1st,Torneo Clausura,2,Fri,2023-06-30,15:30,UTC,0.0,Sport Huancayo,0.0,,Estadio Héroes de San Ramón,Micke Palomino,,https://fbref.com/en/matches/60aaa000/Universidad-Tecnica-de-Cajamarca-Sport-Huancayo-June-30-2023-Liga-1
Liga 1 de Fútbol Profesional,M,PER,2023,1st,Torneo Clausura,2,Sat,2023-07-01,15:30,Asociación Deportiva Tarma,2.0,Binacional,0.0,,Estadio Municipal Unión de Tarma,Jesús Cartagena,,https://fbref.com/en/matches/0af851fe/Asociacion-Deportiva-Tarma-Binacional-July-1-2023-Liga-1
Liga 1 de Fútbol Profesional,M,PER,2023,1st,Torneo Clausura,2,Sat,2023-07-01,18:00,Deportivo Garcilaso,2.0,Melgar,2.0,,Estadio Inca Garcilaso de la Vega,Jordy Espinoza,,https://fbref.com/en/matches/1722827f/Deportivo-Garcilaso-Melgar-July-1-2023-Liga-1
Liga 1 de Fútbol Profesional,M,PER,2023,1st,Torneo Clausura,2,Sat,2023-07-01,20:30,Dep Municipal,0.0,Alianza Lima,1.0,,Estadio Nacional,Kevin Ortega,,https://fbref.com/en/matches/6d22cbf2/Deportivo-Municipal-Alianza-Lima-July-1-2023-Liga-1
Liga 1 de Fútbol Profesional,M,PER,2023,1st,Torneo Clausura,2,Sun,2023-07-02,13:00,Sporting Cristal,3.0,Unión Comercio,0.0,,Estadio Alberto Gallardo,Pablo López,,https://fbref.com/en/matches/96b20dc2/Sporting-Cristal-Union-Comercio-July-2-2023-Liga-1
Liga 1 de Fútbol Profesional,M,PER,2023,1st,Torneo Clausura,2,Sun,2023-07-02,15:30,Atlético Grau,0.0,Mannucci,2.0,,Estadio Municipal Bernales,Fernando Legario,,https://fbref.com/en/matches/c3cfb011/Atletico-Grau-Carlos-A-Mannucci-July-2-2023-Liga-1
Liga 1 de Fútbol Profesional,M,PER,2023,1st,Torneo Clausura,2,Mon,2023-07-03,18:00,U César Vallejo,0.0,Cienciano,3.0,,Estadio Mansiche,Diego Haro,,https://fbref.com/en/matches/e7c84f28/Universidad-Cesar-Vallejo-Cienciano-July-3-2023-Liga-1
Liga 1 de Fútbol Profesional,M,PER,2023,1st,Torneo Clausura,2,Mon,2023-07-03,20:30,Universitario,2.0,Alianza Atlético,0.0,,Estadio Monumental,Joel Alarcón,,https://fbref.com/en/matches/076c26b4/Universitario-Alianza-Atletico-July-3-2023-Liga-1
Liga 1 de Fútbol Profesional,M,PER,2023,1st,Torneo Clausura,2,Tue,2023-07-04,15:30,Sport Boys,0.0,Cantolao,1.0,,Estadio Alberto Gallardo,Michael Espinoza,,https://fbref.com/en/matches/4c9875d1/Sport-Boys-Cantolao-July-4-2023-Liga-1
Liga 1 de Fútbol Profesional,M,PER,2023,1st,Torneo Clausura,3,Fri,2023-07-07,15:00,Melgar,3.0,Atlético Grau,0.0,,Estadio de la Universidad Nacional San A...,Kevin Ortega,,https://fbref.com/en/matches/a0434882/Melgar-Atletico-Grau-July-7-2023-Liga-1
Liga 1 de Fútbol Profesional,M,PER,2023,1st,Torneo Clausura,3,Fri,2023-07-07,20:00,Cantolao,1.0,Universitario,4.0,,Estadio Nacional,Daniel Ureta,,https://fbref.com/en/matches/832fac7b/Cantolao-Universitario-July-7-2023-Liga-1
Liga 1 de Fútbol Profesional,M,PER,2023,1st,Torneo Clausura,3,Sat,2023-07-08,13:00,Alianza Atlético,0.0,U César Vallejo,1.0,,Estadio Campeones del 36,Jesús Cartagena,,https://fbref.com/en/matches/514c1143/Alianza-Atletico-Universidad-Cesar-Vallejo-July-8-2023-Liga-1
Liga 1 de Fútbol Profesional,M,PER,2023,1st,Torneo Clausura,3,Sat,2023-07-08,15:30,Cienciano,2.0,UTC,2.0,,Estadio Inca Garcilaso de la Vega,Sebastián Lozano,,https://fbref.com/en/matches/f9c638ba/Cienciano-Universidad-Tecnica-de-Cajamarca-July-8-2023-Liga-1
Liga 1 de Fútbol Profesional,M,PER,2023,1st,Torneo Clausura,3,Sat,2023-07-08,19:00,Alianza Lima,0.0,Sporting Cristal,0.0,,Estadio Alejandro Villanueva,Joel Alarcón,,https://fbref.com/en/matches/489e9083/Alianza-Lima-Sporting-Cristal-July-8-2023-Liga-1
Liga 1 de Fútbol Profesional,M,PER,2023,1st,Torneo Clausura,3,Sun,2023-07-09,13:00,Unión Comercio,0.0,Sport Boys,1.0,,Estadio Municipal Carlos Vidaurre García,Alejandro Villanueva,,https://fbref.com/en/matches/8e4c2e61/Union-Comercio-Sport-Boys-July-9-2023-Liga-1
Liga 1 de Fútbol Profesional,M,PER,2023,1st,Torneo Clausura,3,Sun,2023-07-09,15:30,Mannucci,0.0,Dep Municipal,0.0,,Estadio Mansiche,Augusto Menéndez,Match awarded to Mannucci,https://fbref.com/en/matches/daeddf4b/Carlos-A-Mannucci-Deportivo-Municipal-July-9-2023-Liga-1
Liga 1 de Fútbol Profesional,M,PER,2023,1st,Torneo Clausura,3,Sun,2023-07-09,19:30,Binacional,1.0,Deportivo Garcilaso,5.0,,Estadio Guillermo Briceño Rosamedina,Roberto Pérez,,https://fbref.com/en/matches/ae640728/Binacional-Deportivo-Garcilaso-July-9-2023-Liga-1
Liga 1 de Fútbol Profesional,M,PER,2023,1st,Torneo Clausura,3,Mon,2023-07-10,15:15,Sport Huancayo,3.0,Cusco,1.0,,Estadio Huancayo,Diego Haro,,https://fbref.com/en/matches/c6cac3de/Sport-Huancayo-Cusco-July-10-2023-Liga-1
Liga 1 de Fútbol Profesional,M,PER,2023,1st,Torneo Clausura,4,Fri,2023-07-14,15:30,UTC,1.0,Alianza Atlético,1.0,,Estadio Héroes de San Ramón,Jordy Espinoza,,https://fbref.com/en/matches/171c6d9d/Universidad-Tecnica-de-Cajamarca-Alianza-Atletico-July-14-2023-Liga-1
Liga 1 de Fútbol Profesional,M,PER,2023,1st,Torneo Clausura,4,Fri,2023-07-14,21:00,Universitario,2.0,Unión Comercio,0.0,,Estadio Monumental,Fernando Legario,,https://fbref.com/en/matches/ffa0d53b/Universitario-Union-Comercio-July-14-2023-Liga-1
Liga 1 de Fútbol Profesional,M,PER,2023,1st,Torneo Clausura,4,Sat,2023-07-15,13:00,Deportivo Garcilaso,1.0,Asociación Deportiva Tarma,2.0,,Estadio Inca Garcilaso de la Vega,Jesús Cartagena,,https://fbref.com/en/matches/0ecea030/Deportivo-Garcilaso-Asociacion-Deportiva-Tarma-July-15-2023-Liga-1
Liga 1 de Fútbol Profesional,M,PER,2023,1st,Torneo Clausura,4,Sat,2023-07-15,15:15,Sporting Cristal,3.0,Mannucci,2.0,,Estadio Alberto Gallardo,Michael Espinoza,,https://fbref.com/en/matches/73fec9e4/Sporting-Cristal-Carlos-A-Mannucci-July-15-2023-Liga-1
Liga 1 de Fútbol Profesional,M,PER,2023,1st,Torneo Clausura,4,Sat,2023-07-15,19:00,U César Vallejo,2.0,Cantolao,1.0,,Estadio Mansiche,Kevin Ortega,,https://fbref.com/en/matches/c5193ca5/Universidad-Cesar-Vallejo-Cantolao-July-15-2023-Liga-1
Liga 1 de Fútbol Profesional,M,PER,2023,1st,Torneo Clausura,4,Sun,2023-07-16,13:00,Atlético Grau,2.0,Binacional,1.0,,Estadio Municipal Bernales,Micke Palomino,,https://fbref.com/en/matches/4d99c591/Atletico-Grau-Binacional-July-16-2023-Liga-1
Liga 1 de Fútbol Profesional,M,PER,2023,1st,Torneo Clausura,4,Sun,2023-07-16,15:00,Sport Boys,1.0,Alianza Lima,0.0,,Estadio Nacional,Diego Haro,,https://fbref.com/en/matches/4919e535/Sport-Boys-Alianza-Lima-July-16-2023-Liga-1
Liga 1 de Fútbol Profesional,M,PER,2023,1st,Torneo Clausura,4,Sun,2023-07-16,17:00,Cusco,0.0,Cienciano,0.0,,Estadio Inca Garcilaso de la Vega,Augusto Menéndez,,https://fbref.com/en/matches/df8d6641/Cusco-Cienciano-July-16-2023-Liga-1
Liga 1 de Fútbol Profesional,M,PER,2023,1st,Torneo Clausura,4,Mon,2023-07-17,15:00,Dep Municipal,0.0,Melgar,1.0,,Estadio Iván Elías Moreno,Joel Alarcón,,https://fbref.com/en/matches/9f1771ea/Deportivo-Municipal-Melgar-July-17-2023-Liga-1
Liga 1 de Fútbol Profesional,M,PER,2023,1st,Torneo Clausura,5,Fri,2023-07-21,13:00,Unión Comercio,1.0,U César Vallejo,4.0,,Estadio Municipal Carlos Vidaurre García,Joel Alarcón,,https://fbref.com/en/matches/285567ce/Union-Comercio-Universidad-Cesar-Vallejo-July-21-2023-Liga-1
Liga 1 de Fútbol Profesional,M,PER,2023,1st,Torneo Clausura,5,Fri,2023-07-21,19:45,Cienciano,1.0,Sport Huancayo,0.0,,Estadio Inca Garcilaso de la Vega,Jordy Espinoza,,https://fbref.com/en/matches/9982ec29/Cienciano-Sport-Huancayo-July-21-2023-Liga-1
Liga 1 de Fútbol Profesional,M,PER,2023,1st,Torneo Clausura,5,Sat,2023-07-22,13:00,Alianza Atlético,2.0,Cusco,0.0,,Estadio Campeones del 36,Julio Quiróz,,https://fbref.com/en/matches/ec3368e5/Alianza-Atletico-Cusco-July-22-2023-Liga-1
Liga 1 de Fútbol Profesional,M,PER,2023,1st,Torneo Clausura,5,Sat,2023-07-22,20:30,Alianza Lima,0.0,Universitario,0.0,,Estadio Alejandro Villanueva,Roberto Pérez,,https://fbref.com/en/matches/8c5cfdbc/Alianza-Lima-Universitario-July-22-2023-Liga-1
Liga 1 de Fútbol Profesional,M,PER,2023,1st,Torneo Clausura,5,Sun,2023-07-23,13:00,Cantolao,2.0,UTC,0.0,,Estadio Municipal Segundo Aranda Torres,Micke Palomino,,https://fbref.com/en/matches/51714596/Cantolao-Universidad-Tecnica-de-Cajamarca-July-23-2023-Liga-1
Liga 1 de Fútbol Profesional,M,PER,2023,1st,Torneo Clausura,5,Sun,2023-07-23,15:00,Mannucci,0.0,Sport Boys,0.0,,Estadio Mansiche,Sebastián Lozano,,https://fbref.com/en/matches/ee8f079f/Carlos-A-Mannucci-Sport-Boys-July-23-2023-Liga-1
Liga 1 de Fútbol Profesional,M,PER,2023,1st,Torneo Clausura,5,Sun,2023-07-23,15:30,Melgar,1.0,Sporting Cristal,1.0,,Estadio de la Universidad Nacional San A...,Edwin Ordóñez,,https://fbref.com/en/matches/393bf168/Melgar-Sporting-Cristal-July-23-2023-Liga-1
Liga 1 de Fútbol Profesional,M,PER,2023,1st,Torneo Clausura,5,Sun,2023-07-23,15:30,Asociación Deportiva Tarma,1.0,Atlético Grau,0.0,,Estadio Municipal Unión de Tarma,Jonathan Zamora,,https://fbref.com/en/matches/f2cda551/Asociacion-Deportiva-Tarma-Atletico-Grau-July-23-2023-Liga-1
Liga 1 de Fútbol Profesional,M,PER,2023,1st,Torneo Clausura,5,Mon,2023-07-24,13:00,Binacional,4.0,Dep Municipal,1.0,,Estadio Guillermo Briceño Rosamedina,Kevin Ortega,,https://fbref.com/en/matches/5cb67b83/Binacional-Deportivo-Municipal-July-24-2023-Liga-1
Liga 1 de Fútbol Profesional,M,PER,2023,1st,Torneo Clausura,6,Thu,2023-07-27,15:00,Sporting Cristal,5.0,Binacional,0.0,,Estadio Alberto Gallardo,Sebastián Lozano,,https://fbref.com/en/matches/3ae3bca1/Sporting-Cristal-Binacional-July-27-2023-Liga-1
Liga 1 de Fútbol Profesional,M,PER,2023,1st,Torneo Clausura,6,Fri,2023-07-28,15:00,Cusco,3.0,Cantolao,0.0,,Estadio Inca Garcilaso de la Vega,Michael Espinoza,,https://fbref.com/en/matches/c544d80b/Cusco-Cantolao-July-28-2023-Liga-1
Liga 1 de Fútbol Profesional,M,PER,2023,1st,Torneo Clausura,6,Sat,2023-07-29,15:15,UTC,1.0,Unión Comercio,1.0,,Estadio Héroes de San Ramón,Robin Segura Tuanama,,https://fbref.com/en/matches/6fc3ec71/Universidad-Tecnica-de-Cajamarca-Union-Comercio-July-29-2023-Liga-1
Liga 1 de Fútbol Profesional,M,PER,2023,1st,Torneo Clausura,6,Sat,2023-07-29,20:30,U César Vallejo,1.0,Alianza Lima,1.0,,Estadio Mansiche,Edwin Ordóñez,,https://fbref.com/en/matches/296d5654/Universidad-Cesar-Vallejo-Alianza-Lima-July-29-2023-Liga-1
Liga 1 de Fútbol Profesional,M,PER,2023,1st,Torneo Clausura,6,Sun,2023-07-30,13:00,Atlético Grau,1.0,Deportivo Garcilaso,1.0,,Estadio Municipal Bernales,Alejandro Villanueva,,https://fbref.com/en/matches/e29e6b59/Atletico-Grau-Deportivo-Garcilaso-July-30-2023-Liga-1
Liga 1 de Fútbol Profesional,M,PER,2023,1st,Torneo Clausura,6,Mon,2023-07-31,13:00,Sport Boys,0.0,Melgar,2.0,,Estadio Iván Elías Moreno,Roberto Pérez,,https://fbref.com/en/matches/494a7f85/Sport-Boys-Melgar-July-31-2023-Liga-1
Liga 1 de Fútbol Profesional,M,PER,2023,1st,Torneo Clausura,6,Mon,2023-07-31,15:15,Sport Huancayo,2.0,Alianza Atlético,0.0,,Estadio Huancayo,Micke Palomino,,https://fbref.com/en/matches/d664f24b/Sport-Huancayo-Alianza-Atletico-July-31-2023-Liga-1
Liga 1 de Fútbol Profesional,M,PER,2023,1st,Torneo Clausura,6,Mon,2023-07-31,20:30,Universitario,3.0,Mannucci,0.0,,Estadio Monumental,Diego Haro,,https://fbref.com/en/matches/af4423a5/Universitario-Carlos-A-Mannucci-July-31-2023-Liga-1
Liga 1 de Fútbol Profesional,M,PER,2023,1st,Torneo Clausura,6,Tue,2023-08-01,15:00,Dep Municipal,1.0,Asociación Deportiva Tarma,2.0,,Estadio Iván Elías Moreno,Jordy Espinoza,,https://fbref.com/en/matches/86867796/Deportivo-Municipal-Asociacion-Deportiva-Tarma-August-1-2023-Liga-1
Liga 1 de Fútbol Profesional,M,PER,2023,1st,Torneo Clausura,7,Fri,2023-08-04,13:00,Unión Comercio,2.0,Cusco,1.0,,Estadio Municipal Carlos Vidaurre García,Diego Haro,,https://fbref.com/en/matches/81af9d4a/Union-Comercio-Cusco-August-4-2023-Liga-1
Liga 1 de Fútbol Profesional,M,PER,2023,1st,Torneo Clausura,7,Sat,2023-08-05,15:15,Binacional,4.0,Sport Boys,0.0,,Estadio Guillermo Briceño Rosamedina,Augusto Menéndez,,https://fbref.com/en/matches/2dedde66/Binacional-Sport-Boys-August-5-2023-Liga-1
Liga 1 de Fútbol Profesional,M,PER,2023,1st,Torneo Clausura,7,Sat,2023-08-05,20:00,Alianza Lima,1.0,UTC,0.0,,Estadio Alejandro Villanueva,Jordy Espinoza,,https://fbref.com/en/matches/c74edc70/Alianza-Lima-Universidad-Tecnica-de-Cajamarca-August-5-2023-Liga-1
Liga 1 de Fútbol Profesional,M,PER,2023,1st,Torneo Clausura,7,Sun,2023-08-06,13:00,Alianza Atlético,2.0,Cienciano,1.0,,Estadio Campeones del 36,Joel Alarcón,,https://fbref.com/en/matches/fe6a8aca/Alianza-Atletico-Cienciano-August-6-2023-Liga-1
Liga 1 de Fútbol Profesional,M,PER,2023,1st,Torneo Clausura,7,Sun,2023-08-06,15:00,Mannucci,2.0,U César Vallejo,1.0,,Estadio Mansiche,Roberto Pérez,,https://fbref.com/en/matches/126a17bd/Carlos-A-Mannucci-Universidad-Cesar-Vallejo-August-6-2023-Liga-1
Liga 1 de Fútbol Profesional,M,PER,2023,1st,Torneo Clausura,7,Sun,2023-08-06,15:15,Asociación Deportiva Tarma,1.0,Sporting Cristal,1.0,,Estadio Municipal Unión de Tarma,Daniel Ureta,,https://fbref.com/en/matches/1304e1bb/Asociacion-Deportiva-Tarma-Sporting-Cristal-August-6-2023-Liga-1
Liga 1 de Fútbol Profesional,M,PER,2023,1st,Torneo Clausura,7,Sun,2023-08-06,18:00,Melgar,0.0,Universitario,1.0,,Estadio de la Universidad Nacional San A...,Kevin Ortega,,https://fbref.com/en/matches/1ecdef5c/Melgar-Universitario-August-6-2023-Liga-1
Liga 1 de Fútbol Profesional,M,PER,2023,1st,Torneo Clausura,7,Mon,2023-08-07,13:00,Cantolao,1.0,Sport Huancayo,1.0,,Estadio Miguel Grau del Callao,Jesús Cartagena,,https://fbref.com/en/matches/76472125/Cantolao-Sport-Huancayo-August-7-2023-Liga-1
Liga 1 de Fútbol Profesional,M,PER,2023,1st,Torneo Clausura,7,Mon,2023-08-07,15:15,Deportivo Garcilaso,5.0,Dep Municipal,2.0,,Estadio Inca Garcilaso de la Vega,Michael Espinoza,,https://fbref.com/en/matches/896c0e6d/Deportivo-Garcilaso-Deportivo-Municipal-August-7-2023-Liga-1
Liga 1 de Fútbol Profesional,M,PER,2023,1st,Torneo Clausura,8,Fri,2023-08-11,13:00,Sport Huancayo,1.0,Unión Comercio,1.0,,Estadio Huancayo,Pablo López,,https://fbref.com/en/matches/9c72d2d8/Sport-Huancayo-Union-Comercio-August-11-2023-Liga-1
Liga 1 de Fútbol Profesional,M,PER,2023,1st,Torneo Clausura,8,Fri,2023-08-11,15:15,UTC,2.0,Mannucci,0.0,,Estadio Héroes de San Ramón,Jesús Cartagena,,https://fbref.com/en/matches/5ff40ba1/Universidad-Tecnica-de-Cajamarca-Carlos-A-Mannucci-August-11-2023-Liga-1
Liga 1 de Fútbol Profesional,M,PER,2023,1st,Torneo Clausura,8,Fri,2023-08-11,20:00,U César Vallejo,1.0,Melgar,2.0,,Estadio Mansiche,Michael Espinoza,,https://fbref.com/en/matches/fd379226/Universidad-Cesar-Vallejo-Melgar-August-11-2023-Liga-1
Liga 1 de Fútbol Profesional,M,PER,2023,1st,Torneo Clausura,8,Sat,2023-08-12,13:00,Sport Boys,1.0,Asociación Deportiva Tarma,1.0,,Estadio Iván Elías Moreno,Fernando Legario,,https://fbref.com/en/matches/753bea54/Sport-Boys-Asociacion-Deportiva-Tarma-August-12-2023-Liga-1
Liga 1 de Fútbol Profesional,M,PER,2023,1st,Torneo Clausura,8,Sat,2023-08-12,15:15,Cienciano,1.0,Cantolao,0.0,,Estadio Inca Garcilaso de la Vega,Hibert Villegas,,https://fbref.com/en/matches/703c6935/Cienciano-Cantolao-August-12-2023-Liga-1
Liga 1 de Fútbol Profesional,M,PER,2023,1st,Torneo Clausura,8,Sat,2023-08-12,19:00,Universitario,1.0,Binacional,0.0,,Estadio Monumental,Roberto Pérez,,https://fbref.com/en/matches/93b44d4b/Universitario-Binacional-August-12-2023-Liga-1
Liga 1 de Fútbol Profesional,M,PER,2023,1st,Torneo Clausura,8,Sun,2023-08-13,13:00,Sporting Cristal,3.0,Deportivo Garcilaso,0.0,,Estadio Alberto Gallardo,Diego Haro,,https://fbref.com/en/matches/1b7852d7/Sporting-Cristal-Deportivo-Garcilaso-August-13-2023-Liga-1
Liga 1 de Fútbol Profesional,M,PER,2023,1st,Torneo Clausura,8,Sun,2023-08-13,15:15,Cusco,1.0,Alianza Lima,1.0,,Estadio Inca Garcilaso de la Vega,Joel Alarcón,,https://fbref.com/en/matches/a3d3dd7c/Cusco-Alianza-Lima-August-13-2023-Liga-1
Liga 1 de Fútbol Profesional,M,PER,2023,1st,Torneo Clausura,8,Mon,2023-08-14,13:00,Dep Municipal,0.0,Atlético Grau,0.0,,Estadio Iván Elías Moreno,,Match awarded to Atlético Grau,https://fbref.com/en/matches/0e08a021/Deportivo-Municipal-Atletico-Grau-August-14-2023-Liga-1
Liga 1 de Fútbol Profesional,M,PER,2023,1st,Torneo Clausura,9,Tue,2023-08-15,13:00,Unión Comercio,2.0,Cienciano,0.0,,Estadio Municipal Carlos Vidaurre García,Jordy Espinoza,,https://fbref.com/en/matches/24e21bf1/Union-Comercio-Cienciano-August-15-2023-Liga-1
Liga 1 de Fútbol Profesional,M,PER,2023,1st,Torneo Clausura,9,Tue,2023-08-15,15:15,Cantolao,1.0,Alianza Atlético,0.0,,Estadio Municipal Segundo Aranda Torres,Michael Espinoza,,https://fbref.com/en/matches/a96a9bbf/Cantolao-Alianza-Atletico-August-15-2023-Liga-1
Liga 1 de Fútbol Profesional,M,PER,2023,1st,Torneo Clausura,9,Tue,2023-08-15,18:00,Melgar,1.0,UTC,1.0,,Estadio de la Universidad Nacional San A...,Sebastián Lozano,,https://fbref.com/en/matches/8cbd45ef/Melgar-Universidad-Tecnica-de-Cajamarca-August-15-2023-Liga-1
Liga 1 de Fútbol Profesional,M,PER,2023,1st,Torneo Clausura,9,Wed,2023-08-16,15:15,Asociación Deportiva Tarma,2.0,Universitario,0.0,,Estadio Municipal Unión de Tarma,Joel Alarcón,,https://fbref.com/en/matches/e1198b19/Asociacion-Deportiva-Tarma-Universitario-August-16-2023-Liga-1
Liga 1 de Fútbol Profesional,M,PER,2023,1st,Torneo Clausura,9,Wed,2023-08-16,17:30,Mannucci,0.0,Cusco,0.0,,Estadio Mansiche,Edwin Ordóñez,,https://fbref.com/en/matches/824fbc27/Carlos-A-Mannucci-Cusco-August-16-2023-Liga-1
Liga 1 de Fútbol Profesional,M,PER,2023,1st,Torneo Clausura,9,Wed,2023-08-16,18:00,Deportivo Garcilaso,3.0,Sport Boys,0.0,,Estadio Inca Garcilaso de la Vega,Jesús Cartagena,,https://fbref.com/en/matches/ff46d84c/Deportivo-Garcilaso-Sport-Boys-August-16-2023-Liga-1
Liga 1 de Fútbol Profesional,M,PER,2023,1st,Torneo Clausura,9,Wed,2023-08-16,20:30,Alianza Lima,1.0,Sport Huancayo,0.0,,Estadio Alejandro Villanueva,Augusto Menéndez,,https://fbref.com/en/matches/fb9c89f4/Alianza-Lima-Sport-Huancayo-August-16-2023-Liga-1
Liga 1 de Fútbol Profesional,M,PER,2023,1st,Torneo Clausura,9,Thu,2023-08-17,15:15,Atlético Grau,2.0,Sporting Cristal,3.0,,Estadio Municipal Bernales,Roberto Pérez,,https://fbref.com/en/matches/763c5fa6/Atletico-Grau-Sporting-Cristal-August-17-2023-Liga-1
Liga 1 de Fútbol Profesional,M,PER,2023,1st,Torneo Clausura,9,Thu,2023-08-17,15:15,Binacional,1.0,U César Vallejo,0.0,,Estadio Guillermo Briceño Rosamedina,Micke Palomino,,https://fbref.com/en/matches/cf164d6c/Binacional-Universidad-Cesar-Vallejo-August-17-2023-Liga-1
Liga 1 de Fútbol Profesional,M,PER,2023,1st,Torneo Clausura,10,Sat,2023-08-19,13:00,Alianza Atlético,2.0,Unión Comercio,2.0,,Estadio Campeones del 36,Daniel Ureta,,https://fbref.com/en/matches/5b6186ea/Alianza-Atletico-Union-Comercio-August-19-2023-Liga-1
Liga 1 de Fútbol Profesional,M,PER,2023,1st,Torneo Clausura,10,Sat,2023-08-19,15:30,Cusco,1.0,Melgar,1.0,,Estadio Inca Garcilaso de la Vega,Roberto Pérez,,https://fbref.com/en/matches/1d06ca45/Cusco-Melgar-August-19-2023-Liga-1
Liga 1 de Fútbol Profesional,M,PER,2023,1st,Torneo Clausura,10,Sat,2023-08-19,17:45,Sport Huancayo,3.0,Mannucci,1.0,,Estadio Huancayo,Diego Haro,,https://fbref.com/en/matches/6251ca32/Sport-Huancayo-Carlos-A-Mannucci-August-19-2023-Liga-1
Liga 1 de Fútbol Profesional,M,PER,2023,1st,Torneo Clausura,10,Sat,2023-08-19,19:30,Universitario,1.0,Deportivo Garcilaso,1.0,,Estadio Monumental,Michael Espinoza,,https://fbref.com/en/matches/93efb8a3/Universitario-Deportivo-Garcilaso-August-19-2023-Liga-1
Liga 1 de Fútbol Profesional,M,PER,2023,1st,Torneo Clausura,10,Sun,2023-08-20,15:30,Sporting Cristal,1.0,Dep Municipal,0.0,,Estadio Alberto Gallardo,Sebastián Lozano,,https://fbref.com/en/matches/c9a71b0e/Sporting-Cristal-Deportivo-Municipal-August-20-2023-Liga-1
Liga 1 de Fútbol Profesional,M,PER,2023,1st,Torneo Clausura,10,Sun,2023-08-20,18:00,Cienciano,0.0,Alianza Lima,0.0,,Estadio Inca Garcilaso de la Vega,Jesús Cartagena,,https://fbref.com/en/matches/27306d85/Cienciano-Alianza-Lima-August-20-2023-Liga-1
Liga 1 de Fútbol Profesional,M,PER,2023,1st,Torneo Clausura,10,Mon,2023-08-21,13:00,Sport Boys,1.0,Atlético Grau,1.0,,Estadio Iván Elías Moreno,Edwin Ordóñez,,https://fbref.com/en/matches/f48b7478/Sport-Boys-Atletico-Grau-August-21-2023-Liga-1
Liga 1 de Fútbol Profesional,M,PER,2023,1st,Torneo Clausura,10,Mon,2023-08-21,15:15,UTC,3.0,Binacional,2.0,,Estadio Héroes de San Ramón,Joel Alarcón,,https://fbref.com/en/matches/a3394247/Universidad-Tecnica-de-Cajamarca-Binacional-August-21-2023-Liga-1
Liga 1 de Fútbol Profesional,M,PER,2023,1st,Torneo Clausura,10,Mon,2023-08-21,18:00,U César Vallejo,1.0,Asociación Deportiva Tarma,1.0,,Estadio Mansiche,Augusto Menéndez,,https://fbref.com/en/matches/9e1f9d28/Universidad-Cesar-Vallejo-Asociacion-Deportiva-Tarma-August-21-2023-Liga-1
Liga 1 de Fútbol Profesional,M,PER,2023,1st,Torneo Clausura,11,Sat,2023-08-26,13:00,Unión Comercio,2.0,Cantolao,1.0,,Estadio Municipal Carlos Vidaurre García,Joel Alarcón,,https://fbref.com/en/matches/bf769cb5/Union-Comercio-Cantolao-August-26-2023-Liga-1
Liga 1 de Fútbol Profesional,M,PER,2023,1st,Torneo Clausura,11,Sat,2023-08-26,15:00,Mannucci,2.0,Cienciano,0.0,,Estadio Mansiche,Italo Gonzáles,,https://fbref.com/en/matches/3e720b0c/Carlos-A-Mannucci-Cienciano-August-26-2023-Liga-1
Liga 1 de Fútbol Profesional,M,PER,2023,1st,Torneo Clausura,11,Sat,2023-08-26,18:00,Binacional,2.0,Cusco,0.0,,Estadio Guillermo Briceño Rosamedina,Edwin Ordóñez,,https://fbref.com/en/matches/c5611548/Binacional-Cusco-August-26-2023-Liga-1
Liga 1 de Fútbol Profesional,M,PER,2023,1st,Torneo Clausura,11,Sat,2023-08-26,20:30,Alianza Lima,1.0,Alianza Atlético,0.0,,Estadio Alejandro Villanueva,Micke Palomino,,https://fbref.com/en/matches/d09c6cd2/Alianza-Lima-Alianza-Atletico-August-26-2023-Liga-1
Liga 1 de Fútbol Profesional,M,PER,2023,1st,Torneo Clausura,11,Sun,2023-08-27,13:00,Atlético Grau,2.0,Universitario,2.0,,Estadio Municipal Bernales,Diego Haro,,https://fbref.com/en/matches/1f396c3c/Atletico-Grau-Universitario-August-27-2023-Liga-1
Liga 1 de Fútbol Profesional,M,PER,2023,1st,Torneo Clausura,11,Sun,2023-08-27,15:00,Dep Municipal,0.0,Sport Boys,3.0,,Estadio Iván Elías Moreno,Kevin Ortega,,https://fbref.com/en/matches/10fc38ca/Deportivo-Municipal-Sport-Boys-August-27-2023-Liga-1
Liga 1 de Fútbol Profesional,M,PER,2023,1st,Torneo Clausura,11,Sun,2023-08-27,15:30,Melgar,1.0,Sport Huancayo,3.0,,Estadio de la Universidad Nacional San A...,Jesús Cartagena,,https://fbref.com/en/matches/82e2ed97/Melgar-Sport-Huancayo-August-27-2023-Liga-1
Liga 1 de Fútbol Profesional,M,PER,2023,1st,Torneo Clausura,11,Mon,2023-08-28,13:00,Asociación Deportiva Tarma,0.0,UTC,0.0,,Estadio Municipal Unión de Tarma,Michael Espinoza,,https://fbref.com/en/matches/93b062e3/Asociacion-Deportiva-Tarma-Universidad-Tecnica-de-Cajamarca-August-28-2023-Liga-1
Liga 1 de Fútbol Profesional,M,PER,2023,1st,Torneo Clausura,11,Mon,2023-08-28,15:15,Deportivo Garcilaso,1.0,U César Vallejo,0.0,,Estadio Inca Garcilaso de la Vega,Roberto Pérez,,https://fbref.com/en/matches/c6f44190/Deportivo-Garcilaso-Universidad-Cesar-Vallejo-August-28-2023-Liga-1
Liga 1 de Fútbol Profesional,M,PER,2023,1st,Torneo Clausura,12,Sat,2023-09-02,13:00,Alianza Atlético,1.0,Mannucci,1.0,,Estadio Campeones del 36,Alejandro Villanueva,,https://fbref.com/en/matches/85c66c1c/Alianza-Atletico-Carlos-A-Mannucci-September-2-2023-Liga-1
Liga 1 de Fútbol Profesional,M,PER,2023,1st,Torneo Clausura,12,Sat,2023-09-02,15:15,Cusco,1.0,Asociación Deportiva Tarma,0.0,,Estadio Inca Garcilaso de la Vega,Kevin Ortega,,https://fbref.com/en/matches/769f948f/Cusco-Asociacion-Deportiva-Tarma-September-2-2023-Liga-1
Liga 1 de Fútbol Profesional,M,PER,2023,1st,Torneo Clausura,12,Sun,2023-09-03,13:00,Sport Huancayo,3.0,Binacional,1.0,,Estadio Huancayo,Joel Alarcón,,https://fbref.com/en/matches/2e83ef88/Sport-Huancayo-Binacional-September-3-2023-Liga-1
Liga 1 de Fútbol Profesional,M,PER,2023,1st,Torneo Clausura,12,Sun,2023-09-03,15:15,UTC,0.0,Deportivo Garcilaso,0.0,,Estadio Héroes de San Ramón,Diego Haro,,https://fbref.com/en/matches/6773ad51/Universidad-Tecnica-de-Cajamarca-Deportivo-Garcilaso-September-3-2023-Liga-1
Liga 1 de Fútbol Profesional,M,PER,2023,1st,Torneo Clausura,12,Mon,2023-09-04,15:15,U César Vallejo,5.0,Atlético Grau,0.0,,Estadio Mansiche,Michael Espinoza,,https://fbref.com/en/matches/18c880fc/Universidad-Cesar-Vallejo-Atletico-Grau-September-4-2023-Liga-1
Liga 1 de Fútbol Profesional,M,PER,2023,1st,Torneo Clausura,12,Sat,2023-09-09,15:00,Cantolao,0.0,Alianza Lima,2.0,,Estadio Iván Elías Moreno,Jesús Cartagena,,https://fbref.com/en/matches/c133c2ee/Cantolao-Alianza-Lima-September-9-2023-Liga-1
Liga 1 de Fútbol Profesional,M,PER,2023,1st,Torneo Clausura,12,Sat,2023-09-09,19:00,Cienciano,0.0,Melgar,1.0,,Estadio Inca Garcilaso de la Vega,Diego Haro,,https://fbref.com/en/matches/a9f6d077/Cienciano-Melgar-September-9-2023-Liga-1
Liga 1 de Fútbol Profesional,M,PER,2023,1st,Torneo Clausura,12,Sun,2023-09-10,15:00,Sport Boys,1.0,Sporting Cristal,1.0,,Estadio Miguel Grau del Callao,Joel Alarcón,,https://fbref.com/en/matches/a4590b4b/Sport-Boys-Sporting-Cristal-September-10-2023-Liga-1
Liga 1 de Fútbol Profesional,M,PER,2023,1st,Torneo Clausura,12,Sun,2023-09-10,19:00,Universitario,1.0,Dep Municipal,0.0,,Estadio Monumental,Roberto Pérez,,https://fbref.com/en/matches/a0fe1186/Universitario-Deportivo-Municipal-September-10-2023-Liga-1
Liga 1 de Fútbol Profesional,M,PER,2023,1st,Torneo Clausura,13,Fri,2023-09-15,13:00,Atlético Grau,4.0,UTC,2.0,,Estadio Municipal Bernales,Joel Alarcón,,https://fbref.com/en/matches/f6ca2b76/Atletico-Grau-Universidad-Tecnica-de-Cajamarca-September-15-2023-Liga-1
Liga 1 de Fútbol Profesional,M,PER,2023,1st,Torneo Clausura,13,Fri,2023-09-15,15:00,Mannucci,1.0,Cantolao,2.0,,Estadio Mansiche,Jonathan Zamora,,https://fbref.com/en/matches/48f8c44a/Carlos-A-Mannucci-Cantolao-September-15-2023-Liga-1
Liga 1 de Fútbol Profesional,M,PER,2023,1st,Torneo Clausura,13,Fri,2023-09-15,15:20,Melgar,4.0,Alianza Atlético,0.0,,Estadio de la Universidad Nacional San A...,Michael Espinoza,,https://fbref.com/en/matches/8955a51e/Melgar-Alianza-Atletico-September-15-2023-Liga-1
Liga 1 de Fútbol Profesional,M,PER,2023,1st,Torneo Clausura,13,Fri,2023-09-15,19:00,Binacional,2.0,Cienciano,2.0,,Estadio Guillermo Briceño Rosamedina,Jesús Cartagena,,https://fbref.com/en/matches/a8a4e9d8/Binacional-Cienciano-September-15-2023-Liga-1
Liga 1 de Fútbol Profesional,M,PER,2023,1st,Torneo Clausura,13,Sat,2023-09-16,13:00,Dep Municipal,0.0,U César Vallejo,3.0,,Estadio Iván Elías Moreno,Diego Haro,,https://fbref.com/en/matches/fe05bc7b/Deportivo-Municipal-Universidad-Cesar-Vallejo-September-16-2023-Liga-1
Liga 1 de Fútbol Profesional,M,PER,2023,1st,Torneo Clausura,13,Sat,2023-09-16,16:00,Deportivo Garcilaso,2.0,Cusco,1.0,,Estadio Inca Garcilaso de la Vega,Jordy Espinoza,,https://fbref.com/en/matches/920500e2/Deportivo-Garcilaso-Cusco-September-16-2023-Liga-1
Liga 1 de Fútbol Profesional,M,PER,2023,1st,Torneo Clausura,13,Sat,2023-09-16,20:30,Sporting Cristal,0.0,Universitario,0.0,,Estadio Nacional,Kevin Ortega,,https://fbref.com/en/matches/9c9501ec/Sporting-Cristal-Universitario-September-16-2023-Liga-1
Liga 1 de Fútbol Profesional,M,PER,2023,1st,Torneo Clausura,13,Sun,2023-09-17,15:00,Asociación Deportiva Tarma,2.0,Sport Huancayo,1.0,,Estadio Municipal Unión de Tarma,Roberto Pérez,,https://fbref.com/en/matches/9f963c87/Asociacion-Deportiva-Tarma-Sport-Huancayo-September-17-2023-Liga-1
Liga 1 de Fútbol Profesional,M,PER,2023,1st,Torneo Clausura,13,Sun,2023-09-17,18:30,Alianza Lima,3.0,Unión Comercio,1.0,,Estadio Alejandro Villanueva,Augusto Menéndez,,https://fbref.com/en/matches/e9ebb397/Alianza-Lima-Union-Comercio-September-17-2023-Liga-1
Liga 1 de Fútbol Profesional,M,PER,2023,1st,Torneo Clausura,14,Tue,2023-09-19,13:00,Alianza Atlético,1.0,Binacional,0.0,,Estadio Campeones del 36,Joel Alarcón,,https://fbref.com/en/matches/11c272a7/Alianza-Atletico-Binacional-September-19-2023-Liga-1
Liga 1 de Fútbol Profesional,M,PER,2023,1st,Torneo Clausura,14,Tue,2023-09-19,15:20,Cantolao,0.0,Melgar,1.0,,Estadio Municipal Segundo Aranda Torres,Kevin Ortega,,https://fbref.com/en/matches/13276592/Cantolao-Melgar-September-19-2023-Liga-1
Liga 1 de Fútbol Profesional,M,PER,2023,1st,Torneo Clausura,14,Wed,2023-09-20,13:00,Unión Comercio,0.0,Mannucci,0.0,,Estadio Municipal Carlos Vidaurre García,Jordy Espinoza,,https://fbref.com/en/matches/d1161f47/Union-Comercio-Carlos-A-Mannucci-September-20-2023-Liga-1
Liga 1 de Fútbol Profesional,M,PER,2023,1st,Torneo Clausura,14,Wed,2023-09-20,15:30,UTC,5.0,Dep Municipal,1.0,,Estadio Héroes de San Ramón,Augusto Menéndez,,https://fbref.com/en/matches/9a87ccaa/Universidad-Tecnica-de-Cajamarca-Deportivo-Municipal-September-20-2023-Liga-1
Liga 1 de Fútbol Profesional,M,PER,2023,1st,Torneo Clausura,14,Wed,2023-09-20,18:30,Cienciano,2.0,Asociación Deportiva Tarma,2.0,,Estadio Inca Garcilaso de la Vega,Michael Espinoza,,https://fbref.com/en/matches/2007b51d/Cienciano-Asociacion-Deportiva-Tarma-September-20-2023-Liga-1
Liga 1 de Fútbol Profesional,M,PER,2023,1st,Torneo Clausura,14,Wed,2023-09-20,20:30,Universitario,3.0,Sport Boys,0.0,,Estadio Monumental,Edwin Ordóñez,,https://fbref.com/en/matches/49601f8d/Universitario-Sport-Boys-September-20-2023-Liga-1
Liga 1 de Fútbol Profesional,M,PER,2023,1st,Torneo Clausura,14,Thu,2023-09-21,13:00,Sport Huancayo,0.0,Deportivo Garcilaso,0.0,,Estadio Huancayo,Micke Palomino,,https://fbref.com/en/matches/52ded791/Sport-Huancayo-Deportivo-Garcilaso-September-21-2023-Liga-1
Liga 1 de Fútbol Profesional,M,PER,2023,1st,Torneo Clausura,14,Thu,2023-09-21,15:20,Cusco,0.0,Atlético Grau,0.0,,Estadio Inca Garcilaso de la Vega,Jonathan Zamora,,https://fbref.com/en/matches/8594dcaa/Cusco-Atletico-Grau-September-21-2023-Liga-1
Liga 1 de Fútbol Profesional,M,PER,2023,1st,Torneo Clausura,14,Thu,2023-09-21,20:00,U César Vallejo,0.0,Sporting Cristal,1.0,,Estadio Mansiche,Roberto Pérez,,https://fbref.com/en/matches/e8d12823/Universidad-Cesar-Vallejo-Sporting-Cristal-September-21-2023-Liga-1
Liga 1 de Fútbol Profesional,M,PER,2023,1st,Torneo Clausura,15,Sat,2023-09-23,15:00,Binacional,1.0,Cantolao,0.0,,Estadio Guillermo Briceño Rosamedina,Micke Palomino,,https://fbref.com/en/matches/5ff439e3/Binacional-Cantolao-September-23-2023-Liga-1
Liga 1 de Fútbol Profesional,M,PER,2023,1st,Torneo Clausura,15,Sun,2023-09-24,13:00,Asociación Deportiva Tarma,1.0,Alianza Atlético,0.0,,Estadio Municipal Unión de Tarma,Augusto Menéndez,,https://fbref.com/en/matches/d99accd8/Asociacion-Deportiva-Tarma-Alianza-Atletico-September-24-2023-Liga-1
Liga 1 de Fútbol Profesional,M,PER,2023,1st,Torneo Clausura,15,Sun,2023-09-24,15:00,Sport Boys,0.0,U César Vallejo,2.0,,Estadio Miguel Grau del Callao,Jordy Espinoza,,https://fbref.com/en/matches/76346f7a/Sport-Boys-Universidad-Cesar-Vallejo-September-24-2023-Liga-1
Liga 1 de Fútbol Profesional,M,PER,2023,1st,Torneo Clausura,15,Sun,2023-09-24,15:15,Melgar,3.0,Unión Comercio,1.0,,Estadio de la Universidad Nacional San A...,Jesús Cartagena,,https://fbref.com/en/matches/bd68b4ac/Melgar-Union-Comercio-September-24-2023-Liga-1
Liga 1 de Fútbol Profesional,M,PER,2023,1st,Torneo Clausura,15,Sun,2023-09-24,17:15,Mannucci,1.0,Alianza Lima,2.0,,Estadio Mansiche,Roberto Pérez,,https://fbref.com/en/matches/e6682d75/Carlos-A-Mannucci-Alianza-Lima-September-24-2023-Liga-1
Liga 1 de Fútbol Profesional,M,PER,2023,1st,Torneo Clausura,15,Sun,2023-09-24,19:30,Deportivo Garcilaso,0.0,Cienciano,3.0,,Estadio Inca Garcilaso de la Vega,Joel Alarcón,,https://fbref.com/en/matches/869e9bff/Deportivo-Garcilaso-Cienciano-September-24-2023-Liga-1
Liga 1 de Fútbol Profesional,M,PER,2023,1st,Torneo Clausura,15,Mon,2023-09-25,13:00,Dep Municipal,2.0,Cusco,0.0,,Estadio Iván Elías Moreno,Fernando Legario,,https://fbref.com/en/matches/4b2d427e/Deportivo-Municipal-Cusco-September-25-2023-Liga-1
Liga 1 de Fútbol Profesional,M,PER,2023,1st,Torneo Clausura,15,Mon,2023-09-25,15:00,Atlético Grau,0.0,Sport Huancayo,0.0,,Estadio Municipal Bernales,Edwin Ordóñez,,https://fbref.com/en/matches/f4fe2d16/Atletico-Grau-Sport-Huancayo-September-25-2023-Liga-1
Liga 1 de Fútbol Profesional,M,PER,2023,1st,Torneo Clausura,15,Mon,2023-09-25,20:00,Sporting Cristal,1.0,UTC,1.0,,Estadio Nacional,Michael Espinoza,,https://fbref.com/en/matches/9c63a5c1/Sporting-Cristal-Universidad-Tecnica-de-Cajamarca-September-25-2023-Liga-1
Liga 1 de Fútbol Profesional,M,PER,2023,1st,Torneo Clausura,16,Thu,2023-09-28,13:00,Unión Comercio,2.0,Binacional,2.0,,Estadio Municipal Carlos Vidaurre García,Alejandro Villanueva,,https://fbref.com/en/matches/43422c4a/Union-Comercio-Binacional-September-28-2023-Liga-1
Liga 1 de Fútbol Profesional,M,PER,2023,1st,Torneo Clausura,16,Thu,2023-09-28,18:00,U César Vallejo,0.0,Universitario,1.0,,Estadio Mansiche,Jesús Cartagena,,https://fbref.com/en/matches/45385e3b/Universidad-Cesar-Vallejo-Universitario-September-28-2023-Liga-1
Liga 1 de Fútbol Profesional,M,PER,2023,1st,Torneo Clausura,16,Thu,2023-09-28,20:30,Alianza Lima,0.0,Melgar,0.0,,Estadio Alejandro Villanueva,Diego Haro,,https://fbref.com/en/matches/ac26d842/Alianza-Lima-Melgar-September-28-2023-Liga-1
Liga 1 de Fútbol Profesional,M,PER,2023,1st,Torneo Clausura,16,Fri,2023-09-29,15:00,UTC,1.0,Sport Boys,1.0,,Estadio Héroes de San Ramón,Micke Palomino,,https://fbref.com/en/matches/440f154b/Universidad-Tecnica-de-Cajamarca-Sport-Boys-September-29-2023-Liga-1
Liga 1 de Fútbol Profesional,M,PER,2023,1st,Torneo Clausura,16,Fri,2023-09-29,15:00,Sport Huancayo,2.0,Dep Municipal,0.0,,Estadio Huancayo,Augusto Menéndez,,https://fbref.com/en/matches/81389450/Sport-Huancayo-Deportivo-Municipal-September-29-2023-Liga-1
Liga 1 de Fútbol Profesional,M,PER,2023,1st,Torneo Clausura,16,Fri,2023-09-29,18:00,Cusco,4.0,Sporting Cristal,1.0,,Estadio Inca Garcilaso de la Vega,Joel Alarcón,,https://fbref.com/en/matches/8eb87db2/Cusco-Sporting-Cristal-September-29-2023-Liga-1
Liga 1 de Fútbol Profesional,M,PER,2023,1st,Torneo Clausura,16,Sat,2023-09-30,15:00,Cienciano,2.0,Atlético Grau,0.0,,Estadio Inca Garcilaso de la Vega,Roberto Pérez,,https://fbref.com/en/matches/20c3e275/Cienciano-Atletico-Grau-September-30-2023-Liga-1
Liga 1 de Fútbol Profesional,M,PER,2023,1st,Torneo Clausura,16,Sun,2023-10-01,13:00,Alianza Atlético,2.0,Deportivo Garcilaso,0.0,,Estadio Campeones del 36,Edwin Ordóñez,,https://fbref.com/en/matches/86aee854/Alianza-Atletico-Deportivo-Garcilaso-October-1-2023-Liga-1
Liga 1 de Fútbol Profesional,M,PER,2023,1st,Torneo Clausura,16,Sun,2023-10-01,15:20,Cantolao,0.0,Asociación Deportiva Tarma,1.0,,Estadio Iván Elías Moreno,Michael Espinoza,,https://fbref.com/en/matches/3862396e/Cantolao-Asociacion-Deportiva-Tarma-October-1-2023-Liga-1
Liga 1 de Fútbol Profesional,M,PER,2023,1st,Torneo Clausura,17,Mon,2023-10-02,20:30,Universitario,3.0,UTC,0.0,,Estadio Monumental,Roberto Pérez,,https://fbref.com/en/matches/c4c46b43/Universitario-Universidad-Tecnica-de-Cajamarca-October-2-2023-Liga-1
Liga 1 de Fútbol Profesional,M,PER,2023,1st,Torneo Clausura,17,Tue,2023-10-03,15:00,Sporting Cristal,2.0,Sport Huancayo,0.0,,Estadio Alberto Gallardo,Daniel Ureta,,https://fbref.com/en/matches/a4c98f1c/Sporting-Cristal-Sport-Huancayo-October-3-2023-Liga-1
Liga 1 de Fútbol Profesional,M,PER,2023,1st,Torneo Clausura,17,Tue,2023-10-03,15:15,Sport Boys,2.0,Cusco,1.0,,Estadio Miguel Grau del Callao,Michael Espinoza,,https://fbref.com/en/matches/14965acb/Sport-Boys-Cusco-October-3-2023-Liga-1
Liga 1 de Fútbol Profesional,M,PER,2023,1st,Torneo Clausura,17,Tue,2023-10-03,18:00,Melgar,2.0,Mannucci,1.0,,Estadio de la Universidad Nacional San A...,Edwin Ordóñez,,https://fbref.com/en/matches/cf4d2fcf/Melgar-Carlos-A-Mannucci-October-3-2023-Liga-1
Liga 1 de Fútbol Profesional,M,PER,2023,1st,Torneo Clausura,17,Tue,2023-10-03,20:30,Binacional,1.0,Alianza Lima,2.0,,Estadio Guillermo Briceño Rosamedina,Jordy Espinoza,,https://fbref.com/en/matches/b46f0fec/Binacional-Alianza-Lima-October-3-2023-Liga-1
Liga 1 de Fútbol Profesional,M,PER,2023,1st,Torneo Clausura,17,Sat,2023-10-07,13:00,Dep Municipal,4.0,Cienciano,1.0,,Estadio Iván Elías Moreno,Fernando Legario,,https://fbref.com/en/matches/cbd4f839/Deportivo-Municipal-Cienciano-October-7-2023-Liga-1
Liga 1 de Fútbol Profesional,M,PER,2023,1st,Torneo Clausura,17,Sat,2023-10-07,15:00,Deportivo Garcilaso,0.0,Cantolao,0.0,,Estadio Inca Garcilaso de la Vega,Jesús Cartagena,,https://fbref.com/en/matches/f29fc9de/Deportivo-Garcilaso-Cantolao-October-7-2023-Liga-1
Liga 1 de Fútbol Profesional,M,PER,2023,1st,Torneo Clausura,17,Sun,2023-10-08,13:00,Atlético Grau,1.0,Alianza Atlético,1.0,,Estadio Municipal Bernales,Joel Alarcón,,https://fbref.com/en/matches/739221b5/Atletico-Grau-Alianza-Atletico-October-8-2023-Liga-1
Liga 1 de Fútbol Profesional,M,PER,2023,1st,Torneo Clausura,17,Sun,2023-10-08,15:20,Asociación Deportiva Tarma,3.0,Unión Comercio,0.0,,Estadio Municipal Unión de Tarma,Edwin Ordóñez,,https://fbref.com/en/matches/51ce0dc9/Asociacion-Deportiva-Tarma-Union-Comercio-October-8-2023-Liga-1
Liga 1 de Fútbol Profesional,M,PER,2023,1st,Torneo Clausura,18,Fri,2023-10-20,15:00,UTC,1.0,U César Vallejo,1.0,,Estadio Héroes de San Ramón,Michael Espinoza,,https://fbref.com/en/matches/b107222a/Universidad-Tecnica-de-Cajamarca-Universidad-Cesar-Vallejo-October-20-2023-Liga-1
Liga 1 de Fútbol Profesional,M,PER,2023,1st,Torneo Clausura,18,Sat,2023-10-21,13:00,Alianza Atlético,1.0,Dep Municipal,2.0,,Estadio Campeones del 36,Jonathan Zamora,,https://fbref.com/en/matches/5a870349/Alianza-Atletico-Deportivo-Municipal-October-21-2023-Liga-1
Liga 1 de Fútbol Profesional,M,PER,2023,1st,Torneo Clausura,18,Sat,2023-10-21,16:00,Alianza Lima,0.0,Asociación Deportiva Tarma,0.0,,Estadio Alejandro Villanueva,Roberto Pérez,,https://fbref.com/en/matches/37c89e4f/Alianza-Lima-Asociacion-Deportiva-Tarma-October-21-2023-Liga-1
Liga 1 de Fútbol Profesional,M,PER,2023,1st,Torneo Clausura,18,Sat,2023-10-21,20:00,Cusco,1.0,Universitario,1.0,,Estadio Inca Garcilaso de la Vega,Diego Haro,,https://fbref.com/en/matches/f7e04940/Cusco-Universitario-October-21-2023-Liga-1
Liga 1 de Fútbol Profesional,M,PER,2023,1st,Torneo Clausura,18,Sun,2023-10-22,15:00,Mannucci,3.0,Binacional,2.0,,Estadio Mansiche,Joel Alarcón,,https://fbref.com/en/matches/04530d5d/Carlos-A-Mannucci-Binacional-October-22-2023-Liga-1
Liga 1 de Fútbol Profesional,M,PER,2023,1st,Torneo Clausura,18,Sun,2023-10-22,15:00,Sport Huancayo,1.0,Sport Boys,0.0,,Estadio Huancayo,Jordy Espinoza,,https://fbref.com/en/matches/1845d79b/Sport-Huancayo-Sport-Boys-October-22-2023-Liga-1
Liga 1 de Fútbol Profesional,M,PER,2023,1st,Torneo Clausura,18,Sun,2023-10-22,15:00,Unión Comercio,1.0,Deportivo Garcilaso,2.0,,Estadio Municipal Carlos Vidaurre García,Daniel Ureta,,https://fbref.com/en/matches/6e0300a9/Union-Comercio-Deportivo-Garcilaso-October-22-2023-Liga-1
Liga 1 de Fútbol Profesional,M,PER,2023,1st,Torneo Clausura,18,Sun,2023-10-22,20:00,Cienciano,1.0,Sporting Cristal,0.0,42000.0,Estadio Inca Garcilaso de la Vega,Kevin Ortega,,https://fbref.com/en/matches/d669883a/Cienciano-Sporting-Cristal-October-22-2023-Liga-1
Liga 1 de Fútbol Profesional,M,PER,2023,1st,Torneo Clausura,18,Mon,2023-10-23,13:00,Cantolao,0.0,Atlético Grau,4.0,,Estadio Iván Elías Moreno,Fernando Legario,,https://fbref.com/en/matches/1256d38b/Cantolao-Atletico-Grau-October-23-2023-Liga-1
Liga 1 de Fútbol Profesional,M,PER,2023,1st,Torneo Clausura,19,Sat,2023-10-28,15:15,Sport Boys,2.0,Cienciano,1.0,,Estadio Miguel Grau del Callao,Daniel Ureta,,https://fbref.com/en/matches/2d9dee8c/Sport-Boys-Cienciano-October-28-2023-Liga-1
Liga 1 de Fútbol Profesional,M,PER,2023,1st,Torneo Clausura,19,Sat,2023-10-28,15:15,Dep Municipal,1.0,Cantolao,2.0,,Estadio Iván Elías Moreno,Pablo López,,https://fbref.com/en/matches/43d66b9d/Deportivo-Municipal-Cantolao-October-28-2023-Liga-1
Liga 1 de Fútbol Profesional,M,PER,2023,1st,Torneo Clausura,19,Sat,2023-10-28,15:15,U César Vallejo,3.0,Cusco,1.0,,Estadio Mansiche,Kevin Ortega,,https://fbref.com/en/matches/f678bcc1/Universidad-Cesar-Vallejo-Cusco-October-28-2023-Liga-1
Liga 1 de Fútbol Profesional,M,PER,2023,1st,Torneo Clausura,19,Sun,2023-10-29,15:00,Asociación Deportiva Tarma,0.0,Mannucci,0.0,,Estadio Municipal Unión de Tarma,Jordy Espinoza,,https://fbref.com/en/matches/185d4837/Asociacion-Deportiva-Tarma-Carlos-A-Mannucci-October-29-2023-Liga-1
Liga 1 de Fútbol Profesional,M,PER,2023,1st,Torneo Clausura,19,Sun,2023-10-29,15:00,Deportivo Garcilaso,0.0,Alianza Lima,1.0,,Estadio Inca Garcilaso de la Vega,Diego Haro,,https://fbref.com/en/matches/2fcdba67/Deportivo-Garcilaso-Alianza-Lima-October-29-2023-Liga-1
Liga 1 de Fútbol Profesional,M,PER,2023,1st,Torneo Clausura,19,Sun,2023-10-29,15:00,Atlético Grau,0.0,Unión Comercio,1.0,,Estadio Municipal Bernales,Micke Palomino,,https://fbref.com/en/matches/3a711551/Atletico-Grau-Union-Comercio-October-29-2023-Liga-1
Liga 1 de Fútbol Profesional,M,PER,2023,1st,Torneo Clausura,19,Sun,2023-10-29,15:00,Sporting Cristal,3.0,Alianza Atlético,0.0,,Estadio Alberto Gallardo,Fernando Legario,,https://fbref.com/en/matches/7834acf8/Sporting-Cristal-Alianza-Atletico-October-29-2023-Liga-1
Liga 1 de Fútbol Profesional,M,PER,2023,1st,Torneo Clausura,19,Sun,2023-10-29,15:00,Binacional,1.0,Melgar,2.0,,Estadio Guillermo Briceño Rosamedina,Edwin Ordóñez,,https://fbref.com/en/matches/8bd3b490/Binacional-Melgar-October-29-2023-Liga-1
Liga 1 de Fútbol Profesional,M,PER,2023,1st,Torneo Clausura,19,Sun,2023-10-29,15:00,Universitario,2.0,Sport Huancayo,0.0,,Estadio Monumental,Roberto Pérez,,https://fbref.com/en/matches/d7e404e2/Universitario-Sport-Huancayo-October-29-2023-Liga-1
Liga 1 de Fútbol Profesional,M,PER,2023,1st,Finals,,Sat,2023-11-04,20:00,Universitario,1.0,Alianza Lima,1.0,,Estadio Monumental,Kevin Ortega,Leg 1 of 2,https://fbref.com/en/matches/db0b04a3/Universitario-Alianza-Lima-November-4-2023-Liga-1
Liga 1 de Fútbol Profesional,M,PER,2023,1st,Finals,,Wed,2023-11-08,20:00,Alianza Lima,0.0,Universitario,2.0,,Estadio Alejandro Villanueva,Edwin Ordóñez,Leg 2 of 2; Universitario won,https://fbref.com/en/matches/1a20fb2d/Alianza-Lima-Universitario-November-8-2023-Liga-1
Liga 1 de Fútbol Profesional,M,PER,2024,1st,Torneo Apertura,1,Fri,2024-01-26,15:00,UTC,1.0,Deportivo Garcilaso,0.0,,Estadio Héroes de San Ramón,,,https://fbref.com/en/matches/a762924d/Universidad-Tecnica-de-Cajamarca-Deportivo-Garcilaso-January-26-2024-Liga-1
Liga 1 de Fútbol Profesional,M,PER,2024,1st,Torneo Apertura,1,Fri,2024-01-26,19:00,Melgar,2.0,Cusco,3.0,,Estadio de la Universidad Nacional San A...,,,https://fbref.com/en/matches/19c44fc2/Melgar-Cusco-January-26-2024-Liga-1
Liga 1 de Fútbol Profesional,M,PER,2024,1st,Torneo Apertura,1,Sat,2024-01-27,15:00,Sporting Cristal,6.0,Asociación Deportiva Tarma,2.0,,Estadio Alberto Gallardo,,,https://fbref.com/en/matches/01b9b4ce/Sporting-Cristal-Asociacion-Deportiva-Tarma-January-27-2024-Liga-1
Liga 1 de Fútbol Profesional,M,PER,2024,1st,Torneo Apertura,1,Sat,2024-01-27,17:30,Sport Huancayo,1.0,Sport Boys,0.0,,Estadio Huancayo,,,https://fbref.com/en/matches/f2b87d8e/Sport-Huancayo-Sport-Boys-January-27-2024-Liga-1
Liga 1 de Fútbol Profesional,M,PER,2024,1st,Torneo Apertura,1,Sat,2024-01-27,20:00,Cienciano,1.0,Comerciantes Unidos,0.0,,Estadio Inca Garcilaso de la Vega,,,https://fbref.com/en/matches/4591c5b4/Cienciano-Comerciantes-Unidos-January-27-2024-Liga-1
Liga 1 de Fútbol Profesional,M,PER,2024,1st,Torneo Apertura,1,Sun,2024-01-28,14:30,Atlético Grau,1.0,Alianza Atlético,1.0,,Estadio Campeones del 36,,,https://fbref.com/en/matches/b2c7796f/Atletico-Grau-Alianza-Atletico-January-28-2024-Liga-1
Liga 1 de Fútbol Profesional,M,PER,2024,1st,Torneo Apertura,1,Sun,2024-01-28,17:00,Mannucci,0.0,Universitario,4.0,,Estadio Mansiche,,,https://fbref.com/en/matches/c7ca83fd/Carlos-A-Mannucci-Universitario-January-28-2024-Liga-1
Liga 1 de Fútbol Profesional,M,PER,2024,1st,Torneo Apertura,1,Sun,2024-01-28,20:00,Alianza Lima,2.0,U César Vallejo,1.0,,Estadio Nacional,,,https://fbref.com/en/matches/aec2c4be/Alianza-Lima-Universidad-Cesar-Vallejo-January-28-2024-Liga-1
Liga 1 de Fútbol Profesional,M,PER,2024,1st,Torneo Apertura,1,Mon,2024-01-29,15:00,CDC Santa Rosa,2.0,Unión Comercio,1.0,,Estadio Los Chankas,,,https://fbref.com/en/matches/54bb05d0/CDC-Santa-Rosa-Union-Comercio-January-29-2024-Liga-1
Liga 1 de Fútbol Profesional,M,PER,2024,1st,Torneo Apertura,2,Fri,2024-02-02,15:00,Cusco,1.0,UTC,1.0,,Estadio Inca Garcilaso de la Vega,,,https://fbref.com/en/matches/3aec09b0/Cusco-Universidad-Tecnica-de-Cajamarca-February-2-2024-Liga-1
Liga 1 de Fútbol Profesional,M,PER,2024,1st,Torneo Apertura,2,Fri,2024-02-02,20:00,U César Vallejo,3.0,Melgar,2.0,,Estadio Mansiche,,,https://fbref.com/en/matches/be77efe9/Universidad-Cesar-Vallejo-Melgar-February-2-2024-Liga-1
Liga 1 de Fútbol Profesional,M,PER,2024,1st,Torneo Apertura,2,Sat,2024-02-03,15:00,Asociación Deportiva Tarma,1.0,Cienciano,1.0,,Estadio Huancayo,,,https://fbref.com/en/matches/b1063855/Asociacion-Deportiva-Tarma-Cienciano-February-3-2024-Liga-1
Liga 1 de Fútbol Profesional,M,PER,2024,1st,Torneo Apertura,2,Sat,2024-02-03,15:30,Unión Comercio,2.0,Mannucci,2.0,,Estadio del IPD,,,https://fbref.com/en/matches/27dcc4e3/Union-Comercio-Carlos-A-Mannucci-February-3-2024-Liga-1
Liga 1 de Fútbol Profesional,M,PER,2024,1st,Torneo Apertura,2,Sat,2024-02-03,20:00,Universitario,1.0,Atlético Grau,0.0,,Estadio Monumental U Marathon,,,https://fbref.com/en/matches/0c42de03/Universitario-Atletico-Grau-February-3-2024-Liga-1
Liga 1 de Fútbol Profesional,M,PER,2024,1st,Torneo Apertura,2,Sun,2024-02-04,14:00,Alianza Atlético,0.0,Alianza Lima,2.0,,Estadio Campeones del 36,,,https://fbref.com/en/matches/122e0acf/Alianza-Atletico-Alianza-Lima-February-4-2024-Liga-1
Liga 1 de Fútbol Profesional,M,PER,2024,1st,Torneo Apertura,2,Sun,2024-02-04,16:00,Sport Boys,1.0,Sporting Cristal,3.0,,Estadio Miguel Grau del Callao,,,https://fbref.com/en/matches/2d5c50c4/Sport-Boys-Sporting-Cristal-February-4-2024-Liga-1
Liga 1 de Fútbol Profesional,M,PER,2024,1st,Torneo Apertura,2,Sun,2024-02-04,19:00,Deportivo Garcilaso,0.0,Sport Huancayo,2.0,,Estadio Inca Garcilaso de la Vega,,,https://fbref.com/en/matches/1beb0d77/Deportivo-Garcilaso-Sport-Huancayo-February-4-2024-Liga-1
Liga 1 de Fútbol Profesional,M,PER,2024,1st,Torneo Apertura,2,Mon,2024-02-05,15:00,Comerciantes Unidos,3.0,CDC Santa Rosa,2.0,,Estadio Municipal Germán Contreras Jara,,,https://fbref.com/en/matches/0f225141/Comerciantes-Unidos-CDC-Santa-Rosa-February-5-2024-Liga-1
Liga 1 de Fútbol Profesional,M,PER,2024,1st,Torneo Apertura,3,Fri,2024-02-09,15:00,UTC,4.0,U César Vallejo,0.0,,Estadio Municipal Germán Contreras Jara,,,https://fbref.com/en/matches/f36424c0/Universidad-Tecnica-de-Cajamarca-Universidad-Cesar-Vallejo-February-9-2024-Liga-1
Liga 1 de Fútbol Profesional,M,PER,2024,1st,Torneo Apertura,3,Fri,2024-02-09,19:00,Cienciano,2.0,Sporting Cristal,2.0,,Estadio Inca Garcilaso de la Vega,,,https://fbref.com/en/matches/3eff4c0e/Cienciano-Sporting-Cristal-February-9-2024-Liga-1
Liga 1 de Fútbol Profesional,M,PER,2024,1st,Torneo Apertura,3,Sat,2024-02-10,15:00,Melgar,1.0,Alianza Atlético,0.0,,Estadio de la Universidad Nacional San A...,,,https://fbref.com/en/matches/83e46ed1/Melgar-Alianza-Atletico-February-10-2024-Liga-1
Liga 1 de Fútbol Profesional,M,PER,2024,1st,Torneo Apertura,3,Sat,2024-02-10,15:30,Mannucci,1.0,Comerciantes Unidos,3.0,,Estadio Mansiche,,,https://fbref.com/en/matches/b47f07fa/Carlos-A-Mannucci-Comerciantes-Unidos-February-10-2024-Liga-1
Liga 1 de Fútbol Profesional,M,PER,2024,1st,Torneo Apertura,3,Sat,2024-02-10,20:00,Alianza Lima,0.0,Universitario,1.0,,Estadio Nacional,,,https://fbref.com/en/matches/4bf8df84/Alianza-Lima-Universitario-February-10-2024-Liga-1
Liga 1 de Fútbol Profesional,M,PER,2024,1st,Torneo Apertura,3,Sun,2024-02-11,15:00,CDC Santa Rosa,2.0,Asociación Deportiva Tarma,0.0,,Estadio Los Chankas,,,https://fbref.com/en/matches/b83971d7/CDC-Santa-Rosa-Asociacion-Deportiva-Tarma-February-11-2024-Liga-1
Liga 1 de Fútbol Profesional,M,PER,2024,1st,Torneo Apertura,3,Sun,2024-02-11,16:00,Sport Boys,2.0,Deportivo Garcilaso,0.0,,Estadio Miguel Grau del Callao,,,https://fbref.com/en/matches/a6fbcd12/Sport-Boys-Deportivo-Garcilaso-February-11-2024-Liga-1
Liga 1 de Fútbol Profesional,M,PER,2024,1st,Torneo Apertura,3,Sun,2024-02-11,18:00,Sport Huancayo,2.0,Cusco,0.0,,Estadio Huancayo,,,https://fbref.com/en/matches/dc8eb061/Sport-Huancayo-Cusco-February-11-2024-Liga-1
Liga 1 de Fútbol Profesional,M,PER,2024,1st,Torneo Apertura,3,Mon,2024-02-12,14:30,Atlético Grau,1.0,Unión Comercio,0.0,,Estadio Campeones del 36,,,https://fbref.com/en/matches/93c7ba8f/Atletico-Grau-Union-Comercio-February-12-2024-Liga-1
Liga 1 de Fútbol Profesional,M,PER,2024,1st,Torneo Apertura,4,Thu,2024-02-15,20:00,Sporting Cristal,4.0,CDC Santa Rosa,1.0,,Estadio Alberto Gallardo,,,https://fbref.com/en/matches/0640f596/Sporting-Cristal-CDC-Santa-Rosa-February-15-2024-Liga-1
Liga 1 de Fútbol Profesional,M,PER,2024,1st,Torneo Apertura,4,Fri,2024-02-16,14:30,Alianza Atlético,2.0,UTC,0.0,,Estadio Campeones del 36,,,https://fbref.com/en/matches/53808c66/Alianza-Atletico-Universidad-Tecnica-de-Cajamarca-February-16-2024-Liga-1
Liga 1 de Fútbol Profesional,M,PER,2024,1st,Torneo Apertura,4,Sat,2024-02-17,15:00,Asociación Deportiva Tarma,4.0,Mannucci,0.0,,Estadio Municipal Unión de Tarma,,,https://fbref.com/en/matches/47e0cdb2/Asociacion-Deportiva-Tarma-Carlos-A-Mannucci-February-17-2024-Liga-1
Liga 1 de Fútbol Profesional,M,PER,2024,1st,Torneo Apertura,4,Sat,2024-02-17,18:00,Cusco,1.0,Deportivo Garcilaso,0.0,,Estadio Inca Garcilaso de la Vega,,,https://fbref.com/en/matches/f96fb055/Cusco-Deportivo-Garcilaso-February-17-2024-Liga-1
Liga 1 de Fútbol Profesional,M,PER,2024,1st,Torneo Apertura,4,Sat,2024-02-17,20:00,Universitario,2.0,Melgar,0.0,,Estadio Monumental U Marathon,,,https://fbref.com/en/matches/9d0cfbd7/Universitario-Melgar-February-17-2024-Liga-1
Liga 1 de Fútbol Profesional,M,PER,2024,1st,Torneo Apertura,4,Sun,2024-02-18,14:00,Unión Comercio,1.0,Alianza Lima,3.0,,Estadio del IPD,,,https://fbref.com/en/matches/29e4b9be/Union-Comercio-Alianza-Lima-February-18-2024-Liga-1
Liga 1 de Fútbol Profesional,M,PER,2024,1st,Torneo Apertura,4,Sun,2024-02-18,17:00,Cienciano,3.0,Sport Boys,2.0,,Estadio Inca Garcilaso de la Vega,,,https://fbref.com/en/matches/f40ca9ea/Cienciano-Sport-Boys-February-18-2024-Liga-1
Liga 1 de Fútbol Profesional,M,PER,2024,1st,Torneo Apertura,4,Sun,2024-02-18,19:30,U César Vallejo,1.0,Sport Huancayo,1.0,,Estadio Mansiche,,,https://fbref.com/en/matches/45075cde/Universidad-Cesar-Vallejo-Sport-Huancayo-February-18-2024-Liga-1
Liga 1 de Fútbol Profesional,M,PER,2024,1st,Torneo Apertura,4,Mon,2024-02-19,15:00,Comerciantes Unidos,2.0,Atlético Grau,2.0,,Estadio Juan Maldonado Gamarra,,,https://fbref.com/en/matches/2ed1f858/Comerciantes-Unidos-Atletico-Grau-February-19-2024-Liga-1
Liga 1 de Fútbol Profesional,M,PER,2024,1st,Torneo Apertura,5,Fri,2024-02-23,15:00,Sport Huancayo,4.0,Alianza Atlético,0.0,,Estadio Huancayo,,,https://fbref.com/en/matches/3947a174/Sport-Huancayo-Alianza-Atletico-February-23-2024-Liga-1
Liga 1 de Fútbol Profesional,M,PER,2024,1st,Torneo Apertura,5,Sat,2024-02-24,15:00,Sport Boys,3.0,Cusco,0.0,,Estadio Miguel Grau del Callao,,,https://fbref.com/en/matches/b94447be/Sport-Boys-Cusco-February-24-2024-Liga-1
Liga 1 de Fútbol Profesional,M,PER,2024,1st,Torneo Apertura,5,Sat,2024-02-24,15:00,UTC,0.0,Universitario,0.0,,Estadio Municipal Germán Contreras Jara,,,https://fbref.com/en/matches/f3d203da/Universidad-Tecnica-de-Cajamarca-Universitario-February-24-2024-Liga-1
Liga 1 de Fútbol Profesional,M,PER,2024,1st,Torneo Apertura,5,Sat,2024-02-24,17:30,Melgar,2.0,Unión Comercio,1.0,,Estadio de la Universidad Nacional San A...,,,https://fbref.com/en/matches/8b710804/Melgar-Union-Comercio-February-24-2024-Liga-1
Liga 1 de Fútbol Profesional,M,PER,2024,1st,Torneo Apertura,5,Sat,2024-02-24,18:15,Mannucci,0.0,Sporting Cristal,4.0,,Estadio Mansiche,,,https://fbref.com/en/matches/44965a79/Carlos-A-Mannucci-Sporting-Cristal-February-24-2024-Liga-1
Liga 1 de Fútbol Profesional,M,PER,2024,1st,Torneo Apertura,5,Sun,2024-02-25,13:45,Atlético Grau,2.0,Asociación Deportiva Tarma,2.0,,Estadio Municipal Bernales,,,https://fbref.com/en/matches/df24dc71/Atletico-Grau-Asociacion-Deportiva-Tarma-February-25-2024-Liga-1
Liga 1 de Fútbol Profesional,M,PER,2024,1st,Torneo Apertura,5,Sun,2024-02-25,16:00,Alianza Lima,5.0,Comerciantes Unidos,1.0,,Estadio Alejandro Villanueva,,,https://fbref.com/en/matches/e040755c/Alianza-Lima-Comerciantes-Unidos-February-25-2024-Liga-1
Liga 1 de Fútbol Profesional,M,PER,2024,1st,Torneo Apertura,5,Sun,2024-02-25,19:00,Deportivo Garcilaso,2.0,U César Vallejo,0.0,,Estadio Inca Garcilaso de la Vega,,,https://fbref.com/en/matches/9bc3b725/Deportivo-Garcilaso-Universidad-Cesar-Vallejo-February-25-2024-Liga-1
Liga 1 de Fútbol Profesional,M,PER,2024,1st,Torneo Apertura,5,Mon,2024-02-26,15:00,CDC Santa Rosa,1.0,Cienciano,2.0,,Estadio Los Chankas,,,https://fbref.com/en/matches/598ada15/CDC-Santa-Rosa-Cienciano-February-26-2024-Liga-1
Liga 1 de Fútbol Profesional,M,PER,2024,1st,Torneo Apertura,6,Thu,2024-02-29,14:15,Alianza Atlético,3.0,Deportivo Garcilaso,0.0,,Estadio Campeones del 36,,,https://fbref.com/en/matches/598269d7/Alianza-Atletico-Deportivo-Garcilaso-February-29-2024-Liga-1
Liga 1 de Fútbol Profesional,M,PER,2024,1st,Torneo Apertura,6,Fri,2024-03-01,15:00,Asociación Deportiva Tarma,2.0,Alianza Lima,0.0,,Estadio Municipal Unión de Tarma,,,https://fbref.com/en/matches/b2b315ce/Asociacion-Deportiva-Tarma-Alianza-Lima-March-1-2024-Liga-1
Liga 1 de Fútbol Profesional,M,PER,2024,1st,Torneo Apertura,6,Fri,2024-03-01,20:30,Universitario,2.0,Sport Huancayo,0.0,,Estadio Monumental U Marathon,,,https://fbref.com/en/matches/55ad9267/Universitario-Sport-Huancayo-March-1-2024-Liga-1
Liga 1 de Fútbol Profesional,M,PER,2024,1st,Torneo Apertura,6,Sat,2024-03-02,13:15,Sporting Cristal,1.0,Atlético Grau,0.0,,Estadio Alberto Gallardo,,,https://fbref.com/en/matches/5d8d164a/Sporting-Cristal-Atletico-Grau-March-2-2024-Liga-1
Liga 1 de Fútbol Profesional,M,PER,2024,1st,Torneo Apertura,6,Sat,2024-03-02,15:45,Comerciantes Unidos,0.0,Melgar,0.0,2086.0,Estadio Juan Maldonado Gamarra,,,https://fbref.com/en/matches/f18152ee/Comerciantes-Unidos-Melgar-March-2-2024-Liga-1
Liga 1 de Fútbol Profesional,M,PER,2024,1st,Torneo Apertura,6,Sat,2024-03-02,19:00,U César Vallejo,2.0,Cusco,2.0,,Estadio Mansiche,,,https://fbref.com/en/matches/ae4b475a/Universidad-Cesar-Vallejo-Cusco-March-2-2024-Liga-1
Liga 1 de Fútbol Profesional,M,PER,2024,1st,Torneo Apertura,6,Sun,2024-03-03,15:00,CDC Santa Rosa,2.0,Sport Boys,0.0,,Estadio Los Chankas,,,https://fbref.com/en/matches/5804b50b/CDC-Santa-Rosa-Sport-Boys-March-3-2024-Liga-1
Liga 1 de Fútbol Profesional,M,PER,2024,1st,Torneo Apertura,6,Sun,2024-03-03,19:00,Cienciano,2.0,Mannucci,2.0,,Estadio Inca Garcilaso de la Vega,,,https://fbref.com/en/matches/d79fb873/Cienciano-Carlos-A-Mannucci-March-3-2024-Liga-1
Liga 1 de Fútbol Profesional,M,PER,2024,1st,Torneo Apertura,6,Mon,2024-03-04,14:00,Unión Comercio,2.0,UTC,0.0,,Estadio Municipal Carlos Vidaurre García,,,https://fbref.com/en/matches/66155c29/Union-Comercio-Universidad-Tecnica-de-Cajamarca-March-4-2024-Liga-1
Liga 1 de Fútbol Profesional,M,PER,2024,1st,Torneo Apertura,7,Thu,2024-03-07,15:00,Cusco,2.0,Alianza Atlético,0.0,,Estadio Inca Garcilaso de la Vega,,,https://fbref.com/en/matches/70a09ae8/Cusco-Alianza-Atletico-March-7-2024-Liga-1
Liga 1 de Fútbol Profesional,M,PER,2024,1st,Torneo Apertura,7,Fri,2024-03-08,15:00,UTC,2.0,Comerciantes Unidos,3.0,,Estadio Municipal Germán Contreras Jara,,,https://fbref.com/en/matches/c2fa3d84/Universidad-Tecnica-de-Cajamarca-Comerciantes-Unidos-March-8-2024-Liga-1
Liga 1 de Fútbol Profesional,M,PER,2024,1st,Torneo Apertura,7,Fri,2024-03-08,20:00,Deportivo Garcilaso,2.0,Universitario,2.0,,Estadio Inca Garcilaso de la Vega,,,https://fbref.com/en/matches/7f49fa55/Deportivo-Garcilaso-Universitario-March-8-2024-Liga-1
Liga 1 de Fútbol Profesional,M,PER,2024,1st,Torneo Apertura,7,Sat,2024-03-09,13:15,Atlético Grau,1.0,Cienciano,1.0,,Estadio Campeones del 36,,,https://fbref.com/en/matches/dcda6709/Atletico-Grau-Cienciano-March-9-2024-Liga-1
Liga 1 de Fútbol Profesional,M,PER,2024,1st,Torneo Apertura,7,Sat,2024-03-09,15:30,Melgar,3.0,Asociación Deportiva Tarma,1.0,,Estadio de la Universidad Nacional San A...,,,https://fbref.com/en/matches/e69dcb09/Melgar-Asociacion-Deportiva-Tarma-March-9-2024-Liga-1
Liga 1 de Fútbol Profesional,M,PER,2024,1st,Torneo Apertura,7,Sat,2024-03-09,16:00,Mannucci,2.0,CDC Santa Rosa,1.0,,Estadio Mansiche,,,https://fbref.com/en/matches/a84a54cd/Carlos-A-Mannucci-CDC-Santa-Rosa-March-9-2024-Liga-1
Liga 1 de Fútbol Profesional,M,PER,2024,1st,Torneo Apertura,7,Sat,2024-03-09,20:00,Alianza Lima,1.0,Sporting Cristal,2.0,,Estadio Alejandro Villanueva,,,https://fbref.com/en/matches/036d1aa2/Alianza-Lima-Sporting-Cristal-March-9-2024-Liga-1
Liga 1 de Fútbol Profesional,M,PER,2024,1st,Torneo Apertura,7,Sun,2024-03-10,15:00,Sport Boys,2.0,U César Vallejo,0.0,,Estadio Miguel Grau del Callao,,,https://fbref.com/en/matches/a8a594c0/Sport-Boys-Universidad-Cesar-Vallejo-March-10-2024-Liga-1
Liga 1 de Fútbol Profesional,M,PER,2024,1st,Torneo Apertura,7,Sun,2024-03-10,15:00,Sport Huancayo,2.0,Unión Comercio,2.0,,Estadio Huancayo,,,https://fbref.com/en/matches/f5ec63e3/Sport-Huancayo-Union-Comercio-March-10-2024-Liga-1
Liga 1 de Fútbol Profesional,M,PER,2024,1st,Torneo Apertura,8,Tue,2024-03-12,20:30,Universitario,1.0,Cusco,0.0,,Estadio Monumental U Marathon,,,https://fbref.com/en/matches/60abc652/Universitario-Cusco-March-12-2024-Liga-1
Liga 1 de Fútbol Profesional,M,PER,2024,1st,Torneo Apertura,8,Wed,2024-03-13,18:30,Cienciano,2.0,Alianza Lima,1.0,,Estadio Inca Garcilaso de la Vega,,,https://fbref.com/en/matches/54ff6787/Cienciano-Alianza-Lima-March-13-2024-Liga-1
Liga 1 de Fútbol Profesional,M,PER,2024,1st,Torneo Apertura,8,Wed,2024-03-13,21:00,Sporting Cristal,1.0,Melgar,2.0,,Estadio Alberto Gallardo,,,https://fbref.com/en/matches/6f751a76/Sporting-Cristal-Melgar-March-13-2024-Liga-1
Liga 1 de Fútbol Profesional,M,PER,2024,1st,Torneo Apertura,8,Thu,2024-03-14,13:30,Alianza Atlético,1.0,U César Vallejo,1.0,,Estadio Campeones del 36,,,https://fbref.com/en/matches/fc5fa825/Alianza-Atletico-Universidad-Cesar-Vallejo-March-14-2024-Liga-1
Liga 1 de Fútbol Profesional,M,PER,2024,1st,Torneo Apertura,8,Thu,2024-03-14,15:45,Comerciantes Unidos,3.0,Sport Huancayo,2.0,,Estadio Municipal Germán Contreras Jara,,,https://fbref.com/en/matches/b125d1fc/Comerciantes-Unidos-Sport-Huancayo-March-14-2024-Liga-1
Liga 1 de Fútbol Profesional,M,PER,2024,1st,Torneo Apertura,8,Thu,2024-03-14,19:00,Mannucci,1.0,Sport Boys,0.0,,Estadio Mansiche,,,https://fbref.com/en/matches/b5c556b3/Carlos-A-Mannucci-Sport-Boys-March-14-2024-Liga-1
Liga 1 de Fútbol Profesional,M,PER,2024,1st,Torneo Apertura,8,Fri,2024-03-15,13:15,Unión Comercio,0.0,Deportivo Garcilaso,4.0,,Estadio Municipal Carlos Vidaurre García,,,https://fbref.com/en/matches/2ca7a5ae/Union-Comercio-Deportivo-Garcilaso-March-15-2024-Liga-1
Liga 1 de Fútbol Profesional,M,PER,2024,1st,Torneo Apertura,8,Fri,2024-03-15,15:30,CDC Santa Rosa,0.0,Atlético Grau,1.0,,Estadio Los Chankas,,,https://fbref.com/en/matches/944eaf19/CDC-Santa-Rosa-Atletico-Grau-March-15-2024-Liga-1
Liga 1 de Fútbol Profesional,M,PER,2024,1st,Torneo Apertura,8,Sat,2024-03-16,15:00,Asociación Deportiva Tarma,2.0,UTC,1.0,,Estadio Municipal Unión de Tarma,,,https://fbref.com/en/matches/cf948209/Asociacion-Deportiva-Tarma-Universidad-Tecnica-de-Cajamarca-March-16-2024-Liga-1
Liga 1 de Fútbol Profesional,M,PER,2024,1st,Torneo Apertura,9,Thu,2024-03-28,15:00,Deportivo Garcilaso,1.0,Comerciantes Unidos,2.0,,Estadio Inca Garcilaso de la Vega,,,https://fbref.com/en/matches/e2364096/Deportivo-Garcilaso-Comerciantes-Unidos-March-28-2024-Liga-1
Liga 1 de Fútbol Profesional,M,PER,2024,1st,Torneo Apertura,9,Thu,2024-03-28,20:00,Alianza Lima,3.0,CDC Santa Rosa,0.0,,Estadio Alejandro Villanueva,,,https://fbref.com/en/matches/c86a2d6e/Alianza-Lima-CDC-Santa-Rosa-March-28-2024-Liga-1
Liga 1 de Fútbol Profesional,M,PER,2024,1st,Torneo Apertura,9,Fri,2024-03-29,19:00,Cusco,1.0,Unión Comercio,0.0,,Estadio Inca Garcilaso de la Vega,,,https://fbref.com/en/matches/af2606be/Cusco-Union-Comercio-March-29-2024-Liga-1
Liga 1 de Fútbol Profesional,M,PER,2024,1st,Torneo Apertura,9,Sat,2024-03-30,14:15,Atlético Grau,3.0,Mannucci,0.0,,Estadio Campeones del 36,,,https://fbref.com/en/matches/cb83b301/Atletico-Grau-Carlos-A-Mannucci-March-30-2024-Liga-1
Liga 1 de Fútbol Profesional,M,PER,2024,1st,Torneo Apertura,9,Sat,2024-03-30,16:45,Melgar,2.0,Cienciano,0.0,,Estadio de la Universidad Nacional San A...,,,https://fbref.com/en/matches/0505046a/Melgar-Cienciano-March-30-2024-Liga-1
Liga 1 de Fútbol Profesional,M,PER,2024,1st,Torneo Apertura,9,Sat,2024-03-30,20:00,U César Vallejo,0.0,Universitario,0.0,,Estadio Mansiche,,,https://fbref.com/en/matches/3175f6be/Universidad-Cesar-Vallejo-Universitario-March-30-2024-Liga-1
Liga 1 de Fútbol Profesional,M,PER,2024,1st,Torneo Apertura,9,Sun,2024-03-31,13:00,Sport Huancayo,0.0,Asociación Deportiva Tarma,2.0,,Estadio Huancayo,,,https://fbref.com/en/matches/8ca6db9f/Sport-Huancayo-Asociacion-Deportiva-Tarma-March-31-2024-Liga-1
Liga 1 de Fútbol Profesional,M,PER,2024,1st,Torneo Apertura,9,Sun,2024-03-31,15:00,Sport Boys,0.0,Alianza Atlético,0.0,,Estadio Miguel Grau,,,https://fbref.com/en/matches/acfbb96d/Sport-Boys-Alianza-Atletico-March-31-2024-Liga-1
Liga 1 de Fútbol Profesional,M,PER,2024,1st,Torneo Apertura,9,Sun,2024-03-31,15:30,UTC,1.0,Sporting Cristal,2.0,,Estadio Héroes de San Ramón,,,https://fbref.com/en/matches/bbcc62cb/Universidad-Tecnica-de-Cajamarca-Sporting-Cristal-March-31-2024-Liga-1
Liga 1 de Fútbol Profesional,M,PER,2024,1st,Torneo Apertura,10,Fri,2024-04-05,14:30,Atlético Grau,0.0,Sport Boys,0.0,,Estadio Campeones del 36,,,https://fbref.com/en/matches/a172c939/Atletico-Grau-Sport-Boys-April-5-2024-Liga-1
Liga 1 de Fútbol Profesional,M,PER,2024,1st,Torneo Apertura,10,Fri,2024-04-05,20:30,Universitario,1.0,Alianza Atlético,0.0,,Estadio Monumental U Marathon,,,https://fbref.com/en/matches/e9fac5cc/Universitario-Alianza-Atletico-April-5-2024-Liga-1
Liga 1 de Fútbol Profesional,M,PER,2024,1st,Torneo Apertura,10,Sat,2024-04-06,13:00,CDC Santa Rosa,2.0,Melgar,2.0,,Estadio Los Chankas,,,https://fbref.com/en/matches/badb72c0/CDC-Santa-Rosa-Melgar-April-6-2024-Liga-1
Liga 1 de Fútbol Profesional,M,PER,2024,1st,Torneo Apertura,10,Sat,2024-04-06,15:30,Unión Comercio,2.0,U César Vallejo,2.0,,Estadio Municipal Carlos Vidaurre García,,,https://fbref.com/en/matches/5ee71387/Union-Comercio-Universidad-Cesar-Vallejo-April-6-2024-Liga-1
Liga 1 de Fútbol Profesional,M,PER,2024,1st,Torneo Apertura,10,Sat,2024-04-06,17:30,Mannucci,0.0,Alianza Lima,4.0,,Estadio Mansiche,,,https://fbref.com/en/matches/0e49cf2d/Carlos-A-Mannucci-Alianza-Lima-April-6-2024-Liga-1
Liga 1 de Fútbol Profesional,M,PER,2024,1st,Torneo Apertura,10,Sat,2024-04-06,19:30,Cienciano,1.0,UTC,1.0,,Estadio Inca Garcilaso de la Vega,,,https://fbref.com/en/matches/590548df/Cienciano-Universidad-Tecnica-de-Cajamarca-April-6-2024-Liga-1
Liga 1 de Fútbol Profesional,M,PER,2024,1st,Torneo Apertura,10,Sun,2024-04-07,13:00,Asociación Deportiva Tarma,2.0,Deportivo Garcilaso,2.0,,Estadio Municipal Unión de Tarma,,,https://fbref.com/en/matches/edfe13ad/Asociacion-Deportiva-Tarma-Deportivo-Garcilaso-April-7-2024-Liga-1
Liga 1 de Fútbol Profesional,M,PER,2024,1st,Torneo Apertura,10,Sun,2024-04-07,15:30,Sporting Cristal,4.0,Sport Huancayo,0.0,,Estadio Alberto Gallardo,,,https://fbref.com/en/matches/734069d5/Sporting-Cristal-Sport-Huancayo-April-7-2024-Liga-1
Liga 1 de Fútbol Profesional,M,PER,2024,1st,Torneo Apertura,10,Mon,2024-04-08,15:00,Comerciantes Unidos,0.0,Cusco,1.0,,Estadio Juan Maldonado Gamarra,,,https://fbref.com/en/matches/1d81eb97/Comerciantes-Unidos-Cusco-April-8-2024-Liga-1
Liga 1 de Fútbol Profesional,M,PER,2024,1st,Torneo Apertura,11,Fri,2024-04-12,15:00,Sport Huancayo,1.0,Cienciano,2.0,,Estadio Huancayo,,,https://fbref.com/en/matches/6b3b9a9a/Sport-Huancayo-Cienciano-April-12-2024-Liga-1
Liga 1 de Fútbol Profesional,M,PER,2024,1st,Torneo Apertura,11,Sat,2024-04-13,14:30,Alianza Atlético,2.0,Unión Comercio,0.0,,Estadio Campeones del 36,,,https://fbref.com/en/matches/00328833/Alianza-Atletico-Union-Comercio-April-13-2024-Liga-1
Liga 1 de Fútbol Profesional,M,PER,2024,1st,Torneo Apertura,11,Sat,2024-04-13,17:00,Melgar,2.0,Mannucci,0.0,,Estadio de la Universidad Nacional San A...,,,https://fbref.com/en/matches/5dcb8673/Melgar-Carlos-A-Mannucci-April-13-2024-Liga-1
Liga 1 de Fútbol Profesional,M,PER,2024,1st,Torneo Apertura,11,Sat,2024-04-13,20:00,Sport Boys,1.0,Universitario,2.0,,Estadio Miguel Grau del Callao,,,https://fbref.com/en/matches/af5f9238/Sport-Boys-Universitario-April-13-2024-Liga-1
Liga 1 de Fútbol Profesional,M,PER,2024,1st,Torneo Apertura,11,Sun,2024-04-14,13:00,U César Vallejo,3.0,Comerciantes Unidos,1.0,,Estadio Mansiche,,,https://fbref.com/en/matches/414637d0/Universidad-Cesar-Vallejo-Comerciantes-Unidos-April-14-2024-Liga-1
Liga 1 de Fútbol Profesional,M,PER,2024,1st,Torneo Apertura,11,Sun,2024-04-14,17:00,Cusco,3.0,Asociación Deportiva Tarma,2.0,,Estadio Inca Garcilaso de la Vega,,,https://fbref.com/en/matches/fb03797f/Cusco-Asociacion-Deportiva-Tarma-April-14-2024-Liga-1
Liga 1 de Fútbol Profesional,M,PER,2024,1st,Torneo Apertura,11,Sun,2024-04-14,19:30,Alianza Lima,2.0,Atlético Grau,0.0,,Estadio Alejandro Villanueva,,,https://fbref.com/en/matches/0b9e67e7/Alianza-Lima-Atletico-Grau-April-14-2024-Liga-1
Liga 1 de Fútbol Profesional,M,PER,2024,1st,Torneo Apertura,11,Mon,2024-04-15,15:00,UTC,2.0,CDC Santa Rosa,0.0,,Estadio Municipal Germán Contreras Jara,,,https://fbref.com/en/matches/aa667eb6/Universidad-Tecnica-de-Cajamarca-CDC-Santa-Rosa-April-15-2024-Liga-1
Liga 1 de Fútbol Profesional,M,PER,2024,1st,Torneo Apertura,11,Mon,2024-04-15,19:30,Deportivo Garcilaso,2.0,Sporting Cristal,3.0,,Estadio Inca Garcilaso de la Vega,,,https://fbref.com/en/matches/af9a73aa/Deportivo-Garcilaso-Sporting-Cristal-April-15-2024-Liga-1
Liga 1 de Fútbol Profesional,M,PER,2024,1st,Torneo Apertura,12,Thu,2024-04-18,20:00,Alianza Lima,3.0,Sport Boys,0.0,,Estadio Alejandro Villanueva,,,https://fbref.com/en/matches/dc03d611/Alianza-Lima-Sport-Boys-April-18-2024-Liga-1
Liga 1 de Fútbol Profesional,M,PER,2024,1st,Torneo Apertura,12,Fri,2024-04-19,15:00,Unión Comercio,1.0,Universitario,2.0,,Estadio Municipal Carlos Vidaurre García,,,https://fbref.com/en/matches/1a1f2d42/Union-Comercio-Universitario-April-19-2024-Liga-1
Liga 1 de Fútbol Profesional,M,PER,2024,1st,Torneo Apertura,12,Fri,2024-04-19,20:00,Cienciano,0.0,Deportivo Garcilaso,2.0,,Estadio Inca Garcilaso de la Vega,,,https://fbref.com/en/matches/e7f567ea/Cienciano-Deportivo-Garcilaso-April-19-2024-Liga-1
Liga 1 de Fútbol Profesional,M,PER,2024,1st,Torneo Apertura,12,Sat,2024-04-20,13:00,CDC Santa Rosa,6.0,Sport Huancayo,0.0,,Estadio Los Chankas,,,https://fbref.com/en/matches/d3f83092/CDC-Santa-Rosa-Sport-Huancayo-April-20-2024-Liga-1
Liga 1 de Fútbol Profesional,M,PER,2024,1st,Torneo Apertura,12,Sat,2024-04-20,15:30,Asociación Deportiva Tarma,1.0,U César Vallejo,0.0,,Estadio Municipal Unión de Tarma,,,https://fbref.com/en/matches/0d073e35/Asociacion-Deportiva-Tarma-Universidad-Cesar-Vallejo-April-20-2024-Liga-1
Liga 1 de Fútbol Profesional,M,PER,2024,1st,Torneo Apertura,12,Sat,2024-04-20,15:30,Mannucci,2.0,UTC,0.0,,Estadio Mansiche,,,https://fbref.com/en/matches/a40a69f7/Carlos-A-Mannucci-Universidad-Tecnica-de-Cajamarca-April-20-2024-Liga-1
Liga 1 de Fútbol Profesional,M,PER,2024,1st,Torneo Apertura,12,Sun,2024-04-21,11:00,Sporting Cristal,2.0,Cusco,0.0,,Estadio Alberto Gallardo,,,https://fbref.com/en/matches/bd342f7b/Sporting-Cristal-Cusco-April-21-2024-Liga-1
Liga 1 de Fútbol Profesional,M,PER,2024,1st,Torneo Apertura,12,Sun,2024-04-21,14:30,Atlético Grau,1.0,Melgar,2.0,,Estadio Municipal Bernales,,,https://fbref.com/en/matches/03bc71cd/Atletico-Grau-Melgar-April-21-2024-Liga-1
Liga 1 de Fútbol Profesional,M,PER,2024,1st,Torneo Apertura,12,Tue,2024-04-23,15:00,Comerciantes Unidos,0.0,Alianza Atlético,0.0,,Estadio Juan Maldonado Gamarra,,,https://fbref.com/en/matches/116eda96/Comerciantes-Unidos-Alianza-Atletico-April-23-2024-Liga-1
Liga 1 de Fútbol Profesional,M,PER,2024,1st,Torneo Apertura,13,Fri,2024-04-26,15:00,Sport Huancayo,1.0,Mannucci,0.0,,Estadio Huancayo,,,https://fbref.com/en/matches/69584114/Sport-Huancayo-Carlos-A-Mannucci-April-26-2024-Liga-1
Liga 1 de Fútbol Profesional,M,PER,2024,1st,Torneo Apertura,13,Sat,2024-04-27,13:00,Sport Boys,0.0,Unión Comercio,0.0,,Estadio Miguel Grau del Callao,,,https://fbref.com/en/matches/3479e640/Sport-Boys-Union-Comercio-April-27-2024-Liga-1
Liga 1 de Fútbol Profesional,M,PER,2024,1st,Torneo Apertura,13,Sat,2024-04-27,15:00,UTC,3.0,Atlético Grau,2.0,,Estadio Municipal Germán Contreras Jara,,,https://fbref.com/en/matches/1c7cfba7/Universidad-Tecnica-de-Cajamarca-Atletico-Grau-April-27-2024-Liga-1
Liga 1 de Fútbol Profesional,M,PER,2024,1st,Torneo Apertura,13,Sat,2024-04-27,17:30,Cusco,2.0,Cienciano,0.0,,Estadio Inca Garcilaso de la Vega,,,https://fbref.com/en/matches/6deaee79/Cusco-Cienciano-April-27-2024-Liga-1
Liga 1 de Fútbol Profesional,M,PER,2024,1st,Torneo Apertura,13,Sun,2024-04-28,14:30,Alianza Atlético,1.0,Asociación Deportiva Tarma,2.0,,Estadio Campeones del 36,,,https://fbref.com/en/matches/63c57673/Alianza-Atletico-Asociacion-Deportiva-Tarma-April-28-2024-Liga-1
Liga 1 de Fútbol Profesional,M,PER,2024,1st,Torneo Apertura,13,Sun,2024-04-28,17:30,Melgar,1.0,Alianza Lima,0.0,,Estadio de la Universidad Nacional San A...,,,https://fbref.com/en/matches/0e8c5155/Melgar-Alianza-Lima-April-28-2024-Liga-1
Liga 1 de Fútbol Profesional,M,PER,2024,1st,Torneo Apertura,13,Sun,2024-04-28,20:00,Universitario,6.0,Comerciantes Unidos,0.0,,Estadio Monumental U Marathon,,,https://fbref.com/en/matches/15e5e550/Universitario-Comerciantes-Unidos-April-28-2024-Liga-1
Liga 1 de Fútbol Profesional,M,PER,2024,1st,Torneo Apertura,13,Sun,2024-04-28,20:00,Deportivo Garcilaso,1.0,CDC Santa Rosa,1.0,,Estadio Inca Garcilaso de la Vega,,,https://fbref.com/en/matches/92c62da6/Deportivo-Garcilaso-CDC-Santa-Rosa-April-28-2024-Liga-1
Liga 1 de Fútbol Profesional,M,PER,2024,1st,Torneo Apertura,13,Mon,2024-04-29,20:00,U César Vallejo,2.0,Sporting Cristal,1.0,,Estadio Mansiche,,,https://fbref.com/en/matches/6471a06d/Universidad-Cesar-Vallejo-Sporting-Cristal-April-29-2024-Liga-1
Liga 1 de Fútbol Profesional,M,PER,2024,1st,Torneo Apertura,14,Fri,2024-05-03,15:00,Asociación Deportiva Tarma,2.0,Universitario,0.0,,Estadio Municipal Unión de Tarma,,,https://fbref.com/en/matches/49792a6d/Asociacion-Deportiva-Tarma-Universitario-May-3-2024-Liga-1
Liga 1 de Fútbol Profesional,M,PER,2024,1st,Torneo Apertura,14,Fri,2024-05-03,18:00,Cienciano,1.0,U César Vallejo,1.0,,Estadio Inca Garcilaso de la Vega,,,https://fbref.com/en/matches/5c1dd345/Cienciano-Universidad-Cesar-Vallejo-May-3-2024-Liga-1
Liga 1 de Fútbol Profesional,M,PER,2024,1st,Torneo Apertura,14,Fri,2024-05-03,20:30,Alianza Lima,1.0,UTC,0.0,,Estadio Alejandro Villanueva,,,https://fbref.com/en/matches/daeaaff7/Alianza-Lima-Universidad-Tecnica-de-Cajamarca-May-3-2024-Liga-1
Liga 1 de Fútbol Profesional,M,PER,2024,1st,Torneo Apertura,14,Sat,2024-05-04,13:00,CDC Santa Rosa,2.0,Cusco,0.0,,Estadio Los Chankas,,,https://fbref.com/en/matches/c6f165ac/CDC-Santa-Rosa-Cusco-May-4-2024-Liga-1
Liga 1 de Fútbol Profesional,M,PER,2024,1st,Torneo Apertura,14,Sat,2024-05-04,15:30,Comerciantes Unidos,3.0,Unión Comercio,1.0,,Estadio Juan Maldonado Gamarra,,,https://fbref.com/en/matches/243a9946/Comerciantes-Unidos-Union-Comercio-May-4-2024-Liga-1
Liga 1 de Fútbol Profesional,M,PER,2024,1st,Torneo Apertura,14,Sat,2024-05-04,15:30,Mannucci,1.0,Deportivo Garcilaso,1.0,,Estadio Mansiche,,,https://fbref.com/en/matches/b76bfc38/Carlos-A-Mannucci-Deportivo-Garcilaso-May-4-2024-Liga-1
Liga 1 de Fútbol Profesional,M,PER,2024,1st,Torneo Apertura,14,Sun,2024-05-05,11:00,Sporting Cristal,2.0,Alianza Atlético,1.0,,Estadio Alberto Gallardo,,,https://fbref.com/en/matches/24aaa5ae/Sporting-Cristal-Alianza-Atletico-May-5-2024-Liga-1
Liga 1 de Fútbol Profesional,M,PER,2024,1st,Torneo Apertura,14,Sun,2024-05-05,15:00,Melgar,2.0,Sport Boys,1.0,,Estadio de la Universidad Nacional San A...,,,https://fbref.com/en/matches/33a5df29/Melgar-Sport-Boys-May-5-2024-Liga-1
Liga 1 de Fútbol Profesional,M,PER,2024,1st,Torneo Apertura,14,Mon,2024-05-06,14:30,Atlético Grau,0.0,Sport Huancayo,0.0,,Estadio Campeones del 36,,,https://fbref.com/en/matches/2f9a9b1d/Atletico-Grau-Sport-Huancayo-May-6-2024-Liga-1
Liga 1 de Fútbol Profesional,M,PER,2024,1st,Torneo Apertura,15,Fri,2024-05-10,14:30,Unión Comercio,2.0,Asociación Deportiva Tarma,2.0,,Estadio Municipal Carlos Vidaurre García,,,https://fbref.com/en/matches/da5e8189/Union-Comercio-Asociacion-Deportiva-Tarma-May-10-2024-Liga-1
Liga 1 de Fútbol Profesional,M,PER,2024,1st,Torneo Apertura,15,Sat,2024-05-11,15:00,Sport Boys,1.0,Comerciantes Unidos,1.0,,Estadio Miguel Grau del Callao,,,https://fbref.com/en/matches/b5a0cb88/Sport-Boys-Comerciantes-Unidos-May-11-2024-Liga-1
Liga 1 de Fútbol Profesional,M,PER,2024,1st,Torneo Apertura,15,Sat,2024-05-11,15:30,Cusco,3.0,Mannucci,0.0,,Estadio Inca Garcilaso de la Vega,,,https://fbref.com/en/matches/a447acc1/Cusco-Carlos-A-Mannucci-May-11-2024-Liga-1
Liga 1 de Fútbol Profesional,M,PER,2024,1st,Torneo Apertura,15,Sat,2024-05-11,18:30,Sport Huancayo,0.0,Alianza Lima,2.0,,Estadio Huancayo,,,https://fbref.com/en/matches/a3d4116e/Sport-Huancayo-Alianza-Lima-May-11-2024-Liga-1
Liga 1 de Fútbol Profesional,M,PER,2024,1st,Torneo Apertura,15,Sat,2024-05-11,21:00,U César Vallejo,1.0,CDC Santa Rosa,1.0,,Estadio Mansiche,,,https://fbref.com/en/matches/5f9b279e/Universidad-Cesar-Vallejo-CDC-Santa-Rosa-May-11-2024-Liga-1
Liga 1 de Fútbol Profesional,M,PER,2024,1st,Torneo Apertura,15,Sun,2024-05-12,13:00,UTC,2.0,Melgar,6.0,,Estadio Municipal Germán Contreras Jara,,,https://fbref.com/en/matches/46320422/Universidad-Tecnica-de-Cajamarca-Melgar-May-12-2024-Liga-1
Liga 1 de Fútbol Profesional,M,PER,2024,1st,Torneo Apertura,15,Sun,2024-05-12,15:00,Deportivo Garcilaso,0.0,Atlético Grau,0.0,,Estadio Inca Garcilaso de la Vega,,,https://fbref.com/en/matches/7b5a4eeb/Deportivo-Garcilaso-Atletico-Grau-May-12-2024-Liga-1
Liga 1 de Fútbol Profesional,M,PER,2024,1st,Torneo Apertura,15,Sun,2024-05-12,18:30,Universitario,4.0,Sporting Cristal,1.0,,Estadio Monumental U Marathon,,,https://fbref.com/en/matches/82525a2b/Universitario-Sporting-Cristal-May-12-2024-Liga-1
Liga 1 de Fútbol Profesional,M,PER,2024,1st,Torneo Apertura,15,Mon,2024-05-13,14:30,Alianza Atlético,0.0,Cienciano,1.0,,Estadio Campeones del 36,,,https://fbref.com/en/matches/fd85d501/Alianza-Atletico-Cienciano-May-13-2024-Liga-1
Liga 1 de Fútbol Profesional,M,PER,2024,1st,Torneo Apertura,16,Fri,2024-05-17,14:30,Atlético Grau,4.0,Cusco,0.0,,Estadio Municipal Bernales,,,https://fbref.com/en/matches/6b4da843/Atletico-Grau-Cusco-May-17-2024-Liga-1
Liga 1 de Fútbol Profesional,M,PER,2024,1st,Torneo Apertura,16,Sat,2024-05-18,15:00,Sporting Cristal,5.0,Unión Comercio,1.0,,Estadio Alberto Gallardo,,,https://fbref.com/en/matches/64bc0228/Sporting-Cristal-Union-Comercio-May-18-2024-Liga-1
Liga 1 de Fútbol Profesional,M,PER,2024,1st,Torneo Apertura,16,Sat,2024-05-18,18:00,Melgar,4.0,Sport Huancayo,1.0,,Estadio de la Universidad Nacional San A...,,,https://fbref.com/en/matches/7a4c0017/Melgar-Sport-Huancayo-May-18-2024-Liga-1
Liga 1 de Fútbol Profesional,M,PER,2024,1st,Torneo Apertura,16,Sun,2024-05-19,13:00,Asociación Deportiva Tarma,2.0,Comerciantes Unidos,0.0,,Estadio Municipal Unión de Tarma,,,https://fbref.com/en/matches/f75ffd1d/Asociacion-Deportiva-Tarma-Comerciantes-Unidos-May-19-2024-Liga-1
Liga 1 de Fútbol Profesional,M,PER,2024,1st,Torneo Apertura,16,Sun,2024-05-19,15:30,CDC Santa Rosa,2.0,Alianza Atlético,0.0,,Estadio Los Chankas,,,https://fbref.com/en/matches/4b9e8954/CDC-Santa-Rosa-Alianza-Atletico-May-19-2024-Liga-1
Liga 1 de Fútbol Profesional,M,PER,2024,1st,Torneo Apertura,16,Sun,2024-05-19,18:00,Mannucci,0.0,U César Vallejo,0.0,,Estadio Mansiche,,,https://fbref.com/en/matches/7120966b/Carlos-A-Mannucci-Universidad-Cesar-Vallejo-May-19-2024-Liga-1
Liga 1 de Fútbol Profesional,M,PER,2024,1st,Torneo Apertura,16,Sun,2024-05-19,20:00,Alianza Lima,3.0,Deportivo Garcilaso,2.0,,Estadio Alejandro Villanueva,,,https://fbref.com/en/matches/d6573596/Alianza-Lima-Deportivo-Garcilaso-May-19-2024-Liga-1
Liga 1 de Fútbol Profesional,M,PER,2024,1st,Torneo Apertura,16,Mon,2024-05-20,15:00,UTC,2.0,Sport Boys,4.0,,Estadio Municipal Germán Contreras Jara,,,https://fbref.com/en/matches/d778c4bc/Universidad-Tecnica-de-Cajamarca-Sport-Boys-May-20-2024-Liga-1
Liga 1 de Fútbol Profesional,M,PER,2024,1st,Torneo Apertura,16,Mon,2024-05-20,20:00,Cienciano,0.0,Universitario,0.0,,Estadio Inca Garcilaso de la Vega,,,https://fbref.com/en/matches/b6bb5a5b/Cienciano-Universitario-May-20-2024-Liga-1
Liga 1 de Fútbol Profesional,M,PER,2024,1st,Torneo Apertura,17,Fri,2024-05-24,18:00,Cusco,3.0,Alianza Lima,0.0,,Estadio Inca Garcilaso de la Vega,,,https://fbref.com/en/matches/1b21e2c4/Cusco-Alianza-Lima-May-24-2024-Liga-1
Liga 1 de Fútbol Profesional,M,PER,2024,1st,Torneo Apertura,17,Fri,2024-05-24,20:30,U César Vallejo,2.0,Atlético Grau,1.0,,Estadio Mansiche,,,https://fbref.com/en/matches/49b95380/Universidad-Cesar-Vallejo-Atletico-Grau-May-24-2024-Liga-1
Liga 1 de Fútbol Profesional,M,PER,2024,1st,Torneo Apertura,17,Sat,2024-05-25,11:00,Sport Huancayo,1.0,UTC,1.0,,Estadio Huancayo,,,https://fbref.com/en/matches/6f6a27f3/Sport-Huancayo-Universidad-Tecnica-de-Cajamarca-May-25-2024-Liga-1
Liga 1 de Fútbol Profesional,M,PER,2024,1st,Torneo Apertura,17,Sat,2024-05-25,15:00,Deportivo Garcilaso,1.0,Melgar,3.0,,Estadio Inca Garcilaso de la Vega,,,https://fbref.com/en/matches/a57dc085/Deportivo-Garcilaso-Melgar-May-25-2024-Liga-1
Liga 1 de Fútbol Profesional,M,PER,2024,1st,Torneo Apertura,17,Sat,2024-05-25,15:00,Universitario,4.0,CDC Santa Rosa,0.0,,Estadio Monumental U Marathon,,,https://fbref.com/en/matches/ee27f5aa/Universitario-CDC-Santa-Rosa-May-25-2024-Liga-1
Liga 1 de Fútbol Profesional,M,PER,2024,1st,Torneo Apertura,17,Sat,2024-05-25,15:00,Comerciantes Unidos,0.0,Sporting Cristal,1.0,,Estadio Juan Maldonado Gamarra,,,https://fbref.com/en/matches/f54a9788/Comerciantes-Unidos-Sporting-Cristal-May-25-2024-Liga-1
Liga 1 de Fútbol Profesional,M,PER,2024,1st,Torneo Apertura,17,Sun,2024-05-26,14:30,Alianza Atlético,0.0,Mannucci,0.0,,Estadio Campeones del 36,,,https://fbref.com/en/matches/740f687b/Alianza-Atletico-Carlos-A-Mannucci-May-26-2024-Liga-1
Liga 1 de Fútbol Profesional,M,PER,2024,1st,Torneo Apertura,17,Sun,2024-05-26,15:00,Sport Boys,1.0,Asociación Deportiva Tarma,0.0,,Estadio Miguel Grau del Callao,,,https://fbref.com/en/matches/1048fd57/Sport-Boys-Asociacion-Deportiva-Tarma-May-26-2024-Liga-1
Liga 1 de Fútbol Profesional,M,PER,2024,1st,Torneo Apertura,17,Mon,2024-05-27,14:30,Unión Comercio,1.0,Cienciano,1.0,,Estadio Municipal Carlos Vidaurre García,,,https://fbref.com/en/matches/fa5c7b53/Union-Comercio-Cienciano-May-27-2024-Liga-1
Liga 1 de Fútbol Profesional,M,PER,2024,1st,Torneo Clausura,1,Fri,2024-07-12,13:00,Unión Comercio,1.0,CDC Santa Rosa,2.0,,Estadio Municipal Carlos Vidaurre García,,,https://fbref.com/en/matches/5aeb14d1/Union-Comercio-CDC-Santa-Rosa-July-12-2024-Liga-1
Liga 1 de Fútbol Profesional,M,PER,2024,1st,Torneo Clausura,1,Fri,2024-07-12,15:15,Asociación Deportiva Tarma,3.0,Sporting Cristal,1.0,,Estadio Municipal Unión de Tarma,,,https://fbref.com/en/matches/2350b7ba/Asociacion-Deportiva-Tarma-Sporting-Cristal-July-12-2024-Liga-1
Liga 1 de Fútbol Profesional,M,PER,2024,1st,Torneo Clausura,1,Fri,2024-07-12,19:00,Deportivo Garcilaso,1.0,UTC,0.0,,Estadio Inca Garcilaso de la Vega,,,https://fbref.com/en/matches/55b15073/Deportivo-Garcilaso-Universidad-Tecnica-de-Cajamarca-July-12-2024-Liga-1
Liga 1 de Fútbol Profesional,M,PER,2024,1st,Torneo Clausura,1,Sat,2024-07-13,13:00,Comerciantes Unidos,1.0,Cienciano,2.0,,Estadio Municipal Germán Contreras Jara,,,https://fbref.com/en/matches/98346273/Comerciantes-Unidos-Cienciano-July-13-2024-Liga-1
Liga 1 de Fútbol Profesional,M,PER,2024,1st,Torneo Clausura,1,Sat,2024-07-13,15:30,U César Vallejo,2.0,Alianza Lima,3.0,,Estadio Mansiche,,,https://fbref.com/en/matches/0de63044/Universidad-Cesar-Vallejo-Alianza-Lima-July-13-2024-Liga-1
Liga 1 de Fútbol Profesional,M,PER,2024,1st,Torneo Clausura,1,Sat,2024-07-13,18:00,Universitario,6.0,Mannucci,0.0,,Estadio Monumental U Marathon,,,https://fbref.com/en/matches/0d62f6d1/Universitario-Carlos-A-Mannucci-July-13-2024-Liga-1
Liga 1 de Fútbol Profesional,M,PER,2024,1st,Torneo Clausura,1,Sun,2024-07-14,13:00,Alianza Atlético,0.0,Atlético Grau,0.0,,Estadio Campeones del 36,,,https://fbref.com/en/matches/c5d62b8d/Alianza-Atletico-Atletico-Grau-July-14-2024-Liga-1
Liga 1 de Fútbol Profesional,M,PER,2024,1st,Torneo Clausura,1,Sun,2024-07-14,15:00,Sport Boys,2.0,Sport Huancayo,1.0,,Estadio Miguel Grau del Callao,,,https://fbref.com/en/matches/715866b8/Sport-Boys-Sport-Huancayo-July-14-2024-Liga-1
Liga 1 de Fútbol Profesional,M,PER,2024,1st,Torneo Clausura,1,Sun,2024-07-14,15:15,Cusco,0.0,Melgar,3.0,,Estadio Inca Garcilaso de la Vega,,,https://fbref.com/en/matches/0d9daf25/Cusco-Melgar-July-14-2024-Liga-1
Liga 1 de Fútbol Profesional,M,PER,2024,1st,Torneo Clausura,2,Fri,2024-07-19,13:00,UTC,2.0,Cusco,1.0,,Estadio Municipal Germán Contreras Jara,,,https://fbref.com/en/matches/e8417f51/Universidad-Tecnica-de-Cajamarca-Cusco-July-19-2024-Liga-1
Liga 1 de Fútbol Profesional,M,PER,2024,1st,Torneo Clausura,2,Fri,2024-07-19,15:15,Sport Huancayo,1.0,Deportivo Garcilaso,0.0,,Estadio Huancayo,,,https://fbref.com/en/matches/31ecaf9a/Sport-Huancayo-Deportivo-Garcilaso-July-19-2024-Liga-1
Liga 1 de Fútbol Profesional,M,PER,2024,1st,Torneo Clausura,2,Sat,2024-07-20,13:00,CDC Santa Rosa,2.0,Comerciantes Unidos,0.0,,Estadio Los Chankas,,,https://fbref.com/en/matches/4923dbbc/CDC-Santa-Rosa-Comerciantes-Unidos-July-20-2024-Liga-1
Liga 1 de Fútbol Profesional,M,PER,2024,1st,Torneo Clausura,2,Sat,2024-07-20,15:15,Melgar,5.0,U César Vallejo,2.0,,Estadio de la Universidad Nacional San A...,,,https://fbref.com/en/matches/bf378348/Melgar-Universidad-Cesar-Vallejo-July-20-2024-Liga-1
Liga 1 de Fútbol Profesional,M,PER,2024,1st,Torneo Clausura,2,Sat,2024-07-20,19:00,Alianza Lima,2.0,Alianza Atlético,0.0,,Estadio Alejandro Villanueva,,,https://fbref.com/en/matches/1ba07627/Alianza-Lima-Alianza-Atletico-July-20-2024-Liga-1
Liga 1 de Fútbol Profesional,M,PER,2024,1st,Torneo Clausura,2,Sun,2024-07-21,13:00,Atlético Grau,1.0,Universitario,1.0,,Estadio Campeones del 36,,,https://fbref.com/en/matches/7c7d06c3/Atletico-Grau-Universitario-July-21-2024-Liga-1
Liga 1 de Fútbol Profesional,M,PER,2024,1st,Torneo Clausura,2,Sun,2024-07-21,15:00,Mannucci,0.0,Unión Comercio,0.0,,Estadio Mansiche,Roberto Pérez,,https://fbref.com/en/matches/678e7d72/Carlos-A-Mannucci-Union-Comercio-July-21-2024-Liga-1
Liga 1 de Fútbol Profesional,M,PER,2024,1st,Torneo Clausura,2,Sun,2024-07-21,15:15,Sporting Cristal,4.0,Sport Boys,0.0,,Estadio Inca Garcilaso de la Vega,,,https://fbref.com/en/matches/662ee8be/Sporting-Cristal-Sport-Boys-July-21-2024-Liga-1
Liga 1 de Fútbol Profesional,M,PER,2024,1st,Torneo Clausura,2,Sun,2024-07-21,18:00,Cienciano,0.0,Asociación Deportiva Tarma,1.0,,Estadio Inca Garcilaso de la Vega,Joel Alarcón,,https://fbref.com/en/matches/dc0e79a5/Cienciano-Asociacion-Deportiva-Tarma-July-21-2024-Liga-1
Liga 1 de Fútbol Profesional,M,PER,2024,1st,Torneo Clausura,3,Thu,2024-07-25,13:00,Alianza Atlético,3.0,Melgar,1.0,,Estadio Campeones del 36,,,https://fbref.com/en/matches/1d37ffeb/Alianza-Atletico-Melgar-July-25-2024-Liga-1
Liga 1 de Fútbol Profesional,M,PER,2024,1st,Torneo Clausura,3,Thu,2024-07-25,15:15,Cusco,3.0,Sport Huancayo,0.0,,Estadio Inca Garcilaso de la Vega,,,https://fbref.com/en/matches/9e8edc89/Cusco-Sport-Huancayo-July-25-2024-Liga-1
Liga 1 de Fútbol Profesional,M,PER,2024,1st,Torneo Clausura,3,Thu,2024-07-25,19:00,U César Vallejo,2.0,UTC,0.0,,Estadio Mansiche,,,https://fbref.com/en/matches/3f6c3341/Universidad-Cesar-Vallejo-Universidad-Tecnica-de-Cajamarca-July-25-2024-Liga-1
Liga 1 de Fútbol Profesional,M,PER,2024,1st,Torneo Clausura,3,Fri,2024-07-26,15:15,Comerciantes Unidos,2.0,Mannucci,1.0,,Estadio Municipal Germán Contreras Jara,,,https://fbref.com/en/matches/a840cf44/Comerciantes-Unidos-Carlos-A-Mannucci-July-26-2024-Liga-1
Liga 1 de Fútbol Profesional,M,PER,2024,1st,Torneo Clausura,3,Fri,2024-07-26,18:00,Deportivo Garcilaso,2.0,Sport Boys,0.0,,Estadio Inca Garcilaso de la Vega,,,https://fbref.com/en/matches/19571a5f/Deportivo-Garcilaso-Sport-Boys-July-26-2024-Liga-1
Liga 1 de Fútbol Profesional,M,PER,2024,1st,Torneo Clausura,3,Fri,2024-07-26,20:30,Universitario,2.0,Alianza Lima,1.0,,Estadio Monumental U Marathon,,,https://fbref.com/en/matches/b1584cbb/Universitario-Alianza-Lima-July-26-2024-Liga-1
Liga 1 de Fútbol Profesional,M,PER,2024,1st,Torneo Clausura,3,Sat,2024-07-27,13:00,Sporting Cristal,5.0,Cienciano,1.0,,Estadio Alberto Gallardo,,,https://fbref.com/en/matches/6d1b4dce/Sporting-Cristal-Cienciano-July-27-2024-Liga-1
Liga 1 de Fútbol Profesional,M,PER,2024,1st,Torneo Clausura,3,Sat,2024-07-27,15:15,Asociación Deportiva Tarma,2.0,CDC Santa Rosa,1.0,,Estadio Municipal Unión de Tarma,,,https://fbref.com/en/matches/ae18335f/Asociacion-Deportiva-Tarma-CDC-Santa-Rosa-July-27-2024-Liga-1
Liga 1 de Fútbol Profesional,M,PER,2024,1st,Torneo Clausura,4,Mon,2024-07-29,15:00,Deportivo Garcilaso,0.0,Cusco,2.0,,Estadio Inca Garcilaso de la Vega,,,https://fbref.com/en/matches/19ec00da/Deportivo-Garcilaso-Cusco-July-29-2024-Liga-1
Liga 1 de Fútbol Profesional,M,PER,2024,1st,Torneo Clausura,4,Tue,2024-07-30,15:00,Sport Boys,2.0,Cienciano,0.0,,Estadio Miguel Grau del Callao,,,https://fbref.com/en/matches/1916ac5a/Sport-Boys-Cienciano-July-30-2024-Liga-1
Liga 1 de Fútbol Profesional,M,PER,2024,1st,Torneo Clausura,4,Tue,2024-07-30,15:00,Sport Huancayo,1.0,U César Vallejo,0.0,,Estadio Huancayo,,,https://fbref.com/en/matches/6fe01571/Sport-Huancayo-Universidad-Cesar-Vallejo-July-30-2024-Liga-1
Liga 1 de Fútbol Profesional,M,PER,2024,1st,Torneo Clausura,4,Tue,2024-07-30,19:30,Alianza Lima,1.0,Unión Comercio,0.0,,Estadio Alejandro Villanueva,,,https://fbref.com/en/matches/b4349341/Alianza-Lima-Union-Comercio-July-30-2024-Liga-1
Liga 1 de Fútbol Profesional,M,PER,2024,1st,Torneo Clausura,4,Wed,2024-07-31,13:00,Atlético Grau,3.0,Comerciantes Unidos,0.0,,Estadio Campeones del 36,,,https://fbref.com/en/matches/0a82bbcb/Atletico-Grau-Comerciantes-Unidos-July-31-2024-Liga-1
Liga 1 de Fútbol Profesional,M,PER,2024,1st,Torneo Clausura,4,Wed,2024-07-31,15:15,CDC Santa Rosa,3.0,Sporting Cristal,3.0,,Estadio Los Chankas,,,https://fbref.com/en/matches/1863790b/CDC-Santa-Rosa-Sporting-Cristal-July-31-2024-Liga-1
Liga 1 de Fútbol Profesional,M,PER,2024,1st,Torneo Clausura,4,Wed,2024-07-31,19:30,Mannucci,3.0,Asociación Deportiva Tarma,2.0,,Estadio Mansiche,,,https://fbref.com/en/matches/6b429110/Carlos-A-Mannucci-Asociacion-Deportiva-Tarma-July-31-2024-Liga-1
Liga 1 de Fútbol Profesional,M,PER,2024,1st,Torneo Clausura,4,Wed,2024-07-31,20:00,Melgar,1.0,Universitario,0.0,,Estadio de la Universidad Nacional San A...,,,https://fbref.com/en/matches/ff97628b/Melgar-Universitario-July-31-2024-Liga-1
Liga 1 de Fútbol Profesional,M,PER,2024,1st,Torneo Clausura,4,Thu,2024-08-01,15:00,UTC,1.0,Alianza Atlético,1.0,,Estadio Municipal Germán Contreras Jara,,,https://fbref.com/en/matches/ef0e7641/Universidad-Tecnica-de-Cajamarca-Alianza-Atletico-August-1-2024-Liga-1
Liga 1 de Fútbol Profesional,M,PER,2024,1st,Torneo Clausura,5,Sat,2024-08-03,15:00,Comerciantes Unidos,1.0,Alianza Lima,3.0,,Estadio Municipal Germán Contreras Jara,,,https://fbref.com/en/matches/1af5fbf4/Comerciantes-Unidos-Alianza-Lima-August-3-2024-Liga-1
Liga 1 de Fútbol Profesional,M,PER,2024,1st,Torneo Clausura,5,Sat,2024-08-03,18:00,Cienciano,0.0,CDC Santa Rosa,0.0,,Estadio Inca Garcilaso de la Vega,,,https://fbref.com/en/matches/cf5cbe6c/Cienciano-CDC-Santa-Rosa-August-3-2024-Liga-1
Liga 1 de Fútbol Profesional,M,PER,2024,1st,Torneo Clausura,5,Sat,2024-08-03,20:30,U César Vallejo,0.0,Deportivo Garcilaso,2.0,,Estadio Mansiche,,,https://fbref.com/en/matches/4a0887f4/Universidad-Cesar-Vallejo-Deportivo-Garcilaso-August-3-2024-Liga-1
Liga 1 de Fútbol Profesional,M,PER,2024,1st,Torneo Clausura,5,Sun,2024-08-04,11:00,Sporting Cristal,4.0,Mannucci,0.0,,Estadio Alberto Gallardo,,,https://fbref.com/en/matches/2cca3c0a/Sporting-Cristal-Carlos-A-Mannucci-August-4-2024-Liga-1
Liga 1 de Fútbol Profesional,M,PER,2024,1st,Torneo Clausura,5,Sun,2024-08-04,13:10,Unión Comercio,2.0,Melgar,1.0,,Estadio Municipal Carlos Vidaurre García,,,https://fbref.com/en/matches/62be22e3/Union-Comercio-Melgar-August-4-2024-Liga-1
Liga 1 de Fútbol Profesional,M,PER,2024,1st,Torneo Clausura,5,Sun,2024-08-04,15:20,Asociación Deportiva Tarma,1.0,Atlético Grau,2.0,,Estadio Municipal Unión de Tarma,,,https://fbref.com/en/matches/b0ac960d/Asociacion-Deportiva-Tarma-Atletico-Grau-August-4-2024-Liga-1
Liga 1 de Fútbol Profesional,M,PER,2024,1st,Torneo Clausura,5,Sun,2024-08-04,20:00,Universitario,1.0,UTC,0.0,,Estadio Monumental U Marathon,,,https://fbref.com/en/matches/63373899/Universitario-Universidad-Tecnica-de-Cajamarca-August-4-2024-Liga-1
Liga 1 de Fútbol Profesional,M,PER,2024,1st,Torneo Clausura,5,Mon,2024-08-05,12:30,Alianza Atlético,1.0,Sport Huancayo,1.0,,Estadio Campeones del 36,,,https://fbref.com/en/matches/c4afbb20/Alianza-Atletico-Sport-Huancayo-August-5-2024-Liga-1
Liga 1 de Fútbol Profesional,M,PER,2024,1st,Torneo Clausura,5,Mon,2024-08-05,18:00,Cusco,3.0,Sport Boys,1.0,,Estadio Inca Garcilaso de la Vega,,,https://fbref.com/en/matches/d70f3569/Cusco-Sport-Boys-August-5-2024-Liga-1
Liga 1 de Fútbol Profesional,M,PER,2024,1st,Torneo Clausura,6,Fri,2024-08-09,15:00,UTC,3.0,Unión Comercio,1.0,,Estadio Municipal Germán Contreras Jara,,,https://fbref.com/en/matches/bdece715/Universidad-Tecnica-de-Cajamarca-Union-Comercio-August-9-2024-Liga-1
Liga 1 de Fútbol Profesional,M,PER,2024,1st,Torneo Clausura,6,Sat,2024-08-10,15:00,Deportivo Garcilaso,0.0,Alianza Atlético,1.0,,Estadio Inca Garcilaso de la Vega,,,https://fbref.com/en/matches/300cae98/Deportivo-Garcilaso-Alianza-Atletico-August-10-2024-Liga-1
Liga 1 de Fútbol Profesional,M,PER,2024,1st,Torneo Clausura,6,Sat,2024-08-10,15:00,Sport Boys,2.0,CDC Santa Rosa,1.0,,Estadio Miguel Grau,,,https://fbref.com/en/matches/64d2b14f/Sport-Boys-CDC-Santa-Rosa-August-10-2024-Liga-1
Liga 1 de Fútbol Profesional,M,PER,2024,1st,Torneo Clausura,6,Sat,2024-08-10,20:15,Alianza Lima,0.0,Asociación Deportiva Tarma,0.0,,Estadio Alejandro Villanueva,,,https://fbref.com/en/matches/162726df/Alianza-Lima-Asociacion-Deportiva-Tarma-August-10-2024-Liga-1
Liga 1 de Fútbol Profesional,M,PER,2024,1st,Torneo Clausura,6,Sun,2024-08-11,13:00,Atlético Grau,1.0,Sporting Cristal,1.0,,Estadio Campeones del 36,,,https://fbref.com/en/matches/1f051fcf/Atletico-Grau-Sporting-Cristal-August-11-2024-Liga-1
Liga 1 de Fútbol Profesional,M,PER,2024,1st,Torneo Clausura,6,Sun,2024-08-11,15:00,Mannucci,1.0,Cienciano,2.0,,Estadio Mansiche,,,https://fbref.com/en/matches/b218a26f/Carlos-A-Mannucci-Cienciano-August-11-2024-Liga-1
Liga 1 de Fútbol Profesional,M,PER,2024,1st,Torneo Clausura,6,Sun,2024-08-11,15:15,Sport Huancayo,1.0,Universitario,1.0,,Estadio Huancayo,,,https://fbref.com/en/matches/697fbb60/Sport-Huancayo-Universitario-August-11-2024-Liga-1
Liga 1 de Fútbol Profesional,M,PER,2024,1st,Torneo Clausura,6,Sun,2024-08-11,18:00,Cusco,2.0,U César Vallejo,1.0,,Estadio Inca Garcilaso de la Vega,,,https://fbref.com/en/matches/a6fbe418/Cusco-Universidad-Cesar-Vallejo-August-11-2024-Liga-1
Liga 1 de Fútbol Profesional,M,PER,2024,1st,Torneo Clausura,7,Thu,2024-08-15,13:00,Alianza Atlético,1.0,Cusco,1.0,,Estadio Campeones del 36,,,https://fbref.com/en/matches/222fc723/Alianza-Atletico-Cusco-August-15-2024-Liga-1
Liga 1 de Fútbol Profesional,M,PER,2024,1st,Torneo Clausura,7,Thu,2024-08-15,15:15,Comerciantes Unidos,1.0,UTC,1.0,,Estadio Municipal Germán Contreras Jara,,,https://fbref.com/en/matches/401be297/Comerciantes-Unidos-Universidad-Tecnica-de-Cajamarca-August-15-2024-Liga-1
Liga 1 de Fútbol Profesional,M,PER,2024,1st,Torneo Clausura,7,Fri,2024-08-16,13:00,Asociación Deportiva Tarma,1.0,Melgar,1.0,,Estadio Municipal Unión de Tarma,,,https://fbref.com/en/matches/71d3c603/Asociacion-Deportiva-Tarma-Melgar-August-16-2024-Liga-1
Liga 1 de Fútbol Profesional,M,PER,2024,1st,Torneo Clausura,7,Fri,2024-08-16,15:15,U César Vallejo,2.0,Sport Boys,2.0,,Estadio Mansiche,,,https://fbref.com/en/matches/4b864498/Universidad-Cesar-Vallejo-Sport-Boys-August-16-2024-Liga-1
Liga 1 de Fútbol Profesional,M,PER,2024,1st,Torneo Clausura,7,Fri,2024-08-16,20:30,Universitario,3.0,Deportivo Garcilaso,1.0,,Estadio Monumental U Marathon,,,https://fbref.com/en/matches/45736469/Universitario-Deportivo-Garcilaso-August-16-2024-Liga-1
Liga 1 de Fútbol Profesional,M,PER,2024,1st,Torneo Clausura,7,Sat,2024-08-17,13:00,Unión Comercio,0.0,Sport Huancayo,1.0,,Estadio Municipal Carlos Vidaurre García,,,https://fbref.com/en/matches/c3f9cba4/Union-Comercio-Sport-Huancayo-August-17-2024-Liga-1
Liga 1 de Fútbol Profesional,M,PER,2024,1st,Torneo Clausura,7,Sat,2024-08-17,15:15,Cienciano,1.0,Atlético Grau,0.0,,Estadio Inca Garcilaso de la Vega,,,https://fbref.com/en/matches/7b6f8c3e/Cienciano-Atletico-Grau-August-17-2024-Liga-1
Liga 1 de Fútbol Profesional,M,PER,2024,1st,Torneo Clausura,7,Sat,2024-08-17,20:00,Sporting Cristal,0.0,Alianza Lima,0.0,,Estadio Nacional,,,https://fbref.com/en/matches/62463d13/Sporting-Cristal-Alianza-Lima-August-17-2024-Liga-1
Liga 1 de Fútbol Profesional,M,PER,2024,1st,Torneo Clausura,7,Sun,2024-08-18,15:00,CDC Santa Rosa,1.0,Mannucci,1.0,,Estadio Los Chankas,,,https://fbref.com/en/matches/d09a4e4b/CDC-Santa-Rosa-Carlos-A-Mannucci-August-18-2024-Liga-1
Liga 1 de Fútbol Profesional,M,PER,2024,1st,Torneo Clausura,8,Mon,2024-08-19,15:30,U César Vallejo,0.0,Alianza Atlético,0.0,,Estadio Mansiche,,,https://fbref.com/en/matches/dae44407/Universidad-Cesar-Vallejo-Alianza-Atletico-August-19-2024-Liga-1
Liga 1 de Fútbol Profesional,M,PER,2024,1st,Torneo Clausura,8,Tue,2024-08-20,13:00,UTC,1.0,Asociación Deportiva Tarma,1.0,,Estadio Municipal Germán Contreras Jara,,,https://fbref.com/en/matches/bc31b0f8/Universidad-Tecnica-de-Cajamarca-Asociacion-Deportiva-Tarma-August-20-2024-Liga-1
Liga 1 de Fútbol Profesional,M,PER,2024,1st,Torneo Clausura,8,Tue,2024-08-20,15:15,Sport Huancayo,2.0,Comerciantes Unidos,2.0,,Estadio Huancayo,,,https://fbref.com/en/matches/e9531489/Sport-Huancayo-Comerciantes-Unidos-August-20-2024-Liga-1
Liga 1 de Fútbol Profesional,M,PER,2024,1st,Torneo Clausura,8,Tue,2024-08-20,17:30,Cusco,1.0,Universitario,1.0,,Estadio Inca Garcilaso de la Vega,,,https://fbref.com/en/matches/4a7aaf7f/Cusco-Universitario-August-20-2024-Liga-1
Liga 1 de Fútbol Profesional,M,PER,2024,1st,Torneo Clausura,8,Tue,2024-08-20,20:30,Alianza Lima,3.0,Cienciano,0.0,,Estadio Alejandro Villanueva,,,https://fbref.com/en/matches/5d79090e/Alianza-Lima-Cienciano-August-20-2024-Liga-1
Liga 1 de Fútbol Profesional,M,PER,2024,1st,Torneo Clausura,8,Wed,2024-08-21,13:00,Atlético Grau,1.0,CDC Santa Rosa,1.0,,Estadio Campeones del 36,,,https://fbref.com/en/matches/2cad4801/Atletico-Grau-CDC-Santa-Rosa-August-21-2024-Liga-1
Liga 1 de Fútbol Profesional,M,PER,2024,1st,Torneo Clausura,8,Wed,2024-08-21,13:00,Sport Boys,2.0,Mannucci,6.0,,Estadio Miguel Grau del Callao,,,https://fbref.com/en/matches/a1e99946/Sport-Boys-Carlos-A-Mannucci-August-21-2024-Liga-1
Liga 1 de Fútbol Profesional,M,PER,2024,1st,Torneo Clausura,8,Wed,2024-08-21,15:15,Deportivo Garcilaso,3.0,Unión Comercio,1.0,,Estadio Inca Garcilaso de la Vega,,,https://fbref.com/en/matches/aadb1901/Deportivo-Garcilaso-Union-Comercio-August-21-2024-Liga-1
Liga 1 de Fútbol Profesional,M,PER,2024,1st,Torneo Clausura,8,Wed,2024-08-21,19:30,Melgar,2.0,Sporting Cristal,0.0,,Estadio de la Universidad Nacional San A...,,,https://fbref.com/en/matches/576ee20a/Melgar-Sporting-Cristal-August-21-2024-Liga-1
Liga 1 de Fútbol Profesional,M,PER,2024,1st,Torneo Clausura,9,Sat,2024-08-24,12:50,Alianza Atlético,2.0,Sport Boys,0.0,,Estadio Campeones del 36,,,https://fbref.com/en/matches/cba45639/Alianza-Atletico-Sport-Boys-August-24-2024-Liga-1
Liga 1 de Fútbol Profesional,M,PER,2024,1st,Torneo Clausura,9,Sat,2024-08-24,15:20,CDC Santa Rosa,0.0,Alianza Lima,1.0,,Estadio Los Chankas,,,https://fbref.com/en/matches/d9bb6975/CDC-Santa-Rosa-Alianza-Lima-August-24-2024-Liga-1
Liga 1 de Fútbol Profesional,M,PER,2024,1st,Torneo Clausura,9,Sat,2024-08-24,20:30,Universitario,1.0,U César Vallejo,0.0,,Estadio Monumental U Marathon,,,https://fbref.com/en/matches/5c0272c7/Universitario-Universidad-Cesar-Vallejo-August-24-2024-Liga-1
Liga 1 de Fútbol Profesional,M,PER,2024,1st,Torneo Clausura,9,Sun,2024-08-25,11:00,Sporting Cristal,4.0,UTC,0.0,,Estadio Alberto Gallardo,,,https://fbref.com/en/matches/94b86228/Sporting-Cristal-Universidad-Tecnica-de-Cajamarca-August-25-2024-Liga-1
Liga 1 de Fútbol Profesional,M,PER,2024,1st,Torneo Clausura,9,Sun,2024-08-25,13:15,Asociación Deportiva Tarma,2.0,Sport Huancayo,1.0,,Estadio Municipal Unión de Tarma,,,https://fbref.com/en/matches/8ccfe258/Asociacion-Deportiva-Tarma-Sport-Huancayo-August-25-2024-Liga-1
Liga 1 de Fútbol Profesional,M,PER,2024,1st,Torneo Clausura,9,Sun,2024-08-25,15:30,Comerciantes Unidos,2.0,Deportivo Garcilaso,1.0,,Estadio Municipal Germán Contreras Jara,,,https://fbref.com/en/matches/d5b51bd0/Comerciantes-Unidos-Deportivo-Garcilaso-August-25-2024-Liga-1
Liga 1 de Fútbol Profesional,M,PER,2024,1st,Torneo Clausura,9,Sun,2024-08-25,20:00,Cienciano,3.0,Melgar,1.0,,Estadio Inca Garcilaso de la Vega,,,https://fbref.com/en/matches/d33c4266/Cienciano-Melgar-August-25-2024-Liga-1
Liga 1 de Fútbol Profesional,M,PER,2024,1st,Torneo Clausura,9,Mon,2024-08-26,13:00,Unión Comercio,3.0,Cusco,3.0,,Estadio Municipal Carlos Vidaurre García,,,https://fbref.com/en/matches/5d45007c/Union-Comercio-Cusco-August-26-2024-Liga-1
Liga 1 de Fútbol Profesional,M,PER,2024,1st,Torneo Clausura,9,Mon,2024-08-26,20:00,Mannucci,1.0,Atlético Grau,1.0,,Estadio Mansiche,,,https://fbref.com/en/matches/ef4e57a5/Carlos-A-Mannucci-Atletico-Grau-August-26-2024-Liga-1
Liga 1 de Fútbol Profesional,M,PER,2024,1st,Torneo Clausura,3,Sun,2024-09-01,13:00,Unión Comercio,1.0,Atlético Grau,2.0,,Estadio Municipal Carlos Vidaurre García,Joel Alarcón,,https://fbref.com/en/matches/c7629bfb/Union-Comercio-Atletico-Grau-September-1-2024-Liga-1
Liga 1 de Fútbol Profesional,M,PER,2024,1st,Torneo Clausura,6,Sat,2024-09-07,15:15,Melgar,3.0,Comerciantes Unidos,0.0,,Estadio de la Universidad Nacional San A...,Julio Quiróz,,https://fbref.com/en/matches/b02ff19d/Melgar-Comerciantes-Unidos-September-7-2024-Liga-1
Liga 1 de Fútbol Profesional,M,PER,2024,1st,Torneo Clausura,10,Fri,2024-09-13,13:00,UTC,1.0,Cienciano,2.0,,Estadio Municipal Germán Contreras Jara,Augusto Méndez,,https://fbref.com/en/matches/87716f64/Universidad-Tecnica-de-Cajamarca-Cienciano-September-13-2024-Liga-1
Liga 1 de Fútbol Profesional,M,PER,2024,1st,Torneo Clausura,10,Fri,2024-09-13,15:15,Deportivo Garcilaso,1.0,Asociación Deportiva Tarma,0.0,,Estadio Inca Garcilaso de la Vega,Alejandro Villanueva,,https://fbref.com/en/matches/eed9205e/Deportivo-Garcilaso-Asociacion-Deportiva-Tarma-September-13-2024-Liga-1
Liga 1 de Fútbol Profesional,M,PER,2024,1st,Torneo Clausura,10,Fri,2024-09-13,18:00,U César Vallejo,1.0,Unión Comercio,0.0,,Estadio Mansiche,Diego Haro,,https://fbref.com/en/matches/c5a87af6/Universidad-Cesar-Vallejo-Union-Comercio-September-13-2024-Liga-1
Liga 1 de Fútbol Profesional,M,PER,2024,1st,Torneo Clausura,10,Sat,2024-09-14,13:00,Cusco,2.0,Comerciantes Unidos,1.0,,Estadio Inca Garcilaso de la Vega,Daniel Ureta,,https://fbref.com/en/matches/b49e563e/Cusco-Comerciantes-Unidos-September-14-2024-Liga-1
Liga 1 de Fútbol Profesional,M,PER,2024,1st,Torneo Clausura,10,Sat,2024-09-14,15:00,Sport Boys,0.0,Atlético Grau,0.0,,Estadio Miguel Grau del Callao,Jesús Cartagena,,https://fbref.com/en/matches/e37723bf/Sport-Boys-Atletico-Grau-September-14-2024-Liga-1
Liga 1 de Fútbol Profesional,M,PER,2024,1st,Torneo Clausura,10,Sat,2024-09-14,15:15,Sport Huancayo,1.0,Sporting Cristal,2.0,,Estadio Huancayo,Kevin Ortega,,https://fbref.com/en/matches/826e4cfc/Sport-Huancayo-Sporting-Cristal-September-14-2024-Liga-1
Liga 1 de Fútbol Profesional,M,PER,2024,1st,Torneo Clausura,10,Sat,2024-09-14,19:00,Alianza Lima,1.0,Mannucci,0.0,,Estadio Alejandro Villanueva,Michael Espinoza,,https://fbref.com/en/matches/178c82bf/Alianza-Lima-Carlos-A-Mannucci-September-14-2024-Liga-1
Liga 1 de Fútbol Profesional,M,PER,2024,1st,Torneo Clausura,10,Sun,2024-09-15,13:00,Alianza Atlético,0.0,Universitario,3.0,,Estadio Campeones del 36,Edwin Ordóñez,,https://fbref.com/en/matches/0ddca5e5/Alianza-Atletico-Universitario-September-15-2024-Liga-1
Liga 1 de Fútbol Profesional,M,PER,2024,1st,Torneo Clausura,10,Sun,2024-09-15,15:15,Melgar,2.0,CDC Santa Rosa,0.0,,Estadio de la Universidad Nacional San A...,Joel Alarcón,,https://fbref.com/en/matches/72e3d367/Melgar-CDC-Santa-Rosa-September-15-2024-Liga-1
Liga 1 de Fútbol Profesional,M,PER,2024,1st,Torneo Clausura,11,Tue,2024-09-17,13:00,Sporting Cristal,1.0,Deportivo Garcilaso,0.0,,Estadio Alberto Gallardo,Edwin Ordóñez,,https://fbref.com/en/matches/42f783af/Sporting-Cristal-Deportivo-Garcilaso-September-17-2024-Liga-1
Liga 1 de Fútbol Profesional,M,PER,2024,1st,Torneo Clausura,11,Tue,2024-09-17,15:15,Asociación Deportiva Tarma,1.0,Cusco,2.0,,Estadio Municipal Unión de Tarma,Hibert Villegas,,https://fbref.com/en/matches/dcfb880e/Asociacion-Deportiva-Tarma-Cusco-September-17-2024-Liga-1
Liga 1 de Fútbol Profesional,M,PER,2024,1st,Torneo Clausura,11,Wed,2024-09-18,13:00,Atlético Grau,1.0,Alianza Lima,0.0,,Estadio Campeones del 36,Joel Alarcón,,https://fbref.com/en/matches/b4988537/Atletico-Grau-Alianza-Lima-September-18-2024-Liga-1
Liga 1 de Fútbol Profesional,M,PER,2024,1st,Torneo Clausura,11,Wed,2024-09-18,15:30,Comerciantes Unidos,2.0,U César Vallejo,0.0,,Estadio Juan Maldonado Gamarra,Fernando Legario,,https://fbref.com/en/matches/61847b47/Comerciantes-Unidos-Universidad-Cesar-Vallejo-September-18-2024-Liga-1
Liga 1 de Fútbol Profesional,M,PER,2024,1st,Torneo Clausura,11,Wed,2024-09-18,18:30,Cienciano,3.0,Sport Huancayo,1.0,,Estadio Inca Garcilaso de la Vega,Jesús Cartagena,,https://fbref.com/en/matches/cec79546/Cienciano-Sport-Huancayo-September-18-2024-Liga-1
Liga 1 de Fútbol Profesional,M,PER,2024,1st,Torneo Clausura,11,Wed,2024-09-18,20:30,Universitario,3.0,Sport Boys,0.0,,Estadio Monumental U Marathon,Roberto Pérez,,https://fbref.com/en/matches/d42d53bb/Universitario-Sport-Boys-September-18-2024-Liga-1
Liga 1 de Fútbol Profesional,M,PER,2024,1st,Torneo Clausura,11,Thu,2024-09-19,13:00,Unión Comercio,1.0,Alianza Atlético,2.0,,Estadio Municipal Carlos Vidaurre García,Alejandro Villanueva,,https://fbref.com/en/matches/33692b0b/Union-Comercio-Alianza-Atletico-September-19-2024-Liga-1
Liga 1 de Fútbol Profesional,M,PER,2024,1st,Torneo Clausura,11,Thu,2024-09-19,15:15,CDC Santa Rosa,1.0,UTC,1.0,,Estadio Los Chankas,Micke Palomino,,https://fbref.com/en/matches/fabbc8ff/CDC-Santa-Rosa-Universidad-Tecnica-de-Cajamarca-September-19-2024-Liga-1
Liga 1 de Fútbol Profesional,M,PER,2024,1st,Torneo Clausura,11,Thu,2024-09-19,20:00,Mannucci,1.0,Melgar,1.0,,Estadio Mansiche,Augusto Menéndez,,https://fbref.com/en/matches/2e012c1c/Carlos-A-Mannucci-Melgar-September-19-2024-Liga-1
Liga 1 de Fútbol Profesional,M,PER,2024,1st,Torneo Clausura,12,Sat,2024-09-21,18:30,Deportivo Garcilaso,1.0,Cienciano,0.0,,Estadio Inca Garcilaso de la Vega,Daniel Ureta,,https://fbref.com/en/matches/5a649733/Deportivo-Garcilaso-Cienciano-September-21-2024-Liga-1
Liga 1 de Fútbol Profesional,M,PER,2024,1st,Torneo Clausura,12,Sat,2024-09-21,20:30,Sport Boys,0.0,Alianza Lima,3.0,,Estadio Inca Garcilaso de la Vega,Diego Haro,,https://fbref.com/en/matches/cfe7f2ae/Sport-Boys-Alianza-Lima-September-21-2024-Liga-1
Liga 1 de Fútbol Profesional,M,PER,2024,1st,Torneo Clausura,12,Sun,2024-09-22,15:00,Cusco,1.0,Sporting Cristal,1.0,,Estadio Miguel Grau del Callao,Augusto Menéndez,,https://fbref.com/en/matches/3410403d/Cusco-Sporting-Cristal-September-22-2024-Liga-1
Liga 1 de Fútbol Profesional,M,PER,2024,1st,Torneo Clausura,12,Sun,2024-09-22,17:30,Universitario,1.0,Unión Comercio,0.0,,Estadio Monumental U Marathon,Fernando Legario,,https://fbref.com/en/matches/08a60e2c/Universitario-Union-Comercio-September-22-2024-Liga-1
Liga 1 de Fútbol Profesional,M,PER,2024,1st,Torneo Clausura,12,Sun,2024-09-22,20:00,U César Vallejo,0.0,Asociación Deportiva Tarma,0.0,,Estadio Mansiche,Roberto Pérez,,https://fbref.com/en/matches/bf91f732/Universidad-Cesar-Vallejo-Asociacion-Deportiva-Tarma-September-22-2024-Liga-1
Liga 1 de Fútbol Profesional,M,PER,2024,1st,Torneo Clausura,12,Mon,2024-09-23,13:00,Alianza Atlético,1.0,Comerciantes Unidos,0.0,,Estadio Campeones del 36,Andy Carmen,,https://fbref.com/en/matches/29388b4b/Alianza-Atletico-Comerciantes-Unidos-September-23-2024-Liga-1
Liga 1 de Fútbol Profesional,M,PER,2024,1st,Torneo Clausura,12,Mon,2024-09-23,17:30,Sport Huancayo,3.0,CDC Santa Rosa,1.0,,Estadio Huancayo,Edwin Ordóñez,,https://fbref.com/en/matches/7bb8d37b/Sport-Huancayo-CDC-Santa-Rosa-September-23-2024-Liga-1
Liga 1 de Fútbol Profesional,M,PER,2024,1st,Torneo Clausura,12,Mon,2024-09-23,20:00,Melgar,0.0,Atlético Grau,0.0,,Estadio de la Universidad Nacional San A...,Michael Espinoza,,https://fbref.com/en/matches/a132eb7d/Melgar-Atletico-Grau-September-23-2024-Liga-1
Liga 1 de Fútbol Profesional,M,PER,2024,1st,Torneo Clausura,12,Tue,2024-09-24,15:00,UTC,2.0,Mannucci,0.0,,Estadio Municipal Germán Contreras Jara,Kevin Ortega,,https://fbref.com/en/matches/7b0f21d9/Universidad-Tecnica-de-Cajamarca-Carlos-A-Mannucci-September-24-2024-Liga-1
Liga 1 de Fútbol Profesional,M,PER,2024,1st,Torneo Clausura,13,Fri,2024-09-27,13:00,Unión Comercio,0.0,Sport Boys,2.0,,Estadio Municipal Carlos Vidaurre García,Victor Cori,,https://fbref.com/en/matches/46410a34/Union-Comercio-Sport-Boys-September-27-2024-Liga-1
Liga 1 de Fútbol Profesional,M,PER,2024,1st,Torneo Clausura,13,Sat,2024-09-28,15:00,Asociación Deportiva Tarma,0.0,Alianza Atlético,1.0,,Estadio Municipal Unión de Tarma,Daniel Ureta,,https://fbref.com/en/matches/2cc9a426/Asociacion-Deportiva-Tarma-Alianza-Atletico-September-28-2024-Liga-1
Liga 1 de Fútbol Profesional,M,PER,2024,1st,Torneo Clausura,13,Sat,2024-09-28,17:30,Cienciano,1.0,Cusco,2.0,,Estadio Inca Garcilaso de la Vega,Michael Espinoza,,https://fbref.com/en/matches/268db4dd/Cienciano-Cusco-September-28-2024-Liga-1
Liga 1 de Fútbol Profesional,M,PER,2024,1st,Torneo Clausura,13,Sat,2024-09-28,20:30,Alianza Lima,1.0,Melgar,1.0,,Estadio Alejandro Villanueva,Roberto Pérez,,https://fbref.com/en/matches/8f1247ea/Alianza-Lima-Melgar-September-28-2024-Liga-1
Liga 1 de Fútbol Profesional,M,PER,2024,1st,Torneo Clausura,13,Sun,2024-09-29,11:00,Sporting Cristal,4.0,U César Vallejo,1.0,,Estadio Alberto Gallardo,Jordy Espinoza,,https://fbref.com/en/matches/e70adce0/Sporting-Cristal-Universidad-Cesar-Vallejo-September-29-2024-Liga-1
Liga 1 de Fútbol Profesional,M,PER,2024,1st,Torneo Clausura,13,Sun,2024-09-29,13:15,CDC Santa Rosa,1.0,Deportivo Garcilaso,0.0,,Estadio Los Chankas,Joel Alarcón,,https://fbref.com/en/matches/b6efa1fc/CDC-Santa-Rosa-Deportivo-Garcilaso-September-29-2024-Liga-1
Liga 1 de Fútbol Profesional,M,PER,2024,1st,Torneo Clausura,13,Sun,2024-09-29,15:00,Mannucci,1.0,Sport Huancayo,2.0,,Estadio Mansiche,Micke Palomino,,https://fbref.com/en/matches/a3792ac7/Carlos-A-Mannucci-Sport-Huancayo-September-29-2024-Liga-1
Liga 1 de Fútbol Profesional,M,PER,2024,1st,Torneo Clausura,13,Sun,2024-09-29,15:30,Comerciantes Unidos,0.0,Universitario,2.0,,Estadio Juan Maldonado Gamarra,Kevin Ortega,,https://fbref.com/en/matches/586f8c69/Comerciantes-Unidos-Universitario-September-29-2024-Liga-1
Liga 1 de Fútbol Profesional,M,PER,2024,1st,Torneo Clausura,13,Mon,2024-09-30,13:00,Atlético Grau,4.0,UTC,0.0,,Estadio Municipal Bernales,Alejandro Villanueva,,https://fbref.com/en/matches/21c2ab8e/Atletico-Grau-Universidad-Tecnica-de-Cajamarca-September-30-2024-Liga-1
Liga 1 de Fútbol Profesional,M,PER,2024,1st,Torneo Clausura,14,Thu,2024-10-17,13:00,Unión Comercio,3.0,Comerciantes Unidos,2.0,,Estadio Municipal Carlos Vidaurre García,Fernando Legario,,https://fbref.com/en/matches/bba727b6/Union-Comercio-Comerciantes-Unidos-October-17-2024-Liga-1
Liga 1 de Fútbol Profesional,M,PER,2024,1st,Torneo Clausura,14,Thu,2024-10-17,15:15,Cusco,2.0,CDC Santa Rosa,1.0,,Estadio Inca Garcilaso de la Vega,Roberto Pérez,,https://fbref.com/en/matches/2f318fee/Cusco-CDC-Santa-Rosa-October-17-2024-Liga-1
Liga 1 de Fútbol Profesional,M,PER,2024,1st,Torneo Clausura,14,Thu,2024-10-17,18:00,Sport Huancayo,1.0,Atlético Grau,3.0,,Estadio Huancayo,Jesús Cartagena,,https://fbref.com/en/matches/f2494e70/Sport-Huancayo-Atletico-Grau-October-17-2024-Liga-1
Liga 1 de Fútbol Profesional,M,PER,2024,1st,Torneo Clausura,14,Fri,2024-10-18,13:00,Sport Boys,0.0,Melgar,2.0,,Estadio Miguel Grau del Callao,Micke Palomino,,https://fbref.com/en/matches/290ef08c/Sport-Boys-Melgar-October-18-2024-Liga-1
Liga 1 de Fútbol Profesional,M,PER,2024,1st,Torneo Clausura,14,Fri,2024-10-18,15:00,UTC,0.0,Alianza Lima,1.0,,Estadio Municipal Germán Contreras Jara,Michael Espinoza,,https://fbref.com/en/matches/ccc7304a/Universidad-Tecnica-de-Cajamarca-Alianza-Lima-October-18-2024-Liga-1
Liga 1 de Fútbol Profesional,M,PER,2024,1st,Torneo Clausura,14,Fri,2024-10-18,17:30,U César Vallejo,2.0,Cienciano,2.0,,Estadio Mansiche,Diego Haro,,https://fbref.com/en/matches/e97c18b0/Universidad-Cesar-Vallejo-Cienciano-October-18-2024-Liga-1
Liga 1 de Fútbol Profesional,M,PER,2024,1st,Torneo Clausura,14,Fri,2024-10-18,20:00,Deportivo Garcilaso,1.0,Mannucci,0.0,,Estadio Inca Garcilaso de la Vega,Victor Cori,,https://fbref.com/en/matches/ca440db9/Deportivo-Garcilaso-Carlos-A-Mannucci-October-18-2024-Liga-1
Liga 1 de Fútbol Profesional,M,PER,2024,1st,Torneo Clausura,14,Sat,2024-10-19,12:45,Alianza Atlético,1.0,Sporting Cristal,0.0,,Estadio Campeones del 36,Joel Alarcón,,https://fbref.com/en/matches/a641ffb7/Alianza-Atletico-Sporting-Cristal-October-19-2024-Liga-1
Liga 1 de Fútbol Profesional,M,PER,2024,1st,Torneo Clausura,14,Sat,2024-10-19,19:30,Universitario,2.0,Asociación Deportiva Tarma,1.0,,Estadio Monumental U Marathon,Augusto Menéndez,,https://fbref.com/en/matches/80977441/Universitario-Asociacion-Deportiva-Tarma-October-19-2024-Liga-1
Liga 1 de Fútbol Profesional,M,PER,2024,1st,Torneo Clausura,15,Tue,2024-10-22,13:00,Atlético Grau,2.0,Deportivo Garcilaso,2.0,,Estadio Campeones del 36,Augusto Menéndez,,https://fbref.com/en/matches/577cbd44/Atletico-Grau-Deportivo-Garcilaso-October-22-2024-Liga-1
Liga 1 de Fútbol Profesional,M,PER,2024,1st,Torneo Clausura,15,Tue,2024-10-22,15:15,CDC Santa Rosa,2.0,U César Vallejo,1.0,,Estadio Los Chankas,Jesús Cartagena,,https://fbref.com/en/matches/168db0c0/CDC-Santa-Rosa-Universidad-Cesar-Vallejo-October-22-2024-Liga-1
Liga 1 de Fútbol Profesional,M,PER,2024,1st,Torneo Clausura,15,Tue,2024-10-22,18:00,Melgar,1.0,UTC,0.0,,Estadio de la Universidad Nacional San A...,Fernando Legario,,https://fbref.com/en/matches/e6490fca/Melgar-Universidad-Tecnica-de-Cajamarca-October-22-2024-Liga-1
Liga 1 de Fútbol Profesional,M,PER,2024,1st,Torneo Clausura,15,Tue,2024-10-22,20:15,Alianza Lima,2.0,Sport Huancayo,1.0,,Estadio Alejandro Villanueva,Daniel Ureta,,https://fbref.com/en/matches/7ee6db98/Alianza-Lima-Sport-Huancayo-October-22-2024-Liga-1
Liga 1 de Fútbol Profesional,M,PER,2024,1st,Torneo Clausura,15,Wed,2024-10-23,15:15,Asociación Deportiva Tarma,2.0,Unión Comercio,0.0,,Estadio Municipal Unión de Tarma,Diego Haro,,https://fbref.com/en/matches/5a8b4b12/Asociacion-Deportiva-Tarma-Union-Comercio-October-23-2024-Liga-1
Liga 1 de Fútbol Profesional,M,PER,2024,1st,Torneo Clausura,15,Wed,2024-10-23,17:30,Cienciano,3.0,Alianza Atlético,0.0,,Estadio Inca Garcilaso de la Vega,Micke Palomino,,https://fbref.com/en/matches/67c80397/Cienciano-Alianza-Atletico-October-23-2024-Liga-1
Liga 1 de Fútbol Profesional,M,PER,2024,1st,Torneo Clausura,15,Wed,2024-10-23,20:00,Mannucci,4.0,Cusco,1.0,,Estadio Mansiche,Joel Alarcón,,https://fbref.com/en/matches/eb723861/Carlos-A-Mannucci-Cusco-October-23-2024-Liga-1
Liga 1 de Fútbol Profesional,M,PER,2024,1st,Torneo Clausura,15,Wed,2024-10-23,20:30,Sporting Cristal,2.0,Universitario,1.0,,Estadio Nacional,Roberto Pérez,,https://fbref.com/en/matches/1b6fde66/Sporting-Cristal-Universitario-October-23-2024-Liga-1
Liga 1 de Fútbol Profesional,M,PER,2024,1st,Torneo Clausura,15,Thu,2024-10-24,15:00,Comerciantes Unidos,0.0,Sport Boys,0.0,,Estadio Juan Maldonado Gamarra,Julio Quiróz,,https://fbref.com/en/matches/38de5b66/Comerciantes-Unidos-Sport-Boys-October-24-2024-Liga-1
Liga 1 de Fútbol Profesional,M,PER,2024,1st,Torneo Clausura,16,Sat,2024-10-26,18:00,Deportivo Garcilaso,1.0,Alianza Lima,2.0,,Estadio Inca Garcilaso de la Vega,Micke Palomino,,https://fbref.com/en/matches/0be1718a/Deportivo-Garcilaso-Alianza-Lima-October-26-2024-Liga-1
Liga 1 de Fútbol Profesional,M,PER,2024,1st,Torneo Clausura,16,Sat,2024-10-26,20:30,U César Vallejo,0.0,Mannucci,2.0,,Estadio Mansiche,Michael Espinoza,,https://fbref.com/en/matches/e72c6f75/Universidad-Cesar-Vallejo-Carlos-A-Mannucci-October-26-2024-Liga-1
Liga 1 de Fútbol Profesional,M,PER,2024,1st,Torneo Clausura,16,Sun,2024-10-27,13:00,Sport Boys,1.0,UTC,1.0,,Estadio Miguel Grau del Callao,Joel Alarcón,,https://fbref.com/en/matches/72d54da1/Sport-Boys-Universidad-Tecnica-de-Cajamarca-October-27-2024-Liga-1
Liga 1 de Fútbol Profesional,M,PER,2024,1st,Torneo Clausura,16,Sun,2024-10-27,13:00,Unión Comercio,0.0,Sporting Cristal,12.0,,Estadio Municipal Carlos Vidaurre García,Jesús Cartagena,,https://fbref.com/en/matches/be843310/Union-Comercio-Sporting-Cristal-October-27-2024-Liga-1
Liga 1 de Fútbol Profesional,M,PER,2024,1st,Torneo Clausura,16,Sun,2024-10-27,15:15,Sport Huancayo,2.0,Melgar,4.0,,Estadio Huancayo,Victor Cori,,https://fbref.com/en/matches/41352c13/Sport-Huancayo-Melgar-October-27-2024-Liga-1
Liga 1 de Fútbol Profesional,M,PER,2024,1st,Torneo Clausura,16,Sun,2024-10-27,18:00,Universitario,3.0,Cienciano,1.0,,Estadio Monumental U Marathon,Fernando Legario,,https://fbref.com/en/matches/fff58d15/Universitario-Cienciano-October-27-2024-Liga-1
Liga 1 de Fútbol Profesional,M,PER,2024,1st,Torneo Clausura,16,Mon,2024-10-28,13:00,Alianza Atlético,1.0,CDC Santa Rosa,0.0,,Estadio Campeones del 36,Daniel Ureta,,https://fbref.com/en/matches/981089c3/Alianza-Atletico-CDC-Santa-Rosa-October-28-2024-Liga-1
Liga 1 de Fútbol Profesional,M,PER,2024,1st,Torneo Clausura,16,Mon,2024-10-28,15:30,Comerciantes Unidos,0.0,Asociación Deportiva Tarma,0.0,,Estadio Municipal Germán Contreras Jara,Roberto Pérez,,https://fbref.com/en/matches/2eafe6bf/Comerciantes-Unidos-Asociacion-Deportiva-Tarma-October-28-2024-Liga-1
Liga 1 de Fútbol Profesional,M,PER,2024,1st,Torneo Clausura,16,Mon,2024-10-28,18:30,Cusco,0.0,Atlético Grau,1.0,,Estadio Inca Garcilaso de la Vega,Jordy Espinoza,,https://fbref.com/en/matches/7957137f/Cusco-Atletico-Grau-October-28-2024-Liga-1
Liga 1 de Fútbol Profesional,M,PER,2024,1st,Torneo Clausura,17,Thu,2024-10-31,17:30,Cienciano,7.0,Unión Comercio,0.0,,Estadio Inca Garcilaso de la Vega,Jordy Espinoza,,https://fbref.com/en/matches/54b9c2c1/Cienciano-Union-Comercio-October-31-2024-Liga-1
Liga 1 de Fútbol Profesional,M,PER,2024,1st,Torneo Clausura,17,Fri,2024-11-01,15:00,Asociación Deportiva Tarma,1.0,Sport Boys,0.0,,Estadio Municipal Unión de Tarma,Julio Quiróz,,https://fbref.com/en/matches/a39943af/Asociacion-Deportiva-Tarma-Sport-Boys-November-1-2024-Liga-1
Liga 1 de Fútbol Profesional,M,PER,2024,1st,Torneo Clausura,17,Sat,2024-11-02,15:15,Mannucci,2.0,Alianza Atlético,2.0,,Estadio Mansiche,Jesús Cartagena,,https://fbref.com/en/matches/904ca23c/Carlos-A-Mannucci-Alianza-Atletico-November-2-2024-Liga-1
Liga 1 de Fútbol Profesional,M,PER,2024,1st,Torneo Clausura,17,Sat,2024-11-02,15:15,UTC,1.0,Sport Huancayo,1.0,,Estadio Municipal Germán Contreras Jara,Diego Haro,,https://fbref.com/en/matches/b16caa34/Universidad-Tecnica-de-Cajamarca-Sport-Huancayo-November-2-2024-Liga-1
Liga 1 de Fútbol Profesional,M,PER,2024,1st,Torneo Clausura,17,Sat,2024-11-02,15:15,Atlético Grau,3.0,U César Vallejo,1.0,,Estadio Campeones del 36,Joel Alarcón,,https://fbref.com/en/matches/eac68fa8/Atletico-Grau-Universidad-Cesar-Vallejo-November-2-2024-Liga-1
Liga 1 de Fútbol Profesional,M,PER,2024,1st,Torneo Clausura,17,Sun,2024-11-03,11:00,Sporting Cristal,3.0,Comerciantes Unidos,0.0,,Estadio Alberto Gallardo,Victor Cori,,https://fbref.com/en/matches/1ddd806f/Sporting-Cristal-Comerciantes-Unidos-November-3-2024-Liga-1
Liga 1 de Fútbol Profesional,M,PER,2024,1st,Torneo Clausura,17,Sun,2024-11-03,15:00,Alianza Lima,1.0,Cusco,2.0,,Estadio Alejandro Villanueva,Fernando Legario,,https://fbref.com/en/matches/435c1f69/Alianza-Lima-Cusco-November-3-2024-Liga-1
Liga 1 de Fútbol Profesional,M,PER,2024,1st,Torneo Clausura,17,Sun,2024-11-03,15:00,CDC Santa Rosa,0.0,Universitario,0.0,,Estadio Los Chankas,Micke Palomino,,https://fbref.com/en/matches/a2cbf326/CDC-Santa-Rosa-Universitario-November-3-2024-Liga-1
Liga 1 de Fútbol Profesional,M,PER,2024,1st,Torneo Clausura,17,Sun,2024-11-03,15:00,Melgar,1.0,Deportivo Garcilaso,1.0,,Estadio de la Universidad Nacional San A...,Michael Espinoza,,https://fbref.com/en/matches/f8cc04e6/Melgar-Deportivo-Garcilaso-November-3-2024-Liga-1
Liga 1 de Fútbol Profesional,M,PER,2025,1st,Torneo Apertura,1,Fri,2025-02-07,15:00,Sport Huancayo,2.0,Alianza Atlético,1.0,,Estadio Huancayo,Augusto Menéndez,,https://fbref.com/en/matches/3e4ee9c3/Sport-Huancayo-Alianza-Atletico-February-7-2025-Liga-1
Liga 1 de Fútbol Profesional,M,PER,2025,1st,Torneo Apertura,1,Sat,2025-02-08,13:00,Melgar,3.0,UTC,0.0,,Estadio de la Universidad Nacional San A...,Julio Quiróz,,https://fbref.com/en/matches/94d8c154/Melgar-Universidad-Tecnica-de-Cajamarca-February-8-2025-Liga-1
Liga 1 de Fútbol Profesional,M,PER,2025,1st,Torneo Apertura,1,Sat,2025-02-08,15:15,Atlético Grau,1.0,Ayacucho,0.0,,Estadio Campeones del 36,Boris Santos,,https://fbref.com/en/matches/c516d912/Atletico-Grau-Ayacucho-February-8-2025-Liga-1
Liga 1 de Fútbol Profesional,M,PER,2025,1st,Torneo Apertura,1,Sat,2025-02-08,19:00,Alianza Lima,3.0,Cusco,0.0,,Estadio Alejandro Villanueva,Daniel Ureta,,https://fbref.com/en/matches/2f1b7e7c/Alianza-Lima-Cusco-February-8-2025-Liga-1
Liga 1 de Fútbol Profesional,M,PER,2025,1st,Torneo Apertura,1,Sun,2025-02-09,13:00,Alianza Univ,2.0,Sporting Cristal,2.0,,Estadio Heraclio Tapia León,Jordy Espinoza,,https://fbref.com/en/matches/e7cc555f/Alianza-Universidad-Sporting-Cristal-February-9-2025-Liga-1
Liga 1 de Fútbol Profesional,M,PER,2025,1st,Torneo Apertura,1,Sun,2025-02-09,15:00,Sport Boys,1.0,Juan Pablo II,0.0,,Estadio Miguel Grau del Callao,Roberto Pérez,,https://fbref.com/en/matches/9d25c1e9/Sport-Boys-Juan-Pablo-II-College-February-9-2025-Liga-1
Liga 1 de Fútbol Profesional,M,PER,2025,1st,Torneo Apertura,1,Sun,2025-02-09,15:30,Comerciantes Unidos,1.0,Universitario,1.0,,Estadio Municipal Germán Contreras Jara,Micke Palomino,,https://fbref.com/en/matches/61e6168a/Comerciantes-Unidos-Universitario-February-9-2025-Liga-1
Liga 1 de Fútbol Profesional,M,PER,2025,1st,Torneo Apertura,1,Sun,2025-02-09,18:00,Cienciano,2.0,ADT Tarma,2.0,,Estadio Inca Garcilaso de la Vega,Joel Alarcón,,https://fbref.com/en/matches/d7c1f88b/Cienciano-ADT-Tarma-February-9-2025-Liga-1
Liga 1 de Fútbol Profesional,M,PER,2025,1st,Torneo Apertura,1,Mon,2025-02-10,15:00,CDC Santa Rosa,2.0,Deportivo Garcilaso,2.0,,Estadio El Prado,Jesús Cartagena,,https://fbref.com/en/matches/78a892cf/CDC-Santa-Rosa-Deportivo-Garcilaso-February-10-2025-Liga-1
Liga 1 de Fútbol Profesional,M,PER,2025,1st,Torneo Apertura,2,Fri,2025-02-14,11:00,UTC,0.0,Binacional,4.0,,Estadio Municipal Germán Contreras Jara,Pablo López,,https://fbref.com/en/matches/c7924c35/Universidad-Tecnica-de-Cajamarca-Binacional-February-14-2025-Liga-1
Liga 1 de Fútbol Profesional,M,PER,2025,1st,Torneo Apertura,2,Fri,2025-02-14,17:30,Cusco,0.0,Melgar,1.0,,Estadio Inca Garcilaso de la Vega,Jordy Espinoza,,https://fbref.com/en/matches/81b46281/Cusco-Melgar-February-14-2025-Liga-1
Liga 1 de Fútbol Profesional,M,PER,2025,1st,Torneo Apertura,2,Sat,2025-02-15,13:00,ADT Tarma,4.0,Atlético Grau,3.0,,Estadio Municipal Unión de Tarma,Victor Cori,,https://fbref.com/en/matches/3e182edc/ADT-Tarma-Atletico-Grau-February-15-2025-Liga-1
Liga 1 de Fútbol Profesional,M,PER,2025,1st,Torneo Apertura,2,Sat,2025-02-15,15:30,Alianza Atlético,3.0,Alianza Lima,1.0,,Estadio Mansiche,Kevin Ortega,,https://fbref.com/en/matches/d2b85882/Alianza-Atletico-Alianza-Lima-February-15-2025-Liga-1
Liga 1 de Fútbol Profesional,M,PER,2025,1st,Torneo Apertura,2,Sat,2025-02-15,19:30,Universitario,3.0,Cienciano,2.0,,Estadio Monumental U Marathon,Roberto Pérez,,https://fbref.com/en/matches/3e4a3bce/Universitario-Cienciano-February-15-2025-Liga-1
Liga 1 de Fútbol Profesional,M,PER,2025,1st,Torneo Apertura,2,Sun,2025-02-16,11:00,Sporting Cristal,2.0,Sport Boys,1.0,,Estadio Alberto Gallardo,Daniel Ureta,,https://fbref.com/en/matches/60450029/Sporting-Cristal-Sport-Boys-February-16-2025-Liga-1
Liga 1 de Fútbol Profesional,M,PER,2025,1st,Torneo Apertura,2,Sun,2025-02-16,13:15,Juan Pablo II,0.0,Sport Huancayo,1.0,,Estadio Mansiche,Micke Palomino,,https://fbref.com/en/matches/db5fabf6/Juan-Pablo-II-College-Sport-Huancayo-February-16-2025-Liga-1
Liga 1 de Fútbol Profesional,M,PER,2025,1st,Torneo Apertura,2,Sun,2025-02-16,15:30,Deportivo Garcilaso,2.0,Comerciantes Unidos,1.0,,Estadio Inca Garcilaso de la Vega,César Garcia,,https://fbref.com/en/matches/8619f6ec/Deportivo-Garcilaso-Comerciantes-Unidos-February-16-2025-Liga-1
Liga 1 de Fútbol Profesional,M,PER,2025,1st,Torneo Apertura,2,Mon,2025-02-17,15:00,Ayacucho,3.0,Alianza Univ,2.0,,Estadio Manuel Eloy Molina Robles,Robin Segura Tuanama,,https://fbref.com/en/matches/57ac8e77/Ayacucho-Alianza-Universidad-February-17-2025-Liga-1
Liga 1 de Fútbol Profesional,M,PER,2025,1st,Torneo Apertura,3,Fri,2025-02-21,20:00,Alianza Lima,1.0,Juan Pablo II,0.0,,Estadio Alejandro Villanueva,Augusto Menéndez,,https://fbref.com/en/matches/8320aff4/Alianza-Lima-Juan-Pablo-II-College-February-21-2025-Liga-1
Liga 1 de Fútbol Profesional,M,PER,2025,1st,Torneo Apertura,3,Sat,2025-02-22,13:00,Comerciantes Unidos,1.0,CDC Santa Rosa,1.0,,Estadio Municipal Germán Contreras Jara,Jordy Espinoza,,https://fbref.com/en/matches/32c91872/Comerciantes-Unidos-CDC-Santa-Rosa-February-22-2025-Liga-1
Liga 1 de Fútbol Profesional,M,PER,2025,1st,Torneo Apertura,3,Sat,2025-02-22,15:00,Sport Boys,2.0,Ayacucho,1.0,,Estadio Miguel Grau del Callao,Jonathan Zamora,,https://fbref.com/en/matches/719fb668/Sport-Boys-Ayacucho-February-22-2025-Liga-1
Liga 1 de Fútbol Profesional,M,PER,2025,1st,Torneo Apertura,3,Sat,2025-02-22,15:30,Sport Huancayo,0.0,Sporting Cristal,1.0,,Estadio Huancayo,Edwin Ordóñez,,https://fbref.com/en/matches/2b10bd54/Sport-Huancayo-Sporting-Cristal-February-22-2025-Liga-1
Liga 1 de Fútbol Profesional,M,PER,2025,1st,Torneo Apertura,3,Sat,2025-02-22,19:00,Cienciano,2.0,Deportivo Garcilaso,3.0,,Estadio Inca Garcilaso de la Vega,Diego Haro,,https://fbref.com/en/matches/a10c9440/Cienciano-Deportivo-Garcilaso-February-22-2025-Liga-1
Liga 1 de Fútbol Profesional,M,PER,2025,1st,Torneo Apertura,3,Sun,2025-02-23,13:00,Alianza Univ,2.0,ADT Tarma,3.0,,Estadio Heraclio Tapia León,Boris Santos,,https://fbref.com/en/matches/4c64f90d/Alianza-Universidad-ADT-Tarma-February-23-2025-Liga-1
Liga 1 de Fútbol Profesional,M,PER,2025,1st,Torneo Apertura,3,Sun,2025-02-23,19:00,Melgar,2.0,Alianza Atlético,1.0,,Estadio de la Universidad Nacional San A...,Michael Espinoza,,https://fbref.com/en/matches/19a4b528/Melgar-Alianza-Atletico-February-23-2025-Liga-1
Liga 1 de Fútbol Profesional,M,PER,2025,1st,Torneo Apertura,3,Mon,2025-02-24,18:00,Binacional,1.0,Cusco,2.0,,Estadio Guillermo Briceño Rosamedina,Julio Quiróz,,https://fbref.com/en/matches/690d17eb/Binacional-Cusco-February-24-2025-Liga-1
Liga 1 de Fútbol Profesional,M,PER,2025,1st,Torneo Apertura,4,Thu,2025-02-27,15:30,ADT Tarma,2.0,Sport Boys,2.0,,Estadio Municipal Unión de Tarma,Joel Alarcón,,https://fbref.com/en/matches/54e55c9c/ADT-Tarma-Sport-Boys-February-27-2025-Liga-1
Liga 1 de Fútbol Profesional,M,PER,2025,1st,Torneo Apertura,4,Fri,2025-02-28,15:00,Deportivo Garcilaso,2.0,Atlético Grau,0.0,,Estadio Inca Garcilaso de la Vega,Jordy Espinoza,,https://fbref.com/en/matches/34902306/Deportivo-Garcilaso-Atletico-Grau-February-28-2025-Liga-1
Liga 1 de Fútbol Profesional,M,PER,2025,1st,Torneo Apertura,4,Sat,2025-03-01,13:00,Cusco,1.0,UTC,1.0,,Estadio Inca Garcilaso de la Vega,Robin Segura Tuanama,,https://fbref.com/en/matches/07e847e0/Cusco-Universidad-Tecnica-de-Cajamarca-March-1-2025-Liga-1
Liga 1 de Fútbol Profesional,M,PER,2025,1st,Torneo Apertura,4,Sat,2025-03-01,15:30,Alianza Atlético,4.0,Binacional,1.0,,Estadio Campeones del 36,Victor Cori,,https://fbref.com/en/matches/5af8551a/Alianza-Atletico-Binacional-March-1-2025-Liga-1
Liga 1 de Fútbol Profesional,M,PER,2025,1st,Torneo Apertura,4,Sat,2025-03-01,20:00,Sporting Cristal,1.0,Alianza Lima,2.0,,Estadio Alberto Gallardo,Michael Espinoza,,https://fbref.com/en/matches/9d58d8ff/Sporting-Cristal-Alianza-Lima-March-1-2025-Liga-1
Liga 1 de Fútbol Profesional,M,PER,2025,1st,Torneo Apertura,4,Sun,2025-03-02,13:00,Ayacucho,1.0,Sport Huancayo,1.0,,Estadio Ciudad de Cumaná,Jesús Cartagena,,https://fbref.com/en/matches/059ac881/Ayacucho-Sport-Huancayo-March-2-2025-Liga-1
Liga 1 de Fútbol Profesional,M,PER,2025,1st,Torneo Apertura,4,Sun,2025-03-02,18:00,Universitario,4.0,Alianza Univ,0.0,,Estadio Monumental U Marathon,Edwin Ordóñez,,https://fbref.com/en/matches/78a9ab3a/Universitario-Alianza-Universidad-March-2-2025-Liga-1
Liga 1 de Fútbol Profesional,M,PER,2025,1st,Torneo Apertura,5,Fri,2025-03-07,13:00,Alianza Univ,0.0,Deportivo Garcilaso,0.0,,Estadio Heraclio Tapia León,Hibert Villegas,,https://fbref.com/en/matches/4e5c2ac9/Alianza-Universidad-Deportivo-Garcilaso-March-7-2025-Liga-1
Liga 1 de Fútbol Profesional,M,PER,2025,1st,Torneo Apertura,5,Fri,2025-03-07,20:00,Alianza Lima,2.0,Ayacucho,0.0,,Estadio Alejandro Villanueva,Julio Quiróz,,https://fbref.com/en/matches/df7479c0/Alianza-Lima-Ayacucho-March-7-2025-Liga-1
Liga 1 de Fútbol Profesional,M,PER,2025,1st,Torneo Apertura,5,Sat,2025-03-08,13:00,UTC,0.0,Alianza Atlético,0.0,,Estadio Municipal Germán Contreras Jara,César Garcia,,https://fbref.com/en/matches/e69c810c/Universidad-Tecnica-de-Cajamarca-Alianza-Atletico-March-8-2025-Liga-1
Liga 1 de Fútbol Profesional,M,PER,2025,1st,Torneo Apertura,5,Sat,2025-03-08,15:30,Sport Huancayo,2.0,ADT Tarma,1.0,,Estadio Huancayo,Sebastián Lozano,,https://fbref.com/en/matches/c8db6417/Sport-Huancayo-ADT-Tarma-March-8-2025-Liga-1
Liga 1 de Fútbol Profesional,M,PER,2025,1st,Torneo Apertura,5,Sat,2025-03-08,18:00,Melgar,1.0,Sporting Cristal,0.0,,Estadio de la Universidad Nacional San A...,Roberto Pérez,,https://fbref.com/en/matches/eb1fe4ab/Melgar-Sporting-Cristal-March-8-2025-Liga-1
Liga 1 de Fútbol Profesional,M,PER,2025,1st,Torneo Apertura,5,Sun,2025-03-09,15:00,Sport Boys,0.0,Universitario,2.0,,Estadio Nacional,Micke Palomino,,https://fbref.com/en/matches/8977ab7d/Sport-Boys-Universitario-March-9-2025-Liga-1
Liga 1 de Fútbol Profesional,M,PER,2025,1st,Torneo Apertura,5,Sun,2025-03-09,19:30,Cienciano,3.0,Comerciantes Unidos,2.0,,Estadio Inca Garcilaso de la Vega,Pablo López,,https://fbref.com/en/matches/8a44fc29/Cienciano-Comerciantes-Unidos-March-9-2025-Liga-1
Liga 1 de Fútbol Profesional,M,PER,2025,1st,Torneo Apertura,5,Mon,2025-03-10,15:00,Atlético Grau,2.0,CDC Santa Rosa,1.0,,Estadio Municipal Bernales,Edwin Ordóñez,,https://fbref.com/en/matches/b66b8654/Atletico-Grau-CDC-Santa-Rosa-March-10-2025-Liga-1
Liga 1 de Fútbol Profesional,M,PER,2025,1st,Torneo Apertura,5,Mon,2025-03-10,18:00,Binacional,2.0,Juan Pablo II,0.0,,Estadio Guillermo Briceño Rosamedina,Daniel Ureta,,https://fbref.com/en/matches/7d82f052/Binacional-Juan-Pablo-II-College-March-10-2025-Liga-1
Liga 1 de Fútbol Profesional,M,PER,2025,1st,Torneo Apertura,4,Sun,2025-03-23,15:00,CDC Santa Rosa,0.0,Cienciano,0.0,,Estadio Los Chankas,Daniel Ureta,,https://fbref.com/en/matches/057af813/CDC-Santa-Rosa-Cienciano-March-23-2025-Liga-1
Liga 1 de Fútbol Profesional,M,PER,2025,1st,Torneo Apertura,6,Thu,2025-03-27,13:00,Comerciantes Unidos,2.0,Atlético Grau,2.0,,Estadio Municipal Germán Contreras Jara,Sebastián Lozano,,https://fbref.com/en/matches/80b741e3/Comerciantes-Unidos-Atletico-Grau-March-27-2025-Liga-1
Liga 1 de Fútbol Profesional,M,PER,2025,1st,Torneo Apertura,6,Thu,2025-03-27,15:30,Ayacucho,2.0,Melgar,3.0,,Estadio Manuel Eloy Molina Robles,Diego Haro,,https://fbref.com/en/matches/7cb57597/Ayacucho-Melgar-March-27-2025-Liga-1
Liga 1 de Fútbol Profesional,M,PER,2025,1st,Torneo Apertura,6,Fri,2025-03-28,15:30,Alianza Atlético,2.0,Cusco,4.0,,Estadio Campeones del 36,Italo Carmona,,https://fbref.com/en/matches/67141cdb/Alianza-Atletico-Cusco-March-28-2025-Liga-1
Liga 1 de Fútbol Profesional,M,PER,2025,1st,Torneo Apertura,6,Fri,2025-03-28,20:00,Universitario,3.0,Sport Huancayo,1.0,,Estadio Alejandro Villanueva,Augusto Menéndez,,https://fbref.com/en/matches/c241d0a0/Universitario-Sport-Huancayo-March-28-2025-Liga-1
Liga 1 de Fútbol Profesional,M,PER,2025,1st,Torneo Apertura,6,Sat,2025-03-29,13:00,ADT Tarma,3.0,Alianza Lima,0.0,,Estadio Municipal Unión de Tarma,Kevin Ortega,,https://fbref.com/en/matches/2967d01d/ADT-Tarma-Alianza-Lima-March-29-2025-Liga-1
Liga 1 de Fútbol Profesional,M,PER,2025,1st,Torneo Apertura,6,Sat,2025-03-29,15:30,Sporting Cristal,5.0,Binacional,0.0,,Estadio Alberto Gallardo,Boris Santos,,https://fbref.com/en/matches/3cdbd087/Sporting-Cristal-Binacional-March-29-2025-Liga-1
Liga 1 de Fútbol Profesional,M,PER,2025,1st,Torneo Apertura,6,Sat,2025-03-29,18:00,Deportivo Garcilaso,4.0,Sport Boys,0.0,,Estadio Inca Garcilaso de la Vega,Robin Segura Tuanama,,https://fbref.com/en/matches/c92cf016/Deportivo-Garcilaso-Sport-Boys-March-29-2025-Liga-1
Liga 1 de Fútbol Profesional,M,PER,2025,1st,Torneo Apertura,6,Sun,2025-03-30,13:00,CDC Santa Rosa,3.0,Alianza Univ,1.0,,Estadio Los Chankas,Michael Espinoza,,https://fbref.com/en/matches/20e8b399/CDC-Santa-Rosa-Alianza-Universidad-March-30-2025-Liga-1
Liga 1 de Fútbol Profesional,M,PER,2025,1st,Torneo Apertura,6,Sun,2025-03-30,15:30,Juan Pablo II,4.0,UTC,2.0,,Estadio de la Juventud,Joel Alarcón,,https://fbref.com/en/matches/f74a6934/Juan-Pablo-II-College-Universidad-Tecnica-de-Cajamarca-March-30-2025-Liga-1
Liga 1 de Fútbol Profesional,M,PER,2025,1st,Torneo Apertura,7,Fri,2025-04-04,17:30,Binacional,1.0,Ayacucho,1.0,,Estadio Guillermo Briceño Rosamedina,Sebastián Lozano,,https://fbref.com/en/matches/a50af67e/Binacional-Ayacucho-April-4-2025-Liga-1
Liga 1 de Fútbol Profesional,M,PER,2025,1st,Torneo Apertura,7,Fri,2025-04-04,20:00,Sport Huancayo,0.0,Deportivo Garcilaso,3.0,,Estadio Huancayo,Jesús Cartagena,,https://fbref.com/en/matches/8d77cb7c/Sport-Huancayo-Deportivo-Garcilaso-April-4-2025-Liga-1
Liga 1 de Fútbol Profesional,M,PER,2025,1st,Torneo Apertura,7,Sat,2025-04-05,10:15,Atlético Grau,1.0,Cienciano,1.0,,Estadio Campeones del 36,Jonathan Zamora,,https://fbref.com/en/matches/29dfd600/Atletico-Grau-Cienciano-April-5-2025-Liga-1
Liga 1 de Fútbol Profesional,M,PER,2025,1st,Torneo Apertura,7,Sat,2025-04-05,15:15,Melgar,4.0,ADT Tarma,0.0,,Estadio de la Universidad Nacional San A...,Kevin Menéndez Lagos,,https://fbref.com/en/matches/f3f6d838/Melgar-ADT-Tarma-April-5-2025-Liga-1
Liga 1 de Fútbol Profesional,M,PER,2025,1st,Torneo Apertura,7,Sat,2025-04-05,19:00,Alianza Lima,1.0,Universitario,1.0,,Estadio Alejandro Villanueva,Daniel Ureta,,https://fbref.com/en/matches/0133bd01/Alianza-Lima-Universitario-April-5-2025-Liga-1
Liga 1 de Fútbol Profesional,M,PER,2025,1st,Torneo Apertura,7,Sun,2025-04-06,13:15,Cusco,4.0,Juan Pablo II,2.0,,Estadio Inca Garcilaso de la Vega,Roberto Pérez,,https://fbref.com/en/matches/9c4e9cee/Cusco-Juan-Pablo-II-College-April-6-2025-Liga-1
Liga 1 de Fútbol Profesional,M,PER,2025,1st,Torneo Apertura,7,Sun,2025-04-06,14:00,Sport Boys,1.0,CDC Santa Rosa,1.0,,Estadio Miguel Grau del Callao,Kevin Ortega,,https://fbref.com/en/matches/c0a78806/Sport-Boys-CDC-Santa-Rosa-April-6-2025-Liga-1
Liga 1 de Fútbol Profesional,M,PER,2025,1st,Torneo Apertura,7,Sun,2025-04-06,15:30,UTC,4.0,Sporting Cristal,1.0,,Estadio Municipal Germán Contreras Jara,Edwin Ordóñez,,https://fbref.com/en/matches/2fbbcf98/Universidad-Tecnica-de-Cajamarca-Sporting-Cristal-April-6-2025-Liga-1
Liga 1 de Fútbol Profesional,M,PER,2025,1st,Torneo Apertura,7,Sun,2025-04-06,18:00,Alianza Univ,0.0,Comerciantes Unidos,2.0,,Estadio Heraclio Tapia León,Julio Quiróz,,https://fbref.com/en/matches/82f960d4/Alianza-Universidad-Comerciantes-Unidos-April-6-2025-Liga-1
Liga 1 de Fútbol Profesional,M,PER,2025,1st,Torneo Apertura,8,Fri,2025-04-11,13:15,Ayacucho,0.0,UTC,1.0,,Estadio Manuel Eloy Molina Robles,Christian Zegarra,,https://fbref.com/en/matches/ee71e796/Ayacucho-Universidad-Tecnica-de-Cajamarca-April-11-2025-Liga-1
Liga 1 de Fútbol Profesional,M,PER,2025,1st,Torneo Apertura,8,Fri,2025-04-11,15:30,CDC Santa Rosa,1.0,Sport Huancayo,3.0,,Estadio Los Chankas,Julio Quiróz,,https://fbref.com/en/matches/13fdc64a/CDC-Santa-Rosa-Sport-Huancayo-April-11-2025-Liga-1
Liga 1 de Fútbol Profesional,M,PER,2025,1st,Torneo Apertura,8,Sat,2025-04-12,15:30,Juan Pablo II,1.0,Alianza Atlético,0.0,,Estadio de la Juventud,Pablo López,,https://fbref.com/en/matches/c0843210/Juan-Pablo-II-College-Alianza-Atletico-April-12-2025-Liga-1
Liga 1 de Fútbol Profesional,M,PER,2025,1st,Torneo Apertura,8,Sat,2025-04-12,19:00,Cienciano,0.0,Alianza Univ,1.0,,Estadio Inca Garcilaso de la Vega,Italo Carmona,,https://fbref.com/en/matches/e350e6f7/Cienciano-Alianza-Universidad-April-12-2025-Liga-1
Liga 1 de Fútbol Profesional,M,PER,2025,1st,Torneo Apertura,8,Sun,2025-04-13,11:00,Sporting Cristal,1.0,Cusco,0.0,,Estadio Alberto Gallardo,Diego Haro,,https://fbref.com/en/matches/89bbfb8d/Sporting-Cristal-Cusco-April-13-2025-Liga-1
Liga 1 de Fútbol Profesional,M,PER,2025,1st,Torneo Apertura,8,Sun,2025-04-13,13:15,Comerciantes Unidos,0.0,Sport Boys,4.0,,Estadio Municipal Germán Contreras Jara,Daniel Ureta,,https://fbref.com/en/matches/05287598/Comerciantes-Unidos-Sport-Boys-April-13-2025-Liga-1
Liga 1 de Fútbol Profesional,M,PER,2025,1st,Torneo Apertura,8,Sun,2025-04-13,15:30,ADT Tarma,1.0,Binacional,1.0,,Estadio Municipal Unión de Tarma,Michael Espinoza,,https://fbref.com/en/matches/8193ff39/ADT-Tarma-Binacional-April-13-2025-Liga-1
Liga 1 de Fútbol Profesional,M,PER,2025,1st,Torneo Apertura,8,Sun,2025-04-13,19:00,Universitario,4.0,Melgar,1.0,,Estadio Monumental U Marathon,Kevin Ortega,,https://fbref.com/en/matches/ddbb7f8f/Universitario-Melgar-April-13-2025-Liga-1
Liga 1 de Fútbol Profesional,M,PER,2025,1st,Torneo Apertura,8,Mon,2025-04-14,19:30,Deportivo Garcilaso,0.0,Alianza Lima,1.0,,Estadio Inca Garcilaso de la Vega,Joel Alarcón,,https://fbref.com/en/matches/b7f5e747/Deportivo-Garcilaso-Alianza-Lima-April-14-2025-Liga-1
Liga 1 de Fútbol Profesional,M,PER,2025,1st,Torneo Apertura,9,Thu,2025-04-17,20:00,Alianza Univ,0.0,Atlético Grau,0.0,,Estadio Heraclio Tapia León,Kevin Ortega,,https://fbref.com/en/matches/5e79ae62/Alianza-Universidad-Atletico-Grau-April-17-2025-Liga-1
Liga 1 de Fútbol Profesional,M,PER,2025,1st,Torneo Apertura,9,Fri,2025-04-18,15:00,Melgar,1.0,Deportivo Garcilaso,2.0,,Estadio de la Universidad Nacional San A...,Daniel Ureta,,https://fbref.com/en/matches/0c6d335c/Melgar-Deportivo-Garcilaso-April-18-2025-Liga-1
Liga 1 de Fútbol Profesional,M,PER,2025,1st,Torneo Apertura,9,Fri,2025-04-18,17:00,Binacional,1.0,Universitario,3.0,,Estadio Guillermo Briceño Rosamedina,Daniel Ureta,,https://fbref.com/en/matches/ba1f6069/Binacional-Universitario-April-18-2025-Liga-1
Liga 1 de Fútbol Profesional,M,PER,2025,1st,Torneo Apertura,9,Fri,2025-04-18,20:00,Alianza Lima,1.0,CDC Santa Rosa,0.0,,Estadio Alejandro Villanueva,Augusto Menéndez,,https://fbref.com/en/matches/060ce770/Alianza-Lima-CDC-Santa-Rosa-April-18-2025-Liga-1
Liga 1 de Fútbol Profesional,M,PER,2025,1st,Torneo Apertura,9,Sat,2025-04-19,13:00,Sport Boys,2.0,Cienciano,2.0,,Estadio Miguel Grau del Callao,Jesús Cartagena,,https://fbref.com/en/matches/940ffa73/Sport-Boys-Cienciano-April-19-2025-Liga-1
Liga 1 de Fútbol Profesional,M,PER,2025,1st,Torneo Apertura,9,Sat,2025-04-19,15:30,Alianza Atlético,1.0,Sporting Cristal,0.0,,Estadio Campeones del 36,Micke Palomino,,https://fbref.com/en/matches/22edc4db/Alianza-Atletico-Sporting-Cristal-April-19-2025-Liga-1
Liga 1 de Fútbol Profesional,M,PER,2025,1st,Torneo Apertura,9,Sat,2025-04-19,19:00,Cusco,3.0,Ayacucho,0.0,,Estadio Inca Garcilaso de la Vega,Michael Espinoza,,https://fbref.com/en/matches/0382ccc4/Cusco-Ayacucho-April-19-2025-Liga-1
Liga 1 de Fútbol Profesional,M,PER,2025,1st,Torneo Apertura,9,Sun,2025-04-20,13:15,UTC,0.0,ADT Tarma,1.0,,Estadio Municipal Germán Contreras Jara,Victor Cori,,https://fbref.com/en/matches/4d2a009c/Universidad-Tecnica-de-Cajamarca-ADT-Tarma-April-20-2025-Liga-1
Liga 1 de Fútbol Profesional,M,PER,2025,1st,Torneo Apertura,9,Sun,2025-04-20,15:30,Sport Huancayo,4.0,Comerciantes Unidos,2.0,,Estadio Huancayo,Robin Segura Tuanama,,https://fbref.com/en/matches/50d59ba3/Sport-Huancayo-Comerciantes-Unidos-April-20-2025-Liga-1
Liga 1 de Fútbol Profesional,M,PER,2025,1st,Torneo Apertura,10,Sat,2025-04-26,13:00,Ayacucho,0.0,Alianza Atlético,2.0,,Estadio Manuel Eloy Molina Robles,Jasmani Chambi,,https://fbref.com/en/matches/d183fdac/Ayacucho-Alianza-Atletico-April-26-2025-Liga-1
Liga 1 de Fútbol Profesional,M,PER,2025,1st,Torneo Apertura,10,Sat,2025-04-26,18:30,Deportivo Garcilaso,0.0,Binacional,1.0,,Estadio Inca Garcilaso de la Vega,Julio Quiróz,,https://fbref.com/en/matches/99cd33cf/Deportivo-Garcilaso-Binacional-April-26-2025-Liga-1
Liga 1 de Fútbol Profesional,M,PER,2025,1st,Torneo Apertura,10,Sun,2025-04-27,13:15,CDC Santa Rosa,1.0,Melgar,1.0,,Estadio Los Chankas,Roberto Pérez,,https://fbref.com/en/matches/838519da/CDC-Santa-Rosa-Melgar-April-27-2025-Liga-1
Liga 1 de Fútbol Profesional,M,PER,2025,1st,Torneo Apertura,10,Sun,2025-04-27,15:30,Atlético Grau,3.0,Sport Boys,3.0,,Estadio Campeones del 36,Augusto Menéndez,,https://fbref.com/en/matches/ba17b0c2/Atletico-Grau-Sport-Boys-April-27-2025-Liga-1
Liga 1 de Fútbol Profesional,M,PER,2025,1st,Torneo Apertura,10,Sun,2025-04-27,18:00,Universitario,6.0,UTC,0.0,,Estadio Monumental U Marathon,Sebastián Lozano,,https://fbref.com/en/matches/21b90960/Universitario-Universidad-Tecnica-de-Cajamarca-April-27-2025-Liga-1
Liga 1 de Fútbol Profesional,M,PER,2025,1st,Torneo Apertura,10,Mon,2025-04-28,13:00,Sporting Cristal,3.0,Juan Pablo II,2.0,,Estadio Alberto Gallardo,Michael Espinoza,,https://fbref.com/en/matches/4347cd4b/Sporting-Cristal-Juan-Pablo-II-College-April-28-2025-Liga-1
Liga 1 de Fútbol Profesional,M,PER,2025,1st,Torneo Apertura,10,Mon,2025-04-28,15:30,ADT Tarma,2.0,Cusco,1.0,,Estadio Municipal Unión de Tarma,Pablo López,,https://fbref.com/en/matches/e0d04e18/ADT-Tarma-Cusco-April-28-2025-Liga-1
Liga 1 de Fútbol Profesional,M,PER,2025,1st,Torneo Apertura,10,Mon,2025-04-28,19:30,Cienciano,2.0,Sport Huancayo,1.0,,Estadio Inca Garcilaso de la Vega,Jordy Espinoza,,https://fbref.com/en/matches/64a4348f/Cienciano-Sport-Huancayo-April-28-2025-Liga-1
Liga 1 de Fútbol Profesional,M,PER,2025,1st,Torneo Apertura,11,Thu,2025-05-01,19:30,Melgar,1.0,Comerciantes Unidos,1.0,,Estadio de la Universidad Nacional San A...,Jordy Espinoza,,https://fbref.com/en/matches/6fe7c790/Melgar-Comerciantes-Unidos-May-1-2025-Liga-1
Liga 1 de Fútbol Profesional,M,PER,2025,1st,Torneo Apertura,11,Fri,2025-05-02,15:30,Sport Huancayo,3.0,Atlético Grau,0.0,,Estadio Huancayo,Joel Alarcón,,https://fbref.com/en/matches/c37452d2/Sport-Huancayo-Atletico-Grau-May-2-2025-Liga-1
Liga 1 de Fútbol Profesional,M,PER,2025,1st,Torneo Apertura,11,Fri,2025-05-02,19:30,Alianza Lima,0.0,Cienciano,1.0,,Estadio Alejandro Villanueva,Roberto Pérez,,https://fbref.com/en/matches/d24b0fce/Alianza-Lima-Cienciano-May-2-2025-Liga-1
Liga 1 de Fútbol Profesional,M,PER,2025,1st,Torneo Apertura,11,Sat,2025-05-03,13:00,UTC,2.0,Deportivo Garcilaso,1.0,,Estadio Municipal Germán Contreras Jara,Kevin Ortega,,https://fbref.com/en/matches/1d581b10/Universidad-Tecnica-de-Cajamarca-Deportivo-Garcilaso-May-3-2025-Liga-1
Liga 1 de Fútbol Profesional,M,PER,2025,1st,Torneo Apertura,11,Sat,2025-05-03,15:30,Juan Pablo II,0.0,Ayacucho,0.0,,Estadio de la Juventud,Daniel Ureta,,https://fbref.com/en/matches/3ecc2e10/Juan-Pablo-II-College-Ayacucho-May-3-2025-Liga-1
Liga 1 de Fútbol Profesional,M,PER,2025,1st,Torneo Apertura,11,Sat,2025-05-03,18:30,Cusco,2.0,Universitario,0.0,,Estadio Inca Garcilaso de la Vega,Edwin Ordóñez,,https://fbref.com/en/matches/a0a538f4/Cusco-Universitario-May-3-2025-Liga-1
Liga 1 de Fútbol Profesional,M,PER,2025,1st,Torneo Apertura,11,Sun,2025-05-04,13:00,Sport Boys,4.0,Alianza Univ,2.0,,Estadio Miguel Grau del Callao,Diego Haro,,https://fbref.com/en/matches/80cee1de/Sport-Boys-Alianza-Universidad-May-4-2025-Liga-1
Liga 1 de Fútbol Profesional,M,PER,2025,1st,Torneo Apertura,11,Sun,2025-05-04,15:30,Alianza Atlético,2.0,ADT Tarma,0.0,,Estadio Campeones del 36,Christian Zegarra,,https://fbref.com/en/matches/932452ba/Alianza-Atletico-ADT-Tarma-May-4-2025-Liga-1
Liga 1 de Fútbol Profesional,M,PER,2025,1st,Torneo Apertura,11,Sun,2025-05-04,18:00,Binacional,1.0,CDC Santa Rosa,2.0,,Estadio Guillermo Briceño Rosamedina,Jesús Cartagena,,https://fbref.com/en/matches/b6a7dc51/Binacional-CDC-Santa-Rosa-May-4-2025-Liga-1
Liga 1 de Fútbol Profesional,M,PER,2025,1st,Torneo Apertura,12,Fri,2025-05-09,15:30,Comerciantes Unidos,1.0,Binacional,1.0,,Estadio Municipal Germán Contreras Jara,Jhonathan Zamora,,https://fbref.com/en/matches/74c99532/Comerciantes-Unidos-Binacional-May-9-2025-Liga-1
Liga 1 de Fútbol Profesional,M,PER,2025,1st,Torneo Apertura,12,Sat,2025-05-10,12:00,Ayacucho,1.0,Sporting Cristal,4.0,,Estadio Manuel Eloy Molina Robles,Kevin Ortega,,https://fbref.com/en/matches/68e5960a/Ayacucho-Sporting-Cristal-May-10-2025-Liga-1
Liga 1 de Fútbol Profesional,M,PER,2025,1st,Torneo Apertura,12,Sat,2025-05-10,15:30,Atlético Grau,1.0,Alianza Lima,1.0,,Estadio Nacional,Edwin Ordóñez,,https://fbref.com/en/matches/a7e2e431/Atletico-Grau-Alianza-Lima-May-10-2025-Liga-1
Liga 1 de Fútbol Profesional,M,PER,2025,1st,Torneo Apertura,12,Sat,2025-05-10,21:00,Cienciano,1.0,Melgar,2.0,,Estadio Inca Garcilaso de la Vega,Augusto Menéndez,,https://fbref.com/en/matches/07e37cf9/Cienciano-Melgar-May-10-2025-Liga-1
Liga 1 de Fútbol Profesional,M,PER,2025,1st,Torneo Apertura,12,Sun,2025-05-11,13:00,CDC Santa Rosa,2.0,UTC,1.0,,Estadio Los Chankas,Diego Haro,,https://fbref.com/en/matches/e1792214/CDC-Santa-Rosa-Universidad-Tecnica-de-Cajamarca-May-11-2025-Liga-1
Liga 1 de Fútbol Profesional,M,PER,2025,1st,Torneo Apertura,12,Sun,2025-05-11,15:15,ADT Tarma,2.0,Juan Pablo II,2.0,,Estadio Municipal Unión de Tarma,Joel Alarcón,,https://fbref.com/en/matches/6d67f9fe/ADT-Tarma-Juan-Pablo-II-College-May-11-2025-Liga-1
Liga 1 de Fútbol Profesional,M,PER,2025,1st,Torneo Apertura,12,Sun,2025-05-11,17:30,Deportivo Garcilaso,1.0,Cusco,3.0,,Estadio Inca Garcilaso de la Vega,Michael Espinoza,,https://fbref.com/en/matches/fc4e7fcc/Deportivo-Garcilaso-Cusco-May-11-2025-Liga-1
Liga 1 de Fútbol Profesional,M,PER,2025,1st,Torneo Apertura,12,Sun,2025-05-11,18:30,Universitario,0.0,Alianza Atlético,1.0,,Estadio Monumental U Marathon,Jordy Espinoza,,https://fbref.com/en/matches/623bc306/Universitario-Alianza-Atletico-May-11-2025-Liga-1
Liga 1 de Fútbol Profesional,M,PER,2025,1st,Torneo Apertura,12,Mon,2025-05-12,15:30,Alianza Univ,0.0,Sport Huancayo,1.0,,Estadio Heraclio Tapia León,Pablo López,,https://fbref.com/en/matches/00f6e4e1/Alianza-Universidad-Sport-Huancayo-May-12-2025-Liga-1
Liga 1 de Fútbol Profesional,M,PER,2025,1st,Torneo Apertura,13,Fri,2025-05-16,15:30,Alianza Atlético,1.0,Deportivo Garcilaso,0.0,,Estadio Campeones del 36,Robin Segura Tuanama,,https://fbref.com/en/matches/69c808dd/Alianza-Atletico-Deportivo-Garcilaso-May-16-2025-Liga-1
Liga 1 de Fútbol Profesional,M,PER,2025,1st,Torneo Apertura,13,Sat,2025-05-17,15:00,UTC,2.0,Comerciantes Unidos,0.0,,Estadio Municipal Germán Contreras Jara,Jesús Cartagena,,https://fbref.com/en/matches/1e78ff54/Universidad-Tecnica-de-Cajamarca-Comerciantes-Unidos-May-17-2025-Liga-1
Liga 1 de Fútbol Profesional,M,PER,2025,1st,Torneo Apertura,13,Sat,2025-05-17,15:30,Sporting Cristal,2.0,ADT Tarma,1.0,,Estadio Alberto Gallardo,Julio Quiróz,,https://fbref.com/en/matches/8afcb4a0/Sporting-Cristal-ADT-Tarma-May-17-2025-Liga-1
Liga 1 de Fútbol Profesional,M,PER,2025,1st,Torneo Apertura,13,Sat,2025-05-17,18:00,Cusco,3.0,CDC Santa Rosa,3.0,,Estadio Inca Garcilaso de la Vega,Sebastián Lozano,,https://fbref.com/en/matches/07a6d78a/Cusco-CDC-Santa-Rosa-May-17-2025-Liga-1
Liga 1 de Fútbol Profesional,M,PER,2025,1st,Torneo Apertura,13,Sun,2025-05-18,13:15,Sport Huancayo,1.0,Sport Boys,0.0,,Estadio Huancayo,Jordy Espinoza,,https://fbref.com/en/matches/47e47cc7/Sport-Huancayo-Sport-Boys-May-18-2025-Liga-1
Liga 1 de Fútbol Profesional,M,PER,2025,1st,Torneo Apertura,13,Sun,2025-05-18,15:30,Juan Pablo II,2.0,Universitario,0.0,,Estadio Nacional,Micke Palomino,,https://fbref.com/en/matches/66cce90b/Juan-Pablo-II-College-Universitario-May-18-2025-Liga-1
Liga 1 de Fútbol Profesional,M,PER,2025,1st,Torneo Apertura,13,Sun,2025-05-18,18:00,Melgar,1.0,Atlético Grau,1.0,,Estadio de la Universidad Nacional San A...,Kevin Ortega,,https://fbref.com/en/matches/d19a339f/Melgar-Atletico-Grau-May-18-2025-Liga-1
Liga 1 de Fútbol Profesional,M,PER,2025,1st,Torneo Apertura,13,Mon,2025-05-19,17:30,Binacional,1.0,Cienciano,1.0,,Estadio Guillermo Briceño Rosamedina,Daniel Ureta,,https://fbref.com/en/matches/89c0ba31/Binacional-Cienciano-May-19-2025-Liga-1
Liga 1 de Fútbol Profesional,M,PER,2025,1st,Torneo Apertura,13,Mon,2025-05-19,20:00,Alianza Lima,2.0,Alianza Univ,0.0,,Estadio Alejandro Villanueva,Michael Espinoza,,https://fbref.com/en/matches/1cc2914e/Alianza-Lima-Alianza-Universidad-May-19-2025-Liga-1
Liga 1 de Fútbol Profesional,M,PER,2025,1st,Torneo Apertura,14,Thu,2025-05-22,21:00,Universitario,2.0,Sporting Cristal,0.0,,Estadio Monumental U Marathon,Joel Alarcón,,https://fbref.com/en/matches/df33bda9/Universitario-Sporting-Cristal-May-22-2025-Liga-1
Liga 1 de Fútbol Profesional,M,PER,2025,1st,Torneo Apertura,14,Fri,2025-05-23,15:30,Alianza Univ,1.0,Melgar,1.0,,Estadio Heraclio Tapia León,Micke Palomino,,https://fbref.com/en/matches/0570fe46/Alianza-Universidad-Melgar-May-23-2025-Liga-1
Liga 1 de Fútbol Profesional,M,PER,2025,1st,Torneo Apertura,14,Fri,2025-05-23,20:00,Sport Boys,0.0,Alianza Lima,1.0,,Estadio de la Universidad Nacional Mayor...,Sebastián Lozano,,https://fbref.com/en/matches/fcfcd7ea/Sport-Boys-Alianza-Lima-May-23-2025-Liga-1
Liga 1 de Fútbol Profesional,M,PER,2025,1st,Torneo Apertura,14,Sat,2025-05-24,13:00,Comerciantes Unidos,1.0,Cusco,2.0,,Estadio Municipal Germán Contreras Jara,Edwin Ordóñez,,https://fbref.com/en/matches/dd270d1d/Comerciantes-Unidos-Cusco-May-24-2025-Liga-1
Liga 1 de Fútbol Profesional,M,PER,2025,1st,Torneo Apertura,14,Sat,2025-05-24,15:30,Atlético Grau,3.0,Binacional,0.0,,Estadio Campeones del 36,Pablo López,,https://fbref.com/en/matches/ce273362/Atletico-Grau-Binacional-May-24-2025-Liga-1
Liga 1 de Fútbol Profesional,M,PER,2025,1st,Torneo Apertura,14,Sat,2025-05-24,18:00,Cienciano,6.0,UTC,1.0,,Estadio Inca Garcilaso de la Vega,Kevin Ortega,,https://fbref.com/en/matches/71c3236c/Cienciano-Universidad-Tecnica-de-Cajamarca-May-24-2025-Liga-1
Liga 1 de Fútbol Profesional,M,PER,2025,1st,Torneo Apertura,14,Sun,2025-05-25,13:00,ADT Tarma,0.0,Ayacucho,1.0,,Estadio Municipal Unión de Tarma,Michael Espinoza,,https://fbref.com/en/matches/d0e61994/ADT-Tarma-Ayacucho-May-25-2025-Liga-1
Liga 1 de Fútbol Profesional,M,PER,2025,1st,Torneo Apertura,14,Sun,2025-05-25,15:15,CDC Santa Rosa,1.0,Alianza Atlético,2.0,,Estadio Los Chankas,Daniel Ureta,,https://fbref.com/en/matches/c1e2ea76/CDC-Santa-Rosa-Alianza-Atletico-May-25-2025-Liga-1
Liga 1 de Fútbol Profesional,M,PER,2025,1st,Torneo Apertura,14,Sun,2025-05-25,18:00,Deportivo Garcilaso,4.0,Juan Pablo II,0.0,,Estadio Inca Garcilaso de la Vega,Jordy Espinoza,,https://fbref.com/en/matches/a92d059a/Deportivo-Garcilaso-Juan-Pablo-II-College-May-25-2025-Liga-1
Liga 1 de Fútbol Profesional,M,PER,2025,1st,Torneo Apertura,15,Thu,2025-06-12,15:00,Alianza Atlético,3.0,Comerciantes Unidos,0.0,,Estadio Campeones del 36,Kevin Ortega,,https://fbref.com/en/matches/38c9712f/Alianza-Atletico-Comerciantes-Unidos-June-12-2025-Liga-1
Liga 1 de Fútbol Profesional,M,PER,2025,1st,Torneo Apertura,15,Fri,2025-06-13,15:00,UTC,0.0,Atlético Grau,2.0,,Estadio Municipal Germán Contreras Jara,Christian Zegarra,,https://fbref.com/en/matches/a54fffc1/Universidad-Tecnica-de-Cajamarca-Atletico-Grau-June-13-2025-Liga-1
Liga 1 de Fútbol Profesional,M,PER,2025,1st,Torneo Apertura,15,Fri,2025-06-13,19:00,Cusco,0.0,Cienciano,0.0,,Estadio Inca Garcilaso de la Vega,Jordy Espinoza,,https://fbref.com/en/matches/9a3550c0/Cusco-Cienciano-June-13-2025-Liga-1
Liga 1 de Fútbol Profesional,M,PER,2025,1st,Torneo Apertura,15,Sat,2025-06-14,13:15,Melgar,2.0,Sport Boys,1.0,,Estadio de la Universidad Nacional San A...,Julio Quiróz,,https://fbref.com/en/matches/c0a8e708/Melgar-Sport-Boys-June-14-2025-Liga-1
Liga 1 de Fútbol Profesional,M,PER,2025,1st,Torneo Apertura,15,Sat,2025-06-14,15:30,Juan Pablo II,3.0,CDC Santa Rosa,0.0,,Estadio de la Juventud,Roberto Pérez,,https://fbref.com/en/matches/b5ffa785/Juan-Pablo-II-College-CDC-Santa-Rosa-June-14-2025-Liga-1
Liga 1 de Fútbol Profesional,M,PER,2025,1st,Torneo Apertura,15,Sat,2025-06-14,20:00,Alianza Lima,0.0,Sport Huancayo,0.0,,Estadio Alejandro Villanueva,Micke Palomino,,https://fbref.com/en/matches/33d6c821/Alianza-Lima-Sport-Huancayo-June-14-2025-Liga-1
Liga 1 de Fútbol Profesional,M,PER,2025,1st,Torneo Apertura,15,Sun,2025-06-15,11:00,Sporting Cristal,3.0,Deportivo Garcilaso,2.0,,Estadio Alberto Gallardo,Augusto Menéndez,,https://fbref.com/en/matches/030f2f4b/Sporting-Cristal-Deportivo-Garcilaso-June-15-2025-Liga-1
Liga 1 de Fútbol Profesional,M,PER,2025,1st,Torneo Apertura,15,Sun,2025-06-15,15:00,Ayacucho,0.0,Universitario,1.0,,Estadio Manuel Eloy Molina Robles,Sebastián Lozano,,https://fbref.com/en/matches/8e41f231/Ayacucho-Universitario-June-15-2025-Liga-1
Liga 1 de Fútbol Profesional,M,PER,2025,1st,Torneo Apertura,15,Sun,2025-06-15,17:30,Binacional,1.0,Alianza Univ,1.0,,Estadio Guillermo Briceño Rosamedina,Joel Alarcón,,https://fbref.com/en/matches/8802a35f/Binacional-Alianza-Universidad-June-15-2025-Liga-1
Liga 1 de Fútbol Profesional,M,PER,2025,1st,Torneo Apertura,10,Wed,2025-06-18,19:00,Comerciantes Unidos,0.0,Alianza Lima,1.0,,Estadio Municipal Germán Contreras Jara,Edwin Ordóñez,,https://fbref.com/en/matches/d0a1b489/Comerciantes-Unidos-Alianza-Lima-June-18-2025-Liga-1
Liga 1 de Fútbol Profesional,M,PER,2025,1st,Torneo Apertura,16,Thu,2025-06-19,15:00,Atlético Grau,0.0,Cusco,0.0,,Estadio Campeones del 36,Roberto Pérez,,https://fbref.com/en/matches/48b536ce/Atletico-Grau-Cusco-June-19-2025-Liga-1
Liga 1 de Fútbol Profesional,M,PER,2025,1st,Torneo Apertura,16,Fri,2025-06-20,18:00,Alianza Univ,1.0,UTC,2.0,,Estadio Heraclio Tapia León,Jhonathan Zamora,,https://fbref.com/en/matches/ca74769b/Alianza-Universidad-Universidad-Tecnica-de-Cajamarca-June-20-2025-Liga-1
Liga 1 de Fútbol Profesional,M,PER,2025,1st,Torneo Apertura,16,Fri,2025-06-20,21:00,Universitario,5.0,ADT Tarma,0.0,,Estadio Monumental U Marathon,Kevin Ortega,,https://fbref.com/en/matches/ddc4bb00/Universitario-ADT-Tarma-June-20-2025-Liga-1
Liga 1 de Fútbol Profesional,M,PER,2025,1st,Torneo Apertura,16,Sat,2025-06-21,13:00,Sport Huancayo,2.0,Melgar,2.0,,Estadio Huancayo,Michael Espinoza,,https://fbref.com/en/matches/07e5a435/Sport-Huancayo-Melgar-June-21-2025-Liga-1
Liga 1 de Fútbol Profesional,M,PER,2025,1st,Torneo Apertura,16,Sat,2025-06-21,15:15,CDC Santa Rosa,3.0,Sporting Cristal,1.0,,Estadio Los Chankas,Jesús Cartagena,,https://fbref.com/en/matches/87a19555/CDC-Santa-Rosa-Sporting-Cristal-June-21-2025-Liga-1
Liga 1 de Fútbol Profesional,M,PER,2025,1st,Torneo Apertura,16,Sat,2025-06-21,19:00,Deportivo Garcilaso,2.0,Ayacucho,1.0,,Estadio Inca Garcilaso de la Vega,Pablo López,,https://fbref.com/en/matches/45e56a30/Deportivo-Garcilaso-Ayacucho-June-21-2025-Liga-1
Liga 1 de Fútbol Profesional,M,PER,2025,1st,Torneo Apertura,16,Sun,2025-06-22,13:00,Sport Boys,3.0,Binacional,1.0,,Estadio Miguel Grau del Callao,Edwin Ordóñez,,https://fbref.com/en/matches/7434a0d2/Sport-Boys-Binacional-June-22-2025-Liga-1
Liga 1 de Fútbol Profesional,M,PER,2025,1st,Torneo Apertura,16,Sun,2025-06-22,15:15,Comerciantes Unidos,3.0,Juan Pablo II,0.0,,Estadio Juan Maldonado Gamarra,Diego Haro,,https://fbref.com/en/matches/ae0ba3b4/Comerciantes-Unidos-Juan-Pablo-II-College-June-22-2025-Liga-1
Liga 1 de Fútbol Profesional,M,PER,2025,1st,Torneo Apertura,16,Sun,2025-06-22,17:30,Cienciano,3.0,Alianza Atlético,2.0,,Estadio Inca Garcilaso de la Vega,Joel Alarcón,,https://fbref.com/en/matches/ccd67254/Cienciano-Alianza-Atletico-June-22-2025-Liga-1
Liga 1 de Fútbol Profesional,M,PER,2025,1st,Torneo Apertura,3,Wed,2025-06-25,19:00,Atlético Grau,0.0,Universitario,2.0,,Estadio Mansiche,Jordy Espinoza,,https://fbref.com/en/matches/2104c7b0/Atletico-Grau-Universitario-June-25-2025-Liga-1
Liga 1 de Fútbol Profesional,M,PER,2025,1st,Torneo Apertura,17,Fri,2025-06-27,13:00,Ayacucho,1.0,CDC Santa Rosa,2.0,,,Victor Cori,,https://fbref.com/en/matches/4b806eb1/Ayacucho-CDC-Santa-Rosa-June-27-2025-Liga-1
Liga 1 de Fútbol Profesional,M,PER,2025,1st,Torneo Apertura,17,Fri,2025-06-27,15:15,Juan Pablo II,2.0,Cienciano,2.0,,,Kevin Ortega,,https://fbref.com/en/matches/8fd81548/Juan-Pablo-II-College-Cienciano-June-27-2025-Liga-1
Liga 1 de Fútbol Profesional,M,PER,2025,1st,Torneo Apertura,17,Fri,2025-06-27,17:30,Binacional,1.0,Sport Huancayo,0.0,,Estadio Guillermo Briceño Rosamedina,Roberto Pérez,,https://fbref.com/en/matches/e60b367f/Binacional-Sport-Huancayo-June-27-2025-Liga-1
Liga 1 de Fútbol Profesional,M,PER,2025,1st,Torneo Apertura,17,Sat,2025-06-28,13:00,ADT Tarma,0.0,Deportivo Garcilaso,0.0,,Estadio Municipal Unión de Tarma,Daniel Ureta,,https://fbref.com/en/matches/686a2bc9/ADT-Tarma-Deportivo-Garcilaso-June-28-2025-Liga-1
Liga 1 de Fútbol Profesional,M,PER,2025,1st,Torneo Apertura,17,Sat,2025-06-28,15:15,UTC,1.0,Sport Boys,1.0,,Estadio Municipal Germán Contreras Jara,Micke Palomino,,https://fbref.com/en/matches/4c7f9063/Universidad-Tecnica-de-Cajamarca-Sport-Boys-June-28-2025-Liga-1
Liga 1 de Fútbol Profesional,M,PER,2025,1st,Torneo Apertura,17,Sat,2025-06-28,18:15,Melgar,0.0,Alianza Lima,1.0,,Estadio de la Universidad Nacional San A...,Jordy Espinoza,,https://fbref.com/en/matches/4ddad6d4/Melgar-Alianza-Lima-June-28-2025-Liga-1
Liga 1 de Fútbol Profesional,M,PER,2025,1st,Torneo Apertura,17,Sun,2025-06-29,11:00,Sporting Cristal,2.0,Comerciantes Unidos,0.0,,Estadio Alberto Gallardo,Sebastián Lozano,,https://fbref.com/en/matches/ac40613c/Sporting-Cristal-Comerciantes-Unidos-June-29-2025-Liga-1
Liga 1 de Fútbol Profesional,M,PER,2025,1st,Torneo Apertura,17,Sun,2025-06-29,15:00,Alianza Atlético,2.0,Atlético Grau,1.0,,Estadio Campeones del 36,Edwin Ordóñez,,https://fbref.com/en/matches/34bc168e/Alianza-Atletico-Atletico-Grau-June-29-2025-Liga-1
Liga 1 de Fútbol Profesional,M,PER,2025,1st,Torneo Apertura,17,Sun,2025-06-29,18:00,Cusco,4.0,Alianza Univ,1.0,,Estadio Inca Garcilaso de la Vega,Julio Quiróz,,https://fbref.com/en/matches/3af7d6e4/Cusco-Alianza-Universidad-June-29-2025-Liga-1
Liga 1 de Fútbol Profesional,M,PER,2025,1st,Torneo Apertura,4,Wed,2025-07-02,15:00,Juan Pablo II,1.0,Melgar,1.0,,Estadio de la Juventud,Roberto Pérez,,https://fbref.com/en/matches/42f5d262/Juan-Pablo-II-College-Melgar-July-2-2025-Liga-1
Liga 1 de Fútbol Profesional,M,PER,2025,1st,Torneo Apertura,18,Fri,2025-07-04,13:00,Sport Huancayo,1.0,UTC,0.0,,Estadio Huancayo,Jesús Cartagena,,https://fbref.com/en/matches/828c19f3/Sport-Huancayo-Universidad-Tecnica-de-Cajamarca-July-4-2025-Liga-1
Liga 1 de Fútbol Profesional,M,PER,2025,1st,Torneo Apertura,18,Fri,2025-07-04,15:15,CDC Santa Rosa,1.0,ADT Tarma,1.0,,Estadio Los Chankas,Micke Palomino,,https://fbref.com/en/matches/26b881f4/CDC-Santa-Rosa-ADT-Tarma-July-4-2025-Liga-1
Liga 1 de Fútbol Profesional,M,PER,2025,1st,Torneo Apertura,18,Sat,2025-07-05,13:00,Comerciantes Unidos,0.0,Ayacucho,1.0,,Estadio Municipal Germán Contreras Jara,Julio Quiróz,,https://fbref.com/en/matches/dd22bf56/Comerciantes-Unidos-Ayacucho-July-5-2025-Liga-1
Liga 1 de Fútbol Profesional,M,PER,2025,1st,Torneo Apertura,18,Sat,2025-07-05,15:15,Cienciano,1.0,Sporting Cristal,1.0,,Estadio Inca Garcilaso de la Vega,Diego Haro,,https://fbref.com/en/matches/56f4b2c3/Cienciano-Sporting-Cristal-July-5-2025-Liga-1
Liga 1 de Fútbol Profesional,M,PER,2025,1st,Torneo Apertura,18,Sat,2025-07-05,17:30,Alianza Univ,2.0,Alianza Atlético,0.0,,Estadio Heraclio Tapia León,Jordy Espinoza,,https://fbref.com/en/matches/da40462f/Alianza-Universidad-Alianza-Atletico-July-5-2025-Liga-1
Liga 1 de Fútbol Profesional,M,PER,2025,1st,Torneo Apertura,18,Sat,2025-07-05,20:00,Alianza Lima,5.0,Binacional,1.0,,Estadio Alejandro Villanueva,Augusto Menéndez,,https://fbref.com/en/matches/a057795e/Alianza-Lima-Binacional-July-5-2025-Liga-1
Liga 1 de Fútbol Profesional,M,PER,2025,1st,Torneo Apertura,18,Sun,2025-07-06,13:00,Sport Boys,1.0,Cusco,2.0,,Estadio Miguel Grau del Callao,Christian Zegarra,,https://fbref.com/en/matches/c318ba27/Sport-Boys-Cusco-July-6-2025-Liga-1
Liga 1 de Fútbol Profesional,M,PER,2025,1st,Torneo Apertura,18,Sun,2025-07-06,15:15,Atlético Grau,2.0,Juan Pablo II,0.0,,Estadio Campeones del 36,Daniel Ureta,,https://fbref.com/en/matches/b531b783/Atletico-Grau-Juan-Pablo-II-College-July-6-2025-Liga-1
Liga 1 de Fútbol Profesional,M,PER,2025,1st,Torneo Apertura,18,Sun,2025-07-06,17:30,Deportivo Garcilaso,0.0,Universitario,1.0,,Estadio Inca Garcilaso de la Vega,Roberto Pérez,,https://fbref.com/en/matches/c31af2c1/Deportivo-Garcilaso-Universitario-July-6-2025-Liga-1
Liga 1 de Fútbol Profesional,M,PER,2025,1st,Torneo Apertura,19,Fri,2025-07-11,15:00,ADT Tarma,1.0,Comerciantes Unidos,0.0,,Estadio Municipal Unión de Tarma,Joel Alarcón,,https://fbref.com/en/matches/eed1e7b7/ADT-Tarma-Comerciantes-Unidos-July-11-2025-Liga-1
Liga 1 de Fútbol Profesional,M,PER,2025,1st,Torneo Apertura,19,Sat,2025-07-12,11:30,Binacional,1.0,Melgar,1.0,,Estadio Guillermo Briceño Rosamedina,Pablo López,,https://fbref.com/en/matches/a970e440/Binacional-Melgar-July-12-2025-Liga-1
Liga 1 de Fútbol Profesional,M,PER,2025,1st,Torneo Apertura,19,Sat,2025-07-12,15:00,UTC,0.0,Alianza Lima,0.0,,Estadio Municipal Germán Contreras Jara,Kevin Ortega,,https://fbref.com/en/matches/d8b15bf2/Universidad-Tecnica-de-Cajamarca-Alianza-Lima-July-12-2025-Liga-1
Liga 1 de Fútbol Profesional,M,PER,2025,1st,Torneo Apertura,19,Sat,2025-07-12,15:00,Universitario,0.0,CDC Santa Rosa,0.0,,Estadio Monumental U Marathon,Diego Haro,,https://fbref.com/en/matches/f7e66f71/Universitario-CDC-Santa-Rosa-July-12-2025-Liga-1
Liga 1 de Fútbol Profesional,M,PER,2025,1st,Torneo Apertura,19,Sat,2025-07-12,15:30,Alianza Atlético,1.0,Sport Boys,0.0,,Estadio Campeones del 36,Augusto Menéndez,,https://fbref.com/en/matches/4d9e9a28/Alianza-Atletico-Sport-Boys-July-12-2025-Liga-1
Liga 1 de Fútbol Profesional,M,PER,2025,1st,Torneo Apertura,19,Sun,2025-07-13,11:00,Sporting Cristal,2.0,Atlético Grau,1.0,,Estadio Alberto Gallardo,Roberto Pérez,,https://fbref.com/en/matches/03bc6a57/Sporting-Cristal-Atletico-Grau-July-13-2025-Liga-1
Liga 1 de Fútbol Profesional,M,PER,2025,1st,Torneo Apertura,19,Sun,2025-07-13,13:15,Ayacucho,1.0,Cienciano,0.0,,Estadio Manuel Eloy Molina Robles,Jordy Espinoza,,https://fbref.com/en/matches/79352722/Ayacucho-Cienciano-July-13-2025-Liga-1
Liga 1 de Fútbol Profesional,M,PER,2025,1st,Torneo Apertura,19,Sun,2025-07-13,15:30,Juan Pablo II,1.0,Alianza Univ,0.0,,Estadio de la Juventud,Micke Palomino,,https://fbref.com/en/matches/79263f76/Juan-Pablo-II-College-Alianza-Universidad-July-13-2025-Liga-1
Liga 1 de Fútbol Profesional,M,PER,2025,1st,Torneo Apertura,19,Sun,2025-07-13,18:30,Cusco,3.0,Sport Huancayo,0.0,,Estadio Inca Garcilaso de la Vega,Edwin Ordóñez,,https://fbref.com/en/matches/d47179de/Cusco-Sport-Huancayo-July-13-2025-Liga-1
Liga 1 de Fútbol Profesional,M,PER,2025,1st,Torneo Clausura,1,Fri,2025-07-18,15:00,Alianza Atlético,0.0,Sport Huancayo,0.0,,Estadio Campeones del 36,Micke Palomino,,https://fbref.com/en/matches/bbf45501/Alianza-Atletico-Sport-Huancayo-July-18-2025-Liga-1
Liga 1 de Fútbol Profesional,M,PER,2025,1st,Torneo Clausura,1,Fri,2025-07-18,19:00,Deportivo Garcilaso,3.0,CDC Santa Rosa,0.0,,Estadio Inca Garcilaso de la Vega,Joel Alarcón,,https://fbref.com/en/matches/7230e187/Deportivo-Garcilaso-CDC-Santa-Rosa-July-18-2025-Liga-1
Liga 1 de Fútbol Profesional,M,PER,2025,1st,Torneo Clausura,1,Fri,2025-07-18,21:00,Universitario,3.0,Comerciantes Unidos,1.0,,Estadio Monumental U Marathon,Robin Segura Tuanama,,https://fbref.com/en/matches/a916f101/Universitario-Comerciantes-Unidos-July-18-2025-Liga-1
Liga 1 de Fútbol Profesional,M,PER,2025,1st,Torneo Clausura,1,Sat,2025-07-19,13:00,UTC,1.0,Melgar,2.0,,Estadio Municipal Germán Contreras Jara,Diego Haro,,https://fbref.com/en/matches/2dde8e32/Universidad-Tecnica-de-Cajamarca-Melgar-July-19-2025-Liga-1
Liga 1 de Fútbol Profesional,M,PER,2025,1st,Torneo Clausura,1,Sat,2025-07-19,15:15,ADT Tarma,1.0,Cienciano,0.0,,Estadio Municipal Unión de Tarma,Roberto Pérez,,https://fbref.com/en/matches/4ea8c26d/ADT-Tarma-Cienciano-July-19-2025-Liga-1
Liga 1 de Fútbol Profesional,M,PER,2025,1st,Torneo Clausura,1,Sat,2025-07-19,18:00,Cusco,2.0,Alianza Lima,0.0,,Estadio Inca Garcilaso de la Vega,Daniel Ureta,,https://fbref.com/en/matches/96096505/Cusco-Alianza-Lima-July-19-2025-Liga-1
Liga 1 de Fútbol Profesional,M,PER,2025,1st,Torneo Clausura,1,Sun,2025-07-20,11:00,Sporting Cristal,3.0,Alianza Univ,0.0,,Estadio Alberto Gallardo,Michael Espinoza,,https://fbref.com/en/matches/fb2c2f4c/Sporting-Cristal-Alianza-Universidad-July-20-2025-Liga-1
Liga 1 de Fútbol Profesional,M,PER,2025,1st,Torneo Clausura,1,Sun,2025-07-20,13:15,Ayacucho,1.0,Atlético Grau,2.0,,Estadio Manuel Eloy Molina Robles,Jhonathan Zamora,,https://fbref.com/en/matches/e9fe7410/Ayacucho-Atletico-Grau-July-20-2025-Liga-1
Liga 1 de Fútbol Profesional,M,PER,2025,1st,Torneo Clausura,1,Sun,2025-07-20,15:30,Juan Pablo II,3.0,Sport Boys,0.0,,Estadio de la Juventud,Jesús Cartagena,,https://fbref.com/en/matches/7ffda4a6/Juan-Pablo-II-College-Sport-Boys-July-20-2025-Liga-1
Liga 1 de Fútbol Profesional,M,PER,2025,1st,Torneo Clausura,2,Fri,2025-07-25,15:00,Sport Huancayo,5.0,Juan Pablo II,1.0,,Estadio Huancayo,Diego Haro,,https://fbref.com/en/matches/ce6b58f0/Sport-Huancayo-Juan-Pablo-II-College-July-25-2025-Liga-1
Liga 1 de Fútbol Profesional,M,PER,2025,1st,Torneo Clausura,2,Fri,2025-07-25,18:00,Binacional,0.0,UTC,0.0,,Estadio Guillermo Briceño Rosamedina,Michael Espinoza,,https://fbref.com/en/matches/fb6985e6/Binacional-Universidad-Tecnica-de-Cajamarca-July-25-2025-Liga-1
Liga 1 de Fútbol Profesional,M,PER,2025,1st,Torneo Clausura,2,Sat,2025-07-26,13:00,Alianza Univ,1.0,Ayacucho,2.0,,Estadio Heraclio Tapia León,Pablo López,,https://fbref.com/en/matches/1d116bb2/Alianza-Universidad-Ayacucho-July-26-2025-Liga-1
Liga 1 de Fútbol Profesional,M,PER,2025,1st,Torneo Clausura,2,Sat,2025-07-26,15:30,Sport Boys,0.0,Sporting Cristal,2.0,,Estadio Miguel Grau del Callao,Kevin Ortega,,https://fbref.com/en/matches/924a931e/Sport-Boys-Sporting-Cristal-July-26-2025-Liga-1
Liga 1 de Fútbol Profesional,M,PER,2025,1st,Torneo Clausura,2,Sat,2025-07-26,18:30,Cienciano,1.0,Universitario,1.0,,Estadio Inca Garcilaso de la Vega,Augusto Menéndez,,https://fbref.com/en/matches/d43b61f4/Cienciano-Universitario-July-26-2025-Liga-1
Liga 1 de Fútbol Profesional,M,PER,2025,1st,Torneo Clausura,2,Sun,2025-07-27,13:00,Melgar,0.0,Cusco,2.0,,Estadio de la Universidad Nacional San A...,Roberto Pérez,,https://fbref.com/en/matches/48e14275/Melgar-Cusco-July-27-2025-Liga-1
Liga 1 de Fútbol Profesional,M,PER,2025,1st,Torneo Clausura,2,Sun,2025-07-27,15:15,Comerciantes Unidos,0.0,Deportivo Garcilaso,0.0,,Estadio Juan Maldonado Gamarra,Jesús Cartagena,,https://fbref.com/en/matches/cd26979b/Comerciantes-Unidos-Deportivo-Garcilaso-July-27-2025-Liga-1
Liga 1 de Fútbol Profesional,M,PER,2025,1st,Torneo Clausura,2,Sun,2025-07-27,18:00,Alianza Lima,1.0,Alianza Atlético,1.0,,Estadio Alejandro Villanueva,Joel Alarcón,,https://fbref.com/en/matches/86f962e3/Alianza-Lima-Alianza-Atletico-July-27-2025-Liga-1
Liga 1 de Fútbol Profesional,M,PER,2025,1st,Torneo Clausura,3,Wed,2025-07-30,13:00,Ayacucho,0.0,Sport Boys,0.0,,Estadio Ciudad de Cumaná,Joel Alarcón,,https://fbref.com/en/matches/50853fdf/Ayacucho-Sport-Boys-July-30-2025-Liga-1
Liga 1 de Fútbol Profesional,M,PER,2025,1st,Torneo Clausura,3,Wed,2025-07-30,15:15,Sporting Cristal,5.0,Sport Huancayo,0.0,,Estadio Alberto Gallardo,Roberto Pérez,,https://fbref.com/en/matches/e90ed384/Sporting-Cristal-Sport-Huancayo-July-30-2025-Liga-1
Liga 1 de Fútbol Profesional,M,PER,2025,1st,Torneo Clausura,3,Thu,2025-07-31,13:00,ADT Tarma,0.0,Alianza Univ,3.0,,Estadio Municipal Unión de Tarma,Edwin Ordóñez,,https://fbref.com/en/matches/75d962e6/ADT-Tarma-Alianza-Universidad-July-31-2025-Liga-1
Liga 1 de Fútbol Profesional,M,PER,2025,1st,Torneo Clausura,3,Thu,2025-07-31,15:15,Cusco,2.0,Binacional,0.0,,Estadio Inca Garcilaso de la Vega,Jesús Cartagena,,https://fbref.com/en/matches/d0e915d2/Cusco-Binacional-July-31-2025-Liga-1
Liga 1 de Fútbol Profesional,M,PER,2025,1st,Torneo Clausura,3,Thu,2025-07-31,19:00,Juan Pablo II,1.0,Alianza Lima,2.0,,Estadio Mansiche,Pablo López,,https://fbref.com/en/matches/0367c58e/Juan-Pablo-II-College-Alianza-Lima-July-31-2025-Liga-1
Liga 1 de Fútbol Profesional,M,PER,2025,1st,Torneo Clausura,3,Thu,2025-07-31,21:00,Universitario,3.0,Atlético Grau,1.0,,Estadio Monumental U Marathon,Jordy Espinoza,,https://fbref.com/en/matches/bfd5aa41/Universitario-Atletico-Grau-July-31-2025-Liga-1
Liga 1 de Fútbol Profesional,M,PER,2025,1st,Torneo Clausura,3,Fri,2025-08-01,13:00,CDC Santa Rosa,3.0,Comerciantes Unidos,2.0,,Estadio Los Chankas,Jhonathan Zamora,,https://fbref.com/en/matches/46c47baf/CDC-Santa-Rosa-Comerciantes-Unidos-August-1-2025-Liga-1
Liga 1 de Fútbol Profesional,M,PER,2025,1st,Torneo Clausura,3,Fri,2025-08-01,15:15,Alianza Atlético,0.0,Melgar,0.0,,Estadio Campeones del 36,Julio Quiróz,,https://fbref.com/en/matches/8aa11d8f/Alianza-Atletico-Melgar-August-1-2025-Liga-1
Liga 1 de Fútbol Profesional,M,PER,2025,1st,Torneo Clausura,3,Fri,2025-08-01,19:00,Deportivo Garcilaso,2.0,Cienciano,1.0,,Estadio Inca Garcilaso de la Vega,Daniel Ureta,,https://fbref.com/en/matches/79434003/Deportivo-Garcilaso-Cienciano-August-1-2025-Liga-1
Liga 1 de Fútbol Profesional,M,PER,2025,1st,Torneo Clausura,4,Sun,2025-08-03,15:00,Sport Huancayo,3.0,Ayacucho,1.0,,Estadio Huancayo,Sebastián Lozano,,https://fbref.com/en/matches/c498eaca/Sport-Huancayo-Ayacucho-August-3-2025-Liga-1
Liga 1 de Fútbol Profesional,M,PER,2025,1st,Torneo Clausura,4,Mon,2025-08-04,13:00,UTC,1.0,Cusco,2.0,,Estadio Héroes de San Ramón,Jhonathan Zamora,,https://fbref.com/en/matches/1a32e645/Universidad-Tecnica-de-Cajamarca-Cusco-August-4-2025-Liga-1
Liga 1 de Fútbol Profesional,M,PER,2025,1st,Torneo Clausura,4,Mon,2025-08-04,15:00,Sport Boys,1.0,ADT Tarma,0.0,,Estadio Miguel Grau del Callao,Michael Espinoza,,https://fbref.com/en/matches/9aafce33/Sport-Boys-ADT-Tarma-August-4-2025-Liga-1
Liga 1 de Fútbol Profesional,M,PER,2025,1st,Torneo Clausura,4,Mon,2025-08-04,19:00,Cienciano,3.0,CDC Santa Rosa,0.0,,Estadio Inca Garcilaso de la Vega,Julio Quiróz,,https://fbref.com/en/matches/0bbbd592/Cienciano-CDC-Santa-Rosa-August-4-2025-Liga-1
Liga 1 de Fútbol Profesional,M,PER,2025,1st,Torneo Clausura,4,Tue,2025-08-05,12:00,Alianza Univ,0.0,Universitario,2.0,,Estadio Heraclio Tapia León,Kevin Ortega,,https://fbref.com/en/matches/5a9514e3/Alianza-Universidad-Universitario-August-5-2025-Liga-1
Liga 1 de Fútbol Profesional,M,PER,2025,1st,Torneo Clausura,4,Tue,2025-08-05,15:00,Melgar,1.0,Juan Pablo II,1.0,,Estadio de la Universidad Nacional San A...,Daniel Ureta,,https://fbref.com/en/matches/abbf4598/Melgar-Juan-Pablo-II-College-August-5-2025-Liga-1
Liga 1 de Fútbol Profesional,M,PER,2025,1st,Torneo Clausura,4,Tue,2025-08-05,20:00,Alianza Lima,0.0,Sporting Cristal,0.0,,Estadio Alejandro Villanueva,Augusto Méndez,,https://fbref.com/en/matches/d4c3d544/Alianza-Lima-Sporting-Cristal-August-5-2025-Liga-1
Liga 1 de Fútbol Profesional,M,PER,2025,1st,Torneo Clausura,4,Wed,2025-08-06,15:00,Atlético Grau,1.0,Deportivo Garcilaso,1.0,,Estadio Campeones del 36,Victor Cori,,https://fbref.com/en/matches/60619bf8/Atletico-Grau-Deportivo-Garcilaso-August-6-2025-Liga-1
Liga 1 de Fútbol Profesional,M,PER,2025,1st,Torneo Clausura,4,Wed,2025-08-06,17:30,Binacional,2.0,Alianza Atlético,0.0,,Estadio Guillermo Briceño Rosamedina,Italo Gonzáles,,https://fbref.com/en/matches/d329db17/Binacional-Alianza-Atletico-August-6-2025-Liga-1
Liga 1 de Fútbol Profesional,M,PER,2025,1st,Torneo Clausura,5,Fri,2025-08-08,15:00,Comerciantes Unidos,1.0,Cienciano,1.0,,Estadio Juan Maldonado Gamarra,Pablo López,,https://fbref.com/en/matches/c8e48039/Comerciantes-Unidos-Cienciano-August-8-2025-Liga-1
Liga 1 de Fútbol Profesional,M,PER,2025,1st,Torneo Clausura,5,Sat,2025-08-09,13:00,Ayacucho,0.0,Alianza Lima,1.0,,Estadio Ciudad de Cumaná,Micke Palomino,,https://fbref.com/en/matches/80d74036/Ayacucho-Alianza-Lima-August-9-2025-Liga-1
Liga 1 de Fútbol Profesional,M,PER,2025,1st,Torneo Clausura,5,Sat,2025-08-09,15:15,ADT Tarma,1.0,Sport Huancayo,0.0,,Estadio Municipal Unión de Tarma,Augusto Menéndez,,https://fbref.com/en/matches/09e88b50/ADT-Tarma-Sport-Huancayo-August-9-2025-Liga-1
Liga 1 de Fútbol Profesional,M,PER,2025,1st,Torneo Clausura,5,Sat,2025-08-09,18:30,Universitario,1.0,Sport Boys,0.0,,Estadio Monumental U Marathon,Roberto Pérez,,https://fbref.com/en/matches/9a714b55/Universitario-Sport-Boys-August-9-2025-Liga-1
Liga 1 de Fútbol Profesional,M,PER,2025,1st,Torneo Clausura,5,Sun,2025-08-10,11:00,Sporting Cristal,1.0,Melgar,0.0,,Estadio Alberto Gallardo,Edwin Ordóñez,,https://fbref.com/en/matches/65f2a695/Sporting-Cristal-Melgar-August-10-2025-Liga-1
Liga 1 de Fútbol Profesional,M,PER,2025,1st,Torneo Clausura,5,Sun,2025-08-10,13:15,CDC Santa Rosa,3.0,Atlético Grau,2.0,,Estadio Los Chankas,Jesús Cartagena,,https://fbref.com/en/matches/6511564a/CDC-Santa-Rosa-Atletico-Grau-August-10-2025-Liga-1
Liga 1 de Fútbol Profesional,M,PER,2025,1st,Torneo Clausura,5,Sun,2025-08-10,15:30,Juan Pablo II,0.0,Binacional,0.0,,Estadio de la Juventud,Jhonathan Zamora,,https://fbref.com/en/matches/449841a2/Juan-Pablo-II-College-Binacional-August-10-2025-Liga-1
Liga 1 de Fútbol Profesional,M,PER,2025,1st,Torneo Clausura,5,Mon,2025-08-11,15:00,Alianza Atlético,2.0,UTC,0.0,,Estadio Campeones del 36,Sebastián Lozano,,https://fbref.com/en/matches/b185eb6f/Alianza-Atletico-Universidad-Tecnica-de-Cajamarca-August-11-2025-Liga-1
Liga 1 de Fútbol Profesional,M,PER,2025,1st,Torneo Clausura,5,Mon,2025-08-11,19:00,Deportivo Garcilaso,1.0,Alianza Univ,1.0,,Estadio Inca Garcilaso de la Vega,Christian Zegarra,,https://fbref.com/en/matches/7cd74316/Deportivo-Garcilaso-Alianza-Universidad-August-11-2025-Liga-1
Liga 1 de Fútbol Profesional,M,PER,2025,1st,Torneo Clausura,6,Fri,2025-08-15,15:00,Atlético Grau,1.0,Comerciantes Unidos,2.0,,Estadio Campeones del 36,Roberto Pérez,,https://fbref.com/en/matches/701c53c7/Atletico-Grau-Comerciantes-Unidos-August-15-2025-Liga-1
Liga 1 de Fútbol Profesional,M,PER,2025,1st,Torneo Clausura,6,Fri,2025-08-15,20:00,Sport Boys,0.0,Deportivo Garcilaso,1.0,,Estadio Miguel Grau del Callao,Jordy Espinoza,,https://fbref.com/en/matches/50175217/Sport-Boys-Deportivo-Garcilaso-August-15-2025-Liga-1
Liga 1 de Fútbol Profesional,M,PER,2025,1st,Torneo Clausura,6,Sat,2025-08-16,15:15,UTC,0.0,Juan Pablo II,0.0,,Estadio Héroes de San Ramón,Edwin Ordóñez,,https://fbref.com/en/matches/99689dc1/Universidad-Tecnica-de-Cajamarca-Juan-Pablo-II-College-August-16-2025-Liga-1
Liga 1 de Fútbol Profesional,M,PER,2025,1st,Torneo Clausura,6,Sat,2025-08-16,17:30,Binacional,1.0,Sporting Cristal,3.0,,Estadio Guillermo Briceño Rosamedina,Daniel Ureta,,https://fbref.com/en/matches/26397b44/Binacional-Sporting-Cristal-August-16-2025-Liga-1
Liga 1 de Fútbol Profesional,M,PER,2025,1st,Torneo Clausura,6,Sat,2025-08-16,20:00,Alianza Lima,3.0,ADT Tarma,1.0,,Estadio Alejandro Villanueva,Julio Quiróz,,https://fbref.com/en/matches/d26d34ca/Alianza-Lima-ADT-Tarma-August-16-2025-Liga-1
Liga 1 de Fútbol Profesional,M,PER,2025,1st,Torneo Clausura,6,Sun,2025-08-17,12:00,Sport Huancayo,1.0,Universitario,1.0,,Estadio Huancayo,Pablo López,,https://fbref.com/en/matches/9cc31eef/Sport-Huancayo-Universitario-August-17-2025-Liga-1
Liga 1 de Fútbol Profesional,M,PER,2025,1st,Torneo Clausura,6,Sun,2025-08-17,15:00,Melgar,2.0,Ayacucho,1.0,,Estadio de la Universidad Nacional San A...,Jesús Cartagena,,https://fbref.com/en/matches/a3228381/Melgar-Ayacucho-August-17-2025-Liga-1
Liga 1 de Fútbol Profesional,M,PER,2025,1st,Torneo Clausura,6,Sun,2025-08-17,18:30,Cusco,1.0,Alianza Atlético,0.0,,Estadio Inca Garcilaso de la Vega,Victor Cori,,https://fbref.com/en/matches/ac18828f/Cusco-Alianza-Atletico-August-17-2025-Liga-1
Liga 1 de Fútbol Profesional,M,PER,2025,1st,Torneo Clausura,7,Fri,2025-08-22,15:15,Juan Pablo II,0.0,Cusco,0.0,,Estadio de la Juventud,Michael Espinoza,,https://fbref.com/en/matches/46c946c3/Juan-Pablo-II-College-Cusco-August-22-2025-Liga-1
Liga 1 de Fútbol Profesional,M,PER,2025,1st,Torneo Clausura,7,Sat,2025-08-23,11:00,Sporting Cristal,2.0,UTC,2.0,,Estadio Alberto Gallardo,Diego Haro,,https://fbref.com/en/matches/179d67dd/Sporting-Cristal-Universidad-Tecnica-de-Cajamarca-August-23-2025-Liga-1
Liga 1 de Fútbol Profesional,M,PER,2025,1st,Torneo Clausura,7,Sat,2025-08-23,13:15,CDC Santa Rosa,2.0,Sport Boys,1.0,,Estadio Los Chankas,Joel Alarcón,,https://fbref.com/en/matches/23138d26/CDC-Santa-Rosa-Sport-Boys-August-23-2025-Liga-1
Liga 1 de Fútbol Profesional,M,PER,2025,1st,Torneo Clausura,7,Sat,2025-08-23,15:30,Comerciantes Unidos,1.0,Alianza Univ,2.0,,Estadio Juan Maldonado Gamarra,Jhonathan Zamora,,https://fbref.com/en/matches/45972a30/Comerciantes-Unidos-Alianza-Universidad-August-23-2025-Liga-1
Liga 1 de Fútbol Profesional,M,PER,2025,1st,Torneo Clausura,7,Sat,2025-08-23,18:00,Deportivo Garcilaso,1.0,Sport Huancayo,1.0,,Estadio Inca Garcilaso de la Vega,Micke Palomino,,https://fbref.com/en/matches/8dd1b68d/Deportivo-Garcilaso-Sport-Huancayo-August-23-2025-Liga-1
Liga 1 de Fútbol Profesional,M,PER,2025,1st,Torneo Clausura,7,Sun,2025-08-24,13:00,ADT Tarma,2.0,Melgar,2.0,,Estadio Municipal Unión de Tarma,Christian Zegarra,,https://fbref.com/en/matches/622c94d6/ADT-Tarma-Melgar-August-24-2025-Liga-1
Liga 1 de Fútbol Profesional,M,PER,2025,1st,Torneo Clausura,7,Sun,2025-08-24,15:15,Cienciano,1.0,Atlético Grau,0.0,,Estadio Inca Garcilaso de la Vega,Kevin Ortega,,https://fbref.com/en/matches/1a100095/Cienciano-Atletico-Grau-August-24-2025-Liga-1
Liga 1 de Fútbol Profesional,M,PER,2025,1st,Torneo Clausura,7,Sun,2025-08-24,17:30,Universitario,0.0,Alianza Lima,0.0,,Estadio Monumental U Marathon,Jordy Espinoza,,https://fbref.com/en/matches/2467a788/Universitario-Alianza-Lima-August-24-2025-Liga-1
Liga 1 de Fútbol Profesional,M,PER,2025,1st,Torneo Clausura,6,Sat,2025-08-30,15:00,Alianza Univ,2.0,CDC Santa Rosa,1.0,,Estadio Heraclio Tapia León,Victor Cori,,https://fbref.com/en/matches/9f740a3a/Alianza-Universidad-CDC-Santa-Rosa-August-30-2025-Liga-1
Liga 1 de Fútbol Profesional,M,PER,2025,1st,Torneo Clausura,2,Sun,2025-08-31,15:15,Atlético Grau,2.0,ADT Tarma,0.0,,Estadio Campeones del 36,Pablo López,,https://fbref.com/en/matches/c4406435/Atletico-Grau-ADT-Tarma-August-31-2025-Liga-1
Liga 1 de Fútbol Profesional,M,PER,2025,1st,Torneo Clausura,8,Fri,2025-09-12,13:00,UTC,0.0,Ayacucho,1.0,,Estadio Héroes de San Ramón,Robin Segura Tuanama,,https://fbref.com/en/matches/1b2d24c5/Universidad-Tecnica-de-Cajamarca-Ayacucho-September-12-2025-Liga-1
Liga 1 de Fútbol Profesional,M,PER,2025,1st,Torneo Clausura,8,Fri,2025-09-12,15:15,Sport Huancayo,1.0,CDC Santa Rosa,2.0,,Estadio Huancayo,Jhonathan Zamora,,https://fbref.com/en/matches/c0e051e3/Sport-Huancayo-CDC-Santa-Rosa-September-12-2025-Liga-1
Liga 1 de Fútbol Profesional,M,PER,2025,1st,Torneo Clausura,8,Sat,2025-09-13,13:00,Sport Boys,0.0,Comerciantes Unidos,1.0,,Estadio Miguel Grau del Callao,Micke Palomino,,https://fbref.com/en/matches/cd8630f3/Sport-Boys-Comerciantes-Unidos-September-13-2025-Liga-1
Liga 1 de Fútbol Profesional,M,PER,2025,1st,Torneo Clausura,8,Sat,2025-09-13,15:15,Alianza Atlético,0.0,Juan Pablo II,1.0,,Estadio Campeones del 36,Kevin Ortega,,https://fbref.com/en/matches/3db595a8/Alianza-Atletico-Juan-Pablo-II-College-September-13-2025-Liga-1
Liga 1 de Fútbol Profesional,M,PER,2025,1st,Torneo Clausura,8,Sat,2025-09-13,19:00,Alianza Lima,3.0,Deportivo Garcilaso,4.0,,Estadio Alejandro Villanueva,Diego Haro,,https://fbref.com/en/matches/8236a4f1/Alianza-Lima-Deportivo-Garcilaso-September-13-2025-Liga-1
Liga 1 de Fútbol Profesional,M,PER,2025,1st,Torneo Clausura,8,Sun,2025-09-14,12:30,Alianza Univ,0.0,Cienciano,3.0,,Estadio Heraclio Tapia León,Jesús Cartagena,,https://fbref.com/en/matches/da38b5bb/Alianza-Universidad-Cienciano-September-14-2025-Liga-1
Liga 1 de Fútbol Profesional,M,PER,2025,1st,Torneo Clausura,8,Sun,2025-09-14,15:00,Melgar,1.0,Universitario,2.0,,Estadio de la Universidad Nacional San A...,Joel Alarcón,,https://fbref.com/en/matches/a7f663d4/Melgar-Universitario-September-14-2025-Liga-1
Liga 1 de Fútbol Profesional,M,PER,2025,1st,Torneo Clausura,8,Sun,2025-09-14,17:30,Cusco,3.0,Sporting Cristal,2.0,,Estadio Inca Garcilaso de la Vega,Julio Quiróz,,https://fbref.com/en/matches/650d7017/Cusco-Sporting-Cristal-September-14-2025-Liga-1
