Competition_Name,Gender,Country,Season_End_Year,Tier,Round,Wk,Day,Date,Time,Home,HomeGoals,Away,AwayGoals,Attendance,Venue,Referee,Notes,MatchURL,home_cc,Home_clean,away_cc,Away_clean
Copa Sudamericana,M,,2014,,First stage,,Tue,2014-08-19,17:00,Universitario bo,2.0,cl Iquique,0.0,,Estadio Olímpico Patria,Mario Díaz de Vivar,Leg 1 of 2,https://fbref.com/en/matches/d38086cb/Universitario-de-Sucre-Iquique-August-19-2014-Copa-Sudamericana,bo,Universitario,cl,Iquique
Copa Sudamericana,M,,2014,,First stage,,Tue,2014-08-19,18:00,Rentistas uy,0.0,py Cerro Porteño,2.0,,Estadio Luis Franzini,Diego Ceballos,Leg 1 of 2,https://fbref.com/en/matches/1db5e35a/Rentistas-Cerro-Porteno-August-19-2014-Copa-Sudamericana,uy,Rentistas,py,Cerro Porteño
Copa Sudamericana,M,,2014,,First stage,,Tue,2014-08-19,18:15,Univ Católica ec,1.0,ve Anzoátegui,1.0,,Estadio Olímpico Atahualpa,Jorge Mancilla,Leg 1 of 2,https://fbref.com/en/matches/6f12745e/Univ-Catolica-Anzoategui-August-19-2014-Copa-Sudamericana,ec,Univ Católica,ve,Anzoátegui
Copa Sudamericana,M,,2014,,First stage,,Tue,2014-08-19,18:15,Rionegro co,1.0,ec CS Emelec,1.0,,Estadio Hernán Ramírez Villegas,Péricles Bassols Pegado Cortez,Leg 1 of 2,https://fbref.com/en/matches/b7a14383/Rionegro-CS-Emelec-August-19-2014-Copa-Sudamericana,co,Rionegro,ec,CS Emelec
Copa Sudamericana,M,,2014,,First stage,,Tue,2014-08-19,21:30,Huachipato cl,3.0,bo San José,1.0,,Estadio CAP,Pablo Díaz,Leg 1 of 2,https://fbref.com/en/matches/7db4de75/Huachipato-San-Jose-August-19-2014-Copa-Sudamericana,cl,Huachipato,bo,San José
Copa Sudamericana,M,,2014,,First stage,,Wed,2014-08-20,16:00,UTC pe,0.0,co AD Cali,0.0,,Estadio Héroes de San Ramón,Julio Bascuñán,Leg 1 of 2,https://fbref.com/en/matches/23b4842a/Universidad-Tecnica-de-Cajamarca-AD-Cali-August-20-2014-Copa-Sudamericana,pe,UTC,co,AD Cali
Copa Sudamericana,M,,2014,,First stage,,Wed,2014-08-20,17:00,Nacional Potosí bo,1.0,py Libertad,0.0,,Estadio Victor Agustín Ugarte,Roddy Zambrano,Leg 1 of 2,https://fbref.com/en/matches/dd773063/Nacional-Potosi-Libertad-August-20-2014-Copa-Sudamericana,bo,Nacional Potosí,py,Libertad
Copa Sudamericana,M,,2014,,First stage,,Wed,2014-08-20,19:15,General Díaz py,2.0,cl Cobresal,1.0,,Estadio Feliciano Cáceres,Andrés Cunha,Leg 1 of 2,https://fbref.com/en/matches/aab55d3d/General-Diaz-Cobresal-August-20-2014-Copa-Sudamericana,py,General Díaz,cl,Cobresal
Copa Sudamericana,M,,2014,,First stage,,Wed,2014-08-20,20:15,Peñarol uy,2.0,bo Wilstermann,0.0,,Estadio Centenario,Wilton Sampaio,Leg 1 of 2,https://fbref.com/en/matches/56adec9e/Penarol-Jorge-Wilstermann-August-20-2014-Copa-Sudamericana,uy,Peñarol,bo,Wilstermann
Copa Sudamericana,M,,2014,,First stage,,Wed,2014-08-20,21:00,La Guaira ve,1.0,co Nacional,1.0,,Estadio Olímpico,Diego Haro,Leg 1 of 2,https://fbref.com/en/matches/e599755b/La-Guaira-Atletico-Nacional-August-20-2014-Copa-Sudamericana,ve,La Guaira,co,Nacional
Copa Sudamericana,M,,2014,,First stage,,Thu,2014-08-21,13:00,Ayacucho pe,0.0,ve Caracas FC,1.0,,Estadio Ciudad de Cumaná,Diego Lara,Leg 1 of 2,https://fbref.com/en/matches/c2b48ec4/Ayacucho-Caracas-FC-August-21-2014-Copa-Sudamericana,pe,Ayacucho,ve,Caracas FC
Copa Sudamericana,M,,2014,,First stage,,Thu,2014-08-21,16:15,Capiatá py,3.0,uy Danubio,1.0,,Estadio Feliciano Cáceres,Roberto Tobar,Leg 1 of 2,https://fbref.com/en/matches/62f63ada/Deportivo-Capiata-Danubio-August-21-2014-Copa-Sudamericana,py,Capiatá,uy,Danubio
Copa Sudamericana,M,,2014,,First stage,,Thu,2014-08-21,17:30,Barcelona SC ec,3.0,pe Alianza Lima,0.0,,Estadio Monumental Isidro Romero Carbo,Adrián Vélez,Leg 1 of 2,https://fbref.com/en/matches/1e585363/Barcelona-SC-Alianza-Lima-August-21-2014-Copa-Sudamericana,ec,Barcelona SC,pe,Alianza Lima
Copa Sudamericana,M,,2014,,First stage,,Thu,2014-08-21,18:00,Trujillanos ve,0.0,ec Independiente,1.0,,Estadio José Alberto Pérez,Wilson Lamouroux,Leg 1 of 2,https://fbref.com/en/matches/dbfe36b3/Trujillanos-Independiente-August-21-2014-Copa-Sudamericana,ve,Trujillanos,ec,Independiente
Copa Sudamericana,M,,2014,,First stage,,Thu,2014-08-21,19:50,Millonarios co,1.0,pe U César Vallejo,2.0,,Estadio Nemesio Camacho El Campín,José Argote,Leg 1 of 2,https://fbref.com/en/matches/4633dc5f/Millonarios-Universidad-Cesar-Vallejo-August-21-2014-Copa-Sudamericana,co,Millonarios,pe,U César Vallejo
Copa Sudamericana,M,,2014,,First stage,,Thu,2014-08-21,20:50,Univ Católica cl,0.0,uy River Plate,1.0,,Estadio San Carlos de Apoquindo,Enrique Cáceres,Leg 1 of 2,https://fbref.com/en/matches/21c66fd1/Univ-Catolica-River-Plate-August-21-2014-Copa-Sudamericana,cl,Univ Católica,uy,River Plate
Copa Sudamericana,M,,2014,,First stage,,Tue,2014-08-26,16:00,San José bo,2.0,cl Huachipato,3.0,,Estadio Jesús Bermúdez,Ulises Mereles,Leg 2 of 2; Huachipato won,https://fbref.com/en/matches/3792ee2d/San-Jose-Huachipato-August-26-2014-Copa-Sudamericana,bo,San José,cl,Huachipato
Copa Sudamericana,M,,2014,,First stage,,Tue,2014-08-26,17:30,CS Emelec ec,2.0,co Rionegro,1.0,,Estadio Banco del Pacífico,Mauro Vigliano,Leg 2 of 2; CS Emelec won,https://fbref.com/en/matches/3b6863dc/CS-Emelec-Rionegro-August-26-2014-Copa-Sudamericana,ec,CS Emelec,co,Rionegro
Copa Sudamericana,M,,2014,,First stage,,Tue,2014-08-26,18:00,Anzoátegui ve,1.0,ec Univ Católica,1.0,,Estadio Olímpico General José Antonio An...,Miguel Santiváñez,Leg 2 of 2; Univ Católica won; Univ Católica won on penalty kicks following extra time,https://fbref.com/en/matches/3a19cb9a/Anzoategui-Univ-Catolica-August-26-2014-Copa-Sudamericana,ve,Anzoátegui,ec,Univ Católica
Copa Sudamericana,M,,2014,,First stage,,Tue,2014-08-26,21:00,Cerro Porteño py,0.0,uy Rentistas,1.0,,Estadio General Pablo Rojas,Néstor Pitana,Leg 2 of 2; Cerro Porteño won,https://fbref.com/en/matches/303b27e4/Cerro-Porteno-Rentistas-August-26-2014-Copa-Sudamericana,py,Cerro Porteño,uy,Rentistas
Copa Sudamericana,M,,2014,,First stage,,Tue,2014-08-26,21:00,Iquique cl,1.0,bo Universitario,0.0,,Estadio Tierra de Campeones,Fernando Falce,Leg 2 of 2; Universitario won,https://fbref.com/en/matches/c3298147/Iquique-Universitario-de-Sucre-August-26-2014-Copa-Sudamericana,cl,Iquique,bo,Universitario
Copa Sudamericana,M,,2014,,First stage,,Wed,2014-08-27,16:00,Independiente ec,1.0,ve Trujillanos,1.0,,Estadio General Rumiñahui del Valle de L...,Henry Gambetta,Leg 2 of 2; Independiente won,https://fbref.com/en/matches/bfdf5e71/Independiente-Trujillanos-August-27-2014-Copa-Sudamericana,ec,Independiente,ve,Trujillanos
Copa Sudamericana,M,,2014,,First stage,,Wed,2014-08-27,17:00,Cobresal cl,2.0,py General Díaz,2.0,,Estadio El Cobre,Gery Vargas,Leg 2 of 2; General Díaz won,https://fbref.com/en/matches/c8f1c8ff/Cobresal-General-Diaz-August-27-2014-Copa-Sudamericana,cl,Cobresal,py,General Díaz
Copa Sudamericana,M,,2014,,First stage,,Wed,2014-08-27,19:30,Libertad py,3.0,bo Nacional Potosí,0.0,,Estadio Dr. Nicolás Leoz,Martín Vázquez,Leg 2 of 2; Libertad won,https://fbref.com/en/matches/b7cc12bf/Libertad-Nacional-Potosi-August-27-2014-Copa-Sudamericana,py,Libertad,bo,Nacional Potosí
Copa Sudamericana,M,,2014,,First stage,,Wed,2014-08-27,20:30,River Plate uy,3.0,cl Univ Católica,0.0,,Estadio Luis Franzini,Víctor Carrillo,Leg 2 of 2; River Plate won,https://fbref.com/en/matches/40c0c57b/River-Plate-Univ-Catolica-August-27-2014-Copa-Sudamericana,uy,River Plate,cl,Univ Católica
Copa Sudamericana,M,,2014,,First stage,,Wed,2014-08-27,21:00,Alianza Lima pe,0.0,ec Barcelona SC,0.0,,Estadio Alejandro Villanueva,Ímer Machado,Leg 2 of 2; Barcelona SC won,https://fbref.com/en/matches/eb6e2636/Alianza-Lima-Barcelona-SC-August-27-2014-Copa-Sudamericana,pe,Alianza Lima,ec,Barcelona SC
Copa Sudamericana,M,,2014,,First stage,,Wed,2014-08-27,21:00,Nacional co,1.0,ve La Guaira,0.0,,Estadio Atanasio Girardot,Omar Ponce,Leg 2 of 2; Nacional won,https://fbref.com/en/matches/34e31c00/Atletico-Nacional-La-Guaira-August-27-2014-Copa-Sudamericana,co,Nacional,ve,La Guaira
Copa Sudamericana,M,,2014,,Second stage,,Wed,2014-08-27,22:00,Internacional br,0.0,br Bahia,2.0,,Estádio José Pinheiro Borba,Christian Ferreyra,Leg 1 of 2,https://fbref.com/en/matches/c9afd113/Internacional-Bahia-August-27-2014-Copa-Sudamericana,br,Internacional,br,Bahia
Copa Sudamericana,M,,2014,,First stage,,Thu,2014-08-28,17:00,Danubio uy,2.0,py Capiatá,2.0,,Estadio Luis Franzini,Germán Delfino,Leg 2 of 2; Capiatá won,https://fbref.com/en/matches/d50a4db3/Danubio-Deportivo-Capiata-August-28-2014-Copa-Sudamericana,uy,Danubio,py,Capiatá
Copa Sudamericana,M,,2014,,First stage,,Thu,2014-08-28,17:30,U César Vallejo pe,2.0,co Millonarios,2.0,,Estadio Mansiche,Carlos Ulloa,Leg 2 of 2; U César Vallejo won,https://fbref.com/en/matches/c6d4541e/Universidad-Cesar-Vallejo-Millonarios-August-28-2014-Copa-Sudamericana,pe,U César Vallejo,co,Millonarios
Copa Sudamericana,M,,2014,,First stage,,Thu,2014-08-28,18:00,Caracas FC ve,1.0,pe Ayacucho,0.0,,Estadio Olímpico,Luis Sánchez,Leg 2 of 2; Caracas FC won,https://fbref.com/en/matches/66d8e30c/Caracas-FC-Ayacucho-August-28-2014-Copa-Sudamericana,ve,Caracas FC,pe,Ayacucho
Copa Sudamericana,M,,2014,,Second stage,,Thu,2014-08-28,18:00,Fluminense br,2.0,br Goiás,1.0,,Estadio Jornalista Mário Filho,Enrique Cáceres,Leg 1 of 2,https://fbref.com/en/matches/8a6625fe/Fluminense-Goias-August-28-2014-Copa-Sudamericana,br,Fluminense,br,Goiás
Copa Sudamericana,M,,2014,,Second stage,,Thu,2014-08-28,20:00,Criciúma br,2.0,br São Paulo,1.0,,Estádio Heriberto Hülse,Julio Bascuñán,Leg 1 of 2,https://fbref.com/en/matches/5cc3d847/Criciuma-Sao-Paulo-August-28-2014-Copa-Sudamericana,br,Criciúma,br,São Paulo
Copa Sudamericana,M,,2014,,First stage,,Thu,2014-08-28,20:00,AD Cali co,3.0,pe UTC,0.0,,Estadio Deportivo Cali,Óscar Maldonado,Leg 2 of 2; AD Cali won,https://fbref.com/en/matches/62c50741/AD-Cali-Universidad-Tecnica-de-Cajamarca-August-28-2014-Copa-Sudamericana,co,AD Cali,pe,UTC
Copa Sudamericana,M,,2014,,First stage,,Thu,2014-08-28,21:00,Wilstermann bo,0.0,uy Peñarol,4.0,,Estadio Félix Capriles,Julio Quintana,Leg 2 of 2; Peñarol won,https://fbref.com/en/matches/4a258f89/Jorge-Wilstermann-Penarol-August-28-2014-Copa-Sudamericana,bo,Wilstermann,uy,Peñarol
Copa Sudamericana,M,,2014,,Second stage,,Thu,2014-08-28,22:00,Sport Recife br,0.0,br Vitória,1.0,,Estádio Adelmar da Costa Carvalho,Óscar Maldonado,Leg 1 of 2,https://fbref.com/en/matches/88f5bf4e/Sport-Recife-Vitoria-August-28-2014-Copa-Sudamericana,br,Sport Recife,br,Vitória
Copa Sudamericana,M,,2014,,Second stage,,Wed,2014-09-03,14:00,Gimnasia ELP ar,0.0,ar Estudiantes,0.0,,Estadio Juan Carmelo Zerillo,Diego Abal,Leg 1 of 2,https://fbref.com/en/matches/c7a4d7b0/Gimnasia-ELP-Estudiantes-September-3-2014-Copa-Sudamericana,ar,Gimnasia ELP,ar,Estudiantes
Copa Sudamericana,M,,2014,,Second stage,,Wed,2014-09-03,21:15,Godoy Cruz ar,0.0,ar River Plate,1.0,,Estadio Malvinas Argentinas,Silvio Trucco,Leg 1 of 2,https://fbref.com/en/matches/f8cdb57e/Godoy-Cruz-River-Plate-September-3-2014-Copa-Sudamericana,ar,Godoy Cruz,ar,River Plate
Copa Sudamericana,M,,2014,,Second stage,,Wed,2014-09-03,22:00,Goiás br,1.0,br Fluminense,0.0,,Estádio do Governo do Estado de Goiás,Francisco Carlos do Nascimento,Leg 2 of 2; Goiás won,https://fbref.com/en/matches/a07760cd/Goias-Fluminense-September-3-2014-Copa-Sudamericana,br,Goiás,br,Fluminense
Copa Sudamericana,M,,2014,,Second stage,,Wed,2014-09-03,22:00,Vitória br,2.0,br Sport Recife,1.0,,Estádio Manoel Barradas,Leandro Pedro Vuaden,Leg 2 of 2; Vitória won,https://fbref.com/en/matches/df9e7485/Vitoria-Sport-Recife-September-3-2014-Copa-Sudamericana,br,Vitória,br,Sport Recife
Copa Sudamericana,M,,2014,,Second stage,,Thu,2014-09-04,20:00,São Paulo br,2.0,br Criciúma,0.0,,Estádio do Morumbi,Ricardo Marques Ribeiro,Leg 2 of 2; São Paulo won,https://fbref.com/en/matches/3d74c4e0/Sao-Paulo-Criciuma-September-4-2014-Copa-Sudamericana,br,São Paulo,br,Criciúma
Copa Sudamericana,M,,2014,,Second stage,,Thu,2014-09-04,21:15,Rosario Cent ar,1.0,ar Boca Juniors,1.0,,Estadio Dr. Lisandro de la Torre,Mauro Vigliano,Leg 1 of 2,https://fbref.com/en/matches/1d4d8583/Rosario-Cent-Boca-Juniors-September-4-2014-Copa-Sudamericana,ar,Rosario Cent,ar,Boca Juniors
Copa Sudamericana,M,,2014,,Second stage,,Thu,2014-09-04,22:00,Bahia br,1.0,br Internacional,1.0,,Itaipava Arena Fonte Nova,Marcelo de Lima Henrique,Leg 2 of 2; Bahia won,https://fbref.com/en/matches/0f772071/Bahia-Internacional-September-4-2014-Copa-Sudamericana,br,Bahia,br,Internacional
Copa Sudamericana,M,,2014,,Second stage,,Wed,2014-09-10,19:15,Nacional co,0.0,py General Díaz,2.0,,Estadio Atanasio Girardot,Juan Soto,Leg 1 of 2,https://fbref.com/en/matches/362ee65e/Atletico-Nacional-General-Diaz-September-10-2014-Copa-Sudamericana,co,Nacional,py,General Díaz
Copa Sudamericana,M,,2014,,Second stage,,Thu,2014-09-11,19:15,Barcelona SC ec,1.0,py Libertad,0.0,,Estadio Monumental Isidro Romero Carbo,Patricio Loustau,Leg 1 of 2,https://fbref.com/en/matches/91cac4c2/Barcelona-SC-Libertad-September-11-2014-Copa-Sudamericana,ec,Barcelona SC,py,Libertad
Copa Sudamericana,M,,2014,,Second stage,,Tue,2014-09-16,17:00,Independiente ec,1.0,py Cerro Porteño,0.0,,Estadio General Rumiñahui del Valle de L...,Hernando Buitrago,Leg 1 of 2,https://fbref.com/en/matches/ce8202ee/Independiente-Cerro-Porteno-September-16-2014-Copa-Sudamericana,ec,Independiente,py,Cerro Porteño
Copa Sudamericana,M,,2014,,Second stage,,Tue,2014-09-16,19:00,Estudiantes ar,1.0,ar Gimnasia ELP,0.0,,Estadio Ciudad de La Plata,Néstor Pitana,Leg 2 of 2; Estudiantes won,https://fbref.com/en/matches/e08b762e/Estudiantes-Gimnasia-ELP-September-16-2014-Copa-Sudamericana,ar,Estudiantes,ar,Gimnasia ELP
Copa Sudamericana,M,,2014,,Second stage,,Tue,2014-09-16,20:15,Capiatá py,1.0,ve Caracas FC,1.0,,Estadio Feliciano Cáceres,José Jordán,Leg 1 of 2,https://fbref.com/en/matches/dcc9a740/Deportivo-Capiata-Caracas-FC-September-16-2014-Copa-Sudamericana,py,Capiatá,ve,Caracas FC
Copa Sudamericana,M,,2014,,Second stage,,Tue,2014-09-16,21:30,Peñarol uy,2.0,co AD Cali,2.0,,Estadio Centenario,Roddy Zambrano,Leg 1 of 2,https://fbref.com/en/matches/fdf68de6/Penarol-AD-Cali-September-16-2014-Copa-Sudamericana,uy,Peñarol,co,AD Cali
Copa Sudamericana,M,,2014,,Second stage,,Wed,2014-09-17,18:00,Huachipato cl,2.0,ec Univ Católica,0.0,,Estadio CAP,Andrés Cunha,Leg 1 of 2,https://fbref.com/en/matches/53bd771b/Huachipato-Univ-Catolica-September-17-2014-Copa-Sudamericana,cl,Huachipato,ec,Univ Católica
Copa Sudamericana,M,,2014,,Second stage,,Wed,2014-09-17,18:00,Universitario bo,2.0,pe U César Vallejo,2.0,,Estadio Olímpico Patria,Péricles Bassols Pegado Cortez,Leg 1 of 2,https://fbref.com/en/matches/3bfcc28d/Universitario-de-Sucre-Universidad-Cesar-Vallejo-September-17-2014-Copa-Sudamericana,bo,Universitario,pe,U César Vallejo
Copa Sudamericana,M,,2014,,Second stage,,Wed,2014-09-17,20:15,Libertad py,2.0,ec Barcelona SC,0.0,,Estadio Dr. Nicolás Leoz,Marcelo de Lima Henrique,Leg 2 of 2; Libertad won,https://fbref.com/en/matches/7eb7f339/Libertad-Barcelona-SC-September-17-2014-Copa-Sudamericana,py,Libertad,ec,Barcelona SC
Copa Sudamericana,M,,2014,,Second stage,,Wed,2014-09-17,21:15,River Plate ar,2.0,ar Godoy Cruz,0.0,,Estadio Monumental Antonio Vespucio Libe...,Saúl Laverni,Leg 2 of 2; River Plate won,https://fbref.com/en/matches/b6185251/River-Plate-Godoy-Cruz-September-17-2014-Copa-Sudamericana,ar,River Plate,ar,Godoy Cruz
Copa Sudamericana,M,,2014,,Second stage,,Thu,2014-09-18,19:15,CS Emelec ec,2.0,uy River Plate,1.0,,Estadio Banco del Pacífico,Julio Bascuñán,Leg 1 of 2,https://fbref.com/en/matches/4ea7c79c/CS-Emelec-River-Plate-September-18-2014-Copa-Sudamericana,ec,CS Emelec,uy,River Plate
Copa Sudamericana,M,,2014,,Second stage,,Thu,2014-09-18,21:15,Boca Juniors ar,3.0,ar Rosario Cent,0.0,,Estadio Alberto José Armando,Diego Abal,Leg 2 of 2; Boca Juniors won,https://fbref.com/en/matches/daf67c29/Boca-Juniors-Rosario-Cent-September-18-2014-Copa-Sudamericana,ar,Boca Juniors,ar,Rosario Cent
Copa Sudamericana,M,,2014,,Second stage,,Tue,2014-09-23,17:00,U César Vallejo pe,3.0,bo Universitario,0.0,,Estadio Mansiche,Adrián Vélez,Leg 2 of 2; U César Vallejo won,https://fbref.com/en/matches/6108e521/Universidad-Cesar-Vallejo-Universitario-de-Sucre-September-23-2014-Copa-Sudamericana,pe,U César Vallejo,bo,Universitario
Copa Sudamericana,M,,2014,,Second stage,,Tue,2014-09-23,20:15,Cerro Porteño py,3.0,ec Independiente,0.0,,Estadio Defensores del Chaco,Daniel Fedorczuk,Leg 2 of 2; Cerro Porteño won,https://fbref.com/en/matches/a8a25f93/Cerro-Porteno-Independiente-September-23-2014-Copa-Sudamericana,py,Cerro Porteño,ec,Independiente
Copa Sudamericana,M,,2014,,Second stage,,Wed,2014-09-24,17:00,Univ Católica ec,1.0,cl Huachipato,0.0,,Estadio Olímpico Atahualpa,José Argote,Leg 2 of 2; Huachipato won,https://fbref.com/en/matches/fe0bbbff/Univ-Catolica-Huachipato-September-24-2014-Copa-Sudamericana,ec,Univ Católica,cl,Huachipato
Copa Sudamericana,M,,2014,,Second stage,,Wed,2014-09-24,17:30,Caracas FC ve,1.0,py Capiatá,3.0,,Estadio Olímpico,Víctor Carrillo,Leg 2 of 2; Capiatá won,https://fbref.com/en/matches/266b5ddd/Caracas-FC-Deportivo-Capiata-September-24-2014-Copa-Sudamericana,ve,Caracas FC,py,Capiatá
Copa Sudamericana,M,,2014,,Second stage,,Wed,2014-09-24,19:15,AD Cali co,0.0,uy Peñarol,1.0,,Estadio Olímpico Pascual Guerrero,Antonio Arias,Leg 2 of 2; Peñarol won,https://fbref.com/en/matches/bf96b55e/AD-Cali-Penarol-September-24-2014-Copa-Sudamericana,co,AD Cali,uy,Peñarol
Copa Sudamericana,M,,2014,,Second stage,,Thu,2014-09-25,20:30,General Díaz py,1.0,co Nacional,3.0,,Estadio Feliciano Cáceres,Julio Bascuñán,Leg 2 of 2; Nacional won,https://fbref.com/en/matches/46174133/General-Diaz-Atletico-Nacional-September-25-2014-Copa-Sudamericana,py,General Díaz,co,Nacional
Copa Sudamericana,M,,2014,,Second stage,,Thu,2014-09-25,21:15,River Plate uy,1.0,ec CS Emelec,1.0,,Estadio Luis Franzini,Diego Ceballos,Leg 2 of 2; CS Emelec won,https://fbref.com/en/matches/4f786518/River-Plate-CS-Emelec-September-25-2014-Copa-Sudamericana,uy,River Plate,ec,CS Emelec
Copa Sudamericana,M,,2014,,Round of 16,,Tue,2014-09-30,20:30,São Paulo br,1.0,cl Huachipato,0.0,,Estádio do Morumbi,Christian Ferreyra,Leg 1 of 2,https://fbref.com/en/matches/37ea3b60/Sao-Paulo-Huachipato-September-30-2014-Copa-Sudamericana,br,São Paulo,cl,Huachipato
Copa Sudamericana,M,,2014,,Round of 16,,Wed,2014-10-01,19:30,Bahia br,2.0,pe U César Vallejo,0.0,,Itaipava Arena Fonte Nova,Carlos Amarilla,Leg 1 of 2,https://fbref.com/en/matches/b8732c31/Bahia-Universidad-Cesar-Vallejo-October-1-2014-Copa-Sudamericana,br,Bahia,pe,U César Vallejo
Copa Sudamericana,M,,2014,,Round of 16,,Wed,2014-10-01,20:00,CS Emelec ec,1.0,br Goiás,0.0,,Estadio Banco del Pacífico,Óscar Maldonado,Leg 1 of 2,https://fbref.com/en/matches/a9ad0629/CS-Emelec-Goias-October-1-2014-Copa-Sudamericana,ec,CS Emelec,br,Goiás
Copa Sudamericana,M,,2014,,Round of 16,,Wed,2014-10-01,20:00,Nacional co,2.0,br Vitória,2.0,,Estadio Atanasio Girardot,Carlos Vera,Leg 1 of 2,https://fbref.com/en/matches/cec4de5a/Atletico-Nacional-Vitoria-October-1-2014-Copa-Sudamericana,co,Nacional,br,Vitória
Copa Sudamericana,M,,2014,,Round of 16,,Tue,2014-10-14,19:15,Estudiantes ar,2.0,uy Peñarol,1.0,,Estadio Ciudad de La Plata,Enrique Osses,Leg 1 of 2,https://fbref.com/en/matches/7a3c7cf9/Estudiantes-Penarol-October-14-2014-Copa-Sudamericana,ar,Estudiantes,uy,Peñarol
Copa Sudamericana,M,,2014,,Round of 16,,Tue,2014-10-14,21:30,Cerro Porteño py,2.0,ar Lanús,1.0,,Estadio General Pablo Rojas,Darío Ubríaco,Leg 1 of 2,https://fbref.com/en/matches/582e8d59/Cerro-Porteno-Lanus-October-14-2014-Copa-Sudamericana,py,Cerro Porteño,ar,Lanús
Copa Sudamericana,M,,2014,,Round of 16,,Wed,2014-10-15,19:30,Huachipato cl,2.0,br São Paulo,3.0,,Estadio CAP,Antonio Arias,Leg 2 of 2; São Paulo won,https://fbref.com/en/matches/69e22686/Huachipato-Sao-Paulo-October-15-2014-Copa-Sudamericana,cl,Huachipato,br,São Paulo
Copa Sudamericana,M,,2014,,Round of 16,,Wed,2014-10-15,20:00,U César Vallejo pe,2.0,br Bahia,2.0,,Estadio Mansiche,Carlos Vera,Leg 2 of 2; U César Vallejo won; U César Vallejo won on penalty kicks following extra time,https://fbref.com/en/matches/697b09d8/Universidad-Cesar-Vallejo-Bahia-October-15-2014-Copa-Sudamericana,pe,U César Vallejo,br,Bahia
Copa Sudamericana,M,,2014,,Round of 16,,Wed,2014-10-15,21:15,Boca Juniors ar,0.0,py Capiatá,1.0,,Estadio Alberto José Armando,Sandro Ricci,Leg 1 of 2,https://fbref.com/en/matches/e480ca6d/Boca-Juniors-Deportivo-Capiata-October-15-2014-Copa-Sudamericana,ar,Boca Juniors,py,Capiatá
Copa Sudamericana,M,,2014,,Round of 16,,Wed,2014-10-15,22:00,Goiás br,1.0,ec CS Emelec,1.0,,Estádio de Hailé Pinheiro,Wilmar Roldán,Leg 2 of 2; CS Emelec won; CS Emelec won on penalty kicks following extra time,https://fbref.com/en/matches/36c454a9/Goias-CS-Emelec-October-15-2014-Copa-Sudamericana,br,Goiás,ec,CS Emelec
Copa Sudamericana,M,,2014,,Round of 16,,Thu,2014-10-16,19:15,Vitória br,0.0,co Nacional,1.0,,Estádio Manoel Barradas,Julio Bascuñán,Leg 2 of 2; Nacional won,https://fbref.com/en/matches/7f3c19dc/Vitoria-Atletico-Nacional-October-16-2014-Copa-Sudamericana,br,Vitória,co,Nacional
Copa Sudamericana,M,,2014,,Round of 16,,Thu,2014-10-16,21:30,Libertad py,1.0,ar River Plate,3.0,,Estadio Dr. Nicolás Leoz,Víctor Carrillo,Leg 1 of 2,https://fbref.com/en/matches/ca843711/Libertad-River-Plate-October-16-2014-Copa-Sudamericana,py,Libertad,ar,River Plate
Copa Sudamericana,M,,2014,,Round of 16,,Tue,2014-10-21,21:15,Lanús ar,1.0,py Cerro Porteño,1.0,,Estadio Ciudad de Lanús,Roddy Zambrano,Leg 2 of 2; Cerro Porteño won,https://fbref.com/en/matches/5a377dfb/Lanus-Cerro-Porteno-October-21-2014-Copa-Sudamericana,ar,Lanús,py,Cerro Porteño
Copa Sudamericana,M,,2014,,Round of 16,,Wed,2014-10-22,20:00,Peñarol uy,2.0,ar Estudiantes,2.0,,Estadio Centenario,Leandro Pedro Vuaden,Leg 2 of 2; Estudiantes won; Estudiantes won on penalty kicks following extra time,https://fbref.com/en/matches/f3da291a/Penarol-Estudiantes-October-22-2014-Copa-Sudamericana,uy,Peñarol,ar,Estudiantes
Copa Sudamericana,M,,2014,,Round of 16,,Wed,2014-10-22,21:30,River Plate ar,2.0,py Libertad,0.0,,Estadio Monumental Antonio Vespucio Libe...,Hernando Buitrago,Leg 2 of 2; River Plate won,https://fbref.com/en/matches/5bf3488d/River-Plate-Libertad-October-22-2014-Copa-Sudamericana,ar,River Plate,py,Libertad
Copa Sudamericana,M,,2014,,Round of 16,,Thu,2014-10-23,21:15,Capiatá py,0.0,ar Boca Juniors,0.0,,Estadio Lic. Erico Galeano Segovia,Wilmar Roldán,Leg 2 of 2; Boca Juniors won; Boca Juniors won on penalty kicks following extra time,https://fbref.com/en/matches/4b9daf5c/Deportivo-Capiata-Boca-Juniors-October-23-2014-Copa-Sudamericana,py,Capiatá,ar,Boca Juniors
Copa Sudamericana,M,,2014,,Quarter-finals,,Wed,2014-10-29,20:15,Estudiantes ar,1.0,ar River Plate,2.0,,Estadio Ciudad de La Plata,Diego Abal,Leg 1 of 2,https://fbref.com/en/matches/72699b0e/Estudiantes-River-Plate-October-29-2014-Copa-Sudamericana,ar,Estudiantes,ar,River Plate
Copa Sudamericana,M,,2014,,Quarter-finals,,Wed,2014-10-29,20:30,Nacional co,1.0,pe U César Vallejo,0.0,,Estadio Atanasio Girardot,Heber Roberto Lopes,Leg 1 of 2,https://fbref.com/en/matches/376895f7/Atletico-Nacional-Universidad-Cesar-Vallejo-October-29-2014-Copa-Sudamericana,co,Nacional,pe,U César Vallejo
Copa Sudamericana,M,,2014,,Quarter-finals,,Thu,2014-10-30,20:15,São Paulo br,4.0,ec CS Emelec,2.0,,Estádio do Morumbi,Enrique Cáceres,Leg 1 of 2,https://fbref.com/en/matches/2835c0de/Sao-Paulo-CS-Emelec-October-30-2014-Copa-Sudamericana,br,São Paulo,ec,CS Emelec
Copa Sudamericana,M,,2014,,Quarter-finals,,Thu,2014-10-30,21:30,Boca Juniors ar,1.0,py Cerro Porteño,0.0,,Estadio Alberto José Armando,Víctor Carrillo,Leg 1 of 2,https://fbref.com/en/matches/b3e05185/Boca-Juniors-Cerro-Porteno-October-30-2014-Copa-Sudamericana,ar,Boca Juniors,py,Cerro Porteño
Copa Sudamericana,M,,2014,,Quarter-finals,,Wed,2014-11-05,19:00,CS Emelec ec,3.0,br São Paulo,2.0,,Estadio Banco del Pacífico,Enrique Osses,Leg 2 of 2; São Paulo won,https://fbref.com/en/matches/5705d6d0/CS-Emelec-Sao-Paulo-November-5-2014-Copa-Sudamericana,ec,CS Emelec,br,São Paulo
Copa Sudamericana,M,,2014,,Quarter-finals,,Wed,2014-11-05,21:30,U César Vallejo pe,0.0,co Nacional,1.0,,Estadio Mansiche,Mauro Vigliano,Leg 2 of 2; Nacional won,https://fbref.com/en/matches/83663e0c/Universidad-Cesar-Vallejo-Atletico-Nacional-November-5-2014-Copa-Sudamericana,pe,U César Vallejo,co,Nacional
Copa Sudamericana,M,,2014,,Quarter-finals,,Thu,2014-11-06,19:00,Cerro Porteño py,1.0,ar Boca Juniors,4.0,,Estadio General Pablo Rojas,Martín Vázquez,Leg 2 of 2; Boca Juniors won,https://fbref.com/en/matches/1f6cb24f/Cerro-Porteno-Boca-Juniors-November-6-2014-Copa-Sudamericana,py,Cerro Porteño,ar,Boca Juniors
Copa Sudamericana,M,,2014,,Quarter-finals,,Thu,2014-11-06,21:30,River Plate ar,3.0,ar Estudiantes,2.0,,Estadio Monumental Antonio Vespucio Libe...,Néstor Pitana,Leg 2 of 2; River Plate won,https://fbref.com/en/matches/78eb06b5/River-Plate-Estudiantes-November-6-2014-Copa-Sudamericana,ar,River Plate,ar,Estudiantes
Copa Sudamericana,M,,2014,,Semi-finals,,Wed,2014-11-19,19:00,Nacional co,1.0,br São Paulo,0.0,,Estadio Atanasio Girardot,Daniel Fedorczuk,Leg 1 of 2,https://fbref.com/en/matches/eb5d1e3c/Atletico-Nacional-Sao-Paulo-November-19-2014-Copa-Sudamericana,co,Nacional,br,São Paulo
Copa Sudamericana,M,,2014,,Semi-finals,,Thu,2014-11-20,20:45,Boca Juniors ar,0.0,ar River Plate,0.0,,Estadio Alberto José Armando,Silvio Trucco,Leg 1 of 2,https://fbref.com/en/matches/506ee75d/Superclasico-Boca-Juniors-River-Plate-November-20-2014-Copa-Sudamericana,ar,Boca Juniors,ar,River Plate
Copa Sudamericana,M,,2014,,Semi-finals,,Wed,2014-11-26,22:00,São Paulo br,1.0,co Nacional,1.0,,Estádio do Morumbi,Roddy Zambrano,Leg 2 of 2; Nacional won; Nacional won on penalty kicks following extra time,https://fbref.com/en/matches/107a5389/Sao-Paulo-Atletico-Nacional-November-26-2014-Copa-Sudamericana,br,São Paulo,co,Nacional
Copa Sudamericana,M,,2014,,Semi-finals,,Thu,2014-11-27,20:45,River Plate ar,1.0,ar Boca Juniors,0.0,,Estadio Monumental Antonio Vespucio Libe...,Germán Delfino,Leg 2 of 2; River Plate won,https://fbref.com/en/matches/5a4270aa/Superclasico-River-Plate-Boca-Juniors-November-27-2014-Copa-Sudamericana,ar,River Plate,ar,Boca Juniors
Copa Sudamericana,M,,2014,,Finals,,Wed,2014-12-03,19:15,Nacional co,1.0,ar River Plate,1.0,,Estadio Atanasio Girardot,Ricardo Marques Ribeiro,Leg 1 of 2,https://fbref.com/en/matches/9c02e2c6/Atletico-Nacional-River-Plate-December-3-2014-Copa-Sudamericana,co,Nacional,ar,River Plate
Copa Sudamericana,M,,2014,,Finals,,Wed,2014-12-10,21:15,River Plate ar,2.0,co Nacional,0.0,,Estadio Monumental Antonio Vespucio Libe...,Darío Ubríaco,Leg 2 of 2; River Plate won,https://fbref.com/en/matches/2c0f74f4/River-Plate-Atletico-Nacional-December-10-2014-Copa-Sudamericana,ar,River Plate,co,Nacional
Copa Sudamericana,M,,2015,,First stage,1,Tue,2015-08-11,16:45,Univ Católica ec,1.0,ve Dep La Guaira,1.0,,Estadio Olímpico Atahualpa,Wilson Lamouroux,Leg 1 of 2,https://fbref.com/en/matches/05dc2e4b/Univ-Catolica-Deportivo-La-Guaira-August-11-2015-Copa-Sudamericana,ec,Univ Católica,ve,Dep La Guaira
Copa Sudamericana,M,,2015,,First stage,1,Tue,2015-08-11,19:00,Univ Católica cl,1.0,uy Danubio,0.0,,Estadio San Carlos de Apoquindo,Raúl Orozco,Leg 1 of 2,https://fbref.com/en/matches/9ce0e784/Univ-Catolica-Danubio-August-11-2015-Copa-Sudamericana,cl,Univ Católica,uy,Danubio
Copa Sudamericana,M,,2015,,First stage,1,Tue,2015-08-11,19:30,Carabobo ve,0.0,co Tolima,0.0,9500.0,Estadio Polideportivo Misael Delgado,Carlos Orbe,Leg 1 of 2,https://fbref.com/en/matches/7147b5c3/Carabobo-Tolima-August-11-2015-Copa-Sudamericana,ve,Carabobo,co,Tolima
Copa Sudamericana,M,,2015,,First stage,1,Tue,2015-08-11,20:15,Oriente Petrolero bo,0.0,uy Nacional,3.0,,Estadio Ramón Aguilera Costas,Patricio Loustau,Leg 1 of 2,https://fbref.com/en/matches/cced8c02/Oriente-Petrolero-Nacional-August-11-2015-Copa-Sudamericana,bo,Oriente Petrolero,uy,Nacional
Copa Sudamericana,M,,2015,,First stage,1,Tue,2015-08-11,21:15,Universitario pe,3.0,ve Dep Anzoátegui,1.0,,Estadio Monumental,Ulises Mereles,Leg 1 of 2,https://fbref.com/en/matches/46ff1e03/Universitario-Deportivo-Anzoategui-August-11-2015-Copa-Sudamericana,pe,Universitario,ve,Dep Anzoátegui
Copa Sudamericana,M,,2015,,First stage,,Wed,2015-08-12,16:45,LDU de Loja ec,0.0,co Santa Fe,0.0,3000.0,Estadio Federativo Reina del Cisne,Raphael Claus,Leg 1 of 2,https://fbref.com/en/matches/3b605ded/LDU-de-Loja-Santa-Fe-August-12-2015-Copa-Sudamericana,ec,LDU de Loja,co,Santa Fe
Copa Sudamericana,M,,2015,,First stage,,Wed,2015-08-12,18:45,Wanderers cl,0.0,py Libertad,0.0,,Estadio Elías Figueroa Brander,Wilton Sampaio,Leg 1 of 2,https://fbref.com/en/matches/c6122847/Santiago-Wande-Libertad-August-12-2015-Copa-Sudamericana,cl,Wanderers,py,Libertad
Copa Sudamericana,M,,2015,,First stage,,Wed,2015-08-12,20:00,Olimpia py,2.0,cl Huachipato,0.0,,Estadio Defensores del Chaco,Ricardo Marques Ribeiro,Leg 1 of 2,https://fbref.com/en/matches/dc37a436/Club-Olimpia-Huachipato-August-12-2015-Copa-Sudamericana,py,Olimpia,cl,Huachipato
Copa Sudamericana,M,,2015,,First stage,,Wed,2015-08-12,21:00,Defensor uy,3.0,bo Bolívar,0.0,,Estadio Luis Franzini,Julio Quintana,Leg 1 of 2,https://fbref.com/en/matches/1e93582f/Defensor-Sporting-Bolivar-August-12-2015-Copa-Sudamericana,uy,Defensor,bo,Bolívar
Copa Sudamericana,M,,2015,,First stage,,Wed,2015-08-12,21:15,Junior co,5.0,pe Melgar,0.0,,Estadio Metropolitano Roberto Meléndez,Fernando Falce,Leg 1 of 2,https://fbref.com/en/matches/a8ddd650/Junior-Melgar-August-12-2015-Copa-Sudamericana,co,Junior,pe,Melgar
Copa Sudamericana,M,,2015,,First stage,,Thu,2015-08-13,14:15,León Huánuco pe,1.0,ec CS Emelec,3.0,7000.0,Estadio Heraclio Tapia León,Roberto Tobar,Leg 1 of 2,https://fbref.com/en/matches/00c2f30f/Leon-de-Huanuco-CS-Emelec-August-13-2015-Copa-Sudamericana,pe,León Huánuco,ec,CS Emelec
Copa Sudamericana,M,,2015,,First stage,,Thu,2015-08-13,17:45,Nacional py,2.0,cl U Concepción,1.0,,Estadio Arsenio Erico,Fernando Rapallini,Leg 1 of 2,https://fbref.com/en/matches/27a6f4e8/Nacional-Asuncion-U-Concepcion-August-13-2015-Copa-Sudamericana,py,Nacional,cl,U Concepción
Copa Sudamericana,M,,2015,,First stage,,Thu,2015-08-13,18:30,Juventud uy,4.0,bo Real Potosí,1.0,,Estadio Municipal Parque Artigas,Darío Herrera,Leg 1 of 2,https://fbref.com/en/matches/546824a4/Juventud-de-Las-Piedras-Real-Potosi-August-13-2015-Copa-Sudamericana,uy,Juventud,bo,Real Potosí
Copa Sudamericana,M,,2015,,First stage,,Thu,2015-08-13,19:15,Zamora ve,1.0,ec LDU de Quito,1.0,,Estadio Rafael Agustín Tovar,Henry Gambetta,Leg 1 of 2,https://fbref.com/en/matches/63007483/Zamora-LDU-de-Quito-August-13-2015-Copa-Sudamericana,ve,Zamora,ec,LDU de Quito
Copa Sudamericana,M,,2015,,First stage,,Thu,2015-08-13,20:00,Aurora bo,1.0,py Sport Luqueño,2.0,,Estadio Félix Capriles,Jorge Osorio,Leg 1 of 2,https://fbref.com/en/matches/6f70c356/Aurora-Sportivo-Luqueno-August-13-2015-Copa-Sudamericana,bo,Aurora,py,Sport Luqueño
Copa Sudamericana,M,,2015,,First stage,,Thu,2015-08-13,21:00,Rionegro co,2.0,pe Unión Comercio,0.0,,Estadio Alberto Grisales,Jesús Valenzuela,Leg 1 of 2,https://fbref.com/en/matches/0c270c7e/Rionegro-Union-Comercio-August-13-2015-Copa-Sudamericana,co,Rionegro,pe,Unión Comercio
Copa Sudamericana,M,,2015,,First stage,,Tue,2015-08-18,16:30,Melgar pe,4.0,co Junior,0.0,,Estadio de la Universidad Nacional San A...,Patricio Polic,Leg 2 of 2; Junior won,https://fbref.com/en/matches/f3510a9d/Melgar-Junior-August-18-2015-Copa-Sudamericana,pe,Melgar,co,Junior
Copa Sudamericana,M,,2015,,First stage,,Tue,2015-08-18,17:30,Bolívar bo,2.0,uy Defensor,0.0,,Estadio Hernando Siles,Anderson Daronco,Leg 2 of 2; Defensor won,https://fbref.com/en/matches/44f6426d/Bolivar-Defensor-Sporting-August-18-2015-Copa-Sudamericana,bo,Bolívar,uy,Defensor
Copa Sudamericana,M,,2015,,First stage,,Tue,2015-08-18,19:30,Dep La Guaira ve,1.0,ec Univ Católica,0.0,,Estadio Olímpico,Miguel Santiváñez,Leg 2 of 2; Dep La Guaira won,https://fbref.com/en/matches/855c1e60/Deportivo-La-Guaira-Univ-Catolica-August-18-2015-Copa-Sudamericana,ve,Dep La Guaira,ec,Univ Católica
Copa Sudamericana,M,,2015,,First stage,,Tue,2015-08-18,20:00,Libertad py,2.0,cl Wanderers,1.0,,Estadio Dr. Nicolás Leoz,Adrián Vélez,Leg 2 of 2; Libertad won,https://fbref.com/en/matches/1445ba53/Libertad-Santiago-Wande-August-18-2015-Copa-Sudamericana,py,Libertad,cl,Wanderers
Copa Sudamericana,M,,2015,,Second stage,2,Tue,2015-08-18,21:15,Brasilia br,0.0,br Goiás,0.0,,Estádio Walmir Campelo Bezerra,Leonel Sánchez,Leg 1 of 2,https://fbref.com/en/matches/ced12ae9/Brasilia-Goias-August-18-2015-Copa-Sudamericana,br,Brasilia,br,Goiás
Copa Sudamericana,M,,2015,,First stage,,Wed,2015-08-19,16:30,LDU de Quito ec,2.0,ve Zamora,0.0,,Estadio de Liga Deportiva Universitaria,Gery Vargas,Leg 2 of 2; LDU de Quito won,https://fbref.com/en/matches/cf67d066/LDU-de-Quito-Zamora-August-19-2015-Copa-Sudamericana,ec,LDU de Quito,ve,Zamora
Copa Sudamericana,M,,2015,,First stage,,Wed,2015-08-19,18:30,Huachipato cl,0.0,py Olimpia,2.0,,Estadio CAP,Andrés Cunha,Leg 2 of 2; Olimpia won,https://fbref.com/en/matches/10aba05d/Huachipato-Club-Olimpia-August-19-2015-Copa-Sudamericana,cl,Huachipato,py,Olimpia
Copa Sudamericana,M,,2015,,First stage,,Wed,2015-08-19,19:00,Tolima co,0.0,ve Carabobo,0.0,,Estadio Manuel Murillo Toro,Óscar Maldonado,Leg 2 of 2; Tolima won; Tolima won on penalty kicks following extra time,https://fbref.com/en/matches/111a77c8/Tolima-Carabobo-August-19-2015-Copa-Sudamericana,co,Tolima,ve,Carabobo
Copa Sudamericana,M,,2015,,First stage,,Wed,2015-08-19,20:00,Sport Luqueño py,5.0,bo Aurora,1.0,,Estadio Feliciano Cáceres,Péricles Bassols Pegado Cortez,Leg 2 of 2; Sport Luqueño won,https://fbref.com/en/matches/5c1f99b4/Sportivo-Luqueno-Aurora-August-19-2015-Copa-Sudamericana,py,Sport Luqueño,bo,Aurora
Copa Sudamericana,M,,2015,,First stage,,Wed,2015-08-19,21:00,Danubio uy,1.0,cl Univ Católica,2.0,,Estadio Jardines del Hipódromo,Roddy Zambrano,Leg 2 of 2; Univ Católica won,https://fbref.com/en/matches/efc54d1e/Danubio-Univ-Catolica-August-19-2015-Copa-Sudamericana,uy,Danubio,cl,Univ Católica
Copa Sudamericana,M,,2015,,Second stage,,Wed,2015-08-19,22:00,Ponte Preta br,1.0,br Chapecoense,1.0,,Estádio Moisés Lucarelli,Silvio Trucco,Leg 1 of 2,https://fbref.com/en/matches/219ec8ee/Ponte-Preta-Chapecoense-August-19-2015-Copa-Sudamericana,br,Ponte Preta,br,Chapecoense
Copa Sudamericana,M,,2015,,Second stage,,Wed,2015-08-19,22:00,Bahia br,1.0,br Sport Recife,0.0,,Itaipava Arena Fonte Nova,Germán Delfino,Leg 1 of 2,https://fbref.com/en/matches/1744953b/Bahia-Sport-Recife-August-19-2015-Copa-Sudamericana,br,Bahia,br,Sport Recife
Copa Sudamericana,M,,2015,,First stage,,Thu,2015-08-20,14:00,Unión Comercio pe,1.0,co Rionegro,1.0,,Estadio del IPD,Juan Soto,Leg 2 of 2; Rionegro won,https://fbref.com/en/matches/d16d2dba/Union-Comercio-Rionegro-August-20-2015-Copa-Sudamericana,pe,Unión Comercio,co,Rionegro
Copa Sudamericana,M,,2015,,First stage,,Thu,2015-08-20,15:00,Real Potosí bo,2.0,uy Juventud,0.0,,Estadio Victor Agustín Ugarte,Julio Bascuñán,Leg 2 of 2; Juventud won,https://fbref.com/en/matches/98162034/Real-Potosi-Juventud-de-Las-Piedras-August-20-2015-Copa-Sudamericana,bo,Real Potosí,uy,Juventud
Copa Sudamericana,M,,2015,,First stage,,Thu,2015-08-20,17:15,Dep Anzoátegui ve,1.0,pe Universitario,3.0,,Estadio Olímpico General José Antonio An...,Diego Lara,Leg 2 of 2; Universitario won,https://fbref.com/en/matches/97918ea4/Deportivo-Anzoategui-Universitario-August-20-2015-Copa-Sudamericana,ve,Dep Anzoátegui,pe,Universitario
Copa Sudamericana,M,,2015,,First stage,,Thu,2015-08-20,18:30,U Concepción cl,1.0,py Nacional,3.0,,Estadio Municipal Alcaldesa Ester Roa Re...,Hernando Buitrago,Leg 2 of 2; Nacional won,https://fbref.com/en/matches/86aceb05/U-Concepcion-Nacional-Asuncion-August-20-2015-Copa-Sudamericana,cl,U Concepción,py,Nacional
Copa Sudamericana,M,,2015,,First stage,,Thu,2015-08-20,19:00,Santa Fe co,3.0,ec LDU de Loja,0.0,,Estadio Nemesio Camacho El Campín,Enrique Cáceres,Leg 2 of 2; Santa Fe won,https://fbref.com/en/matches/acd8f680/Santa-Fe-LDU-de-Loja-August-20-2015-Copa-Sudamericana,co,Santa Fe,ec,LDU de Loja
Copa Sudamericana,M,,2015,,First stage,,Thu,2015-08-20,19:00,CS Emelec ec,3.0,pe León Huánuco,0.0,,Estadio Banco del Pacífico,Carlos Amarilla,Leg 2 of 2; CS Emelec won,https://fbref.com/en/matches/1b86490b/CS-Emelec-Leon-de-Huanuco-August-20-2015-Copa-Sudamericana,ec,CS Emelec,pe,León Huánuco
Copa Sudamericana,M,,2015,,First stage,,Thu,2015-08-20,21:00,Nacional uy,0.0,bo Oriente Petrolero,0.0,,Estadio Gran Parque Central,José Argote,Leg 2 of 2; Nacional won,https://fbref.com/en/matches/cd6f5efa/Nacional-Oriente-Petrolero-August-20-2015-Copa-Sudamericana,uy,Nacional,bo,Oriente Petrolero
Copa Sudamericana,M,,2015,,Second stage,,Thu,2015-08-20,21:15,Joinville br,0.0,br Ath Paranaense,2.0,,Arena Joinville,Christian Ferreyra,Leg 1 of 2,https://fbref.com/en/matches/059dec32/Joinville-Athletico-Paranaense-August-20-2015-Copa-Sudamericana,br,Joinville,br,Ath Paranaense
Copa Sudamericana,M,,2015,,Second stage,,Tue,2015-08-25,21:15,Goiás br,0.0,br Brasilia,2.0,,Estádio do Governo do Estado de Goiás,Mario Díaz de Vivar,Leg 2 of 2; Brasilia won,https://fbref.com/en/matches/9ccc54b5/Goias-Brasilia-August-25-2015-Copa-Sudamericana,br,Goiás,br,Brasilia
Copa Sudamericana,M,,2015,,Second stage,,Wed,2015-08-26,16:30,Defensor uy,3.0,pe Universitario,0.0,,Estadio José Dellagiovanna,Enrique Osses,Leg 1 of 2,https://fbref.com/en/matches/f10c3f64/Defensor-Sporting-Universitario-August-26-2015-Copa-Sudamericana,uy,Defensor,pe,Universitario
Copa Sudamericana,M,,2015,,Second stage,,Wed,2015-08-26,18:45,LDU de Quito ec,1.0,py Nacional,0.0,,Estadio Julio Humberto Grondona,Víctor Carrillo,Leg 1 of 2,https://fbref.com/en/matches/1cb94323/LDU-de-Quito-Nacional-Asuncion-August-26-2015-Copa-Sudamericana,ec,LDU de Quito,py,Nacional
Copa Sudamericana,M,,2015,,Second stage,,Wed,2015-08-26,19:00,Arsenal ar,1.0,ar Independiente,1.0,,Estadio Julio Humberto Grondona,Leandro Pedro Vuaden,Leg 1 of 2,https://fbref.com/en/matches/b415131b/Arsenal-Independiente-August-26-2015-Copa-Sudamericana,ar,Arsenal,ar,Independiente
Copa Sudamericana,M,,2015,,Second stage,,Wed,2015-08-26,20:15,Olimpia py,1.0,co Rionegro,1.0,,Estadio Defensores del Chaco,Diego Haro,Leg 1 of 2,https://fbref.com/en/matches/63162fe9/Club-Olimpia-Rionegro-August-26-2015-Copa-Sudamericana,py,Olimpia,co,Rionegro
Copa Sudamericana,M,,2015,,Second stage,,Wed,2015-08-26,21:00,Tigre ar,2.0,ar CA Huracán,5.0,,Estadio José Dellagiovanna,Jonathan Fuentes,Leg 1 of 2,https://fbref.com/en/matches/6b423940/Tigre-CA-Huracan-August-26-2015-Copa-Sudamericana,ar,Tigre,ar,CA Huracán
Copa Sudamericana,M,,2015,,Second stage,,Wed,2015-08-26,21:15,Tolima co,0.0,co Junior,1.0,,Estadio Metropolitano de Techo,Gery Vargas,Leg 1 of 2,https://fbref.com/en/matches/5ca7de4f/Tolima-Junior-August-26-2015-Copa-Sudamericana,co,Tolima,co,Junior
Copa Sudamericana,M,,2015,,Second stage,,Wed,2015-08-26,22:00,Sport Recife br,4.0,br Bahia,1.0,,Estádio Adelmar da Costa Carvalho,Roberto Tobar,Leg 2 of 2; Sport Recife won,https://fbref.com/en/matches/c232df05/Sport-Recife-Bahia-August-26-2015-Copa-Sudamericana,br,Sport Recife,br,Bahia
Copa Sudamericana,M,,2015,,Second stage,,Wed,2015-08-26,22:00,Chapecoense br,3.0,br Ponte Preta,0.0,,Arena Condá,Mauro Vigliano,Leg 2 of 2; Chapecoense won,https://fbref.com/en/matches/eba176ef/Chapecoense-Ponte-Preta-August-26-2015-Copa-Sudamericana,br,Chapecoense,br,Ponte Preta
Copa Sudamericana,M,,2015,,Second stage,,Thu,2015-08-27,17:00,Dep La Guaira ve,1.0,py Sport Luqueño,1.0,,Estadio Olímpico,Diego Ceballos,Leg 1 of 2,https://fbref.com/en/matches/99c695d6/Deportivo-La-Guaira-Sportivo-Luqueno-August-27-2015-Copa-Sudamericana,ve,Dep La Guaira,py,Sport Luqueño
Copa Sudamericana,M,,2015,,Second stage,,Thu,2015-08-27,19:00,Nacional uy,0.0,co Santa Fe,2.0,,Estadio Gran Parque Central,Raúl Orozco,Leg 1 of 2,https://fbref.com/en/matches/a872804d/Nacional-Santa-Fe-August-27-2015-Copa-Sudamericana,uy,Nacional,co,Santa Fe
Copa Sudamericana,M,,2015,,Second stage,,Thu,2015-08-27,20:45,Univ Católica cl,2.0,py Libertad,3.0,,Estadio San Carlos de Apoquindo,Darío Ubríaco,Leg 1 of 2,https://fbref.com/en/matches/7cbb3ca8/Univ-Catolica-Libertad-August-27-2015-Copa-Sudamericana,cl,Univ Católica,py,Libertad
Copa Sudamericana,M,,2015,,Second stage,,Thu,2015-08-27,21:00,CS Emelec ec,0.0,uy Juventud,0.0,,Estadio Christian Benítez Betancourt,Néstor Pitana,Leg 1 of 2,https://fbref.com/en/matches/b16016f4/CS-Emelec-Juventud-de-Las-Piedras-August-27-2015-Copa-Sudamericana,ec,CS Emelec,uy,Juventud
Copa Sudamericana,M,,2015,,Second stage,,Thu,2015-08-27,21:15,Ath Paranaense br,1.0,br Joinville,0.0,,Estádio Joaquim Américo Guimarães,Wilson Lamouroux,Leg 2 of 2; Ath Paranaense won,https://fbref.com/en/matches/7cdef1e3/Athletico-Paranaense-Joinville-August-27-2015-Copa-Sudamericana,br,Ath Paranaense,br,Joinville
Copa Sudamericana,M,,2015,,Second stage,,Thu,2015-08-27,21:15,Belgrano ar,1.0,ar Lanús,1.0,,Estadio Julio César Villagra,Sandro Ricci,Leg 1 of 2,https://fbref.com/en/matches/863cc83d/Belgrano-Lanus-August-27-2015-Copa-Sudamericana,ar,Belgrano,ar,Lanús
Copa Sudamericana,M,,2015,,Second stage,,Tue,2015-09-15,18:00,Sport Luqueño py,4.0,ve Dep La Guaira,0.0,,Estadio Feliciano Cáceres,Jonathan Fuentes,Leg 2 of 2; Sport Luqueño won,https://fbref.com/en/matches/aa348228/Sportivo-Luqueno-Deportivo-La-Guaira-September-15-2015-Copa-Sudamericana,py,Sport Luqueño,ve,Dep La Guaira
Copa Sudamericana,M,,2015,,Second stage,,Tue,2015-09-15,19:00,Rionegro co,1.0,py Olimpia,2.0,,Estadio Hernán Ramírez Villegas,Roddy Zambrano,Leg 2 of 2; Olimpia won,https://fbref.com/en/matches/985e2b5b/Rionegro-Club-Olimpia-September-15-2015-Copa-Sudamericana,co,Rionegro,py,Olimpia
Copa Sudamericana,M,,2015,,Second stage,,Tue,2015-09-15,21:30,Universitario pe,0.0,uy Defensor,1.0,,Estadio Luis Franzini,Omar Ponce,Leg 2 of 2; Defensor won,https://fbref.com/en/matches/60680126/Universitario-Defensor-Sporting-September-15-2015-Copa-Sudamericana,pe,Universitario,uy,Defensor
Copa Sudamericana,M,,2015,,Second stage,,Wed,2015-09-16,18:00,Nacional py,0.0,ec LDU de Quito,1.0,,Estadio Arsenio Erico,Luiz Flávio de Oliveira,Leg 2 of 2; LDU de Quito won,https://fbref.com/en/matches/b1fb738c/Nacional-Asuncion-LDU-de-Quito-September-16-2015-Copa-Sudamericana,py,Nacional,ec,LDU de Quito
Copa Sudamericana,M,,2015,,Second stage,,Wed,2015-09-16,18:30,CA Huracán ar,1.0,ar Tigre,0.0,,Estadio Tomás Adolfo Ducó,Jesús Valenzuela,Leg 2 of 2; CA Huracán won,https://fbref.com/en/matches/d30c931c/CA-Huracan-Tigre-September-16-2015-Copa-Sudamericana,ar,CA Huracán,ar,Tigre
Copa Sudamericana,M,,2015,,Second stage,,Wed,2015-09-16,19:00,Santa Fe co,0.0,uy Nacional,1.0,,Estadio Nemesio Camacho El Campín,Mauro Vigliano,Leg 2 of 2; Santa Fe won,https://fbref.com/en/matches/33e915f2/Santa-Fe-Nacional-September-16-2015-Copa-Sudamericana,co,Santa Fe,uy,Nacional
Copa Sudamericana,M,,2015,,Second stage,,Wed,2015-09-16,21:30,Independiente ar,1.0,ar Arsenal,0.0,,Estadio Libertadores de América,Andrés Cunha,Leg 2 of 2; Independiente won,https://fbref.com/en/matches/fce6da83/Independiente-Arsenal-September-16-2015-Copa-Sudamericana,ar,Independiente,ar,Arsenal
Copa Sudamericana,M,,2015,,Second stage,,Thu,2015-09-17,16:30,Junior co,0.0,co Tolima,2.0,,Estadio Metropolitano Roberto Meléndez,Raphael Claus,Leg 2 of 2; Tolima won,https://fbref.com/en/matches/c867fc2c/Junior-Tolima-September-17-2015-Copa-Sudamericana,co,Junior,co,Tolima
Copa Sudamericana,M,,2015,,Second stage,,Thu,2015-09-17,18:30,Juventud uy,0.0,ec CS Emelec,0.0,,Estadio Municipal Parque Artigas,Enrique Cáceres,Leg 2 of 2; CS Emelec won; CS Emelec won on penalty kicks following extra time,https://fbref.com/en/matches/5ad866dd/Juventud-de-Las-Piedras-CS-Emelec-September-17-2015-Copa-Sudamericana,uy,Juventud,ec,CS Emelec
Copa Sudamericana,M,,2015,,Second stage,,Thu,2015-09-17,20:00,Libertad py,1.0,cl Univ Católica,0.0,,Estadio Dr. Nicolás Leoz,Wilmar Roldán,Leg 2 of 2; Libertad won,https://fbref.com/en/matches/c6884480/Libertad-Univ-Catolica-September-17-2015-Copa-Sudamericana,py,Libertad,cl,Univ Católica
Copa Sudamericana,M,,2015,,Second stage,,Thu,2015-09-17,21:00,Lanús ar,5.0,ar Belgrano,1.0,,Estadio Ciudad de Lanús,Antonio Arias,Leg 2 of 2; Lanús won,https://fbref.com/en/matches/03c5218a/Lanus-Belgrano-September-17-2015-Copa-Sudamericana,ar,Lanús,ar,Belgrano
Copa Sudamericana,M,,2015,,Round of 16,,Tue,2015-09-22,19:00,Tolima co,1.0,py Sport Luqueño,1.0,,Estadio Metropolitano de Techo,Germán Delfino,Leg 1 of 2,https://fbref.com/en/matches/00196451/Tolima-Sportivo-Luqueno-September-22-2015-Copa-Sudamericana,co,Tolima,py,Sport Luqueño
Copa Sudamericana,M,,2015,,Round of 16,,Wed,2015-09-23,17:00,CS Emelec ec,2.0,co Santa Fe,1.0,,Estadio Jocay,Ricardo Marques Ribeiro,Leg 1 of 2,https://fbref.com/en/matches/cf00913b/CS-Emelec-Santa-Fe-September-23-2015-Copa-Sudamericana,ec,CS Emelec,co,Santa Fe
Copa Sudamericana,M,,2015,,Round of 16,,Wed,2015-09-23,19:00,River Plate ar,2.0,ec LDU de Quito,0.0,,Estadio Monumental Antonio Vespucio Libe...,Christian Ferreyra,Leg 1 of 2,https://fbref.com/en/matches/f4230b75/River-Plate-LDU-de-Quito-September-23-2015-Copa-Sudamericana,ar,River Plate,ec,LDU de Quito
Copa Sudamericana,M,,2015,,Round of 16,,Wed,2015-09-23,21:15,Independiente ar,1.0,py Olimpia,0.0,,Estadio Libertadores de América,Heber Roberto Lopes,Leg 1 of 2,https://fbref.com/en/matches/96b59dcc/Independiente-Club-Olimpia-September-23-2015-Copa-Sudamericana,ar,Independiente,py,Olimpia
Copa Sudamericana,M,,2015,,Round of 16,,Wed,2015-09-23,22:00,Ath Paranaense br,1.0,br Brasilia,0.0,,Estádio Joaquim Américo Guimarães,Gery Vargas,Leg 1 of 2,https://fbref.com/en/matches/915c8674/Athletico-Paranaense-Brasilia-September-23-2015-Copa-Sudamericana,br,Ath Paranaense,br,Brasilia
Copa Sudamericana,M,,2015,,Round of 16,,Wed,2015-09-23,22:00,Sport Recife br,1.0,ar CA Huracán,1.0,,Estádio Adelmar da Costa Carvalho,Adrián Vélez,Leg 1 of 2,https://fbref.com/en/matches/5a214cc6/Sport-Recife-CA-Huracan-September-23-2015-Copa-Sudamericana,br,Sport Recife,ar,CA Huracán
Copa Sudamericana,M,,2015,,Round of 16,,Thu,2015-09-24,20:00,Libertad py,1.0,br Chapecoense,1.0,,Estadio Dr. Nicolás Leoz,Roberto Tobar,Leg 1 of 2,https://fbref.com/en/matches/9ded3cf4/Libertad-Chapecoense-September-24-2015-Copa-Sudamericana,py,Libertad,br,Chapecoense
Copa Sudamericana,M,,2015,,Round of 16,,Thu,2015-09-24,21:00,Lanús ar,0.0,uy Defensor,0.0,,Estadio Ciudad de Lanús,José Argote,Leg 1 of 2,https://fbref.com/en/matches/46b3b1df/Lanus-Defensor-Sporting-September-24-2015-Copa-Sudamericana,ar,Lanús,uy,Defensor
Copa Sudamericana,M,,2015,,Round of 16,,Tue,2015-09-29,18:00,Sport Luqueño py,1.0,co Tolima,0.0,,Estadio Feliciano Cáceres,Julio Bascuñán,Leg 2 of 2; Sport Luqueño won,https://fbref.com/en/matches/4e843b35/Sportivo-Luqueno-Tolima-September-29-2015-Copa-Sudamericana,py,Sport Luqueño,co,Tolima
Copa Sudamericana,M,,2015,,Round of 16,,Tue,2015-09-29,19:00,Santa Fe co,1.0,ec CS Emelec,0.0,,Estadio Nemesio Camacho El Campín,Darío Ubríaco,Leg 2 of 2; Santa Fe won,https://fbref.com/en/matches/3ecbd0e3/Santa-Fe-CS-Emelec-September-29-2015-Copa-Sudamericana,co,Santa Fe,ec,CS Emelec
Copa Sudamericana,M,,2015,,Round of 16,,Wed,2015-09-30,17:45,LDU de Quito ec,1.0,ar River Plate,0.0,,Estadio de Liga Deportiva Universitaria,Wilmar Roldán,Leg 2 of 2; River Plate won,https://fbref.com/en/matches/021cee1f/LDU-de-Quito-River-Plate-September-30-2015-Copa-Sudamericana,ec,LDU de Quito,ar,River Plate
Copa Sudamericana,M,,2015,,Round of 16,,Wed,2015-09-30,20:00,Olimpia py,0.0,ar Independiente,0.0,,Estadio Defensores del Chaco,Daniel Fedorczuk,Leg 2 of 2; Independiente won,https://fbref.com/en/matches/c3a6413c/Club-Olimpia-Independiente-September-30-2015-Copa-Sudamericana,py,Olimpia,ar,Independiente
Copa Sudamericana,M,,2015,,Round of 16,,Wed,2015-09-30,22:00,Brasilia br,0.0,br Ath Paranaense,0.0,,Estádio Coronel José Bezerra,Silvio Trucco,Leg 2 of 2; Ath Paranaense won,https://fbref.com/en/matches/ec68861f/Brasilia-Athletico-Paranaense-September-30-2015-Copa-Sudamericana,br,Brasilia,br,Ath Paranaense
Copa Sudamericana,M,,2015,,Round of 16,,Wed,2015-09-30,22:10,CA Huracán ar,3.0,br Sport Recife,0.0,,Estadio Tomás Adolfo Ducó,Julio Quintana,Leg 2 of 2; CA Huracán won,https://fbref.com/en/matches/81949c8d/CA-Huracan-Sport-Recife-September-30-2015-Copa-Sudamericana,ar,CA Huracán,br,Sport Recife
Copa Sudamericana,M,,2015,,Round of 16,,Thu,2015-10-01,21:00,Defensor uy,0.0,ar Lanús,0.0,,Estadio Luis Franzini,Enrique Osses,Leg 2 of 2; Defensor won; Defensor won on penalty kicks following extra time,https://fbref.com/en/matches/b286239a/Defensor-Sporting-Lanus-October-1-2015-Copa-Sudamericana,uy,Defensor,ar,Lanús
Copa Sudamericana,M,,2015,,Round of 16,,Thu,2015-10-01,21:00,Chapecoense br,1.0,py Libertad,1.0,,Arena Condá,Diego Haro,Leg 2 of 2; Chapecoense won; Chapecoense won on penalty kicks following extra time,https://fbref.com/en/matches/141c9d8e/Chapecoense-Libertad-October-1-2015-Copa-Sudamericana,br,Chapecoense,py,Libertad
Copa Sudamericana,M,,2015,,Quarter-finals,,Tue,2015-10-20,20:45,CA Huracán ar,1.0,uy Defensor,0.0,,Estadio Tomás Adolfo Ducó,Anderson Daronco,Leg 1 of 2,https://fbref.com/en/matches/8e7d48f3/CA-Huracan-Defensor-Sporting-October-20-2015-Copa-Sudamericana,ar,CA Huracán,uy,Defensor
Copa Sudamericana,M,,2015,,Quarter-finals,,Wed,2015-10-21,20:00,Ath Paranaense br,1.0,py Sport Luqueño,0.0,,Estádio Joaquim Américo Guimarães,Víctor Carrillo,Leg 1 of 2,https://fbref.com/en/matches/2158862a/Athletico-Paranaense-Sportivo-Luqueno-October-21-2015-Copa-Sudamericana,br,Ath Paranaense,py,Sport Luqueño
Copa Sudamericana,M,,2015,,Quarter-finals,,Wed,2015-10-21,21:00,River Plate ar,3.0,br Chapecoense,1.0,,Estadio Monumental Antonio Vespucio Libe...,Jonathan Fuentes,Leg 1 of 2,https://fbref.com/en/matches/0637e6c8/River-Plate-Chapecoense-October-21-2015-Copa-Sudamericana,ar,River Plate,br,Chapecoense
Copa Sudamericana,M,,2015,,Quarter-finals,,Thu,2015-10-22,20:45,Independiente ar,0.0,co Santa Fe,1.0,,Estadio Libertadores de América,Wilton Sampaio,Leg 1 of 2,https://fbref.com/en/matches/77c5d781/Independiente-Santa-Fe-October-22-2015-Copa-Sudamericana,ar,Independiente,co,Santa Fe
Copa Sudamericana,M,,2015,,Quarter-finals,,Tue,2015-10-27,20:45,Defensor uy,0.0,ar CA Huracán,0.0,,Estadio Tomás Adolfo Ducó,Roddy Zambrano,Leg 2 of 2; CA Huracán won,https://fbref.com/en/matches/08f989d9/Defensor-Sporting-CA-Huracan-October-27-2015-Copa-Sudamericana,uy,Defensor,ar,CA Huracán
Copa Sudamericana,M,,2015,,Quarter-finals,,Wed,2015-10-28,19:00,Sport Luqueño py,2.0,br Ath Paranaense,0.0,,Estadio Feliciano Cáceres,Christian Ferreyra,Leg 2 of 2; Sport Luqueño won,https://fbref.com/en/matches/b9ea234d/Sportivo-Luqueno-Athletico-Paranaense-October-28-2015-Copa-Sudamericana,py,Sport Luqueño,br,Ath Paranaense
Copa Sudamericana,M,,2015,,Quarter-finals,,Wed,2015-10-28,23:00,Chapecoense br,2.0,ar River Plate,1.0,,Arena Condá,Julio Bascuñán,Leg 2 of 2; River Plate won,https://fbref.com/en/matches/76852a82/Chapecoense-River-Plate-October-28-2015-Copa-Sudamericana,br,Chapecoense,ar,River Plate
Copa Sudamericana,M,,2015,,Quarter-finals,,Thu,2015-10-29,19:00,Santa Fe co,1.0,ar Independiente,1.0,,Estadio Nemesio Camacho El Campín,José Argote,Leg 2 of 2; Santa Fe won,https://fbref.com/en/matches/e25b5172/Santa-Fe-Independiente-October-29-2015-Copa-Sudamericana,co,Santa Fe,ar,Independiente
Copa Sudamericana,M,,2015,,Semi-finals,,Wed,2015-11-04,20:45,Sport Luqueño py,1.0,co Santa Fe,1.0,,Estadio Feliciano Cáceres,Darío Ubríaco,Leg 1 of 2,https://fbref.com/en/matches/548f7bbd/Sportivo-Luqueno-Santa-Fe-November-4-2015-Copa-Sudamericana,py,Sport Luqueño,co,Santa Fe
Copa Sudamericana,M,,2015,,Semi-finals,,Thu,2015-11-05,20:45,River Plate ar,0.0,ar CA Huracán,1.0,,Estadio Monumental Antonio Vespucio Libe...,Andrés Cunha,Leg 1 of 2,https://fbref.com/en/matches/a9666a35/River-Plate-CA-Huracan-November-5-2015-Copa-Sudamericana,ar,River Plate,ar,CA Huracán
Copa Sudamericana,M,,2015,,Semi-finals,,Wed,2015-11-25,19:00,Santa Fe co,0.0,py Sport Luqueño,0.0,,Estadio Nemesio Camacho El Campín,Enrique Osses,Leg 2 of 2; Santa Fe won,https://fbref.com/en/matches/befaf4b1/Santa-Fe-Sportivo-Luqueno-November-25-2015-Copa-Sudamericana,co,Santa Fe,py,Sport Luqueño
Copa Sudamericana,M,,2015,,Semi-finals,,Thu,2015-11-26,20:45,CA Huracán ar,2.0,ar River Plate,2.0,,Estadio Tomás Adolfo Ducó,Sandro Ricci,Leg 2 of 2; CA Huracán won,https://fbref.com/en/matches/eec56d4d/CA-Huracan-River-Plate-November-26-2015-Copa-Sudamericana,ar,CA Huracán,ar,River Plate
Copa Sudamericana,M,,2015,,Finals,,Wed,2015-12-02,21:00,CA Huracán ar,0.0,co Santa Fe,0.0,,Estadio Tomás Adolfo Ducó,Antonio Arias,Leg 1 of 2,https://fbref.com/en/matches/4d04bc5a/CA-Huracan-Santa-Fe-December-2-2015-Copa-Sudamericana,ar,CA Huracán,co,Santa Fe
Copa Sudamericana,M,,2015,,Finals,,Wed,2015-12-09,19:00,Santa Fe co,0.0,ar CA Huracán,0.0,,Estadio Nemesio Camacho El Campín,Heber Roberto Lopes,Leg 2 of 2; Santa Fe won; Santa Fe won on penalty kicks following extra time,https://fbref.com/en/matches/5fd3fd48/Santa-Fe-CA-Huracan-December-9-2015-Copa-Sudamericana,co,Santa Fe,ar,CA Huracán
Copa Sudamericana,M,,2016,,First stage,,Tue,2016-08-09,18:00,Deportivo Lara ve,1.0,co Junior,3.0,5000.0,Estadio Metropolitano de Fútbol de Lara,Eduardo Gamboa Latourniere,Leg 1 of 2,https://fbref.com/en/matches/3432d076/Deportivo-Lara-Junior-August-9-2016-Copa-Sudamericana,ve,Deportivo Lara,co,Junior
Copa Sudamericana,M,,2016,,First stage,,Tue,2016-08-09,18:15,Sport Luqueño py,0.0,uy Peñarol,0.0,7000.0,Estadio Feliciano Cáceres,Raphael Claus,Leg 1 of 2,https://fbref.com/en/matches/9dc3038d/Sportivo-Luqueno-Penarol-August-9-2016-Copa-Sudamericana,py,Sport Luqueño,uy,Peñarol
Copa Sudamericana,M,,2016,,First stage,,Tue,2016-08-09,20:30,Real Potosí bo,3.0,cl Univ Católica,1.0,,Estadio Victor Agustín Ugarte,Jesús Valenzuela,Leg 1 of 2,https://fbref.com/en/matches/033137c8/Real-Potosi-Univ-Catolica-August-9-2016-Copa-Sudamericana,bo,Real Potosí,cl,Univ Católica
Copa Sudamericana,M,,2016,,First stage,,Tue,2016-08-09,21:15,Fénix uy,1.0,py Cerro Porteño,0.0,1000.0,Estadio Luis Franzini,Fernando Rapallini,Leg 1 of 2,https://fbref.com/en/matches/e0224f85/Fenix-Cerro-Porteno-August-9-2016-Copa-Sudamericana,uy,Fénix,py,Cerro Porteño
Copa Sudamericana,M,,2016,,First stage,,Tue,2016-08-09,21:30,Universitario pe,0.0,ec CS Emelec,3.0,10000.0,Estadio Nacional,Wilson Lamouroux,Leg 1 of 2,https://fbref.com/en/matches/dea30996/Universitario-CS-Emelec-August-9-2016-Copa-Sudamericana,pe,Universitario,ec,CS Emelec
Copa Sudamericana,M,,2016,,First stage,,Wed,2016-08-10,18:00,U Concepción cl,2.0,bo Bolívar,0.0,3000.0,Estadio Municipal Alcaldesa Ester Roa Re...,Eber Aguino,Leg 1 of 2,https://fbref.com/en/matches/3d922803/U-Concepcion-Bolivar-August-10-2016-Copa-Sudamericana,cl,U Concepción,bo,Bolívar
Copa Sudamericana,M,,2016,,First stage,,Wed,2016-08-10,20:00,Sol de América py,1.0,bo Wilstermann,1.0,10000.0,Estadio Luís Alfonso Giagni,Esteban Ostojich,Leg 1 of 2,https://fbref.com/en/matches/fd18563e/Club-Sol-de-America-Jorge-Wilstermann-August-10-2016-Copa-Sudamericana,py,Sol de América,bo,Wilstermann
Copa Sudamericana,M,,2016,,First stage,,Wed,2016-08-10,21:00,Wanderers uy,0.0,cl O'Higgins,0.0,3000.0,Estadio Luis Franzini,Klever Rojas,Leg 1 of 2,https://fbref.com/en/matches/36bdb65a/Montevideo-Wanderers-OHiggins-August-10-2016-Copa-Sudamericana,uy,Wanderers,cl,O'Higgins
Copa Sudamericana,M,,2016,,First stage,,Wed,2016-08-10,21:15,Barcelona SC ec,1.0,ve Zamora,1.0,30000.0,Estadio Monumental Isidro Romero Carbo,Óscar Rojas,Leg 1 of 2,https://fbref.com/en/matches/e14f55d1/Barcelona-SC-Zamora-August-10-2016-Copa-Sudamericana,ec,Barcelona SC,ve,Zamora
Copa Sudamericana,M,,2016,,First stage,,Wed,2016-08-10,21:30,Independiente co,1.0,ec Univ Católica,1.0,31793.0,Estadio Atanasio Girardot,Víctor Carrillo,Leg 1 of 2,https://fbref.com/en/matches/64342b3e/Independiente-Univ-Catolica-August-10-2016-Copa-Sudamericana,co,Independiente,ec,Univ Católica
Copa Sudamericana,M,,2016,,First stage,,Thu,2016-08-11,16:30,SD Aucas ec,2.0,pe Real Garcilaso,1.0,3000.0,Estadio Gonzalo Pozo Ripalda,Gustavo Murillo,Leg 1 of 2,https://fbref.com/en/matches/a925c084/SD-Aucas-Real-Garcilaso-August-11-2016-Copa-Sudamericana,ec,SD Aucas,pe,Real Garcilaso
Copa Sudamericana,M,,2016,,First stage,,Thu,2016-08-11,17:30,Dep Anzoátegui ve,2.0,pe Sport Huancayo,1.0,2500.0,Estadio Olímpico General José Antonio An...,Luis Yrusta,Leg 1 of 2,https://fbref.com/en/matches/3a585d66/Deportivo-Anzoategui-Sport-Huancayo-August-11-2016-Copa-Sudamericana,ve,Dep Anzoátegui,pe,Sport Huancayo
Copa Sudamericana,M,,2016,,First stage,,Thu,2016-08-11,19:00,Blooming bo,1.0,uy Plaza Colonia,0.0,10000.0,Estadio Ramón Aguilera Costas,José Argote,Leg 1 of 2,https://fbref.com/en/matches/116c71a8/Blooming-Plaza-Colonia-August-11-2016-Copa-Sudamericana,bo,Blooming,uy,Plaza Colonia
Copa Sudamericana,M,,2016,,First stage,,Thu,2016-08-11,19:45,Palestino cl,1.0,py Libertad,0.0,5000.0,Estadio Monumental David Arellano,Darío Herrera,Leg 1 of 2,https://fbref.com/en/matches/7c11e191/Palestino-Libertad-August-11-2016-Copa-Sudamericana,cl,Palestino,py,Libertad
Copa Sudamericana,M,,2016,,First stage,,Thu,2016-08-11,20:15,Tolima co,0.0,ve Dep La Guaira,0.0,12000.0,Estadio Manuel Murillo Toro,Dewson Fernando Freitas da Silva,Leg 1 of 2,https://fbref.com/en/matches/cf81ce06/Tolima-Deportivo-La-Guaira-August-11-2016-Copa-Sudamericana,co,Tolima,ve,Dep La Guaira
Copa Sudamericana,M,,2016,,First stage,,Thu,2016-08-11,21:00,Dep Municipal pe,0.0,co Nacional,5.0,5000.0,Estadio Alejandro Villanueva,Mario Díaz de Vivar,Leg 1 of 2,https://fbref.com/en/matches/6d525311/Deportivo-Municipal-Atletico-Nacional-August-11-2016-Copa-Sudamericana,pe,Dep Municipal,co,Nacional
Copa Sudamericana,M,,2016,,First stage,,Tue,2016-08-16,17:00,Bolívar bo,3.0,cl U Concepción,0.0,15000.0,Estadio Hernando Siles,Daniel Fedorczuk,Leg 2 of 2; Bolívar won,https://fbref.com/en/matches/c22064a8/Bolivar-U-Concepcion-August-16-2016-Copa-Sudamericana,bo,Bolívar,cl,U Concepción
Copa Sudamericana,M,,2016,,First stage,,Tue,2016-08-16,20:30,O'Higgins cl,0.0,uy Wanderers,0.0,10000.0,Estadio CODELCO-El Teniente,Enrique Cáceres,Leg 2 of 2; Wanderers won; Wanderers won on penalty kicks following extra time,https://fbref.com/en/matches/c69aeaa3/OHiggins-Montevideo-Wanderers-August-16-2016-Copa-Sudamericana,cl,O'Higgins,uy,Wanderers
Copa Sudamericana,M,,2016,,First stage,,Tue,2016-08-16,20:30,Peñarol uy,1.0,py Sport Luqueño,1.0,30000.0,Estadio Campeón del Siglo,Ricardo Marques Ribeiro,Leg 2 of 2; Sport Luqueño won,https://fbref.com/en/matches/a10cc8d3/Penarol-Sportivo-Luqueno-August-16-2016-Copa-Sudamericana,uy,Peñarol,py,Sport Luqueño
Copa Sudamericana,M,,2016,,First stage,,Tue,2016-08-16,21:00,CS Emelec ec,3.0,pe Universitario,1.0,8154.0,Estadio Christian Benítez Betancourt,Raúl Orozco,Leg 2 of 2; CS Emelec won,https://fbref.com/en/matches/3f44b7b7/CS-Emelec-Universitario-August-16-2016-Copa-Sudamericana,ec,CS Emelec,pe,Universitario
Copa Sudamericana,M,,2016,,First stage,,Tue,2016-08-16,21:00,Junior co,2.0,ve Deportivo Lara,1.0,5000.0,Estadio Metropolitano Roberto Meléndez,Jorge Osorio,Leg 2 of 2; Junior won,https://fbref.com/en/matches/03f43ee3/Junior-Deportivo-Lara-August-16-2016-Copa-Sudamericana,co,Junior,ve,Deportivo Lara
Copa Sudamericana,M,,2016,,First stage,,Wed,2016-08-17,16:30,Univ Católica ec,0.0,co Independiente,1.0,20000.0,Estadio Olímpico Atahualpa,Darío Herrera,Leg 2 of 2; Independiente won,https://fbref.com/en/matches/efc23304/Univ-Catolica-Independiente-August-17-2016-Copa-Sudamericana,ec,Univ Católica,co,Independiente
Copa Sudamericana,M,,2016,,First stage,,Wed,2016-08-17,17:30,Dep La Guaira ve,1.0,co Tolima,0.0,2000.0,Estadio Metropolitano de Fútbol de Lara,Mario Díaz de Vivar,Leg 2 of 2; Dep La Guaira won,https://fbref.com/en/matches/2e96f0a5/Deportivo-La-Guaira-Tolima-August-17-2016-Copa-Sudamericana,ve,Dep La Guaira,co,Tolima
Copa Sudamericana,M,,2016,,First stage,,Wed,2016-08-17,18:30,Plaza Colonia uy,1.0,bo Blooming,1.0,5000.0,Estadio Profesor Alberto Suppici,Víctor Carrillo,Leg 2 of 2; Blooming won; Blooming won on penalty kicks following extra time,https://fbref.com/en/matches/3237445e/Plaza-Colonia-Blooming-August-17-2016-Copa-Sudamericana,uy,Plaza Colonia,bo,Blooming
Copa Sudamericana,M,,2016,,First stage,,Wed,2016-08-17,20:00,Cerro Porteño py,2.0,uy Fénix,0.0,10000.0,Estadio Defensores del Chaco,Wilmar Roldán,Leg 2 of 2; Cerro Porteño won,https://fbref.com/en/matches/43198439/Cerro-Porteno-Fenix-August-17-2016-Copa-Sudamericana,py,Cerro Porteño,uy,Fénix
Copa Sudamericana,M,,2016,,First stage,,Wed,2016-08-17,21:00,Univ Católica cl,1.0,bo Real Potosí,1.0,10000.0,Estadio San Carlos de Apoquindo,Wilson Lamouroux,Leg 2 of 2; Real Potosí won,https://fbref.com/en/matches/b5321125/Univ-Catolica-Real-Potosi-August-17-2016-Copa-Sudamericana,cl,Univ Católica,bo,Real Potosí
Copa Sudamericana,M,,2016,,First stage,,Wed,2016-08-17,21:15,Nacional co,1.0,pe Dep Municipal,0.0,18716.0,Estadio Atanasio Girardot,Mario Romero,Leg 2 of 2; Nacional won,https://fbref.com/en/matches/a73f292c/Atletico-Nacional-Deportivo-Municipal-August-17-2016-Copa-Sudamericana,co,Nacional,pe,Dep Municipal
Copa Sudamericana,M,,2016,,First stage,,Wed,2016-08-17,21:15,Real Garcilaso pe,1.0,ec SD Aucas,0.0,1000.0,Estadio Inca Garcilaso de la Vega,Jesús Valenzuela,Leg 2 of 2; Real Garcilaso won,https://fbref.com/en/matches/e61b90c2/Real-Garcilaso-SD-Aucas-August-17-2016-Copa-Sudamericana,pe,Real Garcilaso,ec,SD Aucas
Copa Sudamericana,M,,2016,,First stage,,Thu,2016-08-18,15:00,Sport Huancayo pe,1.0,ve Dep Anzoátegui,0.0,1000.0,Estadio Huancayo,Anderson Daronco,Leg 2 of 2; Sport Huancayo won,https://fbref.com/en/matches/360087bb/Sport-Huancayo-Deportivo-Anzoategui-August-18-2016-Copa-Sudamericana,pe,Sport Huancayo,ve,Dep Anzoátegui
Copa Sudamericana,M,,2016,,First stage,,Thu,2016-08-18,17:30,Wilstermann bo,1.0,py Sol de América,1.0,20000.0,Estadio Félix Capriles,Klever Rojas,Leg 2 of 2; Sol de América won; Sol de América won on penalty kicks following extra time,https://fbref.com/en/matches/3f812a41/Jorge-Wilstermann-Club-Sol-de-America-August-18-2016-Copa-Sudamericana,bo,Wilstermann,py,Sol de América
Copa Sudamericana,M,,2016,,First stage,,Thu,2016-08-18,18:00,Zamora ve,1.0,ec Barcelona SC,1.0,15000.0,Estadio Rafael Agustín Tovar,Mauro Vigliano,Leg 2 of 2; Zamora won; Zamora won on penalty kicks following extra time,https://fbref.com/en/matches/497640da/Zamora-Barcelona-SC-August-18-2016-Copa-Sudamericana,ve,Zamora,ec,Barcelona SC
Copa Sudamericana,M,,2016,,First stage,,Thu,2016-08-18,20:30,Libertad py,0.0,cl Palestino,3.0,5000.0,Estadio Dr. Nicolás Leoz,Patricio Loustau,Leg 2 of 2; Palestino won,https://fbref.com/en/matches/04f4a3db/Libertad-Palestino-August-18-2016-Copa-Sudamericana,py,Libertad,cl,Palestino
Copa Sudamericana,M,,2016,,Second stage,,Tue,2016-08-23,18:15,Dep La Guaira ve,4.0,ec CS Emelec,2.0,1500.0,Estadio Metropolitano de Fútbol de Lara,Roberto Tobar,Leg 1 of 2,https://fbref.com/en/matches/4e3e0e06/Deportivo-La-Guaira-CS-Emelec-August-23-2016-Copa-Sudamericana,ve,Dep La Guaira,ec,CS Emelec
Copa Sudamericana,M,,2016,,Second stage,,Tue,2016-08-23,19:15,Banfield ar,2.0,ar San Lorenzo,0.0,15000.0,Estadio Florencio Solá,Luiz Flávio de Oliveira,Leg 1 of 2,https://fbref.com/en/matches/ac6f7f55/Banfield-San-Lorenzo-August-23-2016-Copa-Sudamericana,ar,Banfield,ar,San Lorenzo
Copa Sudamericana,M,,2016,,Second stage,,Tue,2016-08-23,20:45,Blooming bo,0.0,co Junior,2.0,12000.0,Estadio Ramón Aguilera Costas,Jonathan Fuentes,Leg 1 of 2,https://fbref.com/en/matches/452c4268/Blooming-Junior-August-23-2016-Copa-Sudamericana,bo,Blooming,co,Junior
Copa Sudamericana,M,,2016,,Second stage,,Wed,2016-08-24,15:00,Real Garcilaso pe,2.0,cl Palestino,2.0,3000.0,Estadio Inca Garcilaso de la Vega,Raúl Orozco,Leg 1 of 2,https://fbref.com/en/matches/346bd99e/Real-Garcilaso-Palestino-August-24-2016-Copa-Sudamericana,pe,Real Garcilaso,cl,Palestino
Copa Sudamericana,M,,2016,,Second stage,,Wed,2016-08-24,18:15,Bolívar bo,1.0,co Nacional,1.0,16000.0,Estadio Hernando Siles,Enrique Cáceres,Leg 1 of 2,https://fbref.com/en/matches/c427dc13/Bolivar-Atletico-Nacional-August-24-2016-Copa-Sudamericana,bo,Bolívar,co,Nacional
Copa Sudamericana,M,,2016,,Second stage,,Wed,2016-08-24,18:15,Cerro Porteño py,6.0,bo Real Potosí,0.0,12000.0,Estadio Defensores del Chaco,Diego Haro,Leg 1 of 2,https://fbref.com/en/matches/08d3d553/Cerro-Porteno-Real-Potosi-August-24-2016-Copa-Sudamericana,py,Cerro Porteño,bo,Real Potosí
Copa Sudamericana,M,,2016,,Second stage,,Wed,2016-08-24,19:45,Independiente co,3.0,py Sport Luqueño,0.0,19040.0,Estadio Atanasio Girardot,Juan Bravo,Leg 1 of 2,https://fbref.com/en/matches/e1dc94f1/Independiente-Sportivo-Luqueno-August-24-2016-Copa-Sudamericana,co,Independiente,py,Sport Luqueño
Copa Sudamericana,M,,2016,,Second stage,,Wed,2016-08-24,21:45,Santa Cruz br,0.0,br Sport Recife,0.0,5517.0,Itaipava Arena Pernambuco,Julio Bascuñán,Leg 1 of 2,https://fbref.com/en/matches/df582c2d/Santa-Cruz-Sport-Recife-August-24-2016-Copa-Sudamericana,br,Santa Cruz,br,Sport Recife
Copa Sudamericana,M,,2016,,Second stage,,Wed,2016-08-24,21:45,Estudiantes ar,1.0,ar Belgrano,0.0,15000.0,Estadio Ciudad de La Plata,Julio Quintana,Leg 1 of 2,https://fbref.com/en/matches/ad59f13e/Estudiantes-Belgrano-August-24-2016-Copa-Sudamericana,ar,Estudiantes,ar,Belgrano
Copa Sudamericana,M,,2016,,Second stage,,Wed,2016-08-24,21:45,Figueirense br,4.0,br Flamengo,2.0,5400.0,Estádio Orlando Scarpelli,Daniel Fedorczuk,Leg 1 of 2,https://fbref.com/en/matches/8271ad61/Figueirense-Flamengo-August-24-2016-Copa-Sudamericana,br,Figueirense,br,Flamengo
Copa Sudamericana,M,,2016,,Second stage,,Thu,2016-08-25,18:00,Cuiabá br,1.0,br Chapecoense,0.0,1714.0,Arena Pantanal,Jorge Baliño,Leg 1 of 2,https://fbref.com/en/matches/deb00700/Cuiaba-Chapecoense-August-25-2016-Copa-Sudamericana,br,Cuiabá,br,Chapecoense
Copa Sudamericana,M,,2016,,Second stage,,Thu,2016-08-25,19:15,Lanús ar,0.0,ar Independiente,2.0,14000.0,Estadio Ciudad de Lanús,Wilmar Roldán,Leg 1 of 2,https://fbref.com/en/matches/77d7c841/Lanus-Independiente-August-25-2016-Copa-Sudamericana,ar,Lanús,ar,Independiente
Copa Sudamericana,M,,2016,,Second stage,,Thu,2016-08-25,20:45,Sol de América py,1.0,pe Sport Huancayo,0.0,7000.0,Estadio Luís Alfonso Giagni,Germán Delfino,Leg 1 of 2,https://fbref.com/en/matches/ba1d000a/Club-Sol-de-America-Sport-Huancayo-August-25-2016-Copa-Sudamericana,py,Sol de América,pe,Sport Huancayo
Copa Sudamericana,M,,2016,,Second stage,,Thu,2016-08-25,20:45,Zamora ve,0.0,uy Wanderers,1.0,8000.0,Estadio Rafael Agustín Tovar,Leandro Pedro Vuaden,Leg 1 of 2,https://fbref.com/en/matches/076eee68/Zamora-Montevideo-Wanderers-August-25-2016-Copa-Sudamericana,ve,Zamora,uy,Wanderers
Copa Sudamericana,M,,2016,,Second stage,,Thu,2016-08-25,21:45,Vitória br,2.0,br Coritiba,1.0,3549.0,Itaipava Arena Fonte Nova,José Argote,Leg 1 of 2,https://fbref.com/en/matches/cd2f0d0e/Vitoria-Coritiba-August-25-2016-Copa-Sudamericana,br,Vitória,br,Coritiba
Copa Sudamericana,M,,2016,,Second stage,,Wed,2016-08-31,17:00,Coritiba br,1.0,br Vitória,0.0,5228.0,Estádio Major Antônio Couto Pereira,Klever Rojas,Leg 2 of 2; Coritiba won,https://fbref.com/en/matches/012bf58c/Coritiba-Vitoria-August-31-2016-Copa-Sudamericana,br,Coritiba,br,Vitória
Copa Sudamericana,M,,2016,,Second stage,,Wed,2016-08-31,21:45,Chapecoense br,3.0,br Cuiabá,1.0,4452.0,Arena Condá,Jesús Valenzuela,Leg 2 of 2; Chapecoense won,https://fbref.com/en/matches/b98baf0e/Chapecoense-Cuiaba-August-31-2016-Copa-Sudamericana,br,Chapecoense,br,Cuiabá
Copa Sudamericana,M,,2016,,Second stage,,Wed,2016-08-31,21:45,Sport Recife br,0.0,br Santa Cruz,1.0,6570.0,Itaipava Arena Pernambuco,Diego Haro,Leg 2 of 2; Santa Cruz won,https://fbref.com/en/matches/cfd8e1ca/Sport-Recife-Santa-Cruz-August-31-2016-Copa-Sudamericana,br,Sport Recife,br,Santa Cruz
Copa Sudamericana,M,,2016,,Second stage,,Wed,2016-08-31,21:45,Flamengo br,3.0,br Figueirense,1.0,7449.0,Estádio Kleber José de Andrade,Wilson Lamouroux,Leg 2 of 2; Flamengo won,https://fbref.com/en/matches/2844078e/Flamengo-Figueirense-August-31-2016-Copa-Sudamericana,br,Flamengo,br,Figueirense
Copa Sudamericana,M,,2016,,Second stage,,Tue,2016-09-13,19:15,San Lorenzo ar,4.0,ar Banfield,1.0,30000.0,Estadio Pedro Bidegaín,Wilton Sampaio,Leg 2 of 2; San Lorenzo won,https://fbref.com/en/matches/355434a6/San-Lorenzo-Banfield-September-13-2016-Copa-Sudamericana,ar,San Lorenzo,ar,Banfield
Copa Sudamericana,M,,2016,,Second stage,,Tue,2016-09-13,19:45,Nacional co,1.0,bo Bolívar,0.0,20092.0,Estadio Atanasio Girardot,Juan Bravo,Leg 2 of 2; Nacional won,https://fbref.com/en/matches/64153d5a/Atletico-Nacional-Bolivar-September-13-2016-Copa-Sudamericana,co,Nacional,bo,Bolívar
Copa Sudamericana,M,,2016,,Second stage,,Wed,2016-09-14,16:00,Wanderers uy,1.0,ve Zamora,0.0,2000.0,Estadio Luis Franzini,Darío Herrera,Leg 2 of 2; Wanderers won,https://fbref.com/en/matches/86550855/Montevideo-Wanderers-Zamora-September-14-2016-Copa-Sudamericana,uy,Wanderers,ve,Zamora
Copa Sudamericana,M,,2016,,Second stage,,Wed,2016-09-14,16:00,CS Emelec ec,0.0,ve Dep La Guaira,0.0,20000.0,Estadio Banco del Pacífico,Wilmar Roldán,Leg 2 of 2; Dep La Guaira won,https://fbref.com/en/matches/c38f396a/CS-Emelec-Deportivo-La-Guaira-September-14-2016-Copa-Sudamericana,ec,CS Emelec,ve,Dep La Guaira
Copa Sudamericana,M,,2016,,Second stage,,Wed,2016-09-14,19:15,Independiente ar,1.0,ar Lanús,0.0,25000.0,Estadio Libertadores de América,Enrique Cáceres,Leg 2 of 2; Independiente won,https://fbref.com/en/matches/b78ba39f/Independiente-Lanus-September-14-2016-Copa-Sudamericana,ar,Independiente,ar,Lanús
Copa Sudamericana,M,,2016,,Second stage,,Wed,2016-09-14,19:45,Junior co,1.0,bo Blooming,1.0,5382.0,Estadio Metropolitano Roberto Meléndez,Raphael Claus,Leg 2 of 2; Junior won,https://fbref.com/en/matches/8857634f/Junior-Blooming-September-14-2016-Copa-Sudamericana,co,Junior,bo,Blooming
Copa Sudamericana,M,,2016,,Second stage,,Thu,2016-09-15,14:15,Sport Huancayo pe,1.0,py Sol de América,1.0,1500.0,Estadio Huancayo,Néstor Pitana,Leg 2 of 2; Sol de América won,https://fbref.com/en/matches/148bec3c/Sport-Huancayo-Club-Sol-de-America-September-15-2016-Copa-Sudamericana,pe,Sport Huancayo,py,Sol de América
Copa Sudamericana,M,,2016,,Second stage,,Thu,2016-09-15,18:30,Real Potosí bo,0.0,py Cerro Porteño,1.0,,Estadio Victor Agustín Ugarte,Óscar Rojas,Leg 2 of 2; Cerro Porteño won,https://fbref.com/en/matches/23d11101/Real-Potosi-Cerro-Porteno-September-15-2016-Copa-Sudamericana,bo,Real Potosí,py,Cerro Porteño
Copa Sudamericana,M,,2016,,Second stage,,Thu,2016-09-15,19:15,Palestino cl,1.0,pe Real Garcilaso,0.0,4500.0,Estadio Monumental David Arellano,Mario Díaz de Vivar,Leg 2 of 2; Palestino won,https://fbref.com/en/matches/4cdada72/Palestino-Real-Garcilaso-September-15-2016-Copa-Sudamericana,cl,Palestino,pe,Real Garcilaso
Copa Sudamericana,M,,2016,,Second stage,,Thu,2016-09-15,20:45,Sport Luqueño py,2.0,co Independiente,0.0,10000.0,Estadio Feliciano Cáceres,Roberto Tobar,Leg 2 of 2; Independiente won,https://fbref.com/en/matches/d3a0422c/Sportivo-Luqueno-Independiente-September-15-2016-Copa-Sudamericana,py,Sport Luqueño,co,Independiente
Copa Sudamericana,M,,2016,,Second stage,,Thu,2016-09-15,21:45,Belgrano ar,2.0,ar Estudiantes,0.0,18000.0,Estadio Mario Alberto Kempes,Víctor Carrillo,Leg 2 of 2; Belgrano won,https://fbref.com/en/matches/bb6c5fbf/Belgrano-Estudiantes-September-15-2016-Copa-Sudamericana,ar,Belgrano,ar,Estudiantes
Copa Sudamericana,M,,2016,,Round of 16,,Tue,2016-09-20,19:45,Sol de América py,1.0,co Nacional,1.0,,Estadio Luís Alfonso Giagni,Juan Soto,Leg 1 of 2,https://fbref.com/en/matches/2c04c64f/Club-Sol-de-America-Atletico-Nacional-September-20-2016-Copa-Sudamericana,py,Sol de América,co,Nacional
Copa Sudamericana,M,,2016,,Round of 16,,Wed,2016-09-21,19:15,Independiente ar,0.0,br Chapecoense,0.0,,Estadio Libertadores de América,Klever Rojas,Leg 1 of 2,https://fbref.com/en/matches/9a79c54d/Independiente-Chapecoense-September-21-2016-Copa-Sudamericana,ar,Independiente,br,Chapecoense
Copa Sudamericana,M,,2016,,Round of 16,,Wed,2016-09-21,19:15,Wanderers uy,0.0,co Junior,0.0,,Estadio Luis Franzini,Julio Quintana,Leg 1 of 2,https://fbref.com/en/matches/6b296287/Montevideo-Wanderers-Junior-September-21-2016-Copa-Sudamericana,uy,Wanderers,co,Junior
Copa Sudamericana,M,,2016,,Round of 16,,Wed,2016-09-21,19:45,Independiente co,2.0,br Santa Cruz,0.0,,Estadio Atanasio Girardot,Raúl Orozco,Leg 1 of 2,https://fbref.com/en/matches/2ad77cac/Independiente-Santa-Cruz-September-21-2016-Copa-Sudamericana,co,Independiente,br,Santa Cruz
Copa Sudamericana,M,,2016,,Round of 16,,Wed,2016-09-21,21:45,Coritiba br,1.0,ar Belgrano,2.0,,Estádio Major Antônio Couto Pereira,Christian Ferreyra,Leg 1 of 2,https://fbref.com/en/matches/6eda3663/Coritiba-Belgrano-September-21-2016-Copa-Sudamericana,br,Coritiba,ar,Belgrano
Copa Sudamericana,M,,2016,,Round of 16,,Wed,2016-09-21,21:45,Palestino cl,0.0,br Flamengo,1.0,,Estadio Monumental David Arellano,Jonathan Fuentes,Leg 1 of 2,https://fbref.com/en/matches/5606ff39/Palestino-Flamengo-September-21-2016-Copa-Sudamericana,cl,Palestino,br,Flamengo
Copa Sudamericana,M,,2016,,Round of 16,,Thu,2016-09-22,19:15,San Lorenzo ar,2.0,ve Dep La Guaira,1.0,,Estadio Pedro Bidegaín,Wilson Lamouroux,Leg 1 of 2,https://fbref.com/en/matches/12f0028d/San-Lorenzo-Deportivo-La-Guaira-September-22-2016-Copa-Sudamericana,ar,San Lorenzo,ve,Dep La Guaira
Copa Sudamericana,M,,2016,,Round of 16,,Thu,2016-09-22,19:45,Santa Fe co,2.0,py Cerro Porteño,0.0,,Estadio Metropolitano de Techo,Sandro Ricci,Leg 1 of 2,https://fbref.com/en/matches/226c87a5/Santa-Fe-Cerro-Porteno-September-22-2016-Copa-Sudamericana,co,Santa Fe,py,Cerro Porteño
Copa Sudamericana,M,,2016,,Round of 16,,Tue,2016-09-27,19:45,Nacional co,2.0,py Sol de América,0.0,,Estadio Atanasio Girardot,Christian Ferreyra,Leg 2 of 2; Nacional won,https://fbref.com/en/matches/8f93d2da/Atletico-Nacional-Club-Sol-de-America-September-27-2016-Copa-Sudamericana,co,Nacional,py,Sol de América
Copa Sudamericana,M,,2016,,Round of 16,,Wed,2016-09-28,17:15,Junior co,0.0,uy Wanderers,0.0,,Estadio Metropolitano Roberto Meléndez,Roberto Tobar,Leg 2 of 2; Junior won; Junior won on penalty kicks following extra time,https://fbref.com/en/matches/513e1c3a/Junior-Montevideo-Wanderers-September-28-2016-Copa-Sudamericana,co,Junior,uy,Wanderers
Copa Sudamericana,M,,2016,,Round of 16,,Wed,2016-09-28,19:15,Chapecoense br,0.0,ar Independiente,0.0,,Arena Condá,Juan Bravo,Leg 2 of 2; Chapecoense won; Chapecoense won on penalty kicks following extra time,https://fbref.com/en/matches/c1dafe46/Chapecoense-Independiente-September-28-2016-Copa-Sudamericana,br,Chapecoense,ar,Independiente
Copa Sudamericana,M,,2016,,Round of 16,,Wed,2016-09-28,21:45,Belgrano ar,1.0,br Coritiba,1.0,,Estadio Mario Alberto Kempes,Julio Bascuñán,Leg 2 of 2; Coritiba won; Coritiba won on penalty kicks following extra time,https://fbref.com/en/matches/9d9cdeb7/Belgrano-Coritiba-September-28-2016-Copa-Sudamericana,ar,Belgrano,br,Coritiba
Copa Sudamericana,M,,2016,,Round of 16,,Wed,2016-09-28,21:45,Flamengo br,1.0,cl Palestino,2.0,,Estádio Kleber José de Andrade,Diego Haro,Leg 2 of 2; Palestino won,https://fbref.com/en/matches/751df607/Flamengo-Palestino-September-28-2016-Copa-Sudamericana,br,Flamengo,cl,Palestino
Copa Sudamericana,M,,2016,,Round of 16,,Wed,2016-09-28,21:45,Santa Cruz br,3.0,co Independiente,1.0,,Estádio Jóse do Rego Maciel,José Argote,Leg 2 of 2; Independiente won,https://fbref.com/en/matches/aa1290ef/Santa-Cruz-Independiente-September-28-2016-Copa-Sudamericana,br,Santa Cruz,co,Independiente
Copa Sudamericana,M,,2016,,Round of 16,,Thu,2016-09-29,18:15,Dep La Guaira ve,0.0,ar San Lorenzo,2.0,,Estadio Metropolitano de Fútbol de Lara,Andrés Cunha,Leg 2 of 2; San Lorenzo won,https://fbref.com/en/matches/9ab231ee/Deportivo-La-Guaira-San-Lorenzo-September-29-2016-Copa-Sudamericana,ve,Dep La Guaira,ar,San Lorenzo
Copa Sudamericana,M,,2016,,Round of 16,,Thu,2016-09-29,20:45,Cerro Porteño py,4.0,co Santa Fe,1.0,,Estadio Defensores del Chaco,Patricio Loustau,Leg 2 of 2; Cerro Porteño won,https://fbref.com/en/matches/9a47cebc/Cerro-Porteno-Santa-Fe-September-29-2016-Copa-Sudamericana,py,Cerro Porteño,co,Santa Fe
Copa Sudamericana,M,,2016,,Quarter-finals,,Tue,2016-10-18,19:00,Independiente co,0.0,py Cerro Porteño,0.0,,Estadio Atanasio Girardot,Andrés Cunha,Leg 1 of 2,https://fbref.com/en/matches/06bf35ea/Independiente-Cerro-Porteno-October-18-2016-Copa-Sudamericana,co,Independiente,py,Cerro Porteño
Copa Sudamericana,M,,2016,,Quarter-finals,,Wed,2016-10-19,18:45,Junior co,1.0,br Chapecoense,0.0,,Estadio Metropolitano Roberto Meléndez,Juan Soto,Leg 1 of 2,https://fbref.com/en/matches/2fcdc97e/Junior-Chapecoense-October-19-2016-Copa-Sudamericana,co,Junior,br,Chapecoense
Copa Sudamericana,M,,2016,,Quarter-finals,,Wed,2016-10-19,21:45,Coritiba br,1.0,co Nacional,1.0,,Estádio Major Antônio Couto Pereira,Roberto Tobar,Leg 1 of 2,https://fbref.com/en/matches/9c954c9b/Coritiba-Atletico-Nacional-October-19-2016-Copa-Sudamericana,br,Coritiba,co,Nacional
Copa Sudamericana,M,,2016,,Quarter-finals,,Thu,2016-10-20,21:00,San Lorenzo ar,2.0,cl Palestino,0.0,,Estadio Pedro Bidegaín,Anderson Daronco,Leg 1 of 2,https://fbref.com/en/matches/d8d0a208/San-Lorenzo-Palestino-October-20-2016-Copa-Sudamericana,ar,San Lorenzo,cl,Palestino
Copa Sudamericana,M,,2016,,Quarter-finals,,Tue,2016-10-25,21:00,Cerro Porteño py,2.0,co Independiente,0.0,,Estadio Defensores del Chaco,Mauro Vigliano,Leg 2 of 2; Cerro Porteño won,https://fbref.com/en/matches/56b8dece/Cerro-Porteno-Independiente-October-25-2016-Copa-Sudamericana,py,Cerro Porteño,co,Independiente
Copa Sudamericana,M,,2016,,Quarter-finals,,Wed,2016-10-26,18:45,Nacional co,3.0,br Coritiba,1.0,,Estadio Atanasio Girardot,Víctor Carrillo,Leg 2 of 2; Nacional won,https://fbref.com/en/matches/6ead7693/Atletico-Nacional-Coritiba-October-26-2016-Copa-Sudamericana,co,Nacional,br,Coritiba
Copa Sudamericana,M,,2016,,Quarter-finals,,Wed,2016-10-26,21:45,Chapecoense br,3.0,co Junior,0.0,,Arena Condá,Enrique Cáceres,Leg 2 of 2; Chapecoense won,https://fbref.com/en/matches/be27d4e9/Chapecoense-Junior-October-26-2016-Copa-Sudamericana,br,Chapecoense,co,Junior
Copa Sudamericana,M,,2016,,Quarter-finals,,Thu,2016-10-27,21:00,Palestino cl,1.0,ar San Lorenzo,0.0,,Estadio Monumental David Arellano,Christian Ferreyra,Leg 2 of 2; San Lorenzo won,https://fbref.com/en/matches/0b34e38f/Palestino-San-Lorenzo-October-27-2016-Copa-Sudamericana,cl,Palestino,ar,San Lorenzo
Copa Sudamericana,M,,2016,,Semi-finals,,Tue,2016-11-01,20:45,Cerro Porteño py,1.0,co Nacional,1.0,,Estadio Defensores del Chaco,Néstor Pitana,Leg 1 of 2,https://fbref.com/en/matches/732dc2c2/Cerro-Porteno-Atletico-Nacional-November-1-2016-Copa-Sudamericana,py,Cerro Porteño,co,Nacional
Copa Sudamericana,M,,2016,,Semi-finals,,Wed,2016-11-02,20:45,San Lorenzo ar,1.0,br Chapecoense,1.0,,Estadio Pedro Bidegaín,Roberto Tobar,Leg 1 of 2,https://fbref.com/en/matches/14be9196/San-Lorenzo-Chapecoense-November-2-2016-Copa-Sudamericana,ar,San Lorenzo,br,Chapecoense
Copa Sudamericana,M,,2016,,Semi-finals,,Wed,2016-11-23,21:45,Chapecoense br,0.0,ar San Lorenzo,0.0,,Arena Condá,Daniel Fedorczuk,Leg 2 of 2; Chapecoense won,https://fbref.com/en/matches/02f3e3fe/Chapecoense-San-Lorenzo-November-23-2016-Copa-Sudamericana,br,Chapecoense,ar,San Lorenzo
Copa Sudamericana,M,,2016,,Semi-finals,,Thu,2016-11-24,19:45,Nacional co,0.0,py Cerro Porteño,0.0,,Estadio Atanasio Girardot,Julio Bascuñán,Leg 2 of 2; Nacional won,https://fbref.com/en/matches/3786ae60/Atletico-Nacional-Cerro-Porteno-November-24-2016-Copa-Sudamericana,co,Nacional,py,Cerro Porteño
Copa Sudamericana,M,,2017,,First stage,,Tue,2017-02-28,19:15,O'Higgins cl,1.0,ec Amarilla SC,0.0,7000.0,Estadio CODELCO-El Teniente,Wagner do Nascimento Magalhaes,Leg 1 of 2,https://fbref.com/en/matches/261ccc2b/OHiggins-Amarilla-SC-February-28-2017-Copa-Sudamericana,cl,O'Higgins,ec,Amarilla SC
Copa Sudamericana,M,,2017,,First stage,,Tue,2017-02-28,19:15,Boston River uy,3.0,pe Comerciantes,1.0,1000.0,Estadio Gran Parque Central,Andrés Rojas,Leg 1 of 2,https://fbref.com/en/matches/ff41760b/Boston-River-Comerciantes-Unidos-February-28-2017-Copa-Sudamericana,uy,Boston River,pe,Comerciantes
Copa Sudamericana,M,,2017,,First stage,,Tue,2017-02-28,19:45,LDU de Quito ec,2.0,uy Defensor,2.0,,Estadio de Liga Deportiva Universitaria,Gery Vargas,Leg 1 of 2,https://fbref.com/en/matches/50d7d118/LDU-de-Quito-Defensor-Sporting-February-28-2017-Copa-Sudamericana,ec,LDU de Quito,uy,Defensor
Copa Sudamericana,M,,2017,,First stage,,Tue,2017-02-28,19:45,AD Cali co,1.0,py Sport Luqueño,0.0,,Estadio Deportivo Cali,Fernando Rapallini,Leg 1 of 2,https://fbref.com/en/matches/e355a5c6/AD-Cali-Sportivo-Luqueno-February-28-2017-Copa-Sudamericana,co,AD Cali,py,Sport Luqueño
Copa Sudamericana,M,,2017,,First stage,,Wed,2017-03-01,18:15,Nacional Potosí bo,3.0,pe Sport Huancayo,1.0,,Estadio Victor Agustín Ugarte,Klever Rojas,Leg 1 of 2,https://fbref.com/en/matches/8c0f0e73/Nacional-Potosi-Sport-Huancayo-March-1-2017-Copa-Sudamericana,bo,Nacional Potosí,pe,Sport Huancayo
Copa Sudamericana,M,,2017,,First stage,,Wed,2017-03-01,18:15,Dep Anzoátegui ve,3.0,ar CA Huracán,0.0,,Estadio Olímpico General José Antonio An...,Eber Aguino,Leg 1 of 2,https://fbref.com/en/matches/b22b73b5/Deportivo-Anzoategui-CA-Huracan-March-1-2017-Copa-Sudamericana,ve,Dep Anzoátegui,ar,CA Huracán
Copa Sudamericana,M,,2017,,First stage,,Wed,2017-03-01,21:45,Racing Club ar,1.0,co Rionegro,0.0,,Estadio Presidente Juan Domingo Perón,Óscar Rojas,Leg 1 of 2,https://fbref.com/en/matches/d38bcc2e/Racing-Club-Rionegro-March-1-2017-Copa-Sudamericana,ar,Racing Club,co,Rionegro
Copa Sudamericana,M,,2017,,First stage,,Wed,2017-03-01,21:45,Palestino cl,0.0,ve Atlé Venezuela,1.0,,Estadio Nacional Julio Martínez Prádanos,Gustavo Murillo,Leg 1 of 2,https://fbref.com/en/matches/d98d7872/Palestino-Atletico-Venezuela-March-1-2017-Copa-Sudamericana,cl,Palestino,ve,Atlé Venezuela
Copa Sudamericana,M,,2017,,First stage,,Thu,2017-03-02,16:00,Juan Aurich pe,0.0,ar Arsenal,2.0,,Estadio Mansiche,Jesús Valenzuela,Leg 1 of 2,https://fbref.com/en/matches/8d756a0e/Juan-Aurich-Arsenal-March-2-2017-Copa-Sudamericana,pe,Juan Aurich,ar,Arsenal
Copa Sudamericana,M,,2017,,First stage,,Thu,2017-03-02,19:15,Cerro Porteño py,1.0,ve Caracas,1.0,,Estadio Defensores del Chaco,Anderson Daronco,Leg 1 of 2,https://fbref.com/en/matches/e43f3135/Cerro-Porteno-Caracas-March-2-2017-Copa-Sudamericana,py,Cerro Porteño,ve,Caracas
Copa Sudamericana,M,,2017,,First stage,,Thu,2017-03-02,19:45,Tolima co,2.0,bo Bolívar,1.0,5000.0,Estadio Manuel Murillo Toro,Diego Haro,Leg 1 of 2,https://fbref.com/en/matches/8dc41117/Tolima-Bolivar-March-2-2017-Copa-Sudamericana,co,Tolima,bo,Bolívar
Copa Sudamericana,M,,2017,,First stage,,Tue,2017-04-04,18:15,Petrolero bo,1.0,ec Univ Católica,3.0,12000.0,Estadio Provincial de Yacuiba,Michael Espinoza,Leg 1 of 2,https://fbref.com/en/matches/14cfa31e/Petrolero-Univ-Catolica-April-4-2017-Copa-Sudamericana,bo,Petrolero,ec,Univ Católica
Copa Sudamericana,M,,2017,,First stage,,Tue,2017-04-04,21:45,Independiente ar,0.0,pe Alianza Lima,0.0,,Estadio Libertadores de América,Patricio Polic,Leg 1 of 2,https://fbref.com/en/matches/48ba5a5a/Independiente-Alianza-Lima-April-4-2017-Copa-Sudamericana,ar,Independiente,pe,Alianza Lima
Copa Sudamericana,M,,2017,,First stage,,Tue,2017-04-04,21:45,Cruzeiro br,2.0,py Nacional,1.0,16784.0,Estádio Governador Magalhães Pinto,Juan Soto,Leg 1 of 2,https://fbref.com/en/matches/affed977/Cruzeiro-Nacional-Asuncion-April-4-2017-Copa-Sudamericana,br,Cruzeiro,py,Nacional
Copa Sudamericana,M,,2017,,First stage,,Wed,2017-04-05,19:15,CD Everton cl,1.0,co Boyacá Patriot,0.0,10000.0,Estadio Sausalito,Mario Romero,Leg 1 of 2,https://fbref.com/en/matches/730a9a6e/CD-Everton-Boyaca-Patriot-April-5-2017-Copa-Sudamericana,cl,CD Everton,co,Boyacá Patriot
Copa Sudamericana,M,,2017,,First stage,,Wed,2017-04-05,19:15,Ponte Preta br,0.0,ar Gimnasia ELP,0.0,6432.0,Estádio Moisés Lucarelli,Gustavo Murillo,Leg 1 of 2,https://fbref.com/en/matches/fdaa6efb/Ponte-Preta-Gimnasia-ELP-April-5-2017-Copa-Sudamericana,br,Ponte Preta,ar,Gimnasia ELP
Copa Sudamericana,M,,2017,,First stage,,Wed,2017-04-05,19:15,Defensa y Just ar,0.0,br São Paulo,0.0,,Estadio Ciudad de Lanús,Jesús Valenzuela,Leg 1 of 2,https://fbref.com/en/matches/ff4aff43/Defensa-y-Just-Sao-Paulo-April-5-2017-Copa-Sudamericana,ar,Defensa y Just,br,São Paulo
Copa Sudamericana,M,,2017,,First stage,,Wed,2017-04-05,21:45,Corinthians br,2.0,cl Univ Chile,0.0,25000.0,Arena Corinthians,Darío Herrera,Leg 1 of 2,https://fbref.com/en/matches/5e77e7d6/Corinthians-Univ-Chile-April-5-2017-Copa-Sudamericana,br,Corinthians,cl,Univ Chile
Copa Sudamericana,M,,2017,,First stage,,Wed,2017-04-05,21:45,Fluminense br,2.0,uy Liverpool,0.0,,Estadio Jornalista Mário Filho,Eber Aguino,Leg 1 of 2,https://fbref.com/en/matches/dd9ee7ce/Fluminense-Liverpool-April-5-2017-Copa-Sudamericana,br,Fluminense,uy,Liverpool
Copa Sudamericana,M,,2017,,First stage,,Thu,2017-04-06,18:15,Estud Caracas ve,2.0,py Sol de América,3.0,,Estadio Olímpico,Raphael Claus,Leg 1 of 2,https://fbref.com/en/matches/ae9d18cc/Estudiantes-de-Caracas-Club-Sol-de-America-April-6-2017-Copa-Sudamericana,ve,Estud Caracas,py,Sol de América
Copa Sudamericana,M,,2017,,First stage,,Thu,2017-04-06,19:15,Sport Recife br,3.0,uy Danubio,0.0,,Estádio Adelmar da Costa Carvalho,Jorge Baliño,Leg 1 of 2,https://fbref.com/en/matches/4d6c1a8d/Sport-Recife-Danubio-April-6-2017-Copa-Sudamericana,br,Sport Recife,uy,Danubio
Copa Sudamericana,M,,2017,,First stage,,Thu,2017-04-06,20:45,Oriente Petrolero bo,1.0,ec CD Cuenca,1.0,15500.0,Estadio Ramón Aguilera Costas,Anderson Daronco,Leg 1 of 2,https://fbref.com/en/matches/a6459a45/Oriente-Petrolero-CD-Cuenca-April-6-2017-Copa-Sudamericana,bo,Oriente Petrolero,ec,CD Cuenca
Copa Sudamericana,M,,2017,,First stage,,Tue,2017-05-09,17:15,Sport Huancayo pe,2.0,bo Nacional Potosí,1.0,,Estadio Huancayo,Mario Romero,Leg 2 of 2; Nacional Potosí won,https://fbref.com/en/matches/8d9bce08/Sport-Huancayo-Nacional-Potosi-May-9-2017-Copa-Sudamericana,pe,Sport Huancayo,bo,Nacional Potosí
Copa Sudamericana,M,,2017,,First stage,,Tue,2017-05-09,20:45,Sport Luqueño py,2.0,co AD Cali,1.0,,Estadio Feliciano Cáceres,Raphael Claus,Leg 2 of 2; AD Cali won,https://fbref.com/en/matches/2afa405a/Sportivo-Luqueno-AD-Cali-May-9-2017-Copa-Sudamericana,py,Sport Luqueño,co,AD Cali
Copa Sudamericana,M,,2017,,First stage,,Tue,2017-05-09,21:45,Gimnasia ELP ar,1.0,br Ponte Preta,1.0,,Estadio Juan Carmelo Zerillo,Esteban Ostojich,Leg 2 of 2; Ponte Preta won,https://fbref.com/en/matches/c1efa9ab/Gimnasia-ELP-Ponte-Preta-May-9-2017-Copa-Sudamericana,ar,Gimnasia ELP,br,Ponte Preta
Copa Sudamericana,M,,2017,,First stage,,Wed,2017-05-10,18:15,Atlé Venezuela ve,0.0,cl Palestino,0.0,,Estadio Nacional Brígido Iriarte,Dewson Fernando Freitas da Silva,Leg 2 of 2; Palestino won; Palestino won on penalty kicks following extra time,https://fbref.com/en/matches/85a78a1f/Atletico-Venezuela-Palestino-May-10-2017-Copa-Sudamericana,ve,Atlé Venezuela,cl,Palestino
Copa Sudamericana,M,,2017,,First stage,,Wed,2017-05-10,18:15,Nacional py,2.0,br Cruzeiro,2.0,,Estadio Defensores del Chaco,Gustavo Murillo,Leg 2 of 2; Nacional won; Nacional won on penalty kicks following extra time,https://fbref.com/en/matches/a543254c/Nacional-Asuncion-Cruzeiro-May-10-2017-Copa-Sudamericana,py,Nacional,br,Cruzeiro
Copa Sudamericana,M,,2017,,First stage,,Wed,2017-05-10,21:45,Liverpool uy,1.0,br Fluminense,0.0,,Estadio Centenario,Juan Soto,Leg 2 of 2; Fluminense won,https://fbref.com/en/matches/15790bf5/Liverpool-Fluminense-May-10-2017-Copa-Sudamericana,uy,Liverpool,br,Fluminense
Copa Sudamericana,M,,2017,,First stage,,Wed,2017-05-10,21:45,Univ Chile cl,1.0,br Corinthians,2.0,,Estadio Nacional Julio Martínez Prádanos,Daniel Fedorczuk,Leg 2 of 2; Corinthians won,https://fbref.com/en/matches/3a0d8eb3/Univ-Chile-Corinthians-May-10-2017-Copa-Sudamericana,cl,Univ Chile,br,Corinthians
Copa Sudamericana,M,,2017,,First stage,,Thu,2017-05-11,18:15,Caracas ve,1.0,py Cerro Porteño,2.0,,Estadio Olímpico,Ricardo Marques Ribeiro,Leg 2 of 2; Cerro Porteño won,https://fbref.com/en/matches/41757155/Caracas-Cerro-Porteno-May-11-2017-Copa-Sudamericana,ve,Caracas,py,Cerro Porteño
Copa Sudamericana,M,,2017,,First stage,,Thu,2017-05-11,19:15,Arsenal ar,6.0,pe Juan Aurich,1.0,,Estadio Julio Humberto Grondona,Raúl Orozco,Leg 2 of 2; Arsenal won,https://fbref.com/en/matches/21f07cf0/Arsenal-Juan-Aurich-May-11-2017-Copa-Sudamericana,ar,Arsenal,pe,Juan Aurich
Copa Sudamericana,M,,2017,,First stage,,Thu,2017-05-11,21:45,Danubio uy,3.0,br Sport Recife,3.0,,Estadio Centenario,Eduardo Gamboa Latourniere,Leg 2 of 2; Sport Recife won; Sport Recife won on penalty kicks following extra time,https://fbref.com/en/matches/30dc2d1c/Danubio-Sport-Recife-May-11-2017-Copa-Sudamericana,uy,Danubio,br,Sport Recife
Copa Sudamericana,M,,2017,,First stage,,Thu,2017-05-11,21:45,São Paulo br,1.0,ar Defensa y Just,1.0,,Estádio do Morumbi,Ulises Mereles,Leg 2 of 2; Defensa y Just won,https://fbref.com/en/matches/70aa9ff6/Sao-Paulo-Defensa-y-Just-May-11-2017-Copa-Sudamericana,br,São Paulo,ar,Defensa y Just
Copa Sudamericana,M,,2017,,First stage,,Tue,2017-05-30,17:15,Univ Católica ec,3.0,bo Petrolero,0.0,200.0,Estadio Olímpico Atahualpa,Adrian Cabello,Leg 2 of 2; Univ Católica won,https://fbref.com/en/matches/05099c4e/Univ-Catolica-Petrolero-May-30-2017-Copa-Sudamericana,ec,Univ Católica,bo,Petrolero
Copa Sudamericana,M,,2017,,First stage,,Tue,2017-05-30,19:45,Boyacá Patriot co,1.0,cl CD Everton,1.0,,Estadio de la Independencia,Néstor Pitana,Leg 2 of 2; Boyacá Patriot won; Boyacá Patriot won on penalty kicks following extra time,https://fbref.com/en/matches/aa2f55e9/Boyaca-Patriot-CD-Everton-May-30-2017-Copa-Sudamericana,co,Boyacá Patriot,cl,CD Everton
Copa Sudamericana,M,,2017,,First stage,,Tue,2017-05-30,21:45,Defensor uy,1.0,ec LDU de Quito,2.0,,Estadio Centenario,Patricio Loustau,Leg 2 of 2; LDU de Quito won,https://fbref.com/en/matches/bd45bc9a/Defensor-Sporting-LDU-de-Quito-May-30-2017-Copa-Sudamericana,uy,Defensor,ec,LDU de Quito
Copa Sudamericana,M,,2017,,First stage,,Wed,2017-05-31,18:15,Sol de América py,7.0,ve Estud Caracas,1.0,,Estadio Luís Alfonso Giagni,Jhon Álvarez,Leg 2 of 2; Sol de América won,https://fbref.com/en/matches/3d2f709b/Club-Sol-de-America-Estudiantes-de-Caracas-May-31-2017-Copa-Sudamericana,py,Sol de América,ve,Estud Caracas
Copa Sudamericana,M,,2017,,First stage,,Wed,2017-05-31,19:15,CA Huracán ar,4.0,ve Dep Anzoátegui,0.0,,Estadio Tomás Adolfo Ducó,Jorge Osorio,Leg 2 of 2; CA Huracán won,https://fbref.com/en/matches/0d23f9e9/CA-Huracan-Deportivo-Anzoategui-May-31-2017-Copa-Sudamericana,ar,CA Huracán,ve,Dep Anzoátegui
Copa Sudamericana,M,,2017,,First stage,,Wed,2017-05-31,19:45,Alianza Lima pe,0.0,ar Independiente,1.0,,Estadio Alejandro Villanueva,Anderson Daronco,Leg 2 of 2; Independiente won,https://fbref.com/en/matches/7f0844cd/Alianza-Lima-Independiente-May-31-2017-Copa-Sudamericana,pe,Alianza Lima,ar,Independiente
Copa Sudamericana,M,,2017,,First stage,,Wed,2017-05-31,19:45,Amarilla SC ec,2.0,cl O'Higgins,0.0,500.0,Estadio Banco del Pacífico,Jonathan Fuentes,Leg 2 of 2; Amarilla SC won,https://fbref.com/en/matches/92548b28/Amarilla-SC-OHiggins-May-31-2017-Copa-Sudamericana,ec,Amarilla SC,cl,O'Higgins
Copa Sudamericana,M,,2017,,First stage,,Thu,2017-06-01,17:15,Comerciantes pe,1.0,uy Boston River,1.0,1500.0,Estadio Huancayo,Raúl Orozco,Leg 2 of 2; Boston River won,https://fbref.com/en/matches/e4144906/Comerciantes-Unidos-Boston-River-June-1-2017-Copa-Sudamericana,pe,Comerciantes,uy,Boston River
Copa Sudamericana,M,,2017,,First stage,,Thu,2017-06-01,18:15,Bolívar bo,1.0,co Tolima,0.0,,Estadio Hernando Siles,Sandro Ricci,Leg 2 of 2; Bolívar won,https://fbref.com/en/matches/3feb3479/Bolivar-Tolima-June-1-2017-Copa-Sudamericana,bo,Bolívar,co,Tolima
Copa Sudamericana,M,,2017,,First stage,,Thu,2017-06-01,19:45,Rionegro co,1.0,ar Racing Club,1.0,,Estadio Alberto Grisales,Eber Aguino,Leg 2 of 2; Racing Club won,https://fbref.com/en/matches/1024bdee/Rionegro-Racing-Club-June-1-2017-Copa-Sudamericana,co,Rionegro,ar,Racing Club
Copa Sudamericana,M,,2017,,First stage,,Thu,2017-06-01,19:45,CD Cuenca ec,1.0,bo Oriente Petrolero,1.0,15000.0,Estadio Alejandro Serrano Aguilar,Wagner do Nascimento Magalhaes,Leg 2 of 2; Oriente Petrolero won; Oriente Petrolero won on penalty kicks following extra time,https://fbref.com/en/matches/e119fc8c/CD-Cuenca-Oriente-Petrolero-June-1-2017-Copa-Sudamericana,ec,CD Cuenca,bo,Oriente Petrolero
Copa Sudamericana,M,,2017,,Second stage,,Tue,2017-06-27,19:45,Amarilla SC ec,1.0,co Santa Fe,1.0,,Estadio Modelo Alberto Spencer Herrera,Eber Aguino,Leg 1 of 2,https://fbref.com/en/matches/199c87d1/Amarilla-SC-Santa-Fe-June-27-2017-Copa-Sudamericana,ec,Amarilla SC,co,Santa Fe
Copa Sudamericana,M,,2017,,Second stage,,Wed,2017-06-28,19:15,Defensa y Just ar,1.0,br Chapecoense,0.0,,Estadio Norberto Tito Tomaghello,Diego Haro,Leg 1 of 2,https://fbref.com/en/matches/a5f8c8aa/Defensa-y-Just-Chapecoense-June-28-2017-Copa-Sudamericana,ar,Defensa y Just,br,Chapecoense
Copa Sudamericana,M,,2017,,Second stage,,Wed,2017-06-28,19:45,Boyacá Patriot co,1.0,br Corinthians,1.0,,Estadio de la Independencia,Mario Díaz de Vivar,Leg 1 of 2,https://fbref.com/en/matches/71b6f61e/Boyaca-Patriot-Corinthians-June-28-2017-Copa-Sudamericana,co,Boyacá Patriot,br,Corinthians
Copa Sudamericana,M,,2017,,Second stage,,Thu,2017-06-29,19:15,Ponte Preta br,1.0,py Sol de América,0.0,,Estádio Moisés Lucarelli,José Argote,Leg 1 of 2,https://fbref.com/en/matches/4f85b66b/Ponte-Preta-Club-Sol-de-America-June-29-2017-Copa-Sudamericana,br,Ponte Preta,py,Sol de América
Copa Sudamericana,M,,2017,,Second stage,,Thu,2017-06-29,21:45,Fluminense br,4.0,ec Univ Católica,0.0,,Estadio Jornalista Mário Filho,Gustavo Murillo,Leg 1 of 2,https://fbref.com/en/matches/1f83832c/Fluminense-Univ-Catolica-June-29-2017-Copa-Sudamericana,br,Fluminense,ec,Univ Católica
Copa Sudamericana,M,,2017,,Second stage,,Thu,2017-06-29,21:45,Racing Club ar,3.0,co Independiente,1.0,,Estadio Juan Domingo Perón,Anderson Daronco,Leg 1 of 2,https://fbref.com/en/matches/e6f684e8/Racing-Club-Independiente-June-29-2017-Copa-Sudamericana,ar,Racing Club,co,Independiente
Copa Sudamericana,M,,2017,,Second stage,,Wed,2017-07-05,20:45,Palestino cl,2.0,br Flamengo,5.0,,Estadio Municipal de La Cisterna,Fernando Rapallini,Leg 1 of 2,https://fbref.com/en/matches/19a5bc40/Palestino-Flamengo-July-5-2017-Copa-Sudamericana,cl,Palestino,br,Flamengo
Copa Sudamericana,M,,2017,,Second stage,,Thu,2017-07-06,21:45,Sport Recife br,2.0,ar Arsenal,0.0,,Estádio Adelmar da Costa Carvalho,Gery Vargas,Leg 1 of 2,https://fbref.com/en/matches/35e2d3c3/Sport-Recife-Arsenal-July-6-2017-Copa-Sudamericana,br,Sport Recife,ar,Arsenal
Copa Sudamericana,M,,2017,,Second stage,,Tue,2017-07-11,19:15,CA Huracán ar,1.0,py Libertad,5.0,,Estadio Tomás Adolfo Ducó,Wagner do Nascimento Magalhaes,Leg 1 of 2,https://fbref.com/en/matches/fabeea9f/CA-Huracan-Libertad-July-11-2017-Copa-Sudamericana,ar,CA Huracán,py,Libertad
Copa Sudamericana,M,,2017,,Second stage,,Tue,2017-07-11,20:45,Cerro Porteño py,2.0,uy Boston River,1.0,,Estadio General Pablo Rojas,Jesús Valenzuela,Leg 1 of 2,https://fbref.com/en/matches/241ef428/Cerro-Porteno-Boston-River-July-11-2017-Copa-Sudamericana,py,Cerro Porteño,uy,Boston River
Copa Sudamericana,M,,2017,,Second stage,,Tue,2017-07-11,20:45,Oriente Petrolero bo,2.0,ar Tucumán,3.0,,Estadio Ramón Aguilera Costas,Juan Albarracín,Leg 1 of 2,https://fbref.com/en/matches/ec1e3133/Oriente-Petrolero-Tucuman-July-11-2017-Copa-Sudamericana,bo,Oriente Petrolero,ar,Tucumán
Copa Sudamericana,M,,2017,,Second stage,,Wed,2017-07-12,18:15,Bolívar bo,1.0,ec LDU de Quito,0.0,,Estadio Hernando Siles,Mauro Vigliano,Leg 1 of 2,https://fbref.com/en/matches/e6dc19a3/Bolivar-LDU-de-Quito-July-12-2017-Copa-Sudamericana,bo,Bolívar,ec,LDU de Quito
Copa Sudamericana,M,,2017,,Second stage,,Wed,2017-07-12,20:45,Nacional py,1.0,py Olimpia,1.0,,Estadio Defensores del Chaco,Sandro Ricci,Leg 1 of 2,https://fbref.com/en/matches/7a89b0a0/Nacional-Asuncion-Club-Olimpia-July-12-2017-Copa-Sudamericana,py,Nacional,py,Olimpia
Copa Sudamericana,M,,2017,,Second stage,,Wed,2017-07-12,21:45,Independiente ar,4.0,cl Iquique,2.0,174.0,Estadio Libertadores de América,Enrique Cáceres,Leg 1 of 2,https://fbref.com/en/matches/bcd53930/Independiente-Iquique-July-12-2017-Copa-Sudamericana,ar,Independiente,cl,Iquique
Copa Sudamericana,M,,2017,,Second stage,,Thu,2017-07-13,18:15,Nacional Potosí bo,0.0,ar Estudiantes,1.0,,Estadio Victor Agustín Ugarte,Wilmar Roldán,Leg 1 of 2,https://fbref.com/en/matches/9ca12abe/Nacional-Potosi-Estudiantes-July-13-2017-Copa-Sudamericana,bo,Nacional Potosí,ar,Estudiantes
Copa Sudamericana,M,,2017,,Second stage,,Thu,2017-07-13,19:45,AD Cali co,1.0,co Junior,1.0,,Estadio Deportivo Cali,Néstor Pitana,Leg 1 of 2,https://fbref.com/en/matches/eb3eabc7/AD-Cali-Junior-July-13-2017-Copa-Sudamericana,co,AD Cali,co,Junior
Copa Sudamericana,M,,2017,,Second stage,,Tue,2017-07-25,19:15,Chapecoense br,1.0,ar Defensa y Just,1.0,,Arena Condá,Daniel Fedorczuk,Leg 2 of 2; Chapecoense won; Chapecoense won on penalty kicks following extra time,https://fbref.com/en/matches/e9142c5a/Chapecoense-Defensa-y-Just-July-25-2017-Copa-Sudamericana,br,Chapecoense,ar,Defensa y Just
Copa Sudamericana,M,,2017,,Second stage,,Tue,2017-07-25,19:45,Santa Fe co,1.0,ec Amarilla SC,0.0,,Estadio Nemesio Camacho El Campín,Anderson Daronco,Leg 2 of 2; Santa Fe won,https://fbref.com/en/matches/de00dbad/Santa-Fe-Amarilla-SC-July-25-2017-Copa-Sudamericana,co,Santa Fe,ec,Amarilla SC
Copa Sudamericana,M,,2017,,Second stage,,Wed,2017-07-26,17:15,Univ Católica ec,1.0,br Fluminense,2.0,,Estadio Olímpico Atahualpa,Darío Herrera,Leg 2 of 2; Fluminense won,https://fbref.com/en/matches/bd6a0663/Univ-Catolica-Fluminense-July-26-2017-Copa-Sudamericana,ec,Univ Católica,br,Fluminense
Copa Sudamericana,M,,2017,,Second stage,,Wed,2017-07-26,18:15,Sol de América py,1.0,br Ponte Preta,3.0,,Estadio Luís Alfonso Giagni,Wilson Lamouroux,Leg 2 of 2; Ponte Preta won,https://fbref.com/en/matches/d2b223f7/Club-Sol-de-America-Ponte-Preta-July-26-2017-Copa-Sudamericana,py,Sol de América,br,Ponte Preta
Copa Sudamericana,M,,2017,,Second stage,,Wed,2017-07-26,21:45,Corinthians br,2.0,co Boyacá Patriot,0.0,,Arena Corinthians,Roberto Tobar,Leg 2 of 2; Corinthians won,https://fbref.com/en/matches/316f4ff0/Corinthians-Boyaca-Patriot-July-26-2017-Copa-Sudamericana,br,Corinthians,co,Boyacá Patriot
Copa Sudamericana,M,,2017,,Second stage,,Wed,2017-07-26,21:45,Boston River uy,1.0,py Cerro Porteño,4.0,,Estadio Gran Parque Central,Víctor Carrillo,Leg 2 of 2; Cerro Porteño won,https://fbref.com/en/matches/df305825/Boston-River-Cerro-Porteno-July-26-2017-Copa-Sudamericana,uy,Boston River,py,Cerro Porteño
Copa Sudamericana,M,,2017,,Second stage,,Thu,2017-07-27,19:15,Arsenal ar,2.0,br Sport Recife,1.0,,Estadio Julio Humberto Grondona,Jesús Valenzuela,Leg 2 of 2; Sport Recife won,https://fbref.com/en/matches/3af8feba/Arsenal-Sport-Recife-July-27-2017-Copa-Sudamericana,ar,Arsenal,br,Sport Recife
Copa Sudamericana,M,,2017,,Second stage,,Thu,2017-07-27,19:45,Independiente co,2.0,ar Racing Club,3.0,,Estadio Atanasio Girardot,Ulises Mereles,Leg 2 of 2; Racing Club won,https://fbref.com/en/matches/c37632cf/Independiente-Racing-Club-July-27-2017-Copa-Sudamericana,co,Independiente,ar,Racing Club
Copa Sudamericana,M,,2017,,Second stage,,Tue,2017-08-01,18:15,Libertad py,2.0,ar CA Huracán,0.0,,Estadio Dr. Nicolás Leoz,Michael Espinoza,Leg 2 of 2; Libertad won,https://fbref.com/en/matches/bdc0a90a/Libertad-CA-Huracan-August-1-2017-Copa-Sudamericana,py,Libertad,ar,CA Huracán
Copa Sudamericana,M,,2017,,Second stage,,Tue,2017-08-01,21:45,Tucumán ar,3.0,bo Oriente Petrolero,0.0,,Estadio Monumental Presidente José Fierr...,Sandro Ricci,Leg 2 of 2; Tucumán won,https://fbref.com/en/matches/79fa26f2/Tucuman-Oriente-Petrolero-August-1-2017-Copa-Sudamericana,ar,Tucumán,bo,Oriente Petrolero
Copa Sudamericana,M,,2017,,Second stage,,Wed,2017-08-02,17:15,LDU de Quito ec,1.0,bo Bolívar,1.0,,Estadio de Liga Deportiva Universitaria,Eber Aguino,Leg 2 of 2; LDU de Quito won; LDU de Quito won on penalty kicks following extra time,https://fbref.com/en/matches/e6c23657/LDU-de-Quito-Bolivar-August-2-2017-Copa-Sudamericana,ec,LDU de Quito,bo,Bolívar
Copa Sudamericana,M,,2017,,Second stage,,Wed,2017-08-02,20:45,Iquique cl,1.0,ar Independiente,2.0,,Estadio Tierra de Campeones,Raphael Claus,Leg 2 of 2; Independiente won,https://fbref.com/en/matches/4f9d3753/Iquique-Independiente-August-2-2017-Copa-Sudamericana,cl,Iquique,ar,Independiente
Copa Sudamericana,M,,2017,,Second stage,,Wed,2017-08-02,20:45,Olimpia py,2.0,py Nacional,2.0,,Estadio Manuel Ferreira,Wilton Sampaio,Leg 2 of 2; Nacional won,https://fbref.com/en/matches/ec8c723b/Club-Olimpia-Nacional-Asuncion-August-2-2017-Copa-Sudamericana,py,Olimpia,py,Nacional
Copa Sudamericana,M,,2017,,Second stage,,Thu,2017-08-03,19:15,Estudiantes ar,2.0,bo Nacional Potosí,0.0,,Estadio Ciudad de La Plata,Leodán González,Leg 2 of 2; Estudiantes won,https://fbref.com/en/matches/2f7e1042/Estudiantes-Nacional-Potosi-August-3-2017-Copa-Sudamericana,ar,Estudiantes,bo,Nacional Potosí
Copa Sudamericana,M,,2017,,Second stage,,Thu,2017-08-03,19:45,Junior co,1.0,co AD Cali,1.0,,Estadio Metropolitano Roberto Meléndez,Roberto Tobar,Leg 2 of 2; Junior won; Junior won on penalty kicks following extra time,https://fbref.com/en/matches/f7e1d5c3/Junior-AD-Cali-August-3-2017-Copa-Sudamericana,co,Junior,co,AD Cali
Copa Sudamericana,M,,2017,,Second stage,,Wed,2017-08-09,21:45,Flamengo br,5.0,cl Palestino,0.0,,Estadio Jornalista Mário Filho,Andrés Rojas,Leg 2 of 2; Flamengo won,https://fbref.com/en/matches/ce322b6a/Flamengo-Palestino-August-9-2017-Copa-Sudamericana,br,Flamengo,cl,Palestino
Copa Sudamericana,M,,2017,,Round of 16,,Tue,2017-08-22,21:45,Tucumán ar,1.0,ar Independiente,0.0,,Estadio Monumental Presidente José Fierr...,Anderson Daronco,Leg 1 of 2,https://fbref.com/en/matches/a0a27ab2/Tucuman-Independiente-August-22-2017-Copa-Sudamericana,ar,Tucumán,ar,Independiente
Copa Sudamericana,M,,2017,,Round of 16,,Wed,2017-08-23,20:45,Nacional py,1.0,ar Estudiantes,0.0,,Estadio Defensores del Chaco,Wilson Lamouroux,Leg 1 of 2,https://fbref.com/en/matches/a36e86f2/Nacional-Asuncion-Estudiantes-August-23-2017-Copa-Sudamericana,py,Nacional,ar,Estudiantes
Copa Sudamericana,M,,2017,,Round of 16,,Thu,2017-08-24,20:45,Libertad py,1.0,co Santa Fe,0.0,,Estadio Dr. Nicolás Leoz,Darío Herrera,Leg 1 of 2,https://fbref.com/en/matches/1b2a7312/Libertad-Santa-Fe-August-24-2017-Copa-Sudamericana,py,Libertad,co,Santa Fe
Copa Sudamericana,M,,2017,,Round of 16,,Tue,2017-09-12,20:45,Cerro Porteño py,0.0,co Junior,0.0,,Estadio Defensores del Chaco,Ricardo Marques Ribeiro,Leg 1 of 2,https://fbref.com/en/matches/682630ce/Cerro-Porteno-Junior-September-12-2017-Copa-Sudamericana,py,Cerro Porteño,co,Junior
Copa Sudamericana,M,,2017,,Round of 16,,Tue,2017-09-12,21:45,Independiente ar,2.0,ar Tucumán,0.0,,Estadio Libertadores de América,Andrés Cunha,Leg 2 of 2; Independiente won,https://fbref.com/en/matches/aeb2cff4/Independiente-Tucuman-September-12-2017-Copa-Sudamericana,ar,Independiente,ar,Tucumán
Copa Sudamericana,M,,2017,,Round of 16,,Wed,2017-09-13,19:15,Sport Recife br,3.0,br Ponte Preta,1.0,,Estádio Adelmar da Costa Carvalho,Gustavo Murillo,Leg 1 of 2,https://fbref.com/en/matches/49648bae/Sport-Recife-Ponte-Preta-September-13-2017-Copa-Sudamericana,br,Sport Recife,br,Ponte Preta
Copa Sudamericana,M,,2017,,Round of 16,,Wed,2017-09-13,19:15,Chapecoense br,0.0,br Flamengo,0.0,,Arena Condá,Gery Vargas,Leg 1 of 2,https://fbref.com/en/matches/acf37f9a/Chapecoense-Flamengo-September-13-2017-Copa-Sudamericana,br,Chapecoense,br,Flamengo
Copa Sudamericana,M,,2017,,Round of 16,,Wed,2017-09-13,21:45,Corinthians br,1.0,ar Racing Club,1.0,,Arena Corinthians,Eber Aguino,Leg 1 of 2,https://fbref.com/en/matches/5cf56043/Corinthians-Racing-Club-September-13-2017-Copa-Sudamericana,br,Corinthians,ar,Racing Club
Copa Sudamericana,M,,2017,,Round of 16,,Thu,2017-09-14,19:15,Fluminense br,1.0,ec LDU de Quito,0.0,,Estadio Jornalista Mário Filho,Julio Quintana,Leg 1 of 2,https://fbref.com/en/matches/b57a2a99/Fluminense-LDU-de-Quito-September-14-2017-Copa-Sudamericana,br,Fluminense,ec,LDU de Quito
Copa Sudamericana,M,,2017,,Round of 16,,Thu,2017-09-14,19:45,Santa Fe co,1.0,py Libertad,1.0,,Estadio Nemesio Camacho El Campín,Diego Haro,Leg 2 of 2; Libertad won,https://fbref.com/en/matches/3fd8e849/Santa-Fe-Libertad-September-14-2017-Copa-Sudamericana,co,Santa Fe,py,Libertad
Copa Sudamericana,M,,2017,,Round of 16,,Tue,2017-09-19,19:15,Estudiantes ar,0.0,py Nacional,1.0,,Estadio Ciudad de La Plata,Raphael Claus,Leg 2 of 2; Nacional won,https://fbref.com/en/matches/c947376c/Estudiantes-Nacional-Asuncion-September-19-2017-Copa-Sudamericana,ar,Estudiantes,py,Nacional
Copa Sudamericana,M,,2017,,Round of 16,,Tue,2017-09-19,19:45,Junior co,3.0,py Cerro Porteño,1.0,,Estadio Metropolitano Roberto Meléndez,Darío Herrera,Leg 2 of 2; Junior won,https://fbref.com/en/matches/1f01919f/Junior-Cerro-Porteno-September-19-2017-Copa-Sudamericana,co,Junior,py,Cerro Porteño
Copa Sudamericana,M,,2017,,Round of 16,,Wed,2017-09-20,19:15,Ponte Preta br,1.0,br Sport Recife,0.0,,Estádio Moisés Lucarelli,Roddy Zambrano,Leg 2 of 2; Sport Recife won,https://fbref.com/en/matches/7f337686/Ponte-Preta-Sport-Recife-September-20-2017-Copa-Sudamericana,br,Ponte Preta,br,Sport Recife
Copa Sudamericana,M,,2017,,Round of 16,,Wed,2017-09-20,19:15,Flamengo br,4.0,br Chapecoense,0.0,,Estádio Luso-Brasileiro,Michel Espinoza,Leg 2 of 2; Flamengo won,https://fbref.com/en/matches/a074ddfb/Flamengo-Chapecoense-September-20-2017-Copa-Sudamericana,br,Flamengo,br,Chapecoense
Copa Sudamericana,M,,2017,,Round of 16,,Wed,2017-09-20,21:45,Racing Club ar,0.0,br Corinthians,0.0,,Estadio Presidente Juan Domingo Perón,Leodán González,Leg 2 of 2; Racing Club won,https://fbref.com/en/matches/84aa30f2/Racing-Club-Corinthians-September-20-2017-Copa-Sudamericana,ar,Racing Club,br,Corinthians
Copa Sudamericana,M,,2017,,Round of 16,,Thu,2017-09-21,17:15,LDU de Quito ec,2.0,br Fluminense,1.0,,Estadio de Liga Deportiva Universitaria,Fernando Rapallini,Leg 2 of 2; Fluminense won,https://fbref.com/en/matches/a1710152/LDU-de-Quito-Fluminense-September-21-2017-Copa-Sudamericana,ec,LDU de Quito,br,Fluminense
Copa Sudamericana,M,,2017,,Quarter-finals,,Tue,2017-10-24,21:45,Libertad py,1.0,ar Racing Club,0.0,,Estadio Dr. Nicolás Leoz,Raphael Claus,Leg 1 of 2,https://fbref.com/en/matches/d424dabf/Libertad-Racing-Club-October-24-2017-Copa-Sudamericana,py,Libertad,ar,Racing Club
Copa Sudamericana,M,,2017,,Quarter-finals,,Wed,2017-10-25,19:15,Nacional py,1.0,ar Independiente,4.0,,Estadio Defensores del Chaco,Leodán González,Leg 1 of 2,https://fbref.com/en/matches/f2fbf7de/Nacional-Asuncion-Independiente-October-25-2017-Copa-Sudamericana,py,Nacional,ar,Independiente
Copa Sudamericana,M,,2017,,Quarter-finals,,Wed,2017-10-25,21:45,Fluminense br,0.0,br Flamengo,1.0,,Estadio Jornalista Mário Filho,Mario Díaz de Vivar,Leg 1 of 2,https://fbref.com/en/matches/99697e97/Fluminense-Flamengo-October-25-2017-Copa-Sudamericana,br,Fluminense,br,Flamengo
Copa Sudamericana,M,,2017,,Quarter-finals,,Thu,2017-10-26,20:45,Sport Recife br,0.0,co Junior,2.0,,Estádio Adelmar da Costa Carvalho,Fernando Rapallini,Leg 1 of 2,https://fbref.com/en/matches/b9a755ea/Sport-Recife-Junior-October-26-2017-Copa-Sudamericana,br,Sport Recife,co,Junior
Copa Sudamericana,M,,2017,,Quarter-finals,,Wed,2017-11-01,19:15,Racing Club ar,0.0,py Libertad,0.0,,Estadio Presidente Juan Domingo Perón,Anderson Daronco,Leg 2 of 2; Libertad won,https://fbref.com/en/matches/0beb9414/Racing-Club-Libertad-November-1-2017-Copa-Sudamericana,ar,Racing Club,py,Libertad
Copa Sudamericana,M,,2017,,Quarter-finals,,Wed,2017-11-01,21:45,Flamengo br,3.0,br Fluminense,3.0,,Estadio Jornalista Mário Filho,Patricio Loustau,Leg 2 of 2; Flamengo won,https://fbref.com/en/matches/7d839054/Flamengo-Fluminense-November-1-2017-Copa-Sudamericana,br,Flamengo,br,Fluminense
Copa Sudamericana,M,,2017,,Quarter-finals,,Thu,2017-11-02,19:15,Independiente ar,2.0,py Nacional,0.0,,Estadio Libertadores de América,Roddy Zambrano,Leg 2 of 2; Independiente won,https://fbref.com/en/matches/5fbec1cf/Independiente-Nacional-Asuncion-November-2-2017-Copa-Sudamericana,ar,Independiente,py,Nacional
Copa Sudamericana,M,,2017,,Quarter-finals,,Thu,2017-11-02,19:45,Junior co,0.0,br Sport Recife,0.0,,Estadio Metropolitano Roberto Meléndez,Daniel Fedorczuk,Leg 2 of 2; Junior won,https://fbref.com/en/matches/d0ba3a87/Junior-Sport-Recife-November-2-2017-Copa-Sudamericana,co,Junior,br,Sport Recife
Copa Sudamericana,M,,2017,,Semi-finals,,Tue,2017-11-21,21:15,Libertad py,1.0,ar Independiente,0.0,,Estadio Defensores del Chaco,Víctor Carrillo,Leg 1 of 2,https://fbref.com/en/matches/1dd78436/Libertad-Independiente-November-21-2017-Copa-Sudamericana,py,Libertad,ar,Independiente
Copa Sudamericana,M,,2017,,Semi-finals,,Thu,2017-11-23,20:45,Flamengo br,2.0,co Junior,1.0,,Estadio Libertadores de América,José Argote,Leg 1 of 2,https://fbref.com/en/matches/1e0933b8/Flamengo-Junior-November-23-2017-Copa-Sudamericana,br,Flamengo,co,Junior
Copa Sudamericana,M,,2017,,Semi-finals,,Tue,2017-11-28,21:15,Independiente ar,3.0,py Libertad,1.0,,Estadio Libertadores de América,Roddy Zambrano,Leg 2 of 2; Independiente won,https://fbref.com/en/matches/0ddb644d/Independiente-Libertad-November-28-2017-Copa-Sudamericana,ar,Independiente,py,Libertad
Copa Sudamericana,M,,2017,,Semi-finals,,Thu,2017-11-30,19:30,Junior co,0.0,br Flamengo,2.0,,Estadio Metropolitano Roberto Meléndez,Roberto Tobar,Leg 2 of 2; Flamengo won,https://fbref.com/en/matches/4ba2d87b/Junior-Flamengo-November-30-2017-Copa-Sudamericana,co,Junior,br,Flamengo
Copa Sudamericana,M,,2017,,Finals,,Wed,2017-12-06,20:45,Independiente ar,2.0,br Flamengo,1.0,,Estadio Libertadores de América,Mario Díaz de Vivar,Leg 1 of 2,https://fbref.com/en/matches/f5ca562e/Independiente-Flamengo-December-6-2017-Copa-Sudamericana,ar,Independiente,br,Flamengo
Copa Sudamericana,M,,2017,,Finals,,Wed,2017-12-13,21:45,Flamengo br,1.0,ar Independiente,1.0,,Estadio Jornalista Mário Filho,Wilmar Roldán,Leg 2 of 2; Independiente won,https://fbref.com/en/matches/955d2781/Flamengo-Independiente-December-13-2017-Copa-Sudamericana,br,Flamengo,ar,Independiente
Copa Sudamericana,M,,2018,,First stage,,Tue,2018-02-13,17:15,UTC pe,2.0,uy Rampla Juniors,0.0,,Estadio Héroes de San Ramón,Dewson Fernando Freitas da Silva,Leg 1 of 2,https://fbref.com/en/matches/c38bbfed/Universidad-Tecnica-de-Cajamarca-Rampla-Juniors-February-13-2018-Copa-Sudamericana,pe,UTC,uy,Rampla Juniors
Copa Sudamericana,M,,2018,,First stage,,Tue,2018-02-13,19:15,Sport Luqueño py,2.0,ec CD Cuenca,0.0,,Estadio Feliciano Cáceres,Jorge Baliño,Leg 1 of 2,https://fbref.com/en/matches/4d58a888/Sportivo-Luqueno-CD-Cuenca-February-13-2018-Copa-Sudamericana,py,Sport Luqueño,ec,CD Cuenca
Copa Sudamericana,M,,2018,,First stage,,Tue,2018-02-13,20:30,Zamora ve,0.0,ar Colón,2.0,,Estadio Rafael Agustín Tovar,Arnaldo Samaniego,Leg 1 of 2,https://fbref.com/en/matches/a2f821b2/Zamora-Colon-February-13-2018-Copa-Sudamericana,ve,Zamora,ar,Colón
Copa Sudamericana,M,,2018,,First stage,,Thu,2018-02-15,19:15,Nacional py,0.0,ve Mineros,0.0,,Estadio Defensores del Chaco,Silvio Trucco,Leg 1 of 2,https://fbref.com/en/matches/53d0ed51/Nacional-Asuncion-Mineros-February-15-2018-Copa-Sudamericana,py,Nacional,ve,Mineros
Copa Sudamericana,M,,2018,,First stage,,Thu,2018-02-15,21:30,Unión Española cl,0.0,pe Sport Huancayo,0.0,,Estadio Santa Laura-Universidad SEK,Omar Ponce,Leg 1 of 2,https://fbref.com/en/matches/956cec53/Union-Espanola-Sport-Huancayo-February-15-2018-Copa-Sudamericana,cl,Unión Española,pe,Sport Huancayo
Copa Sudamericana,M,,2018,,First stage,,Thu,2018-02-15,21:30,Defensa y Just ar,0.0,co CD América,1.0,,Estadio Norberto Tito Tomaghello,Wilton Sampaio,Leg 1 of 2,https://fbref.com/en/matches/d28a3640/Defensa-y-Just-CD-America-February-15-2018-Copa-Sudamericana,ar,Defensa y Just,co,CD América
Copa Sudamericana,M,,2018,,First stage,,Tue,2018-02-20,17:15,Sport Rosario pe,0.0,uy Cerro,0.0,,Estadio Rosas Pampa,Andrés Rojas,Leg 1 of 2,https://fbref.com/en/matches/2537c21a/Sport-Rosario-Cerro-February-20-2018-Copa-Sudamericana,pe,Sport Rosario,uy,Cerro
Copa Sudamericana,M,,2018,,First stage,,Tue,2018-02-20,19:30,Barcelona SC ec,0.0,py General Díaz,0.0,,Estadio Monumental Isidro Romero Carbo,Michael Espinoza,Leg 1 of 2,https://fbref.com/en/matches/63ba0a40/Barcelona-SC-General-Diaz-February-20-2018-Copa-Sudamericana,ec,Barcelona SC,py,General Díaz
Copa Sudamericana,M,,2018,,First stage,,Wed,2018-02-21,19:15,Lanús ar,4.0,pe Sporting Cristal,2.0,,Estadio Ciudad de Lanús,Gery Vargas,Leg 1 of 2,https://fbref.com/en/matches/a393d559/Lanus-Sporting-Cristal-February-21-2018-Copa-Sudamericana,ar,Lanús,pe,Sporting Cristal
Copa Sudamericana,M,,2018,,First stage,,Thu,2018-02-22,17:15,El Nacional ec,3.0,bo San José,2.0,,Estadio Olímpico Atahualpa,Ulises Mereles,Leg 1 of 2,https://fbref.com/en/matches/e783f9ac/El-Nacional-San-Jose-February-22-2018-Copa-Sudamericana,ec,El Nacional,bo,San José
Copa Sudamericana,M,,2018,,First stage,,Thu,2018-02-22,21:30,CD Everton cl,1.0,ve Caracas,2.0,,Estadio Sausalito,Luis Quiroz,Leg 1 of 2,https://fbref.com/en/matches/0f1d9a18/CD-Everton-Caracas-February-22-2018-Copa-Sudamericana,cl,CD Everton,ve,Caracas
Copa Sudamericana,M,,2018,,First stage,,Tue,2018-03-06,18:15,San José bo,1.0,ec El Nacional,1.0,,Estadio Jesús Bermúdez,José Argote,Leg 2 of 2; El Nacional won,https://fbref.com/en/matches/9d1fcb18/San-Jose-El-Nacional-March-6-2018-Copa-Sudamericana,bo,San José,ec,El Nacional
Copa Sudamericana,M,,2018,,First stage,,Tue,2018-03-06,21:30,Colón ar,1.0,ve Zamora,0.0,,Estadio Brigadier General Estanislao Lóp...,Jonathan Fuentes,Leg 2 of 2; Colón won,https://fbref.com/en/matches/5ed29492/Colon-Zamora-March-6-2018-Copa-Sudamericana,ar,Colón,ve,Zamora
Copa Sudamericana,M,,2018,,First stage,,Tue,2018-03-06,21:30,Caracas ve,0.0,cl CD Everton,1.0,,Estadio Sausalito,Raphael Claus,Leg 2 of 2; Caracas won,https://fbref.com/en/matches/f70198cf/Caracas-CD-Everton-March-6-2018-Copa-Sudamericana,ve,Caracas,cl,CD Everton
Copa Sudamericana,M,,2018,,First stage,,Wed,2018-03-07,19:15,General Díaz py,2.0,ec Barcelona SC,1.0,,Estadio General Adrián Jara,Patricio Loustau,Leg 2 of 2; General Díaz won,https://fbref.com/en/matches/bd2d98b9/General-Diaz-Barcelona-SC-March-7-2018-Copa-Sudamericana,py,General Díaz,ec,Barcelona SC
Copa Sudamericana,M,,2018,,First stage,,Wed,2018-03-07,19:15,Cerro uy,2.0,pe Sport Rosario,0.0,,Estadio Monumental Luis Tróccoli,Eber Aguino,Leg 2 of 2; Cerro won,https://fbref.com/en/matches/dda427d7/Cerro-Sport-Rosario-March-7-2018-Copa-Sudamericana,uy,Cerro,pe,Sport Rosario
Copa Sudamericana,M,,2018,,First stage,,Wed,2018-03-07,19:45,CD Cuenca ec,2.0,py Sport Luqueño,2.0,,Estadio Alejandro Serrano Aguilar,Gustavo Murillo,Leg 2 of 2; Sport Luqueño won,https://fbref.com/en/matches/09bc100b/CD-Cuenca-Sportivo-Luqueno-March-7-2018-Copa-Sudamericana,ec,CD Cuenca,py,Sport Luqueño
Copa Sudamericana,M,,2018,,First stage,,Wed,2018-03-07,19:45,Sporting Cristal pe,2.0,ar Lanús,1.0,,Estadio Alberto Gallardo,Anderson Daronco,Leg 2 of 2; Lanús won,https://fbref.com/en/matches/9b2049e0/Sporting-Cristal-Lanus-March-7-2018-Copa-Sudamericana,pe,Sporting Cristal,ar,Lanús
Copa Sudamericana,M,,2018,,First stage,,Thu,2018-03-08,18:15,Mineros ve,0.0,py Nacional,0.0,,Centro Total de Entretenimiento Cachamay,Ricardo Marques Ribeiro,Leg 2 of 2; Nacional won; Nacional won on penalty kicks following extra time,https://fbref.com/en/matches/d65b35ea/Mineros-Nacional-Asuncion-March-8-2018-Copa-Sudamericana,ve,Mineros,py,Nacional
Copa Sudamericana,M,,2018,,First stage,,Thu,2018-03-08,19:15,Rampla Juniors uy,4.0,pe UTC,0.0,,Estadio Olímpico,Carlos Orbe,Leg 2 of 2; Rampla Juniors won,https://fbref.com/en/matches/c9804ad6/Rampla-Juniors-Universidad-Tecnica-de-Cajamarca-March-8-2018-Copa-Sudamericana,uy,Rampla Juniors,pe,UTC
Copa Sudamericana,M,,2018,,First stage,,Thu,2018-03-08,19:45,Sport Huancayo pe,3.0,cl Unión Española,0.0,,Estadio Huancayo,Jesús Valenzuela,Leg 2 of 2; Sport Huancayo won,https://fbref.com/en/matches/0eee936e/Sport-Huancayo-Union-Espanola-March-8-2018-Copa-Sudamericana,pe,Sport Huancayo,cl,Unión Española
Copa Sudamericana,M,,2018,,First stage,,Thu,2018-03-08,19:45,CD América co,0.0,ar Defensa y Just,3.0,,Estadio Olímpico Pascual Guerrero,Ulises Mereles,Leg 2 of 2; Defensa y Just won,https://fbref.com/en/matches/d8f15569/CD-America-Defensa-y-Just-March-8-2018-Copa-Sudamericana,co,CD América,ar,Defensa y Just
Copa Sudamericana,M,,2018,,First stage,,Tue,2018-04-10,17:15,LDU de Quito ec,2.0,bo Guabirá,1.0,,Estadio de Liga Deportiva Universitaria,Piero Maza,Leg 1 of 2,https://fbref.com/en/matches/807d7b17/LDU-de-Quito-Guabira-April-10-2018-Copa-Sudamericana,ec,LDU de Quito,bo,Guabirá
Copa Sudamericana,M,,2018,,First stage,,Tue,2018-04-10,17:15,Jaguares co,2.0,uy Boston River,1.0,,Estadio de Fútbol Jaraguay de Montería,Fernando Echenique,Leg 1 of 2,https://fbref.com/en/matches/c2827962/Jaguares-Boston-River-April-10-2018-Copa-Sudamericana,co,Jaguares,uy,Boston River
Copa Sudamericana,M,,2018,,First stage,,Tue,2018-04-10,19:30,AD Cali co,3.0,uy Danubio,0.0,,Estadio Deportivo Cali,Alexis Herrera,Leg 1 of 2,https://fbref.com/en/matches/b7065f97/AD-Cali-Danubio-April-10-2018-Copa-Sudamericana,co,AD Cali,uy,Danubio
Copa Sudamericana,M,,2018,,First stage,,Wed,2018-04-11,19:15,San Lorenzo ar,1.0,br Atlético Mineiro,0.0,,Estadio Pedro Bidegaín,Leodán González,Leg 1 of 2,https://fbref.com/en/matches/d35e9ac0/San-Lorenzo-Atletico-Mineiro-April-11-2018-Copa-Sudamericana,ar,San Lorenzo,br,Atlético Mineiro
Copa Sudamericana,M,,2018,,First stage,,Wed,2018-04-11,20:45,Blooming bo,1.0,br Bahia,0.0,,Estadio Ramón Aguilera Costas,Luis Quiroz,Leg 1 of 2,https://fbref.com/en/matches/415bbc83/Blooming-Bahia-April-11-2018-Copa-Sudamericana,bo,Blooming,br,Bahia
Copa Sudamericana,M,,2018,,First stage,,Wed,2018-04-11,21:45,Fluminense br,3.0,bo Nacional Potosí,0.0,,Estadio Jornalista Mário Filho,Nicolás Gallo,Leg 1 of 2,https://fbref.com/en/matches/388daf0e/Fluminense-Nacional-Potosi-April-11-2018-Copa-Sudamericana,br,Fluminense,bo,Nacional Potosí
Copa Sudamericana,M,,2018,,First stage,,Thu,2018-04-12,19:15,Audax Italiano cl,1.0,br Botafogo (RJ),2.0,,Estadio Bicentenario Municipal de La Flo...,Andrés Rojas,Leg 1 of 2,https://fbref.com/en/matches/1c52b154/Audax-Italiano-Botafogo-RJ-April-12-2018-Copa-Sudamericana,cl,Audax Italiano,br,Botafogo (RJ)
Copa Sudamericana,M,,2018,,First stage,,Thu,2018-04-12,19:15,Ath Paranaense br,3.0,ar Newell's OB,0.0,,Estádio Joaquim Américo Guimarães,Gery Vargas,Leg 1 of 2,https://fbref.com/en/matches/654545c8/Athletico-Paranaense-Newells-OB-April-12-2018-Copa-Sudamericana,br,Ath Paranaense,ar,Newell's OB
Copa Sudamericana,M,,2018,,First stage,,Thu,2018-04-12,20:30,Sol de América py,2.0,co Independiente,0.0,,Estadio Luís Alfonso Giagni,Michael Espinoza,Leg 1 of 2,https://fbref.com/en/matches/9f85b0c8/Club-Sol-de-America-Independiente-April-12-2018-Copa-Sudamericana,py,Sol de América,co,Independiente
Copa Sudamericana,M,,2018,,First stage,,Thu,2018-04-12,21:30,Rosario Cent ar,0.0,br São Paulo,0.0,,Estadio Dr. Lisandro de la Torre,Víctor Carrillo,Leg 1 of 2,https://fbref.com/en/matches/186fb48c/Rosario-Cent-Sao-Paulo-April-12-2018-Copa-Sudamericana,ar,Rosario Cent,br,São Paulo
Copa Sudamericana,M,,2018,,First stage,,Wed,2018-04-18,18:15,Estud Mérida ve,1.0,cl CD Temuco,1.0,,Estadio Olímpico Metropolitano de Mérida,Ivo Mendez,Leg 1 of 2,https://fbref.com/en/matches/71529067/Estudiantes-de-Merida-CD-Temuco-April-18-2018-Copa-Sudamericana,ve,Estud Mérida,cl,CD Temuco
Copa Sudamericana,M,,2018,,First stage,,Tue,2018-05-08,18:15,Guabirá bo,3.0,ec LDU de Quito,2.0,,Estadio Gilberto Parada,Leodán González,Leg 2 of 2; LDU de Quito won,https://fbref.com/en/matches/60d73148/Guabira-LDU-de-Quito-May-8-2018-Copa-Sudamericana,bo,Guabirá,ec,LDU de Quito
Copa Sudamericana,M,,2018,,First stage,,Tue,2018-05-08,21:45,Danubio uy,3.0,co AD Cali,2.0,,Estadio Jardines del Hipódromo,Mauro Vigliano,Leg 2 of 2; AD Cali won,https://fbref.com/en/matches/a3832b64/Danubio-AD-Cali-May-8-2018-Copa-Sudamericana,uy,Danubio,co,AD Cali
Copa Sudamericana,M,,2018,,First stage,,Tue,2018-05-08,21:45,Atlético Mineiro br,0.0,ar San Lorenzo,0.0,,Estádio Raimundo Sampaio,Julio Bascuñán,Leg 2 of 2; San Lorenzo won,https://fbref.com/en/matches/c3a4b09d/Atletico-Mineiro-San-Lorenzo-May-8-2018-Copa-Sudamericana,br,Atlético Mineiro,ar,San Lorenzo
Copa Sudamericana,M,,2018,,First stage,,Wed,2018-05-09,19:15,CD Temuco cl,2.0,ve Estud Mérida,0.0,,Estadio Municipal Bicentenario Germán Be...,Gustavo Murillo,Leg 2 of 2; CD Temuco won,https://fbref.com/en/matches/ab9c22da/CD-Temuco-Estudiantes-de-Merida-May-9-2018-Copa-Sudamericana,cl,CD Temuco,ve,Estud Mérida
Copa Sudamericana,M,,2018,,First stage,,Wed,2018-05-09,21:45,São Paulo br,1.0,ar Rosario Cent,0.0,,Estádio do Morumbi,Eber Aguino,Leg 2 of 2; São Paulo won,https://fbref.com/en/matches/07273435/Sao-Paulo-Rosario-Cent-May-9-2018-Copa-Sudamericana,br,São Paulo,ar,Rosario Cent
Copa Sudamericana,M,,2018,,First stage,,Wed,2018-05-09,21:45,Botafogo (RJ) br,1.0,cl Audax Italiano,1.0,,Estádio Nilton Santos,Michael Espinoza,Leg 2 of 2; Botafogo (RJ) won,https://fbref.com/en/matches/fc5b9aaf/Botafogo-RJ-Audax-Italiano-May-9-2018-Copa-Sudamericana,br,Botafogo (RJ),cl,Audax Italiano
Copa Sudamericana,M,,2018,,First stage,,Thu,2018-05-10,19:15,Boston River uy,3.0,co Jaguares,0.0,,Complejo Deportivo Rentistas,Raúl Orosco,Leg 2 of 2; Boston River won,https://fbref.com/en/matches/058a8b9e/Boston-River-Jaguares-May-10-2018-Copa-Sudamericana,uy,Boston River,co,Jaguares
Copa Sudamericana,M,,2018,,First stage,,Thu,2018-05-10,19:15,Newell's OB ar,2.0,br Ath Paranaense,1.0,,Estadio Marcelo Alberto Bielsa,Carlos Orbe,Leg 2 of 2; Ath Paranaense won,https://fbref.com/en/matches/7198b23d/Newells-OB-Athletico-Paranaense-May-10-2018-Copa-Sudamericana,ar,Newell's OB,br,Ath Paranaense
Copa Sudamericana,M,,2018,,First stage,,Thu,2018-05-10,19:45,Independiente co,3.0,py Sol de América,1.0,,Estadio Atanasio Girardot,Raphael Claus,Leg 2 of 2; Sol de América won,https://fbref.com/en/matches/f5c183e1/Independiente-Club-Sol-de-America-May-10-2018-Copa-Sudamericana,co,Independiente,py,Sol de América
Copa Sudamericana,M,,2018,,First stage,,Thu,2018-05-10,20:45,Nacional Potosí bo,2.0,br Fluminense,0.0,,Estadio Victor Agustín Ugarte,Esteban Ostojich,Leg 2 of 2; Fluminense won,https://fbref.com/en/matches/06c39497/Nacional-Potosi-Fluminense-May-10-2018-Copa-Sudamericana,bo,Nacional Potosí,br,Fluminense
Copa Sudamericana,M,,2018,,First stage,,Wed,2018-05-23,21:45,Bahia br,4.0,bo Blooming,0.0,,Itaipava Arena Fonte Nova,Juan Soto,Leg 2 of 2; Bahia won,https://fbref.com/en/matches/105a433f/Bahia-Blooming-May-23-2018-Copa-Sudamericana,br,Bahia,bo,Blooming
Copa Sudamericana,M,,2018,,Second stage,,Tue,2018-07-17,18:30,Caracas ve,2.0,pe Sport Huancayo,0.0,,Estadio Olímpico,Ivo Mendez,Leg 1 of 2,https://fbref.com/en/matches/05b3880f/Caracas-Sport-Huancayo-July-17-2018-Copa-Sudamericana,ve,Caracas,pe,Sport Huancayo
Copa Sudamericana,M,,2018,,Second stage,,Tue,2018-07-17,21:45,Lanús ar,1.0,co Junior,0.0,,Estadio Ciudad de Lanús,Arnaldo Samaniego,Leg 1 of 2,https://fbref.com/en/matches/e0940f66/Lanus-Junior-July-17-2018-Copa-Sudamericana,ar,Lanús,co,Junior
Copa Sudamericana,M,,2018,,Second stage,,Wed,2018-07-18,19:30,Defensa y Just ar,2.0,ec El Nacional,0.0,,Estadio Norberto Tito Tomaghello,Piero Maza,Leg 1 of 2,https://fbref.com/en/matches/cd875347/Defensa-y-Just-El-Nacional-July-18-2018-Copa-Sudamericana,ar,Defensa y Just,ec,El Nacional
Copa Sudamericana,M,,2018,,Second stage,,Wed,2018-07-18,19:45,AD Cali co,4.0,bo Bolívar,0.0,,Estadio Deportivo Cali,Fernando Espinoza,Leg 1 of 2,https://fbref.com/en/matches/04525ff7/AD-Cali-Bolivar-July-18-2018-Copa-Sudamericana,co,AD Cali,bo,Bolívar
Copa Sudamericana,M,,2018,,Second stage,,Wed,2018-07-18,20:45,Sol de América py,0.0,uy Nacional,0.0,,Estadio Luís Alfonso Giagni,Anderson Daronco,Leg 1 of 2,https://fbref.com/en/matches/e671946a/Club-Sol-de-America-Nacional-July-18-2018-Copa-Sudamericana,py,Sol de América,uy,Nacional
Copa Sudamericana,M,,2018,,Second stage,,Thu,2018-07-19,17:30,CD Cuenca ec,2.0,bo Wilstermann,2.0,,Estadio Alejandro Serrano Aguilar,Esteban Ostojich,Leg 1 of 2,https://fbref.com/en/matches/55c4e906/CD-Cuenca-Jorge-Wilstermann-July-19-2018-Copa-Sudamericana,ec,CD Cuenca,bo,Wilstermann
Copa Sudamericana,M,,2018,,Second stage,,Thu,2018-07-19,21:45,Rampla Juniors uy,0.0,co Santa Fe,0.0,,Estadio Olímpico,Omar Ponce,Leg 1 of 2,https://fbref.com/en/matches/fe483212/Rampla-Juniors-Santa-Fe-July-19-2018-Copa-Sudamericana,uy,Rampla Juniors,co,Santa Fe
Copa Sudamericana,M,,2018,,Second stage,,Tue,2018-07-24,17:30,Sport Huancayo pe,3.0,ve Caracas,4.0,,Estadio Huancayo,Nicolás Gallo,Leg 2 of 2; Caracas won,https://fbref.com/en/matches/46f94d64/Sport-Huancayo-Caracas-July-24-2018-Copa-Sudamericana,pe,Sport Huancayo,ve,Caracas
Copa Sudamericana,M,,2018,,Second stage,,Tue,2018-07-24,19:45,Junior co,1.0,ar Lanús,1.0,,Estadio Metropolitano Roberto Meléndez,Wilton Sampaio,Leg 2 of 2; Junior won; Junior won on penalty kicks following extra time,https://fbref.com/en/matches/7f81df4e/Junior-Lanus-July-24-2018-Copa-Sudamericana,co,Junior,ar,Lanús
Copa Sudamericana,M,,2018,,Second stage,,Wed,2018-07-25,17:30,LDU de Quito ec,3.0,br Vasco da Gama,1.0,,Estadio de Liga Deportiva Universitaria,Juan Soto,Leg 1 of 2,https://fbref.com/en/matches/e23aa3d1/LDU-de-Quito-Vasco-da-Gama-July-25-2018-Copa-Sudamericana,ec,LDU de Quito,br,Vasco da Gama
Copa Sudamericana,M,,2018,,Second stage,,Wed,2018-07-25,21:45,Boston River uy,1.0,ar Banfield,0.0,,Estadio Centenario,Andrés Rojas,Leg 1 of 2,https://fbref.com/en/matches/54369e94/Boston-River-Banfield-July-25-2018-Copa-Sudamericana,uy,Boston River,ar,Banfield
Copa Sudamericana,M,,2018,,Second stage,,Wed,2018-07-25,21:45,Bahia br,2.0,uy Cerro,0.0,,Itaipava Arena Fonte Nova,Michael Espinoza,Leg 1 of 2,https://fbref.com/en/matches/9a06ba85/Bahia-Cerro-July-25-2018-Copa-Sudamericana,br,Bahia,uy,Cerro
Copa Sudamericana,M,,2018,,Second stage,,Thu,2018-07-26,19:30,Ath Paranaense br,2.0,uy Peñarol,0.0,,Estádio Joaquim Américo Guimarães,Fernando Rapallini,Leg 1 of 2,https://fbref.com/en/matches/a9e92efa/Athletico-Paranaense-Penarol-July-26-2018-Copa-Sudamericana,br,Ath Paranaense,uy,Peñarol
Copa Sudamericana,M,,2018,,Second stage,,Thu,2018-07-26,20:45,General Díaz py,1.0,co Millonarios,1.0,,Estadio Feliciano Cáceres,Gery Vargas,Leg 1 of 2,https://fbref.com/en/matches/a6c8b827/General-Diaz-Millonarios-July-26-2018-Copa-Sudamericana,py,General Díaz,co,Millonarios
Copa Sudamericana,M,,2018,,Second stage,,Thu,2018-07-26,21:45,San Lorenzo ar,1.0,cl CD Temuco,2.0,,Estadio Pedro Bidegaín,Rodolpho Toski Marques,Leg 1 of 2,https://fbref.com/en/matches/1486bcd4/San-Lorenzo-CD-Temuco-July-26-2018-Copa-Sudamericana,ar,San Lorenzo,cl,CD Temuco
Copa Sudamericana,M,,2018,,Second stage,,Tue,2018-07-31,17:30,El Nacional ec,1.0,ar Defensa y Just,0.0,,Estadio Olímpico Atahualpa,Eber Aguino,Leg 2 of 2; Defensa y Just won,https://fbref.com/en/matches/229750e6/El-Nacional-Defensa-y-Just-July-31-2018-Copa-Sudamericana,ec,El Nacional,ar,Defensa y Just
Copa Sudamericana,M,,2018,,Second stage,,Tue,2018-07-31,18:30,Wilstermann bo,2.0,ec CD Cuenca,2.0,,Estadio Félix Capriles,Alexis Herrera,Leg 2 of 2; CD Cuenca won; CD Cuenca won on penalty kicks following extra time,https://fbref.com/en/matches/38c1c599/Jorge-Wilstermann-CD-Cuenca-July-31-2018-Copa-Sudamericana,bo,Wilstermann,ec,CD Cuenca
Copa Sudamericana,M,,2018,,Second stage,,Tue,2018-07-31,19:45,Santa Fe co,2.0,uy Rampla Juniors,0.0,,Estadio Nemesio Camacho El Campín,Diego Haro,Leg 2 of 2; Santa Fe won,https://fbref.com/en/matches/1d6688d3/Santa-Fe-Rampla-Juniors-July-31-2018-Copa-Sudamericana,co,Santa Fe,uy,Rampla Juniors
Copa Sudamericana,M,,2018,,Second stage,,Wed,2018-08-01,18:30,Nacional py,2.0,br Botafogo (RJ),1.0,,Estadio Defensores del Chaco,Roberto Tobar,Leg 1 of 2,https://fbref.com/en/matches/1a05b589/Nacional-Asuncion-Botafogo-RJ-August-1-2018-Copa-Sudamericana,py,Nacional,br,Botafogo (RJ)
Copa Sudamericana,M,,2018,,Second stage,,Wed,2018-08-01,21:45,Banfield ar,2.0,uy Boston River,0.0,,Estadio Florencio Solá,Víctor Carrillo,Leg 2 of 2; Banfield won,https://fbref.com/en/matches/52cb5f12/Banfield-Boston-River-August-1-2018-Copa-Sudamericana,ar,Banfield,uy,Boston River
Copa Sudamericana,M,,2018,,Second stage,,Thu,2018-08-02,19:30,São Paulo br,0.0,ar Colón,1.0,,Estádio do Morumbi,Leodán González,Leg 1 of 2,https://fbref.com/en/matches/002debdf/Sao-Paulo-Colon-August-2-2018-Copa-Sudamericana,br,São Paulo,ar,Colón
Copa Sudamericana,M,,2018,,Second stage,,Thu,2018-08-02,20:45,Bolívar bo,1.0,co AD Cali,2.0,,Estadio Hernando Siles,Ulises Mereles,Leg 2 of 2; AD Cali won,https://fbref.com/en/matches/99e94d06/Bolivar-AD-Cali-August-2-2018-Copa-Sudamericana,bo,Bolívar,co,AD Cali
Copa Sudamericana,M,,2018,,Second stage,,Thu,2018-08-02,21:45,Fluminense br,2.0,uy Defensor,0.0,,Estadio Jornalista Mário Filho,Germán Delfino,Leg 1 of 2,https://fbref.com/en/matches/e7018daf/Fluminense-Defensor-Sporting-August-2-2018-Copa-Sudamericana,br,Fluminense,uy,Defensor
Copa Sudamericana,M,,2018,,Second stage,,Tue,2018-08-07,19:30,Peñarol uy,1.0,br Ath Paranaense,4.0,,Estadio Campeón del Siglo,Mauro Vigliano,Leg 2 of 2; Ath Paranaense won,https://fbref.com/en/matches/e8eca17e/Penarol-Athletico-Paranaense-August-7-2018-Copa-Sudamericana,uy,Peñarol,br,Ath Paranaense
Copa Sudamericana,M,,2018,,Second stage,,Wed,2018-08-08,21:45,Cerro uy,1.0,br Bahia,1.0,,Estadio Monumental Luis Tróccoli,José Argote,Leg 2 of 2; Bahia won,https://fbref.com/en/matches/c2dae4ac/Cerro-Bahia-August-8-2018-Copa-Sudamericana,uy,Cerro,br,Bahia
Copa Sudamericana,M,,2018,,Second stage,,Thu,2018-08-09,19:30,Vasco da Gama br,1.0,ec LDU de Quito,0.0,,Estádio Club de Regatas Vasco da Gama,Mario Díaz de Vivar,Leg 2 of 2; LDU de Quito won,https://fbref.com/en/matches/156015a5/Vasco-da-Gama-LDU-de-Quito-August-9-2018-Copa-Sudamericana,br,Vasco da Gama,ec,LDU de Quito
Copa Sudamericana,M,,2018,,Second stage,,Tue,2018-08-14,21:45,Nacional uy,1.0,py Sol de América,0.0,,Estadio Gran Parque Central,Roddy Zambrano,Leg 2 of 2; Nacional won,https://fbref.com/en/matches/53b4beee/Nacional-Club-Sol-de-America-August-14-2018-Copa-Sudamericana,uy,Nacional,py,Sol de América
Copa Sudamericana,M,,2018,,Second stage,,Wed,2018-08-15,19:30,CD Temuco cl,1.0,ar San Lorenzo,0.0,,Estadio Municipal Bicentenario Germán Be...,Carlos Orbe,Leg 2 of 2; CD Temuco won,https://fbref.com/en/matches/bc58c779/CD-Temuco-San-Lorenzo-August-15-2018-Copa-Sudamericana,cl,CD Temuco,ar,San Lorenzo
Copa Sudamericana,M,,2018,,Second stage,,Wed,2018-08-15,19:45,Millonarios co,4.0,py General Díaz,0.0,,Estadio Nemesio Camacho El Campín,Julio Bascuñán,Leg 2 of 2; Millonarios won,https://fbref.com/en/matches/3f4d74c1/Millonarios-General-Diaz-August-15-2018-Copa-Sudamericana,co,Millonarios,py,General Díaz
Copa Sudamericana,M,,2018,,Second stage,,Thu,2018-08-16,19:30,Botafogo (RJ) br,2.0,py Nacional,0.0,,Estádio Nilton Santos,Patricio Loustau,Leg 2 of 2; Botafogo (RJ) won,https://fbref.com/en/matches/d2a55660/Botafogo-RJ-Nacional-Asuncion-August-16-2018-Copa-Sudamericana,br,Botafogo (RJ),py,Nacional
Copa Sudamericana,M,,2018,,Second stage,,Thu,2018-08-16,21:45,Colón ar,0.0,br São Paulo,0.0,,Estadio Brigadier General Estanislao Lóp...,Mario Díaz de Vivar,Leg 2 of 2; Colón won; Colón won on penalty kicks following extra time,https://fbref.com/en/matches/71ef2149/Colon-Sao-Paulo-August-16-2018-Copa-Sudamericana,ar,Colón,br,São Paulo
Copa Sudamericana,M,,2018,,Second stage,,Thu,2018-08-16,21:45,Defensor uy,0.0,br Fluminense,1.0,,Estadio Luis Franzini,Roberto Tobar,Leg 2 of 2; Fluminense won,https://fbref.com/en/matches/8de69843/Defensor-Sporting-Fluminense-August-16-2018-Copa-Sudamericana,uy,Defensor,br,Fluminense
Copa Sudamericana,M,,2018,,Round of 16,,Tue,2018-08-21,19:30,Defensa y Just ar,0.0,ar Banfield,0.0,,Estadio Norberto Tito Tomaghello,Alexis Herrera,Leg 1 of 2,https://fbref.com/en/matches/a0ddec2e/Defensa-y-Just-Banfield-August-21-2018-Copa-Sudamericana,ar,Defensa y Just,ar,Banfield
Copa Sudamericana,M,,2018,,Round of 16,,Wed,2018-08-22,19:30,San Lorenzo ar,3.0,uy Nacional,1.0,,Estadio Pedro Bidegaín,Raphael Claus,Leg 1 of 2,https://fbref.com/en/matches/34119492/San-Lorenzo-Nacional-August-22-2018-Copa-Sudamericana,ar,San Lorenzo,uy,Nacional
Copa Sudamericana,M,,2018,,Round of 16,,Wed,2018-08-22,19:45,LDU de Quito ec,1.0,co AD Cali,0.0,,Estadio de Liga Deportiva Universitaria,Esteban Ostojich,Leg 1 of 2,https://fbref.com/en/matches/77f62f83/LDU-de-Quito-AD-Cali-August-22-2018-Copa-Sudamericana,ec,LDU de Quito,co,AD Cali
Copa Sudamericana,M,,2018,,Round of 16,,Tue,2018-09-18,19:45,Santa Fe co,0.0,co Millonarios,0.0,,Estadio Nemesio Camacho El Campín,Fernando Rapallini,Leg 1 of 2,https://fbref.com/en/matches/11f471f1/Santa-Fe-Millonarios-September-18-2018-Copa-Sudamericana,co,Santa Fe,co,Millonarios
Copa Sudamericana,M,,2018,,Round of 16,,Wed,2018-09-19,18:30,Caracas ve,0.0,br Ath Paranaense,2.0,,Estadio Olímpico,Andrés Rojas,Leg 1 of 2,https://fbref.com/en/matches/eaef2959/Caracas-Athletico-Paranaense-September-19-2018-Copa-Sudamericana,ve,Caracas,br,Ath Paranaense
Copa Sudamericana,M,,2018,,Round of 16,,Wed,2018-09-19,19:45,AD Cali co,1.0,ec LDU de Quito,1.0,,Estadio Deportivo Cali,Diego Haro,Leg 2 of 2; AD Cali won; AD Cali won on penalty kicks following extra time,https://fbref.com/en/matches/043147cb/AD-Cali-LDU-de-Quito-September-19-2018-Copa-Sudamericana,co,AD Cali,ec,LDU de Quito
Copa Sudamericana,M,,2018,,Round of 16,,Thu,2018-09-20,17:30,CD Cuenca ec,0.0,br Fluminense,2.0,,Estadio Alejandro Serrano Aguilar,Alexis Herrera,Leg 1 of 2,https://fbref.com/en/matches/402165eb/CD-Cuenca-Fluminense-September-20-2018-Copa-Sudamericana,ec,CD Cuenca,br,Fluminense
Copa Sudamericana,M,,2018,,Round of 16,,Thu,2018-09-20,21:45,Bahia br,2.0,br Botafogo (RJ),1.0,,Itaipava Arena Fonte Nova,Piero Maza,Leg 1 of 2,https://fbref.com/en/matches/c0cd3a37/Bahia-Botafogo-RJ-September-20-2018-Copa-Sudamericana,br,Bahia,br,Botafogo (RJ)
Copa Sudamericana,M,,2018,,Round of 16,,Tue,2018-09-25,21:15,Nacional uy,2.0,ar San Lorenzo,0.0,,Estadio Gran Parque Central,Wilmar Roldán,Leg 2 of 2; Nacional won,https://fbref.com/en/matches/019762ee/Nacional-San-Lorenzo-September-25-2018-Copa-Sudamericana,uy,Nacional,ar,San Lorenzo
Copa Sudamericana,M,,2018,,Round of 16,,Wed,2018-09-26,19:15,Junior co,1.0,ar Colón,0.0,,Estadio Metropolitano Roberto Meléndez,Carlos Orbe,Leg 1 of 2,https://fbref.com/en/matches/4a7d0c2e/Junior-Colon-September-26-2018-Copa-Sudamericana,co,Junior,ar,Colón
Copa Sudamericana,M,,2018,,Round of 16,,Thu,2018-09-27,21:15,Banfield ar,0.0,ar Defensa y Just,2.0,,Estadio Florencio Solá,Esteban Ostojich,Leg 2 of 2; Defensa y Just won,https://fbref.com/en/matches/2cecb88c/Banfield-Defensa-y-Just-September-27-2018-Copa-Sudamericana,ar,Banfield,ar,Defensa y Just
Copa Sudamericana,M,,2018,,Round of 16,,Tue,2018-10-02,19:45,Millonarios co,0.0,co Santa Fe,0.0,,Estadio Nemesio Camacho El Campín,Raphael Claus,Leg 2 of 2; Santa Fe won; Santa Fe won on penalty kicks following extra time,https://fbref.com/en/matches/ab4e774b/Millonarios-Santa-Fe-October-2-2018-Copa-Sudamericana,co,Millonarios,co,Santa Fe
Copa Sudamericana,M,,2018,,Round of 16,,Wed,2018-10-03,19:30,Ath Paranaense br,2.0,ve Caracas,1.0,,Estádio Joaquim Américo Guimarães,Michael Espinoza,Leg 2 of 2; Ath Paranaense won,https://fbref.com/en/matches/4e11e937/Athletico-Paranaense-Caracas-October-3-2018-Copa-Sudamericana,br,Ath Paranaense,ve,Caracas
Copa Sudamericana,M,,2018,,Round of 16,,Wed,2018-10-03,21:45,Botafogo (RJ) br,2.0,br Bahia,2.0,,Estádio Nilton Santos,Germán Delfino,Leg 2 of 2; Bahia won; Bahia won on penalty kicks following extra time,https://fbref.com/en/matches/ac99a035/Botafogo-RJ-Bahia-October-3-2018-Copa-Sudamericana,br,Botafogo (RJ),br,Bahia
Copa Sudamericana,M,,2018,,Round of 16,,Thu,2018-10-04,19:30,Colón ar,1.0,co Junior,1.0,,Estadio Brigadier General Estanislao Lóp...,Diego Haro,Leg 2 of 2; Junior won,https://fbref.com/en/matches/07b90d3e/Colon-Junior-October-4-2018-Copa-Sudamericana,ar,Colón,co,Junior
Copa Sudamericana,M,,2018,,Round of 16,,Thu,2018-10-04,19:30,Fluminense br,2.0,ec CD Cuenca,0.0,,Estadio Jornalista Mário Filho,Andrés Rojas,Leg 2 of 2; Fluminense won,https://fbref.com/en/matches/6f2c1b0c/Fluminense-CD-Cuenca-October-4-2018-Copa-Sudamericana,br,Fluminense,ec,CD Cuenca
Copa Sudamericana,M,,2018,,Quarter-finals,,Tue,2018-10-23,19:45,Santa Fe co,1.0,co AD Cali,1.0,,Estadio Nemesio Camacho El Campín,Roddy Zambrano,Leg 1 of 2,https://fbref.com/en/matches/cafd5790/Santa-Fe-AD-Cali-October-23-2018-Copa-Sudamericana,co,Santa Fe,co,AD Cali
Copa Sudamericana,M,,2018,,Quarter-finals,,Wed,2018-10-24,20:30,Fluminense br,1.0,uy Nacional,1.0,,Estadio Jornalista Mário Filho,Patricio Loustau,Leg 1 of 2,https://fbref.com/en/matches/7cf6328e/Fluminense-Nacional-October-24-2018-Copa-Sudamericana,br,Fluminense,uy,Nacional
Copa Sudamericana,M,,2018,,Quarter-finals,,Wed,2018-10-24,21:45,Bahia br,0.0,br Ath Paranaense,1.0,,Itaipava Arena Fonte Nova,Fernando Rapallini,Leg 1 of 2,https://fbref.com/en/matches/0f82e937/Bahia-Athletico-Paranaense-October-24-2018-Copa-Sudamericana,br,Bahia,br,Ath Paranaense
Copa Sudamericana,M,,2018,,Quarter-finals,,Thu,2018-10-25,19:45,Junior co,2.0,ar Defensa y Just,0.0,,Estadio Metropolitano Roberto Meléndez,Ricardo Marques Ribeiro,Leg 1 of 2,https://fbref.com/en/matches/e44e5736/Junior-Defensa-y-Just-October-25-2018-Copa-Sudamericana,co,Junior,ar,Defensa y Just
Copa Sudamericana,M,,2018,,Quarter-finals,,Tue,2018-10-30,19:45,AD Cali co,1.0,co Santa Fe,2.0,,Estadio Deportivo Cali,Víctor Carrillo,Leg 2 of 2; Santa Fe won,https://fbref.com/en/matches/937e3851/AD-Cali-Santa-Fe-October-30-2018-Copa-Sudamericana,co,AD Cali,co,Santa Fe
Copa Sudamericana,M,,2018,,Quarter-finals,,Wed,2018-10-31,19:30,Nacional uy,0.0,br Fluminense,1.0,,Estadio Gran Parque Central,Roberto Tobar,Leg 2 of 2; Fluminense won,https://fbref.com/en/matches/5ba52c4c/Nacional-Fluminense-October-31-2018-Copa-Sudamericana,uy,Nacional,br,Fluminense
Copa Sudamericana,M,,2018,,Quarter-finals,,Wed,2018-10-31,22:45,Ath Paranaense br,0.0,br Bahia,0.0,,Estádio Joaquim Américo Guimarães,Diego Haro,Leg 2 of 2; Ath Paranaense won; Ath Paranaense won on penalty kicks following extra time,https://fbref.com/en/matches/d7213a52/Athletico-Paranaense-Bahia-October-31-2018-Copa-Sudamericana,br,Ath Paranaense,br,Bahia
Copa Sudamericana,M,,2018,,Quarter-finals,,Thu,2018-11-01,21:45,Defensa y Just ar,3.0,co Junior,1.0,,Estadio Ciudad de Lanús,Raphael Claus,Leg 2 of 2; Junior won,https://fbref.com/en/matches/78bbb046/Defensa-y-Just-Junior-November-1-2018-Copa-Sudamericana,ar,Defensa y Just,co,Junior
Copa Sudamericana,M,,2018,,Semi-finals,,Wed,2018-11-07,21:45,Ath Paranaense br,2.0,br Fluminense,0.0,,Estádio Joaquim Américo Guimarães,Roddy Zambrano,Leg 1 of 2,https://fbref.com/en/matches/50324c86/Athletico-Paranaense-Fluminense-November-7-2018-Copa-Sudamericana,br,Ath Paranaense,br,Fluminense
Copa Sudamericana,M,,2018,,Semi-finals,,Thu,2018-11-08,19:45,Santa Fe co,0.0,co Junior,2.0,,Estadio Nemesio Camacho El Campín,Esteban Ostojich,Leg 1 of 2,https://fbref.com/en/matches/61ac0c8e/Santa-Fe-Junior-November-8-2018-Copa-Sudamericana,co,Santa Fe,co,Junior
Copa Sudamericana,M,,2018,,Semi-finals,,Wed,2018-11-28,21:45,Fluminense br,0.0,br Ath Paranaense,2.0,,Estadio Jornalista Mário Filho,Julio Bascuñán,Leg 2 of 2; Ath Paranaense won,https://fbref.com/en/matches/a882ead5/Fluminense-Athletico-Paranaense-November-28-2018-Copa-Sudamericana,br,Fluminense,br,Ath Paranaense
Copa Sudamericana,M,,2018,,Semi-finals,,Thu,2018-11-29,19:45,Junior co,1.0,co Santa Fe,0.0,,Estadio Metropolitano Roberto Meléndez,Patricio Loustau,Leg 2 of 2; Junior won,https://fbref.com/en/matches/209dbf9f/Junior-Santa-Fe-November-29-2018-Copa-Sudamericana,co,Junior,co,Santa Fe
Copa Sudamericana,M,,2018,,Finals,,Wed,2018-12-05,19:45,Junior co,1.0,br Ath Paranaense,1.0,,Estadio Metropolitano Roberto Meléndez,Diego Haro,Leg 1 of 2,https://fbref.com/en/matches/cb120c51/Junior-Athletico-Paranaense-December-5-2018-Copa-Sudamericana,co,Junior,br,Ath Paranaense
Copa Sudamericana,M,,2018,,Finals,,Wed,2018-12-12,21:45,Ath Paranaense br,1.0,co Junior,1.0,,Estádio Joaquim Américo Guimarães,Roberto Tobar,Leg 2 of 2; Ath Paranaense won; Ath Paranaense won on penalty kicks following extra time,https://fbref.com/en/matches/3afd5868/Athletico-Paranaense-Junior-December-12-2018-Copa-Sudamericana,br,Ath Paranaense,co,Junior
Copa Sudamericana,M,,2019,,First stage,,Tue,2019-02-05,20:30,La Calera cl,0.0,br Chapecoense,0.0,,Estadio Municipal Nicolás Chahuán Nazar,Gustavo Tejera,Leg 1 of 2,https://fbref.com/en/matches/75ae0671/La-Calera-Chapecoense-February-5-2019-Copa-Sudamericana,cl,La Calera,br,Chapecoense
Copa Sudamericana,M,,2019,,First stage,,Wed,2019-02-06,21:30,Botafogo (RJ) br,1.0,ar Defensa y Just,0.0,,Estádio Nilton Santos,Esteban Ostojich,Leg 1 of 2,https://fbref.com/en/matches/a6938575/Botafogo-RJ-Defensa-y-Just-February-6-2019-Copa-Sudamericana,br,Botafogo (RJ),ar,Defensa y Just
Copa Sudamericana,M,,2019,,First stage,,Thu,2019-02-07,18:15,Bahia br,0.0,uy Liverpool,1.0,,Itaipava Arena Fonte Nova,Jesús Valenzuela,Leg 1 of 2,https://fbref.com/en/matches/19739453/Bahia-Liverpool-February-7-2019-Copa-Sudamericana,br,Bahia,uy,Liverpool
Copa Sudamericana,M,,2019,,First stage,,Thu,2019-02-07,20:30,Santaní py,1.0,co Once Caldas,1.0,,Estadio Defensores del Chaco,Braulio da Silva Machado,Leg 1 of 2,https://fbref.com/en/matches/cb8d4506/Deportivo-Santani-Once-Caldas-February-7-2019-Copa-Sudamericana,py,Santaní,co,Once Caldas
Copa Sudamericana,M,,2019,,First stage,,Tue,2019-02-12,18:15,River Plate uy,0.0,br Santos,0.0,,Parque Federico Omar Saroldi,Germán Delfino,Leg 1 of 2,https://fbref.com/en/matches/677ef5ac/River-Plate-Santos-February-12-2019-Copa-Sudamericana,uy,River Plate,br,Santos
Copa Sudamericana,M,,2019,,First stage,,Tue,2019-02-12,18:30,Macará ec,2.0,bo Guabirá,1.0,,Estadio Bellavista de Ambato,Rodolpho Toski Marques,Leg 1 of 2,https://fbref.com/en/matches/33d95b87/Macara-Guabira-February-12-2019-Copa-Sudamericana,ec,Macará,bo,Guabirá
Copa Sudamericana,M,,2019,,First stage,,Thu,2019-02-14,17:15,Royal Parí bo,2.0,ve Monagas,1.0,,Estadio Ramón Aguilera Costas,Cristián Garay,Leg 1 of 2,https://fbref.com/en/matches/38ead04a/Royal-Pari-Monagas-February-14-2019-Copa-Sudamericana,bo,Royal Parí,ve,Monagas
Copa Sudamericana,M,,2019,,First stage,,Thu,2019-02-14,21:30,Corinthians br,1.0,ar Racing Club,1.0,,Arena Corinthians,Víctor Carrillo,Leg 1 of 2,https://fbref.com/en/matches/88988d90/Corinthians-Racing-Club-February-14-2019-Copa-Sudamericana,br,Corinthians,ar,Racing Club
Copa Sudamericana,M,,2019,,First stage,,Tue,2019-02-19,21:30,Chapecoense br,1.0,cl La Calera,1.0,,Estadio Norberto Tito Tomaghello,José Argote,Leg 2 of 2; La Calera won,https://fbref.com/en/matches/2100d7a0/Chapecoense-La-Calera-February-19-2019-Copa-Sudamericana,br,Chapecoense,cl,La Calera
Copa Sudamericana,M,,2019,,First stage,,Wed,2019-02-20,21:30,Defensa y Just ar,0.0,br Botafogo (RJ),3.0,,Estadio Norberto Tito Tomaghello,Diego Haro,Leg 2 of 2; Botafogo (RJ) won,https://fbref.com/en/matches/209596b2/Defensa-y-Just-Botafogo-RJ-February-20-2019-Copa-Sudamericana,ar,Defensa y Just,br,Botafogo (RJ)
Copa Sudamericana,M,,2019,,First stage,,Thu,2019-02-21,17:15,Liverpool uy,0.0,br Bahia,0.0,,Estadio Palogrande,Gery Vargas,Leg 2 of 2; Liverpool won,https://fbref.com/en/matches/36f43b6a/Liverpool-Bahia-February-21-2019-Copa-Sudamericana,uy,Liverpool,br,Bahia
Copa Sudamericana,M,,2019,,First stage,,Thu,2019-02-21,19:30,Once Caldas co,0.0,py Santaní,2.0,,Estadio Palogrande,Raphael Claus,Leg 2 of 2; Santaní won,https://fbref.com/en/matches/5a201324/Once-Caldas-Deportivo-Santani-February-21-2019-Copa-Sudamericana,co,Once Caldas,py,Santaní
Copa Sudamericana,M,,2019,,First stage,,Tue,2019-02-26,19:15,Santos br,1.0,uy River Plate,1.0,,Estadio Regional Calvo y Bascuñán,Mauro Vigliano,Leg 2 of 2; River Plate won,https://fbref.com/en/matches/196ec57e/Santos-River-Plate-February-26-2019-Copa-Sudamericana,br,Santos,uy,River Plate
Copa Sudamericana,M,,2019,,First stage,,Tue,2019-02-26,21:30,Fluminense br,0.0,cl Antofagasta,0.0,,Parque Maracaná,Arnaldo Samaniego,Leg 1 of 2,https://fbref.com/en/matches/e0d16a7f/Fluminense-Antofagasta-February-26-2019-Copa-Sudamericana,br,Fluminense,cl,Antofagasta
Copa Sudamericana,M,,2019,,First stage,,Wed,2019-02-27,18:15,Monagas ve,2.0,bo Royal Parí,2.0,,Estadio Alexander Comanche Bottini,Rodolpho Toski Marques,Leg 2 of 2; Royal Parí won; Royal Parí won on penalty kicks following extra time,https://fbref.com/en/matches/cfe2b302/Monagas-Royal-Pari-February-27-2019-Copa-Sudamericana,ve,Monagas,bo,Royal Parí
Copa Sudamericana,M,,2019,,First stage,,Wed,2019-02-27,21:30,Racing Club ar,1.0,br Corinthians,1.0,,Estadio Presidente Juan Domingo Perón,Wilmar Roldán,Leg 2 of 2; Corinthians won; Corinthians won on penalty kicks following extra time,https://fbref.com/en/matches/a1d3fa76/Racing-Club-Corinthians-February-27-2019-Copa-Sudamericana,ar,Racing Club,br,Corinthians
Copa Sudamericana,M,,2019,,First stage,,Thu,2019-02-28,20:30,Guabirá bo,0.0,ec Macará,3.0,,Estadio Gilberto Parada,Jesús Valenzuela,Leg 2 of 2; Macará won,https://fbref.com/en/matches/f23cef0e/Guabira-Macara-February-28-2019-Copa-Sudamericana,bo,Guabirá,ec,Macará
Copa Sudamericana,M,,2019,,First stage,,Tue,2019-03-19,19:15,Unión Española cl,1.0,ec Mushuc Runa,1.0,,Estadio Santa Laura-Universidad SEK,Wagner Reway,Leg 1 of 2,https://fbref.com/en/matches/f4bc5ffc/Union-Espanola-Mushuc-Runa-March-19-2019-Copa-Sudamericana,cl,Unión Española,ec,Mushuc Runa
Copa Sudamericana,M,,2019,,First stage,,Tue,2019-03-19,19:30,Dep Municipal pe,0.0,ar Colón,3.0,,Estadio Iván Elías Moreno,Braulio da Silva Machado,Leg 1 of 2,https://fbref.com/en/matches/9498dd4f/Deportivo-Municipal-Colon-March-19-2019-Copa-Sudamericana,pe,Dep Municipal,ar,Colón
Copa Sudamericana,M,,2019,,First stage,,Tue,2019-03-19,20:30,Nacional Potosí bo,0.0,ve Zulia,1.0,,Estadio Victor Agustín Ugarte,Guillermo Guerrero,Leg 1 of 2,https://fbref.com/en/matches/18cc9fcd/Nacional-Potosi-Zulia-March-19-2019-Copa-Sudamericana,bo,Nacional Potosí,ve,Zulia
Copa Sudamericana,M,,2019,,First stage,,Wed,2019-03-20,21:30,CA Unión ar,2.0,ec Independiente,0.0,,Estadio 15 de Abril,Gustavo Murillo,Leg 1 of 2,https://fbref.com/en/matches/49693513/CA-Union-Independiente-March-20-2019-Copa-Sudamericana,ar,CA Unión,ec,Independiente
Copa Sudamericana,M,,2019,,First stage,,Wed,2019-03-20,21:30,Independiente py,0.0,co La Equidad,0.0,,Estadio Ricardo Gregor,Raúl Orosco,Leg 1 of 2,https://fbref.com/en/matches/ec1dbead/Independiente-FBC-La-Equidad-March-20-2019-Copa-Sudamericana,py,Independiente,co,La Equidad
Copa Sudamericana,M,,2019,,First stage,,Thu,2019-03-21,19:15,Wanderers uy,2.0,pe Sport Huancayo,0.0,,Parque Alfredo Víctor Viera,Felipe González,Leg 1 of 2,https://fbref.com/en/matches/ba0e0552/Montevideo-Wanderers-Sport-Huancayo-March-21-2019-Copa-Sudamericana,uy,Wanderers,pe,Sport Huancayo
Copa Sudamericana,M,,2019,,First stage,,Thu,2019-03-21,19:15,Antofagasta cl,1.0,br Fluminense,2.0,,Estadio Regional Calvo y Bascuñán,Wilmar Roldán,Leg 2 of 2; Fluminense won,https://fbref.com/en/matches/ccaa03e4/Antofagasta-Fluminense-March-21-2019-Copa-Sudamericana,cl,Antofagasta,br,Fluminense
Copa Sudamericana,M,,2019,,First stage,,Thu,2019-03-21,19:30,Rionegro co,1.0,bo Oriente Petrolero,1.0,,Estadio Alberto Grisales,Darío Herrera,Leg 1 of 2,https://fbref.com/en/matches/774de190/Rionegro-Oriente-Petrolero-March-21-2019-Copa-Sudamericana,co,Rionegro,bo,Oriente Petrolero
Copa Sudamericana,M,,2019,,First stage,,Tue,2019-04-02,16:00,Mineros ve,1.0,py Sol de América,0.0,,Centro Total de Entretenimiento Cachamay,Darío Herrera,Leg 1 of 2,https://fbref.com/en/matches/2b8ad0be/Mineros-Club-Sol-de-America-April-2-2019-Copa-Sudamericana,ve,Mineros,py,Sol de América
Copa Sudamericana,M,,2019,,First stage,,Tue,2019-04-02,19:30,Univ Católica ec,0.0,cl Colo-Colo,1.0,,Estadio Olímpico Atahualpa,Wilton Sampaio,Leg 1 of 2,https://fbref.com/en/matches/b51ceca4/Univ-Catolica-Colo-Colo-April-2-2019-Copa-Sudamericana,ec,Univ Católica,cl,Colo-Colo
Copa Sudamericana,M,,2019,,First stage,,Wed,2019-04-03,19:30,UTC pe,1.0,uy Cerro,1.0,,Estadio Héroes de San Ramón,Guillermo Guerrero,Leg 1 of 2,https://fbref.com/en/matches/f0b35d23/Universidad-Tecnica-de-Cajamarca-Cerro-April-3-2019-Copa-Sudamericana,pe,UTC,uy,Cerro
Copa Sudamericana,M,,2019,,First stage,,Wed,2019-04-03,21:30,Independiente ar,4.0,pe Binacional,1.0,,Estadio Libertadores de América,Raphael Claus,Leg 1 of 2,https://fbref.com/en/matches/4c386730/Independiente-Binacional-April-3-2019-Copa-Sudamericana,ar,Independiente,pe,Binacional
Copa Sudamericana,M,,2019,,First stage,,Thu,2019-04-04,19:15,Argentinos Jun ar,2.0,ve Estud Mérida,0.0,,Estadio Diego Armando Maradona,Raúl Orosco,Leg 1 of 2,https://fbref.com/en/matches/b162ab1b/Argentinos-Jun-Estudiantes-de-Merida-April-4-2019-Copa-Sudamericana,ar,Argentinos Jun,ve,Estud Mérida
Copa Sudamericana,M,,2019,,First stage,,Thu,2019-04-04,19:30,AD Cali co,1.0,py Guaraní,0.0,,Estadio Deportivo Cali,Diego Haro,Leg 1 of 2,https://fbref.com/en/matches/546398bb/AD-Cali-Guarani-April-4-2019-Copa-Sudamericana,co,AD Cali,py,Guaraní
Copa Sudamericana,M,,2019,,First stage,,Tue,2019-04-16,16:00,Zulia ve,0.0,bo Nacional Potosí,0.0,,Estadio Victor Agustín Ugarte,Juan Benítez,Leg 2 of 2; Zulia won; Zulia won on penalty kicks following extra time,https://fbref.com/en/matches/b3cb462e/Zulia-Nacional-Potosi-April-16-2019-Copa-Sudamericana,ve,Zulia,bo,Nacional Potosí
Copa Sudamericana,M,,2019,,First stage,,Tue,2019-04-16,21:30,Colón ar,2.0,pe Dep Municipal,0.0,,Estadio Brigadier General Estanislao Lóp...,Luis Quiroz,Leg 2 of 2; Colón won,https://fbref.com/en/matches/2598f2ac/Colon-Deportivo-Municipal-April-16-2019-Copa-Sudamericana,ar,Colón,pe,Dep Municipal
Copa Sudamericana,M,,2019,,First stage,,Tue,2019-04-16,21:30,La Equidad co,0.0,py Independiente,0.0,,Estadio Brigadier General Estanislao Lóp...,Ángel Arteaga,Leg 2 of 2; La Equidad won; La Equidad won on penalty kicks following extra time,https://fbref.com/en/matches/90959c38/La-Equidad-Independiente-FBC-April-16-2019-Copa-Sudamericana,co,La Equidad,py,Independiente
Copa Sudamericana,M,,2019,,First stage,,Wed,2019-04-17,19:30,Independiente ec,2.0,ar CA Unión,2.0,,Estadio General Rumiñahui del Valle de L...,Cristián Garay,Leg 2 of 2; Independiente won; Independiente won on penalty kicks following extra time,https://fbref.com/en/matches/d55638aa/Independiente-CA-Union-April-17-2019-Copa-Sudamericana,ec,Independiente,ar,CA Unión
Copa Sudamericana,M,,2019,,First stage,,Wed,2019-04-17,20:30,Oriente Petrolero bo,1.0,co Rionegro,1.0,,Estadio Ramón Aguilera Costas,Joel Alarcón,Leg 2 of 2; Rionegro won; Rionegro won on penalty kicks following extra time,https://fbref.com/en/matches/009d0431/Oriente-Petrolero-Rionegro-April-17-2019-Copa-Sudamericana,bo,Oriente Petrolero,co,Rionegro
Copa Sudamericana,M,,2019,,First stage,,Thu,2019-04-18,19:30,Sport Huancayo pe,1.0,uy Wanderers,1.0,,Estadio Huancayo,Nicolás Gallo,Leg 2 of 2; Wanderers won,https://fbref.com/en/matches/9a4fc34e/Sport-Huancayo-Montevideo-Wanderers-April-18-2019-Copa-Sudamericana,pe,Sport Huancayo,uy,Wanderers
Copa Sudamericana,M,,2019,,First stage,,Thu,2019-04-18,19:30,Mushuc Runa ec,1.0,cl Unión Española,1.0,,Estadio Bellavista de Ambato,Ivo Mendez,Leg 2 of 2; Unión Española won; Unión Española won on penalty kicks following extra time,https://fbref.com/en/matches/ebd3888e/Mushuc-Runa-Union-Espanola-April-18-2019-Copa-Sudamericana,ec,Mushuc Runa,cl,Unión Española
Copa Sudamericana,M,,2019,,First stage,,Tue,2019-04-30,19:15,Cerro uy,3.0,pe UTC,1.0,,Estadio Monumental Luis Tróccoli,Ángel Arteaga,Leg 2 of 2; Cerro won,https://fbref.com/en/matches/92871e24/Cerro-Universidad-Tecnica-de-Cajamarca-April-30-2019-Copa-Sudamericana,uy,Cerro,pe,UTC
Copa Sudamericana,M,,2019,,First stage,,Tue,2019-04-30,20:30,Colo-Colo cl,0.0,ec Univ Católica,0.0,,Estadio Monumental David Arellano,Rodolpho Toski Marques,Leg 2 of 2; Univ Católica won; Univ Católica won on penalty kicks following extra time,https://fbref.com/en/matches/b9ea9e57/Colo-Colo-Univ-Catolica-April-30-2019-Copa-Sudamericana,cl,Colo-Colo,ec,Univ Católica
Copa Sudamericana,M,,2019,,First stage,,Wed,2019-05-01,18:15,Sol de América py,1.0,ve Mineros,1.0,,Estadio Luís Alfonso Giagni,Ivo Mendez,Leg 2 of 2; Sol de América won; Sol de América won on penalty kicks following extra time,https://fbref.com/en/matches/b8021d19/Club-Sol-de-America-Mineros-May-1-2019-Copa-Sudamericana,py,Sol de América,ve,Mineros
Copa Sudamericana,M,,2019,,First stage,,Wed,2019-05-01,21:30,Binacional pe,1.0,ar Independiente,2.0,,Estadio Monumental Antonio Vespucio Libe...,Cristián Garay,Leg 2 of 2; Independiente won,https://fbref.com/en/matches/d4dc522e/Binacional-Independiente-May-1-2019-Copa-Sudamericana,pe,Binacional,ar,Independiente
Copa Sudamericana,M,,2019,,First stage,,Thu,2019-05-02,20:30,Guaraní py,1.0,co AD Cali,1.0,,Estadio Rogelio Lorenzo Livieres,Facundo Tello,Leg 2 of 2; AD Cali won; AD Cali won on penalty kicks following extra time,https://fbref.com/en/matches/0a7aaf1e/Guarani-AD-Cali-May-2-2019-Copa-Sudamericana,py,Guaraní,co,AD Cali
Copa Sudamericana,M,,2019,,First stage,,Wed,2019-05-08,16:00,Estud Mérida ve,1.0,ar Argentinos Jun,0.0,,Estadio Olímpico Guillermo Soto Rosa,Nicolás Gallo,Leg 2 of 2; Argentinos Jun won,https://fbref.com/en/matches/119ab618/Estudiantes-de-Merida-Argentinos-Jun-May-8-2019-Copa-Sudamericana,ve,Estud Mérida,ar,Argentinos Jun
Copa Sudamericana,M,,2019,,Second stage,,Tue,2019-05-21,17:15,Univ Católica ec,6.0,pe Melgar,0.0,,Estadio Olímpico Atahualpa,Ángel Arteaga,Leg 1 of 2,https://fbref.com/en/matches/ad08f2bd/Univ-Catolica-Melgar-May-21-2019-Copa-Sudamericana,ec,Univ Católica,pe,Melgar
Copa Sudamericana,M,,2019,,Second stage,,Tue,2019-05-21,18:15,Royal Parí bo,1.0,ec Macará,0.0,,Estadio Ramón Aguilera Costas,Michael Espinoza,Leg 1 of 2,https://fbref.com/en/matches/3b97bce6/Royal-Pari-Macara-May-21-2019-Copa-Sudamericana,bo,Royal Parí,ec,Macará
Copa Sudamericana,M,,2019,,Second stage,,Tue,2019-05-21,19:15,River Plate uy,0.0,ar Colón,0.0,,Estadio Luis Franzini,Mario Díaz de Vivar,Leg 1 of 2,https://fbref.com/en/matches/34ab038e/River-Plate-Colon-May-21-2019-Copa-Sudamericana,uy,River Plate,ar,Colón
Copa Sudamericana,M,,2019,,Second stage,,Tue,2019-05-21,19:30,Rionegro co,3.0,ar Independiente,2.0,,Estadio Alberto Grisales,Eber Aguino,Leg 1 of 2,https://fbref.com/en/matches/f72212cc/Rionegro-Independiente-May-21-2019-Copa-Sudamericana,co,Rionegro,ar,Independiente
Copa Sudamericana,M,,2019,,Second stage,,Tue,2019-05-21,20:30,La Calera cl,1.0,br Atlético Mineiro,0.0,,Estadio Municipal Nicolás Chahuán Nazar,Roddy Zambrano,Leg 1 of 2,https://fbref.com/en/matches/9fc5d731/La-Calera-Atletico-Mineiro-May-21-2019-Copa-Sudamericana,cl,La Calera,br,Atlético Mineiro
Copa Sudamericana,M,,2019,,Second stage,,Tue,2019-05-21,20:30,Unión Española cl,0.0,pe Sporting Cristal,3.0,,Estadio Santa Laura-Universidad SEK,Guillermo Guerrero,Leg 1 of 2,https://fbref.com/en/matches/cd3143d1/Union-Espanola-Sporting-Cristal-May-21-2019-Copa-Sudamericana,cl,Unión Española,pe,Sporting Cristal
Copa Sudamericana,M,,2019,,Second stage,,Wed,2019-05-22,16:00,Zulia ve,2.0,cl Palestino,1.0,,Estadio José Encarnación Pachencho Romer...,Gustavo Murillo,Leg 1 of 2,https://fbref.com/en/matches/72a6e2ac/Zulia-Palestino-May-22-2019-Copa-Sudamericana,ve,Zulia,cl,Palestino
Copa Sudamericana,M,,2019,,Second stage,,Wed,2019-05-22,17:15,AD Cali co,1.0,uy Peñarol,1.0,,Estadio Deportivo Cali,Anderson Daronco,Leg 1 of 2,https://fbref.com/en/matches/4e985103/AD-Cali-Penarol-May-22-2019-Copa-Sudamericana,co,AD Cali,uy,Peñarol
Copa Sudamericana,M,,2019,,Second stage,,Wed,2019-05-22,18:15,Sol de América py,0.0,br Botafogo (RJ),1.0,,Estadio Luís Alfonso Giagni,Germán Delfino,Leg 1 of 2,https://fbref.com/en/matches/be6f9e6a/Club-Sol-de-America-Botafogo-RJ-May-22-2019-Copa-Sudamericana,py,Sol de América,br,Botafogo (RJ)
Copa Sudamericana,M,,2019,,Second stage,,Wed,2019-05-22,19:30,La Equidad co,2.0,py Santaní,0.0,,Estadio Nemesio Camacho El Campín,Ivo Mendez,Leg 1 of 2,https://fbref.com/en/matches/c2187748/La-Equidad-Deportivo-Santani-May-22-2019-Copa-Sudamericana,co,La Equidad,py,Santaní
Copa Sudamericana,M,,2019,,Second stage,,Wed,2019-05-22,21:30,Liverpool uy,1.0,ve Caracas,0.0,,Estadio Luis Franzini,Rodolpho Toski Marques,Leg 1 of 2,https://fbref.com/en/matches/3366acf6/Liverpool-Caracas-May-22-2019-Copa-Sudamericana,uy,Liverpool,ve,Caracas
Copa Sudamericana,M,,2019,,Second stage,,Thu,2019-05-23,19:15,Wanderers uy,0.0,uy Cerro,0.0,,Parque Alfredo Víctor Viera,Darío Herrera,Leg 1 of 2,https://fbref.com/en/matches/74830f17/Montevideo-Wanderers-Cerro-May-23-2019-Copa-Sudamericana,uy,Wanderers,uy,Cerro
Copa Sudamericana,M,,2019,,Second stage,,Thu,2019-05-23,19:15,Corinthians br,2.0,ve Deportivo Lara,0.0,,Arena Corinthians,Cristián Garay,Leg 1 of 2,https://fbref.com/en/matches/bf4a4b46/Corinthians-Deportivo-Lara-May-23-2019-Copa-Sudamericana,br,Corinthians,ve,Deportivo Lara
Copa Sudamericana,M,,2019,,Second stage,,Thu,2019-05-23,19:30,Independiente ec,5.0,cl Univ Católica,0.0,,Estadio Olímpico Atahualpa,Andrés Cunha,Leg 1 of 2,https://fbref.com/en/matches/8cb3ee31/Independiente-Univ-Catolica-May-23-2019-Copa-Sudamericana,ec,Independiente,cl,Univ Católica
Copa Sudamericana,M,,2019,,Second stage,,Thu,2019-05-23,21:30,Fluminense br,4.0,co Nacional,1.0,,Estadio Jornalista Mário Filho,Roberto Tobar,Leg 1 of 2,https://fbref.com/en/matches/4236613f/Fluminense-Atletico-Nacional-May-23-2019-Copa-Sudamericana,br,Fluminense,co,Nacional
Copa Sudamericana,M,,2019,,Second stage,,Thu,2019-05-23,21:30,Argentinos Jun ar,1.0,co Tolima,0.0,,Estadio Diego Armando Maradona,Daniel Fedorczuk,Leg 1 of 2,https://fbref.com/en/matches/5f1f1e15/Argentinos-Jun-Tolima-May-23-2019-Copa-Sudamericana,ar,Argentinos Jun,co,Tolima
Copa Sudamericana,M,,2019,,Second stage,,Tue,2019-05-28,16:00,Caracas ve,2.0,uy Liverpool,0.0,,Estadio Olímpico de La Vega,Nicolás Gallo,Leg 2 of 2; Caracas won,https://fbref.com/en/matches/9eae69b4/Caracas-Liverpool-May-28-2019-Copa-Sudamericana,ve,Caracas,uy,Liverpool
Copa Sudamericana,M,,2019,,Second stage,,Tue,2019-05-28,17:15,Melgar pe,0.0,ec Univ Católica,0.0,,Estadio de la Universidad Nacional San A...,Dewson Fernando Freitas da Silva,Leg 2 of 2; Univ Católica won,https://fbref.com/en/matches/0a835014/Melgar-Univ-Catolica-May-28-2019-Copa-Sudamericana,pe,Melgar,ec,Univ Católica
Copa Sudamericana,M,,2019,,Second stage,,Tue,2019-05-28,19:15,Independiente ar,2.0,co Rionegro,0.0,,Estadio Libertadores de América,Mario Díaz de Vivar,Leg 2 of 2; Independiente won,https://fbref.com/en/matches/2df4c074/Independiente-Rionegro-May-28-2019-Copa-Sudamericana,ar,Independiente,co,Rionegro
Copa Sudamericana,M,,2019,,Second stage,,Tue,2019-05-28,19:15,Colón ar,3.0,uy River Plate,1.0,,Estadio Brigadier General Estanislao Lóp...,Ricardo Marques Ribeiro,Leg 2 of 2; Colón won,https://fbref.com/en/matches/84a39428/Colon-River-Plate-May-28-2019-Copa-Sudamericana,ar,Colón,uy,River Plate
Copa Sudamericana,M,,2019,,Second stage,,Tue,2019-05-28,19:30,Sporting Cristal pe,3.0,cl Unión Española,0.0,,Estadio Nacional,Arnaldo Samaniego,Leg 2 of 2; Sporting Cristal won,https://fbref.com/en/matches/f02e9ee0/Sporting-Cristal-Union-Espanola-May-28-2019-Copa-Sudamericana,pe,Sporting Cristal,cl,Unión Española
Copa Sudamericana,M,,2019,,Second stage,,Tue,2019-05-28,21:30,Atlético Mineiro br,1.0,cl La Calera,1.0,,Estádio Governador Magalhães Pinto,Daniel Fedorczuk,Leg 2 of 2; Atlético Mineiro won; Atlético Mineiro won on penalty kicks following extra time,https://fbref.com/en/matches/2b322580/Atletico-Mineiro-La-Calera-May-28-2019-Copa-Sudamericana,br,Atlético Mineiro,cl,La Calera
Copa Sudamericana,M,,2019,,Second stage,,Wed,2019-05-29,18:15,Palestino cl,0.0,ve Zulia,1.0,,Estadio San Carlos de Apoquindo,Roddy Zambrano,Leg 2 of 2; Zulia won,https://fbref.com/en/matches/57674ba3/Palestino-Zulia-May-29-2019-Copa-Sudamericana,cl,Palestino,ve,Zulia
Copa Sudamericana,M,,2019,,Second stage,,Wed,2019-05-29,19:15,Botafogo (RJ) br,4.0,py Sol de América,0.0,,Estádio Nilton Santos,Esteban Ostojich,Leg 2 of 2; Botafogo (RJ) won,https://fbref.com/en/matches/4e1c1734/Botafogo-RJ-Club-Sol-de-America-May-29-2019-Copa-Sudamericana,br,Botafogo (RJ),py,Sol de América
Copa Sudamericana,M,,2019,,Second stage,,Wed,2019-05-29,19:15,Peñarol uy,2.0,co AD Cali,0.0,,Estadio Campeón del Siglo,Néstor Pitana,Leg 2 of 2; Peñarol won,https://fbref.com/en/matches/663d538f/Penarol-AD-Cali-May-29-2019-Copa-Sudamericana,uy,Peñarol,co,AD Cali
Copa Sudamericana,M,,2019,,Second stage,,Wed,2019-05-29,19:30,Macará ec,3.0,bo Royal Parí,2.0,,Estadio Bellavista de Ambato,José Argote,Leg 2 of 2; Royal Parí won,https://fbref.com/en/matches/0cd0cdfa/Macara-Royal-Pari-May-29-2019-Copa-Sudamericana,ec,Macará,bo,Royal Parí
Copa Sudamericana,M,,2019,,Second stage,,Wed,2019-05-29,19:30,Nacional co,1.0,br Fluminense,0.0,,Estadio Atanasio Girardot,Patricio Loustau,Leg 2 of 2; Fluminense won,https://fbref.com/en/matches/f15bc83f/Atletico-Nacional-Fluminense-May-29-2019-Copa-Sudamericana,co,Nacional,br,Fluminense
Copa Sudamericana,M,,2019,,Second stage,,Wed,2019-05-29,20:30,Santaní py,1.0,co La Equidad,2.0,,Estadio Defensores del Chaco,Ángel Arteaga,Leg 2 of 2; La Equidad won,https://fbref.com/en/matches/629d0f20/Deportivo-Santani-La-Equidad-May-29-2019-Copa-Sudamericana,py,Santaní,co,La Equidad
Copa Sudamericana,M,,2019,,Second stage,,Thu,2019-05-30,16:00,Deportivo Lara ve,0.0,br Corinthians,2.0,,Estadio Metropolitano de Fútbol de Lara,Wilmar Roldán,Leg 2 of 2; Corinthians won,https://fbref.com/en/matches/d869e66f/Deportivo-Lara-Corinthians-May-30-2019-Copa-Sudamericana,ve,Deportivo Lara,br,Corinthians
Copa Sudamericana,M,,2019,,Second stage,,Thu,2019-05-30,17:15,Tolima co,0.0,ar Argentinos Jun,0.0,,Estadio Manuel Murillo Toro,Anderson Daronco,Leg 2 of 2; Argentinos Jun won,https://fbref.com/en/matches/8ec4d9e2/Tolima-Argentinos-Jun-May-30-2019-Copa-Sudamericana,co,Tolima,ar,Argentinos Jun
Copa Sudamericana,M,,2019,,Second stage,,Thu,2019-05-30,19:15,Cerro uy,0.0,uy Wanderers,1.0,,Estadio Monumental Luis Tróccoli,Facundo Tello,Leg 2 of 2; Wanderers won,https://fbref.com/en/matches/ee8dfad6/Cerro-Montevideo-Wanderers-May-30-2019-Copa-Sudamericana,uy,Cerro,uy,Wanderers
Copa Sudamericana,M,,2019,,Second stage,,Thu,2019-05-30,20:30,Univ Católica cl,3.0,ec Independiente,2.0,,Estadio San Carlos de Apoquindo,Carlos Mario Herrera,Leg 2 of 2; Independiente won,https://fbref.com/en/matches/d189d5cc/Univ-Catolica-Independiente-May-30-2019-Copa-Sudamericana,cl,Univ Católica,ec,Independiente
Copa Sudamericana,M,,2019,,Round of 16,,Tue,2019-07-09,20:30,Royal Parí bo,1.0,co La Equidad,2.0,,Estadio Ramón Aguilera Costas,Arnaldo Samaniego,Leg 1 of 2,https://fbref.com/en/matches/e6197297/Royal-Pari-La-Equidad-July-9-2019-Copa-Sudamericana,bo,Royal Parí,co,La Equidad
Copa Sudamericana,M,,2019,,Round of 16,,Wed,2019-07-10,16:00,Caracas ve,0.0,ec Independiente,0.0,,Estadio Olímpico,Ivo Mendez,Leg 1 of 2,https://fbref.com/en/matches/ea80356f/Caracas-Independiente-July-10-2019-Copa-Sudamericana,ve,Caracas,ec,Independiente
Copa Sudamericana,M,,2019,,Round of 16,,Thu,2019-07-11,21:30,Colón ar,0.0,ar Argentinos Jun,1.0,,Estadio Brigadier General Estanislao Lóp...,Esteban Ostojich,Leg 1 of 2,https://fbref.com/en/matches/4ec3a39d/Colon-Argentinos-Jun-July-11-2019-Copa-Sudamericana,ar,Colón,ar,Argentinos Jun
Copa Sudamericana,M,,2019,,Round of 16,,Tue,2019-07-16,19:30,La Equidad co,2.0,bo Royal Parí,1.0,,Estadio Nemesio Camacho El Campín,Alexis Herrera,Leg 2 of 2; La Equidad won,https://fbref.com/en/matches/c8aa73a0/La-Equidad-Royal-Pari-July-16-2019-Copa-Sudamericana,co,La Equidad,bo,Royal Parí
Copa Sudamericana,M,,2019,,Round of 16,,Wed,2019-07-17,19:30,Independiente ec,2.0,ve Caracas,0.0,,Estadio Olímpico Atahualpa,Leodán González,Leg 2 of 2; Independiente won,https://fbref.com/en/matches/757be885/Independiente-Caracas-July-17-2019-Copa-Sudamericana,ec,Independiente,ve,Caracas
Copa Sudamericana,M,,2019,,Round of 16,,Thu,2019-07-18,21:30,Argentinos Jun ar,0.0,ar Colón,0.0,,Estadio Diego Armando Maradona,Anderson Daronco,Leg 2 of 2; Argentinos Jun won,https://fbref.com/en/matches/f754f83f/Argentinos-Jun-Colon-July-18-2019-Copa-Sudamericana,ar,Argentinos Jun,ar,Colón
Copa Sudamericana,M,,2019,,Round of 16,,Tue,2019-07-23,16:00,Zulia ve,1.0,pe Sporting Cristal,0.0,,Estadio José Encarnación Pachencho Romer...,Eber Aguino,Leg 1 of 2,https://fbref.com/en/matches/a40247f0/Zulia-Sporting-Cristal-July-23-2019-Copa-Sudamericana,ve,Zulia,pe,Sporting Cristal
Copa Sudamericana,M,,2019,,Round of 16,,Tue,2019-07-23,21:30,Peñarol uy,1.0,br Fluminense,2.0,,Estadio Campeón del Siglo,Arnaldo Samaniego,Leg 1 of 2,https://fbref.com/en/matches/6b1312a3/Penarol-Fluminense-July-23-2019-Copa-Sudamericana,uy,Peñarol,br,Fluminense
Copa Sudamericana,M,,2019,,Round of 16,,Wed,2019-07-24,21:30,Botafogo (RJ) br,0.0,br Atlético Mineiro,1.0,,Estádio Nilton Santos,Raphael Claus,Leg 1 of 2,https://fbref.com/en/matches/d1089647/Botafogo-RJ-Atletico-Mineiro-July-24-2019-Copa-Sudamericana,br,Botafogo (RJ),br,Atlético Mineiro
Copa Sudamericana,M,,2019,,Round of 16,,Thu,2019-07-25,21:30,Corinthians br,2.0,uy Wanderers,0.0,,Arena Corinthians,José Argote,Leg 1 of 2,https://fbref.com/en/matches/94e7697c/Corinthians-Montevideo-Wanderers-July-25-2019-Copa-Sudamericana,br,Corinthians,uy,Wanderers
Copa Sudamericana,M,,2019,,Round of 16,,Thu,2019-07-25,21:30,Independiente ar,1.0,ec Univ Católica,0.0,,Estadio Libertadores de América,Jesús Valenzuela,Leg 1 of 2,https://fbref.com/en/matches/ccd13d36/Independiente-Univ-Catolica-July-25-2019-Copa-Sudamericana,ar,Independiente,ec,Univ Católica
Copa Sudamericana,M,,2019,,Round of 16,,Tue,2019-07-30,17:15,Sporting Cristal pe,3.0,ve Zulia,2.0,,Estadio Alejandro Villanueva,Anderson Daronco,Leg 2 of 2; Zulia won,https://fbref.com/en/matches/162719c4/Sporting-Cristal-Zulia-July-30-2019-Copa-Sudamericana,pe,Sporting Cristal,ve,Zulia
Copa Sudamericana,M,,2019,,Round of 16,,Tue,2019-07-30,21:30,Fluminense br,3.0,uy Peñarol,1.0,,Estadio Jornalista Mário Filho,Patricio Loustau,Leg 2 of 2; Fluminense won,https://fbref.com/en/matches/bcf358b6/Fluminense-Penarol-July-30-2019-Copa-Sudamericana,br,Fluminense,uy,Peñarol
Copa Sudamericana,M,,2019,,Round of 16,,Wed,2019-07-31,21:30,Atlético Mineiro br,2.0,br Botafogo (RJ),0.0,,Estádio Raimundo Sampaio,Wilton Sampaio,Leg 2 of 2; Atlético Mineiro won,https://fbref.com/en/matches/bfab33cb/Atletico-Mineiro-Botafogo-RJ-July-31-2019-Copa-Sudamericana,br,Atlético Mineiro,br,Botafogo (RJ)
Copa Sudamericana,M,,2019,,Round of 16,,Thu,2019-08-01,19:30,Univ Católica ec,3.0,ar Independiente,2.0,,Estadio Olímpico Atahualpa,Piero Maza,Leg 2 of 2; Independiente won,https://fbref.com/en/matches/5b2045a3/Univ-Catolica-Independiente-August-1-2019-Copa-Sudamericana,ec,Univ Católica,ar,Independiente
Copa Sudamericana,M,,2019,,Round of 16,,Thu,2019-08-01,21:30,Wanderers uy,1.0,br Corinthians,2.0,,Estadio Centenario,Eber Aguino,Leg 2 of 2; Corinthians won,https://fbref.com/en/matches/f55a2c82/Montevideo-Wanderers-Corinthians-August-1-2019-Copa-Sudamericana,uy,Wanderers,br,Corinthians
Copa Sudamericana,M,,2019,,Quarter-finals,,Tue,2019-08-06,21:30,Independiente ar,2.0,ec Independiente,1.0,,Estadio Libertadores de América,Diego Haro,Leg 1 of 2,https://fbref.com/en/matches/22ec00d5/Independiente-Independiente-August-6-2019-Copa-Sudamericana,ar,Independiente,ec,Independiente
Copa Sudamericana,M,,2019,,Quarter-finals,,Thu,2019-08-08,16:00,Zulia ve,1.0,ar Colón,0.0,,Estadio José Encarnación Pachencho Romer...,Andrés Cunha,Leg 1 of 2,https://fbref.com/en/matches/a5b6759d/Zulia-Colon-August-8-2019-Copa-Sudamericana,ve,Zulia,ar,Colón
Copa Sudamericana,M,,2019,,Quarter-finals,,Tue,2019-08-13,19:30,Independiente ec,1.0,ar Independiente,0.0,,Estadio Olímpico Atahualpa,Roberto Tobar,Leg 2 of 2; Independiente won,https://fbref.com/en/matches/4c3c8226/Independiente-Independiente-August-13-2019-Copa-Sudamericana,ec,Independiente,ar,Independiente
Copa Sudamericana,M,,2019,,Quarter-finals,,Thu,2019-08-15,21:30,Colón ar,4.0,ve Zulia,0.0,,Estadio Brigadier General Estanislao Lóp...,Eber Aguino,Leg 2 of 2; Colón won,https://fbref.com/en/matches/68941440/Colon-Zulia-August-15-2019-Copa-Sudamericana,ar,Colón,ve,Zulia
Copa Sudamericana,M,,2019,,Quarter-finals,,Tue,2019-08-20,21:30,Atlético Mineiro br,2.0,co La Equidad,1.0,,Estádio Raimundo Sampaio,Mario Díaz de Vivar,Leg 1 of 2,https://fbref.com/en/matches/aee7e483/Atletico-Mineiro-La-Equidad-August-20-2019-Copa-Sudamericana,br,Atlético Mineiro,co,La Equidad
Copa Sudamericana,M,,2019,,Quarter-finals,,Thu,2019-08-22,21:30,Corinthians br,0.0,br Fluminense,0.0,,Arena Corinthians,Andrés Rojas,Leg 1 of 2,https://fbref.com/en/matches/bde35b63/Corinthians-Fluminense-August-22-2019-Copa-Sudamericana,br,Corinthians,br,Fluminense
Copa Sudamericana,M,,2019,,Quarter-finals,,Tue,2019-08-27,19:30,La Equidad co,1.0,br Atlético Mineiro,3.0,,Estadio Nemesio Camacho El Campín,Esteban Ostojich,Leg 2 of 2; Atlético Mineiro won,https://fbref.com/en/matches/1ff6f527/La-Equidad-Atletico-Mineiro-August-27-2019-Copa-Sudamericana,co,La Equidad,br,Atlético Mineiro
Copa Sudamericana,M,,2019,,Quarter-finals,,Thu,2019-08-29,21:30,Fluminense br,1.0,br Corinthians,1.0,,Estadio Jornalista Mário Filho,Diego Haro,Leg 2 of 2; Corinthians won,https://fbref.com/en/matches/fb41c59c/Fluminense-Corinthians-August-29-2019-Copa-Sudamericana,br,Fluminense,br,Corinthians
Copa Sudamericana,M,,2019,,Semi-finals,,Wed,2019-09-18,21:30,Corinthians br,0.0,ec Independiente,2.0,,Arena Corinthians,Leodán González,Leg 1 of 2,https://fbref.com/en/matches/27c9e865/Corinthians-Independiente-September-18-2019-Copa-Sudamericana,br,Corinthians,ec,Independiente
Copa Sudamericana,M,,2019,,Semi-finals,,Thu,2019-09-19,21:30,Colón ar,2.0,br Atlético Mineiro,1.0,,Estadio Brigadier General Estanislao Lóp...,Alexis Herrera,Leg 1 of 2,https://fbref.com/en/matches/2056c913/Colon-Atletico-Mineiro-September-19-2019-Copa-Sudamericana,ar,Colón,br,Atlético Mineiro
Copa Sudamericana,M,,2019,,Semi-finals,,Wed,2019-09-25,19:30,Independiente ec,2.0,br Corinthians,2.0,,Estadio Olímpico Atahualpa,Piero Maza,Leg 2 of 2; Independiente won,https://fbref.com/en/matches/2d8bfcdb/Independiente-Corinthians-September-25-2019-Copa-Sudamericana,ec,Independiente,br,Corinthians
Copa Sudamericana,M,,2019,,Semi-finals,,Thu,2019-09-26,21:30,Atlético Mineiro br,2.0,ar Colón,2.0,,Estádio Raimundo Sampaio,Andrés Rojas,Leg 2 of 2; Colón won; Colón won on penalty kicks following extra time,https://fbref.com/en/matches/effcd6e3/Atletico-Mineiro-Colon-September-26-2019-Copa-Sudamericana,br,Atlético Mineiro,ar,Colón
Copa Sudamericana,M,,2019,,Finals,,Sat,2019-11-09,17:30,Independiente ec,3.0,ar Colón,1.0,,Estadio General Pablo Rojas,Raphael Claus,,https://fbref.com/en/matches/35087193/Independiente-Colon-November-9-2019-Copa-Sudamericana,ec,Independiente,ar,Colón
Copa Sudamericana,M,,2020,,First stage,,Tue,2020-02-04,18:15,Nacional Potosí bo,0.0,pe Melgar,2.0,,Estadio Victor Agustín Ugarte,Gustavo Tejera,Leg 1 of 2,https://fbref.com/en/matches/adc53b03/Nacional-Potosi-Melgar-February-4-2020-Copa-Sudamericana,bo,Nacional Potosí,pe,Melgar
Copa Sudamericana,M,,2020,,First stage,,Tue,2020-02-04,19:15,Coquimbo Unido cl,3.0,ve Aragua,0.0,,Estadio Bicentenario Francisco Sánchez R...,José Méndez,Leg 1 of 2,https://fbref.com/en/matches/e2b6149e/Coquimbo-Unido-Aragua-February-4-2020-Copa-Sudamericana,cl,Coquimbo Unido,ve,Aragua
Copa Sudamericana,M,,2020,,First stage,,Tue,2020-02-04,21:30,Vélez Sarsf ar,1.0,ec SD Aucas,0.0,,Estadio José Amalfitani,Gery Vargas,Leg 1 of 2,https://fbref.com/en/matches/42e206f6/Velez-Sarsf-SD-Aucas-February-4-2020-Copa-Sudamericana,ar,Vélez Sarsf,ec,SD Aucas
Copa Sudamericana,M,,2020,,First stage,,Tue,2020-02-04,21:30,Fluminense br,1.0,cl La Calera,1.0,,Estadio Jornalista Mário Filho,Carlos Mario Herrera,Leg 1 of 2,https://fbref.com/en/matches/da909c4f/Fluminense-La-Calera-February-4-2020-Copa-Sudamericana,br,Fluminense,cl,La Calera
Copa Sudamericana,M,,2020,,First stage,,Wed,2020-02-05,18:15,Mineros ve,2.0,py Sport Luqueño,3.0,,Centro Total de Entretenimiento Cachamay,Flavio Rodrigues De Souza,Leg 1 of 2,https://fbref.com/en/matches/8cd883d6/Mineros-Sportivo-Luqueno-February-5-2020-Copa-Sudamericana,ve,Mineros,py,Sport Luqueño
Copa Sudamericana,M,,2020,,First stage,,Wed,2020-02-05,19:15,Fénix uy,1.0,ec El Nacional,0.0,,Parque Alfredo Víctor Viera,Bruno Arleu de Araujo,Leg 1 of 2,https://fbref.com/en/matches/a512796f/Fenix-El-Nacional-February-5-2020-Copa-Sudamericana,uy,Fénix,ec,El Nacional
Copa Sudamericana,M,,2020,,First stage,,Wed,2020-02-05,19:30,Nacional co,3.0,ar CA Huracán,0.0,,Estadio Atanasio Girardot,Anderson Daronco,Leg 1 of 2,https://fbref.com/en/matches/0bd70f8b/Atletico-Nacional-CA-Huracan-February-5-2020-Copa-Sudamericana,co,Nacional,ar,CA Huracán
Copa Sudamericana,M,,2020,,First stage,,Wed,2020-02-05,21:30,Vasco da Gama br,1.0,bo Oriente Petrolero,0.0,,Estádio Club de Regatas Vasco da Gama,Augusto Aragón,Leg 1 of 2,https://fbref.com/en/matches/334e596b/Vasco-da-Gama-Oriente-Petrolero-February-5-2020-Copa-Sudamericana,br,Vasco da Gama,bo,Oriente Petrolero
Copa Sudamericana,M,,2020,,First stage,,Thu,2020-02-06,18:15,Blooming bo,0.0,ec CS Emelec,3.0,,Estadio Ramón Aguilera Costas,Darío Herrera,Leg 1 of 2,https://fbref.com/en/matches/9b22b62b/Blooming-CS-Emelec-February-6-2020-Copa-Sudamericana,bo,Blooming,ec,CS Emelec
Copa Sudamericana,M,,2020,,First stage,,Thu,2020-02-06,19:30,Millonarios co,2.0,bo Always Ready,0.0,,Estadio Nemesio Camacho El Campín,Angelo Hermosilla,Leg 1 of 2,https://fbref.com/en/matches/a962242e/Millonarios-Always-Ready-February-6-2020-Copa-Sudamericana,co,Millonarios,bo,Always Ready
Copa Sudamericana,M,,2020,,First stage,,Thu,2020-02-06,21:30,CA Unión ar,3.0,br Atlético Mineiro,0.0,,Estadio 15 de Abril,Jesús Valenzuela,Leg 1 of 2,https://fbref.com/en/matches/35884223/CA-Union-Atletico-Mineiro-February-6-2020-Copa-Sudamericana,ar,CA Unión,br,Atlético Mineiro
Copa Sudamericana,M,,2020,,First stage,,Tue,2020-02-11,17:15,Atlético Grau pe,1.0,uy River Plate,2.0,,Estadio Miguel Grau,Piero Maza,Leg 1 of 2,https://fbref.com/en/matches/04f0b449/Atletico-Grau-River-Plate-February-11-2020-Copa-Sudamericana,pe,Atlético Grau,uy,River Plate
Copa Sudamericana,M,,2020,,First stage,,Tue,2020-02-11,19:15,Argentinos Jun ar,1.0,pe Sport Huancayo,1.0,,Estadio Diego Armando Maradona,Ángel Arteaga,Leg 1 of 2,https://fbref.com/en/matches/9e370e3f/Argentinos-Jun-Sport-Huancayo-February-11-2020-Copa-Sudamericana,ar,Argentinos Jun,pe,Sport Huancayo
Copa Sudamericana,M,,2020,,First stage,,Tue,2020-02-11,19:30,AD Cali co,2.0,py River Plate,1.0,,Estadio Deportivo Cali,Diego Haro,Leg 1 of 2,https://fbref.com/en/matches/b7f3297d/AD-Cali-River-Plate-Asuncion-February-11-2020-Copa-Sudamericana,co,AD Cali,py,River Plate
Copa Sudamericana,M,,2020,,First stage,,Tue,2020-02-11,21:30,Sol de América py,1.0,br Goiás,0.0,,Estadio Luís Alfonso Giagni,Kevin Ortega,Leg 1 of 2,https://fbref.com/en/matches/71e626dd/Club-Sol-de-America-Goias-February-11-2020-Copa-Sudamericana,py,Sol de América,br,Goiás
Copa Sudamericana,M,,2020,,First stage,,Wed,2020-02-12,19:15,Lanús ar,3.0,ec Univ Católica,0.0,,Estadio Ciudad de Lanús,Eber Aguino,Leg 1 of 2,https://fbref.com/en/matches/737e6c7d/Lanus-Univ-Catolica-February-12-2020-Copa-Sudamericana,ar,Lanús,ec,Univ Católica
Copa Sudamericana,M,,2020,,First stage,,Wed,2020-02-12,19:15,Huachipato cl,1.0,co Pasto,0.0,,Estadio CAP,Franklin Congo,Leg 1 of 2,https://fbref.com/en/matches/9e4a6086/Huachipato-Pasto-February-12-2020-Copa-Sudamericana,cl,Huachipato,co,Pasto
Copa Sudamericana,M,,2020,,First stage,,Wed,2020-02-12,20:30,Llaneros ve,0.0,uy Liverpool,2.0,,Estadio Rafael Agustín Tovar,Ivo Méndez,Leg 1 of 2,https://fbref.com/en/matches/93197acd/Llaneros-Liverpool-February-12-2020-Copa-Sudamericana,ve,Llaneros,uy,Liverpool
Copa Sudamericana,M,,2020,,First stage,,Wed,2020-02-12,21:30,Bahia br,3.0,py Nacional,0.0,,Itaipava Arena Fonte Nova,Roberto Tobar,Leg 1 of 2,https://fbref.com/en/matches/f4eae86a/Bahia-Nacional-Asuncion-February-12-2020-Copa-Sudamericana,br,Bahia,py,Nacional
Copa Sudamericana,M,,2020,,First stage,,Thu,2020-02-13,18:15,Zamora ve,1.0,uy Plaza Colonia,0.0,,Estadio Rafael Agustín Tovar,Rodolpho Toski Marques,Leg 1 of 2,https://fbref.com/en/matches/784350a9/Zamora-Plaza-Colonia-February-13-2020-Copa-Sudamericana,ve,Zamora,uy,Plaza Colonia
Copa Sudamericana,M,,2020,,First stage,,Thu,2020-02-13,19:30,Cusco pe,2.0,cl Audax Italiano,0.0,,Estadio Inca Garcilaso de la Vega,Luis Quiroz,Leg 1 of 2,https://fbref.com/en/matches/1fad385b/Cusco-Audax-Italiano-February-13-2020-Copa-Sudamericana,pe,Cusco,cl,Audax Italiano
Copa Sudamericana,M,,2020,,First stage,,Thu,2020-02-13,21:30,Independiente ar,1.0,br Fortaleza,0.0,,Estadio Libertadores de América,Wilmar Roldán,Leg 1 of 2,https://fbref.com/en/matches/c6a2d1d4/Independiente-Fortaleza-February-13-2020-Copa-Sudamericana,ar,Independiente,br,Fortaleza
Copa Sudamericana,M,,2020,,First stage,,Tue,2020-02-18,18:15,Aragua ve,1.0,cl Coquimbo Unido,0.0,,Estadio Olímpico Hermanos Ghersi Páez,Ivo Méndez,Leg 2 of 2; Coquimbo Unido won,https://fbref.com/en/matches/f44902bd/Aragua-Coquimbo-Unido-February-18-2020-Copa-Sudamericana,ve,Aragua,cl,Coquimbo Unido
Copa Sudamericana,M,,2020,,First stage,,Tue,2020-02-18,19:15,La Calera cl,0.0,br Fluminense,0.0,,Estadio Municipal Nicolás Chahuán Nazar,José Méndez,Leg 2 of 2; La Calera won,https://fbref.com/en/matches/bee0d158/La-Calera-Fluminense-February-18-2020-Copa-Sudamericana,cl,La Calera,br,Fluminense
Copa Sudamericana,M,,2020,,First stage,,Tue,2020-02-18,19:30,SD Aucas ec,2.0,ar Vélez Sarsf,1.0,,Estadio Gonzalo Pozo Ripalda,Rodolpho Toski Marques,Leg 2 of 2; Vélez Sarsf won,https://fbref.com/en/matches/59837330/SD-Aucas-Velez-Sarsf-February-18-2020-Copa-Sudamericana,ec,SD Aucas,ar,Vélez Sarsf
Copa Sudamericana,M,,2020,,First stage,,Tue,2020-02-18,19:30,Melgar pe,0.0,bo Nacional Potosí,0.0,,Estadio de la Universidad Nacional San A...,Luis Quiroz,Leg 2 of 2; Melgar won; Melgar won on penalty kicks following extra time,https://fbref.com/en/matches/cba20bdc/Melgar-Nacional-Potosi-February-18-2020-Copa-Sudamericana,pe,Melgar,bo,Nacional Potosí
Copa Sudamericana,M,,2020,,First stage,,Wed,2020-02-19,19:15,CA Huracán ar,1.0,co Nacional,1.0,,Estadio Tomás Adolfo Ducó,Julio Bascuñán,Leg 2 of 2; Nacional won,https://fbref.com/en/matches/794e693b/CA-Huracan-Atletico-Nacional-February-19-2020-Copa-Sudamericana,ar,CA Huracán,co,Nacional
Copa Sudamericana,M,,2020,,First stage,,Wed,2020-02-19,19:15,Sport Luqueño py,2.0,ve Mineros,2.0,,Estadio Luís Alfonso Giagni,Michael Espinoza,Leg 2 of 2; Sport Luqueño won,https://fbref.com/en/matches/8be40312/Sportivo-Luqueno-Mineros-February-19-2020-Copa-Sudamericana,py,Sport Luqueño,ve,Mineros
Copa Sudamericana,M,,2020,,First stage,,Wed,2020-02-19,20:30,Oriente Petrolero bo,0.0,br Vasco da Gama,0.0,,Estadio Ramón Aguilera Costas,José Argote,Leg 2 of 2; Vasco da Gama won,https://fbref.com/en/matches/04ec84f2/Oriente-Petrolero-Vasco-da-Gama-February-19-2020-Copa-Sudamericana,bo,Oriente Petrolero,br,Vasco da Gama
Copa Sudamericana,M,,2020,,First stage,,Thu,2020-02-20,17:15,CS Emelec ec,2.0,bo Blooming,0.0,,Estadio Banco del Pacífico,John J. Ospina,Leg 2 of 2; CS Emelec won,https://fbref.com/en/matches/548a7302/CS-Emelec-Blooming-February-20-2020-Copa-Sudamericana,ec,CS Emelec,bo,Blooming
Copa Sudamericana,M,,2020,,First stage,,Thu,2020-02-20,18:15,Always Ready bo,1.0,co Millonarios,0.0,,Estadio Municipal El Alto,Franklin Congo,Leg 2 of 2; Millonarios won,https://fbref.com/en/matches/2e40571c/Always-Ready-Millonarios-February-20-2020-Copa-Sudamericana,bo,Always Ready,co,Millonarios
Copa Sudamericana,M,,2020,,First stage,,Thu,2020-02-20,19:30,El Nacional ec,2.0,uy Fénix,2.0,,Estadio Olímpico Atahualpa,Nicolás Lamolina,Leg 2 of 2; Fénix won,https://fbref.com/en/matches/afcf67bd/El-Nacional-Fenix-February-20-2020-Copa-Sudamericana,ec,El Nacional,uy,Fénix
Copa Sudamericana,M,,2020,,First stage,,Thu,2020-02-20,21:30,Atlético Mineiro br,2.0,ar CA Unión,0.0,,Estádio Governador Magalhães Pinto,Nicolás Gallo,Leg 2 of 2; CA Unión won,https://fbref.com/en/matches/976151a7/Atletico-Mineiro-CA-Union-February-20-2020-Copa-Sudamericana,br,Atlético Mineiro,ar,CA Unión
Copa Sudamericana,M,,2020,,First stage,,Tue,2020-02-25,19:15,River Plate uy,1.0,pe Atlético Grau,0.0,,Parque Alfredo Víctor Viera,José Méndez,Leg 2 of 2; River Plate won,https://fbref.com/en/matches/64383f48/River-Plate-Atletico-Grau-February-25-2020-Copa-Sudamericana,uy,River Plate,pe,Atlético Grau
Copa Sudamericana,M,,2020,,First stage,,Tue,2020-02-25,19:30,Sport Huancayo pe,0.0,ar Argentinos Jun,0.0,,Estadio Huancayo,Daniel Fedorczuk,Leg 2 of 2; Sport Huancayo won,https://fbref.com/en/matches/09d6211d/Sport-Huancayo-Argentinos-Jun-February-25-2020-Copa-Sudamericana,pe,Sport Huancayo,ar,Argentinos Jun
Copa Sudamericana,M,,2020,,First stage,,Tue,2020-02-25,21:30,Goiás br,0.0,py Sol de América,1.0,,Estádio do Governo do Estado de Goiás,Andrés Cunha,Leg 2 of 2; Sol de América won,https://fbref.com/en/matches/34b3c69a/Goias-Club-Sol-de-America-February-25-2020-Copa-Sudamericana,br,Goiás,py,Sol de América
Copa Sudamericana,M,,2020,,First stage,,Tue,2020-02-25,21:30,River Plate py,1.0,co AD Cali,3.0,,Estadio Luís Alfonso Giagni,Raphael Claus,Leg 2 of 2; AD Cali won,https://fbref.com/en/matches/91e022ff/River-Plate-Asuncion-AD-Cali-February-25-2020-Copa-Sudamericana,py,River Plate,co,AD Cali
Copa Sudamericana,M,,2020,,First stage,,Wed,2020-02-26,19:15,Nacional py,1.0,br Bahia,3.0,,Estadio Luís Alfonso Giagni,Patricio Loustau,Leg 2 of 2; Bahia won,https://fbref.com/en/matches/1bc72aba/Nacional-Asuncion-Bahia-February-26-2020-Copa-Sudamericana,py,Nacional,br,Bahia
Copa Sudamericana,M,,2020,,First stage,,Wed,2020-02-26,19:15,Liverpool uy,5.0,ve Llaneros,0.0,,Estadio Luis Franzini,Kevin Ortega,Leg 2 of 2; Liverpool won,https://fbref.com/en/matches/cf3dac74/Liverpool-Llaneros-February-26-2020-Copa-Sudamericana,uy,Liverpool,ve,Llaneros
Copa Sudamericana,M,,2020,,First stage,,Wed,2020-02-26,19:30,Pasto co,0.0,cl Huachipato,1.0,,Estadio Departamental Libertad,Wilton Sampaio,Leg 2 of 2; Huachipato won,https://fbref.com/en/matches/72862aef/Pasto-Huachipato-February-26-2020-Copa-Sudamericana,co,Pasto,cl,Huachipato
Copa Sudamericana,M,,2020,,First stage,,Wed,2020-02-26,19:30,Univ Católica ec,2.0,ar Lanús,0.0,,Estadio Gonzalo Pozo Ripalda,Gery Vargas,Leg 2 of 2; Lanús won,https://fbref.com/en/matches/9fb4efd9/Univ-Catolica-Lanus-February-26-2020-Copa-Sudamericana,ec,Univ Católica,ar,Lanús
Copa Sudamericana,M,,2020,,First stage,,Thu,2020-02-27,19:15,Plaza Colonia uy,3.0,ve Zamora,0.0,,Estadio Profesor Alberto Suppici,Juan Benítez,Leg 2 of 2; Plaza Colonia won,https://fbref.com/en/matches/3972a5b6/Plaza-Colonia-Zamora-February-27-2020-Copa-Sudamericana,uy,Plaza Colonia,ve,Zamora
Copa Sudamericana,M,,2020,,First stage,,Thu,2020-02-27,21:30,Fortaleza br,2.0,ar Independiente,1.0,,Estádio Castelão,Roberto Tobar,Leg 2 of 2; Independiente won,https://fbref.com/en/matches/00915b0a/Fortaleza-Independiente-February-27-2020-Copa-Sudamericana,br,Fortaleza,ar,Independiente
Copa Sudamericana,M,,2020,,First stage,,Thu,2020-02-27,21:30,Audax Italiano cl,3.0,pe Cusco,0.0,,Estadio San Carlos de Apoquindo,Augusto Aragón,Leg 2 of 2; Audax Italiano won,https://fbref.com/en/matches/8423653f/Audax-Italiano-Cusco-February-27-2020-Copa-Sudamericana,cl,Audax Italiano,pe,Cusco
Copa Sudamericana,M,,2020,,Second stage,,Tue,2020-10-27,17:15,Sport Huancayo pe,1.0,uy Liverpool,1.0,,Estadio Nacional,Marlon Vera,Leg 1 of 2,https://fbref.com/en/matches/6cc4735c/Sport-Huancayo-Liverpool-October-27-2020-Copa-Sudamericana,pe,Sport Huancayo,uy,Liverpool
Copa Sudamericana,M,,2020,,Second stage,,Tue,2020-10-27,19:15,Audax Italiano cl,2.0,bo Bolívar,1.0,,Estadio San Carlos de Apoquindo,Fernando Espinoza,Leg 1 of 2,https://fbref.com/en/matches/4ce86c5b/Audax-Italiano-Bolivar-October-27-2020-Copa-Sudamericana,cl,Audax Italiano,bo,Bolívar
Copa Sudamericana,M,,2020,,Second stage,,Tue,2020-10-27,21:30,La Calera cl,0.0,co Tolima,0.0,,Estadio Municipal Nicolás Chahuán Nazar,Fernando Echenique,Leg 1 of 2,https://fbref.com/en/matches/0e25825a/La-Calera-Tolima-October-27-2020-Copa-Sudamericana,cl,La Calera,co,Tolima
Copa Sudamericana,M,,2020,,Second stage,,Wed,2020-10-28,17:15,Nacional co,1.0,uy River Plate,1.0,,Estadio Atanasio Girardot,Ángel Arteaga,Leg 1 of 2,https://fbref.com/en/matches/11940f56/Atletico-Nacional-River-Plate-October-28-2020-Copa-Sudamericana,co,Nacional,uy,River Plate
Copa Sudamericana,M,,2020,,Second stage,,Wed,2020-10-28,19:15,Fénix uy,3.0,cl Huachipato,1.0,,Parque Alfredo Víctor Viera,Arnaldo Samaniego,Leg 1 of 2,https://fbref.com/en/matches/52f52aef/Fenix-Huachipato-October-28-2020-Copa-Sudamericana,uy,Fénix,cl,Huachipato
Copa Sudamericana,M,,2020,,Second stage,,Wed,2020-10-28,19:15,Lanús ar,3.0,br São Paulo,2.0,,Estadio Ciudad de Lanús,Christian Ferreyra,Leg 1 of 2,https://fbref.com/en/matches/5f3d1415/Lanus-Sao-Paulo-October-28-2020-Copa-Sudamericana,ar,Lanús,br,São Paulo
Copa Sudamericana,M,,2020,,Second stage,,Wed,2020-10-28,19:15,Sport Luqueño py,1.0,ar Defensa y Just,2.0,,Estadio Luís Alfonso Giagni,Andrés Matonte,Leg 1 of 2,https://fbref.com/en/matches/d863766f/Sportivo-Luqueno-Defensa-y-Just-October-28-2020-Copa-Sudamericana,py,Sport Luqueño,ar,Defensa y Just
Copa Sudamericana,M,,2020,,Second stage,,Wed,2020-10-28,19:30,Millonarios co,1.0,co AD Cali,2.0,,Estadio Nemesio Camacho El Campín,Franklin Congo,Leg 1 of 2,https://fbref.com/en/matches/3e79d6d8/Millonarios-AD-Cali-October-28-2020-Copa-Sudamericana,co,Millonarios,co,AD Cali
Copa Sudamericana,M,,2020,,Second stage,,Wed,2020-10-28,21:30,Vasco da Gama br,1.0,ve Caracas,0.0,,Estádio Club de Regatas Vasco da Gama,Michael Espinoza,Leg 1 of 2,https://fbref.com/en/matches/6de3862f/Vasco-da-Gama-Caracas-October-28-2020-Copa-Sudamericana,br,Vasco da Gama,ve,Caracas
Copa Sudamericana,M,,2020,,Second stage,,Wed,2020-10-28,21:30,Vélez Sarsf ar,0.0,uy Peñarol,0.0,,Estadio José Amalfitani,Derlis López,Leg 1 of 2,https://fbref.com/en/matches/815655e1/Velez-Sarsf-Penarol-October-28-2020-Copa-Sudamericana,ar,Vélez Sarsf,uy,Peñarol
Copa Sudamericana,M,,2020,,Second stage,,Thu,2020-10-29,19:15,Sol de América py,0.0,cl Univ Católica,0.0,,Estadio Luís Alfonso Giagni,Nicolás Lamolina,Leg 1 of 2,https://fbref.com/en/matches/1bc48232/Club-Sol-de-America-Univ-Catolica-October-29-2020-Copa-Sudamericana,py,Sol de América,cl,Univ Católica
Copa Sudamericana,M,,2020,,Second stage,,Thu,2020-10-29,19:15,CA Unión ar,0.0,ec CS Emelec,1.0,,Estadio 15 de Abril,Andrés Cunha,Leg 1 of 2,https://fbref.com/en/matches/cadd9ab2/CA-Union-CS-Emelec-October-29-2020-Copa-Sudamericana,ar,CA Unión,ec,CS Emelec
Copa Sudamericana,M,,2020,,Second stage,,Thu,2020-10-29,19:15,Coquimbo Unido cl,3.0,ve Estud Mérida,0.0,,Estadio Bicentenario Francisco Sánchez R...,Jordy Aleman,Leg 1 of 2,https://fbref.com/en/matches/e4c48a00/Coquimbo-Unido-Estudiantes-de-Merida-October-29-2020-Copa-Sudamericana,cl,Coquimbo Unido,ve,Estud Mérida
Copa Sudamericana,M,,2020,,Second stage,,Thu,2020-10-29,19:30,Melgar pe,1.0,br Bahia,0.0,,Estadio Nacional,Carlos Betancourt,Leg 1 of 2,https://fbref.com/en/matches/aa7c4adb/Melgar-Bahia-October-29-2020-Copa-Sudamericana,pe,Melgar,br,Bahia
Copa Sudamericana,M,,2020,,Second stage,,Thu,2020-10-29,21:30,Plaza Colonia uy,0.0,co Junior,1.0,,Estadio Profesor Alberto Suppici,Andrés Merlos,Leg 1 of 2,https://fbref.com/en/matches/08239d70/Plaza-Colonia-Junior-October-29-2020-Copa-Sudamericana,uy,Plaza Colonia,co,Junior
Copa Sudamericana,M,,2020,,Second stage,,Thu,2020-10-29,21:30,Independiente ar,1.0,ar Tucumán,0.0,,Estadio Libertadores de América,Christian Ferreyra,Leg 1 of 2,https://fbref.com/en/matches/891fb0ad/Independiente-Tucuman-October-29-2020-Copa-Sudamericana,ar,Independiente,ar,Tucumán
Copa Sudamericana,M,,2020,,Second stage,,Tue,2020-11-03,18:15,Bolívar bo,3.0,cl Audax Italiano,0.0,,Estadio Hernando Siles,Kevin Ortega,Leg 2 of 2; Bolívar won,https://fbref.com/en/matches/ae08732b/Bolivar-Audax-Italiano-November-3-2020-Copa-Sudamericana,bo,Bolívar,cl,Audax Italiano
Copa Sudamericana,M,,2020,,Second stage,,Tue,2020-11-03,19:15,Liverpool uy,1.0,pe Sport Huancayo,2.0,,Estadio Luis Franzini,Arnaldo Samaniego,Leg 2 of 2; Sport Huancayo won,https://fbref.com/en/matches/797088c2/Liverpool-Sport-Huancayo-November-3-2020-Copa-Sudamericana,uy,Liverpool,pe,Sport Huancayo
Copa Sudamericana,M,,2020,,Second stage,,Tue,2020-11-03,19:30,Tolima co,1.0,cl La Calera,1.0,,Estadio Manuel Murillo Toro,Augusto Aragón,Leg 2 of 2; La Calera won,https://fbref.com/en/matches/1ef90ae7/Tolima-La-Calera-November-3-2020-Copa-Sudamericana,co,Tolima,cl,La Calera
Copa Sudamericana,M,,2020,,Second stage,,Wed,2020-11-04,19:15,Defensa y Just ar,1.0,py Sport Luqueño,1.0,,Estadio Norberto Tito Tomaghello,Christian Ferreyra,Leg 2 of 2; Defensa y Just won,https://fbref.com/en/matches/12c61779/Defensa-y-Just-Sportivo-Luqueno-November-4-2020-Copa-Sudamericana,ar,Defensa y Just,py,Sport Luqueño
Copa Sudamericana,M,,2020,,Second stage,,Wed,2020-11-04,19:15,São Paulo br,4.0,ar Lanús,3.0,,Estádio do Morumbi,Alexis Herrera,Leg 2 of 2; Lanús won,https://fbref.com/en/matches/285f9b18/Sao-Paulo-Lanus-November-4-2020-Copa-Sudamericana,br,São Paulo,ar,Lanús
Copa Sudamericana,M,,2020,,Second stage,,Wed,2020-11-04,19:15,River Plate uy,3.0,co Nacional,1.0,,Parque Alfredo Víctor Viera,Andrés Merlos,Leg 2 of 2; River Plate won,https://fbref.com/en/matches/4b4a71d0/River-Plate-Atletico-Nacional-November-4-2020-Copa-Sudamericana,uy,River Plate,co,Nacional
Copa Sudamericana,M,,2020,,Second stage,,Wed,2020-11-04,19:15,Huachipato cl,1.0,uy Fénix,1.0,,Estadio CAP,Ivo Méndez,Leg 2 of 2; Fénix won,https://fbref.com/en/matches/8f38cad2/Huachipato-Fenix-November-4-2020-Copa-Sudamericana,cl,Huachipato,uy,Fénix
Copa Sudamericana,M,,2020,,Second stage,,Wed,2020-11-04,19:30,AD Cali co,1.0,co Millonarios,1.0,,Estadio Deportivo Cali,Wilton Sampaio,Leg 2 of 2; AD Cali won; AD Cali won on penalty kicks following extra time,https://fbref.com/en/matches/d0d6dfb0/AD-Cali-Millonarios-November-4-2020-Copa-Sudamericana,co,AD Cali,co,Millonarios
Copa Sudamericana,M,,2020,,Second stage,,Wed,2020-11-04,20:30,Caracas ve,0.0,br Vasco da Gama,0.0,,Estadio Olímpico,John J. Ospina,Leg 2 of 2; Vasco da Gama won,https://fbref.com/en/matches/fe68121e/Caracas-Vasco-da-Gama-November-4-2020-Copa-Sudamericana,ve,Caracas,br,Vasco da Gama
Copa Sudamericana,M,,2020,,Second stage,,Wed,2020-11-04,21:30,Peñarol uy,1.0,ar Vélez Sarsf,1.0,,Estadio Campeón del Siglo,Flavio Rodrigues De Souza,Leg 2 of 2; Vélez Sarsf won,https://fbref.com/en/matches/062ba341/Penarol-Velez-Sarsf-November-4-2020-Copa-Sudamericana,uy,Peñarol,ar,Vélez Sarsf
Copa Sudamericana,M,,2020,,Second stage,,Thu,2020-11-05,17:15,CS Emelec ec,1.0,ar CA Unión,2.0,,Estadio Banco del Pacífico,Angelo Hermosilla,Leg 2 of 2; CA Unión won,https://fbref.com/en/matches/e29143cf/CS-Emelec-CA-Union-November-5-2020-Copa-Sudamericana,ec,CS Emelec,ar,CA Unión
Copa Sudamericana,M,,2020,,Second stage,,Thu,2020-11-05,18:15,Estud Mérida ve,0.0,cl Coquimbo Unido,2.0,,Estadio Olímpico Metropolitano de Mérida,Luis Quiroz,Leg 2 of 2; Coquimbo Unido won,https://fbref.com/en/matches/b16715eb/Estudiantes-de-Merida-Coquimbo-Unido-November-5-2020-Copa-Sudamericana,ve,Estud Mérida,cl,Coquimbo Unido
Copa Sudamericana,M,,2020,,Second stage,,Thu,2020-11-05,19:30,Junior co,0.0,uy Plaza Colonia,0.0,,Estadio Metropolitano Roberto Meléndez,Ángel Arteaga,Leg 2 of 2; Junior won,https://fbref.com/en/matches/7d334c40/Junior-Plaza-Colonia-November-5-2020-Copa-Sudamericana,co,Junior,uy,Plaza Colonia
Copa Sudamericana,M,,2020,,Second stage,,Thu,2020-11-05,21:30,Tucumán ar,1.0,ar Independiente,1.0,,Estadio Monumental Presidente José Fierr...,Andrés Cunha,Leg 2 of 2; Independiente won,https://fbref.com/en/matches/3d2cce91/Tucuman-Independiente-November-5-2020-Copa-Sudamericana,ar,Tucumán,ar,Independiente
Copa Sudamericana,M,,2020,,Second stage,,Thu,2020-11-05,21:30,Bahia br,4.0,pe Melgar,0.0,,Itaipava Arena Fonte Nova,Cristián Garay,Leg 2 of 2; Bahia won,https://fbref.com/en/matches/86c64f86/Bahia-Melgar-November-5-2020-Copa-Sudamericana,br,Bahia,pe,Melgar
Copa Sudamericana,M,,2020,,Second stage,,Thu,2020-11-05,21:30,Univ Católica cl,2.0,py Sol de América,1.0,,Estadio San Carlos de Apoquindo,Fernando Espinoza,Leg 2 of 2; Univ Católica won,https://fbref.com/en/matches/a8e7835e/Univ-Catolica-Club-Sol-de-America-November-5-2020-Copa-Sudamericana,cl,Univ Católica,py,Sol de América
Copa Sudamericana,M,,2020,,Round of 16,,Tue,2020-11-24,19:15,Bahia br,1.0,ar CA Unión,0.0,,Itaipava Arena Fonte Nova,Kevin Ortega,Leg 1 of 2,https://fbref.com/en/matches/2d31c05d/Bahia-CA-Union-November-24-2020-Copa-Sudamericana,br,Bahia,ar,CA Unión
Copa Sudamericana,M,,2020,,Round of 16,,Tue,2020-11-24,21:30,Vélez Sarsf ar,2.0,co AD Cali,0.0,,Estadio José Amalfitani,Cristián Garay,Leg 1 of 2,https://fbref.com/en/matches/8cce0697/Velez-Sarsf-AD-Cali-November-24-2020-Copa-Sudamericana,ar,Vélez Sarsf,co,AD Cali
Copa Sudamericana,M,,2020,,Round of 16,,Wed,2020-11-25,18:15,Bolívar bo,2.0,ar Lanús,1.0,,Estadio Hernando Siles,Flavio Rodrigues De Souza,Leg 1 of 2,https://fbref.com/en/matches/becba75d/Bolivar-Lanus-November-25-2020-Copa-Sudamericana,bo,Bolívar,ar,Lanús
Copa Sudamericana,M,,2020,,Round of 16,,Wed,2020-11-25,21:30,Coquimbo Unido cl,0.0,pe Sport Huancayo,0.0,,Estadio Bicentenario Francisco Sánchez R...,Gery Vargas,Leg 1 of 2,https://fbref.com/en/matches/7a07f15b/Coquimbo-Unido-Sport-Huancayo-November-25-2020-Copa-Sudamericana,cl,Coquimbo Unido,pe,Sport Huancayo
Copa Sudamericana,M,,2020,,Round of 16,,Wed,2020-11-25,21:30,Fénix uy,1.0,ar Independiente,4.0,,Parque Alfredo Víctor Viera,Juan Benítez,Leg 1 of 2,https://fbref.com/en/matches/90bf7208/Fenix-Independiente-November-25-2020-Copa-Sudamericana,uy,Fénix,ar,Independiente
Copa Sudamericana,M,,2020,,Round of 16,,Thu,2020-11-26,19:15,River Plate uy,1.0,cl Univ Católica,2.0,,Parque Alfredo Víctor Viera,José Méndez,Leg 1 of 2,https://fbref.com/en/matches/04037e55/River-Plate-Univ-Catolica-November-26-2020-Copa-Sudamericana,uy,River Plate,cl,Univ Católica
Copa Sudamericana,M,,2020,,Round of 16,,Thu,2020-11-26,19:30,Junior co,2.0,cl La Calera,1.0,,Estadio Metropolitano Roberto Meléndez,Facundo Tello,Leg 1 of 2,https://fbref.com/en/matches/ebb9d237/Junior-La-Calera-November-26-2020-Copa-Sudamericana,co,Junior,cl,La Calera
Copa Sudamericana,M,,2020,,Round of 16,,Thu,2020-11-26,21:30,Defensa y Just ar,1.0,br Vasco da Gama,1.0,,Estadio Norberto Tito Tomaghello,Andrés Matonte,Leg 1 of 2,https://fbref.com/en/matches/64b4389a/Defensa-y-Just-Vasco-da-Gama-November-26-2020-Copa-Sudamericana,ar,Defensa y Just,br,Vasco da Gama
Copa Sudamericana,M,,2020,,Round of 16,,Tue,2020-12-01,19:15,CA Unión ar,0.0,br Bahia,0.0,,Estadio 15 de Abril,John J. Ospina,Leg 2 of 2; Bahia won,https://fbref.com/en/matches/73ab91b6/CA-Union-Bahia-December-1-2020-Copa-Sudamericana,ar,CA Unión,br,Bahia
Copa Sudamericana,M,,2020,,Round of 16,,Tue,2020-12-01,19:30,AD Cali co,1.0,ar Vélez Sarsf,5.0,,Estadio Deportivo Cali,Eber Aguino,Leg 2 of 2; Vélez Sarsf won,https://fbref.com/en/matches/3bd24b3e/AD-Cali-Velez-Sarsf-December-1-2020-Copa-Sudamericana,co,AD Cali,ar,Vélez Sarsf
Copa Sudamericana,M,,2020,,Round of 16,,Wed,2020-12-02,19:15,Lanús ar,6.0,bo Bolívar,2.0,,Estadio Ciudad de Lanús,Víctor Carrillo,Leg 2 of 2; Lanús won,https://fbref.com/en/matches/ccb45704/Lanus-Bolivar-December-2-2020-Copa-Sudamericana,ar,Lanús,bo,Bolívar
Copa Sudamericana,M,,2020,,Round of 16,,Wed,2020-12-02,19:30,Sport Huancayo pe,0.0,cl Coquimbo Unido,2.0,,Estadio Nacional,Augusto Aragón,Leg 2 of 2; Coquimbo Unido won,https://fbref.com/en/matches/ebd6ca58/Sport-Huancayo-Coquimbo-Unido-December-2-2020-Copa-Sudamericana,pe,Sport Huancayo,cl,Coquimbo Unido
Copa Sudamericana,M,,2020,,Round of 16,,Wed,2020-12-02,21:30,Independiente ar,1.0,uy Fénix,0.0,,Estadio Libertadores de América,Wilton Sampaio,Leg 2 of 2; Independiente won,https://fbref.com/en/matches/32af01a1/Independiente-Fenix-December-2-2020-Copa-Sudamericana,ar,Independiente,uy,Fénix
Copa Sudamericana,M,,2020,,Round of 16,,Thu,2020-12-03,19:15,La Calera cl,2.0,co Junior,2.0,,Estadio Municipal Nicolás Chahuán Nazar,Bruno Arleu de Araujo,Leg 2 of 2; Junior won; Junior won on penalty kicks following extra time,https://fbref.com/en/matches/37ff8afe/La-Calera-Junior-December-3-2020-Copa-Sudamericana,cl,La Calera,co,Junior
Copa Sudamericana,M,,2020,,Round of 16,,Thu,2020-12-03,21:30,Vasco da Gama br,0.0,ar Defensa y Just,1.0,,Estádio Club de Regatas Vasco da Gama,Andrés Cunha,Leg 2 of 2; Defensa y Just won,https://fbref.com/en/matches/564380c6/Vasco-da-Gama-Defensa-y-Just-December-3-2020-Copa-Sudamericana,br,Vasco da Gama,ar,Defensa y Just
Copa Sudamericana,M,,2020,,Round of 16,,Thu,2020-12-03,21:30,Univ Católica cl,0.0,uy River Plate,1.0,,Estadio San Carlos de Apoquindo,Alexis Herrera,Leg 2 of 2; Univ Católica won,https://fbref.com/en/matches/9387fe3c/Univ-Catolica-River-Plate-December-3-2020-Copa-Sudamericana,cl,Univ Católica,uy,River Plate
Copa Sudamericana,M,,2020,,Quarter-finals,,Tue,2020-12-08,21:30,Vélez Sarsf ar,1.0,cl Univ Católica,2.0,,Estadio José Amalfitani,Bruno Arleu de Araujo,Leg 1 of 2,https://fbref.com/en/matches/95201d98/Velez-Sarsf-Univ-Catolica-December-8-2020-Copa-Sudamericana,ar,Vélez Sarsf,cl,Univ Católica
Copa Sudamericana,M,,2020,,Quarter-finals,,Wed,2020-12-09,19:15,Bahia br,2.0,ar Defensa y Just,3.0,,Itaipava Arena Fonte Nova,Guillermo Guerrero,Leg 1 of 2,https://fbref.com/en/matches/3090097a/Bahia-Defensa-y-Just-December-9-2020-Copa-Sudamericana,br,Bahia,ar,Defensa y Just
Copa Sudamericana,M,,2020,,Quarter-finals,,Wed,2020-12-09,19:30,Junior co,1.0,cl Coquimbo Unido,2.0,,Estadio Metropolitano Roberto Meléndez,Jesús Valenzuela,Leg 1 of 2,https://fbref.com/en/matches/c7ff8b7b/Junior-Coquimbo-Unido-December-9-2020-Copa-Sudamericana,co,Junior,cl,Coquimbo Unido
Copa Sudamericana,M,,2020,,Quarter-finals,,Thu,2020-12-10,19:15,Lanús ar,0.0,ar Independiente,0.0,,Estadio Ciudad de Lanús,Esteban Ostojich,Leg 1 of 2,https://fbref.com/en/matches/5abb1534/Lanus-Independiente-December-10-2020-Copa-Sudamericana,ar,Lanús,ar,Independiente
Copa Sudamericana,M,,2020,,Quarter-finals,,Tue,2020-12-15,21:30,Univ Católica cl,1.0,ar Vélez Sarsf,3.0,,Estadio San Carlos de Apoquindo,Leodán González,Leg 2 of 2; Vélez Sarsf won,https://fbref.com/en/matches/68042e6a/Univ-Catolica-Velez-Sarsf-December-15-2020-Copa-Sudamericana,cl,Univ Católica,ar,Vélez Sarsf
Copa Sudamericana,M,,2020,,Quarter-finals,,Wed,2020-12-16,19:15,Defensa y Just ar,1.0,br Bahia,0.0,,Estadio Norberto Tito Tomaghello,Eber Aguino,Leg 2 of 2; Defensa y Just won,https://fbref.com/en/matches/bd819614/Defensa-y-Just-Bahia-December-16-2020-Copa-Sudamericana,ar,Defensa y Just,br,Bahia
Copa Sudamericana,M,,2020,,Quarter-finals,,Wed,2020-12-16,21:30,Coquimbo Unido cl,0.0,co Junior,1.0,,Estadio Bicentenario Francisco Sánchez R...,Víctor Carrillo,Leg 2 of 2; Coquimbo Unido won,https://fbref.com/en/matches/560aff61/Coquimbo-Unido-Junior-December-16-2020-Copa-Sudamericana,cl,Coquimbo Unido,co,Junior
Copa Sudamericana,M,,2020,,Quarter-finals,,Thu,2020-12-17,19:15,Independiente ar,1.0,ar Lanús,3.0,,Estadio Libertadores de América,Raphael Claus,Leg 2 of 2; Lanús won,https://fbref.com/en/matches/01472251/Independiente-Lanus-December-17-2020-Copa-Sudamericana,ar,Independiente,ar,Lanús
Copa Sudamericana,M,,2020,,Semi-finals,,Wed,2021-01-06,21:30,Vélez Sarsf ar,0.0,ar Lanús,1.0,,Estadio José Amalfitani,John J. Ospina,Leg 1 of 2,https://fbref.com/en/matches/8720abbc/Velez-Sarsf-Lanus-January-6-2021-Copa-Sudamericana,ar,Vélez Sarsf,ar,Lanús
Copa Sudamericana,M,,2020,,Semi-finals,,Tue,2021-01-12,19:15,Coquimbo Unido cl,0.0,ar Defensa y Just,0.0,,Estadio Bicentenario Francisco Sánchez R...,Jesús Valenzuela,Leg 1 of 2,https://fbref.com/en/matches/d6a6c156/Coquimbo-Unido-Defensa-y-Just-January-12-2021-Copa-Sudamericana,cl,Coquimbo Unido,ar,Defensa y Just
Copa Sudamericana,M,,2020,,Semi-finals,,Wed,2021-01-13,21:30,Lanús ar,3.0,ar Vélez Sarsf,0.0,,Estadio Ciudad de Lanús,Wilton Sampaio,Leg 2 of 2; Lanús won,https://fbref.com/en/matches/2abb34ee/Lanus-Velez-Sarsf-January-13-2021-Copa-Sudamericana,ar,Lanús,ar,Vélez Sarsf
Copa Sudamericana,M,,2020,,Semi-finals,,Sat,2021-01-16,20:30,Defensa y Just ar,4.0,cl Coquimbo Unido,2.0,,Estadio Norberto Tito Tomaghello,Andrés Rojas,Leg 2 of 2; Defensa y Just won,https://fbref.com/en/matches/3abf2d8f/Defensa-y-Just-Coquimbo-Unido-January-16-2021-Copa-Sudamericana,ar,Defensa y Just,cl,Coquimbo Unido
Copa Sudamericana,M,,2020,,Finals,,Sat,2021-01-23,17:00,Lanús ar,0.0,ar Defensa y Just,3.0,,Estadio Mario Alberto Kempes,Jesús Valenzuela,,https://fbref.com/en/matches/541e471f/Lanus-Defensa-y-Just-January-23-2021-Copa-Sudamericana,ar,Lanús,ar,Defensa y Just
Copa Sudamericana,M,,2021,,First stage,,Tue,2021-03-16,17:15,Macará ec,2.0,ec CS Emelec,2.0,,Estadio Bellavista de Ambato,Augusto Aragón,Leg 1 of 2,https://fbref.com/en/matches/459369f8/Macara-CS-Emelec-March-16-2021-Copa-Sudamericana,ec,Macará,ec,CS Emelec
Copa Sudamericana,M,,2021,,First stage,,Tue,2021-03-16,19:15,12 de Octubre py,0.0,py Nacional,0.0,,Estadio Luís Alfonso Giagni,Mario Díaz de Vivar,Leg 1 of 2,https://fbref.com/en/matches/3bc0b550/12-de-Octubre-Nacional-Asuncion-March-16-2021-Copa-Sudamericana,py,12 de Octubre,py,Nacional
Copa Sudamericana,M,,2021,,First stage,,Tue,2021-03-16,19:30,Tolima co,3.0,co AD Cali,0.0,,Estadio Manuel Murillo Toro,Carlos Mario Herrera,Leg 1 of 2,https://fbref.com/en/matches/37ade327/Tolima-AD-Cali-March-16-2021-Copa-Sudamericana,co,Tolima,co,AD Cali
Copa Sudamericana,M,,2021,,First stage,,Tue,2021-03-16,21:30,Antofagasta cl,0.0,cl Huachipato,1.0,,Estadio Regional Calvo y Bascuñán,Nicolás Gamboa,Leg 1 of 2,https://fbref.com/en/matches/f4d42f3a/Antofagasta-Huachipato-March-16-2021-Copa-Sudamericana,cl,Antofagasta,cl,Huachipato
Copa Sudamericana,M,,2021,,First stage,,Wed,2021-03-17,18:15,Guabirá bo,4.0,bo Nacional Potosí,1.0,,Estadio Gilberto Parada,Luis Yrusta,Leg 1 of 2,https://fbref.com/en/matches/766b05a1/Guabira-Nacional-Potosi-March-17-2021-Copa-Sudamericana,bo,Guabirá,bo,Nacional Potosí
Copa Sudamericana,M,,2021,,First stage,,Wed,2021-03-17,19:30,UTC pe,0.0,pe Sport Huancayo,1.0,,Estadio Inca Garcilaso de la Vega,Augusto Menéndez,Leg 1 of 2,https://fbref.com/en/matches/0a0b50b4/Universidad-Tecnica-de-Cajamarca-Sport-Huancayo-March-17-2021-Copa-Sudamericana,pe,UTC,pe,Sport Huancayo
Copa Sudamericana,M,,2021,,First stage,,Wed,2021-03-17,20:30,Wilstermann bo,2.0,bo Atlético Palmaflor,1.0,,Estadio Félix Capriles,Dilio Rodriguez,Leg 1 of 2,https://fbref.com/en/matches/c0a30918/Jorge-Wilstermann-Atletico-Palmaflor-March-17-2021-Copa-Sudamericana,bo,Wilstermann,bo,Atlético Palmaflor
Copa Sudamericana,M,,2021,,First stage,,Wed,2021-03-17,20:30,Aragua ve,0.0,ve Mineros,1.0,,Estadio Olímpico Hermanos Ghersi Páez,Orlando Bracamonte,Leg 1 of 2,https://fbref.com/en/matches/eac70d02/Aragua-Mineros-March-17-2021-Copa-Sudamericana,ve,Aragua,ve,Mineros
Copa Sudamericana,M,,2021,,First stage,,Thu,2021-03-18,17:15,SD Aucas ec,2.0,ec Guayaquil City,1.0,,Estadio Gonzalo Pozo Ripalda,Álex Cajas,Leg 1 of 2,https://fbref.com/en/matches/0d4600fe/SD-Aucas-Guayaquil-City-March-18-2021-Copa-Sudamericana,ec,SD Aucas,ec,Guayaquil City
Copa Sudamericana,M,,2021,,First stage,,Thu,2021-03-18,18:15,Metropolitanos ve,2.0,ve Acad Pr Cabello,0.0,,Estadio Olímpico,Yender Herrera,Leg 1 of 2,https://fbref.com/en/matches/2cb31921/Metropolitanos-Academia-Puerto-Cabello-March-18-2021-Copa-Sudamericana,ve,Metropolitanos,ve,Acad Pr Cabello
Copa Sudamericana,M,,2021,,First stage,,Thu,2021-03-18,19:15,Guaireña FC py,1.0,py River Plate,2.0,,Estadio Defensores del Chaco,Eber Aguino,Leg 1 of 2,https://fbref.com/en/matches/b134aa81/Guairena-FC-River-Plate-Asuncion-March-18-2021-Copa-Sudamericana,py,Guaireña FC,py,River Plate
Copa Sudamericana,M,,2021,,First stage,,Thu,2021-03-18,19:30,Mannucci pe,1.0,pe Melgar,2.0,,Estadio Monumental,Edwin Ordóñez,Leg 1 of 2,https://fbref.com/en/matches/8aea1fbb/Carlos-A-Mannucci-Melgar-March-18-2021-Copa-Sudamericana,pe,Mannucci,pe,Melgar
Copa Sudamericana,M,,2021,,First stage,,Thu,2021-03-18,19:30,La Equidad co,1.0,co Pasto,2.0,,Estadio Metropolitano de Techo,Carlos Ortega,Leg 1 of 2,https://fbref.com/en/matches/9edfb3ba/La-Equidad-Pasto-March-18-2021-Copa-Sudamericana,co,La Equidad,co,Pasto
Copa Sudamericana,M,,2021,,First stage,,Thu,2021-03-18,21:30,Cobresal cl,0.0,cl Palestino,0.0,,Estadio El Cobre,Felipe González,Leg 1 of 2,https://fbref.com/en/matches/d97ce577/Cobresal-Palestino-March-18-2021-Copa-Sudamericana,cl,Cobresal,cl,Palestino
Copa Sudamericana,M,,2021,,First stage,,Tue,2021-04-06,17:15,CS Emelec ec,2.0,ec Macará,0.0,,Estadio Banco del Pacífico,Franklin Congo,Leg 2 of 2; CS Emelec won,https://fbref.com/en/matches/decfc317/CS-Emelec-Macara-April-6-2021-Copa-Sudamericana,ec,CS Emelec,ec,Macará
Copa Sudamericana,M,,2021,,First stage,,Tue,2021-04-06,18:15,Nacional py,0.0,py 12 de Octubre,0.0,,Estadio General Pablo Rojas,Derlis López,Leg 2 of 2; 12 de Octubre won; 12 de Octubre won on penalty kicks following extra time,https://fbref.com/en/matches/8be8227d/Nacional-Asuncion-12-de-Octubre-April-6-2021-Copa-Sudamericana,py,Nacional,py,12 de Octubre
Copa Sudamericana,M,,2021,,First stage,,Tue,2021-04-06,19:30,AD Cali co,0.0,co Tolima,0.0,,Estadio Deportivo Cali,Carlos Ortega,Leg 2 of 2; Tolima won,https://fbref.com/en/matches/5b96efa9/AD-Cali-Tolima-April-6-2021-Copa-Sudamericana,co,AD Cali,co,Tolima
Copa Sudamericana,M,,2021,,First stage,,Tue,2021-04-06,20:30,Huachipato cl,3.0,cl Antofagasta,0.0,,Estadio CAP,Piero Maza,Leg 2 of 2; Huachipato won,https://fbref.com/en/matches/67036039/Huachipato-Antofagasta-April-6-2021-Copa-Sudamericana,cl,Huachipato,cl,Antofagasta
Copa Sudamericana,M,,2021,,First stage,,Tue,2021-04-06,21:30,Cerro Largo uy,2.0,uy Peñarol,2.0,,Parque Alfredo Víctor Viera,Diego Riveiro,Leg 1 of 2,https://fbref.com/en/matches/9ce2f738/Cerro-Largo-Penarol-April-6-2021-Copa-Sudamericana,uy,Cerro Largo,uy,Peñarol
Copa Sudamericana,M,,2021,,First stage,,Wed,2021-04-07,18:15,Nacional Potosí bo,1.0,bo Guabirá,2.0,,Estadio Victor Agustín Ugarte,Gery Vargas,Leg 2 of 2; Guabirá won,https://fbref.com/en/matches/8457c9b5/Nacional-Potosi-Guabira-April-7-2021-Copa-Sudamericana,bo,Nacional Potosí,bo,Guabirá
Copa Sudamericana,M,,2021,,First stage,,Wed,2021-04-07,18:15,Mineros ve,1.0,ve Aragua,2.0,,Centro Total de Entretenimiento Cachamay,Andrés Pernía,Leg 2 of 2; Aragua won,https://fbref.com/en/matches/db935fb7/Mineros-Aragua-April-7-2021-Copa-Sudamericana,ve,Mineros,ve,Aragua
Copa Sudamericana,M,,2021,,First stage,,Wed,2021-04-07,19:15,Torque uy,0.0,uy Fénix,0.0,,Estadio Centenario,Daniel Fedorczuk,Leg 1 of 2,https://fbref.com/en/matches/d9202177/Torque-Fenix-April-7-2021-Copa-Sudamericana,uy,Torque,uy,Fénix
Copa Sudamericana,M,,2021,,First stage,,Wed,2021-04-07,19:30,Sport Huancayo pe,4.0,pe UTC,0.0,,Estadio Huancayo,Diego Haro,Leg 2 of 2; Sport Huancayo won,https://fbref.com/en/matches/8e203c67/Sport-Huancayo-Universidad-Tecnica-de-Cajamarca-April-7-2021-Copa-Sudamericana,pe,Sport Huancayo,pe,UTC
Copa Sudamericana,M,,2021,,First stage,,Wed,2021-04-07,20:30,Atlético Palmaflor bo,1.0,bo Wilstermann,2.0,,Estadio Félix Capriles,Juan Nelio García,Leg 2 of 2; Wilstermann won,https://fbref.com/en/matches/9ef8e42a/Atletico-Palmaflor-Jorge-Wilstermann-April-7-2021-Copa-Sudamericana,bo,Atlético Palmaflor,bo,Wilstermann
Copa Sudamericana,M,,2021,,First stage,,Thu,2021-04-08,17:15,Guayaquil City ec,0.0,ec SD Aucas,3.0,,Estadio Christian Benítez Betancourt,Luis Quiroz,Leg 2 of 2; SD Aucas won,https://fbref.com/en/matches/0499024f/Guayaquil-City-SD-Aucas-April-8-2021-Copa-Sudamericana,ec,Guayaquil City,ec,SD Aucas
Copa Sudamericana,M,,2021,,First stage,,Thu,2021-04-08,18:15,River Plate py,4.0,py Guaireña FC,2.0,,Estadio Defensores del Chaco,Mario Díaz de Vivar,Leg 2 of 2; River Plate won,https://fbref.com/en/matches/4cce6116/River-Plate-Asuncion-Guairena-FC-April-8-2021-Copa-Sudamericana,py,River Plate,py,Guaireña FC
Copa Sudamericana,M,,2021,,First stage,,Thu,2021-04-08,18:15,Acad Pr Cabello ve,0.0,ve Metropolitanos,1.0,,Estadio Polideportivo Misael Delgado,José Argote,Leg 2 of 2; Metropolitanos won,https://fbref.com/en/matches/66e56ccc/Academia-Puerto-Cabello-Metropolitanos-April-8-2021-Copa-Sudamericana,ve,Acad Pr Cabello,ve,Metropolitanos
Copa Sudamericana,M,,2021,,First stage,,Thu,2021-04-08,19:30,Pasto co,0.0,co La Equidad,2.0,,Estadio Departamental Libertad,Carlos Betancourt,Leg 2 of 2; La Equidad won,https://fbref.com/en/matches/63e08792/Pasto-La-Equidad-April-8-2021-Copa-Sudamericana,co,Pasto,co,La Equidad
Copa Sudamericana,M,,2021,,First stage,,Thu,2021-04-08,19:30,Melgar pe,3.0,pe Mannucci,2.0,,Estadio de la Universidad Nacional San A...,Michael Espinoza,Leg 2 of 2; Melgar won,https://fbref.com/en/matches/d26d0c9f/Melgar-Carlos-A-Mannucci-April-8-2021-Copa-Sudamericana,pe,Melgar,pe,Mannucci
Copa Sudamericana,M,,2021,,First stage,,Thu,2021-04-08,20:30,Palestino cl,2.0,cl Cobresal,1.0,,Estadio San Carlos de Apoquindo,Angelo Hermosilla,Leg 2 of 2; Palestino won,https://fbref.com/en/matches/7a8cc38f/Palestino-Cobresal-April-8-2021-Copa-Sudamericana,cl,Palestino,cl,Cobresal
Copa Sudamericana,M,,2021,,First stage,,Tue,2021-04-13,21:30,Peñarol uy,4.0,uy Cerro Largo,1.0,,Estadio Campeón del Siglo,Andrés Cunha,Leg 2 of 2; Peñarol won,https://fbref.com/en/matches/41ede0f4/Penarol-Cerro-Largo-April-13-2021-Copa-Sudamericana,uy,Peñarol,uy,Cerro Largo
Copa Sudamericana,M,,2021,,First stage,,Wed,2021-04-14,19:15,Fénix uy,0.0,uy Torque,2.0,,Parque Alfredo Víctor Viera,Christian Ferreyra,Leg 2 of 2; Torque won,https://fbref.com/en/matches/19786f52/Fenix-Torque-April-14-2021-Copa-Sudamericana,uy,Fénix,uy,Torque
Copa Sudamericana,M,,2021,,Group stage,1,Tue,2021-04-20,18:15,Metropolitanos ve,2.0,pe Melgar,3.0,,Estadio Olímpico,Carlos Mario Herrera,,https://fbref.com/en/matches/8b78dd6a/Metropolitanos-Melgar-April-20-2021-Copa-Sudamericana,ve,Metropolitanos,pe,Melgar
Copa Sudamericana,M,,2021,,Group stage,1,Tue,2021-04-20,19:15,Atl Goianiense br,0.0,ar Newell's OB,0.0,,Estádio Antônio Accioly,Gustavo Tejera,,https://fbref.com/en/matches/bae3f4ca/Atletico-Goianiense-Newells-OB-April-20-2021-Copa-Sudamericana,br,Atl Goianiense,ar,Newell's OB
Copa Sudamericana,M,,2021,,Group stage,1,Tue,2021-04-20,19:30,SD Aucas ec,0.0,br Ath Paranaense,1.0,,Estadio Gonzalo Pozo Ripalda,Piero Maza,,https://fbref.com/en/matches/40497dc5/SD-Aucas-Athletico-Paranaense-April-20-2021-Copa-Sudamericana,ec,SD Aucas,br,Ath Paranaense
Copa Sudamericana,M,,2021,,Group stage,1,Tue,2021-04-20,20:30,12 de Octubre py,1.0,ar Rosario Cent,0.0,,Estadio Luis Alberto Salinas Tanasio,Juan Soto,,https://fbref.com/en/matches/0da7b93c/12-de-Octubre-Rosario-Cent-April-20-2021-Copa-Sudamericana,py,12 de Octubre,ar,Rosario Cent
Copa Sudamericana,M,,2021,,Group stage,1,Wed,2021-04-21,19:15,Ceará br,3.0,bo Wilstermann,1.0,,Estádio Castelão,Nicolás Gamboa,,https://fbref.com/en/matches/c082a3b7/Ceara-Jorge-Wilstermann-April-21-2021-Copa-Sudamericana,br,Ceará,bo,Wilstermann
Copa Sudamericana,M,,2021,,Group stage,1,Wed,2021-04-21,19:15,San Lorenzo ar,0.0,cl Huachipato,1.0,,Estadio Pedro Bidegaín,Andrés Rojas,,https://fbref.com/en/matches/f0ae764a/San-Lorenzo-Huachipato-April-21-2021-Copa-Sudamericana,ar,San Lorenzo,cl,Huachipato
Copa Sudamericana,M,,2021,,Group stage,1,Wed,2021-04-21,20:30,Guabirá bo,1.0,ar Independiente,3.0,,Estadio Gilberto Parada,Diego Haro,,https://fbref.com/en/matches/e3cb2a22/Guabira-Independiente-April-21-2021-Copa-Sudamericana,bo,Guabirá,ar,Independiente
Copa Sudamericana,M,,2021,,Group stage,1,Wed,2021-04-21,21:30,Torque uy,1.0,br Bahia,1.0,,Parque Alfredo Víctor Viera,Luis Quiroz,,https://fbref.com/en/matches/5f382dce/Torque-Bahia-April-21-2021-Copa-Sudamericana,uy,Torque,br,Bahia
Copa Sudamericana,M,,2021,,Group stage,1,Thu,2021-04-22,16:00,Talleres ar,1.0,ec CS Emelec,2.0,,Estadio Mario Alberto Kempes,Kevin Ortega,,https://fbref.com/en/matches/cd12f6cd/Talleres-CS-Emelec-April-22-2021-Copa-Sudamericana,ar,Talleres,ec,CS Emelec
Copa Sudamericana,M,,2021,,Group stage,1,Thu,2021-04-22,18:15,Bolívar bo,2.0,ar Arsenal,1.0,,Estadio Hernando Siles,Franklin Congo,,https://fbref.com/en/matches/10ff0b14/Bolivar-Arsenal-April-22-2021-Copa-Sudamericana,bo,Bolívar,ar,Arsenal
Copa Sudamericana,M,,2021,,Group stage,1,Thu,2021-04-22,18:15,Aragua ve,0.0,ar Lanús,1.0,,Estadio Olímpico,Raúl Orosco,,https://fbref.com/en/matches/2448ff02/Aragua-Lanus-April-22-2021-Copa-Sudamericana,ve,Aragua,ar,Lanús
Copa Sudamericana,M,,2021,,Group stage,1,Thu,2021-04-22,19:15,Bragantino br,2.0,co Tolima,1.0,,Estádio Nabi Abi Chedid,Daniel Fedorczuk,,https://fbref.com/en/matches/7a3943f9/Bragantino-Tolima-April-22-2021-Copa-Sudamericana,br,Bragantino,co,Tolima
Copa Sudamericana,M,,2021,,Group stage,1,Thu,2021-04-22,19:15,Grêmio br,2.0,co La Equidad,1.0,,Arena do Grêmio,Eber Aguino,,https://fbref.com/en/matches/89465a0f/Gremio-La-Equidad-April-22-2021-Copa-Sudamericana,br,Grêmio,co,La Equidad
Copa Sudamericana,M,,2021,,Group stage,1,Thu,2021-04-22,20:30,River Plate py,0.0,br Corinthians,0.0,,Estadio Defensores del Chaco,Darío Herrera,,https://fbref.com/en/matches/14f29c9f/River-Plate-Asuncion-Corinthians-April-22-2021-Copa-Sudamericana,py,River Plate,br,Corinthians
Copa Sudamericana,M,,2021,,Group stage,1,Thu,2021-04-22,20:30,Libertad py,2.0,cl Palestino,0.0,,Estadio Dr. Nicolás Leoz,Orlando Bracamonte,,https://fbref.com/en/matches/45fde138/Libertad-Palestino-April-22-2021-Copa-Sudamericana,py,Libertad,cl,Palestino
Copa Sudamericana,M,,2021,,Group stage,1,Thu,2021-04-22,21:30,Peñarol uy,5.0,pe Sport Huancayo,1.0,,Estadio Campeón del Siglo,Álex Cajas,,https://fbref.com/en/matches/83094e8d/Penarol-Sport-Huancayo-April-22-2021-Copa-Sudamericana,uy,Peñarol,pe,Sport Huancayo
Copa Sudamericana,M,,2021,,Group stage,2,Tue,2021-04-27,19:15,Bahia br,5.0,bo Guabirá,0.0,,Estádio Governador Roberto Santos,Cristián Garay,,https://fbref.com/en/matches/4c5cbff2/Bahia-Guabira-April-27-2021-Copa-Sudamericana,br,Bahia,bo,Guabirá
Copa Sudamericana,M,,2021,,Group stage,2,Tue,2021-04-27,20:30,Huachipato cl,0.0,py 12 de Octubre,0.0,,Estadio Sausalito,Raúl Orosco,,https://fbref.com/en/matches/c41f3b60/Huachipato-12-de-Octubre-April-27-2021-Copa-Sudamericana,cl,Huachipato,py,12 de Octubre
Copa Sudamericana,M,,2021,,Group stage,2,Tue,2021-04-27,21:30,Arsenal ar,0.0,br Ceará,0.0,,Estadio Julio Humberto Grondona,José Méndez,,https://fbref.com/en/matches/5afb773f/Arsenal-Ceara-April-27-2021-Copa-Sudamericana,ar,Arsenal,br,Ceará
Copa Sudamericana,M,,2021,,Group stage,2,Wed,2021-04-28,19:15,Independiente ar,3.0,uy Torque,1.0,,Estadio Libertadores de América,Kevin Ortega,,https://fbref.com/en/matches/534f27b9/Independiente-Torque-April-28-2021-Copa-Sudamericana,ar,Independiente,uy,Torque
Copa Sudamericana,M,,2021,,Group stage,2,Wed,2021-04-28,19:15,Ath Paranaense br,1.0,ve Metropolitanos,0.0,,Estádio Joaquim Américo Guimarães,Gustavo Tejera,,https://fbref.com/en/matches/c4423a67/Athletico-Paranaense-Metropolitanos-April-28-2021-Copa-Sudamericana,br,Ath Paranaense,ve,Metropolitanos
Copa Sudamericana,M,,2021,,Group stage,2,Wed,2021-04-28,19:30,Melgar pe,2.0,ec SD Aucas,0.0,,Estadio Nacional,Carlos Ortega,,https://fbref.com/en/matches/9712c8a6/Melgar-SD-Aucas-April-28-2021-Copa-Sudamericana,pe,Melgar,ec,SD Aucas
Copa Sudamericana,M,,2021,,Group stage,2,Wed,2021-04-28,19:30,CS Emelec ec,3.0,br Bragantino,0.0,,Estadio Banco del Pacífico,Yender Herrera,,https://fbref.com/en/matches/da9fb416/CS-Emelec-Bragantino-April-28-2021-Copa-Sudamericana,ec,CS Emelec,br,Bragantino
Copa Sudamericana,M,,2021,,Group stage,2,Wed,2021-04-28,19:30,Tolima co,1.0,ar Talleres,1.0,,Estadio Manuel Murillo Toro,Alexis Herrera,,https://fbref.com/en/matches/db6db70e/Tolima-Talleres-April-28-2021-Copa-Sudamericana,co,Tolima,ar,Talleres
Copa Sudamericana,M,,2021,,Group stage,2,Wed,2021-04-28,21:30,Rosario Cent ar,2.0,ar San Lorenzo,0.0,,Estadio Dr. Lisandro de la Torre,Christian Ferreyra,,https://fbref.com/en/matches/1350366e/Rosario-Cent-San-Lorenzo-April-28-2021-Copa-Sudamericana,ar,Rosario Cent,ar,San Lorenzo
Copa Sudamericana,M,,2021,,Group stage,2,Thu,2021-04-29,17:15,Sport Huancayo pe,1.0,py River Plate,2.0,,Estadio Nacional,Nicolás Gallo,,https://fbref.com/en/matches/44a30d88/Sport-Huancayo-River-Plate-Asuncion-April-29-2021-Copa-Sudamericana,pe,Sport Huancayo,py,River Plate
Copa Sudamericana,M,,2021,,Group stage,2,Thu,2021-04-29,18:15,Wilstermann bo,0.0,bo Bolívar,0.0,,Estadio Félix Capriles,Andrés Rojas,,https://fbref.com/en/matches/b22be93e/Jorge-Wilstermann-Bolivar-April-29-2021-Copa-Sudamericana,bo,Wilstermann,bo,Bolívar
Copa Sudamericana,M,,2021,,Group stage,2,Thu,2021-04-29,19:15,Corinthians br,0.0,uy Peñarol,2.0,,Neo Química Arena,Facundo Tello,,https://fbref.com/en/matches/6175fcd5/Corinthians-Penarol-April-29-2021-Copa-Sudamericana,br,Corinthians,uy,Peñarol
Copa Sudamericana,M,,2021,,Group stage,2,Thu,2021-04-29,19:30,La Equidad co,2.0,ve Aragua,1.0,,Estadio Metropolitano de Techo,Michael Espinoza,,https://fbref.com/en/matches/57cdb19d/La-Equidad-Aragua-April-29-2021-Copa-Sudamericana,co,La Equidad,ve,Aragua
Copa Sudamericana,M,,2021,,Group stage,2,Thu,2021-04-29,20:30,Palestino cl,0.0,br Atl Goianiense,1.0,,Estadio CODELCO-El Teniente,Augusto Menéndez,,https://fbref.com/en/matches/fdfd1ff1/Palestino-Atletico-Goianiense-April-29-2021-Copa-Sudamericana,cl,Palestino,br,Atl Goianiense
Copa Sudamericana,M,,2021,,Group stage,2,Thu,2021-04-29,21:30,Lanús ar,1.0,br Grêmio,2.0,,Estadio Ciudad de Lanús,Piero Maza,,https://fbref.com/en/matches/9b49717d/Lanus-Gremio-April-29-2021-Copa-Sudamericana,ar,Lanús,br,Grêmio
Copa Sudamericana,M,,2021,,Group stage,2,Thu,2021-04-29,21:30,Newell's OB ar,1.0,py Libertad,3.0,,Estadio Marcelo Alberto Bielsa,Esteban Ostojich,,https://fbref.com/en/matches/b6a773a5/Newells-OB-Libertad-April-29-2021-Copa-Sudamericana,ar,Newell's OB,py,Libertad
Copa Sudamericana,M,,2021,,Group stage,3,Tue,2021-05-04,18:15,Metropolitanos ve,3.0,ec SD Aucas,2.0,,Estadio Olímpico,Fernando Espinoza,,https://fbref.com/en/matches/9bdff427/Metropolitanos-SD-Aucas-May-4-2021-Copa-Sudamericana,ve,Metropolitanos,ec,SD Aucas
Copa Sudamericana,M,,2021,,Group stage,3,Tue,2021-05-04,19:15,Bahia br,2.0,ar Independiente,2.0,,Estádio Governador Roberto Santos,Roberto Tobar,,https://fbref.com/en/matches/f064ac81/Bahia-Independiente-May-4-2021-Copa-Sudamericana,br,Bahia,ar,Independiente
Copa Sudamericana,M,,2021,,Group stage,3,Tue,2021-05-04,19:30,Melgar pe,1.0,br Ath Paranaense,0.0,,Estadio Nacional,Carlos Betancourt,,https://fbref.com/en/matches/9fa6f71c/Melgar-Athletico-Paranaense-May-4-2021-Copa-Sudamericana,pe,Melgar,br,Ath Paranaense
Copa Sudamericana,M,,2021,,Group stage,3,Tue,2021-05-04,22:00,Palestino cl,0.0,ar Newell's OB,1.0,,Estadio CODELCO-El Teniente,Víctor Carrillo,,https://fbref.com/en/matches/aee4a0ff/Palestino-Newells-OB-May-4-2021-Copa-Sudamericana,cl,Palestino,ar,Newell's OB
Copa Sudamericana,M,,2021,,Group stage,3,Wed,2021-05-05,18:15,Huachipato cl,1.0,ar Rosario Cent,1.0,,Estadio Sausalito,Raphael Claus,,https://fbref.com/en/matches/63255679/Huachipato-Rosario-Cent-May-5-2021-Copa-Sudamericana,cl,Huachipato,ar,Rosario Cent
Copa Sudamericana,M,,2021,,Group stage,3,Wed,2021-05-05,18:15,Bolívar bo,0.0,br Ceará,0.0,,Estadio Hernando Siles,Daniel Fedorczuk,,https://fbref.com/en/matches/6916d01d/Bolivar-Ceara-May-5-2021-Copa-Sudamericana,bo,Bolívar,br,Ceará
Copa Sudamericana,M,,2021,,Group stage,3,Wed,2021-05-05,19:15,Torque uy,4.0,bo Guabirá,0.0,,Parque Alfredo Víctor Viera,Marlon Vera,,https://fbref.com/en/matches/8e3b53dd/Torque-Guabira-May-5-2021-Copa-Sudamericana,uy,Torque,bo,Guabirá
Copa Sudamericana,M,,2021,,Group stage,3,Wed,2021-05-05,21:30,Bragantino br,0.0,ar Talleres,1.0,,Estádio Nabi Abi Chedid,Nicolás Gamboa,,https://fbref.com/en/matches/e640b676/Bragantino-Talleres-May-5-2021-Copa-Sudamericana,br,Bragantino,ar,Talleres
Copa Sudamericana,M,,2021,,Group stage,3,Thu,2021-05-06,18:15,Libertad py,1.0,br Atl Goianiense,2.0,,Estadio Dr. Nicolás Leoz,Gery Vargas,,https://fbref.com/en/matches/0dbcbb43/Libertad-Atletico-Goianiense-May-6-2021-Copa-Sudamericana,py,Libertad,br,Atl Goianiense
Copa Sudamericana,M,,2021,,Group stage,3,Thu,2021-05-06,19:15,Grêmio br,8.0,ve Aragua,0.0,,Arena do Grêmio,Guillermo Guerrero,,https://fbref.com/en/matches/6cd3615e/Gremio-Aragua-May-6-2021-Copa-Sudamericana,br,Grêmio,ve,Aragua
Copa Sudamericana,M,,2021,,Group stage,3,Thu,2021-05-06,19:15,Arsenal ar,3.0,bo Wilstermann,0.0,,Estadio Julio Humberto Grondona,Angelo Hermosilla,,https://fbref.com/en/matches/ae43d49d/Arsenal-Jorge-Wilstermann-May-6-2021-Copa-Sudamericana,ar,Arsenal,bo,Wilstermann
Copa Sudamericana,M,,2021,,Group stage,3,Thu,2021-05-06,19:30,Sport Huancayo pe,0.0,br Corinthians,3.0,,Estadio Nacional,John J. Ospina,,https://fbref.com/en/matches/f8a68f5a/Sport-Huancayo-Corinthians-May-6-2021-Copa-Sudamericana,pe,Sport Huancayo,br,Corinthians
Copa Sudamericana,M,,2021,,Group stage,3,Thu,2021-05-06,21:00,La Equidad co,0.0,ar Lanús,1.0,,Estadio Metropolitano de Techo,Derlis López,,https://fbref.com/en/matches/2c9c5d10/La-Equidad-Lanus-May-6-2021-Copa-Sudamericana,co,La Equidad,ar,Lanús
Copa Sudamericana,M,,2021,,Group stage,3,Thu,2021-05-06,21:30,Peñarol uy,3.0,py River Plate,0.0,,Estadio Campeón del Siglo,Carlos Orbe,,https://fbref.com/en/matches/ca65d502/Penarol-River-Plate-Asuncion-May-6-2021-Copa-Sudamericana,uy,Peñarol,py,River Plate
Copa Sudamericana,M,,2021,,Group stage,3,Thu,2021-05-06,21:30,San Lorenzo ar,1.0,py 12 de Octubre,1.0,,Estadio Pedro Bidegaín,Wilton Pereira Sampaio,,https://fbref.com/en/matches/ce6a3c8c/San-Lorenzo-12-de-Octubre-May-6-2021-Copa-Sudamericana,ar,San Lorenzo,py,12 de Octubre
Copa Sudamericana,M,,2021,,Group stage,3,Fri,2021-05-07,19:00,Tolima co,1.0,ec CS Emelec,1.0,,Estadio Manuel Murillo Toro,Diego Haro,,https://fbref.com/en/matches/38f10acf/Tolima-CS-Emelec-May-7-2021-Copa-Sudamericana,co,Tolima,ec,CS Emelec
Copa Sudamericana,M,,2021,,Group stage,4,Tue,2021-05-11,18:15,Metropolitanos ve,0.0,br Ath Paranaense,1.0,,Estadio Olímpico,Derlis López,,https://fbref.com/en/matches/ee57e090/Metropolitanos-Athletico-Paranaense-May-11-2021-Copa-Sudamericana,ve,Metropolitanos,br,Ath Paranaense
Copa Sudamericana,M,,2021,,Group stage,4,Tue,2021-05-11,19:15,Bragantino br,2.0,ec CS Emelec,0.0,,Estádio Nabi Abi Chedid,Alexis Herrera,,https://fbref.com/en/matches/a612a620/Bragantino-CS-Emelec-May-11-2021-Copa-Sudamericana,br,Bragantino,ec,CS Emelec
Copa Sudamericana,M,,2021,,Group stage,4,Tue,2021-05-11,21:30,Talleres ar,0.0,co Tolima,0.0,,Estadio Mario Alberto Kempes,Andrés Matonte,,https://fbref.com/en/matches/9de542c6/Talleres-Tolima-May-11-2021-Copa-Sudamericana,ar,Talleres,co,Tolima
Copa Sudamericana,M,,2021,,Group stage,4,Tue,2021-05-11,21:30,Torque uy,1.0,ar Independiente,1.0,,Parque Alfredo Víctor Viera,José Méndez,,https://fbref.com/en/matches/fd160161/Torque-Independiente-May-11-2021-Copa-Sudamericana,uy,Torque,ar,Independiente
Copa Sudamericana,M,,2021,,Group stage,4,Wed,2021-05-12,18:15,12 de Octubre py,1.0,cl Huachipato,2.0,,Estadio Luis Alberto Salinas Tanasio,Flavio Rodrigues De Souza,,https://fbref.com/en/matches/534db78c/12-de-Octubre-Huachipato-May-12-2021-Copa-Sudamericana,py,12 de Octubre,cl,Huachipato
Copa Sudamericana,M,,2021,,Group stage,4,Wed,2021-05-12,19:15,Ceará br,0.0,ar Arsenal,0.0,,Estádio Castelão,Roberto Tobar,,https://fbref.com/en/matches/edb4b883/Ceara-Arsenal-May-12-2021-Copa-Sudamericana,br,Ceará,ar,Arsenal
Copa Sudamericana,M,,2021,,Group stage,4,Wed,2021-05-12,20:30,Bolívar bo,2.0,bo Wilstermann,2.0,,Estadio Hernando Siles,Kevin Ortega,,https://fbref.com/en/matches/e23da79b/Bolivar-Jorge-Wilstermann-May-12-2021-Copa-Sudamericana,bo,Bolívar,bo,Wilstermann
Copa Sudamericana,M,,2021,,Group stage,4,Wed,2021-05-12,21:30,San Lorenzo ar,1.0,ar Rosario Cent,2.0,,Estadio Pedro Bidegaín,Bruno Arleu de Araujo,,https://fbref.com/en/matches/04b337ae/San-Lorenzo-Rosario-Cent-May-12-2021-Copa-Sudamericana,ar,San Lorenzo,ar,Rosario Cent
Copa Sudamericana,M,,2021,,Group stage,4,Wed,2021-05-12,21:30,Atl Goianiense br,0.0,cl Palestino,0.0,,Estádio Antônio Accioly,Carlos Orbe,,https://fbref.com/en/matches/20276d4a/Atletico-Goianiense-Palestino-May-12-2021-Copa-Sudamericana,br,Atl Goianiense,cl,Palestino
Copa Sudamericana,M,,2021,,Group stage,4,Thu,2021-05-13,18:15,Aragua ve,1.0,co La Equidad,2.0,,Estadio Olímpico,Gery Vargas,,https://fbref.com/en/matches/7170fa34/Aragua-La-Equidad-May-13-2021-Copa-Sudamericana,ve,Aragua,co,La Equidad
Copa Sudamericana,M,,2021,,Group stage,4,Thu,2021-05-13,18:15,Guabirá bo,0.0,br Bahia,1.0,,Estadio Gilberto Parada,Juan Soto,,https://fbref.com/en/matches/a3375a8d/Guabira-Bahia-May-13-2021-Copa-Sudamericana,bo,Guabirá,br,Bahia
Copa Sudamericana,M,,2021,,Group stage,4,Thu,2021-05-13,19:15,Grêmio br,3.0,ar Lanús,1.0,,Arena do Grêmio,Daniel Fedorczuk,,https://fbref.com/en/matches/bf70d49e/Gremio-Lanus-May-13-2021-Copa-Sudamericana,br,Grêmio,ar,Lanús
Copa Sudamericana,M,,2021,,Group stage,4,Thu,2021-05-13,19:30,SD Aucas ec,2.0,pe Melgar,1.0,,Estadio Gonzalo Pozo Ripalda,Fernando Echenique,,https://fbref.com/en/matches/8dc8d0a6/SD-Aucas-Melgar-May-13-2021-Copa-Sudamericana,ec,SD Aucas,pe,Melgar
Copa Sudamericana,M,,2021,,Group stage,4,Thu,2021-05-13,20:30,Libertad py,1.0,ar Newell's OB,0.0,,Estadio Dr. Nicolás Leoz,Gustavo Tejera,,https://fbref.com/en/matches/192df653/Libertad-Newells-OB-May-13-2021-Copa-Sudamericana,py,Libertad,ar,Newell's OB
Copa Sudamericana,M,,2021,,Group stage,4,Thu,2021-05-13,20:30,River Plate py,2.0,pe Sport Huancayo,1.0,,Estadio Defensores del Chaco,Angelo Hermosilla,,https://fbref.com/en/matches/c13e624b/River-Plate-Asuncion-Sport-Huancayo-May-13-2021-Copa-Sudamericana,py,River Plate,pe,Sport Huancayo
Copa Sudamericana,M,,2021,,Group stage,4,Thu,2021-05-13,21:30,Peñarol uy,4.0,br Corinthians,0.0,,Estadio Campeón del Siglo,Néstor Pitana,,https://fbref.com/en/matches/b652c150/Penarol-Corinthians-May-13-2021-Copa-Sudamericana,uy,Peñarol,br,Corinthians
Copa Sudamericana,M,,2021,,Group stage,5,Tue,2021-05-18,18:15,River Plate py,2.0,uy Peñarol,1.0,,Estadio Defensores del Chaco,Fernando Echenique,,https://fbref.com/en/matches/0f92fff1/River-Plate-Asuncion-Penarol-May-18-2021-Copa-Sudamericana,py,River Plate,uy,Peñarol
Copa Sudamericana,M,,2021,,Group stage,5,Tue,2021-05-18,19:15,Independiente ar,1.0,br Bahia,0.0,,Estadio Libertadores de América,Andrés Rojas,,https://fbref.com/en/matches/83df2f1c/Independiente-Bahia-May-18-2021-Copa-Sudamericana,ar,Independiente,br,Bahia
Copa Sudamericana,M,,2021,,Group stage,5,Tue,2021-05-18,21:30,Talleres ar,0.0,br Bragantino,1.0,,Estadio Mario Alberto Kempes,Leodán González,,https://fbref.com/en/matches/4d8a7101/Talleres-Bragantino-May-18-2021-Copa-Sudamericana,ar,Talleres,br,Bragantino
Copa Sudamericana,M,,2021,,Group stage,5,Wed,2021-05-19,17:15,CS Emelec ec,2.0,co Tolima,0.0,,Estadio Banco del Pacífico,Gery Vargas,,https://fbref.com/en/matches/b131d856/CS-Emelec-Tolima-May-19-2021-Copa-Sudamericana,ec,CS Emelec,co,Tolima
Copa Sudamericana,M,,2021,,Group stage,5,Wed,2021-05-19,18:15,Wilstermann bo,1.0,ar Arsenal,2.0,,Estadio Félix Capriles,Carlos Betancourt,,https://fbref.com/en/matches/ec0047f5/Jorge-Wilstermann-Arsenal-May-19-2021-Copa-Sudamericana,bo,Wilstermann,ar,Arsenal
Copa Sudamericana,M,,2021,,Group stage,5,Wed,2021-05-19,19:15,Atl Goianiense br,0.0,py Libertad,0.0,,Estádio Antônio Accioly,Guillermo Guerrero,,https://fbref.com/en/matches/51c35db2/Atletico-Goianiense-Libertad-May-19-2021-Copa-Sudamericana,br,Atl Goianiense,py,Libertad
Copa Sudamericana,M,,2021,,Group stage,5,Wed,2021-05-19,19:30,SD Aucas ec,3.0,ve Metropolitanos,0.0,,Estadio Gonzalo Pozo Ripalda,Christian Aleman,,https://fbref.com/en/matches/99ae5458/SD-Aucas-Metropolitanos-May-19-2021-Copa-Sudamericana,ec,SD Aucas,ve,Metropolitanos
Copa Sudamericana,M,,2021,,Group stage,5,Wed,2021-05-19,21:30,Ath Paranaense br,1.0,pe Melgar,0.0,,Estádio Joaquim Américo Guimarães,Andrés Matonte,,https://fbref.com/en/matches/945b21f1/Athletico-Paranaense-Melgar-May-19-2021-Copa-Sudamericana,br,Ath Paranaense,pe,Melgar
Copa Sudamericana,M,,2021,,Group stage,5,Wed,2021-05-19,21:30,Rosario Cent ar,5.0,cl Huachipato,0.0,,Estadio Dr. Lisandro de la Torre,Christian Ferreyra,,https://fbref.com/en/matches/a2f23e31/Rosario-Cent-Huachipato-May-19-2021-Copa-Sudamericana,ar,Rosario Cent,cl,Huachipato
Copa Sudamericana,M,,2021,,Group stage,5,Thu,2021-05-20,18:15,12 de Octubre py,0.0,ar San Lorenzo,2.0,,Estadio Luis Alberto Salinas Tanasio,Rodolpho Toski Marques,,https://fbref.com/en/matches/7ae608e0/12-de-Octubre-San-Lorenzo-May-20-2021-Copa-Sudamericana,py,12 de Octubre,ar,San Lorenzo
Copa Sudamericana,M,,2021,,Group stage,5,Thu,2021-05-20,19:15,Ceará br,2.0,bo Bolívar,0.0,,Estádio Castelão,José Argote,,https://fbref.com/en/matches/23545e38/Ceara-Bolivar-May-20-2021-Copa-Sudamericana,br,Ceará,bo,Bolívar
Copa Sudamericana,M,,2021,,Group stage,5,Thu,2021-05-20,19:15,Newell's OB ar,3.0,cl Palestino,1.0,,Estadio Marcelo Alberto Bielsa,Daniel Fedorczuk,,https://fbref.com/en/matches/3d5f7c87/Newells-OB-Palestino-May-20-2021-Copa-Sudamericana,ar,Newell's OB,cl,Palestino
Copa Sudamericana,M,,2021,,Group stage,5,Thu,2021-05-20,20:30,Guabirá bo,0.0,uy Torque,4.0,,Estadio Gilberto Parada,Augusto Menéndez,,https://fbref.com/en/matches/097623f8/Guabira-Torque-May-20-2021-Copa-Sudamericana,bo,Guabirá,uy,Torque
Copa Sudamericana,M,,2021,,Group stage,5,Thu,2021-05-20,20:30,Aragua ve,2.0,br Grêmio,6.0,,Estadio Olímpico,Mario Díaz de Vivar,,https://fbref.com/en/matches/52db1c17/Aragua-Gremio-May-20-2021-Copa-Sudamericana,ve,Aragua,br,Grêmio
Copa Sudamericana,M,,2021,,Group stage,5,Thu,2021-05-20,21:30,Corinthians br,5.0,pe Sport Huancayo,0.0,,Neo Química Arena,Angelo Hermosilla,,https://fbref.com/en/matches/04e72cbb/Corinthians-Sport-Huancayo-May-20-2021-Copa-Sudamericana,br,Corinthians,pe,Sport Huancayo
Copa Sudamericana,M,,2021,,Group stage,5,Thu,2021-05-20,21:30,Lanús ar,4.0,co La Equidad,1.0,,Estadio Ciudad de Lanús,Gustavo Tejera,,https://fbref.com/en/matches/1c3c5c2c/Lanus-La-Equidad-May-20-2021-Copa-Sudamericana,ar,Lanús,co,La Equidad
Copa Sudamericana,M,,2021,,Group stage,6,Tue,2021-05-25,18:15,Palestino cl,1.0,py Libertad,2.0,,Estadio CODELCO-El Teniente,Christian Ferreyra,,https://fbref.com/en/matches/4b147fc7/Palestino-Libertad-May-25-2021-Copa-Sudamericana,cl,Palestino,py,Libertad
Copa Sudamericana,M,,2021,,Group stage,6,Tue,2021-05-25,19:15,Newell's OB ar,1.0,br Atl Goianiense,1.0,,Estadio Marcelo Alberto Bielsa,Nicolás Gallo,,https://fbref.com/en/matches/835f3db9/Newells-OB-Atletico-Goianiense-May-25-2021-Copa-Sudamericana,ar,Newell's OB,br,Atl Goianiense
Copa Sudamericana,M,,2021,,Group stage,6,Tue,2021-05-25,19:30,CS Emelec ec,1.0,ar Talleres,4.0,,Estadio Banco del Pacífico,Yender Herrera,,https://fbref.com/en/matches/54d30195/CS-Emelec-Talleres-May-25-2021-Copa-Sudamericana,ec,CS Emelec,ar,Talleres
Copa Sudamericana,M,,2021,,Group stage,6,Tue,2021-05-25,19:30,Tolima co,1.0,br Bragantino,2.0,,Estadio Manuel Murillo Toro,Jesús Valenzuela,,https://fbref.com/en/matches/f6feca9d/Tolima-Bragantino-May-25-2021-Copa-Sudamericana,co,Tolima,br,Bragantino
Copa Sudamericana,M,,2021,,Group stage,6,Wed,2021-05-26,18:15,Bahia br,2.0,uy Torque,4.0,,Estadio Gilberto Parada,Mario Díaz de Vivar,,https://fbref.com/en/matches/285a6ddf/Bahia-Torque-May-26-2021-Copa-Sudamericana,br,Bahia,uy,Torque
Copa Sudamericana,M,,2021,,Group stage,6,Wed,2021-05-26,19:15,Independiente ar,1.0,bo Guabirá,0.0,,Estadio Libertadores de América,Derlis López,,https://fbref.com/en/matches/4ead9664/Independiente-Guabira-May-26-2021-Copa-Sudamericana,ar,Independiente,bo,Guabirá
Copa Sudamericana,M,,2021,,Group stage,6,Wed,2021-05-26,19:30,Sport Huancayo pe,0.0,uy Peñarol,0.0,,Estadio Nacional,Facundo Tello,,https://fbref.com/en/matches/17734cad/Sport-Huancayo-Penarol-May-26-2021-Copa-Sudamericana,pe,Sport Huancayo,uy,Peñarol
Copa Sudamericana,M,,2021,,Group stage,6,Wed,2021-05-26,20:30,Huachipato cl,0.0,ar San Lorenzo,3.0,,Estadio Sausalito,Flavio Rodrigues De Souza,,https://fbref.com/en/matches/a51d3a57/Huachipato-San-Lorenzo-May-26-2021-Copa-Sudamericana,cl,Huachipato,ar,San Lorenzo
Copa Sudamericana,M,,2021,,Group stage,6,Wed,2021-05-26,21:30,Rosario Cent ar,0.0,py 12 de Octubre,0.0,,Estadio Dr. Lisandro de la Torre,Andrés Matonte,,https://fbref.com/en/matches/46f0a165/Rosario-Cent-12-de-Octubre-May-26-2021-Copa-Sudamericana,ar,Rosario Cent,py,12 de Octubre
Copa Sudamericana,M,,2021,,Group stage,6,Wed,2021-05-26,21:30,Corinthians br,4.0,py River Plate,0.0,,Neo Química Arena,José Argote,,https://fbref.com/en/matches/c5f5a130/Corinthians-River-Plate-Asuncion-May-26-2021-Copa-Sudamericana,br,Corinthians,py,River Plate
Copa Sudamericana,M,,2021,,Group stage,6,Thu,2021-05-27,18:15,Wilstermann bo,1.0,br Ceará,0.0,,Estadio Félix Capriles,Guillermo Guerrero,,https://fbref.com/en/matches/bcdb94ba/Jorge-Wilstermann-Ceara-May-27-2021-Copa-Sudamericana,bo,Wilstermann,br,Ceará
Copa Sudamericana,M,,2021,,Group stage,6,Thu,2021-05-27,19:15,Arsenal ar,3.0,bo Bolívar,1.0,,Estadio Julio Humberto Grondona,John J. Ospina,,https://fbref.com/en/matches/0da64d90/Arsenal-Bolivar-May-27-2021-Copa-Sudamericana,ar,Arsenal,bo,Bolívar
Copa Sudamericana,M,,2021,,Group stage,6,Thu,2021-05-27,19:30,Melgar pe,0.0,ve Metropolitanos,0.0,,Estadio Nacional,Gery Vargas,,https://fbref.com/en/matches/15d30750/Melgar-Metropolitanos-May-27-2021-Copa-Sudamericana,pe,Melgar,ve,Metropolitanos
Copa Sudamericana,M,,2021,,Group stage,6,Thu,2021-05-27,19:30,La Equidad co,0.0,br Grêmio,0.0,,Estadio Metropolitano de Techo,Marlon Vera,,https://fbref.com/en/matches/2fff7109/La-Equidad-Gremio-May-27-2021-Copa-Sudamericana,co,La Equidad,br,Grêmio
Copa Sudamericana,M,,2021,,Group stage,6,Thu,2021-05-27,21:30,Ath Paranaense br,4.0,ec SD Aucas,0.0,,Estádio Joaquim Américo Guimarães,Andrés Merlos,,https://fbref.com/en/matches/89bfe39d/Athletico-Paranaense-SD-Aucas-May-27-2021-Copa-Sudamericana,br,Ath Paranaense,ec,SD Aucas
Copa Sudamericana,M,,2021,,Group stage,6,Thu,2021-05-27,21:30,Lanús ar,0.0,ve Aragua,0.0,,Estadio Ciudad de Lanús,Michael Espinoza,,https://fbref.com/en/matches/e9f4d161/Lanus-Aragua-May-27-2021-Copa-Sudamericana,ar,Lanús,ve,Aragua
Copa Sudamericana,M,,2021,,Round of 16,,Tue,2021-07-13,17:15,LDU de Quito ec,0.0,br Grêmio,1.0,,Estadio Rodrigo Paz Delgado,Cristián Garay,Leg 1 of 2,https://fbref.com/en/matches/ee9e9927/LDU-de-Quito-Gremio-July-13-2021-Copa-Sudamericana,ec,LDU de Quito,br,Grêmio
Copa Sudamericana,M,,2021,,Round of 16,,Tue,2021-07-13,19:30,CD América co,0.0,br Ath Paranaense,1.0,,Estadio Hernán Ramírez Villegas,José Argote,Leg 1 of 2,https://fbref.com/en/matches/6a1134b0/CD-America-Athletico-Paranaense-July-13-2021-Copa-Sudamericana,co,CD América,br,Ath Paranaense
Copa Sudamericana,M,,2021,,Round of 16,,Wed,2021-07-14,17:15,Sporting Cristal pe,2.0,ar Arsenal,1.0,,Estadio Nacional,Guillermo Guerrero,Leg 1 of 2,https://fbref.com/en/matches/c49cd360/Sporting-Cristal-Arsenal-July-14-2021-Copa-Sudamericana,pe,Sporting Cristal,ar,Arsenal
Copa Sudamericana,M,,2021,,Round of 16,,Wed,2021-07-14,19:30,Junior co,3.0,py Libertad,4.0,,Estadio Metropolitano Roberto Meléndez,Wilton Pereira Sampaio,Leg 1 of 2,https://fbref.com/en/matches/17348a75/Junior-Libertad-July-14-2021-Copa-Sudamericana,co,Junior,py,Libertad
Copa Sudamericana,M,,2021,,Round of 16,,Wed,2021-07-14,19:30,Independiente ec,0.0,br Bragantino,2.0,,Estadio Rodrigo Paz Delgado,Roberto Tobar,Leg 1 of 2,https://fbref.com/en/matches/e3e2574f/Independiente-Bragantino-July-14-2021-Copa-Sudamericana,ec,Independiente,br,Bragantino
Copa Sudamericana,M,,2021,,Round of 16,,Thu,2021-07-15,19:15,Santos br,1.0,ar Independiente,0.0,,Estádio Urbano Caldeira,Wilmar Roldán,Leg 1 of 2,https://fbref.com/en/matches/237e68d2/Santos-Independiente-July-15-2021-Copa-Sudamericana,br,Santos,ar,Independiente
Copa Sudamericana,M,,2021,,Round of 16,,Thu,2021-07-15,20:30,Dep Táchira ve,2.0,ar Rosario Cent,2.0,,Estadio Polideportivo de Pueblo Nuevo,Flavio Rodrigues De Souza,Leg 1 of 2,https://fbref.com/en/matches/6b9ef4af/Deportivo-Tachira-Rosario-Cent-July-15-2021-Copa-Sudamericana,ve,Dep Táchira,ar,Rosario Cent
Copa Sudamericana,M,,2021,,Round of 16,,Thu,2021-07-15,21:30,Nacional uy,1.0,uy Peñarol,2.0,,Estadio Gran Parque Central,Néstor Pitana,Leg 1 of 2,https://fbref.com/en/matches/fd4e54f4/Nacional-Penarol-July-15-2021-Copa-Sudamericana,uy,Nacional,uy,Peñarol
Copa Sudamericana,M,,2021,,Round of 16,,Tue,2021-07-20,19:15,Grêmio br,1.0,ec LDU de Quito,2.0,,Arena do Grêmio,José Argote,Leg 2 of 2; LDU de Quito won,https://fbref.com/en/matches/aae679db/Gremio-LDU-de-Quito-July-20-2021-Copa-Sudamericana,br,Grêmio,ec,LDU de Quito
Copa Sudamericana,M,,2021,,Round of 16,,Tue,2021-07-20,21:30,Ath Paranaense br,4.0,co CD América,1.0,,Estádio Joaquim Américo Guimarães,Darío Herrera,Leg 2 of 2; Ath Paranaense won,https://fbref.com/en/matches/54c72d83/Athletico-Paranaense-CD-America-July-20-2021-Copa-Sudamericana,br,Ath Paranaense,co,CD América
Copa Sudamericana,M,,2021,,Round of 16,,Wed,2021-07-21,19:15,Arsenal ar,1.0,pe Sporting Cristal,1.0,,Estadio Julio Humberto Grondona,Raphael Claus,Leg 2 of 2; Sporting Cristal won,https://fbref.com/en/matches/64590d46/Arsenal-Sporting-Cristal-July-21-2021-Copa-Sudamericana,ar,Arsenal,pe,Sporting Cristal
Copa Sudamericana,M,,2021,,Round of 16,,Wed,2021-07-21,20:30,Libertad py,0.0,co Junior,1.0,,Estadio Defensores del Chaco,Andrés Matonte,Leg 2 of 2; Libertad won,https://fbref.com/en/matches/f8cf45f1/Libertad-Junior-July-21-2021-Copa-Sudamericana,py,Libertad,co,Junior
Copa Sudamericana,M,,2021,,Round of 16,,Wed,2021-07-21,21:30,Bragantino br,1.0,ec Independiente,1.0,,Estádio Nabi Abi Chedid,Carlos Betancourt,Leg 2 of 2; Bragantino won,https://fbref.com/en/matches/7e4e005e/Bragantino-Independiente-July-21-2021-Copa-Sudamericana,br,Bragantino,ec,Independiente
Copa Sudamericana,M,,2021,,Round of 16,,Thu,2021-07-22,19:15,Independiente ar,1.0,br Santos,1.0,,Estadio Libertadores de América,Diego Haro,Leg 2 of 2; Santos won,https://fbref.com/en/matches/e8815127/Independiente-Santos-July-22-2021-Copa-Sudamericana,ar,Independiente,br,Santos
Copa Sudamericana,M,,2021,,Round of 16,,Thu,2021-07-22,21:30,Rosario Cent ar,1.0,ve Dep Táchira,0.0,,Estadio Dr. Lisandro de la Torre,Daniel Fedorczuk,Leg 2 of 2; Rosario Cent won,https://fbref.com/en/matches/446188c7/Rosario-Cent-Deportivo-Tachira-July-22-2021-Copa-Sudamericana,ar,Rosario Cent,ve,Dep Táchira
Copa Sudamericana,M,,2021,,Round of 16,,Thu,2021-07-22,21:30,Peñarol uy,0.0,uy Nacional,1.0,,Estadio Campeón del Siglo,Anderson Daronco,Leg 2 of 2; Peñarol won,https://fbref.com/en/matches/4c4eef5c/Penarol-Nacional-July-22-2021-Copa-Sudamericana,uy,Peñarol,uy,Nacional
Copa Sudamericana,M,,2021,,Quarter-finals,,Tue,2021-08-10,19:15,Rosario Cent ar,3.0,br Bragantino,4.0,,Estadio Dr. Lisandro de la Torre,Diego Haro,Leg 1 of 2,https://fbref.com/en/matches/72b11a7d/Rosario-Cent-Bragantino-August-10-2021-Copa-Sudamericana,ar,Rosario Cent,br,Bragantino
Copa Sudamericana,M,,2021,,Quarter-finals,,Wed,2021-08-11,17:15,Sporting Cristal pe,1.0,uy Peñarol,3.0,,Estadio Nacional,Wilton Pereira Sampaio,Leg 1 of 2,https://fbref.com/en/matches/050ad7e7/Sporting-Cristal-Penarol-August-11-2021-Copa-Sudamericana,pe,Sporting Cristal,uy,Peñarol
Copa Sudamericana,M,,2021,,Quarter-finals,,Thu,2021-08-12,17:15,LDU de Quito ec,1.0,br Ath Paranaense,0.0,,Estadio Rodrigo Paz Delgado,Andrés Matonte,Leg 1 of 2,https://fbref.com/en/matches/459153a2/LDU-de-Quito-Athletico-Paranaense-August-12-2021-Copa-Sudamericana,ec,LDU de Quito,br,Ath Paranaense
Copa Sudamericana,M,,2021,,Quarter-finals,,Thu,2021-08-12,21:30,Santos br,2.0,py Libertad,1.0,,Estádio Urbano Caldeira,Leodán González,Leg 1 of 2,https://fbref.com/en/matches/ed2fb001/Santos-Libertad-August-12-2021-Copa-Sudamericana,br,Santos,py,Libertad
Copa Sudamericana,M,,2021,,Quarter-finals,,Tue,2021-08-17,19:15,Bragantino br,1.0,ar Rosario Cent,0.0,,Estádio Nabi Abi Chedid,Christian Ferreyra,Leg 2 of 2; Bragantino won,https://fbref.com/en/matches/d3e8313b/Bragantino-Rosario-Cent-August-17-2021-Copa-Sudamericana,br,Bragantino,ar,Rosario Cent
Copa Sudamericana,M,,2021,,Quarter-finals,,Wed,2021-08-18,19:15,Peñarol uy,1.0,pe Sporting Cristal,0.0,5000.0,Estadio Campeón del Siglo,Facundo Tello,Leg 2 of 2; Peñarol won,https://fbref.com/en/matches/3f422a84/Penarol-Sporting-Cristal-August-18-2021-Copa-Sudamericana,uy,Peñarol,pe,Sporting Cristal
Copa Sudamericana,M,,2021,,Quarter-finals,,Thu,2021-08-19,19:15,Ath Paranaense br,4.0,ec LDU de Quito,2.0,,Estádio Joaquim Américo Guimarães,Eber Aguino,Leg 2 of 2; Ath Paranaense won,https://fbref.com/en/matches/8e8d76b6/Athletico-Paranaense-LDU-de-Quito-August-19-2021-Copa-Sudamericana,br,Ath Paranaense,ec,LDU de Quito
Copa Sudamericana,M,,2021,,Quarter-finals,,Thu,2021-08-19,20:30,Libertad py,1.0,br Santos,0.0,,Estadio Defensores del Chaco,Alexis Herrera,Leg 2 of 2; Libertad won,https://fbref.com/en/matches/a3c44ad0/Libertad-Santos-August-19-2021-Copa-Sudamericana,py,Libertad,br,Santos
Copa Sudamericana,M,,2021,,Semi-finals,,Wed,2021-09-22,19:15,Bragantino br,2.0,py Libertad,0.0,1203.0,Estádio Nabi Abi Chedid,Facundo Tello,Leg 1 of 2,https://fbref.com/en/matches/7d04f01e/Bragantino-Libertad-September-22-2021-Copa-Sudamericana,br,Bragantino,py,Libertad
Copa Sudamericana,M,,2021,,Semi-finals,,Thu,2021-09-23,21:30,Peñarol uy,1.0,br Ath Paranaense,2.0,,Estadio Campeón del Siglo,Diego Haro,Leg 1 of 2,https://fbref.com/en/matches/cce58a34/Penarol-Athletico-Paranaense-September-23-2021-Copa-Sudamericana,uy,Peñarol,br,Ath Paranaense
Copa Sudamericana,M,,2021,,Semi-finals,,Wed,2021-09-29,18:15,Libertad py,1.0,br Bragantino,3.0,787.0,Estadio Defensores del Chaco,Néstor Pitana,Leg 2 of 2; Bragantino won,https://fbref.com/en/matches/40e7e664/Libertad-Bragantino-September-29-2021-Copa-Sudamericana,py,Libertad,br,Bragantino
Copa Sudamericana,M,,2021,,Semi-finals,,Thu,2021-09-30,21:30,Ath Paranaense br,2.0,uy Peñarol,0.0,,Estádio Joaquim Américo Guimarães,Jesús Valenzuela,Leg 2 of 2; Ath Paranaense won,https://fbref.com/en/matches/b21bb0bb/Athletico-Paranaense-Penarol-September-30-2021-Copa-Sudamericana,br,Ath Paranaense,uy,Peñarol
Copa Sudamericana,M,,2021,,Finals,,Sat,2021-11-20,17:00,Ath Paranaense br,1.0,br Bragantino,0.0,,Estadio Centenario,Andrés Matonte,,https://fbref.com/en/matches/8aa116c8/Athletico-Paranaense-Bragantino-November-20-2021-Copa-Sudamericana,br,Ath Paranaense,br,Bragantino
Copa Sudamericana,M,,2022,,First stage,,Tue,2022-03-08,18:15,Estud Mérida ve,0.0,ve Metropolitanos,2.0,,Estadio Olímpico Metropolitano de Mérida,Ivo Méndez,Leg 1 of 2,https://fbref.com/en/matches/94716955/Estudiantes-de-Merida-Metropolitanos-March-8-2022-Copa-Sudamericana,ve,Estud Mérida,ve,Metropolitanos
Copa Sudamericana,M,,2022,,First stage,,Tue,2022-03-08,18:15,Royal Parí bo,2.0,bo Oriente Petrolero,3.0,,Estadio Ramón Aguilera Costas,José Méndez,Leg 1 of 2,https://fbref.com/en/matches/c39eca12/Royal-Pari-Oriente-Petrolero-March-8-2022-Copa-Sudamericana,bo,Royal Parí,bo,Oriente Petrolero
Copa Sudamericana,M,,2022,,First stage,,Tue,2022-03-08,19:15,Sol de América py,0.0,py Club General Caballero JLM,3.0,275.0,Estadio Defensores del Chaco,Augusto Menéndez,Leg 1 of 2,https://fbref.com/en/matches/e3235241/Club-Sol-de-America-Club-General-Caballero-JLM-March-8-2022-Copa-Sudamericana,py,Sol de América,py,Club General Caballero JLM
Copa Sudamericana,M,,2022,,First stage,,Tue,2022-03-08,19:30,Cienciano pe,1.0,pe Melgar,1.0,,Estadio Inca Garcilaso de la Vega,Nicolás Gamboa,Leg 1 of 2,https://fbref.com/en/matches/7917fbd6/Cienciano-Melgar-March-8-2022-Copa-Sudamericana,pe,Cienciano,pe,Melgar
Copa Sudamericana,M,,2022,,First stage,,Tue,2022-03-08,21:30,Ñublense cl,0.0,cl La Calera,0.0,,Estadio Bicentenario Municipal Nelson Oy...,Luis Quiroz,Leg 1 of 2,https://fbref.com/en/matches/22fafc57/Nublense-La-Calera-March-8-2022-Copa-Sudamericana,cl,Ñublense,cl,La Calera
Copa Sudamericana,M,,2022,,First stage,,Wed,2022-03-09,19:15,Liverpool uy,0.0,uy River Plate,1.0,1168.0,Estadio Centenario,Yender Herrera,Leg 1 of 2,https://fbref.com/en/matches/805dae6d/Liverpool-River-Plate-March-9-2022-Copa-Sudamericana,uy,Liverpool,uy,River Plate
Copa Sudamericana,M,,2022,,First stage,,Wed,2022-03-09,19:30,Mushuc Runa ec,0.0,ec LDU de Quito,2.0,,Estadio Bellavista de Ambato,Carlos Betancourt,Leg 1 of 2,https://fbref.com/en/matches/4161b3a2/Mushuc-Runa-LDU-de-Quito-March-9-2022-Copa-Sudamericana,ec,Mushuc Runa,ec,LDU de Quito
Copa Sudamericana,M,,2022,,First stage,,Wed,2022-03-09,19:30,Ayacucho pe,2.0,pe Sport Boys,0.0,,Estadio Huancayo,Piero Maza,Leg 1 of 2,https://fbref.com/en/matches/436e5013/Ayacucho-Sport-Boys-March-9-2022-Copa-Sudamericana,pe,Ayacucho,pe,Sport Boys
Copa Sudamericana,M,,2022,,First stage,,Wed,2022-03-09,19:30,Independiente co,2.0,co CD América,1.0,,Estadio Atanasio Girardot,Flavio Rodrigues De Souza,Leg 1 of 2,https://fbref.com/en/matches/a57e4c7a/Independiente-CD-America-March-9-2022-Copa-Sudamericana,co,Independiente,co,CD América
Copa Sudamericana,M,,2022,,First stage,,Thu,2022-03-10,18:15,CD Hermanos Colmenarez ve,2.0,ve Dep La Guaira,0.0,989.0,Estadio Rafael Agustín Tovar,Dilio Rodríguez,Leg 1 of 2,https://fbref.com/en/matches/a7e8d07e/CD-Hermanos-Colmenarez-Deportivo-La-Guaira-March-10-2022-Copa-Sudamericana,ve,CD Hermanos Colmenarez,ve,Dep La Guaira
Copa Sudamericana,M,,2022,,First stage,,Thu,2022-03-10,19:15,Unión Española cl,1.0,cl Antofagasta,2.0,,Estadio Santa Laura-Universidad SEK,Marlon Vera,Leg 1 of 2,https://fbref.com/en/matches/d4ee7145/Union-Espanola-Antofagasta-March-10-2022-Copa-Sudamericana,cl,Unión Española,cl,Antofagasta
Copa Sudamericana,M,,2022,,First stage,,Thu,2022-03-10,19:15,Nacional py,0.0,py Guaireña FC,1.0,1054.0,Estadio Defensores del Chaco,Kevin Ortega,Leg 1 of 2,https://fbref.com/en/matches/ed5b4f23/Nacional-Asuncion-Guairena-FC-March-10-2022-Copa-Sudamericana,py,Nacional,py,Guaireña FC
Copa Sudamericana,M,,2022,,First stage,,Thu,2022-03-10,19:30,Delfín SC ec,1.0,ec Club 9 de Octubre,1.0,,Estadio Jocay,Carlos Ortega,Leg 1 of 2,https://fbref.com/en/matches/d9e7ae5f/Delfin-SC-Club-9-de-Octubre-March-10-2022-Copa-Sudamericana,ec,Delfín SC,ec,Club 9 de Octubre
Copa Sudamericana,M,,2022,,First stage,,Thu,2022-03-10,19:30,La Equidad co,0.0,co Junior,0.0,,Estadio Metropolitano de Techo,Gustavo Tejera,Leg 1 of 2,https://fbref.com/en/matches/ec9295ea/La-Equidad-Junior-March-10-2022-Copa-Sudamericana,co,La Equidad,co,Junior
Copa Sudamericana,M,,2022,,First stage,,Thu,2022-03-10,20:30,Wilstermann bo,4.0,bo Guabirá,0.0,,Estadio Félix Capriles,Derlis López,Leg 1 of 2,https://fbref.com/en/matches/b235e0e5/Jorge-Wilstermann-Guabira-March-10-2022-Copa-Sudamericana,bo,Wilstermann,bo,Guabirá
Copa Sudamericana,M,,2022,,First stage,,Thu,2022-03-10,21:30,Wanderers uy,2.0,uy Cerro Largo,1.0,,Parque Alfredo Víctor Viera,Ángel Arteaga,Leg 1 of 2,https://fbref.com/en/matches/7121dc0f/Montevideo-Wanderers-Cerro-Largo-March-10-2022-Copa-Sudamericana,uy,Wanderers,uy,Cerro Largo
Copa Sudamericana,M,,2022,,First stage,,Tue,2022-03-15,18:15,Oriente Petrolero bo,3.0,bo Royal Parí,0.0,11992.0,Estadio Ramón Aguilera Costas,Augusto Aragón,Leg 2 of 2; Oriente Petrolero won,https://fbref.com/en/matches/1400af25/Oriente-Petrolero-Royal-Pari-March-15-2022-Copa-Sudamericana,bo,Oriente Petrolero,bo,Royal Parí
Copa Sudamericana,M,,2022,,First stage,,Tue,2022-03-15,18:15,Metropolitanos ve,4.0,ve Estud Mérida,0.0,,Estadio Olímpico,Juan Benítez,Leg 2 of 2; Metropolitanos won,https://fbref.com/en/matches/7c5e4c7e/Metropolitanos-Estudiantes-de-Merida-March-15-2022-Copa-Sudamericana,ve,Metropolitanos,ve,Estud Mérida
Copa Sudamericana,M,,2022,,First stage,,Tue,2022-03-15,19:15,Club General Caballero JLM py,2.0,py Sol de América,1.0,,Estadio Defensores del Chaco,Piero Maza,Leg 2 of 2; Club General Caballero JLM won,https://fbref.com/en/matches/cbdf7b86/Club-General-Caballero-JLM-Club-Sol-de-America-March-15-2022-Copa-Sudamericana,py,Club General Caballero JLM,py,Sol de América
Copa Sudamericana,M,,2022,,First stage,,Tue,2022-03-15,19:30,Melgar pe,1.0,pe Cienciano,0.0,,Estadio de la Universidad Nacional San A...,Andrés Rojas,Leg 2 of 2; Melgar won,https://fbref.com/en/matches/5f527431/Melgar-Cienciano-March-15-2022-Copa-Sudamericana,pe,Melgar,pe,Cienciano
Copa Sudamericana,M,,2022,,First stage,,Tue,2022-03-15,21:30,La Calera cl,2.0,cl Ñublense,1.0,,Estadio Sausalito,Gery Vargas,Leg 2 of 2; La Calera won,https://fbref.com/en/matches/764aa23e/La-Calera-Nublense-March-15-2022-Copa-Sudamericana,cl,La Calera,cl,Ñublense
Copa Sudamericana,M,,2022,,First stage,,Wed,2022-03-16,19:15,River Plate uy,2.0,uy Liverpool,0.0,,Parque Alfredo Víctor Viera,Nicolás Lamolina,Leg 2 of 2; River Plate won,https://fbref.com/en/matches/38b18114/River-Plate-Liverpool-March-16-2022-Copa-Sudamericana,uy,River Plate,uy,Liverpool
Copa Sudamericana,M,,2022,,First stage,,Wed,2022-03-16,19:30,CD América co,2.0,co Independiente,2.0,,Estadio Olímpico Pascual Guerrero,Alexis Herrera,Leg 2 of 2; Independiente won; Independiente won on penalty kicks following extra time,https://fbref.com/en/matches/aa7d9ebd/CD-America-Independiente-March-16-2022-Copa-Sudamericana,co,CD América,co,Independiente
Copa Sudamericana,M,,2022,,First stage,,Wed,2022-03-16,19:30,Sport Boys pe,3.0,pe Ayacucho,2.0,,Estadio Miguel Grau del Callao,Ivo Méndez,Leg 2 of 2; Ayacucho won,https://fbref.com/en/matches/f517722c/Sport-Boys-Ayacucho-March-16-2022-Copa-Sudamericana,pe,Sport Boys,pe,Ayacucho
Copa Sudamericana,M,,2022,,First stage,,Wed,2022-03-16,19:30,LDU de Quito ec,1.0,ec Mushuc Runa,1.0,,Estadio Rodrigo Paz Delgado,Leodán González,Leg 2 of 2; LDU de Quito won,https://fbref.com/en/matches/fb3dc899/LDU-de-Quito-Mushuc-Runa-March-16-2022-Copa-Sudamericana,ec,LDU de Quito,ec,Mushuc Runa
Copa Sudamericana,M,,2022,,First stage,,Thu,2022-03-17,18:15,Dep La Guaira ve,3.0,ve CD Hermanos Colmenarez,0.0,,Estadio Olímpico,Derlis López,Leg 2 of 2; Dep La Guaira won,https://fbref.com/en/matches/3b267f6b/Deportivo-La-Guaira-CD-Hermanos-Colmenarez-March-17-2022-Copa-Sudamericana,ve,Dep La Guaira,ve,CD Hermanos Colmenarez
Copa Sudamericana,M,,2022,,First stage,,Thu,2022-03-17,19:15,Guaireña FC py,0.0,py Nacional,0.0,411.0,Estadio Defensores del Chaco,José Argote,Leg 2 of 2; Guaireña FC won,https://fbref.com/en/matches/b45ccfc6/Guairena-FC-Nacional-Asuncion-March-17-2022-Copa-Sudamericana,py,Guaireña FC,py,Nacional
Copa Sudamericana,M,,2022,,First stage,,Thu,2022-03-17,19:15,Antofagasta cl,0.0,cl Unión Española,0.0,,Estadio Regional Calvo y Bascuñán,John J. Ospina,Leg 2 of 2; Antofagasta won; Antofagasta won on penalty kicks following extra time,https://fbref.com/en/matches/ff9879ee/Antofagasta-Union-Espanola-March-17-2022-Copa-Sudamericana,cl,Antofagasta,cl,Unión Española
Copa Sudamericana,M,,2022,,First stage,,Thu,2022-03-17,19:30,Junior co,3.0,co La Equidad,1.0,,Estadio Metropolitano Roberto Meléndez,Raphael Claus,Leg 2 of 2; Junior won,https://fbref.com/en/matches/5b0e8e11/Junior-La-Equidad-March-17-2022-Copa-Sudamericana,co,Junior,co,La Equidad
Copa Sudamericana,M,,2022,,First stage,,Thu,2022-03-17,19:30,Club 9 de Octubre ec,2.0,ec Delfín SC,0.0,,Estadio Modelo Alberto Spencer Herrera,Cristián Garay,Leg 2 of 2; Club 9 de Octubre won,https://fbref.com/en/matches/a5416131/Club-9-de-Octubre-Delfin-SC-March-17-2022-Copa-Sudamericana,ec,Club 9 de Octubre,ec,Delfín SC
Copa Sudamericana,M,,2022,,First stage,,Thu,2022-03-17,20:30,Guabirá bo,3.0,bo Wilstermann,0.0,,Estadio Gilberto Parada,Guillermo Guerrero,Leg 2 of 2; Wilstermann won,https://fbref.com/en/matches/7e7d56ec/Guabira-Jorge-Wilstermann-March-17-2022-Copa-Sudamericana,bo,Guabirá,bo,Wilstermann
Copa Sudamericana,M,,2022,,First stage,,Thu,2022-03-17,21:30,Cerro Largo uy,0.0,uy Wanderers,1.0,,Estadio Centenario,Kevin Ortega,Leg 2 of 2; Wanderers won,https://fbref.com/en/matches/bed0aff2/Cerro-Largo-Montevideo-Wanderers-March-17-2022-Copa-Sudamericana,uy,Cerro Largo,uy,Wanderers
Copa Sudamericana,M,,2022,,Group stage,1,Tue,2022-04-05,17:15,Univ Católica ec,0.0,cl La Calera,0.0,,Estadio Olímpico Atahualpa,Juan López,,https://fbref.com/en/matches/f6d4dc50/Univ-Catolica-La-Calera-April-5-2022-Copa-Sudamericana,ec,Univ Católica,cl,La Calera
Copa Sudamericana,M,,2022,,Group stage,1,Tue,2022-04-05,19:15,Banfield ar,1.0,br Santos,0.0,,Estadio Florencio Solá,Derlis López,,https://fbref.com/en/matches/66d39a23/Banfield-Santos-April-5-2022-Copa-Sudamericana,ar,Banfield,br,Santos
Copa Sudamericana,M,,2022,,Group stage,1,Tue,2022-04-05,19:15,Ceará br,2.0,ar Independiente,1.0,,Estádio Castelão,Leodán González,,https://fbref.com/en/matches/f485a2ae/Ceara-Independiente-April-5-2022-Copa-Sudamericana,br,Ceará,ar,Independiente
Copa Sudamericana,M,,2022,,Group stage,1,Tue,2022-04-05,20:30,CD Everton cl,1.0,bo Wilstermann,1.0,,Estadio Sausalito,Yael Falcón,,https://fbref.com/en/matches/e45dd526/CD-Everton-Jorge-Wilstermann-April-5-2022-Copa-Sudamericana,cl,CD Everton,bo,Wilstermann
Copa Sudamericana,M,,2022,,Group stage,1,Tue,2022-04-05,21:30,Atl Goianiense br,4.0,ec LDU de Quito,0.0,4877.0,Estádio Antônio Accioly,Gery Vargas,,https://fbref.com/en/matches/9f1d3488/Atletico-Goianiense-LDU-de-Quito-April-5-2022-Copa-Sudamericana,br,Atl Goianiense,ec,LDU de Quito
Copa Sudamericana,M,,2022,,Group stage,1,Wed,2022-04-06,18:15,Club General Caballero JLM py,1.0,ve Dep La Guaira,1.0,,Estadio Defensores del Chaco,Roberto Pérez,,https://fbref.com/en/matches/794e3c28/Club-General-Caballero-JLM-Deportivo-La-Guaira-April-6-2022-Copa-Sudamericana,py,Club General Caballero JLM,ve,Dep La Guaira
Copa Sudamericana,M,,2022,,Group stage,1,Wed,2022-04-06,19:15,CA Unión ar,1.0,co Junior,1.0,,Estadio 15 de Abril,Andrés Matonte,,https://fbref.com/en/matches/3a19797b/CA-Union-Junior-April-6-2022-Copa-Sudamericana,ar,CA Unión,co,Junior
Copa Sudamericana,M,,2022,,Group stage,1,Wed,2022-04-06,19:15,Fluminense br,3.0,bo Oriente Petrolero,0.0,,Estadio Jornalista Mário Filho,José Argote,,https://fbref.com/en/matches/e0806721/Fluminense-Oriente-Petrolero-April-6-2022-Copa-Sudamericana,br,Fluminense,bo,Oriente Petrolero
Copa Sudamericana,M,,2022,,Group stage,1,Wed,2022-04-06,19:30,Club 9 de Octubre ec,2.0,br Internacional,2.0,,Estadio Jocay,Andrés Merlos,,https://fbref.com/en/matches/8299b04d/Club-9-de-Octubre-Internacional-April-6-2022-Copa-Sudamericana,ec,Club 9 de Octubre,br,Internacional
Copa Sudamericana,M,,2022,,Group stage,1,Wed,2022-04-06,20:30,Antofagasta cl,1.0,ar Defensa y Just,3.0,,Estadio Regional Calvo y Bascuñán,Nicolás Gallo,,https://fbref.com/en/matches/b5ec78c2/Antofagasta-Defensa-y-Just-April-6-2022-Copa-Sudamericana,cl,Antofagasta,ar,Defensa y Just
Copa Sudamericana,M,,2022,,Group stage,1,Thu,2022-04-07,18:15,Cuiabá br,2.0,pe Melgar,0.0,,Arena Pantanal,Ivo Méndez,,https://fbref.com/en/matches/89a6e4ac/Cuiaba-Melgar-April-7-2022-Copa-Sudamericana,br,Cuiabá,pe,Melgar
Copa Sudamericana,M,,2022,,Group stage,1,Thu,2022-04-07,19:15,River Plate uy,0.0,ar Racing Club,1.0,,Estadio Centenario,Guillermo Guerrero,,https://fbref.com/en/matches/73a5b6a8/River-Plate-Racing-Club-April-7-2022-Copa-Sudamericana,uy,River Plate,ar,Racing Club
Copa Sudamericana,M,,2022,,Group stage,1,Thu,2022-04-07,19:30,Barcelona SC ec,4.0,uy Wanderers,2.0,12069.0,Estadio Monumental Isidro Romero Carbo,Mario Díaz de Vivar,,https://fbref.com/en/matches/a79d4110/Barcelona-SC-Montevideo-Wanderers-April-7-2022-Copa-Sudamericana,ec,Barcelona SC,uy,Wanderers
Copa Sudamericana,M,,2022,,Group stage,1,Thu,2022-04-07,19:30,Ayacucho pe,2.0,br São Paulo,3.0,,Estadio Inca Garcilaso de la Vega,Augusto Aragón,,https://fbref.com/en/matches/d831fec4/Ayacucho-Sao-Paulo-April-7-2022-Copa-Sudamericana,pe,Ayacucho,br,São Paulo
Copa Sudamericana,M,,2022,,Group stage,1,Thu,2022-04-07,20:30,Guaireña FC py,3.0,co Independiente,3.0,,Estadio Defensores del Chaco,Augusto Menéndez,,https://fbref.com/en/matches/0e712c50/Guairena-FC-Independiente-April-7-2022-Copa-Sudamericana,py,Guaireña FC,co,Independiente
Copa Sudamericana,M,,2022,,Group stage,1,Thu,2022-04-07,20:30,Metropolitanos ve,0.0,ar Lanús,0.0,,Estadio Olímpico,Flavio Rodrigues De Souza,,https://fbref.com/en/matches/25f7cb22/Metropolitanos-Lanus-April-7-2022-Copa-Sudamericana,ve,Metropolitanos,ar,Lanús
Copa Sudamericana,M,,2022,,Group stage,2,Tue,2022-04-12,18:15,Oriente Petrolero bo,1.0,ar CA Unión,3.0,,Estadio Ramón Aguilera Costas,Marlon Vera,,https://fbref.com/en/matches/059ddf1d/Oriente-Petrolero-CA-Union-April-12-2022-Copa-Sudamericana,bo,Oriente Petrolero,ar,CA Unión
Copa Sudamericana,M,,2022,,Group stage,2,Tue,2022-04-12,18:15,Dep La Guaira ve,0.0,br Ceará,2.0,,Estadio Olímpico,Ivo Méndez,,https://fbref.com/en/matches/0993c4f3/Deportivo-La-Guaira-Ceara-April-12-2022-Copa-Sudamericana,ve,Dep La Guaira,br,Ceará
Copa Sudamericana,M,,2022,,Group stage,2,Tue,2022-04-12,19:30,LDU de Quito ec,4.0,cl Antofagasta,0.0,,Estadio Rodrigo Paz Delgado,Augusto Méndez,,https://fbref.com/en/matches/c281b3e5/LDU-de-Quito-Antofagasta-April-12-2022-Copa-Sudamericana,ec,LDU de Quito,cl,Antofagasta
Copa Sudamericana,M,,2022,,Group stage,2,Tue,2022-04-12,21:30,Independiente ar,2.0,py Club General Caballero JLM,0.0,,Estadio Libertadores de América,Guillermo Guerrero,,https://fbref.com/en/matches/10cfdbb2/Independiente-Club-General-Caballero-JLM-April-12-2022-Copa-Sudamericana,ar,Independiente,py,Club General Caballero JLM
Copa Sudamericana,M,,2022,,Group stage,2,Tue,2022-04-12,21:30,Defensa y Just ar,0.0,br Atl Goianiense,1.0,,Estadio Norberto Tito Tomaghello,Carlos Betancourt,,https://fbref.com/en/matches/92bb1f68/Defensa-y-Just-Atletico-Goianiense-April-12-2022-Copa-Sudamericana,ar,Defensa y Just,br,Atl Goianiense
Copa Sudamericana,M,,2022,,Group stage,2,Wed,2022-04-13,17:15,Melgar pe,2.0,uy River Plate,0.0,,Estadio de la Universidad Nacional San A...,Franklin Congo,,https://fbref.com/en/matches/4624ee4f/Melgar-River-Plate-April-13-2022-Copa-Sudamericana,pe,Melgar,uy,River Plate
Copa Sudamericana,M,,2022,,Group stage,2,Wed,2022-04-13,19:15,Santos br,3.0,ec Univ Católica,2.0,,Estádio Urbano Caldeira,José Argote,,https://fbref.com/en/matches/81ccab40/Santos-Univ-Catolica-April-13-2022-Copa-Sudamericana,br,Santos,ec,Univ Católica
Copa Sudamericana,M,,2022,,Group stage,2,Wed,2022-04-13,19:15,Racing Club ar,2.0,br Cuiabá,0.0,,Estadio Presidente Juan Domingo Perón,Mario Díaz de Vivar,,https://fbref.com/en/matches/e620fc7c/Racing-Club-Cuiaba-April-13-2022-Copa-Sudamericana,ar,Racing Club,br,Cuiabá
Copa Sudamericana,M,,2022,,Group stage,2,Wed,2022-04-13,19:30,Junior co,3.0,br Fluminense,0.0,,Estadio Metropolitano Roberto Meléndez,Alexis Herrera,,https://fbref.com/en/matches/9df81ca1/Junior-Fluminense-April-13-2022-Copa-Sudamericana,co,Junior,br,Fluminense
Copa Sudamericana,M,,2022,,Group stage,2,Wed,2022-04-13,20:30,Wilstermann bo,0.0,pe Ayacucho,2.0,,Estadio Félix Capriles,Álex Cajas,,https://fbref.com/en/matches/9b4d73cb/Jorge-Wilstermann-Ayacucho-April-13-2022-Copa-Sudamericana,bo,Wilstermann,pe,Ayacucho
Copa Sudamericana,M,,2022,,Group stage,2,Thu,2022-04-14,18:15,La Calera cl,1.0,ar Banfield,0.0,,Estadio Sausalito,Juan Benítez,,https://fbref.com/en/matches/c6ce240b/La-Calera-Banfield-April-14-2022-Copa-Sudamericana,cl,La Calera,ar,Banfield
Copa Sudamericana,M,,2022,,Group stage,2,Thu,2022-04-14,19:15,Wanderers uy,1.0,ve Metropolitanos,1.0,,Estadio Centenario,Braulio da Silva Machado,,https://fbref.com/en/matches/38db5241/Montevideo-Wanderers-Metropolitanos-April-14-2022-Copa-Sudamericana,uy,Wanderers,ve,Metropolitanos
Copa Sudamericana,M,,2022,,Group stage,2,Thu,2022-04-14,19:15,São Paulo br,2.0,cl CD Everton,0.0,,Estádio do Morumbi,Pablo Echavarría,,https://fbref.com/en/matches/4c7a1f86/Sao-Paulo-CD-Everton-April-14-2022-Copa-Sudamericana,br,São Paulo,cl,CD Everton
Copa Sudamericana,M,,2022,,Group stage,2,Thu,2022-04-14,19:30,Independiente co,2.0,ec Club 9 de Octubre,1.0,,Estadio Atanasio Girardot,Yender Herrera,,https://fbref.com/en/matches/33cc1f4c/Independiente-Club-9-de-Octubre-April-14-2022-Copa-Sudamericana,co,Independiente,ec,Club 9 de Octubre
Copa Sudamericana,M,,2022,,Group stage,2,Thu,2022-04-14,21:30,Internacional br,1.0,py Guaireña FC,1.0,,Estádio José Pinheiro Borba,Gery Vargas,,https://fbref.com/en/matches/407e07ae/Internacional-Guairena-FC-April-14-2022-Copa-Sudamericana,br,Internacional,py,Guaireña FC
Copa Sudamericana,M,,2022,,Group stage,2,Thu,2022-04-14,21:30,Lanús ar,3.0,ec Barcelona SC,1.0,,Estadio Ciudad de Lanús,Bruno Arleu de Araujo,,https://fbref.com/en/matches/f315efa2/Lanus-Barcelona-SC-April-14-2022-Copa-Sudamericana,ar,Lanús,ec,Barcelona SC
Copa Sudamericana,M,,2022,,Group stage,3,Tue,2022-04-26,18:15,Dep La Guaira ve,0.0,ar Independiente,2.0,,Estadio Olímpico,Nicolás Gallo,,https://fbref.com/en/matches/747a3ea6/Deportivo-La-Guaira-Independiente-April-26-2022-Copa-Sudamericana,ve,Dep La Guaira,ar,Independiente
Copa Sudamericana,M,,2022,,Group stage,3,Tue,2022-04-26,18:15,Club General Caballero JLM py,0.0,br Ceará,2.0,,Estadio Manuel Ferreira,Jhon Hinestroza,,https://fbref.com/en/matches/79c6f683/Club-General-Caballero-JLM-Ceara-April-26-2022-Copa-Sudamericana,py,Club General Caballero JLM,br,Ceará
Copa Sudamericana,M,,2022,,Group stage,3,Tue,2022-04-26,19:30,Independiente co,0.0,br Internacional,1.0,3932.0,Estadio Atanasio Girardot,Nicolás Lamolina,,https://fbref.com/en/matches/8f07c6b0/Independiente-Internacional-April-26-2022-Copa-Sudamericana,co,Independiente,br,Internacional
Copa Sudamericana,M,,2022,,Group stage,3,Tue,2022-04-26,20:30,CD Everton cl,2.0,pe Ayacucho,1.0,,Estadio Sausalito,Facundo Tello,,https://fbref.com/en/matches/6fcb4c58/CD-Everton-Ayacucho-April-26-2022-Copa-Sudamericana,cl,CD Everton,pe,Ayacucho
Copa Sudamericana,M,,2022,,Group stage,3,Tue,2022-04-26,21:30,Fluminense br,0.0,ar CA Unión,0.0,11140.0,Estadio Jornalista Mário Filho,Esteban Ostojich,,https://fbref.com/en/matches/7d8c32ca/Fluminense-CA-Union-April-26-2022-Copa-Sudamericana,br,Fluminense,ar,CA Unión
Copa Sudamericana,M,,2022,,Group stage,3,Wed,2022-04-27,17:15,Melgar pe,3.0,ar Racing Club,1.0,,Estadio de la Universidad Nacional San A...,Dilio Rodríguez,,https://fbref.com/en/matches/747128c8/Melgar-Racing-Club-April-27-2022-Copa-Sudamericana,pe,Melgar,ar,Racing Club
Copa Sudamericana,M,,2022,,Group stage,3,Wed,2022-04-27,18:15,Guaireña FC py,1.0,ec Club 9 de Octubre,0.0,,Estadio Defensores del Chaco,Christian Ferreyra,,https://fbref.com/en/matches/07bd6a25/Guairena-FC-Club-9-de-Octubre-April-27-2022-Copa-Sudamericana,py,Guaireña FC,ec,Club 9 de Octubre
Copa Sudamericana,M,,2022,,Group stage,3,Wed,2022-04-27,18:15,Cuiabá br,1.0,uy River Plate,2.0,,Arena Pantanal,Cristián Garay,,https://fbref.com/en/matches/270bc457/Cuiaba-River-Plate-April-27-2022-Copa-Sudamericana,br,Cuiabá,uy,River Plate
Copa Sudamericana,M,,2022,,Group stage,3,Wed,2022-04-27,19:30,Univ Católica ec,2.0,ar Banfield,0.0,3827.0,Estadio Olímpico Atahualpa,Augusto Menéndez,,https://fbref.com/en/matches/2797838a/Univ-Catolica-Banfield-April-27-2022-Copa-Sudamericana,ec,Univ Católica,ar,Banfield
Copa Sudamericana,M,,2022,,Group stage,3,Wed,2022-04-27,20:30,Antofagasta cl,2.0,br Atl Goianiense,1.0,,Estadio Regional Calvo y Bascuñán,José Méndez,,https://fbref.com/en/matches/7e113c8f/Antofagasta-Atletico-Goianiense-April-27-2022-Copa-Sudamericana,cl,Antofagasta,br,Atl Goianiense
Copa Sudamericana,M,,2022,,Group stage,3,Thu,2022-04-28,18:15,Wilstermann bo,1.0,br São Paulo,3.0,,Estadio Félix Capriles,Carlos Ortega,,https://fbref.com/en/matches/b5eb7640/Jorge-Wilstermann-Sao-Paulo-April-28-2022-Copa-Sudamericana,bo,Wilstermann,br,São Paulo
Copa Sudamericana,M,,2022,,Group stage,3,Thu,2022-04-28,19:15,Defensa y Just ar,1.0,ec LDU de Quito,2.0,,Estadio Norberto Tito Tomaghello,Gery Vargas,,https://fbref.com/en/matches/1c83f240/Defensa-y-Just-LDU-de-Quito-April-28-2022-Copa-Sudamericana,ar,Defensa y Just,ec,LDU de Quito
Copa Sudamericana,M,,2022,,Group stage,3,Thu,2022-04-28,19:30,Barcelona SC ec,1.0,ve Metropolitanos,0.0,,Estadio Monumental Isidro Romero Carbo,Anderson Daronco,,https://fbref.com/en/matches/c6f978fe/Barcelona-SC-Metropolitanos-April-28-2022-Copa-Sudamericana,ec,Barcelona SC,ve,Metropolitanos
Copa Sudamericana,M,,2022,,Group stage,3,Thu,2022-04-28,20:30,Oriente Petrolero bo,1.0,co Junior,3.0,,Estadio Ramón Aguilera Costas,Piero Maza,,https://fbref.com/en/matches/1e251294/Oriente-Petrolero-Junior-April-28-2022-Copa-Sudamericana,bo,Oriente Petrolero,co,Junior
Copa Sudamericana,M,,2022,,Group stage,3,Thu,2022-04-28,20:30,La Calera cl,1.0,br Santos,1.0,,Estadio Sausalito,Ángel Arteaga,,https://fbref.com/en/matches/4bf1c610/La-Calera-Santos-April-28-2022-Copa-Sudamericana,cl,La Calera,br,Santos
Copa Sudamericana,M,,2022,,Group stage,3,Thu,2022-04-28,21:30,Wanderers uy,0.0,ar Lanús,1.0,,Estadio Centenario,Wilton Sampaio,,https://fbref.com/en/matches/76cbd11c/Montevideo-Wanderers-Lanus-April-28-2022-Copa-Sudamericana,uy,Wanderers,ar,Lanús
Copa Sudamericana,M,,2022,,Group stage,4,Tue,2022-05-03,18:15,Cuiabá br,1.0,ar Racing Club,2.0,,Arena Pantanal,Guillermo Guerrero,,https://fbref.com/en/matches/08fd9678/Cuiaba-Racing-Club-May-3-2022-Copa-Sudamericana,br,Cuiabá,ar,Racing Club
Copa Sudamericana,M,,2022,,Group stage,4,Tue,2022-05-03,19:15,River Plate uy,1.0,pe Melgar,2.0,,Estadio Centenario,Carlos Benítez,,https://fbref.com/en/matches/11239540/River-Plate-Melgar-May-3-2022-Copa-Sudamericana,uy,River Plate,pe,Melgar
Copa Sudamericana,M,,2022,,Group stage,4,Tue,2022-05-03,19:30,Club 9 de Octubre ec,3.0,co Independiente,2.0,,Estadio Jocay,Ivo Méndez,,https://fbref.com/en/matches/fec98b7f/Club-9-de-Octubre-Independiente-May-3-2022-Copa-Sudamericana,ec,Club 9 de Octubre,co,Independiente
Copa Sudamericana,M,,2022,,Group stage,4,Tue,2022-05-03,20:30,Club General Caballero JLM py,0.0,ar Independiente,4.0,,Estadio Defensores del Chaco,Nicolás Gamboa,,https://fbref.com/en/matches/95404c52/Club-General-Caballero-JLM-Independiente-May-3-2022-Copa-Sudamericana,py,Club General Caballero JLM,ar,Independiente
Copa Sudamericana,M,,2022,,Group stage,4,Tue,2022-05-03,21:30,Ceará br,3.0,ve Dep La Guaira,0.0,,Estádio Castelão,Christian Ferreyra,,https://fbref.com/en/matches/a2c15d78/Ceara-Deportivo-La-Guaira-May-3-2022-Copa-Sudamericana,br,Ceará,ve,Dep La Guaira
Copa Sudamericana,M,,2022,,Group stage,4,Wed,2022-05-04,18:15,Antofagasta cl,1.0,ec LDU de Quito,2.0,,Estadio Regional Calvo y Bascuñán,Michael Espinoza,,https://fbref.com/en/matches/2ecbeb10/Antofagasta-LDU-de-Quito-May-4-2022-Copa-Sudamericana,cl,Antofagasta,ec,LDU de Quito
Copa Sudamericana,M,,2022,,Group stage,4,Wed,2022-05-04,18:15,Metropolitanos ve,0.0,uy Wanderers,1.0,,Estadio Olímpico,Savio Pereira,,https://fbref.com/en/matches/d1caf2f3/Metropolitanos-Montevideo-Wanderers-May-4-2022-Copa-Sudamericana,ve,Metropolitanos,uy,Wanderers
Copa Sudamericana,M,,2022,,Group stage,4,Wed,2022-05-04,19:15,Atl Goianiense br,3.0,ar Defensa y Just,2.0,,Estádio Antônio Accioly,Gustavo Tejera,,https://fbref.com/en/matches/819d8b5f/Atletico-Goianiense-Defensa-y-Just-May-4-2022-Copa-Sudamericana,br,Atl Goianiense,ar,Defensa y Just
Copa Sudamericana,M,,2022,,Group stage,4,Wed,2022-05-04,19:30,Barcelona SC ec,1.0,ar Lanús,1.0,,Estadio Monumental Isidro Romero Carbo,Piero Maza,,https://fbref.com/en/matches/324a6984/Barcelona-SC-Lanus-May-4-2022-Copa-Sudamericana,ec,Barcelona SC,ar,Lanús
Copa Sudamericana,M,,2022,,Group stage,4,Wed,2022-05-04,21:30,Fluminense br,2.0,co Junior,1.0,,Estadio Jornalista Mário Filho,Mario Díaz de Vivar,,https://fbref.com/en/matches/49546792/Fluminense-Junior-May-4-2022-Copa-Sudamericana,br,Fluminense,co,Junior
Copa Sudamericana,M,,2022,,Group stage,4,Thu,2022-05-05,18:15,Guaireña FC py,1.0,br Internacional,1.0,,Estadio Defensores del Chaco,Cristián Garay,,https://fbref.com/en/matches/11d54347/Guairena-FC-Internacional-May-5-2022-Copa-Sudamericana,py,Guaireña FC,br,Internacional
Copa Sudamericana,M,,2022,,Group stage,4,Thu,2022-05-05,18:15,CD Everton cl,0.0,br São Paulo,0.0,,Estadio Sausalito,Fernando Rapallini,,https://fbref.com/en/matches/71e3dbfc/CD-Everton-Sao-Paulo-May-5-2022-Copa-Sudamericana,cl,CD Everton,br,São Paulo
Copa Sudamericana,M,,2022,,Group stage,4,Thu,2022-05-05,19:15,CA Unión ar,2.0,bo Oriente Petrolero,0.0,,Estadio 15 de Abril,José Cabero,,https://fbref.com/en/matches/6c35b6c6/CA-Union-Oriente-Petrolero-May-5-2022-Copa-Sudamericana,ar,CA Unión,bo,Oriente Petrolero
Copa Sudamericana,M,,2022,,Group stage,4,Thu,2022-05-05,19:30,Ayacucho pe,0.0,bo Wilstermann,0.0,,Estadio Inca Garcilaso de la Vega,Franklin Congo,,https://fbref.com/en/matches/43f80241/Ayacucho-Jorge-Wilstermann-May-5-2022-Copa-Sudamericana,pe,Ayacucho,bo,Wilstermann
Copa Sudamericana,M,,2022,,Group stage,4,Thu,2022-05-05,19:30,Univ Católica ec,0.0,br Santos,1.0,,Estadio Olímpico Atahualpa,Gery Vargas,,https://fbref.com/en/matches/f8202856/Univ-Catolica-Santos-May-5-2022-Copa-Sudamericana,ec,Univ Católica,br,Santos
Copa Sudamericana,M,,2022,,Group stage,4,Thu,2022-05-05,21:30,Banfield ar,0.0,cl La Calera,1.0,,Estadio Florencio Solá,Carlos Ortega,,https://fbref.com/en/matches/b3f2b450/Banfield-La-Calera-May-5-2022-Copa-Sudamericana,ar,Banfield,cl,La Calera
Copa Sudamericana,M,,2022,,Group stage,5,Tue,2022-05-17,19:15,Banfield ar,1.0,ec Univ Católica,1.0,,Estadio Florencio Solá,Michael Espinoza,,https://fbref.com/en/matches/8f08df6c/Banfield-Univ-Catolica-May-17-2022-Copa-Sudamericana,ar,Banfield,ec,Univ Católica
Copa Sudamericana,M,,2022,,Group stage,5,Tue,2022-05-17,19:15,Ceará br,6.0,py Club General Caballero JLM,0.0,,Estádio Castelão,Jesús Cartagena,,https://fbref.com/en/matches/9a3e2226/Ceara-Club-General-Caballero-JLM-May-17-2022-Copa-Sudamericana,br,Ceará,py,Club General Caballero JLM
Copa Sudamericana,M,,2022,,Group stage,5,Tue,2022-05-17,19:15,Internacional br,2.0,co Independiente,0.0,,Estádio José Pinheiro Borba,Facundo Tello,,https://fbref.com/en/matches/f3698fc6/Internacional-Independiente-May-17-2022-Copa-Sudamericana,br,Internacional,co,Independiente
Copa Sudamericana,M,,2022,,Group stage,5,Tue,2022-05-17,19:30,Junior co,2.0,bo Oriente Petrolero,0.0,,Estadio Metropolitano Roberto Meléndez,Yender Herrera,,https://fbref.com/en/matches/3174d939/Junior-Oriente-Petrolero-May-17-2022-Copa-Sudamericana,co,Junior,bo,Oriente Petrolero
Copa Sudamericana,M,,2022,,Group stage,5,Tue,2022-05-17,19:30,Club 9 de Octubre ec,2.0,py Guaireña FC,3.0,,Estadio Jocay,Augusto Menéndez,,https://fbref.com/en/matches/e9c78fac/Club-9-de-Octubre-Guairena-FC-May-17-2022-Copa-Sudamericana,ec,Club 9 de Octubre,py,Guaireña FC
Copa Sudamericana,M,,2022,,Group stage,5,Tue,2022-05-17,21:30,Atl Goianiense br,1.0,cl Antofagasta,0.0,,Estádio Antônio Accioly,Gery Vargas,,https://fbref.com/en/matches/4f08fa0f/Atletico-Goianiense-Antofagasta-May-17-2022-Copa-Sudamericana,br,Atl Goianiense,cl,Antofagasta
Copa Sudamericana,M,,2022,,Group stage,5,Wed,2022-05-18,17:15,Ayacucho pe,0.0,cl CD Everton,2.0,,Estadio Inca Garcilaso de la Vega,Carlos Ortega,,https://fbref.com/en/matches/32b57f48/Ayacucho-CD-Everton-May-18-2022-Copa-Sudamericana,pe,Ayacucho,cl,CD Everton
Copa Sudamericana,M,,2022,,Group stage,5,Wed,2022-05-18,19:15,River Plate uy,1.0,br Cuiabá,2.0,,Estadio Centenario,Álex Cajas,,https://fbref.com/en/matches/2ef7c8c5/River-Plate-Cuiaba-May-18-2022-Copa-Sudamericana,uy,River Plate,br,Cuiabá
Copa Sudamericana,M,,2022,,Group stage,5,Wed,2022-05-18,19:30,LDU de Quito ec,2.0,ar Defensa y Just,2.0,,Estadio Rodrigo Paz Delgado,Nicolás Gallo,,https://fbref.com/en/matches/873cd346/LDU-de-Quito-Defensa-y-Just-May-18-2022-Copa-Sudamericana,ec,LDU de Quito,ar,Defensa y Just
Copa Sudamericana,M,,2022,,Group stage,5,Wed,2022-05-18,21:30,Santos br,1.0,cl La Calera,0.0,,Estádio Urbano Caldeira,Jesús Valenzuela,,https://fbref.com/en/matches/239248f2/Santos-La-Calera-May-18-2022-Copa-Sudamericana,br,Santos,cl,La Calera
Copa Sudamericana,M,,2022,,Group stage,5,Wed,2022-05-18,21:30,Racing Club ar,1.0,pe Melgar,0.0,,Estadio Presidente Juan Domingo Perón,Derlis López,,https://fbref.com/en/matches/913fc516/Racing-Club-Melgar-May-18-2022-Copa-Sudamericana,ar,Racing Club,pe,Melgar
Copa Sudamericana,M,,2022,,Group stage,5,Thu,2022-05-19,19:15,CA Unión ar,0.0,br Fluminense,0.0,,Estadio 15 de Abril,Andrés Cunha,,https://fbref.com/en/matches/9346c696/CA-Union-Fluminense-May-19-2022-Copa-Sudamericana,ar,CA Unión,br,Fluminense
Copa Sudamericana,M,,2022,,Group stage,5,Thu,2022-05-19,19:15,Independiente ar,4.0,ve Dep La Guaira,0.0,,Estadio Libertadores de América,Jose Burgos,,https://fbref.com/en/matches/e89471a5/Independiente-Deportivo-La-Guaira-May-19-2022-Copa-Sudamericana,ar,Independiente,ve,Dep La Guaira
Copa Sudamericana,M,,2022,,Group stage,5,Thu,2022-05-19,20:30,Metropolitanos ve,2.0,ec Barcelona SC,2.0,,Estadio Olímpico,Rodolpho Toski Marques,,https://fbref.com/en/matches/7d55b456/Metropolitanos-Barcelona-SC-May-19-2022-Copa-Sudamericana,ve,Metropolitanos,ec,Barcelona SC
Copa Sudamericana,M,,2022,,Group stage,5,Thu,2022-05-19,21:30,Lanús ar,1.0,uy Wanderers,2.0,3758.0,Estadio Ciudad de Lanús,Flavio Rodrigues De Souza,,https://fbref.com/en/matches/0cf31a01/Lanus-Montevideo-Wanderers-May-19-2022-Copa-Sudamericana,ar,Lanús,uy,Wanderers
Copa Sudamericana,M,,2022,,Group stage,5,Thu,2022-05-19,21:30,São Paulo br,3.0,bo Wilstermann,0.0,16675.0,Estádio do Morumbi,Ángel Arteaga,,https://fbref.com/en/matches/8a192701/Sao-Paulo-Jorge-Wilstermann-May-19-2022-Copa-Sudamericana,br,São Paulo,bo,Wilstermann
Copa Sudamericana,M,,2022,,Group stage,6,Tue,2022-05-24,18:15,La Calera cl,3.0,ec Univ Católica,2.0,,Estadio Sausalito,Andrés Cunha,,https://fbref.com/en/matches/76c0857b/La-Calera-Univ-Catolica-May-24-2022-Copa-Sudamericana,cl,La Calera,ec,Univ Católica
Copa Sudamericana,M,,2022,,Group stage,6,Tue,2022-05-24,19:15,Santos br,1.0,ar Banfield,1.0,,Estádio Urbano Caldeira,Augusto Menéndez,,https://fbref.com/en/matches/901b4cff/Santos-Banfield-May-24-2022-Copa-Sudamericana,br,Santos,ar,Banfield
Copa Sudamericana,M,,2022,,Group stage,6,Tue,2022-05-24,19:30,Independiente co,1.0,py Guaireña FC,1.0,,Estadio Hernán Ramírez Villegas,Darío Herrera,,https://fbref.com/en/matches/2abe03db/Independiente-Guairena-FC-May-24-2022-Copa-Sudamericana,co,Independiente,py,Guaireña FC
Copa Sudamericana,M,,2022,,Group stage,6,Tue,2022-05-24,19:30,LDU de Quito ec,1.0,br Atl Goianiense,1.0,,Estadio Rodrigo Paz Delgado,Gustavo Tejera,,https://fbref.com/en/matches/ee4fc8c2/LDU-de-Quito-Atletico-Goianiense-May-24-2022-Copa-Sudamericana,ec,LDU de Quito,br,Atl Goianiense
Copa Sudamericana,M,,2022,,Group stage,6,Tue,2022-05-24,21:30,Defensa y Just ar,0.0,cl Antofagasta,2.0,,Estadio Norberto Tito Tomaghello,Mario Díaz de Vivar,,https://fbref.com/en/matches/585b9044/Defensa-y-Just-Antofagasta-May-24-2022-Copa-Sudamericana,ar,Defensa y Just,cl,Antofagasta
Copa Sudamericana,M,,2022,,Group stage,6,Tue,2022-05-24,21:30,Internacional br,5.0,ec Club 9 de Octubre,1.0,,Estádio José Pinheiro Borba,Yael Falcón,,https://fbref.com/en/matches/5c8fd8e7/Internacional-Club-9-de-Octubre-May-24-2022-Copa-Sudamericana,br,Internacional,ec,Club 9 de Octubre
Copa Sudamericana,M,,2022,,Group stage,6,Wed,2022-05-25,18:15,Wilstermann bo,0.0,cl CD Everton,2.0,,Estadio Félix Capriles,Luis Quiroz,,https://fbref.com/en/matches/50ca8b08/Jorge-Wilstermann-CD-Everton-May-25-2022-Copa-Sudamericana,bo,Wilstermann,cl,CD Everton
Copa Sudamericana,M,,2022,,Group stage,6,Wed,2022-05-25,19:15,Wanderers uy,0.0,ec Barcelona SC,0.0,,Estadio Centenario,Wagner do Nascimento Magalhães,,https://fbref.com/en/matches/8af5a76f/Montevideo-Wanderers-Barcelona-SC-May-25-2022-Copa-Sudamericana,uy,Wanderers,ec,Barcelona SC
Copa Sudamericana,M,,2022,,Group stage,6,Wed,2022-05-25,19:15,São Paulo br,1.0,pe Ayacucho,0.0,,Estádio do Morumbi,Carlos Benítez,,https://fbref.com/en/matches/9d0fe0ca/Sao-Paulo-Ayacucho-May-25-2022-Copa-Sudamericana,br,São Paulo,pe,Ayacucho
Copa Sudamericana,M,,2022,,Group stage,6,Wed,2022-05-25,19:15,Lanús ar,1.0,ve Metropolitanos,0.0,,Estadio Ciudad de Lanús,Braulio da Silva Machado,,https://fbref.com/en/matches/fea6527a/Lanus-Metropolitanos-May-25-2022-Copa-Sudamericana,ar,Lanús,ve,Metropolitanos
Copa Sudamericana,M,,2022,,Group stage,6,Wed,2022-05-25,20:30,Dep La Guaira ve,0.0,py Club General Caballero JLM,1.0,,Estadio Olímpico,Roberto Pérez,,https://fbref.com/en/matches/cd67cab3/Deportivo-La-Guaira-Club-General-Caballero-JLM-May-25-2022-Copa-Sudamericana,ve,Dep La Guaira,py,Club General Caballero JLM
Copa Sudamericana,M,,2022,,Group stage,6,Wed,2022-05-25,21:30,Independiente ar,0.0,br Ceará,2.0,,Estadio Libertadores de América,Christian Ferreyra,,https://fbref.com/en/matches/50b7de16/Independiente-Ceara-May-25-2022-Copa-Sudamericana,ar,Independiente,br,Ceará
Copa Sudamericana,M,,2022,,Group stage,6,Thu,2022-05-26,17:15,Melgar pe,3.0,br Cuiabá,1.0,,Estadio de la Universidad Nacional San A...,Jhon Hinestroza,,https://fbref.com/en/matches/51c668df/Melgar-Cuiaba-May-26-2022-Copa-Sudamericana,pe,Melgar,br,Cuiabá
Copa Sudamericana,M,,2022,,Group stage,6,Thu,2022-05-26,19:15,Racing Club ar,0.0,uy River Plate,1.0,,Estadio Presidente Juan Domingo Perón,Cristián Garay,,https://fbref.com/en/matches/92a6648c/Racing-Club-River-Plate-May-26-2022-Copa-Sudamericana,ar,Racing Club,uy,River Plate
Copa Sudamericana,M,,2022,,Group stage,6,Thu,2022-05-26,19:30,Junior co,0.0,ar CA Unión,4.0,,Estadio Metropolitano Roberto Meléndez,Eber Aquino,,https://fbref.com/en/matches/b38e8b80/Junior-CA-Union-May-26-2022-Copa-Sudamericana,co,Junior,ar,CA Unión
Copa Sudamericana,M,,2022,,Group stage,6,Thu,2022-05-26,20:30,Oriente Petrolero bo,1.0,br Fluminense,10.0,,Estadio Ramón Aguilera Costas,Guillermo Guerrero,,https://fbref.com/en/matches/6a0389c9/Oriente-Petrolero-Fluminense-May-26-2022-Copa-Sudamericana,bo,Oriente Petrolero,br,Fluminense
Copa Sudamericana,M,,2022,,Round of 16,,Tue,2022-06-28,19:15,Nacional uy,2.0,ar CA Unión,0.0,,Estadio Gran Parque Central,Cristián Garay,Leg 1 of 2,https://fbref.com/en/matches/d03d931b/Nacional-CA-Union-June-28-2022-Copa-Sudamericana,uy,Nacional,ar,CA Unión
Copa Sudamericana,M,,2022,,Round of 16,,Tue,2022-06-28,20:30,Colo-Colo cl,2.0,br Internacional,0.0,,Estadio Monumental David Arellano,Patricio Loustau,Leg 1 of 2,https://fbref.com/en/matches/71e1519e/Colo-Colo-Internacional-June-28-2022-Copa-Sudamericana,cl,Colo-Colo,br,Internacional
Copa Sudamericana,M,,2022,,Round of 16,,Wed,2022-06-29,18:15,The Strongest bo,1.0,br Ceará,2.0,,Estadio Hernando Siles,Esteban Ostojich,Leg 1 of 2,https://fbref.com/en/matches/c36f0a21/The-Strongest-Ceara-June-29-2022-Copa-Sudamericana,bo,The Strongest,br,Ceará
Copa Sudamericana,M,,2022,,Round of 16,,Wed,2022-06-29,19:30,AD Cali co,0.0,pe Melgar,0.0,,Estadio Deportivo Cali,Mario Díaz de Vivar,Leg 1 of 2,https://fbref.com/en/matches/21c57042/AD-Cali-Melgar-June-29-2022-Copa-Sudamericana,co,AD Cali,pe,Melgar
Copa Sudamericana,M,,2022,,Round of 16,,Wed,2022-06-29,20:30,Dep Táchira ve,1.0,br Santos,1.0,,Estadio Polideportivo de Pueblo Nuevo,Gery Vargas,Leg 1 of 2,https://fbref.com/en/matches/8cb8fc63/Deportivo-Tachira-Santos-June-29-2022-Copa-Sudamericana,ve,Dep Táchira,br,Santos
Copa Sudamericana,M,,2022,,Round of 16,,Thu,2022-06-30,17:15,Independiente ec,2.0,ar Lanús,1.0,,Estadio Rodrigo Paz Delgado,Kevin Ortega,Leg 1 of 2,https://fbref.com/en/matches/d8fdf4d0/Independiente-Lanus-June-30-2022-Copa-Sudamericana,ec,Independiente,ar,Lanús
Copa Sudamericana,M,,2022,,Round of 16,,Thu,2022-06-30,20:30,Olimpia py,2.0,br Atl Goianiense,0.0,,Estadio Defensores del Chaco,Piero Maza,Leg 1 of 2,https://fbref.com/en/matches/01a2d808/Club-Olimpia-Atletico-Goianiense-June-30-2022-Copa-Sudamericana,py,Olimpia,br,Atl Goianiense
Copa Sudamericana,M,,2022,,Round of 16,,Thu,2022-06-30,20:30,Univ Católica cl,2.0,br São Paulo,4.0,,Estadio Nacional Julio Martínez Prádanos,Christian Ferreyra,Leg 1 of 2,https://fbref.com/en/matches/9f5983ac/Univ-Catolica-Sao-Paulo-June-30-2022-Copa-Sudamericana,cl,Univ Católica,br,São Paulo
Copa Sudamericana,M,,2022,,Round of 16,,Tue,2022-07-05,19:15,CA Unión ar,1.0,uy Nacional,2.0,,Estadio 15 de Abril,Piero Maza,Leg 2 of 2; Nacional won,https://fbref.com/en/matches/b1462cb1/CA-Union-Nacional-July-5-2022-Copa-Sudamericana,ar,CA Unión,uy,Nacional
Copa Sudamericana,M,,2022,,Round of 16,,Tue,2022-07-05,21:30,Internacional br,4.0,cl Colo-Colo,1.0,40598.0,Estádio José Pinheiro Borba,Darío Herrera,Leg 2 of 2; Internacional won,https://fbref.com/en/matches/6f976215/Internacional-Colo-Colo-July-5-2022-Copa-Sudamericana,br,Internacional,cl,Colo-Colo
Copa Sudamericana,M,,2022,,Round of 16,,Wed,2022-07-06,19:15,Ceará br,3.0,bo The Strongest,0.0,46231.0,Estádio Castelão,Derlis López,Leg 2 of 2; Ceará won,https://fbref.com/en/matches/5971554b/Ceara-The-Strongest-July-6-2022-Copa-Sudamericana,br,Ceará,bo,The Strongest
Copa Sudamericana,M,,2022,,Round of 16,,Wed,2022-07-06,19:30,Melgar pe,2.0,co AD Cali,1.0,,Estadio de la Universidad Nacional San A...,Facundo Tello,Leg 2 of 2; Melgar won,https://fbref.com/en/matches/af819a1a/Melgar-AD-Cali-July-6-2022-Copa-Sudamericana,pe,Melgar,co,AD Cali
Copa Sudamericana,M,,2022,,Round of 16,,Wed,2022-07-06,21:30,Santos br,1.0,ve Dep Táchira,1.0,11081.0,Estádio do Morumbi,Kevin Ortega,Leg 2 of 2; Dep Táchira won; Dep Táchira won on penalty kicks following extra time,https://fbref.com/en/matches/107ef2c1/Santos-Deportivo-Tachira-July-6-2022-Copa-Sudamericana,br,Santos,ve,Dep Táchira
Copa Sudamericana,M,,2022,,Round of 16,,Thu,2022-07-07,19:15,Lanús ar,0.0,ec Independiente,0.0,,Estadio Ciudad de Lanús,Cristián Garay,Leg 2 of 2; Independiente won,https://fbref.com/en/matches/7b5abe06/Lanus-Independiente-July-7-2022-Copa-Sudamericana,ar,Lanús,ec,Independiente
Copa Sudamericana,M,,2022,,Round of 16,,Thu,2022-07-07,21:30,Atl Goianiense br,2.0,py Olimpia,2.0,,Estádio Antônio Accioly,Wilmar Roldán,Leg 2 of 2; Atl Goianiense won; Atl Goianiense won on penalty kicks following extra time,https://fbref.com/en/matches/2b54f051/Atletico-Goianiense-Club-Olimpia-July-7-2022-Copa-Sudamericana,br,Atl Goianiense,py,Olimpia
Copa Sudamericana,M,,2022,,Round of 16,,Thu,2022-07-07,21:30,São Paulo br,4.0,cl Univ Católica,1.0,47097.0,Estádio do Morumbi,Alexis Herrera,Leg 2 of 2; São Paulo won,https://fbref.com/en/matches/d7b3ea13/Sao-Paulo-Univ-Catolica-July-7-2022-Copa-Sudamericana,br,São Paulo,cl,Univ Católica
Copa Sudamericana,M,,2022,,Quarter-finals,,Tue,2022-08-02,19:15,Nacional uy,0.0,br Atl Goianiense,1.0,,Estadio Gran Parque Central,Eber Aquino,Leg 1 of 2,https://fbref.com/en/matches/0748b998/Nacional-Atletico-Goianiense-August-2-2022-Copa-Sudamericana,uy,Nacional,br,Atl Goianiense
Copa Sudamericana,M,,2022,,Quarter-finals,,Tue,2022-08-02,20:30,Dep Táchira ve,0.0,ec Independiente,1.0,,Estadio Polideportivo de Pueblo Nuevo,Wilton Sampaio,Leg 1 of 2,https://fbref.com/en/matches/85c6f491/Deportivo-Tachira-Independiente-August-2-2022-Copa-Sudamericana,ve,Dep Táchira,ec,Independiente
Copa Sudamericana,M,,2022,,Quarter-finals,,Wed,2022-08-03,19:15,São Paulo br,1.0,br Ceará,0.0,52388.0,Estádio do Morumbi,Piero Maza,Leg 1 of 2,https://fbref.com/en/matches/1323716a/Sao-Paulo-Ceara-August-3-2022-Copa-Sudamericana,br,São Paulo,br,Ceará
Copa Sudamericana,M,,2022,,Quarter-finals,,Thu,2022-08-04,17:15,Melgar pe,0.0,br Internacional,0.0,27281.0,Estadio de la Universidad Nacional San A...,Andrés Matonte,Leg 1 of 2,https://fbref.com/en/matches/02d31da0/Melgar-Internacional-August-4-2022-Copa-Sudamericana,pe,Melgar,br,Internacional
Copa Sudamericana,M,,2022,,Quarter-finals,,Tue,2022-08-09,19:15,Atl Goianiense br,3.0,uy Nacional,0.0,22574.0,Estádio do Governo do Estado de Goiás,Darío Herrera,Leg 2 of 2; Atl Goianiense won,https://fbref.com/en/matches/059ea308/Atletico-Goianiense-Nacional-August-9-2022-Copa-Sudamericana,br,Atl Goianiense,uy,Nacional
Copa Sudamericana,M,,2022,,Quarter-finals,,Tue,2022-08-09,19:30,Independiente ec,4.0,ve Dep Táchira,1.0,3919.0,Estadio Rodrigo Paz Delgado,John J. Ospina,Leg 2 of 2; Independiente won,https://fbref.com/en/matches/bdbb094d/Independiente-Deportivo-Tachira-August-9-2022-Copa-Sudamericana,ec,Independiente,ve,Dep Táchira
Copa Sudamericana,M,,2022,,Quarter-finals,,Wed,2022-08-10,19:15,Ceará br,2.0,br São Paulo,2.0,,Estádio Castelão,Fernando Rapallini,Leg 2 of 2; São Paulo won; São Paulo won on penalty kicks following extra time,https://fbref.com/en/matches/d98d7dc2/Ceara-Sao-Paulo-August-10-2022-Copa-Sudamericana,br,Ceará,br,São Paulo
Copa Sudamericana,M,,2022,,Quarter-finals,,Thu,2022-08-11,19:15,Internacional br,0.0,pe Melgar,0.0,43191.0,Estádio José Pinheiro Borba,Roberto Tobar,Leg 2 of 2; Melgar won; Melgar won on penalty kicks following extra time,https://fbref.com/en/matches/fe071cb8/Internacional-Melgar-August-11-2022-Copa-Sudamericana,br,Internacional,pe,Melgar
Copa Sudamericana,M,,2022,,Semi-finals,,Wed,2022-08-31,19:30,Independiente ec,3.0,pe Melgar,0.0,,Estadio Rodrigo Paz Delgado,Raphael Claus,Leg 1 of 2,https://fbref.com/en/matches/9d8f9477/Independiente-Melgar-August-31-2022-Copa-Sudamericana,ec,Independiente,pe,Melgar
Copa Sudamericana,M,,2022,,Semi-finals,,Thu,2022-09-01,21:30,Atl Goianiense br,3.0,br São Paulo,1.0,33047.0,Estádio do Governo do Estado de Goiás,Jesús Valenzuela,Leg 1 of 2,https://fbref.com/en/matches/5ed2926d/Atletico-Goianiense-Sao-Paulo-September-1-2022-Copa-Sudamericana,br,Atl Goianiense,br,São Paulo
Copa Sudamericana,M,,2022,,Semi-finals,,Wed,2022-09-07,19:30,Melgar pe,0.0,ec Independiente,3.0,,Estadio de la Universidad Nacional San A...,Fernando Rapallini,Leg 2 of 2; Independiente won,https://fbref.com/en/matches/cac284ad/Melgar-Independiente-September-7-2022-Copa-Sudamericana,pe,Melgar,ec,Independiente
Copa Sudamericana,M,,2022,,Semi-finals,,Thu,2022-09-08,21:30,São Paulo br,2.0,br Atl Goianiense,2.0,53988.0,Estádio do Morumbi,Darío Herrera,Leg 2 of 2; São Paulo won; São Paulo won on penalty kicks following extra time,https://fbref.com/en/matches/0b7f586f/Sao-Paulo-Atletico-Goianiense-September-8-2022-Copa-Sudamericana,br,São Paulo,br,Atl Goianiense
Copa Sudamericana,M,,2022,,Finals,,Sat,2022-10-01,17:00,São Paulo br,0.0,ec Independiente,2.0,,Estadio Mario Alberto Kempes,Wilmar Roldán,,https://fbref.com/en/matches/e73b38c7/Sao-Paulo-Independiente-October-1-2022-Copa-Sudamericana,br,São Paulo,ec,Independiente
Copa Sudamericana,M,,2023,,First stage,,Tue,2023-03-07,19:00,Tacuary py,2.0,py Club General Caballero JLM,2.0,,Estadio Defensores del Chaco,José Cabero,Tacuary won on penalty kicks following extra time,https://fbref.com/en/matches/9ba17135/Tacuary-Club-General-Caballero-JLM-March-7-2023-Copa-Sudamericana,py,Tacuary,py,Club General Caballero JLM
Copa Sudamericana,M,,2023,,First stage,,Tue,2023-03-07,19:00,Audax Italiano cl,3.0,cl Univ Católica,2.0,,Estadio CODELCO-El Teniente,John J. Ospina,,https://fbref.com/en/matches/f9bf54c9/Audax-Italiano-Univ-Catolica-March-7-2023-Copa-Sudamericana,cl,Audax Italiano,cl,Univ Católica
Copa Sudamericana,M,,2023,,First stage,,Tue,2023-03-07,20:00,Caracas ve,0.0,ve Acad Pr Cabello,1.0,,Estadio Olímpico,Ivo Méndez,,https://fbref.com/en/matches/8b748ec7/Caracas-Academia-Puerto-Cabello-March-7-2023-Copa-Sudamericana,ve,Caracas,ve,Acad Pr Cabello
Copa Sudamericana,M,,2023,,First stage,,Tue,2023-03-07,21:00,LDU de Quito ec,4.0,ec Delfín SC,0.0,,Estadio Rodrigo Paz Delgado,Darío Herrera,,https://fbref.com/en/matches/2130d505/LDU-de-Quito-Delfin-SC-March-7-2023-Copa-Sudamericana,ec,LDU de Quito,ec,Delfín SC
Copa Sudamericana,M,,2023,,First stage,,Tue,2023-03-07,21:00,River Plate uy,0.0,uy Peñarol,4.0,,Estadio Centenario,Anderson Daronco,,https://fbref.com/en/matches/4b5386a5/River-Plate-Penarol-March-7-2023-Copa-Sudamericana,uy,River Plate,uy,Peñarol
Copa Sudamericana,M,,2023,,First stage,,Wed,2023-03-08,18:00,Guabirá bo,0.0,bo Oriente Petrolero,1.0,,Estadio Ramón Aguilera Costas,Guillermo Guerrero,,https://fbref.com/en/matches/46e0a83c/Guabira-Oriente-Petrolero-March-8-2023-Copa-Sudamericana,bo,Guabirá,bo,Oriente Petrolero
Copa Sudamericana,M,,2023,,First stage,,Wed,2023-03-08,19:00,Defensor uy,0.0,uy Danubio,0.0,,Estadio Centenario,Bruno Arleu de Araujo,Danubio won on penalty kicks following extra time,https://fbref.com/en/matches/4564f093/Defensor-Sporting-Danubio-March-8-2023-Copa-Sudamericana,uy,Defensor,uy,Danubio
Copa Sudamericana,M,,2023,,First stage,,Wed,2023-03-08,19:00,Guaraní py,3.0,py Sportivo Ameliano,1.0,,Estadio Defensores del Chaco,Cristián Garay,,https://fbref.com/en/matches/71f0525c/Guarani-Sportivo-Ameliano-March-8-2023-Copa-Sudamericana,py,Guaraní,py,Sportivo Ameliano
Copa Sudamericana,M,,2023,,First stage,,Wed,2023-03-08,19:00,Rionegro co,1.0,co Santa Fe,2.0,,Estadio Atanasio Girardot,Alexis Herrera,,https://fbref.com/en/matches/46543ec7/Rionegro-Santa-Fe-March-8-2023-Copa-Sudamericana,co,Rionegro,co,Santa Fe
Copa Sudamericana,M,,2023,,First stage,,Wed,2023-03-08,20:00,Estud Mérida ve,1.0,ve Dep Táchira,1.0,,Estadio Olímpico Metropolitano de Mérida,Savio Pereira,Estud Mérida won on penalty kicks following extra time,https://fbref.com/en/matches/beb5dbc0/Estudiantes-de-Merida-Deportivo-Tachira-March-8-2023-Copa-Sudamericana,ve,Estud Mérida,ve,Dep Táchira
Copa Sudamericana,M,,2023,,First stage,,Wed,2023-03-08,21:00,U César Vallejo pe,3.0,pe Binacional,1.0,1409.0,Estadio Nacional,Jose Burgos,,https://fbref.com/en/matches/f411efdb/Universidad-Cesar-Vallejo-Binacional-March-8-2023-Copa-Sudamericana,pe,U César Vallejo,pe,Binacional
Copa Sudamericana,M,,2023,,First stage,,Thu,2023-03-09,18:00,Blooming bo,6.0,bo Atlético Palmaflor,0.0,,Estadio Ramón Aguilera Costas,Augusto Aragón,,https://fbref.com/en/matches/8f355251/Blooming-Atletico-Palmaflor-March-9-2023-Copa-Sudamericana,bo,Blooming,bo,Atlético Palmaflor
Copa Sudamericana,M,,2023,,First stage,,Thu,2023-03-09,19:00,Cobresal cl,0.0,cl Palestino,1.0,,Estadio El Cobre,Andrés Rojas,,https://fbref.com/en/matches/be62ddf9/Cobresal-Palestino-March-9-2023-Copa-Sudamericana,cl,Cobresal,cl,Palestino
Copa Sudamericana,M,,2023,,First stage,,Thu,2023-03-09,19:00,Tolima co,1.0,co Junior,0.0,,Estadio Manuel Murillo Toro,Jesús Valenzuela,,https://fbref.com/en/matches/b7503dc3/Tolima-Junior-March-9-2023-Copa-Sudamericana,co,Tolima,co,Junior
Copa Sudamericana,M,,2023,,First stage,,Thu,2023-03-09,19:00,CS Emelec ec,2.0,ec CD Cuenca,1.0,,Estadio Banco del Pacífico,Yael Falcón,,https://fbref.com/en/matches/fc2237f5/CS-Emelec-CD-Cuenca-March-9-2023-Copa-Sudamericana,ec,CS Emelec,ec,CD Cuenca
Copa Sudamericana,M,,2023,,First stage,,Thu,2023-03-09,21:00,Universitario pe,2.0,pe Cienciano,0.0,,Estadio Monumental,Gustavo Tejera,,https://fbref.com/en/matches/46234070/Universitario-Cienciano-March-9-2023-Copa-Sudamericana,pe,Universitario,pe,Cienciano
Copa Sudamericana,M,,2023,,Group stage,1,Tue,2023-04-04,18:00,Audax Italiano cl,0.0,ar Newell's OB,1.0,,Estadio CODELCO-El Teniente,Gustavo Tejera,,https://fbref.com/en/matches/5927e31f/Audax-Italiano-Newells-OB-April-4-2023-Copa-Sudamericana,cl,Audax Italiano,ar,Newell's OB
Copa Sudamericana,M,,2023,,Group stage,1,Tue,2023-04-04,19:00,Goiás br,0.0,co Santa Fe,0.0,,Estádio de Hailé Pinheiro,José Cabero,,https://fbref.com/en/matches/85ca4a00/Goias-Santa-Fe-April-4-2023-Copa-Sudamericana,br,Goiás,co,Santa Fe
Copa Sudamericana,M,,2023,,Group stage,1,Tue,2023-04-04,19:00,U César Vallejo pe,1.0,ec LDU de Quito,2.0,,Estadio Mansiche,Fernando Espinoza,,https://fbref.com/en/matches/65e063bc/Universidad-Cesar-Vallejo-LDU-de-Quito-April-4-2023-Copa-Sudamericana,pe,U César Vallejo,ec,LDU de Quito
Copa Sudamericana,M,,2023,,Group stage,1,Tue,2023-04-04,20:00,Estud Mérida ve,0.0,ar San Lorenzo,1.0,,Estadio Olímpico Metropolitano de Mérida,Roberto Sánchez,,https://fbref.com/en/matches/78b3b430/Estudiantes-de-Merida-San-Lorenzo-April-4-2023-Copa-Sudamericana,ve,Estud Mérida,ar,San Lorenzo
Copa Sudamericana,M,,2023,,Group stage,1,Tue,2023-04-04,20:30,Blooming bo,0.0,br Santos,1.0,,Estadio Ramón Aguilera Costas,Luis Quiroz,,https://fbref.com/en/matches/6caff9ee/Blooming-Santos-April-4-2023-Copa-Sudamericana,bo,Blooming,br,Santos
Copa Sudamericana,M,,2023,,Group stage,1,Tue,2023-04-04,21:00,Millonarios co,3.0,ar Defensa y Just,0.0,2791.0,Estadio Nemesio Camacho El Campín,Piero Maza,,https://fbref.com/en/matches/9bbd4f47/Millonarios-Defensa-y-Just-April-4-2023-Copa-Sudamericana,co,Millonarios,ar,Defensa y Just
Copa Sudamericana,M,,2023,,Group stage,1,Wed,2023-04-05,18:00,Oriente Petrolero bo,0.0,ar Estudiantes,1.0,,Estadio Ramón Aguilera Costas,Franklin Congo,,https://fbref.com/en/matches/04decf23/Oriente-Petrolero-Estudiantes-April-5-2023-Copa-Sudamericana,bo,Oriente Petrolero,ar,Estudiantes
Copa Sudamericana,M,,2023,,Group stage,1,Wed,2023-04-05,19:00,Danubio uy,2.0,ec CS Emelec,0.0,,Estadio Centenario,John J. Ospina,,https://fbref.com/en/matches/06dec575/Danubio-CS-Emelec-April-5-2023-Copa-Sudamericana,uy,Danubio,ec,CS Emelec
Copa Sudamericana,M,,2023,,Group stage,1,Wed,2023-04-05,19:00,Fortaleza br,4.0,cl Palestino,0.0,,Estádio Castelão,Jhon Hinestroza,,https://fbref.com/en/matches/2cd22fba/Fortaleza-Palestino-April-5-2023-Copa-Sudamericana,br,Fortaleza,cl,Palestino
Copa Sudamericana,M,,2023,,Group stage,1,Wed,2023-04-05,21:00,América (MG) br,4.0,uy Peñarol,1.0,,Estádio Raimundo Sampaio,Guillermo Guerrero,,https://fbref.com/en/matches/7dee7a51/America-MG-Penarol-April-5-2023-Copa-Sudamericana,br,América (MG),uy,Peñarol
Copa Sudamericana,M,,2023,,Group stage,1,Wed,2023-04-05,21:00,Gimnasia ELP ar,0.0,pe Universitario,1.0,,Estadio Juan Carmelo Zerillo,Andrés Matonte,,https://fbref.com/en/matches/84d98b0a/Gimnasia-ELP-Universitario-April-5-2023-Copa-Sudamericana,ar,Gimnasia ELP,pe,Universitario
Copa Sudamericana,M,,2023,,Group stage,1,Thu,2023-04-06,19:00,CA Huracán ar,4.0,py Guaraní,1.0,,Estadio Tomás Adolfo Ducó,Kevin Ortega,,https://fbref.com/en/matches/6fc7652a/CA-Huracan-Guarani-April-6-2023-Copa-Sudamericana,ar,CA Huracán,py,Guaraní
Copa Sudamericana,M,,2023,,Group stage,1,Thu,2023-04-06,20:00,Deportes Magallanes cl,2.0,br Botafogo (RJ),2.0,,Estadio CODELCO-El Teniente,Christian Ferreyra,,https://fbref.com/en/matches/0b3d12bd/Deportes-Magallanes-Botafogo-RJ-April-6-2023-Copa-Sudamericana,cl,Deportes Magallanes,br,Botafogo (RJ)
Copa Sudamericana,M,,2023,,Group stage,1,Thu,2023-04-06,20:00,Acad Pr Cabello ve,0.0,co Tolima,2.0,,Estadio Polideportivo Misael Delgado,Michael Espinoza,,https://fbref.com/en/matches/888e860c/Academia-Puerto-Cabello-Tolima-April-6-2023-Copa-Sudamericana,ve,Acad Pr Cabello,co,Tolima
Copa Sudamericana,M,,2023,,Group stage,1,Thu,2023-04-06,20:00,Tacuary py,1.0,br Bragantino,4.0,,Estadio Defensores del Chaco,Mathias de Armas,,https://fbref.com/en/matches/8a272cef/Tacuary-Bragantino-April-6-2023-Copa-Sudamericana,py,Tacuary,br,Bragantino
Copa Sudamericana,M,,2023,,Group stage,1,Thu,2023-04-06,21:00,Tigre ar,0.0,br São Paulo,2.0,,Estadio José Dellagiovanna,Esteban Ostojich,,https://fbref.com/en/matches/fdc69a4a/Tigre-Sao-Paulo-April-6-2023-Copa-Sudamericana,ar,Tigre,br,São Paulo
Copa Sudamericana,M,,2023,,Group stage,2,Tue,2023-04-18,19:00,Bragantino br,5.0,bo Oriente Petrolero,0.0,,Estádio Nabi Abi Chedid,Francisco Gilabert,,https://fbref.com/en/matches/71ee9b02/Bragantino-Oriente-Petrolero-April-18-2023-Copa-Sudamericana,br,Bragantino,bo,Oriente Petrolero
Copa Sudamericana,M,,2023,,Group stage,2,Tue,2023-04-18,19:00,Newell's OB ar,3.0,bo Blooming,0.0,,Estadio Marcelo Alberto Bielsa,Jhon Hinestroza,,https://fbref.com/en/matches/e39ad5e6/Newells-OB-Blooming-April-18-2023-Copa-Sudamericana,ar,Newell's OB,bo,Blooming
Copa Sudamericana,M,,2023,,Group stage,2,Tue,2023-04-18,20:00,Palestino cl,1.0,ve Estud Mérida,0.0,,Estadio CODELCO-El Teniente,Michael Espinoza,,https://fbref.com/en/matches/69f30190/Palestino-Estudiantes-de-Merida-April-18-2023-Copa-Sudamericana,cl,Palestino,ve,Estud Mérida
Copa Sudamericana,M,,2023,,Group stage,2,Tue,2023-04-18,21:00,Estudiantes ar,4.0,py Tacuary,0.0,,Estadio Jorge Luis Hirschi,Piero Maza,,https://fbref.com/en/matches/46bc5307/Estudiantes-Tacuary-April-18-2023-Copa-Sudamericana,ar,Estudiantes,py,Tacuary
Copa Sudamericana,M,,2023,,Group stage,2,Tue,2023-04-18,21:00,Santa Fe co,2.0,ar Gimnasia ELP,1.0,,Estadio Nemesio Camacho El Campín,Guillermo Guerrero,,https://fbref.com/en/matches/50bed91b/Santa-Fe-Gimnasia-ELP-April-18-2023-Copa-Sudamericana,co,Santa Fe,ar,Gimnasia ELP
Copa Sudamericana,M,,2023,,Group stage,2,Tue,2023-04-18,21:30,São Paulo br,2.0,ve Acad Pr Cabello,0.0,,Estádio do Morumbi,Ivo Méndez,,https://fbref.com/en/matches/ed92a8bf/Sao-Paulo-Academia-Puerto-Cabello-April-18-2023-Copa-Sudamericana,br,São Paulo,ve,Acad Pr Cabello
Copa Sudamericana,M,,2023,,Group stage,2,Wed,2023-04-19,18:00,Guaraní py,2.0,uy Danubio,1.0,,Estadio Defensores del Chaco,Flavio Rodrigues de Souza,,https://fbref.com/en/matches/5a8f6045/Guarani-Danubio-April-19-2023-Copa-Sudamericana,py,Guaraní,uy,Danubio
Copa Sudamericana,M,,2023,,Group stage,2,Wed,2023-04-19,21:00,LDU de Quito ec,4.0,cl Deportes Magallanes,0.0,6937.0,Estadio Rodrigo Paz Delgado,José Argote,,https://fbref.com/en/matches/225abfbe/LDU-de-Quito-Deportes-Magallanes-April-19-2023-Copa-Sudamericana,ec,LDU de Quito,cl,Deportes Magallanes
Copa Sudamericana,M,,2023,,Group stage,2,Wed,2023-04-19,21:00,Defensa y Just ar,2.0,br América (MG),1.0,,Estadio Norberto Tito Tomaghello,Alexis Herrera,,https://fbref.com/en/matches/ba466f59/Defensa-y-Just-America-MG-April-19-2023-Copa-Sudamericana,ar,Defensa y Just,br,América (MG)
Copa Sudamericana,M,,2023,,Group stage,2,Thu,2023-04-20,19:00,Santos br,0.0,cl Audax Italiano,0.0,,Estádio Urbano Caldeira,Andrés Rojas,,https://fbref.com/en/matches/a9b2c347/Santos-Audax-Italiano-April-20-2023-Copa-Sudamericana,br,Santos,cl,Audax Italiano
Copa Sudamericana,M,,2023,,Group stage,2,Thu,2023-04-20,19:00,San Lorenzo ar,0.0,br Fortaleza,2.0,,Estadio Pedro Bidegaín,Esteban Ostojich,,https://fbref.com/en/matches/c4e96ac1/San-Lorenzo-Fortaleza-April-20-2023-Copa-Sudamericana,ar,San Lorenzo,br,Fortaleza
Copa Sudamericana,M,,2023,,Group stage,2,Thu,2023-04-20,19:00,Peñarol uy,0.0,co Millonarios,2.0,,Estadio Campeón del Siglo,Cristián Garay,,https://fbref.com/en/matches/cb200b76/Penarol-Millonarios-April-20-2023-Copa-Sudamericana,uy,Peñarol,co,Millonarios
Copa Sudamericana,M,,2023,,Group stage,2,Thu,2023-04-20,21:00,Tolima co,1.0,ar Tigre,2.0,,Estadio Manuel Murillo Toro,Luis Quiroz,,https://fbref.com/en/matches/925c0c7d/Tolima-Tigre-April-20-2023-Copa-Sudamericana,co,Tolima,ar,Tigre
Copa Sudamericana,M,,2023,,Group stage,2,Thu,2023-04-20,21:00,CS Emelec ec,1.0,ar CA Huracán,0.0,,Estadio Banco del Pacífico,Bruno Arleu de Araujo,,https://fbref.com/en/matches/b254360d/CS-Emelec-CA-Huracan-April-20-2023-Copa-Sudamericana,ec,CS Emelec,ar,CA Huracán
Copa Sudamericana,M,,2023,,Group stage,2,Thu,2023-04-20,21:00,Universitario pe,2.0,br Goiás,2.0,,Estadio Monumental,Gery Vargas,,https://fbref.com/en/matches/c669ac80/Universitario-Goias-April-20-2023-Copa-Sudamericana,pe,Universitario,br,Goiás
Copa Sudamericana,M,,2023,,Group stage,2,Thu,2023-04-20,21:00,Botafogo (RJ) br,4.0,pe U César Vallejo,0.0,19486.0,Estádio Nilton Santos,Maximiliano Ramírez,,https://fbref.com/en/matches/efc2e815/Botafogo-RJ-Universidad-Cesar-Vallejo-April-20-2023-Copa-Sudamericana,br,Botafogo (RJ),pe,U César Vallejo
Copa Sudamericana,M,,2023,,Group stage,3,Tue,2023-05-02,17:00,Tolima co,0.0,br São Paulo,0.0,,Estadio Manuel Murillo Toro,Felipe González Alveal,,https://fbref.com/en/matches/a744e013/Tolima-Sao-Paulo-May-2-2023-Copa-Sudamericana,co,Tolima,br,São Paulo
Copa Sudamericana,M,,2023,,Group stage,3,Tue,2023-05-02,18:00,Tacuary py,3.0,bo Oriente Petrolero,1.0,,Estadio Defensores del Chaco,Fernando Vejar,,https://fbref.com/en/matches/3aac66e3/Tacuary-Oriente-Petrolero-May-2-2023-Copa-Sudamericana,py,Tacuary,bo,Oriente Petrolero
Copa Sudamericana,M,,2023,,Group stage,3,Tue,2023-05-02,19:00,CA Huracán ar,1.0,uy Danubio,1.0,,Estadio Tomás Adolfo Ducó,Braulio da Silva Machado,,https://fbref.com/en/matches/7696d6dd/CA-Huracan-Danubio-May-2-2023-Copa-Sudamericana,ar,CA Huracán,uy,Danubio
Copa Sudamericana,M,,2023,,Group stage,3,Tue,2023-05-02,20:00,Deportes Magallanes cl,2.0,pe U César Vallejo,2.0,647.0,Estadio CODELCO-El Teniente,Fernando Rapallini,,https://fbref.com/en/matches/f643998e/Deportes-Magallanes-Universidad-Cesar-Vallejo-May-2-2023-Copa-Sudamericana,cl,Deportes Magallanes,pe,U César Vallejo
Copa Sudamericana,M,,2023,,Group stage,3,Tue,2023-05-02,21:00,Bragantino br,0.0,ar Estudiantes,0.0,3236.0,Estádio Nabi Abi Chedid,Carlos Ortega,,https://fbref.com/en/matches/0bb0320c/Bragantino-Estudiantes-May-2-2023-Copa-Sudamericana,br,Bragantino,ar,Estudiantes
Copa Sudamericana,M,,2023,,Group stage,3,Tue,2023-05-02,21:30,Newell's OB ar,1.0,br Santos,0.0,10327.0,Estadio Marcelo Alberto Bielsa,Alexis Herrera,,https://fbref.com/en/matches/df91ab63/Newells-OB-Santos-May-2-2023-Copa-Sudamericana,ar,Newell's OB,br,Santos
Copa Sudamericana,M,,2023,,Group stage,3,Wed,2023-05-03,18:00,Palestino cl,0.0,ar San Lorenzo,0.0,,Estadio CODELCO-El Teniente,Carlos Betancourt,,https://fbref.com/en/matches/01294980/Palestino-San-Lorenzo-May-3-2023-Copa-Sudamericana,cl,Palestino,ar,San Lorenzo
Copa Sudamericana,M,,2023,,Group stage,3,Wed,2023-05-03,19:00,Millonarios co,1.0,br América (MG),1.0,,Estadio Nemesio Camacho El Campín,Guillermo Guerrero,,https://fbref.com/en/matches/5c5dd94c/Millonarios-America-MG-May-3-2023-Copa-Sudamericana,co,Millonarios,br,América (MG)
Copa Sudamericana,M,,2023,,Group stage,3,Wed,2023-05-03,20:00,Guaraní py,1.0,ec CS Emelec,1.0,,Estadio Defensores del Chaco,Wilton Sampaio,,https://fbref.com/en/matches/556d87cb/Guarani-CS-Emelec-May-3-2023-Copa-Sudamericana,py,Guaraní,ec,CS Emelec
Copa Sudamericana,M,,2023,,Group stage,3,Wed,2023-05-03,20:00,Acad Pr Cabello ve,0.0,ar Tigre,3.0,,Estadio Polideportivo Misael Delgado,Augusto Aragón,,https://fbref.com/en/matches/cf367371/Academia-Puerto-Cabello-Tigre-May-3-2023-Copa-Sudamericana,ve,Acad Pr Cabello,ar,Tigre
Copa Sudamericana,M,,2023,,Group stage,3,Thu,2023-05-04,19:00,Gimnasia ELP ar,0.0,br Goiás,2.0,,Estadio Juan Carmelo Zerillo,Luis Quiroz,,https://fbref.com/en/matches/663d8c06/Gimnasia-ELP-Goias-May-4-2023-Copa-Sudamericana,ar,Gimnasia ELP,br,Goiás
Copa Sudamericana,M,,2023,,Group stage,3,Thu,2023-05-04,20:00,Audax Italiano cl,2.0,bo Blooming,0.0,,Estadio CODELCO-El Teniente,Diego Haro,,https://fbref.com/en/matches/07916386/Audax-Italiano-Blooming-May-4-2023-Copa-Sudamericana,cl,Audax Italiano,bo,Blooming
Copa Sudamericana,M,,2023,,Group stage,3,Thu,2023-05-04,21:00,Fortaleza br,6.0,ve Estud Mérida,1.0,28534.0,Estádio Castelão,Jhon Hinestroza,,https://fbref.com/en/matches/38155c09/Fortaleza-Estudiantes-de-Merida-May-4-2023-Copa-Sudamericana,br,Fortaleza,ve,Estud Mérida
Copa Sudamericana,M,,2023,,Group stage,3,Thu,2023-05-04,21:00,Universitario pe,2.0,co Santa Fe,0.0,,Estadio Monumental,Gustavo Tejera,,https://fbref.com/en/matches/5ccc0454/Universitario-Santa-Fe-May-4-2023-Copa-Sudamericana,pe,Universitario,co,Santa Fe
Copa Sudamericana,M,,2023,,Group stage,3,Thu,2023-05-04,21:00,Botafogo (RJ) br,0.0,ec LDU de Quito,0.0,,Estádio Nilton Santos,Darío Herrera,,https://fbref.com/en/matches/808e09e7/Botafogo-RJ-LDU-de-Quito-May-4-2023-Copa-Sudamericana,br,Botafogo (RJ),ec,LDU de Quito
Copa Sudamericana,M,,2023,,Group stage,3,Thu,2023-05-04,21:00,Defensa y Just ar,4.0,uy Peñarol,1.0,,Estadio Norberto Tito Tomaghello,José Argote,,https://fbref.com/en/matches/8696f82c/Defensa-y-Just-Penarol-May-4-2023-Copa-Sudamericana,ar,Defensa y Just,uy,Peñarol
Copa Sudamericana,M,,2023,,Group stage,4,Tue,2023-05-23,19:00,Goiás br,1.0,pe Universitario,0.0,,Estádio de Hailé Pinheiro,Guillermo Guerrero,,https://fbref.com/en/matches/0c404ddb/Goias-Universitario-May-23-2023-Copa-Sudamericana,br,Goiás,pe,Universitario
Copa Sudamericana,M,,2023,,Group stage,4,Tue,2023-05-23,19:00,Gimnasia ELP ar,1.0,co Santa Fe,0.0,,Estadio Juan Carmelo Zerillo,Ángel Arteaga,,https://fbref.com/en/matches/82fddd7a/Gimnasia-ELP-Santa-Fe-May-23-2023-Copa-Sudamericana,ar,Gimnasia ELP,co,Santa Fe
Copa Sudamericana,M,,2023,,Group stage,4,Tue,2023-05-23,20:00,Deportes Magallanes cl,1.0,ec LDU de Quito,1.0,,Estadio CODELCO-El Teniente,Maximiliano Ramírez,,https://fbref.com/en/matches/0ce2220a/Deportes-Magallanes-LDU-de-Quito-May-23-2023-Copa-Sudamericana,cl,Deportes Magallanes,ec,LDU de Quito
Copa Sudamericana,M,,2023,,Group stage,4,Tue,2023-05-23,20:30,Acad Pr Cabello ve,0.0,br São Paulo,2.0,2254.0,Estadio Polideportivo Misael Delgado,Byran Loayza,,https://fbref.com/en/matches/b0aeb80f/Academia-Puerto-Cabello-Sao-Paulo-May-23-2023-Copa-Sudamericana,ve,Acad Pr Cabello,br,São Paulo
Copa Sudamericana,M,,2023,,Group stage,4,Tue,2023-05-23,21:00,América (MG) br,2.0,ar Defensa y Just,3.0,1967.0,Estádio Raimundo Sampaio,Ivo Méndez,,https://fbref.com/en/matches/0f393981/America-MG-Defensa-y-Just-May-23-2023-Copa-Sudamericana,br,América (MG),ar,Defensa y Just
Copa Sudamericana,M,,2023,,Group stage,4,Tue,2023-05-23,21:00,Millonarios co,3.0,uy Peñarol,1.0,,Estadio Nemesio Camacho El Campín,Alexis Herrera,,https://fbref.com/en/matches/cc305092/Millonarios-Penarol-May-23-2023-Copa-Sudamericana,co,Millonarios,uy,Peñarol
Copa Sudamericana,M,,2023,,Group stage,4,Wed,2023-05-24,19:00,Fortaleza br,3.0,ar San Lorenzo,2.0,,Estádio Castelão,Gustavo Tejera,,https://fbref.com/en/matches/a9fe9a62/Fortaleza-San-Lorenzo-May-24-2023-Copa-Sudamericana,br,Fortaleza,ar,San Lorenzo
Copa Sudamericana,M,,2023,,Group stage,4,Wed,2023-05-24,20:00,Audax Italiano cl,2.0,br Santos,1.0,,Estadio CODELCO-El Teniente,Christian Ferreyra,,https://fbref.com/en/matches/7e8bcf5d/Audax-Italiano-Santos-May-24-2023-Copa-Sudamericana,cl,Audax Italiano,br,Santos
Copa Sudamericana,M,,2023,,Group stage,4,Wed,2023-05-24,21:00,Tigre ar,0.0,co Tolima,0.0,,Estadio José Dellagiovanna,Kevin Ortega,,https://fbref.com/en/matches/675b9572/Tigre-Tolima-May-24-2023-Copa-Sudamericana,ar,Tigre,co,Tolima
Copa Sudamericana,M,,2023,,Group stage,4,Wed,2023-05-24,22:00,Blooming bo,2.0,ar Newell's OB,3.0,2475.0,Estadio Ramón Aguilera Costas,Carlos Betancourt,,https://fbref.com/en/matches/e0f5ee8c/Blooming-Newells-OB-May-24-2023-Copa-Sudamericana,bo,Blooming,ar,Newell's OB
Copa Sudamericana,M,,2023,,Group stage,4,Thu,2023-05-25,18:00,Tacuary py,0.0,ar Estudiantes,4.0,,Estadio Defensores del Chaco,José Argote,,https://fbref.com/en/matches/e2dd9b0d/Tacuary-Estudiantes-May-25-2023-Copa-Sudamericana,py,Tacuary,ar,Estudiantes
Copa Sudamericana,M,,2023,,Group stage,4,Thu,2023-05-25,19:00,Danubio uy,0.0,py Guaraní,2.0,,Estadio Centenario,Raphael Claus,,https://fbref.com/en/matches/c6807c9e/Danubio-Guarani-May-25-2023-Copa-Sudamericana,uy,Danubio,py,Guaraní
Copa Sudamericana,M,,2023,,Group stage,4,Thu,2023-05-25,19:00,U César Vallejo pe,2.0,br Botafogo (RJ),3.0,,Estadio Mansiche,Facundo Tello,,https://fbref.com/en/matches/61b95399/Universidad-Cesar-Vallejo-Botafogo-RJ-May-25-2023-Copa-Sudamericana,pe,U César Vallejo,br,Botafogo (RJ)
Copa Sudamericana,M,,2023,,Group stage,4,Thu,2023-05-25,20:00,Oriente Petrolero bo,0.0,br Bragantino,4.0,,Estadio Ramón Aguilera Costas,Bismark Santiago,,https://fbref.com/en/matches/14672b41/Oriente-Petrolero-Bragantino-May-25-2023-Copa-Sudamericana,bo,Oriente Petrolero,br,Bragantino
Copa Sudamericana,M,,2023,,Group stage,4,Thu,2023-05-25,20:00,Estud Mérida ve,1.0,cl Palestino,5.0,,Estadio Olímpico Metropolitano de Mérida,Augusto Aragón,,https://fbref.com/en/matches/f63442da/Estudiantes-de-Merida-Palestino-May-25-2023-Copa-Sudamericana,ve,Estud Mérida,cl,Palestino
Copa Sudamericana,M,,2023,,Group stage,4,Thu,2023-05-25,21:00,CA Huracán ar,2.0,ec CS Emelec,2.0,,Estadio Tomás Adolfo Ducó,Andrés Rojas,,https://fbref.com/en/matches/e0644f62/CA-Huracan-CS-Emelec-May-25-2023-Copa-Sudamericana,ar,CA Huracán,ec,CS Emelec
Copa Sudamericana,M,,2023,,Group stage,5,Tue,2023-06-06,18:00,Estud Mérida ve,1.0,br Fortaleza,0.0,,Estadio Olímpico Metropolitano de Mérida,Jhon Hinestroza,,https://fbref.com/en/matches/5b390f8d/Estudiantes-de-Merida-Fortaleza-June-6-2023-Copa-Sudamericana,ve,Estud Mérida,br,Fortaleza
Copa Sudamericana,M,,2023,,Group stage,5,Tue,2023-06-06,19:00,Peñarol uy,0.0,ar Defensa y Just,3.0,5162.0,Estadio Campeón del Siglo,Francisco Gilabert,,https://fbref.com/en/matches/0c32f1e6/Penarol-Defensa-y-Just-June-6-2023-Copa-Sudamericana,uy,Peñarol,ar,Defensa y Just
Copa Sudamericana,M,,2023,,Group stage,5,Tue,2023-06-06,21:00,Tigre ar,2.0,ve Acad Pr Cabello,1.0,,Estadio José Dellagiovanna,Augusto Aragón,,https://fbref.com/en/matches/6c64511b/Tigre-Academia-Puerto-Cabello-June-6-2023-Copa-Sudamericana,ar,Tigre,ve,Acad Pr Cabello
Copa Sudamericana,M,,2023,,Group stage,5,Tue,2023-06-06,21:00,LDU de Quito ec,0.0,br Botafogo (RJ),0.0,11212.0,Estadio Rodrigo Paz Delgado,José Argote,,https://fbref.com/en/matches/7709758a/LDU-de-Quito-Botafogo-RJ-June-6-2023-Copa-Sudamericana,ec,LDU de Quito,br,Botafogo (RJ)
Copa Sudamericana,M,,2023,,Group stage,5,Tue,2023-06-06,21:00,América (MG) br,2.0,co Millonarios,0.0,,Estádio Raimundo Sampaio,Guillermo Guerrero,,https://fbref.com/en/matches/d2cfc6bc/America-MG-Millonarios-June-6-2023-Copa-Sudamericana,br,América (MG),co,Millonarios
Copa Sudamericana,M,,2023,,Group stage,5,Tue,2023-06-06,21:30,Santos br,1.0,ar Newell's OB,2.0,6204.0,Estádio Urbano Caldeira,Jesús Valenzuela,,https://fbref.com/en/matches/96b2b931/Santos-Newells-OB-June-6-2023-Copa-Sudamericana,br,Santos,ar,Newell's OB
Copa Sudamericana,M,,2023,,Group stage,5,Wed,2023-06-07,20:00,Blooming bo,1.0,cl Audax Italiano,2.0,,Estadio Ramón Aguilera Costas,Juan Andrade,,https://fbref.com/en/matches/7e8f7511/Blooming-Audax-Italiano-June-7-2023-Copa-Sudamericana,bo,Blooming,cl,Audax Italiano
Copa Sudamericana,M,,2023,,Group stage,5,Wed,2023-06-07,21:00,CS Emelec ec,1.0,py Guaraní,1.0,,Estadio Banco del Pacífico,Flavio Rodrigues de Souza,,https://fbref.com/en/matches/0e593fde/CS-Emelec-Guarani-June-7-2023-Copa-Sudamericana,ec,CS Emelec,py,Guaraní
Copa Sudamericana,M,,2023,,Group stage,5,Wed,2023-06-07,21:00,Estudiantes ar,1.0,br Bragantino,1.0,,Estadio Jorge Luis Hirschi,Kevin Ortega,,https://fbref.com/en/matches/46f003f2/Estudiantes-Bragantino-June-7-2023-Copa-Sudamericana,ar,Estudiantes,br,Bragantino
Copa Sudamericana,M,,2023,,Group stage,5,Thu,2023-06-08,18:00,Oriente Petrolero bo,1.0,py Tacuary,3.0,6894.0,Estadio Ramón Aguilera Costas,Alberto Feres,,https://fbref.com/en/matches/044a0a6c/Oriente-Petrolero-Tacuary-June-8-2023-Copa-Sudamericana,bo,Oriente Petrolero,py,Tacuary
Copa Sudamericana,M,,2023,,Group stage,5,Thu,2023-06-08,19:00,São Paulo br,5.0,co Tolima,0.0,,Estádio do Morumbi,Leodán González,,https://fbref.com/en/matches/10dca28d/Sao-Paulo-Tolima-June-8-2023-Copa-Sudamericana,br,São Paulo,co,Tolima
Copa Sudamericana,M,,2023,,Group stage,5,Thu,2023-06-08,19:00,Goiás br,0.0,ar Gimnasia ELP,0.0,7928.0,Estádio de Hailé Pinheiro,Ivo Méndez,,https://fbref.com/en/matches/9ec3f1a1/Goias-Gimnasia-ELP-June-8-2023-Copa-Sudamericana,br,Goiás,ar,Gimnasia ELP
Copa Sudamericana,M,,2023,,Group stage,5,Thu,2023-06-08,19:00,Danubio uy,1.0,ar CA Huracán,0.0,,Estadio Centenario,Carlos Ortega,,https://fbref.com/en/matches/e9ae1cb4/Danubio-CA-Huracan-June-8-2023-Copa-Sudamericana,uy,Danubio,ar,CA Huracán
Copa Sudamericana,M,,2023,,Group stage,5,Thu,2023-06-08,21:00,U César Vallejo pe,3.0,cl Deportes Magallanes,2.0,385.0,Estadio Mansiche,Leandro Rey Hilfer,,https://fbref.com/en/matches/4a620212/Universidad-Cesar-Vallejo-Deportes-Magallanes-June-8-2023-Copa-Sudamericana,pe,U César Vallejo,cl,Deportes Magallanes
Copa Sudamericana,M,,2023,,Group stage,5,Thu,2023-06-08,21:00,Santa Fe co,2.0,pe Universitario,0.0,9863.0,Estadio Nemesio Camacho El Campín,Felipe González Alveal,,https://fbref.com/en/matches/617cea44/Santa-Fe-Universitario-June-8-2023-Copa-Sudamericana,co,Santa Fe,pe,Universitario
Copa Sudamericana,M,,2023,,Group stage,5,Thu,2023-06-08,21:00,San Lorenzo ar,0.0,cl Palestino,0.0,14110.0,Estadio Pedro Bidegaín,Diego Haro,,https://fbref.com/en/matches/9f582bf5/San-Lorenzo-Palestino-June-8-2023-Copa-Sudamericana,ar,San Lorenzo,cl,Palestino
Copa Sudamericana,M,,2023,,Group stage,6,Tue,2023-06-27,18:00,Palestino cl,1.0,br Fortaleza,2.0,871.0,Estadio CODELCO-El Teniente,Carlos Ortega,,https://fbref.com/en/matches/9ca6fac3/Palestino-Fortaleza-June-27-2023-Copa-Sudamericana,cl,Palestino,br,Fortaleza
Copa Sudamericana,M,,2023,,Group stage,6,Tue,2023-06-27,19:00,San Lorenzo ar,4.0,ve Estud Mérida,1.0,10088.0,Estadio Pedro Bidegaín,Gery Vargas,,https://fbref.com/en/matches/053e5325/San-Lorenzo-Estudiantes-de-Merida-June-27-2023-Copa-Sudamericana,ar,San Lorenzo,ve,Estud Mérida
Copa Sudamericana,M,,2023,,Group stage,6,Tue,2023-06-27,19:30,Tolima co,3.0,ve Acad Pr Cabello,1.0,,Estadio Manuel Murillo Toro,Joel Alarcón,,https://fbref.com/en/matches/e0d06822/Tolima-Academia-Puerto-Cabello-June-27-2023-Copa-Sudamericana,co,Tolima,ve,Acad Pr Cabello
Copa Sudamericana,M,,2023,,Group stage,6,Tue,2023-06-27,21:30,São Paulo br,2.0,ar Tigre,0.0,28699.0,Estádio do Morumbi,Guillermo Guerrero,,https://fbref.com/en/matches/d2017b09/Sao-Paulo-Tigre-June-27-2023-Copa-Sudamericana,br,São Paulo,ar,Tigre
Copa Sudamericana,M,,2023,,Group stage,6,Wed,2023-06-28,19:00,Estudiantes ar,4.0,bo Oriente Petrolero,0.0,16514.0,Estadio Jorge Luis Hirschi,Manuel Vergara,,https://fbref.com/en/matches/6b636745/Estudiantes-Oriente-Petrolero-June-28-2023-Copa-Sudamericana,ar,Estudiantes,bo,Oriente Petrolero
Copa Sudamericana,M,,2023,,Group stage,6,Wed,2023-06-28,19:00,Bragantino br,7.0,py Tacuary,1.0,4115.0,Estádio Nabi Abi Chedid,Fernando Vejar,,https://fbref.com/en/matches/c4f605cf/Bragantino-Tacuary-June-28-2023-Copa-Sudamericana,br,Bragantino,py,Tacuary
Copa Sudamericana,M,,2023,,Group stage,6,Wed,2023-06-28,19:00,CS Emelec ec,2.0,uy Danubio,1.0,,Estadio Banco del Pacífico,Braulio da Silva Machado,,https://fbref.com/en/matches/da054486/CS-Emelec-Danubio-June-28-2023-Copa-Sudamericana,ec,CS Emelec,uy,Danubio
Copa Sudamericana,M,,2023,,Group stage,6,Wed,2023-06-28,20:00,Guaraní py,2.0,ar CA Huracán,0.0,1360.0,Estadio Defensores del Chaco,Bruno Arleu de Araujo,,https://fbref.com/en/matches/9c9b6301/Guarani-CA-Huracan-June-28-2023-Copa-Sudamericana,py,Guaraní,ar,CA Huracán
Copa Sudamericana,M,,2023,,Group stage,6,Wed,2023-06-28,21:00,Universitario pe,1.0,ar Gimnasia ELP,0.0,,Estadio Monumental,Esteban Ostojich,,https://fbref.com/en/matches/273880b4/Universitario-Gimnasia-ELP-June-28-2023-Copa-Sudamericana,pe,Universitario,ar,Gimnasia ELP
Copa Sudamericana,M,,2023,,Group stage,6,Wed,2023-06-28,21:00,Santa Fe co,1.0,br Goiás,2.0,16945.0,Estadio Nemesio Camacho El Campín,Leodán González,,https://fbref.com/en/matches/284b7446/Santa-Fe-Goias-June-28-2023-Copa-Sudamericana,co,Santa Fe,br,Goiás
Copa Sudamericana,M,,2023,,Group stage,6,Thu,2023-06-29,19:00,Newell's OB ar,1.0,cl Audax Italiano,1.0,,Estadio Marcelo Alberto Bielsa,John J. Ospina,,https://fbref.com/en/matches/6698defa/Newells-OB-Audax-Italiano-June-29-2023-Copa-Sudamericana,ar,Newell's OB,cl,Audax Italiano
Copa Sudamericana,M,,2023,,Group stage,6,Thu,2023-06-29,19:00,Santos br,0.0,bo Blooming,0.0,2891.0,Estádio Urbano Caldeira,Augusto Aragón,,https://fbref.com/en/matches/e7fec0d8/Santos-Blooming-June-29-2023-Copa-Sudamericana,br,Santos,bo,Blooming
Copa Sudamericana,M,,2023,,Group stage,6,Thu,2023-06-29,19:00,LDU de Quito ec,3.0,pe U César Vallejo,0.0,,Estadio Rodrigo Paz Delgado,Andrés Merlos,,https://fbref.com/en/matches/a8251612/LDU-de-Quito-Universidad-Cesar-Vallejo-June-29-2023-Copa-Sudamericana,ec,LDU de Quito,pe,U César Vallejo
Copa Sudamericana,M,,2023,,Group stage,6,Thu,2023-06-29,21:00,Peñarol uy,1.0,br América (MG),2.0,4658.0,Estadio Campeón del Siglo,Diego Haro,,https://fbref.com/en/matches/a350828a/Penarol-America-MG-June-29-2023-Copa-Sudamericana,uy,Peñarol,br,América (MG)
Copa Sudamericana,M,,2023,,Group stage,6,Thu,2023-06-29,21:00,Botafogo (RJ) br,1.0,cl Deportes Magallanes,1.0,27504.0,Estádio Nilton Santos,Bismark Santiago,,https://fbref.com/en/matches/a6996bf7/Botafogo-RJ-Deportes-Magallanes-June-29-2023-Copa-Sudamericana,br,Botafogo (RJ),cl,Deportes Magallanes
Copa Sudamericana,M,,2023,,Group stage,6,Thu,2023-06-29,21:00,Defensa y Just ar,3.0,co Millonarios,1.0,5324.0,Estadio Norberto Tito Tomaghello,Cristián Garay,,https://fbref.com/en/matches/d4ba6f86/Defensa-y-Just-Millonarios-June-29-2023-Copa-Sudamericana,ar,Defensa y Just,co,Millonarios
Copa Sudamericana,M,,2023,,Knockout round play-offs,,Tue,2023-07-11,18:00,Colo-Colo cl,2.0,br América (MG),1.0,29700.0,Estadio Monumental David Arellano,Fernando Rapallini,Leg 1 of 2,https://fbref.com/en/matches/46862bc6/Colo-Colo-America-MG-July-11-2023-Copa-Sudamericana,cl,Colo-Colo,br,América (MG)
Copa Sudamericana,M,,2023,,Knockout round play-offs,,Tue,2023-07-11,19:00,Barcelona SC ec,2.0,ar Estudiantes,1.0,4931.0,Estadio Monumental Isidro Romero Carbo,Gustavo Tejera,Leg 1 of 2,https://fbref.com/en/matches/b31f9d11/Barcelona-SC-Estudiantes-July-11-2023-Copa-Sudamericana,ec,Barcelona SC,ar,Estudiantes
Copa Sudamericana,M,,2023,,Knockout round play-offs,,Tue,2023-07-11,21:30,Corinthians br,1.0,pe Universitario,0.0,,Neo Química Arena,Jesús Valenzuela,Leg 1 of 2,https://fbref.com/en/matches/05a64051/Corinthians-Universitario-July-11-2023-Copa-Sudamericana,br,Corinthians,pe,Universitario
Copa Sudamericana,M,,2023,,Knockout round play-offs,,Wed,2023-07-12,19:00,Patronato ar,0.0,br Botafogo (RJ),2.0,3759.0,Estadio Presbítero Bartolomé Grella,Gery Vargas,Leg 1 of 2,https://fbref.com/en/matches/e246e2eb/Patronato-Botafogo-RJ-July-12-2023-Copa-Sudamericana,ar,Patronato,br,Botafogo (RJ)
Copa Sudamericana,M,,2023,,Knockout round play-offs,,Wed,2023-07-12,19:00,Sporting Cristal pe,0.0,ec CS Emelec,1.0,,Estadio Nacional,Raphael Claus,Leg 1 of 2,https://fbref.com/en/matches/9deb6b18/Sporting-Cristal-CS-Emelec-July-12-2023-Copa-Sudamericana,pe,Sporting Cristal,ec,CS Emelec
Copa Sudamericana,M,,2023,,Knockout round play-offs,,Wed,2023-07-12,19:00,Independiente co,0.0,ar San Lorenzo,1.0,,Estadio Atanasio Girardot,Alexis Herrera,Leg 1 of 2,https://fbref.com/en/matches/c66841da/Independiente-San-Lorenzo-July-12-2023-Copa-Sudamericana,co,Independiente,ar,San Lorenzo
Copa Sudamericana,M,,2023,,Knockout round play-offs,,Thu,2023-07-13,18:00,Ñublense cl,0.0,cl Audax Italiano,0.0,,Estadio Municipal Alcaldesa Ester Roa Re...,Flavio Rodrigues de Souza,Leg 1 of 2,https://fbref.com/en/matches/ea43fa69/Nublense-Audax-Italiano-July-13-2023-Copa-Sudamericana,cl,Ñublense,cl,Audax Italiano
Copa Sudamericana,M,,2023,,Knockout round play-offs,,Thu,2023-07-13,20:00,Libertad py,2.0,ar Tigre,1.0,,Estadio Defensores del Chaco,Cristián Garay,Leg 1 of 2,https://fbref.com/en/matches/478430cd/Libertad-Tigre-July-13-2023-Copa-Sudamericana,py,Libertad,ar,Tigre
Copa Sudamericana,M,,2023,,Knockout round play-offs,,Tue,2023-07-18,19:00,América (MG) br,5.0,cl Colo-Colo,1.0,,Estádio Raimundo Sampaio,Darío Herrera,Leg 2 of 2; América (MG) won,https://fbref.com/en/matches/4e9cf967/America-MG-Colo-Colo-July-18-2023-Copa-Sudamericana,br,América (MG),cl,Colo-Colo
Copa Sudamericana,M,,2023,,Knockout round play-offs,,Tue,2023-07-18,19:30,Universitario pe,1.0,br Corinthians,2.0,46811.0,Estadio Monumental,Wilmar Roldán,Leg 2 of 2; Corinthians won,https://fbref.com/en/matches/c4eb32aa/Universitario-Corinthians-July-18-2023-Copa-Sudamericana,pe,Universitario,br,Corinthians
Copa Sudamericana,M,,2023,,Knockout round play-offs,,Tue,2023-07-18,21:00,Estudiantes ar,4.0,ec Barcelona SC,0.0,17289.0,Estadio Jorge Luis Hirschi,Wilton Sampaio,Leg 2 of 2; Estudiantes won,https://fbref.com/en/matches/638bb299/Estudiantes-Barcelona-SC-July-18-2023-Copa-Sudamericana,ar,Estudiantes,ec,Barcelona SC
Copa Sudamericana,M,,2023,,Knockout round play-offs,,Wed,2023-07-19,19:00,Botafogo (RJ) br,1.0,ar Patronato,1.0,,Estádio Nilton Santos,Kevin Ortega,Leg 2 of 2; Botafogo (RJ) won,https://fbref.com/en/matches/0c906c10/Botafogo-RJ-Patronato-July-19-2023-Copa-Sudamericana,br,Botafogo (RJ),ar,Patronato
Copa Sudamericana,M,,2023,,Knockout round play-offs,,Wed,2023-07-19,19:00,CS Emelec ec,0.0,pe Sporting Cristal,0.0,20729.0,Estadio Banco del Pacífico,Piero Maza,Leg 2 of 2; CS Emelec won,https://fbref.com/en/matches/9b3a3eb8/CS-Emelec-Sporting-Cristal-July-19-2023-Copa-Sudamericana,ec,CS Emelec,pe,Sporting Cristal
Copa Sudamericana,M,,2023,,Knockout round play-offs,,Wed,2023-07-19,21:00,San Lorenzo ar,2.0,co Independiente,0.0,,Estadio Pedro Bidegaín,Anderson Daronco,Leg 2 of 2; San Lorenzo won,https://fbref.com/en/matches/ead7eff3/San-Lorenzo-Independiente-July-19-2023-Copa-Sudamericana,ar,San Lorenzo,co,Independiente
Copa Sudamericana,M,,2023,,Knockout round play-offs,,Thu,2023-07-20,21:00,Tigre ar,0.0,py Libertad,1.0,,Estadio José Dellagiovanna,Andrés Rojas,Leg 2 of 2; Libertad won,https://fbref.com/en/matches/87ab540d/Tigre-Libertad-July-20-2023-Copa-Sudamericana,ar,Tigre,py,Libertad
Copa Sudamericana,M,,2023,,Knockout round play-offs,,Fri,2023-07-21,18:00,Audax Italiano cl,0.0,cl Ñublense,1.0,,Estadio Monumental David Arellano,Facundo Tello,Leg 2 of 2; Ñublense won,https://fbref.com/en/matches/0df41854/Audax-Italiano-Nublense-July-21-2023-Copa-Sudamericana,cl,Audax Italiano,cl,Ñublense
Copa Sudamericana,M,,2023,,Round of 16,,Tue,2023-08-01,18:00,Libertad py,0.0,br Fortaleza,1.0,8165.0,Estadio Defensores del Chaco,Alexis Herrera,Leg 1 of 2,https://fbref.com/en/matches/8ad849da/Libertad-Fortaleza-August-1-2023-Copa-Sudamericana,py,Libertad,br,Fortaleza
Copa Sudamericana,M,,2023,,Round of 16,,Tue,2023-08-01,19:00,CS Emelec ec,1.0,ar Defensa y Just,2.0,14812.0,Estadio Banco del Pacífico,Flavio Rodrigues de Souza,Leg 1 of 2,https://fbref.com/en/matches/90fde157/CS-Emelec-Defensa-y-Just-August-1-2023-Copa-Sudamericana,ec,CS Emelec,ar,Defensa y Just
Copa Sudamericana,M,,2023,,Round of 16,,Tue,2023-08-01,21:30,Corinthians br,2.0,ar Newell's OB,1.0,,Neo Química Arena,Gustavo Tejera,Leg 1 of 2,https://fbref.com/en/matches/d678f778/Corinthians-Newells-OB-August-1-2023-Copa-Sudamericana,br,Corinthians,ar,Newell's OB
Copa Sudamericana,M,,2023,,Round of 16,,Wed,2023-08-02,19:00,Botafogo (RJ) br,2.0,py Guaraní,1.0,,Estádio Nilton Santos,Andrés Matonte,Leg 1 of 2,https://fbref.com/en/matches/3e8ac990/Botafogo-RJ-Guarani-August-2-2023-Copa-Sudamericana,br,Botafogo (RJ),py,Guaraní
Copa Sudamericana,M,,2023,,Round of 16,,Wed,2023-08-02,19:00,Estudiantes ar,3.0,br Goiás,0.0,,Estadio Jorge Luis Hirschi,Andrés Rojas,Leg 1 of 2,https://fbref.com/en/matches/8c881615/Estudiantes-Goias-August-2-2023-Copa-Sudamericana,ar,Estudiantes,br,Goiás
Copa Sudamericana,M,,2023,,Round of 16,,Thu,2023-08-03,19:00,San Lorenzo ar,1.0,br São Paulo,0.0,12736.0,Estadio Pedro Bidegaín,Wilmar Roldán,Leg 1 of 2,https://fbref.com/en/matches/df15a642/San-Lorenzo-Sao-Paulo-August-3-2023-Copa-Sudamericana,ar,San Lorenzo,br,São Paulo
Copa Sudamericana,M,,2023,,Round of 16,,Thu,2023-08-03,20:00,Ñublense cl,0.0,ec LDU de Quito,1.0,6524.0,Estadio Municipal Alcaldesa Ester Roa Re...,Kevin Ortega,Leg 1 of 2,https://fbref.com/en/matches/20277c75/Nublense-LDU-de-Quito-August-3-2023-Copa-Sudamericana,cl,Ñublense,ec,LDU de Quito
Copa Sudamericana,M,,2023,,Round of 16,,Thu,2023-08-03,21:00,América (MG) br,1.0,br Bragantino,1.0,2546.0,Estádio Raimundo Sampaio,Gery Vargas,Leg 1 of 2,https://fbref.com/en/matches/4ec7881a/America-MG-Bragantino-August-3-2023-Copa-Sudamericana,br,América (MG),br,Bragantino
Copa Sudamericana,M,,2023,,Round of 16,,Tue,2023-08-08,19:00,Fortaleza br,1.0,py Libertad,1.0,,Estádio Castelão,Facundo Tello,Leg 2 of 2; Fortaleza won,https://fbref.com/en/matches/bb40e007/Fortaleza-Libertad-August-8-2023-Copa-Sudamericana,br,Fortaleza,py,Libertad
Copa Sudamericana,M,,2023,,Round of 16,,Tue,2023-08-08,21:00,Defensa y Just ar,1.0,ec CS Emelec,0.0,8754.0,Estadio Juan Carmelo Zerillo,Wilton Sampaio,Leg 2 of 2; Defensa y Just won,https://fbref.com/en/matches/b4e68f30/Defensa-y-Just-CS-Emelec-August-8-2023-Copa-Sudamericana,ar,Defensa y Just,ec,CS Emelec
Copa Sudamericana,M,,2023,,Round of 16,,Tue,2023-08-08,21:30,Newell's OB ar,0.0,br Corinthians,0.0,,Estadio Marcelo Alberto Bielsa,Andrés Rojas,Leg 2 of 2; Corinthians won,https://fbref.com/en/matches/09abf1ed/Newells-OB-Corinthians-August-8-2023-Copa-Sudamericana,ar,Newell's OB,br,Corinthians
Copa Sudamericana,M,,2023,,Round of 16,,Wed,2023-08-09,18:00,Guaraní py,0.0,br Botafogo (RJ),0.0,4273.0,Estadio Manuel Ferreira,Felipe González Alveal,Leg 2 of 2; Botafogo (RJ) won,https://fbref.com/en/matches/36139fe5/Guarani-Botafogo-RJ-August-9-2023-Copa-Sudamericana,py,Guaraní,br,Botafogo (RJ)
Copa Sudamericana,M,,2023,,Round of 16,,Wed,2023-08-09,19:00,Goiás br,0.0,ar Estudiantes,2.0,34337.0,Estádio do Governo do Estado de Goiás,Gery Vargas,Leg 2 of 2; Estudiantes won,https://fbref.com/en/matches/8382bd0f/Goias-Estudiantes-August-9-2023-Copa-Sudamericana,br,Goiás,ar,Estudiantes
Copa Sudamericana,M,,2023,,Round of 16,,Thu,2023-08-10,19:00,São Paulo br,2.0,ar San Lorenzo,0.0,51816.0,Estádio do Morumbi,Esteban Ostojich,Leg 2 of 2; São Paulo won,https://fbref.com/en/matches/949dab91/Sao-Paulo-San-Lorenzo-August-10-2023-Copa-Sudamericana,br,São Paulo,ar,San Lorenzo
Copa Sudamericana,M,,2023,,Round of 16,,Thu,2023-08-10,19:00,LDU de Quito ec,2.0,cl Ñublense,2.0,,Estadio Rodrigo Paz Delgado,Yael Falcón,Leg 2 of 2; LDU de Quito won; LDU de Quito won on penalty kicks following extra time,https://fbref.com/en/matches/8993ed42/LDU-de-Quito-Nublense-August-10-2023-Copa-Sudamericana,ec,LDU de Quito,cl,Ñublense
Copa Sudamericana,M,,2023,,Round of 16,,Thu,2023-08-10,21:00,Bragantino br,3.0,br América (MG),3.0,,Neo Química Arena,John J. Ospina,Leg 2 of 2; América (MG) won; América (MG) won on penalty kicks following extra time,https://fbref.com/en/matches/ff9c5e17/Bragantino-America-MG-August-10-2023-Copa-Sudamericana,br,Bragantino,br,América (MG)
Copa Sudamericana,M,,2023,,Quarter-finals,,Tue,2023-08-22,21:30,Corinthians br,1.0,ar Estudiantes,0.0,35572.0,Neo Química Arena,Jesús Valenzuela,Leg 1 of 2,https://fbref.com/en/matches/27cca985/Corinthians-Estudiantes-August-22-2023-Copa-Sudamericana,br,Corinthians,ar,Estudiantes
Copa Sudamericana,M,,2023,,Quarter-finals,,Wed,2023-08-23,19:00,Botafogo (RJ) br,1.0,ar Defensa y Just,1.0,25255.0,Estádio Nilton Santos,Gery Vargas,Leg 1 of 2,https://fbref.com/en/matches/b938c8b5/Botafogo-RJ-Defensa-y-Just-August-23-2023-Copa-Sudamericana,br,Botafogo (RJ),ar,Defensa y Just
Copa Sudamericana,M,,2023,,Quarter-finals,,Thu,2023-08-24,17:00,LDU de Quito ec,2.0,br São Paulo,1.0,30648.0,Estadio Rodrigo Paz Delgado,John J. Ospina,Leg 1 of 2,https://fbref.com/en/matches/69df1ce0/LDU-de-Quito-Sao-Paulo-August-24-2023-Copa-Sudamericana,ec,LDU de Quito,br,São Paulo
Copa Sudamericana,M,,2023,,Quarter-finals,,Thu,2023-08-24,19:00,América (MG) br,1.0,br Fortaleza,3.0,3301.0,Estádio Raimundo Sampaio,Wilmar Roldán,Leg 1 of 2,https://fbref.com/en/matches/b341ef79/America-MG-Fortaleza-August-24-2023-Copa-Sudamericana,br,América (MG),br,Fortaleza
Copa Sudamericana,M,,2023,,Quarter-finals,,Tue,2023-08-29,21:30,Estudiantes ar,1.0,br Corinthians,1.0,23082.0,Estadio Jorge Luis Hirschi,Wilmar Roldán,Leg 2 of 2; Corinthians won; Corinthians won on penalty kicks following extra time,https://fbref.com/en/matches/c69f5a42/Estudiantes-Corinthians-August-29-2023-Copa-Sudamericana,ar,Estudiantes,br,Corinthians
Copa Sudamericana,M,,2023,,Quarter-finals,,Wed,2023-08-30,19:00,Defensa y Just ar,2.0,br Botafogo (RJ),1.0,,Estadio Ciudad de Lanús,John J. Ospina,Leg 2 of 2; Defensa y Just won,https://fbref.com/en/matches/41749a78/Defensa-y-Just-Botafogo-RJ-August-30-2023-Copa-Sudamericana,ar,Defensa y Just,br,Botafogo (RJ)
Copa Sudamericana,M,,2023,,Quarter-finals,,Thu,2023-08-31,19:00,Fortaleza br,2.0,br América (MG),1.0,56916.0,Estádio Castelão,Felipe González Alveal,Leg 2 of 2; Fortaleza won,https://fbref.com/en/matches/018718c5/Fortaleza-America-MG-August-31-2023-Copa-Sudamericana,br,Fortaleza,br,América (MG)
Copa Sudamericana,M,,2023,,Quarter-finals,,Thu,2023-08-31,19:00,São Paulo br,1.0,ec LDU de Quito,1.0,52658.0,Estádio do Morumbi,Alexis Herrera,Leg 2 of 2; LDU de Quito won; LDU de Quito won on penalty kicks following extra time,https://fbref.com/en/matches/41041d2b/Sao-Paulo-LDU-de-Quito-August-31-2023-Copa-Sudamericana,br,São Paulo,ec,LDU de Quito
Copa Sudamericana,M,,2023,,Semi-finals,,Tue,2023-09-26,21:30,Corinthians br,1.0,br Fortaleza,1.0,42196.0,Neo Química Arena,Esteban Ostojich,Leg 1 of 2,https://fbref.com/en/matches/02d0ae7d/Corinthians-Fortaleza-September-26-2023-Copa-Sudamericana,br,Corinthians,br,Fortaleza
Copa Sudamericana,M,,2023,,Semi-finals,,Wed,2023-09-27,17:00,LDU de Quito ec,3.0,ar Defensa y Just,0.0,,Estadio Rodrigo Paz Delgado,Raphael Claus,Leg 1 of 2,https://fbref.com/en/matches/595f8402/LDU-de-Quito-Defensa-y-Just-September-27-2023-Copa-Sudamericana,ec,LDU de Quito,ar,Defensa y Just
Copa Sudamericana,M,,2023,,Semi-finals,,Tue,2023-10-03,21:30,Fortaleza br,2.0,br Corinthians,0.0,60151.0,Estádio Castelão,Andrés Rojas,Leg 2 of 2; Fortaleza won,https://fbref.com/en/matches/76f798da/Fortaleza-Corinthians-October-3-2023-Copa-Sudamericana,br,Fortaleza,br,Corinthians
Copa Sudamericana,M,,2023,,Semi-finals,,Wed,2023-10-04,19:00,Defensa y Just ar,0.0,ec LDU de Quito,0.0,11540.0,Estadio Florencio Solá,Piero Maza,Leg 2 of 2; LDU de Quito won,https://fbref.com/en/matches/dbf09aba/Defensa-y-Just-LDU-de-Quito-October-4-2023-Copa-Sudamericana,ar,Defensa y Just,ec,LDU de Quito
Copa Sudamericana,M,,2023,,Finals,,Sat,2023-10-28,17:00,Fortaleza br,1.0,ec LDU de Quito,1.0,,Estadio Domingo Burgueño Miguel (Neutral Site),Jesús Valenzuela,LDU de Quito won on penalty kicks following extra time,https://fbref.com/en/matches/58062ada/Fortaleza-LDU-de-Quito-October-28-2023-Copa-Sudamericana,br,Fortaleza,ec,LDU de Quito
Copa Sudamericana,M,,2024,,First stage,,Tue,2024-03-05,18:00,Real Tomayapo bo,0.0,bo Wilstermann,0.0,,Estadio IV Centenario,,Real Tomayapo won on penalty kicks following normal time,https://fbref.com/en/matches/49d6b29b/Real-Tomayapo-Jorge-Wilstermann-March-5-2024-Copa-Sudamericana,bo,Real Tomayapo,bo,Wilstermann
Copa Sudamericana,M,,2024,,First stage,,Tue,2024-03-05,19:00,Univ Católica cl,0.0,cl Coquimbo Unido,2.0,9009.0,Estadio Municipal Alcaldesa Ester Roa Re...,,,https://fbref.com/en/matches/a80daf06/Universidad-Catolica-Coquimbo-Unido-March-5-2024-Copa-Sudamericana,cl,Univ Católica,cl,Coquimbo Unido
Copa Sudamericana,M,,2024,,First stage,,Tue,2024-03-05,19:30,Deportivo Garcilaso pe,0.0,pe Asociación Deportiva Tarma,0.0,8413.0,Estadio Inca Garcilaso de la Vega,,Deportivo Garcilaso won on penalty kicks following extra time,https://fbref.com/en/matches/21a41dc8/Deportivo-Garcilaso-Asociacion-Deportiva-Tarma-March-5-2024-Copa-Sudamericana,pe,Deportivo Garcilaso,pe,Asociación Deportiva Tarma
Copa Sudamericana,M,,2024,,First stage,,Tue,2024-03-05,20:30,Carabobo ve,1.0,ve Metropolitanos,1.0,1126.0,Estadio Polideportivo Misael Delgado,,Metropolitanos won on penalty kicks following extra time,https://fbref.com/en/matches/f5c02048/Carabobo-Metropolitanos-March-5-2024-Copa-Sudamericana,ve,Carabobo,ve,Metropolitanos
Copa Sudamericana,M,,2024,,First stage,,Tue,2024-03-05,21:00,Tolima co,0.0,co Independiente,0.0,12444.0,Estadio Manuel Murillo Toro,,Independiente won on penalty kicks following extra time,https://fbref.com/en/matches/0fa33b2c/Tolima-Independiente-March-5-2024-Copa-Sudamericana,co,Tolima,co,Independiente
Copa Sudamericana,M,,2024,,First stage,,Wed,2024-03-06,18:00,FC Universitario bo,0.0,bo Nacional Potosí,2.0,1496.0,Estadio Félix Capriles,,,https://fbref.com/en/matches/b1f61e0e/FC-Universitario-Nacional-Potosi-March-6-2024-Copa-Sudamericana,bo,FC Universitario,bo,Nacional Potosí
Copa Sudamericana,M,,2024,,First stage,,Wed,2024-03-06,19:00,Everton cl,0.0,cl La Calera,1.0,1348.0,Estadio CODELCO-El Teniente,,,https://fbref.com/en/matches/6e07e27f/Everton-La-Calera-March-6-2024-Copa-Sudamericana,cl,Everton,cl,La Calera
Copa Sudamericana,M,,2024,,First stage,,Wed,2024-03-06,19:30,Deportivo Cuenca ec,2.0,ec Delfín,5.0,2046.0,Estadio banco Guayaquil,,,https://fbref.com/en/matches/cf8e0cb3/Deportivo-Cuenca-Delfin-March-6-2024-Copa-Sudamericana,ec,Deportivo Cuenca,ec,Delfín
Copa Sudamericana,M,,2024,,First stage,,Wed,2024-03-06,21:00,Alianza co,2.0,co CD América,1.0,85.0,Estadio Metropolitano Roberto Meléndez,,,https://fbref.com/en/matches/005b2e76/Alianza-CD-America-March-6-2024-Copa-Sudamericana,co,Alianza,co,CD América
Copa Sudamericana,M,,2024,,First stage,,Wed,2024-03-06,21:30,Wanderers uy,0.0,uy Danubio,1.0,2072.0,Parque Alfredo Víctor Viera,,,https://fbref.com/en/matches/97e46807/Montevideo-Wanderers-Danubio-March-6-2024-Copa-Sudamericana,uy,Wanderers,uy,Danubio
Copa Sudamericana,M,,2024,,First stage,,Wed,2024-03-06,21:30,Guaraní py,0.0,py Sport Luqueño,1.0,7325.0,Estadio Defensores del Chaco,,,https://fbref.com/en/matches/e659d566/Guarani-Sportivo-Luqueno-March-6-2024-Copa-Sudamericana,py,Guaraní,py,Sport Luqueño
Copa Sudamericana,M,,2024,,First stage,,Thu,2024-03-07,18:00,Deportivo Rayo Zuliano ve,0.0,ve Dep La Guaira,0.0,1065.0,Estadio Nacional Brígido Iriarte,,Deportivo Rayo Zuliano won on penalty kicks following extra time,https://fbref.com/en/matches/265d3020/Deportivo-Rayo-Zuliano-Deportivo-La-Guaira-March-7-2024-Copa-Sudamericana,ve,Deportivo Rayo Zuliano,ve,Dep La Guaira
Copa Sudamericana,M,,2024,,First stage,,Thu,2024-03-07,19:00,Racing uy,2.0,uy Cerro Largo,0.0,1402.0,Estadio Centenario,,,https://fbref.com/en/matches/d5838df8/Racing-Cerro-Largo-March-7-2024-Copa-Sudamericana,uy,Racing,uy,Cerro Largo
Copa Sudamericana,M,,2024,,First stage,,Thu,2024-03-07,19:30,U César Vallejo pe,2.0,pe Sport Huancayo,0.0,,Estadio Mansiche,,,https://fbref.com/en/matches/4d741963/Universidad-Cesar-Vallejo-Sport-Huancayo-March-7-2024-Copa-Sudamericana,pe,U César Vallejo,pe,Sport Huancayo
Copa Sudamericana,M,,2024,,First stage,,Thu,2024-03-07,21:00,Técnico Univ. ec,0.0,ec Univ Católica,3.0,9190.0,Estadio Bellavista Universidad Indoaméri...,,,https://fbref.com/en/matches/e9a834dd/Tecnico-Univ-Universidad-Catolica-March-7-2024-Copa-Sudamericana,ec,Técnico Univ.,ec,Univ Católica
Copa Sudamericana,M,,2024,,First stage,,Thu,2024-03-07,21:30,Sportivo Ameliano py,2.0,py Olimpia,0.0,18746.0,Estadio Defensores del Chaco,,,https://fbref.com/en/matches/9f7751ce/Sportivo-Ameliano-Club-Olimpia-March-7-2024-Copa-Sudamericana,py,Sportivo Ameliano,py,Olimpia
Copa Sudamericana,M,,2024,,Group stage,1,Tue,2024-04-02,18:00,Nacional py,2.0,ar Arg Juniors,3.0,899.0,Estadio Defensores del Chaco,,,https://fbref.com/en/matches/be84807e/Nacional-Asuncion-Argentinos-Juniors-April-2-2024-Copa-Sudamericana,py,Nacional,ar,Arg Juniors
Copa Sudamericana,M,,2024,,Group stage,1,Tue,2024-04-02,19:00,Belgrano ar,0.0,br Internacional,0.0,32756.0,Estadio Mario Alberto Kempes,,,https://fbref.com/en/matches/0087674a/Belgrano-Internacional-April-2-2024-Copa-Sudamericana,ar,Belgrano,br,Internacional
Copa Sudamericana,M,,2024,,Group stage,1,Tue,2024-04-02,20:30,Sportivo Ameliano py,1.0,br Ath Paranaense,4.0,9790.0,Estadio ueno La Nueva Olla,,,https://fbref.com/en/matches/ebd4941c/Sportivo-Ameliano-Athletico-Paranaense-April-2-2024-Copa-Sudamericana,py,Sportivo Ameliano,br,Ath Paranaense
Copa Sudamericana,M,,2024,,Group stage,1,Tue,2024-04-02,21:00,U César Vallejo pe,0.0,ar Defensa y Just,1.0,6119.0,Estadio Mansiche,,,https://fbref.com/en/matches/be795273/Universidad-Cesar-Vallejo-Defensa-y-Justicia-April-2-2024-Copa-Sudamericana,pe,U César Vallejo,ar,Defensa y Just
Copa Sudamericana,M,,2024,,Group stage,1,Tue,2024-04-02,21:30,Racing uy,1.0,br Corinthians,1.0,1685.0,Estadio Centenario,,,https://fbref.com/en/matches/4d6b7f98/Racing-Corinthians-April-2-2024-Copa-Sudamericana,uy,Racing,br,Corinthians
Copa Sudamericana,M,,2024,,Group stage,1,Wed,2024-04-03,18:00,Deportivo Rayo Zuliano ve,0.0,uy Danubio,2.0,,Estadio Nacional Brígido Iriarte,,,https://fbref.com/en/matches/40e4e368/Deportivo-Rayo-Zuliano-Danubio-April-3-2024-Copa-Sudamericana,ve,Deportivo Rayo Zuliano,uy,Danubio
Copa Sudamericana,M,,2024,,Group stage,1,Wed,2024-04-03,18:00,Cuiabá br,1.0,ar Lanús,1.0,,Arena Pantanal,,,https://fbref.com/en/matches/4e660d47/Cuiaba-Lanus-April-3-2024-Copa-Sudamericana,br,Cuiabá,ar,Lanús
Copa Sudamericana,M,,2024,,Group stage,1,Wed,2024-04-03,20:00,Sportivo Trinidense py,0.0,br Fortaleza,2.0,,Estadio Defensores del Chaco,,,https://fbref.com/en/matches/515d7057/Sportivo-Trinidense-Fortaleza-April-3-2024-Copa-Sudamericana,py,Sportivo Trinidense,br,Fortaleza
Copa Sudamericana,M,,2024,,Group stage,1,Wed,2024-04-03,20:00,Nacional Potosí bo,0.0,ar Boca Juniors,0.0,18216.0,Estadio Victor Agustín Ugarte,,,https://fbref.com/en/matches/dc869c5b/Nacional-Potosi-Boca-Juniors-April-3-2024-Copa-Sudamericana,bo,Nacional Potosí,ar,Boca Juniors
Copa Sudamericana,M,,2024,,Group stage,1,Wed,2024-04-03,21:00,Alianza co,0.0,cl La Calera,1.0,,Estadio Armando Maestre Pavajeau,,,https://fbref.com/en/matches/7909480d/Alianza-La-Calera-April-3-2024-Copa-Sudamericana,co,Alianza,cl,La Calera
Copa Sudamericana,M,,2024,,Group stage,1,Wed,2024-04-03,21:00,Red Bull Bragantino br,1.0,cl Coquimbo Unido,0.0,3685.0,Estádio Nabi Abi Chedid,,,https://fbref.com/en/matches/d76d4bb4/Red-Bull-Bragantino-Coquimbo-Unido-April-3-2024-Copa-Sudamericana,br,Red Bull Bragantino,cl,Coquimbo Unido
Copa Sudamericana,M,,2024,,Group stage,1,Thu,2024-04-04,17:00,Deportivo Garcilaso pe,3.0,ve Metropolitanos,2.0,3420.0,Estadio Inca Garcilaso de la Vega,,,https://fbref.com/en/matches/488c2611/Deportivo-Garcilaso-Metropolitanos-April-4-2024-Copa-Sudamericana,pe,Deportivo Garcilaso,ve,Metropolitanos
Copa Sudamericana,M,,2024,,Group stage,1,Thu,2024-04-04,19:00,Univ Católica ec,0.0,br Cruzeiro,0.0,3092.0,Estadio Olímpico Atahualpa,,,https://fbref.com/en/matches/2eb2dc92/Universidad-Catolica-Cruzeiro-April-4-2024-Copa-Sudamericana,ec,Univ Católica,br,Cruzeiro
Copa Sudamericana,M,,2024,,Group stage,1,Thu,2024-04-04,20:00,Sport Luqueño py,0.0,ar Racing Club,2.0,,Estadio Defensores del Chaco,,,https://fbref.com/en/matches/2ce8611c/Sportivo-Luqueno-Racing-Club-April-4-2024-Copa-Sudamericana,py,Sport Luqueño,ar,Racing Club
Copa Sudamericana,M,,2024,,Group stage,1,Thu,2024-04-04,22:00,Real Tomayapo bo,0.0,ec Delfín,2.0,,Estadio IV Centenario,,,https://fbref.com/en/matches/f666810f/Real-Tomayapo-Delfin-April-4-2024-Copa-Sudamericana,bo,Real Tomayapo,ec,Delfín
Copa Sudamericana,M,,2024,,Group stage,1,Thu,2024-04-04,22:00,Always Ready bo,2.0,co Independiente,0.0,2953.0,Estadio Municipal El Alto,,,https://fbref.com/en/matches/f8e9758c/Always-Ready-Independiente-April-4-2024-Copa-Sudamericana,bo,Always Ready,co,Independiente
Copa Sudamericana,M,,2024,,Group stage,2,Tue,2024-04-09,19:00,Arg Juniors ar,0.0,uy Racing,3.0,2962.0,Estadio Diego Armando Maradona,,,https://fbref.com/en/matches/078fb4ec/Argentinos-Juniors-Racing-April-9-2024-Copa-Sudamericana,ar,Arg Juniors,uy,Racing
Copa Sudamericana,M,,2024,,Group stage,2,Tue,2024-04-09,19:00,Corinthians br,4.0,py Nacional,0.0,32351.0,Neo Química Arena,,,https://fbref.com/en/matches/f6a3ca3a/Corinthians-Nacional-Asuncion-April-9-2024-Copa-Sudamericana,br,Corinthians,py,Nacional
Copa Sudamericana,M,,2024,,Group stage,2,Tue,2024-04-09,21:00,Boca Juniors ar,1.0,py Sportivo Trinidense,0.0,42138.0,Estadio Alberto José Armando,,,https://fbref.com/en/matches/ffd88e61/Boca-Juniors-Sportivo-Trinidense-April-9-2024-Copa-Sudamericana,ar,Boca Juniors,py,Sportivo Trinidense
Copa Sudamericana,M,,2024,,Group stage,2,Tue,2024-04-09,21:30,Ath Paranaense br,6.0,ve Deportivo Rayo Zuliano,0.0,22317.0,Ligga Arena,,,https://fbref.com/en/matches/7e89b127/Athletico-Paranaense-Deportivo-Rayo-Zuliano-April-9-2024-Copa-Sudamericana,br,Ath Paranaense,ve,Deportivo Rayo Zuliano
Copa Sudamericana,M,,2024,,Group stage,2,Tue,2024-04-09,21:30,Danubio uy,0.0,py Sportivo Ameliano,0.0,1432.0,Estadio Centenario,,,https://fbref.com/en/matches/fbcc31cd/Danubio-Sportivo-Ameliano-April-9-2024-Copa-Sudamericana,uy,Danubio,py,Sportivo Ameliano
Copa Sudamericana,M,,2024,,Group stage,2,Wed,2024-04-10,19:00,Defensa y Just ar,1.0,bo Always Ready,1.0,5161.0,Estadio Norberto Tito Tomaghello,,,https://fbref.com/en/matches/1be81617/Defensa-y-Justicia-Always-Ready-April-10-2024-Copa-Sudamericana,ar,Defensa y Just,bo,Always Ready
Copa Sudamericana,M,,2024,,Group stage,2,Wed,2024-04-10,19:00,Fortaleza br,5.0,bo Nacional Potosí,0.0,19237.0,Estádio Castelão,,,https://fbref.com/en/matches/99b69d95/Fortaleza-Nacional-Potosi-April-10-2024-Copa-Sudamericana,br,Fortaleza,bo,Nacional Potosí
Copa Sudamericana,M,,2024,,Group stage,2,Wed,2024-04-10,20:00,La Calera cl,0.0,ec Univ Católica,1.0,760.0,Estadio Elías Figueroa Brander,,,https://fbref.com/en/matches/64efb7cf/La-Calera-Universidad-Catolica-April-10-2024-Copa-Sudamericana,cl,La Calera,ec,Univ Católica
Copa Sudamericana,M,,2024,,Group stage,2,Wed,2024-04-10,21:00,Internacional br,0.0,bo Real Tomayapo,0.0,29643.0,Estádio José Pinheiro Borba,,,https://fbref.com/en/matches/016f39c2/Internacional-Real-Tomayapo-April-10-2024-Copa-Sudamericana,br,Internacional,bo,Real Tomayapo
Copa Sudamericana,M,,2024,,Group stage,2,Wed,2024-04-10,21:00,Independiente co,4.0,pe U César Vallejo,2.0,11278.0,Estadio Atanasio Girardot,,,https://fbref.com/en/matches/edda3df1/Independiente-Universidad-Cesar-Vallejo-April-10-2024-Copa-Sudamericana,co,Independiente,pe,U César Vallejo
Copa Sudamericana,M,,2024,,Group stage,2,Wed,2024-04-10,21:30,Racing Club ar,3.0,br Red Bull Bragantino,0.0,19826.0,Estadio Presidente Juan Domingo Perón,,,https://fbref.com/en/matches/914ba6ba/Racing-Club-Red-Bull-Bragantino-April-10-2024-Copa-Sudamericana,ar,Racing Club,br,Red Bull Bragantino
Copa Sudamericana,M,,2024,,Group stage,2,Thu,2024-04-11,18:00,Metropolitanos ve,0.0,br Cuiabá,2.0,740.0,Estadio Olímpico,,,https://fbref.com/en/matches/d40f7fe9/Metropolitanos-Cuiaba-April-11-2024-Copa-Sudamericana,ve,Metropolitanos,br,Cuiabá
Copa Sudamericana,M,,2024,,Group stage,2,Thu,2024-04-11,19:00,Lanús ar,2.0,pe Deportivo Garcilaso,1.0,,Estadio Ciudad de Lanús,,,https://fbref.com/en/matches/60a296e0/Lanus-Deportivo-Garcilaso-April-11-2024-Copa-Sudamericana,ar,Lanús,pe,Deportivo Garcilaso
Copa Sudamericana,M,,2024,,Group stage,2,Thu,2024-04-11,20:00,Coquimbo Unido cl,1.0,py Sport Luqueño,0.0,7088.0,Estadio Bicentenario Francisco Sánchez R...,,,https://fbref.com/en/matches/7db83962/Coquimbo-Unido-Sportivo-Luqueno-April-11-2024-Copa-Sudamericana,cl,Coquimbo Unido,py,Sport Luqueño
Copa Sudamericana,M,,2024,,Group stage,2,Thu,2024-04-11,21:00,Cruzeiro br,3.0,co Alianza,3.0,18818.0,Estádio Governador Magalhães Pinto,,,https://fbref.com/en/matches/3d668934/Cruzeiro-Alianza-April-11-2024-Copa-Sudamericana,br,Cruzeiro,co,Alianza
Copa Sudamericana,M,,2024,,Group stage,2,Thu,2024-04-11,21:00,Delfín ec,1.0,ar Belgrano,1.0,3435.0,Estadio Jocay,,,https://fbref.com/en/matches/a256e760/Delfin-Belgrano-April-11-2024-Copa-Sudamericana,ec,Delfín,ar,Belgrano
Copa Sudamericana,M,,2024,,Group stage,3,Tue,2024-04-23,18:00,La Calera cl,0.0,br Cruzeiro,0.0,1182.0,Estadio Municipal Alcaldesa Ester Roa Re...,,,https://fbref.com/en/matches/eaadd1ee/La-Calera-Cruzeiro-April-23-2024-Copa-Sudamericana,cl,La Calera,br,Cruzeiro
Copa Sudamericana,M,,2024,,Group stage,3,Tue,2024-04-23,19:00,Deportivo Garcilaso pe,1.0,br Cuiabá,1.0,6043.0,Estadio Inca Garcilaso de la Vega,,,https://fbref.com/en/matches/863900ec/Deportivo-Garcilaso-Cuiaba-April-23-2024-Copa-Sudamericana,pe,Deportivo Garcilaso,br,Cuiabá
Copa Sudamericana,M,,2024,,Group stage,3,Tue,2024-04-23,20:00,Sportivo Trinidense py,2.0,bo Nacional Potosí,0.0,393.0,Estadio Defensores del Chaco,,,https://fbref.com/en/matches/e1da7718/Sportivo-Trinidense-Nacional-Potosi-April-23-2024-Copa-Sudamericana,py,Sportivo Trinidense,bo,Nacional Potosí
Copa Sudamericana,M,,2024,,Group stage,3,Tue,2024-04-23,21:00,Alianza co,1.0,ec Univ Católica,3.0,,Estadio Armando Maestre Pavajeau,,,https://fbref.com/en/matches/66ade715/Alianza-Universidad-Catolica-April-23-2024-Copa-Sudamericana,co,Alianza,ec,Univ Católica
Copa Sudamericana,M,,2024,,Group stage,3,Tue,2024-04-23,21:30,Arg Juniors ar,1.0,br Corinthians,0.0,,Estadio Diego Armando Maradona,,,https://fbref.com/en/matches/e9729a23/Argentinos-Juniors-Corinthians-April-23-2024-Copa-Sudamericana,ar,Arg Juniors,br,Corinthians
Copa Sudamericana,M,,2024,,Group stage,3,Wed,2024-04-24,18:00,Coquimbo Unido cl,1.0,ar Racing Club,2.0,,Estadio Bicentenario Francisco Sánchez R...,,,https://fbref.com/en/matches/7a23bcae/Coquimbo-Unido-Racing-Club-April-24-2024-Copa-Sudamericana,cl,Coquimbo Unido,ar,Racing Club
Copa Sudamericana,M,,2024,,Group stage,3,Wed,2024-04-24,19:00,Danubio uy,0.0,br Ath Paranaense,1.0,,Estadio Centenario,,,https://fbref.com/en/matches/5c357bf3/Danubio-Athletico-Paranaense-April-24-2024-Copa-Sudamericana,uy,Danubio,br,Ath Paranaense
Copa Sudamericana,M,,2024,,Group stage,3,Wed,2024-04-24,20:30,Real Tomayapo bo,0.0,ar Belgrano,2.0,4935.0,Estadio Ramón Aguilera Costas,,,https://fbref.com/en/matches/8ab69908/Real-Tomayapo-Belgrano-April-24-2024-Copa-Sudamericana,bo,Real Tomayapo,ar,Belgrano
Copa Sudamericana,M,,2024,,Group stage,3,Wed,2024-04-24,21:00,Red Bull Bragantino br,2.0,py Sport Luqueño,1.0,3654.0,Estádio Nabi Abi Chedid,,,https://fbref.com/en/matches/915c2a45/Red-Bull-Bragantino-Sportivo-Luqueno-April-24-2024-Copa-Sudamericana,br,Red Bull Bragantino,py,Sport Luqueño
Copa Sudamericana,M,,2024,,Group stage,3,Wed,2024-04-24,22:00,Deportivo Rayo Zuliano ve,0.0,py Sportivo Ameliano,4.0,299.0,Estadio Nacional Brígido Iriarte,,,https://fbref.com/en/matches/261e1891/Deportivo-Rayo-Zuliano-Sportivo-Ameliano-April-24-2024-Copa-Sudamericana,ve,Deportivo Rayo Zuliano,py,Sportivo Ameliano
Copa Sudamericana,M,,2024,,Group stage,3,Thu,2024-04-25,18:00,Nacional py,2.0,uy Racing,2.0,382.0,Estadio Defensores del Chaco,,,https://fbref.com/en/matches/89db92a6/Nacional-Asuncion-Racing-April-25-2024-Copa-Sudamericana,py,Nacional,uy,Racing
Copa Sudamericana,M,,2024,,Group stage,3,Thu,2024-04-25,18:00,Metropolitanos ve,0.0,ar Lanús,2.0,1523.0,Estadio Olímpico,,,https://fbref.com/en/matches/cfebfd67/Metropolitanos-Lanus-April-25-2024-Copa-Sudamericana,ve,Metropolitanos,ar,Lanús
Copa Sudamericana,M,,2024,,Group stage,3,Thu,2024-04-25,20:00,Always Ready bo,2.0,pe U César Vallejo,0.0,2844.0,Estadio Municipal El Alto,,,https://fbref.com/en/matches/61ac86ef/Always-Ready-Universidad-Cesar-Vallejo-April-25-2024-Copa-Sudamericana,bo,Always Ready,pe,U César Vallejo
Copa Sudamericana,M,,2024,,Group stage,3,Thu,2024-04-25,21:00,Independiente co,2.0,ar Defensa y Just,1.0,9407.0,Estadio Atanasio Girardot,,,https://fbref.com/en/matches/9d1a3a69/Independiente-Defensa-y-Justicia-April-25-2024-Copa-Sudamericana,co,Independiente,ar,Defensa y Just
Copa Sudamericana,M,,2024,,Group stage,3,Thu,2024-04-25,21:00,Fortaleza br,4.0,ar Boca Juniors,2.0,53428.0,Estádio Castelão,,,https://fbref.com/en/matches/b2d1bad0/Fortaleza-Boca-Juniors-April-25-2024-Copa-Sudamericana,br,Fortaleza,ar,Boca Juniors
Copa Sudamericana,M,,2024,,Group stage,3,Thu,2024-04-25,21:00,Delfín ec,1.0,br Internacional,2.0,8524.0,Estadio Jocay,,,https://fbref.com/en/matches/be03967c/Delfin-Internacional-April-25-2024-Copa-Sudamericana,ec,Delfín,br,Internacional
Copa Sudamericana,M,,2024,,Group stage,4,Tue,2024-05-07,18:00,Nacional py,0.0,br Corinthians,2.0,2058.0,Estadio Defensores del Chaco,,,https://fbref.com/en/matches/4882777b/Nacional-Asuncion-Corinthians-May-7-2024-Copa-Sudamericana,py,Nacional,br,Corinthians
Copa Sudamericana,M,,2024,,Group stage,4,Tue,2024-05-07,19:00,Racing uy,2.0,ar Arg Juniors,1.0,1431.0,Estadio Centenario,,,https://fbref.com/en/matches/1459e485/Racing-Argentinos-Juniors-May-7-2024-Copa-Sudamericana,uy,Racing,ar,Arg Juniors
Copa Sudamericana,M,,2024,,Group stage,4,Tue,2024-05-07,19:00,U César Vallejo pe,1.0,co Independiente,5.0,3599.0,Estadio Mansiche,,,https://fbref.com/en/matches/208de8a3/Universidad-Cesar-Vallejo-Independiente-May-7-2024-Copa-Sudamericana,pe,U César Vallejo,co,Independiente
Copa Sudamericana,M,,2024,,Group stage,4,Tue,2024-05-07,19:30,Alianza co,0.0,br Cruzeiro,3.0,3068.0,Estadio Armando Maestre Pavajeau,,,https://fbref.com/en/matches/57f47558/Alianza-Cruzeiro-May-7-2024-Copa-Sudamericana,co,Alianza,br,Cruzeiro
Copa Sudamericana,M,,2024,,Group stage,4,Tue,2024-05-07,20:30,Sportivo Ameliano py,2.0,uy Danubio,1.0,962.0,Estadio Tigo La Huerta,,,https://fbref.com/en/matches/b8b56cb5/Sportivo-Ameliano-Danubio-May-7-2024-Copa-Sudamericana,py,Sportivo Ameliano,uy,Danubio
Copa Sudamericana,M,,2024,,Group stage,4,Tue,2024-05-07,22:00,Always Ready bo,3.0,ar Defensa y Just,0.0,810.0,Estadio Municipal El Alto,,,https://fbref.com/en/matches/67fc82a1/Always-Ready-Defensa-y-Justicia-May-7-2024-Copa-Sudamericana,bo,Always Ready,ar,Defensa y Just
Copa Sudamericana,M,,2024,,Group stage,4,Wed,2024-05-08,18:00,Deportivo Rayo Zuliano ve,1.0,br Ath Paranaense,5.0,784.0,Estadio Nacional Brígido Iriarte,,,https://fbref.com/en/matches/22af2861/Deportivo-Rayo-Zuliano-Athletico-Paranaense-May-8-2024-Copa-Sudamericana,ve,Deportivo Rayo Zuliano,br,Ath Paranaense
Copa Sudamericana,M,,2024,,Group stage,4,Wed,2024-05-08,18:00,Sport Luqueño py,0.0,cl Coquimbo Unido,0.0,1279.0,Estadio Defensores del Chaco,,,https://fbref.com/en/matches/54d66d0c/Sportivo-Luqueno-Coquimbo-Unido-May-8-2024-Copa-Sudamericana,py,Sport Luqueño,cl,Coquimbo Unido
Copa Sudamericana,M,,2024,,Group stage,4,Wed,2024-05-08,20:00,Cuiabá br,3.0,ve Metropolitanos,0.0,3145.0,Arena Pantanal,,,https://fbref.com/en/matches/a0a50d34/Cuiaba-Metropolitanos-May-8-2024-Copa-Sudamericana,br,Cuiabá,ve,Metropolitanos
Copa Sudamericana,M,,2024,,Group stage,4,Wed,2024-05-08,20:00,Nacional Potosí bo,4.0,br Fortaleza,1.0,1401.0,Estadio Victor Agustín Ugarte,,,https://fbref.com/en/matches/f6969451/Nacional-Potosi-Fortaleza-May-8-2024-Copa-Sudamericana,bo,Nacional Potosí,br,Fortaleza
Copa Sudamericana,M,,2024,,Group stage,4,Wed,2024-05-08,20:30,Sportivo Trinidense py,1.0,ar Boca Juniors,2.0,14861.0,Estadio ueno La Nueva Olla,,,https://fbref.com/en/matches/e45d3478/Sportivo-Trinidense-Boca-Juniors-May-8-2024-Copa-Sudamericana,py,Sportivo Trinidense,ar,Boca Juniors
Copa Sudamericana,M,,2024,,Group stage,4,Thu,2024-05-09,19:00,Belgrano ar,1.0,ec Delfín,1.0,33200.0,Estadio Mario Alberto Kempes,,,https://fbref.com/en/matches/6d4f2fe6/Belgrano-Delfin-May-9-2024-Copa-Sudamericana,ar,Belgrano,ec,Delfín
Copa Sudamericana,M,,2024,,Group stage,4,Thu,2024-05-09,21:00,Univ Católica ec,4.0,cl La Calera,0.0,,Estadio Olímpico Atahualpa,,,https://fbref.com/en/matches/482b3d0d/Universidad-Catolica-La-Calera-May-9-2024-Copa-Sudamericana,ec,Univ Católica,cl,La Calera
Copa Sudamericana,M,,2024,,Group stage,4,Thu,2024-05-09,21:00,Deportivo Garcilaso pe,0.0,ar Lanús,2.0,,Estadio Inca Garcilaso de la Vega,,,https://fbref.com/en/matches/95da9eca/Deportivo-Garcilaso-Lanus-May-9-2024-Copa-Sudamericana,pe,Deportivo Garcilaso,ar,Lanús
Copa Sudamericana,M,,2024,,Group stage,4,Thu,2024-05-09,21:00,Red Bull Bragantino br,2.0,ar Racing Club,1.0,4850.0,Estádio Nabi Abi Chedid,,,https://fbref.com/en/matches/bde0ccb0/Red-Bull-Bragantino-Racing-Club-May-9-2024-Copa-Sudamericana,br,Red Bull Bragantino,ar,Racing Club
Copa Sudamericana,M,,2024,,Group stage,5,Tue,2024-05-14,19:00,Racing uy,2.0,py Nacional,1.0,762.0,Estadio Centenario,,,https://fbref.com/en/matches/6092a8aa/Racing-Nacional-Asuncion-May-14-2024-Copa-Sudamericana,uy,Racing,py,Nacional
Copa Sudamericana,M,,2024,,Group stage,5,Tue,2024-05-14,20:00,Sportivo Ameliano py,1.0,ve Deportivo Rayo Zuliano,0.0,1741.0,Estadio Defensores del Chaco,,,https://fbref.com/en/matches/958f21d8/Sportivo-Ameliano-Deportivo-Rayo-Zuliano-May-14-2024-Copa-Sudamericana,py,Sportivo Ameliano,ve,Deportivo Rayo Zuliano
Copa Sudamericana,M,,2024,,Group stage,5,Tue,2024-05-14,21:00,Defensa y Just ar,1.0,co Independiente,1.0,6000.0,Estadio Norberto Tito Tomaghello,,,https://fbref.com/en/matches/f9d90380/Defensa-y-Justicia-Independiente-May-14-2024-Copa-Sudamericana,ar,Defensa y Just,co,Independiente
Copa Sudamericana,M,,2024,,Group stage,5,Tue,2024-05-14,21:30,Corinthians br,4.0,ar Arg Juniors,0.0,40049.0,Neo Química Arena,,,https://fbref.com/en/matches/11ce5a63/Corinthians-Argentinos-Juniors-May-14-2024-Copa-Sudamericana,br,Corinthians,ar,Arg Juniors
Copa Sudamericana,M,,2024,,Group stage,5,Tue,2024-05-14,22:00,Nacional Potosí bo,2.0,py Sportivo Trinidense,1.0,,Estadio Victor Agustín Ugarte,,,https://fbref.com/en/matches/71691eba/Nacional-Potosi-Sportivo-Trinidense-May-14-2024-Copa-Sudamericana,bo,Nacional Potosí,py,Sportivo Trinidense
Copa Sudamericana,M,,2024,,Group stage,5,Wed,2024-05-15,19:00,Lanús ar,5.0,ve Metropolitanos,0.0,3711.0,Estadio Ciudad de Lanús,,,https://fbref.com/en/matches/224442b8/Lanus-Metropolitanos-May-15-2024-Copa-Sudamericana,ar,Lanús,ve,Metropolitanos
Copa Sudamericana,M,,2024,,Group stage,5,Wed,2024-05-15,19:00,Ath Paranaense br,1.0,uy Danubio,2.0,22926.0,Ligga Arena,,,https://fbref.com/en/matches/563b5b04/Athletico-Paranaense-Danubio-May-15-2024-Copa-Sudamericana,br,Ath Paranaense,uy,Danubio
Copa Sudamericana,M,,2024,,Group stage,5,Wed,2024-05-15,19:00,Belgrano ar,1.0,bo Real Tomayapo,0.0,,Estadio Mario Alberto Kempes,,,https://fbref.com/en/matches/9921ca61/Belgrano-Real-Tomayapo-May-15-2024-Copa-Sudamericana,ar,Belgrano,bo,Real Tomayapo
Copa Sudamericana,M,,2024,,Group stage,5,Wed,2024-05-15,20:00,Cuiabá br,1.0,pe Deportivo Garcilaso,1.0,2273.0,Arena Pantanal,,,https://fbref.com/en/matches/6d88bbee/Cuiaba-Deportivo-Garcilaso-May-15-2024-Copa-Sudamericana,br,Cuiabá,pe,Deportivo Garcilaso
Copa Sudamericana,M,,2024,,Group stage,5,Wed,2024-05-15,21:00,Boca Juniors ar,1.0,br Fortaleza,1.0,46466.0,Estadio Alberto José Armando,,,https://fbref.com/en/matches/a8d99db8/Boca-Juniors-Fortaleza-May-15-2024-Copa-Sudamericana,ar,Boca Juniors,br,Fortaleza
Copa Sudamericana,M,,2024,,Group stage,5,Wed,2024-05-15,21:00,U César Vallejo pe,2.0,bo Always Ready,2.0,2694.0,Estadio Mansiche,,,https://fbref.com/en/matches/d838fa13/Universidad-Cesar-Vallejo-Always-Ready-May-15-2024-Copa-Sudamericana,pe,U César Vallejo,bo,Always Ready
Copa Sudamericana,M,,2024,,Group stage,5,Thu,2024-05-16,19:00,Racing Club ar,3.0,cl Coquimbo Unido,0.0,17016.0,Estadio Presidente Juan Domingo Perón,,,https://fbref.com/en/matches/27367b30/Racing-Club-Coquimbo-Unido-May-16-2024-Copa-Sudamericana,ar,Racing Club,cl,Coquimbo Unido
Copa Sudamericana,M,,2024,,Group stage,5,Thu,2024-05-16,20:00,Sport Luqueño py,2.0,br Red Bull Bragantino,3.0,448.0,Estadio Defensores del Chaco,,,https://fbref.com/en/matches/54a89f85/Sportivo-Luqueno-Red-Bull-Bragantino-May-16-2024-Copa-Sudamericana,py,Sport Luqueño,br,Red Bull Bragantino
Copa Sudamericana,M,,2024,,Group stage,5,Thu,2024-05-16,21:00,Cruzeiro br,1.0,cl La Calera,0.0,17712.0,Estádio Governador Magalhães Pinto,,,https://fbref.com/en/matches/6fb59997/Cruzeiro-La-Calera-May-16-2024-Copa-Sudamericana,br,Cruzeiro,cl,La Calera
Copa Sudamericana,M,,2024,,Group stage,5,Thu,2024-05-16,21:00,Univ Católica ec,0.0,co Alianza,0.0,,Estadio Olímpico Atahualpa,,,https://fbref.com/en/matches/8efca482/Universidad-Catolica-Alianza-May-16-2024-Copa-Sudamericana,ec,Univ Católica,co,Alianza
Copa Sudamericana,M,,2024,,Group stage,6,Tue,2024-05-28,19:00,Arg Juniors ar,2.0,py Nacional,1.0,5000.0,Estadio Diego Armando Maradona,,,https://fbref.com/en/matches/80440d86/Argentinos-Juniors-Nacional-Asuncion-May-28-2024-Copa-Sudamericana,ar,Arg Juniors,py,Nacional
Copa Sudamericana,M,,2024,,Group stage,6,Tue,2024-05-28,19:00,Corinthians br,3.0,uy Racing,0.0,40353.0,Neo Química Arena,,,https://fbref.com/en/matches/87cbfd71/Corinthians-Racing-May-28-2024-Copa-Sudamericana,br,Corinthians,uy,Racing
Copa Sudamericana,M,,2024,,Group stage,6,Tue,2024-05-28,19:30,Delfín ec,4.0,bo Real Tomayapo,3.0,704.0,Estadio Jocay,,,https://fbref.com/en/matches/b7b0abdc/Delfin-Real-Tomayapo-May-28-2024-Copa-Sudamericana,ec,Delfín,bo,Real Tomayapo
Copa Sudamericana,M,,2024,,Group stage,6,Tue,2024-05-28,20:30,Coquimbo Unido cl,1.0,br Red Bull Bragantino,1.0,,Estadio Bicentenario Francisco Sánchez R...,,,https://fbref.com/en/matches/057110a3/Coquimbo-Unido-Red-Bull-Bragantino-May-28-2024-Copa-Sudamericana,cl,Coquimbo Unido,br,Red Bull Bragantino
Copa Sudamericana,M,,2024,,Group stage,6,Tue,2024-05-28,21:30,Internacional br,1.0,ar Belgrano,2.0,6151.0,Arena Barueri,,,https://fbref.com/en/matches/433f35be/Internacional-Belgrano-May-28-2024-Copa-Sudamericana,br,Internacional,ar,Belgrano
Copa Sudamericana,M,,2024,,Group stage,6,Tue,2024-05-28,21:30,Racing Club ar,3.0,py Sport Luqueño,0.0,14139.0,Estadio Ciudad de Lanús,,,https://fbref.com/en/matches/68243008/Racing-Club-Sportivo-Luqueno-May-28-2024-Copa-Sudamericana,ar,Racing Club,py,Sport Luqueño
Copa Sudamericana,M,,2024,,Group stage,6,Wed,2024-05-29,18:00,Metropolitanos ve,1.0,pe Deportivo Garcilaso,1.0,1100.0,Estadio Olímpico,,,https://fbref.com/en/matches/9ec12719/Metropolitanos-Deportivo-Garcilaso-May-29-2024-Copa-Sudamericana,ve,Metropolitanos,pe,Deportivo Garcilaso
Copa Sudamericana,M,,2024,,Group stage,6,Wed,2024-05-29,19:00,Lanús ar,0.0,br Cuiabá,1.0,2905.0,Estadio Ciudad de Lanús,,,https://fbref.com/en/matches/1961471b/Lanus-Cuiaba-May-29-2024-Copa-Sudamericana,ar,Lanús,br,Cuiabá
Copa Sudamericana,M,,2024,,Group stage,6,Wed,2024-05-29,19:00,Independiente co,4.0,bo Always Ready,0.0,21596.0,Estadio Atanasio Girardot,,,https://fbref.com/en/matches/1eb98ff0/Independiente-Always-Ready-May-29-2024-Copa-Sudamericana,co,Independiente,bo,Always Ready
Copa Sudamericana,M,,2024,,Group stage,6,Wed,2024-05-29,21:00,Defensa y Just ar,0.0,pe U César Vallejo,1.0,2463.0,Estadio Norberto Tito Tomaghello,,,https://fbref.com/en/matches/0ce880ae/Defensa-y-Justicia-Universidad-Cesar-Vallejo-May-29-2024-Copa-Sudamericana,ar,Defensa y Just,pe,U César Vallejo
Copa Sudamericana,M,,2024,,Group stage,6,Wed,2024-05-29,21:00,Fortaleza br,2.0,py Sportivo Trinidense,1.0,29227.0,Estádio Castelão,,,https://fbref.com/en/matches/87e2d6a1/Fortaleza-Sportivo-Trinidense-May-29-2024-Copa-Sudamericana,br,Fortaleza,py,Sportivo Trinidense
Copa Sudamericana,M,,2024,,Group stage,6,Wed,2024-05-29,21:00,Boca Juniors ar,4.0,bo Nacional Potosí,0.0,44603.0,Estadio Alberto José Armando,,,https://fbref.com/en/matches/e25989f0/Boca-Juniors-Nacional-Potosi-May-29-2024-Copa-Sudamericana,ar,Boca Juniors,bo,Nacional Potosí
Copa Sudamericana,M,,2024,,Group stage,6,Thu,2024-05-30,19:00,Danubio uy,0.0,ve Deportivo Rayo Zuliano,0.0,1174.0,Estadio Centenario,,,https://fbref.com/en/matches/4b88a4d6/Danubio-Deportivo-Rayo-Zuliano-May-30-2024-Copa-Sudamericana,uy,Danubio,ve,Deportivo Rayo Zuliano
Copa Sudamericana,M,,2024,,Group stage,6,Thu,2024-05-30,19:00,Ath Paranaense br,0.0,py Sportivo Ameliano,1.0,26026.0,Ligga Arena,,,https://fbref.com/en/matches/ac933cd7/Athletico-Paranaense-Sportivo-Ameliano-May-30-2024-Copa-Sudamericana,br,Ath Paranaense,py,Sportivo Ameliano
Copa Sudamericana,M,,2024,,Group stage,6,Thu,2024-05-30,20:00,La Calera cl,0.0,co Alianza,1.0,197.0,Estadio Municipal Alcaldesa Ester Roa Re...,,,https://fbref.com/en/matches/e65b543d/La-Calera-Alianza-May-30-2024-Copa-Sudamericana,cl,La Calera,co,Alianza
Copa Sudamericana,M,,2024,,Group stage,6,Thu,2024-05-30,21:00,Cruzeiro br,1.0,ec Univ Católica,0.0,55254.0,Estádio Governador Magalhães Pinto,,,https://fbref.com/en/matches/7f834e98/Cruzeiro-Universidad-Catolica-May-30-2024-Copa-Sudamericana,br,Cruzeiro,ec,Univ Católica
Copa Sudamericana,M,,2024,,Group stage,4,Tue,2024-06-04,20:30,Real Tomayapo bo,0.0,br Internacional,2.0,5872.0,Estadio IV Centenario,,,https://fbref.com/en/matches/29172e8d/Real-Tomayapo-Internacional-June-4-2024-Copa-Sudamericana,bo,Real Tomayapo,br,Internacional
Copa Sudamericana,M,,2024,,Group stage,5,Sat,2024-06-08,21:30,Internacional br,1.0,ec Delfín,0.0,16822.0,Estádio Alfredo Jaconi,,,https://fbref.com/en/matches/dee12384/Internacional-Delfin-June-8-2024-Copa-Sudamericana,br,Internacional,ec,Delfín
Copa Sudamericana,M,,2024,,Knockout round play-offs,,Tue,2024-07-16,18:00,Huachipato cl,2.0,uy Racing,3.0,2503.0,Estadio Municipal Alcaldesa Ester Roa Re...,,Leg 1 of 2,https://fbref.com/en/matches/17fc7749/Huachipato-Racing-July-16-2024-Copa-Sudamericana,cl,Huachipato,uy,Racing
Copa Sudamericana,M,,2024,,Knockout round play-offs,,Tue,2024-07-16,21:30,Rosario Central ar,1.0,br Internacional,0.0,,Estadio Gigante de Arroyito,,Leg 1 of 2,https://fbref.com/en/matches/9503ff0e/Rosario-Central-Internacional-July-16-2024-Copa-Sudamericana,ar,Rosario Central,br,Internacional
Copa Sudamericana,M,,2024,,Knockout round play-offs,,Wed,2024-07-17,18:00,Libertad py,2.0,ec Univ Católica,0.0,28400.0,Estadio Defensores del Chaco,,Leg 1 of 2,https://fbref.com/en/matches/8fb0a220/Libertad-Universidad-Catolica-July-17-2024-Copa-Sudamericana,py,Libertad,ec,Univ Católica
Copa Sudamericana,M,,2024,,Knockout round play-offs,,Wed,2024-07-17,19:30,Barcelona ec,1.0,br Red Bull Bragantino,1.0,6767.0,Estadio Monumental Banco Pichincha,,Leg 1 of 2,https://fbref.com/en/matches/20fddc87/Barcelona-Red-Bull-Bragantino-July-17-2024-Copa-Sudamericana,ec,Barcelona,br,Red Bull Bragantino
Copa Sudamericana,M,,2024,,Knockout round play-offs,,Wed,2024-07-17,19:30,Independiente ec,0.0,ar Boca Juniors,0.0,8083.0,Estadio banco Guayaquil,,Leg 1 of 2,https://fbref.com/en/matches/e7981b4f/Independiente-del-Valle-Boca-Juniors-July-17-2024-Copa-Sudamericana,ec,Independiente,ar,Boca Juniors
Copa Sudamericana,M,,2024,,Knockout round play-offs,,Thu,2024-07-18,18:00,Palestino cl,1.0,br Cuiabá,1.0,,Estadio Municipal Alcaldesa Ester Roa Re...,,Leg 1 of 2,https://fbref.com/en/matches/ec686572/Palestino-Cuiaba-July-18-2024-Copa-Sudamericana,cl,Palestino,br,Cuiabá
Copa Sudamericana,M,,2024,,Knockout round play-offs,,Thu,2024-07-18,19:30,LDU de Quito ec,3.0,bo Always Ready,0.0,,Estadio Rodrigo Paz Delgado,,Leg 1 of 2,https://fbref.com/en/matches/76f7b302/LDU-de-Quito-Always-Ready-July-18-2024-Copa-Sudamericana,ec,LDU de Quito,bo,Always Ready
Copa Sudamericana,M,,2024,,Knockout round play-offs,,Thu,2024-07-18,20:30,Cerro Porteño py,1.0,br Ath Paranaense,1.0,,Estadio ueno La Nueva Olla,,Leg 1 of 2,https://fbref.com/en/matches/ccc56dc6/Cerro-Porteno-Athletico-Paranaense-July-18-2024-Copa-Sudamericana,py,Cerro Porteño,br,Ath Paranaense
Copa Sudamericana,M,,2024,,Knockout round play-offs,,Tue,2024-07-23,19:00,Racing uy,0.0,cl Huachipato,1.0,,Estadio Centenario,,Leg 2 of 2; Huachipato won,https://fbref.com/en/matches/dd71ef4d/Racing-Huachipato-July-23-2024-Copa-Sudamericana,uy,Racing,cl,Huachipato
Copa Sudamericana,M,,2024,,Knockout round play-offs,,Tue,2024-07-23,21:30,Internacional br,1.0,ar Rosario Central,1.0,,Estádio José Pinheiro Borba,,Leg 2 of 2; Rosario Central won,https://fbref.com/en/matches/76156b14/Internacional-Rosario-Central-July-23-2024-Copa-Sudamericana,br,Internacional,ar,Rosario Central
Copa Sudamericana,M,,2024,,Knockout round play-offs,,Wed,2024-07-24,17:00,Univ Católica ec,1.0,py Libertad,1.0,,Estadio Olímpico Atahualpa,,Leg 2 of 2; Libertad won,https://fbref.com/en/matches/fa7432bc/Universidad-Catolica-Libertad-July-24-2024-Copa-Sudamericana,ec,Univ Católica,py,Libertad
Copa Sudamericana,M,,2024,,Knockout round play-offs,,Wed,2024-07-24,21:30,Red Bull Bragantino br,3.0,ec Barcelona,2.0,4368.0,Estádio Nabi Abi Chedid,,Leg 2 of 2; Red Bull Bragantino won,https://fbref.com/en/matches/0830a110/Red-Bull-Bragantino-Barcelona-July-24-2024-Copa-Sudamericana,br,Red Bull Bragantino,ec,Barcelona
Copa Sudamericana,M,,2024,,Knockout round play-offs,,Wed,2024-07-24,21:30,Boca Juniors ar,1.0,ec Independiente,0.0,46943.0,Estadio Alberto José Armando,,Leg 2 of 2; Boca Juniors won,https://fbref.com/en/matches/ffc3e510/Boca-Juniors-Independiente-del-Valle-July-24-2024-Copa-Sudamericana,ar,Boca Juniors,ec,Independiente
Copa Sudamericana,M,,2024,,Knockout round play-offs,,Thu,2024-07-25,18:00,Cuiabá br,1.0,cl Palestino,2.0,6004.0,Arena Pantanal,,Leg 2 of 2; Palestino won,https://fbref.com/en/matches/1f762389/Cuiaba-Palestino-July-25-2024-Copa-Sudamericana,br,Cuiabá,cl,Palestino
Copa Sudamericana,M,,2024,,Knockout round play-offs,,Thu,2024-07-25,20:30,Always Ready bo,3.0,ec LDU de Quito,1.0,4269.0,Estadio Municipal El Alto,,Leg 2 of 2; LDU de Quito won,https://fbref.com/en/matches/c7089fb0/Always-Ready-LDU-de-Quito-July-25-2024-Copa-Sudamericana,bo,Always Ready,ec,LDU de Quito
Copa Sudamericana,M,,2024,,Knockout round play-offs,,Thu,2024-07-25,21:30,Ath Paranaense br,2.0,py Cerro Porteño,1.0,28196.0,Ligga Arena,,Leg 2 of 2; Ath Paranaense won,https://fbref.com/en/matches/0b239c80/Athletico-Paranaense-Cerro-Porteno-July-25-2024-Copa-Sudamericana,br,Ath Paranaense,py,Cerro Porteño
Copa Sudamericana,M,,2024,,Round of 16,,Tue,2024-08-13,18:00,Huachipato cl,0.0,ar Racing Club,2.0,1992.0,Estadio Sausalito,,Leg 1 of 2,https://fbref.com/en/matches/0920b91c/Huachipato-Racing-Club-August-13-2024-Copa-Sudamericana,cl,Huachipato,ar,Racing Club
Copa Sudamericana,M,,2024,,Round of 16,,Tue,2024-08-13,21:30,Red Bull Bragantino br,1.0,br Corinthians,2.0,,Estádio Santa Cruz,,Leg 1 of 2,https://fbref.com/en/matches/089b7ad8/Red-Bull-Bragantino-Corinthians-August-13-2024-Copa-Sudamericana,br,Red Bull Bragantino,br,Corinthians
Copa Sudamericana,M,,2024,,Round of 16,,Wed,2024-08-14,19:00,Rosario Central ar,1.0,br Fortaleza,1.0,14360.0,Estadio Gigante de Arroyito,,Leg 1 of 2,https://fbref.com/en/matches/6917cc74/Rosario-Central-Fortaleza-August-14-2024-Copa-Sudamericana,ar,Rosario Central,br,Fortaleza
Copa Sudamericana,M,,2024,,Round of 16,,Wed,2024-08-14,19:30,LDU de Quito ec,1.0,ar Lanús,2.0,,Estadio Rodrigo Paz Delgado,,Leg 1 of 2,https://fbref.com/en/matches/1ee192da/LDU-de-Quito-Lanus-August-14-2024-Copa-Sudamericana,ec,LDU de Quito,ar,Lanús
Copa Sudamericana,M,,2024,,Round of 16,,Wed,2024-08-14,20:30,Palestino cl,2.0,co Independiente,2.0,,Estadio Nacional Julio Martínez Prádanos,,Leg 1 of 2,https://fbref.com/en/matches/499bb2a3/Palestino-Independiente-August-14-2024-Copa-Sudamericana,cl,Palestino,co,Independiente
Copa Sudamericana,M,,2024,,Round of 16,,Thu,2024-08-15,18:00,Libertad py,1.0,py Sportivo Ameliano,1.0,5463.0,Estadio Defensores del Chaco,,Leg 1 of 2,https://fbref.com/en/matches/e5e93fbc/Libertad-Sportivo-Ameliano-August-15-2024-Copa-Sudamericana,py,Libertad,py,Sportivo Ameliano
Copa Sudamericana,M,,2024,,Round of 16,,Thu,2024-08-15,19:00,Ath Paranaense br,2.0,ar Belgrano,1.0,27275.0,Ligga Arena,,Leg 1 of 2,https://fbref.com/en/matches/76250276/Athletico-Paranaense-Belgrano-August-15-2024-Copa-Sudamericana,br,Ath Paranaense,ar,Belgrano
Copa Sudamericana,M,,2024,,Round of 16,,Thu,2024-08-15,21:30,Boca Juniors ar,1.0,br Cruzeiro,0.0,,Estadio Alberto José Armando,,Leg 1 of 2,https://fbref.com/en/matches/167aa489/Boca-Juniors-Cruzeiro-August-15-2024-Copa-Sudamericana,ar,Boca Juniors,br,Cruzeiro
Copa Sudamericana,M,,2024,,Round of 16,,Tue,2024-08-20,19:00,Racing Club ar,6.0,cl Huachipato,1.0,,Estadio Presidente Juan Domingo Perón,,Leg 2 of 2; Racing Club won,https://fbref.com/en/matches/31d8afc5/Racing-Club-Huachipato-August-20-2024-Copa-Sudamericana,ar,Racing Club,cl,Huachipato
Copa Sudamericana,M,,2024,,Round of 16,,Tue,2024-08-20,21:30,Corinthians br,1.0,br Red Bull Bragantino,1.0,,Neo Química Arena,,Leg 2 of 2; Corinthians won; Corinthians won on penalty kicks following extra time,https://fbref.com/en/matches/187d8d38/Corinthians-Red-Bull-Bragantino-August-20-2024-Copa-Sudamericana,br,Corinthians,br,Red Bull Bragantino
Copa Sudamericana,M,,2024,,Round of 16,,Wed,2024-08-21,19:00,Fortaleza br,3.0,ar Rosario Central,1.0,50135.0,Estádio Castelão,,Leg 2 of 2; Fortaleza won,https://fbref.com/en/matches/ee9de37b/Fortaleza-Rosario-Central-August-21-2024-Copa-Sudamericana,br,Fortaleza,ar,Rosario Central
Copa Sudamericana,M,,2024,,Round of 16,,Wed,2024-08-21,19:30,Independiente co,4.0,cl Palestino,0.0,,Estadio Hernán Ramírez Villegas,,Leg 2 of 2; Independiente won,https://fbref.com/en/matches/04c6e840/Independiente-Palestino-August-21-2024-Copa-Sudamericana,co,Independiente,cl,Palestino
Copa Sudamericana,M,,2024,,Round of 16,,Wed,2024-08-21,21:30,Lanús ar,3.0,ec LDU de Quito,1.0,,Estadio Ciudad de Lanús,,Leg 2 of 2; Lanús won,https://fbref.com/en/matches/61704055/Lanus-LDU-de-Quito-August-21-2024-Copa-Sudamericana,ar,Lanús,ec,LDU de Quito
Copa Sudamericana,M,,2024,,Round of 16,,Thu,2024-08-22,18:00,Sportivo Ameliano py,0.0,py Libertad,0.0,,Estadio Defensores del Chaco,,Leg 2 of 2; Libertad won; Libertad won on penalty kicks following extra time,https://fbref.com/en/matches/6be9799e/Sportivo-Ameliano-Libertad-August-22-2024-Copa-Sudamericana,py,Sportivo Ameliano,py,Libertad
Copa Sudamericana,M,,2024,,Round of 16,,Thu,2024-08-22,19:00,Belgrano ar,0.0,br Ath Paranaense,2.0,,Estadio Mario Alberto Kempes,,Leg 2 of 2; Ath Paranaense won,https://fbref.com/en/matches/5cb6e666/Belgrano-Athletico-Paranaense-August-22-2024-Copa-Sudamericana,ar,Belgrano,br,Ath Paranaense
Copa Sudamericana,M,,2024,,Round of 16,,Thu,2024-08-22,21:30,Cruzeiro br,2.0,ar Boca Juniors,2.0,,Estádio Governador Magalhães Pinto,,Leg 2 of 2; Cruzeiro won; Cruzeiro won on penalty kicks following extra time,https://fbref.com/en/matches/6b13691b/Cruzeiro-Boca-Juniors-August-22-2024-Copa-Sudamericana,br,Cruzeiro,ar,Boca Juniors
